--------- beginning of main
         1704799035.985  1086  1254 D ASH     : @ 969906.787: tcs3701: start power rail timer, state:3
         1704799036.025  1086  1254 I ASH     : @ 969906.827: tcs3701: stop power rail pending_off timer
         1704799036.025  1086  1254 D ASH     : @ 969906.827: tcs3701: start power rail timer, state:3
         1704799036.065  1086  1254 I ASH     : @ 969906.867: tcs3701: stop power rail pending_off timer
         1704799036.065  1086  1254 D ASH     : @ 969906.867: tcs3701: start power rail timer, state:3
         1704799036.105  1086  1254 I ASH     : @ 969906.907: tcs3701: stop power rail pending_off timer
         1704799036.106  1086  1254 D ASH     : @ 969906.907: tcs3701: start power rail timer, state:3
         1704799036.145  1086  1254 I ASH     : @ 969906.947: tcs3701: stop power rail pending_off timer
         1704799036.145  1086  1254 D ASH     : @ 969906.947: tcs3701: start power rail timer, state:3
--------- beginning of system
         1704799036.152  2565  2589 V WindowManagerShell: Transition animation finished (aborted=false), notifying core (#213)android.os.BinderProxy@b8ae711@0
         1704799036.155  1785  2095 V WindowManager: Finish Transition #213: created at 01-09 12:17:15.848 collect-started=0.115ms request-sent=0.312ms started=9.057ms ready=9.005ms sent=45.395ms finished=305.77ms
         1704799036.156  1785  2418 W WindowManager: Exception thrown during dispatchAppVisibility Window{f8495dc u0 dev.driftsys.dashscene.demo/dev.driftsys.dashscene.demo.DemoActivity EXITING}
         1704799036.156  1785  2418 W WindowManager: android.os.DeadObjectException
         1704799036.156  1785  2418 W WindowManager: 	at android.os.BinderProxy.transactNative(Native Method)
         1704799036.156  1785  2418 W WindowManager: 	at android.os.BinderProxy.transact(BinderProxy.java:584)
         1704799036.156  1785  2418 W WindowManager: 	at android.view.IWindow$Stub$Proxy.dispatchAppVisibility(IWindow.java:546)
         1704799036.156  1785  2418 W WindowManager: 	at com.android.server.wm.WindowState.sendAppVisibilityToClients(WindowState.java:3271)
         1704799036.156  1785  2418 W WindowManager: 	at com.android.server.wm.WindowContainer.sendAppVisibilityToClients(WindowContainer.java:1221)
         1704799036.156  1785  2418 W WindowManager: 	at com.android.server.wm.WindowToken.setClientVisible(WindowToken.java:409)
         1704799036.156  1785  2418 W WindowManager: 	at com.android.server.wm.ActivityRecord.setClientVisible(ActivityRecord.java:6946)
         1704799036.156  1785  2418 W WindowManager: 	at com.android.server.wm.ActivityRecord.postApplyAnimation(ActivityRecord.java:5637)
         1704799036.156  1785  2418 W WindowManager: 	at com.android.server.wm.ActivityRecord.commitVisibility(ActivityRecord.java:5580)
         1704799036.156  1785  2418 W WindowManager: 	at com.android.server.wm.Transition.finishTransition(Transition.java:1151)
         1704799036.156  1785  2418 W WindowManager: 	at com.android.server.wm.TransitionController.finishTransition(TransitionController.java:875)
         1704799036.156  1785  2418 W WindowManager: 	at com.android.server.wm.WindowOrganizerController.finishTransition(WindowOrganizerController.java:396)
         1704799036.156  1785  2418 W WindowManager: 	at android.window.IWindowOrganizerController$Stub.onTransact(IWindowOrganizerController.java:286)
         1704799036.156  1785  2418 W WindowManager: 	at com.android.server.wm.WindowOrganizerController.onTransact(WindowOrganizerController.java:181)
         1704799036.156  1785  2418 W WindowManager: 	at android.os.Binder.execTransactInternal(Binder.java:1339)
         1704799036.156  1785  2418 W WindowManager: 	at android.os.Binder.execTransact(Binder.java:1275)
         1704799036.156  1785  2418 I Process : Sending signal. PID: 30291 SIG: 9
         1704799036.161  1785  2098 W ActivityManager: setHasOverlayUi called on unknown pid: 30291
         1704799036.166  2565  2589 V WindowManagerShell: Track 0 became idle
         1704799036.166  2565  2589 V WindowManagerShell: All active transition animations finished
         1704799036.185  1086  1254 I ASH     : @ 969906.987: tcs3701: stop power rail pending_off timer
         1704799036.185  1086  1254 D ASH     : @ 969906.987: tcs3701: start power rail timer, state:3
         1704799036.196   665   665 E BpTransactionCompletedListener: Failed to transact (-32)
         1704799036.196   665   665 E BpTransactionCompletedListener: Failed to transact (-32)
         1704799036.225  1086  1254 I ASH     : @ 969907.027: tcs3701: stop power rail pending_off timer
         1704799036.225  1086  1254 D ASH     : @ 969907.027: tcs3701: start power rail timer, state:3
         1704799036.227  1785  3042 D CompatibilityChangeReporter: Compat change id reported: 161252188; UID 10274; state: DISABLED
         1704799036.228  1785  3042 W ActivityTaskManager: callingPackage for (uid=2000, pid=30495) has no WPC
         1704799036.229  1785  3042 D CompatibilityChangeReporter: Compat change id reported: 265464455; UID 10274; state: DISABLED
         1704799036.229  1785  3042 D CompatibilityChangeReporter: Compat change id reported: 265452344; UID 10274; state: DISABLED
         1704799036.230  1785  3042 D CompatibilityChangeReporter: Compat change id reported: 266124927; UID 10274; state: DISABLED
         1704799036.230  1785  3042 D CompatibilityChangeReporter: Compat change id reported: 265451093; UID 10274; state: DISABLED
         1704799036.230  1785  3042 D CompatibilityChangeReporter: Compat change id reported: 265456536; UID 10274; state: DISABLED
         1704799036.230  1785  3042 D CompatibilityChangeReporter: Compat change id reported: 255940284; UID 10274; state: DISABLED
         1704799036.231  1785  3042 D CompatibilityChangeReporter: Compat change id reported: 236283604; UID 10274; state: DISABLED
         1704799036.231  1785  3042 D CompatibilityChangeReporter: Compat change id reported: 263959004; UID 10274; state: DISABLED
         1704799036.231  1785  3042 D CompatibilityChangeReporter: Compat change id reported: 264304459; UID 10274; state: DISABLED
         1704799036.231  1785  3042 D CompatibilityChangeReporter: Compat change id reported: 264301586; UID 10274; state: DISABLED
         1704799036.231  1785  3042 D CompatibilityChangeReporter: Compat change id reported: 254631730; UID 10274; state: DISABLED
         1704799036.232  1785  3042 D CompatibilityChangeReporter: Compat change id reported: 273509367; UID 10274; state: DISABLED
         1704799036.232  1785  3042 D CompatibilityChangeReporter: Compat change id reported: 263259275; UID 10274; state: DISABLED
         1704799036.232  1785  3042 D CompatibilityChangeReporter: Compat change id reported: 174042980; UID 10274; state: DISABLED
         1704799036.232  1785  3042 D CompatibilityChangeReporter: Compat change id reported: 174042936; UID 10274; state: DISABLED
         1704799036.233  1785  3042 D CompatibilityChangeReporter: Compat change id reported: 181136395; UID 10274; state: DISABLED
         1704799036.233  1785  3042 D CompatibilityChangeReporter: Compat change id reported: 194480991; UID 10274; state: ENABLED
         1704799036.239  1785  3042 D CompatibilityChangeReporter: Compat change id reported: 184838306; UID 10274; state: DISABLED
         1704799036.239  1785  3042 D CompatibilityChangeReporter: Compat change id reported: 185004937; UID 10274; state: DISABLED
         1704799036.241  1785  3042 D CompatibilityChangeReporter: Compat change id reported: 197654537; UID 10274; state: ENABLED
         1704799036.243  1785  3042 D CompatibilityChangeReporter: Compat change id reported: 205907456; UID 10274; state: ENABLED
         1704799036.246  1785  3042 I ActivityTaskManager: START u0 {flg=0x10000000 cmp=dev.driftsys.dashscene.demo/.DemoActivity (has extras)} with LAUNCH_MULTIPLE from uid 2000 (BAL_ALLOW_PERMISSION) result code=0
         1704799036.246  2565  2589 V WindowManagerShell: Transition requested: android.os.BinderProxy@9693326 TransitionRequestInfo { type = OPEN, triggerTask = TaskInfo{userId=0 taskId=107 displayId=0 isRunning=true baseIntent=Intent { flg=0x10000000 cmp=dev.driftsys.dashscene.demo/.DemoActivity } baseActivity=ComponentInfo{dev.driftsys.dashscene.demo/dev.driftsys.dashscene.demo.DemoActivity} topActivity=ComponentInfo{dev.driftsys.dashscene.demo/dev.driftsys.dashscene.demo.DemoActivity} origActivity=null realActivity=ComponentInfo{dev.driftsys.dashscene.demo/dev.driftsys.dashscene.demo.DemoActivity} numActivities=1 lastActiveTime=969904192 supportsMultiWindow=true resizeMode=2 isResizeable=true minWidth=-1 minHeight=-1 defaultMinSize=220 token=WCT{android.window.IWindowContainerToken$Stub$Proxy@4c48b67} topActivityType=1 pictureInPictureParams=null shouldDockBigOverlays=false launchIntoPipHostTaskId=-1 lastParentTaskIdBeforePip=-1 displayCutoutSafeInsets=Rect(0, 136 - 0, 0) topActivityInfo=ActivityInfo{2d2ed14 dev.driftsys.dashscene.demo.DemoActivity} launchCookies=[] positionInParent=Point(0, 0) parentTaskId=-1 isFocused=false isVisible=false isVisibleRequested=false isSleeping=false topActivityInSizeCompat=false topActivityEligibleForLetterboxEducation= false topActivityLetterboxed= false isFromDoubleTap= false topActivityLetterboxVerticalPosition= -1 topActivityLetterboxHorizontalPosition= -1 topActivityLetterboxWidth=-1 topActivityLetterboxHeight=-1 locusId=null displayAreaFeatureId=1 cameraCompatControlState=hidden}, remoteTransition = null, displayChange = null }
         1704799036.247  2565  2603 W Parcel  : Expecting binder but got null!
         1704799036.255  1785  2418 D CompatibilityChangeReporter: Compat change id reported: 168419799; UID 10274; state: DISABLED
         1704799036.255  1785  2418 D CompatibilityChangeReporter: Compat change id reported: 273564678; UID 10274; state: DISABLED
         1704799036.258  1785  2098 D CompatibilityChangeReporter: Compat change id reported: 135634846; UID 10274; state: DISABLED
         1704799036.258  1785  2098 D CompatibilityChangeReporter: Compat change id reported: 177438394; UID 10274; state: DISABLED
         1704799036.258  1785  2098 D CompatibilityChangeReporter: Compat change id reported: 135772972; UID 10274; state: DISABLED
         1704799036.258  1785  2098 D CompatibilityChangeReporter: Compat change id reported: 135754954; UID 10274; state: ENABLED
         1704799036.258  1785  2125 D CompatibilityChangeReporter: Compat change id reported: 143937733; UID 10274; state: ENABLED
         1704799036.263   665   665 I BpBinder: onLastStrongRef automatically unlinking death recipients: 
         1704799036.263  1785  2418 D CoreBackPreview: Window{5f740a0 u0 Splash Screen dev.driftsys.dashscene.demo}: Setting back callback OnBackInvokedCallbackInfo{mCallback=android.window.IOnBackInvokedCallback$Stub$Proxy@865d81e, mPriority=0, mIsAnimationCallback=false}
         1704799036.263  1041  1041 D Zygote  : Forked child process 30498
         1704799036.264  1785  2380 D CompatibilityChangeReporter: Compat change id reported: 265195908; UID 10274; state: ENABLED
         1704799036.264  1785  2125 I ActivityManager: Start proc 30498:dev.driftsys.dashscene.demo/u0a274 for next-top-activity {dev.driftsys.dashscene.demo/dev.driftsys.dashscene.demo.DemoActivity}
         1704799036.265  1086  1254 I ASH     : @ 969907.067: tcs3701: stop power rail pending_off timer
         1704799036.265  1086  1254 D ASH     : @ 969907.067: tcs3701: start power rail timer, state:3
         1704799036.269 30498 30498 I .dashscene.demo: Using CollectorTypeCC GC.
         1704799036.270  2565  2599 E OpenGLRenderer: Unable to match the desired swap behavior.
         1704799036.275 30498 30498 E .dashscene.demo: Not starting debugger since process cannot load the jdwp agent.
         1704799036.278  2565  2589 V WindowManagerShell: onTransitionReady android.os.BinderProxy@9693326: {id=214 t=OPEN f=0x0 trk=0 r=[0@Point(0, 0)] c=[{WCT{android.window.IWindowContainerToken$Stub$Proxy@af3c37b} m=OPEN f=NONE leash=Surface(name=Task=107)/@0xd16caac sb=Rect(0, 0 - 1080, 2340) eb=Rect(0, 0 - 1080, 2340) d=0},{WCT{android.window.IWindowContainerToken$Stub$Proxy@b7be598} m=TO_BACK f=SHOW_WALLPAPER leash=Surface(name=Task=1)/@0x17ce375 sb=Rect(0, 0 - 1080, 2340) eb=Rect(0, 0 - 1080, 2340) d=0}]}
         1704799036.278  2565  2589 V WindowManagerShell: Playing animation for (#214)android.os.BinderProxy@9693326@0
         1704799036.278  2565  2589 V WindowManagerShell:  try handler com.android.wm.shell.transition.DefaultMixedHandler@83c3803
         1704799036.278  2565  2589 V WindowManagerShell:  try handler com.android.wm.shell.keyguard.KeyguardTransitionHandler@6f380
         1704799036.278  2565  2589 V WindowManagerShell:  try handler com.android.wm.shell.activityembedding.ActivityEmbeddingController@626ddb9
         1704799036.278  2565  2589 V WindowManagerShell:  try handler com.android.wm.shell.recents.RecentsTransitionHandler@c30f5fe
         1704799036.278  2565  2589 V ShellRecents: RecentsTransitionHandler.startAnimation: no controller found
         1704799036.278  2565  2589 V WindowManagerShell:  try handler com.android.wm.shell.pip.PipTransition@c40515f
         1704799036.278  2565  2589 V WindowManagerShell:  try handler com.android.wm.shell.splitscreen.StageCoordinator@ea7c7ac
         1704799036.278  2565  2589 V WindowManagerShell:  try handler com.android.wm.shell.transition.RemoteTransitionHandler@74e9c75
         1704799036.278  2565  2589 V WindowManagerShell: Transition doesn't have explicit remote, search filters for match for {id=214 t=OPEN f=0x0 trk=0 r=[0@Point(0, 0)] c=[{WCT{android.window.IWindowContainerToken$Stub$Proxy@af3c37b} m=OPEN f=NONE leash=Surface(name=Task=107)/@0xd16caac sb=Rect(0, 0 - 1080, 2340) eb=Rect(0, 0 - 1080, 2340) d=0},{WCT{android.window.IWindowContainerToken$Stub$Proxy@b7be598} m=TO_BACK f=SHOW_WALLPAPER leash=Surface(name=Task=1)/@0x17ce375 sb=Rect(0, 0 - 1080, 2340) eb=Rect(0, 0 - 1080, 2340) d=0}]}
         1704799036.278  2565  2589 V WindowManagerShell:  Checking filter Pair{{types=[] flags=0x0] notFlags=0x0 checks=[{atype=dream independent=true modes=[OPEN,TO_FRONT] flags=NONE mustBeTask=false order=ANY topActivity=null},{atype=home independent=true modes=[CLOSE,TO_BACK] flags=NONE mustBeTask=false order=ANY topActivity=null}]} RemoteTransition { remoteTransition = android.window.IRemoteTransition$Stub$Proxy@7a2740a, appThread = android.app.IApplicationThread$Stub$Proxy@942a47b, debugName = LauncherToDream }}
         1704799036.278  2565  2589 V WindowManagerShell:  Checking filter Pair{{types=[] flags=0x0] notFlags=0x100 checks=[{atype=home independent=true modes=[OPEN,TO_FRONT] flags=NONE mustBeTask=false order=TOP topActivity=ComponentInfo{com.google.android.apps.nexuslauncher/com.google.android.apps.nexuslauncher.NexusLauncherActivity}},{atype=standard independent=true modes=[CLOSE,TO_BACK] flags=NONE mustBeTask=false order=ANY topActivity=null}]} RemoteTransition { remoteTransition = android.window.IRemoteTransition$Stub$Proxy@19fb298, appThread = android.app.IApplicationThread$Stub$Proxy@2f98af1, debugName = QuickstepLaunchHome }}
         1704799036.278  2565  2589 V WindowManagerShell:  Delegate animation for #214 to null
         1704799036.278  2565  2589 V WindowManagerShell:  try handler com.android.wm.shell.transition.DefaultTransitionHandler@3fbc6d6
         1704799036.278  2565  2589 V WindowManagerShell: start default transition animation, info = {id=214 t=OPEN f=0x0 trk=0 r=[0@Point(0, 0)] c=[{WCT{android.window.IWindowContainerToken$Stub$Proxy@af3c37b} m=OPEN f=NONE leash=Surface(name=Task=107)/@0xd16caac sb=Rect(0, 0 - 1080, 2340) eb=Rect(0, 0 - 1080, 2340) d=0},{WCT{android.window.IWindowContainerToken$Stub$Proxy@b7be598} m=TO_BACK f=SHOW_WALLPAPER leash=Surface(name=Task=1)/@0x17ce375 sb=Rect(0, 0 - 1080, 2340) eb=Rect(0, 0 - 1080, 2340) d=0}]}
         1704799036.279  2565  2589 V WindowManagerShell: loadAnimation: anim=android.view.animation.AnimationSet@bfab1d6 animAttr=0x13 type=OPEN isEntrance=false
         1704799036.279  2565  2589 V WindowManagerShell: loadAnimation: anim=android.view.animation.AnimationSet@f481562 animAttr=0x12 type=OPEN isEntrance=true
         1704799036.280  2565  2589 V WindowManagerShell:  animated by com.android.wm.shell.transition.DefaultTransitionHandler@3fbc6d6
         1704799036.283  1785  2095 V WindowManager: Sent Transition #214 createdAt=01-09 12:17:16.234 via request=TransitionRequestInfo { type = OPEN, triggerTask = TaskInfo{userId=0 taskId=107 displayId=0 isRunning=true baseIntent=Intent { flg=0x10000000 cmp=dev.driftsys.dashscene.demo/.DemoActivity } baseActivity=ComponentInfo{dev.driftsys.dashscene.demo/dev.driftsys.dashscene.demo.DemoActivity} topActivity=ComponentInfo{dev.driftsys.dashscene.demo/dev.driftsys.dashscene.demo.DemoActivity} origActivity=null realActivity=ComponentInfo{dev.driftsys.dashscene.demo/dev.driftsys.dashscene.demo.DemoActivity} numActivities=1 lastActiveTime=969904192 supportsMultiWindow=true resizeMode=2 isResizeable=true minWidth=-1 minHeight=-1 defaultMinSize=220 token=WCT{RemoteToken{37c68f7 Task{3750534 #107 type=standard A=10274:dev.driftsys.dashscene.demo}}} topActivityType=1 pictureInPictureParams=null shouldDockBigOverlays=false launchIntoPipHostTaskId=-1 lastParentTaskIdBeforePip=-1 displayCutoutSafeInsets=Rect(0, 136 - 0, 0) topActivityInfo=ActivityInfo{9fe2364 dev.driftsys.dashscene.demo.DemoActivity} launchCookies=[] positionInParent=Point(0, 0) parentTaskId=-1 isFocused=false isVisible=false isVisibleRequested=false isSleeping=false topActivityInSizeCompat=false topActivityEligibleForLetterboxEducation= false topActivityLetterboxed= false isFromDoubleTap= false topActivityLetterboxVerticalPosition= -1 topActivityLetterboxHorizontalPosition= -1 topActivityLetterboxWidth=-1 topActivityLetterboxHeight=-1 locusId=null displayAreaFeatureId=1 cameraCompatControlState=hidden}, remoteTransition = null, displayChange = null }
         1704799036.284  1785  2095 V WindowManager:     startWCT=WindowContainerTransaction { changes = {} hops = [] errorCallbackToken=null taskFragmentOrganizer=null }
         1704799036.284  1785  2095 V WindowManager:     info={id=214 t=OPEN f=0x0 trk=0 r=[0@Point(0, 0)] c=[{WCT{RemoteToken{37c68f7 Task{3750534 #107 type=standard A=10274:dev.driftsys.dashscene.demo}}} m=OPEN f=NONE leash=Surface(name=Task=107)/@0x89fc6cc sb=Rect(0, 0 - 1080, 2340) eb=Rect(0, 0 - 1080, 2340) d=0},{WCT{RemoteToken{b323a89 Task{bfe9da4 #1 type=home}}} m=TO_BACK f=SHOW_WALLPAPER leash=Surface(name=Task=1)/@0xbe01ecc sb=Rect(0, 0 - 1080, 2340) eb=Rect(0, 0 - 1080, 2340) d=0}]}
         1704799036.294 30498 30498 D CompatibilityChangeReporter: Compat change id reported: 171979766; UID 10274; state: ENABLED
         1704799036.294 30498 30498 D CompatibilityChangeReporter: Compat change id reported: 242716250; UID 10274; state: ENABLED
         1704799036.295  1785  4033 D CompatibilityChangeReporter: Compat change id reported: 170503758; UID 10274; state: ENABLED
         1704799036.296 30498 30498 W ziparchive: Unable to open '/data/app/~~sK0CaK6_NvfkeNEcOt4gXg==/dev.driftsys.dashscene.demo-AbDOEF79QvEkmLyoqcBzgg==/base.dm': No such file or directory
         1704799036.296 30498 30498 W ziparchive: Unable to open '/data/app/~~sK0CaK6_NvfkeNEcOt4gXg==/dev.driftsys.dashscene.demo-AbDOEF79QvEkmLyoqcBzgg==/base.dm': No such file or directory
         1704799036.297 30498 30498 D nativeloader: Configuring clns-4 for other apk /data/app/~~sK0CaK6_NvfkeNEcOt4gXg==/dev.driftsys.dashscene.demo-AbDOEF79QvEkmLyoqcBzgg==/base.apk. target_sdk_version=34, uses_libraries=, library_path=/data/app/~~sK0CaK6_NvfkeNEcOt4gXg==/dev.driftsys.dashscene.demo-AbDOEF79QvEkmLyoqcBzgg==/lib/arm64:/data/app/~~sK0CaK6_NvfkeNEcOt4gXg==/dev.driftsys.dashscene.demo-AbDOEF79QvEkmLyoqcBzgg==/base.apk!/lib/arm64-v8a, permitted_path=/data:/mnt/expand:/data/user/0/dev.driftsys.dashscene.demo
         1704799036.302 30498 30498 V GraphicsEnvironment: Currently set values for:
         1704799036.302 30498 30498 V GraphicsEnvironment:   angle_gl_driver_selection_pkgs=[]
         1704799036.302 30498 30498 V GraphicsEnvironment:   angle_gl_driver_selection_values=[]
         1704799036.302 30498 30498 V GraphicsEnvironment: ANGLE GameManagerService for dev.driftsys.dashscene.demo: false
         1704799036.302 30498 30498 V GraphicsEnvironment: dev.driftsys.dashscene.demo is not listed in per-application setting
         1704799036.302 30498 30498 V GraphicsEnvironment: Updatable production driver is not supported on the device.
         1704799036.304  1785  4033 I ActivityManager: Flag disabled. Ignoring finishAttachApplication from uid: 10274. pid: 30498
         1704799036.305  1086  1254 I ASH     : @ 969907.107: tcs3701: stop power rail pending_off timer
         1704799036.305  1086  1254 D ASH     : @ 969907.107: tcs3701: start power rail timer, state:3
         1704799036.310 30498 30498 I dashscene: demo: scene extra = layout
         1704799036.322 30498 30498 D CompatibilityChangeReporter: Compat change id reported: 210923482; UID 10274; state: ENABLED
         1704799036.324 30498 30498 D CompatibilityChangeReporter: Compat change id reported: 237531167; UID 10274; state: DISABLED
         1704799036.326 30498 30519 W Parcel  : Expecting binder but got null!
         1704799036.332  1785  2418 D CoreBackPreview: Window{6e04ae8 u0 dev.driftsys.dashscene.demo/dev.driftsys.dashscene.demo.DemoActivity}: Setting back callback OnBackInvokedCallbackInfo{mCallback=android.window.IOnBackInvokedCallback$Stub$Proxy@de37de7, mPriority=0, mIsAnimationCallback=false}
         1704799036.339 30498 30515 I AdrenoGLES-0: QUALCOMM build                   : 4783c89, I46ff5fc46f
         1704799036.339 30498 30515 I AdrenoGLES-0: Build Date                       : 11/30/20
         1704799036.339 30498 30515 I AdrenoGLES-0: OpenGL ES Shader Compiler Version: EV031.31.04.01
         1704799036.339 30498 30515 I AdrenoGLES-0: Local Branch                     : QPR2
         1704799036.339 30498 30515 I AdrenoGLES-0: Remote Branch                    : 
         1704799036.339 30498 30515 I AdrenoGLES-0: Remote Branch                    : 
         1704799036.339 30498 30515 I AdrenoGLES-0: Reconstruct Branch               : 
         1704799036.339 30498 30515 I AdrenoGLES-0: Build Config                     : S P 10.0.4 AArch64
         1704799036.339 30498 30515 I AdrenoGLES-0: Driver Path                      : /vendor/lib64/egl/libGLESv2_adreno.so
         1704799036.341 30498 30498 I dashscene: demo: surfaceCreated
         1704799036.341 30498 30498 I dashscene: demo: surfaceChanged 1080x1984
         1704799036.341 30498 30498 I dashscene: scene layout — the flex vocabulary, a grid with spans, a reflow driven by a topology change, and a variant switch on a key
         1704799036.342 30498 30498 I dashscene: demo: handle -5476376668486870192
         1704799036.342 30498 30520 I dashscene: attaching a 1080x1984 surface
         1704799036.342 30498 30515 I AdrenoGLES-0: PFP: 0x016dd093, ME: 0x00000000
         1704799036.344 30498 30515 W AdrenoUtils: <ReadGpuID_from_sysfs:197>: Failed to open /sys/class/kgsl/kgsl-3d0/gpu_model
         1704799036.344 30498 30515 W AdrenoUtils: <ReadGpuID:221>: Failed to read chip ID from gpu_model. Fallback to use the GSL path
         1704799036.345  1086  1254 I ASH     : @ 969907.147: tcs3701: stop power rail pending_off timer
         1704799036.345 30498 30520 D vulkan  : searching for layers in '/data/app/~~sK0CaK6_NvfkeNEcOt4gXg==/dev.driftsys.dashscene.demo-AbDOEF79QvEkmLyoqcBzgg==/lib/arm64'
         1704799036.345  1086  1254 D ASH     : @ 969907.147: tcs3701: start power rail timer, state:3
         1704799036.345 30498 30520 D vulkan  : searching for layers in '/data/app/~~sK0CaK6_NvfkeNEcOt4gXg==/dev.driftsys.dashscene.demo-AbDOEF79QvEkmLyoqcBzgg==/base.apk!/lib/arm64-v8a'
         1704799036.349 30498 30520 I AdrenoVK-0: ===== BEGIN DUMP OF OVERRIDDEN SETTINGS =====
         1704799036.349 30498 30520 I AdrenoVK-0: ===== END DUMP OF OVERRIDDEN SETTINGS =====
         1704799036.349 30498 30520 I AdrenoVK-0: QUALCOMM build          : 4783c89, I46ff5fc46f
         1704799036.349 30498 30520 I AdrenoVK-0: Build Date              : 11/30/20
         1704799036.349 30498 30520 I AdrenoVK-0: Shader Compiler Version : EV031.31.04.01
         1704799036.349 30498 30520 I AdrenoVK-0: Local Branch            : QPR2
         1704799036.349 30498 30520 I AdrenoVK-0: Remote Branch           : 
         1704799036.349 30498 30520 I AdrenoVK-0: Remote Branch           : 
         1704799036.349 30498 30520 I AdrenoVK-0: Reconstruct Branch      : 
         1704799036.349 30498 30520 I AdrenoVK-0: Build Config            : S P 10.0.4 AArch64
         1704799036.349 30498 30520 I AdrenoVK-0: Driver Path             : /vendor/lib64/hw/vulkan.adreno.so
         1704799036.351 30498 30515 E OpenGLRenderer: Unable to match the desired swap behavior.
         1704799036.355 30498 30520 E qdgralloc: GetGpuPixelFormat: No map for format: 0x38
         1704799036.355 30498 30520 E AdrenoUtils: <validate_memory_layout_input_parmas:1923>: Unknown Format 0
         1704799036.355 30498 30520 E AdrenoUtils: <adreno_init_memory_layout:4634>: Memory Layout input parameter validation failed!
         1704799036.355 30498 30520 E qdgralloc: GetGpuResourceSizeAndDimensions Graphics metadata init failed
         1704799036.355 30498 30520 E Gralloc4: isSupported(1, 1, 56, 1, ...) failed with 1
         1704799036.355   668 11520 E qdgralloc: GetGpuPixelFormat: No map for format: 0x38
         1704799036.355   668 11520 E AdrenoUtils: <validate_memory_layout_input_parmas:1923>: Unknown Format 0
         1704799036.355   668 11520 E AdrenoUtils: <adreno_init_memory_layout:4634>: Memory Layout input parameter validation failed!
         1704799036.355   668 11520 E qdgralloc: GetGpuResourceSizeAndDimensions Graphics metadata init failed
         1704799036.355 30498 30520 E GraphicBufferAllocator: Failed to allocate (4 x 4) layerCount 1 format 56 usage b00: 1
         1704799036.355 30498 30520 E AHardwareBuffer: GraphicBuffer(w=4, h=4, lc=1) failed (Unknown error -1), handle=0x0
         1704799036.355 30498 30520 E qdgralloc: GetGpuPixelFormat: No map for format: 0x3b
         1704799036.355 30498 30520 E AdrenoUtils: <validate_memory_layout_input_parmas:1923>: Unknown Format 0
         1704799036.355 30498 30520 E AdrenoUtils: <adreno_init_memory_layout:4634>: Memory Layout input parameter validation failed!
         1704799036.355 30498 30520 E qdgralloc: GetGpuResourceSizeAndDimensions Graphics metadata init failed
         1704799036.355 30498 30520 E Gralloc4: isSupported(1, 1, 59, 1, ...) failed with 1
         1704799036.355   668   668 E qdgralloc: GetGpuPixelFormat: No map for format: 0x3b
         1704799036.355   668   668 E AdrenoUtils: <validate_memory_layout_input_parmas:1923>: Unknown Format 0
         1704799036.355   668   668 E AdrenoUtils: <adreno_init_memory_layout:4634>: Memory Layout input parameter validation failed!
         1704799036.355   668   668 E qdgralloc: GetGpuResourceSizeAndDimensions Graphics metadata init failed
         1704799036.355 30498 30520 E GraphicBufferAllocator: Failed to allocate (4 x 4) layerCount 1 format 59 usage b00: 1
         1704799036.355 30498 30520 E AHardwareBuffer: GraphicBuffer(w=4, h=4, lc=1) failed (Unknown error -1), handle=0x0
         1704799036.355 30498 30520 E qdgralloc: GetGpuPixelFormat: No map for format: 0x38
         1704799036.355 30498 30520 E AdrenoUtils: <validate_memory_layout_input_parmas:1923>: Unknown Format 0
         1704799036.355 30498 30520 E AdrenoUtils: <adreno_init_memory_layout:4634>: Memory Layout input parameter validation failed!
         1704799036.355 30498 30520 E qdgralloc: GetGpuResourceSizeAndDimensions Graphics metadata init failed
         1704799036.355 30498 30520 E Gralloc4: isSupported(1, 1, 56, 1, ...) failed with 1
         1704799036.355   668   668 E qdgralloc: GetGpuPixelFormat: No map for format: 0x38
         1704799036.355   668   668 E AdrenoUtils: <validate_memory_layout_input_parmas:1923>: Unknown Format 0
         1704799036.355   668   668 E AdrenoUtils: <adreno_init_memory_layout:4634>: Memory Layout input parameter validation failed!
         1704799036.355   668   668 E qdgralloc: GetGpuResourceSizeAndDimensions Graphics metadata init failed
         1704799036.355 30498 30520 E GraphicBufferAllocator: Failed to allocate (4 x 4) layerCount 1 format 56 usage b00: 1
         1704799036.355 30498 30520 E AHardwareBuffer: GraphicBuffer(w=4, h=4, lc=1) failed (Unknown error -1), handle=0x0
         1704799036.355 30498 30520 E qdgralloc: GetGpuPixelFormat: No map for format: 0x3b
         1704799036.355 30498 30520 E AdrenoUtils: <validate_memory_layout_input_parmas:1923>: Unknown Format 0
         1704799036.355 30498 30520 E AdrenoUtils: <adreno_init_memory_layout:4634>: Memory Layout input parameter validation failed!
         1704799036.355 30498 30520 E qdgralloc: GetGpuResourceSizeAndDimensions Graphics metadata init failed
         1704799036.355 30498 30520 E Gralloc4: isSupported(1, 1, 59, 1, ...) failed with 1
         1704799036.355   668   668 E qdgralloc: GetGpuPixelFormat: No map for format: 0x3b
         1704799036.355   668   668 E AdrenoUtils: <validate_memory_layout_input_parmas:1923>: Unknown Format 0
         1704799036.356   668   668 E AdrenoUtils: <adreno_init_memory_layout:4634>: Memory Layout input parameter validation failed!
         1704799036.356   668   668 E qdgralloc: GetGpuResourceSizeAndDimensions Graphics metadata init failed
         1704799036.356 30498 30520 E GraphicBufferAllocator: Failed to allocate (4 x 4) layerCount 1 format 59 usage b00: 1
         1704799036.356 30498 30520 E AHardwareBuffer: GraphicBuffer(w=4, h=4, lc=1) failed (Unknown error -1), handle=0x0
         1704799036.362  1785  2095 W ziparchive: Unable to open '/data/app/~~sK0CaK6_NvfkeNEcOt4gXg==/dev.driftsys.dashscene.demo-AbDOEF79QvEkmLyoqcBzgg==/base.dm': No such file or directory
         1704799036.366  1785  2095 I ActivityTaskManager: Displayed dev.driftsys.dashscene.demo/.DemoActivity for user 0: +134ms
         1704799036.369  1785  4033 D CompatibilityChangeReporter: Compat change id reported: 214016041; UID 10274; state: ENABLED
         1704799036.370  1785  4033 I ImeTracker: dev.driftsys.dashscene.demo:2765d3d: onRequestHide at ORIGIN_SERVER_HIDE_INPUT reason HIDE_UNSPECIFIED_WINDOW
         1704799036.370  1785  4033 I ImeTracker: dev.driftsys.dashscene.demo:2765d3d: onCancelled at PHASE_SERVER_SHOULD_HIDE
         1704799036.374  3450  3450 I GoogleInputMethodService: GoogleInputMethodService.onFinishInput():3227 
         1704799036.375  3450  3450 I GoogleInputMethodService: GoogleInputMethodService.updateDeviceLockedStatus():2087 repeatCheckTimes = 0, unlocked = true
         1704799036.375  3450  3450 I GoogleInputMethodService: GoogleInputMethodService.onStartInput():1877 onStartInput(EditorInfo{inputType=0x0(NULL) imeOptions=0x0 privateImeOptions=null actionName=UNSPECIFIED actionLabel=null actionId=0 initialSelStart=-1 initialSelEnd=-1 initialCapsMode=0x0 hintText=null label=null packageName=dev.driftsys.dashscene.demo fieldId=0 fieldName=null extras=null}, false)
         1704799036.375  3450  3450 I GoogleInputMethodService: GoogleInputMethodService.shouldHideHeaderOnInitialState():4008 ShouldHideHeaderOnInitialState = false
         1704799036.375  3450  3450 I GoogleInputMethodService: GoogleInputMethodService.updateDeviceLockedStatus():2087 repeatCheckTimes = 2, unlocked = true
         1704799036.384  1086  1254 I ASH     : @ 969907.187: tcs3701: stop power rail pending_off timer
         1704799036.385  1086  1254 D ASH     : @ 969907.187: tcs3701: start power rail timer, state:3
         1704799036.393 30498 30520 E qdgralloc: GetGpuPixelFormat: No map for format: 0x38
         1704799036.393 30498 30520 E AdrenoUtils: <validate_memory_layout_input_parmas:1923>: Unknown Format 0
         1704799036.393 30498 30520 E AdrenoUtils: <adreno_init_memory_layout:4634>: Memory Layout input parameter validation failed!
         1704799036.393 30498 30520 E qdgralloc: GetGpuResourceSizeAndDimensions Graphics metadata init failed
         1704799036.393 30498 30520 E Gralloc4: isSupported(1, 1, 56, 1, ...) failed with 1
         1704799036.393   668   668 E qdgralloc: GetGpuPixelFormat: No map for format: 0x38
         1704799036.393   668   668 E AdrenoUtils: <validate_memory_layout_input_parmas:1923>: Unknown Format 0
         1704799036.393   668   668 E AdrenoUtils: <adreno_init_memory_layout:4634>: Memory Layout input parameter validation failed!
         1704799036.393   668   668 E qdgralloc: GetGpuResourceSizeAndDimensions Graphics metadata init failed
         1704799036.394 30498 30520 E GraphicBufferAllocator: Failed to allocate (4 x 4) layerCount 1 format 56 usage b00: 1
         1704799036.394 30498 30520 E AHardwareBuffer: GraphicBuffer(w=4, h=4, lc=1) failed (Unknown error -1), handle=0x0
         1704799036.394 30498 30520 E qdgralloc: GetGpuPixelFormat: No map for format: 0x3b
         1704799036.394 30498 30520 E AdrenoUtils: <validate_memory_layout_input_parmas:1923>: Unknown Format 0
         1704799036.394 30498 30520 E AdrenoUtils: <adreno_init_memory_layout:4634>: Memory Layout input parameter validation failed!
         1704799036.394 30498 30520 E qdgralloc: GetGpuResourceSizeAndDimensions Graphics metadata init failed
         1704799036.394 30498 30520 E Gralloc4: isSupported(1, 1, 59, 1, ...) failed with 1
         1704799036.394   668   668 E qdgralloc: GetGpuPixelFormat: No map for format: 0x3b
         1704799036.394   668   668 E AdrenoUtils: <validate_memory_layout_input_parmas:1923>: Unknown Format 0
         1704799036.394   668   668 E AdrenoUtils: <adreno_init_memory_layout:4634>: Memory Layout input parameter validation failed!
         1704799036.394   668   668 E qdgralloc: GetGpuResourceSizeAndDimensions Graphics metadata init failed
         1704799036.394 30498 30520 E GraphicBufferAllocator: Failed to allocate (4 x 4) layerCount 1 format 59 usage b00: 1
         1704799036.394 30498 30520 E AHardwareBuffer: GraphicBuffer(w=4, h=4, lc=1) failed (Unknown error -1), handle=0x0
         1704799036.394 30498 30520 E qdgralloc: GetGpuPixelFormat: No map for format: 0x38
         1704799036.394 30498 30520 E AdrenoUtils: <validate_memory_layout_input_parmas:1923>: Unknown Format 0
         1704799036.394 30498 30520 E AdrenoUtils: <adreno_init_memory_layout:4634>: Memory Layout input parameter validation failed!
         1704799036.394 30498 30520 E qdgralloc: GetGpuResourceSizeAndDimensions Graphics metadata init failed
         1704799036.394 30498 30520 E Gralloc4: isSupported(1, 1, 56, 1, ...) failed with 1
         1704799036.394   668   668 E qdgralloc: GetGpuPixelFormat: No map for format: 0x38
         1704799036.394   668   668 E AdrenoUtils: <validate_memory_layout_input_parmas:1923>: Unknown Format 0
         1704799036.394   668   668 E AdrenoUtils: <adreno_init_memory_layout:4634>: Memory Layout input parameter validation failed!
         1704799036.394   668   668 E qdgralloc: GetGpuResourceSizeAndDimensions Graphics metadata init failed
         1704799036.394 30498 30520 E GraphicBufferAllocator: Failed to allocate (4 x 4) layerCount 1 format 56 usage b00: 1
         1704799036.394 30498 30520 E AHardwareBuffer: GraphicBuffer(w=4, h=4, lc=1) failed (Unknown error -1), handle=0x0
         1704799036.394 30498 30520 E qdgralloc: GetGpuPixelFormat: No map for format: 0x3b
         1704799036.394 30498 30520 E AdrenoUtils: <validate_memory_layout_input_parmas:1923>: Unknown Format 0
         1704799036.394 30498 30520 E AdrenoUtils: <adreno_init_memory_layout:4634>: Memory Layout input parameter validation failed!
         1704799036.394 30498 30520 E qdgralloc: GetGpuResourceSizeAndDimensions Graphics metadata init failed
         1704799036.394 30498 30520 E Gralloc4: isSupported(1, 1, 59, 1, ...) failed with 1
         1704799036.394   668   668 E qdgralloc: GetGpuPixelFormat: No map for format: 0x3b
         1704799036.394   668   668 E AdrenoUtils: <validate_memory_layout_input_parmas:1923>: Unknown Format 0
         1704799036.394   668   668 E AdrenoUtils: <adreno_init_memory_layout:4634>: Memory Layout input parameter validation failed!
         1704799036.394   668   668 E qdgralloc: GetGpuResourceSizeAndDimensions Graphics metadata init failed
         1704799036.394 30498 30520 E GraphicBufferAllocator: Failed to allocate (4 x 4) layerCount 1 format 59 usage b00: 1
         1704799036.394 30498 30520 E AHardwareBuffer: GraphicBuffer(w=4, h=4, lc=1) failed (Unknown error -1), handle=0x0
         1704799036.425  1086  1254 I ASH     : @ 969907.227: tcs3701: stop power rail pending_off timer
         1704799036.425  1086  1254 D ASH     : @ 969907.227: tcs3701: start power rail timer, state:3
         1704799036.449 30529 30529 I dashscene-cpu: 30498 (.dashscene.demo) S 1041 1041 0 0 -1 1077936448 5278 0 0 0 11 5 0 0 10 -10 21 0 96990421 15644688384 35561 18446744073709551615 1 1 0 0 0 0 4612 1 1073775864 0 0 0 17 6 0 0 0 0 0 0 0 0 0 0 0 0 0
         1704799036.465  1086  1254 I ASH     : @ 969907.267: tcs3701: stop power rail pending_off timer
         1704799036.465  1086  1254 D ASH     : @ 969907.267: tcs3701: start power rail timer, state:3
         1704799036.505  1086  1254 I ASH     : @ 969907.307: tcs3701: stop power rail pending_off timer
         1704799036.505  1086  1254 D ASH     : @ 969907.307: tcs3701: start power rail timer, state:3
         1704799036.545  1086  1254 I ASH     : @ 969907.347: tcs3701: stop power rail pending_off timer
         1704799036.545  1086  1254 D ASH     : @ 969907.347: tcs3701: start power rail timer, state:3
         1704799036.583  2565  2589 V WindowManagerShell: Transition animation finished (aborted=false), notifying core (#214)android.os.BinderProxy@9693326@0
         1704799036.585  1086  1254 I ASH     : @ 969907.387: tcs3701: stop power rail pending_off timer
         1704799036.586  1785  2095 V WindowManager: Finish Transition #214: created at 01-09 12:17:16.234 collect-started=0.093ms request-sent=12.243ms started=13.118ms ready=40.256ms sent=43.312ms finished=351.355ms
         1704799036.586  1086  1254 D ASH     : @ 969907.387: tcs3701: start power rail timer, state:3
         1704799036.587  2658  2658 I WallpaperService: engine paused
         1704799036.590  1086  1086 I sensors-hal: [hal]activate_physical_sensor:251, android.sensor.gyroscope/41 en=0
         1704799036.590  2565  2589 V WindowManagerShell: Track 0 became idle
         1704799036.590  2565  2589 V WindowManagerShell: All active transition animations finished
         1704799036.591  1086  1086 D Diag_Lib: diag: Diag_LSM_DeInit: invoked for pid: 1086
         1704799036.591  1086  1086 D Diag_Lib: diag: Diag_LSM_DeInit: done for pid: 1086
         1704799036.592  1086  1086 D Diag_Lib: diag: Diag_LSM_DeInit: invoked for pid: 1086
         1704799036.592  1086  1086 D Diag_Lib: diag: Diag_LSM_DeInit: done for pid: 1086
         1704799036.592  1086  1086 I sensors-hal: [hal]activate_physical_sensor:262, android.sensor.gyroscope/41 en=0 completed
         1704799036.601 30498 30520 E qdgralloc: GetGpuPixelFormat: No map for format: 0x38
         1704799036.601 30498 30520 E AdrenoUtils: <validate_memory_layout_input_parmas:1923>: Unknown Format 0
         1704799036.601 30498 30520 E AdrenoUtils: <adreno_init_memory_layout:4634>: Memory Layout input parameter validation failed!
         1704799036.601 30498 30520 E qdgralloc: GetGpuResourceSizeAndDimensions Graphics metadata init failed
         1704799036.601 30498 30520 E Gralloc4: isSupported(1, 1, 56, 1, ...) failed with 1
         1704799036.601   668   668 E qdgralloc: GetGpuPixelFormat: No map for format: 0x38
         1704799036.601   668   668 E AdrenoUtils: <validate_memory_layout_input_parmas:1923>: Unknown Format 0
         1704799036.601   668   668 E AdrenoUtils: <adreno_init_memory_layout:4634>: Memory Layout input parameter validation failed!
         1704799036.601   668   668 E qdgralloc: GetGpuResourceSizeAndDimensions Graphics metadata init failed
         1704799036.601 30498 30520 E GraphicBufferAllocator: Failed to allocate (4 x 4) layerCount 1 format 56 usage b00: 1
         1704799036.601 30498 30520 E AHardwareBuffer: GraphicBuffer(w=4, h=4, lc=1) failed (Unknown error -1), handle=0x0
         1704799036.601 30498 30520 E qdgralloc: GetGpuPixelFormat: No map for format: 0x3b
         1704799036.601 30498 30520 E AdrenoUtils: <validate_memory_layout_input_parmas:1923>: Unknown Format 0
         1704799036.601 30498 30520 E AdrenoUtils: <adreno_init_memory_layout:4634>: Memory Layout input parameter validation failed!
         1704799036.601 30498 30520 E qdgralloc: GetGpuResourceSizeAndDimensions Graphics metadata init failed
         1704799036.601 30498 30520 E Gralloc4: isSupported(1, 1, 59, 1, ...) failed with 1
         1704799036.601   668   668 E qdgralloc: GetGpuPixelFormat: No map for format: 0x3b
         1704799036.601   668   668 E AdrenoUtils: <validate_memory_layout_input_parmas:1923>: Unknown Format 0
         1704799036.601   668   668 E AdrenoUtils: <adreno_init_memory_layout:4634>: Memory Layout input parameter validation failed!
         1704799036.601   668   668 E qdgralloc: GetGpuResourceSizeAndDimensions Graphics metadata init failed
         1704799036.601 30498 30520 E GraphicBufferAllocator: Failed to allocate (4 x 4) layerCount 1 format 59 usage b00: 1
         1704799036.601 30498 30520 E AHardwareBuffer: GraphicBuffer(w=4, h=4, lc=1) failed (Unknown error -1), handle=0x0
         1704799036.601 30498 30520 E qdgralloc: GetGpuPixelFormat: No map for format: 0x38
         1704799036.601 30498 30520 E AdrenoUtils: <validate_memory_layout_input_parmas:1923>: Unknown Format 0
         1704799036.601 30498 30520 E AdrenoUtils: <adreno_init_memory_layout:4634>: Memory Layout input parameter validation failed!
         1704799036.601 30498 30520 E qdgralloc: GetGpuResourceSizeAndDimensions Graphics metadata init failed
         1704799036.602 30498 30520 E Gralloc4: isSupported(1, 1, 56, 1, ...) failed with 1
         1704799036.602   668   668 E qdgralloc: GetGpuPixelFormat: No map for format: 0x38
         1704799036.602   668   668 E AdrenoUtils: <validate_memory_layout_input_parmas:1923>: Unknown Format 0
         1704799036.602   668   668 E AdrenoUtils: <adreno_init_memory_layout:4634>: Memory Layout input parameter validation failed!
         1704799036.602   668   668 E qdgralloc: GetGpuResourceSizeAndDimensions Graphics metadata init failed
         1704799036.602 30498 30520 E GraphicBufferAllocator: Failed to allocate (4 x 4) layerCount 1 format 56 usage b00: 1
         1704799036.602 30498 30520 E AHardwareBuffer: GraphicBuffer(w=4, h=4, lc=1) failed (Unknown error -1), handle=0x0
         1704799036.602 30498 30520 E qdgralloc: GetGpuPixelFormat: No map for format: 0x3b
         1704799036.602 30498 30520 E AdrenoUtils: <validate_memory_layout_input_parmas:1923>: Unknown Format 0
         1704799036.602 30498 30520 E AdrenoUtils: <adreno_init_memory_layout:4634>: Memory Layout input parameter validation failed!
         1704799036.602 30498 30520 E qdgralloc: GetGpuResourceSizeAndDimensions Graphics metadata init failed
         1704799036.602 30498 30520 E Gralloc4: isSupported(1, 1, 59, 1, ...) failed with 1
         1704799036.602   668   668 E qdgralloc: GetGpuPixelFormat: No map for format: 0x3b
         1704799036.602   668   668 E AdrenoUtils: <validate_memory_layout_input_parmas:1923>: Unknown Format 0
         1704799036.602   668   668 E AdrenoUtils: <adreno_init_memory_layout:4634>: Memory Layout input parameter validation failed!
         1704799036.602   668   668 E qdgralloc: GetGpuResourceSizeAndDimensions Graphics metadata init failed
         1704799036.602 30498 30520 E GraphicBufferAllocator: Failed to allocate (4 x 4) layerCount 1 format 59 usage b00: 1
         1704799036.602 30498 30520 E AHardwareBuffer: GraphicBuffer(w=4, h=4, lc=1) failed (Unknown error -1), handle=0x0
         1704799036.606  2992  3053 I ImeTracker: com.google.android.apps.nexuslauncher:7c21fe1: onRequestHide at ORIGIN_CLIENT_HIDE_SOFT_INPUT reason HIDE_SOFT_INPUT
         1704799036.606 30498 30520 I dashscene: dashscene-gpu (Adreno (TM) 620, Vulkan, Rgba8Unorm) — 1080x1984, scene layout
         1704799036.606  2992  3053 I ImeTracker: com.google.android.apps.nexuslauncher:7c21fe1: onFailed at PHASE_CLIENT_VIEW_SERVED
         1704799036.606  2992  3926 D OneSearchSuggestProvider: Shut down the binder channel
         1704799036.608 30498 30520 I dashscene: attached a 1080x1984 surface
         1704799036.613 30498 30520 I dashscene: first vsync callback
         1704799036.616 30498 30520 I dashscene: first frame
         1704799036.625  1086  1254 I ASH     : @ 969907.427: tcs3701: stop power rail pending_off timer
         1704799036.625  1086  1254 D ASH     : @ 969907.427: tcs3701: start power rail timer, state:3
         1704799036.665  1086  1254 I ASH     : @ 969907.467: tcs3701: stop power rail pending_off timer
         1704799036.665  1086  1254 D ASH     : @ 969907.467: tcs3701: start power rail timer, state:3
         1704799036.705  1086  1254 I ASH     : @ 969907.507: tcs3701: stop power rail pending_off timer
         1704799036.705  1086  1254 D ASH     : @ 969907.507: tcs3701: start power rail timer, state:3
         1704799036.744  2565  2595 W WindowOnBackDispatcher: sendCancelIfRunning: isInProgress=falsecallback=android.view.ViewRootImpl$$ExternalSyntheticLambda17@f047703
         1704799036.745  1785  3042 D CoreBackPreview: Window{5f740a0 u0 Splash Screen dev.driftsys.dashscene.demo EXITING}: Setting back callback null
         1704799036.745  1086  1254 I ASH     : @ 969907.547: tcs3701: stop power rail pending_off timer
         1704799036.745  1086  1254 D ASH     : @ 969907.547: tcs3701: start power rail timer, state:3
         1704799036.745  1785  2418 W InputManager-JNI: Input channel object '5f740a0 Splash Screen dev.driftsys.dashscene.demo (client)' was disposed without first being removed with the input manager!
         1704799036.785  1086  1254 I ASH     : @ 969907.587: tcs3701: stop power rail pending_off timer
         1704799036.785  1086  1254 D ASH     : @ 969907.587: tcs3701: start power rail timer, state:3
         1704799036.825  1086  1254 I ASH     : @ 969907.627: tcs3701: stop power rail pending_off timer
         1704799036.825  1086  1254 D ASH     : @ 969907.627: tcs3701: start power rail timer, state:3
         1704799036.865  1086  1254 I ASH     : @ 969907.667: tcs3701: stop power rail pending_off timer
         1704799036.865  1086  1254 D ASH     : @ 969907.667: tcs3701: start power rail timer, state:3
         1704799036.905  1086  1254 I ASH     : @ 969907.707: tcs3701: stop power rail pending_off timer
         1704799036.905  1086  1254 D ASH     : @ 969907.707: tcs3701: start power rail timer, state:3
         1704799036.945  1086  1254 I ASH     : @ 969907.747: tcs3701: stop power rail pending_off timer
         1704799036.945  1086  1254 D ASH     : @ 969907.747: tcs3701: start power rail timer, state:3
         1704799036.979 30533 30533 I dashscene-cpu: 30498 (.dashscene.demo) S 1041 1041 0 0 -1 1077936448 7353 0 21 0 27 6 0 0 10 -10 21 0 96990421 15693697024 38018 18446744073709551615 1 1 0 0 0 0 4612 1 1073775864 0 0 0 17 0 0 0 0 0 0 0 0 0 0 0 0 0 0
         1704799036.985  1086  1254 I ASH     : @ 969907.787: tcs3701: stop power rail pending_off timer
         1704799036.985  1086  1254 D ASH     : @ 969907.787: tcs3701: start power rail timer, state:3
         1704799037.025  1086  1254 I ASH     : @ 969907.827: tcs3701: stop power rail pending_off timer
         1704799037.025  1086  1254 D ASH     : @ 969907.827: tcs3701: start power rail timer, state:3
         1704799037.065  1086  1254 I ASH     : @ 969907.867: tcs3701: stop power rail pending_off timer
         1704799037.065  1086  1254 D ASH     : @ 969907.867: tcs3701: start power rail timer, state:3
         1704799037.106  1086  1254 I ASH     : @ 969907.907: tcs3701: stop power rail pending_off timer
         1704799037.107  1086  1254 D ASH     : @ 969907.907: tcs3701: start power rail timer, state:3
         1704799037.147  1086  1254 I ASH     : @ 969907.947: tcs3701: stop power rail pending_off timer
         1704799037.147  1086  1254 D ASH     : @ 969907.947: tcs3701: start power rail timer, state:3
         1704799037.186  1086  1254 I ASH     : @ 969907.987: tcs3701: stop power rail pending_off timer
         1704799037.187  1086  1254 D ASH     : @ 969907.987: tcs3701: start power rail timer, state:3
         1704799037.227  1086  1254 I ASH     : @ 969908.027: tcs3701: stop power rail pending_off timer
         1704799037.227  1086  1254 D ASH     : @ 969908.027: tcs3701: start power rail timer, state:3
         1704799037.266  1086  1254 I ASH     : @ 969908.067: tcs3701: stop power rail pending_off timer
         1704799037.267  1086  1254 D ASH     : @ 969908.067: tcs3701: start power rail timer, state:3
         1704799037.306  1086  1254 I ASH     : @ 969908.107: tcs3701: stop power rail pending_off timer
         1704799037.307  1086  1254 D ASH     : @ 969908.107: tcs3701: start power rail timer, state:3
         1704799037.346  1086  1254 I ASH     : @ 969908.147: tcs3701: stop power rail pending_off timer
         1704799037.346  1086  1254 D ASH     : @ 969908.147: tcs3701: start power rail timer, state:3
         1704799037.385  1086  1254 I ASH     : @ 969908.187: tcs3701: stop power rail pending_off timer
         1704799037.385  1086  1254 D ASH     : @ 969908.187: tcs3701: start power rail timer, state:3
         1704799037.426  1086  1254 I ASH     : @ 969908.227: tcs3701: stop power rail pending_off timer
         1704799037.427  1086  1254 D ASH     : @ 969908.227: tcs3701: start power rail timer, state:3
         1704799037.466  1086  1254 I ASH     : @ 969908.267: tcs3701: stop power rail pending_off timer
         1704799037.466  1086  1254 D ASH     : @ 969908.267: tcs3701: start power rail timer, state:3
         1704799037.505  1086  1254 I ASH     : @ 969908.307: tcs3701: stop power rail pending_off timer
         1704799037.505  1086  1254 D ASH     : @ 969908.307: tcs3701: start power rail timer, state:3
         1704799037.513 30536 30536 I dashscene-cpu: 30498 (.dashscene.demo) S 1041 1041 0 0 -1 1077936448 7353 0 21 0 28 7 0 0 10 -10 21 0 96990421 15693697024 38018 18446744073709551615 1 1 0 0 0 0 4612 1 1073775864 0 0 0 17 0 0 0 0 0 0 0 0 0 0 0 0 0 0
         1704799037.545  1086  1254 I ASH     : @ 969908.347: tcs3701: stop power rail pending_off timer
         1704799037.545  1086  1254 D ASH     : @ 969908.347: tcs3701: start power rail timer, state:3
         1704799037.585  1086  1254 I ASH     : @ 969908.387: tcs3701: stop power rail pending_off timer
         1704799037.585  1086  1254 D ASH     : @ 969908.387: tcs3701: start power rail timer, state:3
         1704799037.625  1086  1254 I ASH     : @ 969908.427: tcs3701: stop power rail pending_off timer
         1704799037.625  1086  1254 D ASH     : @ 969908.427: tcs3701: start power rail timer, state:3
         1704799037.666  1086  1254 I ASH     : @ 969908.467: tcs3701: stop power rail pending_off timer
         1704799037.666  1086  1254 D ASH     : @ 969908.467: tcs3701: start power rail timer, state:3
         1704799037.707  1086  1254 I ASH     : @ 969908.507: tcs3701: stop power rail pending_off timer
         1704799037.707  1086  1254 D ASH     : @ 969908.507: tcs3701: start power rail timer, state:3
         1704799037.747  1086  1254 I ASH     : @ 969908.547: tcs3701: stop power rail pending_off timer
         1704799037.747  1086  1254 D ASH     : @ 969908.547: tcs3701: start power rail timer, state:3
         1704799037.785  1086  1254 I ASH     : @ 969908.587: tcs3701: stop power rail pending_off timer
         1704799037.785  1086  1254 D ASH     : @ 969908.587: tcs3701: start power rail timer, state:3
         1704799037.825  1086  1254 I ASH     : @ 969908.627: tcs3701: stop power rail pending_off timer
         1704799037.825  1086  1254 D ASH     : @ 969908.627: tcs3701: start power rail timer, state:3
         1704799037.865  1086  1254 I ASH     : @ 969908.667: tcs3701: stop power rail pending_off timer
         1704799037.865  1086  1254 D ASH     : @ 969908.667: tcs3701: start power rail timer, state:3
         1704799037.884  2658  6750 W OpenGLRenderer: Surface doesn't have any previously queued frames, nothing to readback from
         1704799037.905  1086  1254 I ASH     : @ 969908.707: tcs3701: stop power rail pending_off timer
         1704799037.905  1086  1254 D ASH     : @ 969908.707: tcs3701: start power rail timer, state:3
         1704799037.945  1086  1254 I ASH     : @ 969908.747: tcs3701: stop power rail pending_off timer
         1704799037.945  1086  1254 D ASH     : @ 969908.747: tcs3701: start power rail timer, state:3
         1704799037.985  1086  1254 I ASH     : @ 969908.787: tcs3701: stop power rail pending_off timer
         1704799037.985  1086  1254 D ASH     : @ 969908.787: tcs3701: start power rail timer, state:3
         1704799038.025  1086  1254 I ASH     : @ 969908.827: tcs3701: stop power rail pending_off timer
         1704799038.025  1086  1254 D ASH     : @ 969908.827: tcs3701: start power rail timer, state:3
         1704799038.045 30539 30539 I dashscene-cpu: 30498 (.dashscene.demo) S 1041 1041 0 0 -1 1077936448 7353 0 21 0 28 8 0 0 10 -10 21 0 96990421 15693697024 38018 18446744073709551615 1 1 0 0 0 0 4612 1 1073775864 0 0 0 17 0 0 0 0 0 0 0 0 0 0 0 0 0 0
         1704799038.065  1086  1254 I ASH     : @ 969908.867: tcs3701: stop power rail pending_off timer
         1704799038.065  1086  1254 D ASH     : @ 969908.867: tcs3701: start power rail timer, state:3
         1704799038.105  1086  1254 I ASH     : @ 969908.907: tcs3701: stop power rail pending_off timer
         1704799038.106  1086  1254 D ASH     : @ 969908.907: tcs3701: start power rail timer, state:3
         1704799038.145  1086  1254 I ASH     : @ 969908.947: tcs3701: stop power rail pending_off timer
         1704799038.145  1086  1254 D ASH     : @ 969908.947: tcs3701: start power rail timer, state:3
         1704799038.185  1086  1254 I ASH     : @ 969908.987: tcs3701: stop power rail pending_off timer
         1704799038.185  1086  1254 D ASH     : @ 969908.987: tcs3701: start power rail timer, state:3
         1704799038.225  1086  1254 I ASH     : @ 969909.027: tcs3701: stop power rail pending_off timer
         1704799038.225  1086  1254 D ASH     : @ 969909.027: tcs3701: start power rail timer, state:3
         1704799038.265  1086  1254 I ASH     : @ 969909.067: tcs3701: stop power rail pending_off timer
         1704799038.265  1086  1254 D ASH     : @ 969909.067: tcs3701: start power rail timer, state:3
         1704799038.305  1086  1254 I ASH     : @ 969909.107: tcs3701: stop power rail pending_off timer
         1704799038.305  1086  1254 D ASH     : @ 969909.107: tcs3701: start power rail timer, state:3
         1704799038.345  1086  1254 I ASH     : @ 969909.147: tcs3701: stop power rail pending_off timer
         1704799038.345  1086  1254 D ASH     : @ 969909.147: tcs3701: start power rail timer, state:3
         1704799038.385  1086  1254 I ASH     : @ 969909.187: tcs3701: stop power rail pending_off timer
         1704799038.385  1086  1254 D ASH     : @ 969909.187: tcs3701: start power rail timer, state:3
         1704799038.425  1086  1254 I ASH     : @ 969909.227: tcs3701: stop power rail pending_off timer
         1704799038.425  1086  1254 D ASH     : @ 969909.227: tcs3701: start power rail timer, state:3
         1704799038.465  1086  1254 I ASH     : @ 969909.267: tcs3701: stop power rail pending_off timer
         1704799038.465  1086  1254 D ASH     : @ 969909.267: tcs3701: start power rail timer, state:3
         1704799038.505  1086  1254 I ASH     : @ 969909.307: tcs3701: stop power rail pending_off timer
         1704799038.505  1086  1254 D ASH     : @ 969909.307: tcs3701: start power rail timer, state:3
         1704799038.545  1086  1254 I ASH     : @ 969909.347: tcs3701: stop power rail pending_off timer
         1704799038.545  1086  1254 D ASH     : @ 969909.347: tcs3701: start power rail timer, state:3
         1704799038.580 30542 30542 I dashscene-cpu: 30498 (.dashscene.demo) S 1041 1041 0 0 -1 1077936448 7353 0 21 0 28 9 0 0 10 -10 21 0 96990421 15693697024 38018 18446744073709551615 1 1 0 0 0 0 4612 1 1073775864 0 0 0 17 0 0 0 0 0 0 0 0 0 0 0 0 0 0
         1704799038.585  1086  1254 I ASH     : @ 969909.387: tcs3701: stop power rail pending_off timer
         1704799038.585  1086  1254 D ASH     : @ 969909.387: tcs3701: start power rail timer, state:3
         1704799038.625  1086  1254 I ASH     : @ 969909.427: tcs3701: stop power rail pending_off timer
         1704799038.625  1086  1254 D ASH     : @ 969909.427: tcs3701: start power rail timer, state:3
         1704799038.665  1086  1254 I ASH     : @ 969909.467: tcs3701: stop power rail pending_off timer
         1704799038.665  1086  1254 D ASH     : @ 969909.467: tcs3701: start power rail timer, state:3
         1704799038.705  1086  1254 I ASH     : @ 969909.507: tcs3701: stop power rail pending_off timer
         1704799038.705  1086  1254 D ASH     : @ 969909.507: tcs3701: start power rail timer, state:3
         1704799038.745  1086  1254 I ASH     : @ 969909.547: tcs3701: stop power rail pending_off timer
         1704799038.745  1086  1254 D ASH     : @ 969909.547: tcs3701: start power rail timer, state:3
         1704799038.785  1086  1254 I ASH     : @ 969909.587: tcs3701: stop power rail pending_off timer
         1704799038.785  1086  1254 D ASH     : @ 969909.587: tcs3701: start power rail timer, state:3
         1704799038.825  1086  1254 I ASH     : @ 969909.627: tcs3701: stop power rail pending_off timer
         1704799038.825  1086  1254 D ASH     : @ 969909.627: tcs3701: start power rail timer, state:3
         1704799038.865  1086  1254 I ASH     : @ 969909.667: tcs3701: stop power rail pending_off timer
         1704799038.865  1086  1254 D ASH     : @ 969909.667: tcs3701: start power rail timer, state:3
         1704799038.905  1086  1254 I ASH     : @ 969909.707: tcs3701: stop power rail pending_off timer
         1704799038.905  1086  1254 D ASH     : @ 969909.707: tcs3701: start power rail timer, state:3
         1704799038.945  1086  1254 I ASH     : @ 969909.747: tcs3701: stop power rail pending_off timer
         1704799038.945  1086  1254 D ASH     : @ 969909.747: tcs3701: start power rail timer, state:3
         1704799038.985  1086  1254 I ASH     : @ 969909.787: tcs3701: stop power rail pending_off timer
         1704799038.985  1086  1254 D ASH     : @ 969909.787: tcs3701: start power rail timer, state:3
         1704799039.025  1086  1254 I ASH     : @ 969909.827: tcs3701: stop power rail pending_off timer
         1704799039.025  1086  1254 D ASH     : @ 969909.827: tcs3701: start power rail timer, state:3
         1704799039.065  1086  1254 I ASH     : @ 969909.867: tcs3701: stop power rail pending_off timer
         1704799039.065  1086  1254 D ASH     : @ 969909.867: tcs3701: start power rail timer, state:3
         1704799039.105  1086  1254 I ASH     : @ 969909.907: tcs3701: stop power rail pending_off timer
         1704799039.105  1086  1254 D ASH     : @ 969909.907: tcs3701: start power rail timer, state:3
         1704799039.111 30545 30545 I dashscene-cpu: 30498 (.dashscene.demo) S 1041 1041 0 0 -1 1077936448 7353 0 21 0 28 10 0 0 10 -10 21 0 96990421 15693697024 38018 18446744073709551615 1 1 0 0 0 0 4612 1 1073775864 0 0 0 17 0 0 0 0 0 0 0 0 0 0 0 0 0 0
         1704799039.145  1086  1254 I ASH     : @ 969909.947: tcs3701: stop power rail pending_off timer
         1704799039.145  1086  1254 D ASH     : @ 969909.947: tcs3701: start power rail timer, state:3
         1704799039.185  1086  1254 I ASH     : @ 969909.987: tcs3701: stop power rail pending_off timer
         1704799039.185  1086  1254 D ASH     : @ 969909.987: tcs3701: start power rail timer, state:3
         1704799039.225  1086  1254 I ASH     : @ 969910.027: tcs3701: stop power rail pending_off timer
         1704799039.225  1086  1254 D ASH     : @ 969910.027: tcs3701: start power rail timer, state:3
         1704799039.265  1086  1254 I ASH     : @ 969910.067: tcs3701: stop power rail pending_off timer
         1704799039.265  1086  1254 D ASH     : @ 969910.067: tcs3701: start power rail timer, state:3
         1704799039.305  1086  1254 I ASH     : @ 969910.107: tcs3701: stop power rail pending_off timer
         1704799039.305  1086  1254 D ASH     : @ 969910.107: tcs3701: start power rail timer, state:3
         1704799039.345  1086  1254 I ASH     : @ 969910.147: tcs3701: stop power rail pending_off timer
         1704799039.345  1086  1254 D ASH     : @ 969910.147: tcs3701: start power rail timer, state:3
         1704799039.385  1086  1254 I ASH     : @ 969910.187: tcs3701: stop power rail pending_off timer
         1704799039.385  1086  1254 D ASH     : @ 969910.187: tcs3701: start power rail timer, state:3
         1704799039.425  1086  1254 I ASH     : @ 969910.227: tcs3701: stop power rail pending_off timer
         1704799039.425  1086  1254 D ASH     : @ 969910.227: tcs3701: start power rail timer, state:3
         1704799039.465  1086  1254 I ASH     : @ 969910.267: tcs3701: stop power rail pending_off timer
         1704799039.465  1086  1254 D ASH     : @ 969910.267: tcs3701: start power rail timer, state:3
         1704799039.505  1086  1254 I ASH     : @ 969910.307: tcs3701: stop power rail pending_off timer
         1704799039.505  1086  1254 D ASH     : @ 969910.307: tcs3701: start power rail timer, state:3
         1704799039.545  1086  1254 I ASH     : @ 969910.347: tcs3701: stop power rail pending_off timer
         1704799039.545  1086  1254 D ASH     : @ 969910.347: tcs3701: start power rail timer, state:3
         1704799039.585  1086  1254 I ASH     : @ 969910.387: tcs3701: stop power rail pending_off timer
         1704799039.585  1086  1254 D ASH     : @ 969910.387: tcs3701: start power rail timer, state:3
         1704799039.625  1086  1254 I ASH     : @ 969910.427: tcs3701: stop power rail pending_off timer
         1704799039.625  1086  1254 D ASH     : @ 969910.427: tcs3701: start power rail timer, state:3
         1704799039.628  2565  2565 D DLObserver: onReceive(); android.intent.action.BATTERY_CHANGED
         1704799039.629  2565  2565 D DLObserver: plugged=1
         1704799039.633  2565  2565 I ReverseChargingControl: handleIntentForReverseCharging(): rtx=0 wlc=0 plgac=1 ac=1 acrtx=0 extra=1 this=com.google.android.systemui.reversecharging.ReverseChargingController@6510945
         1704799039.633  2565  2565 D PowerNotificationWarningsGoogleImpl: onReceive: android.intent.action.BATTERY_CHANGED
         1704799039.633  2565  2565 D BatteryDefenderNotification: isPlugged: true | isBatteryDefender: false | defenderEnabled: false | isCharged: true | isPluggedInDock: false
         1704799039.633  2565  2565 D IncompatibleChargerNotification: dispatchIntent: android.intent.action.BATTERY_CHANGED
         1704799039.638  2837  2837 V DeviceStatisticsService: chargerType=1 batteryLevel=100 totalBatteryCapacity=4129000
         1704799039.641  2565  6494 D PowerUI : can't show warning due to - plugged: true status unknown: false
         1704799039.644 30548 30548 I dashscene-cpu: 30498 (.dashscene.demo) S 1041 1041 0 0 -1 1077936448 7483 0 21 0 28 12 0 0 10 -10 21 0 96990421 15694614528 38127 18446744073709551615 1 1 0 0 0 0 4612 1 1073775864 0 0 0 17 0 0 0 0 0 0 0 0 0 0 0 0 0 0
         1704799039.665  1086  1254 I ASH     : @ 969910.467: tcs3701: stop power rail pending_off timer
         1704799039.665  1086  1254 D ASH     : @ 969910.467: tcs3701: start power rail timer, state:3
         1704799039.705  1086  1254 I ASH     : @ 969910.507: tcs3701: stop power rail pending_off timer
         1704799039.705  1086  1254 D ASH     : @ 969910.507: tcs3701: start power rail timer, state:3
         1704799039.745  1086  1254 I ASH     : @ 969910.547: tcs3701: stop power rail pending_off timer
         1704799039.745  1086  1254 D ASH     : @ 969910.547: tcs3701: start power rail timer, state:3
         1704799039.785  1086  1254 I ASH     : @ 969910.587: tcs3701: stop power rail pending_off timer
         1704799039.785  1086  1254 D ASH     : @ 969910.587: tcs3701: start power rail timer, state:3
         1704799039.825  1086  1254 I ASH     : @ 969910.627: tcs3701: stop power rail pending_off timer
         1704799039.825  1086  1254 D ASH     : @ 969910.627: tcs3701: start power rail timer, state:3
         1704799039.865  1086  1254 I ASH     : @ 969910.667: tcs3701: stop power rail pending_off timer
         1704799039.865  1086  1254 D ASH     : @ 969910.667: tcs3701: start power rail timer, state:3
         1704799039.905  1086  1254 I ASH     : @ 969910.707: tcs3701: stop power rail pending_off timer
         1704799039.905  1086  1254 D ASH     : @ 969910.707: tcs3701: start power rail timer, state:3
         1704799039.946  1086  1254 I ASH     : @ 969910.747: tcs3701: stop power rail pending_off timer
         1704799039.947  1086  1254 D ASH     : @ 969910.747: tcs3701: start power rail timer, state:3
         1704799039.986  1086  1254 I ASH     : @ 969910.787: tcs3701: stop power rail pending_off timer
         1704799039.986  1086  1254 D ASH     : @ 969910.787: tcs3701: start power rail timer, state:3
         1704799040.027  1086  1254 I ASH     : @ 969910.827: tcs3701: stop power rail pending_off timer
         1704799040.027  1086  1254 D ASH     : @ 969910.827: tcs3701: start power rail timer, state:3
         1704799040.066  1086  1254 I ASH     : @ 969910.867: tcs3701: stop power rail pending_off timer
         1704799040.067  1086  1254 D ASH     : @ 969910.867: tcs3701: start power rail timer, state:3
         1704799040.105  1086  1254 I ASH     : @ 969910.907: tcs3701: stop power rail pending_off timer
         1704799040.105  1086  1254 D ASH     : @ 969910.907: tcs3701: start power rail timer, state:3
         1704799040.145  1086  1254 I ASH     : @ 969910.947: tcs3701: stop power rail pending_off timer
         1704799040.146  1086  1254 D ASH     : @ 969910.947: tcs3701: start power rail timer, state:3
         1704799040.161  1122  1183 D rlsservice: MonitorDisplayStatus client num 0, display status 1, sensor status 0
         1704799040.174 30551 30551 I dashscene-cpu: 30498 (.dashscene.demo) S 1041 1041 0 0 -1 1077936448 7483 0 21 0 29 13 0 0 10 -10 21 0 96990421 15694614528 38127 18446744073709551615 1 1 0 0 0 0 4612 1 1073775864 0 0 0 17 0 0 0 0 0 0 0 0 0 0 0 0 0 0
         1704799040.185  1086  1254 I ASH     : @ 969910.987: tcs3701: stop power rail pending_off timer
         1704799040.185  1086  1254 D ASH     : @ 969910.987: tcs3701: start power rail timer, state:3
         1704799040.225  1086  1254 I ASH     : @ 969911.027: tcs3701: stop power rail pending_off timer
         1704799040.225  1086  1254 D ASH     : @ 969911.027: tcs3701: start power rail timer, state:3
         1704799040.267  1086  1254 I ASH     : @ 969911.067: tcs3701: stop power rail pending_off timer
         1704799040.267  1086  1254 D ASH     : @ 969911.067: tcs3701: start power rail timer, state:3
         1704799040.305  1086  1254 I ASH     : @ 969911.107: tcs3701: stop power rail pending_off timer
         1704799040.305  1086  1254 D ASH     : @ 969911.107: tcs3701: start power rail timer, state:3
         1704799040.347  1086  1254 I ASH     : @ 969911.147: tcs3701: stop power rail pending_off timer
         1704799040.347  1086  1254 D ASH     : @ 969911.147: tcs3701: start power rail timer, state:3
         1704799040.387  1086  1254 I ASH     : @ 969911.187: tcs3701: stop power rail pending_off timer
         1704799040.387  1086  1254 D ASH     : @ 969911.187: tcs3701: start power rail timer, state:3
         1704799040.427  1086  1254 I ASH     : @ 969911.227: tcs3701: stop power rail pending_off timer
         1704799040.427  1086  1254 D ASH     : @ 969911.227: tcs3701: start power rail timer, state:3
         1704799040.467  1086  1254 I ASH     : @ 969911.267: tcs3701: stop power rail pending_off timer
         1704799040.467  1086  1254 D ASH     : @ 969911.267: tcs3701: start power rail timer, state:3
         1704799040.506  1086  1254 I ASH     : @ 969911.307: tcs3701: stop power rail pending_off timer
         1704799040.506  1086  1254 D ASH     : @ 969911.307: tcs3701: start power rail timer, state:3
         1704799040.546  1086  1254 I ASH     : @ 969911.347: tcs3701: stop power rail pending_off timer
         1704799040.547  1086  1254 D ASH     : @ 969911.347: tcs3701: start power rail timer, state:3
         1704799040.587  1086  1254 I ASH     : @ 969911.387: tcs3701: stop power rail pending_off timer
         1704799040.587  1086  1254 D ASH     : @ 969911.387: tcs3701: start power rail timer, state:3
         1704799040.623 30498 30520 I dashscene: 240 frames over 240 vsyncs
         1704799040.625  1086  1254 I ASH     : @ 969911.427: tcs3701: stop power rail pending_off timer
         1704799040.625  1086  1254 D ASH     : @ 969911.427: tcs3701: start power rail timer, state:3
         1704799040.667  1086  1254 I ASH     : @ 969911.467: tcs3701: stop power rail pending_off timer
         1704799040.667  1086  1254 D ASH     : @ 969911.467: tcs3701: start power rail timer, state:3
         1704799040.704 30554 30554 I dashscene-cpu: 30498 (.dashscene.demo) S 1041 1041 0 0 -1 1077936448 7483 0 21 0 30 14 0 0 10 -10 21 0 96990421 15694614528 38127 18446744073709551615 1 1 0 0 0 0 4612 1 1073775864 0 0 0 17 0 0 0 0 0 0 0 0 0 0 0 0 0 0
         1704799040.705  1086  1254 I ASH     : @ 969911.507: tcs3701: stop power rail pending_off timer
         1704799040.705  1086  1254 D ASH     : @ 969911.507: tcs3701: start power rail timer, state:3
         1704799040.746  1086  1254 I ASH     : @ 969911.547: tcs3701: stop power rail pending_off timer
         1704799040.746  1086  1254 D ASH     : @ 969911.547: tcs3701: start power rail timer, state:3
         1704799040.787  1086  1254 I ASH     : @ 969911.587: tcs3701: stop power rail pending_off timer
         1704799040.787  1086  1254 D ASH     : @ 969911.587: tcs3701: start power rail timer, state:3
         1704799040.825  1086  1254 I ASH     : @ 969911.627: tcs3701: stop power rail pending_off timer
         1704799040.826  1086  1254 D ASH     : @ 969911.627: tcs3701: start power rail timer, state:3
         1704799040.867  1086  1254 I ASH     : @ 969911.667: tcs3701: stop power rail pending_off timer
         1704799040.867  1086  1254 D ASH     : @ 969911.667: tcs3701: start power rail timer, state:3
         1704799040.905  1086  1254 I ASH     : @ 969911.707: tcs3701: stop power rail pending_off timer
         1704799040.906  1086  1254 D ASH     : @ 969911.707: tcs3701: start power rail timer, state:3
         1704799040.947  1086  1254 I ASH     : @ 969911.747: tcs3701: stop power rail pending_off timer
         1704799040.947  1086  1254 D ASH     : @ 969911.747: tcs3701: start power rail timer, state:3
         1704799040.987  1086  1254 I ASH     : @ 969911.787: tcs3701: stop power rail pending_off timer
         1704799040.987  1086  1254 D ASH     : @ 969911.787: tcs3701: start power rail timer, state:3
         1704799041.026  1086  1254 I ASH     : @ 969911.827: tcs3701: stop power rail pending_off timer
         1704799041.027  1086  1254 D ASH     : @ 969911.827: tcs3701: start power rail timer, state:3
         1704799041.066  1086  1254 I ASH     : @ 969911.867: tcs3701: stop power rail pending_off timer
         1704799041.067  1086  1254 D ASH     : @ 969911.867: tcs3701: start power rail timer, state:3
         1704799041.106  1086  1254 I ASH     : @ 969911.907: tcs3701: stop power rail pending_off timer
         1704799041.106  1086  1254 D ASH     : @ 969911.907: tcs3701: start power rail timer, state:3
         1704799041.146  1086  1254 I ASH     : @ 969911.947: tcs3701: stop power rail pending_off timer
         1704799041.147  1086  1254 D ASH     : @ 969911.947: tcs3701: start power rail timer, state:3
         1704799041.186  1086  1254 I ASH     : @ 969911.987: tcs3701: stop power rail pending_off timer
         1704799041.186  1086  1254 D ASH     : @ 969911.987: tcs3701: start power rail timer, state:3
         1704799041.225  1086  1254 I ASH     : @ 969912.027: tcs3701: stop power rail pending_off timer
         1704799041.226  1086  1254 D ASH     : @ 969912.027: tcs3701: start power rail timer, state:3
         1704799041.234 30557 30557 I dashscene-cpu: 30498 (.dashscene.demo) S 1041 1041 0 0 -1 1077936448 7483 0 21 0 32 15 0 0 10 -10 21 0 96990421 15694614528 38127 18446744073709551615 1 1 0 0 0 0 4612 1 1073775864 0 0 0 17 0 0 0 0 0 0 0 0 0 0 0 0 0 0
         1704799041.265  1086  1254 I ASH     : @ 969912.067: tcs3701: stop power rail pending_off timer
         1704799041.266  1086  1254 D ASH     : @ 969912.067: tcs3701: start power rail timer, state:3
         1704799041.305  1086  1254 I ASH     : @ 969912.107: tcs3701: stop power rail pending_off timer
         1704799041.305  1086  1254 D ASH     : @ 969912.107: tcs3701: start power rail timer, state:3
         1704799041.347  1086  1254 I ASH     : @ 969912.147: tcs3701: stop power rail pending_off timer
         1704799041.347  1086  1254 D ASH     : @ 969912.147: tcs3701: start power rail timer, state:3
         1704799041.386  1086  1254 I ASH     : @ 969912.187: tcs3701: stop power rail pending_off timer
         1704799041.387  1086  1254 D ASH     : @ 969912.187: tcs3701: start power rail timer, state:3
         1704799041.425  1086  1254 I ASH     : @ 969912.227: tcs3701: stop power rail pending_off timer
         1704799041.426  1086  1254 D ASH     : @ 969912.227: tcs3701: start power rail timer, state:3
         1704799041.467  1086  1254 I ASH     : @ 969912.267: tcs3701: stop power rail pending_off timer
         1704799041.467  1086  1254 D ASH     : @ 969912.267: tcs3701: start power rail timer, state:3
         1704799041.506  1086  1254 I ASH     : @ 969912.307: tcs3701: stop power rail pending_off timer
         1704799041.506  1086  1254 D ASH     : @ 969912.307: tcs3701: start power rail timer, state:3
         1704799041.547  1086  1254 I ASH     : @ 969912.347: tcs3701: stop power rail pending_off timer
         1704799041.547  1086  1254 D ASH     : @ 969912.347: tcs3701: start power rail timer, state:3
         1704799041.587  1086  1254 I ASH     : @ 969912.387: tcs3701: stop power rail pending_off timer
         1704799041.587  1086  1254 D ASH     : @ 969912.387: tcs3701: start power rail timer, state:3
         1704799041.625  1086  1254 I ASH     : @ 969912.427: tcs3701: stop power rail pending_off timer
         1704799041.626  1086  1254 D ASH     : @ 969912.427: tcs3701: start power rail timer, state:3
         1704799041.667  1086  1254 I ASH     : @ 969912.467: tcs3701: stop power rail pending_off timer
         1704799041.667  1086  1254 D ASH     : @ 969912.467: tcs3701: start power rail timer, state:3
         1704799041.705  1086  1254 I ASH     : @ 969912.507: tcs3701: stop power rail pending_off timer
         1704799041.705  1086  1254 D ASH     : @ 969912.507: tcs3701: start power rail timer, state:3
         1704799041.745  1086  1254 I ASH     : @ 969912.547: tcs3701: stop power rail pending_off timer
         1704799041.745  1086  1254 D ASH     : @ 969912.547: tcs3701: start power rail timer, state:3
         1704799041.769 30561 30561 I dashscene-cpu: 30498 (.dashscene.demo) S 1041 1041 0 0 -1 1077936448 7705 0 21 0 34 18 0 0 10 -10 18 0 96990421 15645933568 38281 18446744073709551615 1 1 0 0 0 0 4612 1 1073775864 0 0 0 17 0 0 0 0 0 0 0 0 0 0 0 0 0 0
         1704799041.785  1086  1254 I ASH     : @ 969912.587: tcs3701: stop power rail pending_off timer
         1704799041.785  1086  1254 D ASH     : @ 969912.587: tcs3701: start power rail timer, state:3
         1704799041.825  1086  1254 I ASH     : @ 969912.627: tcs3701: stop power rail pending_off timer
         1704799041.825  1086  1254 D ASH     : @ 969912.627: tcs3701: start power rail timer, state:3
         1704799041.865  1086  1254 I ASH     : @ 969912.667: tcs3701: stop power rail pending_off timer
         1704799041.865  1086  1254 D ASH     : @ 969912.667: tcs3701: start power rail timer, state:3
         1704799041.905  1086  1254 I ASH     : @ 969912.707: tcs3701: stop power rail pending_off timer
         1704799041.905  1086  1254 D ASH     : @ 969912.707: tcs3701: start power rail timer, state:3
         1704799041.945  1086  1254 I ASH     : @ 969912.747: tcs3701: stop power rail pending_off timer
         1704799041.945  1086  1254 D ASH     : @ 969912.747: tcs3701: start power rail timer, state:3
         1704799041.985  1086  1254 I ASH     : @ 969912.787: tcs3701: stop power rail pending_off timer
         1704799041.985  1086  1254 D ASH     : @ 969912.787: tcs3701: start power rail timer, state:3
         1704799042.025  1086  1254 I ASH     : @ 969912.827: tcs3701: stop power rail pending_off timer
         1704799042.025  1086  1254 D ASH     : @ 969912.827: tcs3701: start power rail timer, state:3
         1704799042.065  1086  1254 I ASH     : @ 969912.867: tcs3701: stop power rail pending_off timer
         1704799042.065  1086  1254 D ASH     : @ 969912.867: tcs3701: start power rail timer, state:3
         1704799042.105  1086  1254 I ASH     : @ 969912.907: tcs3701: stop power rail pending_off timer
         1704799042.105  1086  1254 D ASH     : @ 969912.907: tcs3701: start power rail timer, state:3
         1704799042.146  1086  1254 I ASH     : @ 969912.947: tcs3701: stop power rail pending_off timer
         1704799042.146  1086  1254 D ASH     : @ 969912.947: tcs3701: start power rail timer, state:3
         1704799042.185  1086  1254 I ASH     : @ 969912.987: tcs3701: stop power rail pending_off timer
         1704799042.185  1086  1254 D ASH     : @ 969912.987: tcs3701: start power rail timer, state:3
         1704799042.225  1086  1254 I ASH     : @ 969913.027: tcs3701: stop power rail pending_off timer
         1704799042.225  1086  1254 D ASH     : @ 969913.027: tcs3701: start power rail timer, state:3
         1704799042.265  1086  1254 I ASH     : @ 969913.067: tcs3701: stop power rail pending_off timer
         1704799042.265  1086  1254 D ASH     : @ 969913.067: tcs3701: start power rail timer, state:3
         1704799042.303 30564 30564 I dashscene-cpu: 30498 (.dashscene.demo) S 1041 1041 0 0 -1 1077936448 7804 0 21 0 41 21 0 0 10 -10 18 0 96990421 15645933568 38284 18446744073709551615 1 1 0 0 0 0 4612 1 1073775864 0 0 0 17 0 0 0 0 0 0 0 0 0 0 0 0 0 0
         1704799042.305  1086  1254 I ASH     : @ 969913.107: tcs3701: stop power rail pending_off timer
         1704799042.305  1086  1254 D ASH     : @ 969913.107: tcs3701: start power rail timer, state:3
         1704799042.345  1086  1254 I ASH     : @ 969913.147: tcs3701: stop power rail pending_off timer
         1704799042.345  1086  1254 D ASH     : @ 969913.147: tcs3701: start power rail timer, state:3
         1704799042.385  1086  1254 I ASH     : @ 969913.187: tcs3701: stop power rail pending_off timer
         1704799042.385  1086  1254 D ASH     : @ 969913.187: tcs3701: start power rail timer, state:3
         1704799042.425  1086  1254 I ASH     : @ 969913.227: tcs3701: stop power rail pending_off timer
         1704799042.425  1086  1254 D ASH     : @ 969913.227: tcs3701: start power rail timer, state:3
         1704799042.465  1086  1254 I ASH     : @ 969913.267: tcs3701: stop power rail pending_off timer
         1704799042.465  1086  1254 D ASH     : @ 969913.267: tcs3701: start power rail timer, state:3
         1704799042.505  1086  1254 I ASH     : @ 969913.307: tcs3701: stop power rail pending_off timer
         1704799042.505  1086  1254 D ASH     : @ 969913.307: tcs3701: start power rail timer, state:3
         1704799042.545  1086  1254 I ASH     : @ 969913.347: tcs3701: stop power rail pending_off timer
         1704799042.545  1086  1254 D ASH     : @ 969913.347: tcs3701: start power rail timer, state:3
         1704799042.585  1086  1254 I ASH     : @ 969913.387: tcs3701: stop power rail pending_off timer
         1704799042.585  1086  1254 D ASH     : @ 969913.387: tcs3701: start power rail timer, state:3
         1704799042.625  1086  1254 I ASH     : @ 969913.427: tcs3701: stop power rail pending_off timer
         1704799042.625  1086  1254 D ASH     : @ 969913.427: tcs3701: start power rail timer, state:3
         1704799042.665  1086  1254 I ASH     : @ 969913.467: tcs3701: stop power rail pending_off timer
         1704799042.665  1086  1254 D ASH     : @ 969913.467: tcs3701: start power rail timer, state:3
         1704799042.705  1086  1254 I ASH     : @ 969913.507: tcs3701: stop power rail pending_off timer
         1704799042.705  1086  1254 D ASH     : @ 969913.507: tcs3701: start power rail timer, state:3
         1704799042.745  1086  1254 I ASH     : @ 969913.547: tcs3701: stop power rail pending_off timer
         1704799042.745  1086  1254 D ASH     : @ 969913.547: tcs3701: start power rail timer, state:3
         1704799042.785  1086  1254 I ASH     : @ 969913.587: tcs3701: stop power rail pending_off timer
         1704799042.785  1086  1254 D ASH     : @ 969913.587: tcs3701: start power rail timer, state:3
         1704799042.825  1086  1254 I ASH     : @ 969913.627: tcs3701: stop power rail pending_off timer
         1704799042.825  1086  1254 D ASH     : @ 969913.627: tcs3701: start power rail timer, state:3
         1704799042.837 30567 30567 I dashscene-cpu: 30498 (.dashscene.demo) S 1041 1041 0 0 -1 1077936448 7903 0 21 0 46 25 0 0 10 -10 18 0 96990421 15645933568 38282 18446744073709551615 1 1 0 0 0 0 4612 1 1073775864 0 0 0 17 0 0 0 0 0 0 0 0 0 0 0 0 0 0
         1704799042.865  1086  1254 I ASH     : @ 969913.667: tcs3701: stop power rail pending_off timer
         1704799042.865  1086  1254 D ASH     : @ 969913.667: tcs3701: start power rail timer, state:3
         1704799042.905  1086  1254 I ASH     : @ 969913.707: tcs3701: stop power rail pending_off timer
         1704799042.905  1086  1254 D ASH     : @ 969913.707: tcs3701: start power rail timer, state:3
         1704799042.946  1086  1254 I ASH     : @ 969913.747: tcs3701: stop power rail pending_off timer
         1704799042.946  1086  1254 D ASH     : @ 969913.747: tcs3701: start power rail timer, state:3
         1704799042.985  1086  1254 I ASH     : @ 969913.787: tcs3701: stop power rail pending_off timer
         1704799042.985  1086  1254 D ASH     : @ 969913.787: tcs3701: start power rail timer, state:3
         1704799043.025  1086  1254 I ASH     : @ 969913.827: tcs3701: stop power rail pending_off timer
         1704799043.025  1086  1254 D ASH     : @ 969913.827: tcs3701: start power rail timer, state:3
         1704799043.065  1086  1254 I ASH     : @ 969913.867: tcs3701: stop power rail pending_off timer
         1704799043.065  1086  1254 D ASH     : @ 969913.867: tcs3701: start power rail timer, state:3
         1704799043.105  1086  1254 I ASH     : @ 969913.907: tcs3701: stop power rail pending_off timer
         1704799043.105  1086  1254 D ASH     : @ 969913.907: tcs3701: start power rail timer, state:3
         1704799043.145  1086  1254 I ASH     : @ 969913.947: tcs3701: stop power rail pending_off timer
         1704799043.145  1086  1254 D ASH     : @ 969913.947: tcs3701: start power rail timer, state:3
         1704799043.185  1086  1254 I ASH     : @ 969913.987: tcs3701: stop power rail pending_off timer
         1704799043.185  1086  1254 D ASH     : @ 969913.987: tcs3701: start power rail timer, state:3
         1704799043.225  1086  1254 I ASH     : @ 969914.027: tcs3701: stop power rail pending_off timer
         1704799043.225  1086  1254 D ASH     : @ 969914.027: tcs3701: start power rail timer, state:3
         1704799043.265  1086  1254 I ASH     : @ 969914.067: tcs3701: stop power rail pending_off timer
         1704799043.265  1086  1254 D ASH     : @ 969914.067: tcs3701: start power rail timer, state:3
         1704799043.307  1086  1254 I ASH     : @ 969914.107: tcs3701: stop power rail pending_off timer
         1704799043.307  1086  1254 D ASH     : @ 969914.107: tcs3701: start power rail timer, state:3
         1704799043.346  1086  1254 I ASH     : @ 969914.147: tcs3701: stop power rail pending_off timer
         1704799043.346  1086  1254 D ASH     : @ 969914.147: tcs3701: start power rail timer, state:3
         1704799043.368 30570 30570 I dashscene-cpu: 30498 (.dashscene.demo) S 1041 1041 0 0 -1 1077936448 7966 0 21 0 50 28 0 0 10 -10 18 0 96990421 15645933568 38290 18446744073709551615 1 1 0 0 0 0 4612 1 1073775864 0 0 0 17 0 0 0 0 0 0 0 0 0 0 0 0 0 0
         1704799043.385  1086  1254 I ASH     : @ 969914.187: tcs3701: stop power rail pending_off timer
         1704799043.385  1086  1254 D ASH     : @ 969914.187: tcs3701: start power rail timer, state:3
         1704799043.426  1086  1254 I ASH     : @ 969914.227: tcs3701: stop power rail pending_off timer
         1704799043.426  1086  1254 D ASH     : @ 969914.227: tcs3701: start power rail timer, state:3
         1704799043.467  1086  1254 I ASH     : @ 969914.267: tcs3701: stop power rail pending_off timer
         1704799043.467  1086  1254 D ASH     : @ 969914.267: tcs3701: start power rail timer, state:3
         1704799043.507  1086  1254 I ASH     : @ 969914.307: tcs3701: stop power rail pending_off timer
         1704799043.507  1086  1254 D ASH     : @ 969914.307: tcs3701: start power rail timer, state:3
         1704799043.545  1086  1254 I ASH     : @ 969914.347: tcs3701: stop power rail pending_off timer
         1704799043.546  1086  1254 D ASH     : @ 969914.347: tcs3701: start power rail timer, state:3
         1704799043.586  1086  1254 I ASH     : @ 969914.387: tcs3701: stop power rail pending_off timer
         1704799043.587  1086  1254 D ASH     : @ 969914.387: tcs3701: start power rail timer, state:3
         1704799043.625  1086  1254 I ASH     : @ 969914.427: tcs3701: stop power rail pending_off timer
         1704799043.626  1086  1254 D ASH     : @ 969914.427: tcs3701: start power rail timer, state:3
         1704799043.666  1086  1254 I ASH     : @ 969914.467: tcs3701: stop power rail pending_off timer
         1704799043.667  1086  1254 D ASH     : @ 969914.467: tcs3701: start power rail timer, state:3
         1704799043.707  1086  1254 I ASH     : @ 969914.507: tcs3701: stop power rail pending_off timer
         1704799043.707  1086  1254 D ASH     : @ 969914.507: tcs3701: start power rail timer, state:3
         1704799043.747  1086  1254 I ASH     : @ 969914.547: tcs3701: stop power rail pending_off timer
         1704799043.747  1086  1254 D ASH     : @ 969914.547: tcs3701: start power rail timer, state:3
         1704799043.787  1086  1254 I ASH     : @ 969914.587: tcs3701: stop power rail pending_off timer
         1704799043.787  1086  1254 D ASH     : @ 969914.587: tcs3701: start power rail timer, state:3
         1704799043.826  1086  1254 I ASH     : @ 969914.627: tcs3701: stop power rail pending_off timer
         1704799043.826  1086  1254 D ASH     : @ 969914.627: tcs3701: start power rail timer, state:3
         1704799043.867  1086  1254 I ASH     : @ 969914.667: tcs3701: stop power rail pending_off timer
         1704799043.867  1086  1254 D ASH     : @ 969914.667: tcs3701: start power rail timer, state:3
         1704799043.896 30573 30573 I dashscene-cpu: 30498 (.dashscene.demo) S 1041 1041 0 0 -1 1077936448 7966 0 21 0 50 29 0 0 10 -10 18 0 96990421 15645933568 38290 18446744073709551615 1 1 0 0 0 0 4612 1 1073775864 0 0 0 17 0 0 0 0 0 0 0 0 0 0 0 0 0 0
         1704799043.905  1086  1254 I ASH     : @ 969914.707: tcs3701: stop power rail pending_off timer
         1704799043.905  1086  1254 D ASH     : @ 969914.707: tcs3701: start power rail timer, state:3
         1704799043.945  1086  1254 I ASH     : @ 969914.747: tcs3701: stop power rail pending_off timer
         1704799043.946  1086  1254 D ASH     : @ 969914.747: tcs3701: start power rail timer, state:3
         1704799043.987  1086  1254 I ASH     : @ 969914.787: tcs3701: stop power rail pending_off timer
         1704799043.987  1086  1254 D ASH     : @ 969914.787: tcs3701: start power rail timer, state:3
         1704799044.026  1086  1254 I ASH     : @ 969914.827: tcs3701: stop power rail pending_off timer
         1704799044.026  1086  1254 D ASH     : @ 969914.827: tcs3701: start power rail timer, state:3
         1704799044.067  1086  1254 I ASH     : @ 969914.867: tcs3701: stop power rail pending_off timer
         1704799044.067  1086  1254 D ASH     : @ 969914.867: tcs3701: start power rail timer, state:3
         1704799044.107  1086  1254 I ASH     : @ 969914.907: tcs3701: stop power rail pending_off timer
         1704799044.107  1086  1254 D ASH     : @ 969914.907: tcs3701: start power rail timer, state:3
         1704799044.145  1086  1254 I ASH     : @ 969914.947: tcs3701: stop power rail pending_off timer
         1704799044.145  1086  1254 D ASH     : @ 969914.947: tcs3701: start power rail timer, state:3
         1704799044.185  1086  1254 I ASH     : @ 969914.987: tcs3701: stop power rail pending_off timer
         1704799044.185  1086  1254 D ASH     : @ 969914.987: tcs3701: start power rail timer, state:3
         1704799044.225  1086  1254 I ASH     : @ 969915.027: tcs3701: stop power rail pending_off timer
         1704799044.225  1086  1254 D ASH     : @ 969915.027: tcs3701: start power rail timer, state:3
         1704799044.266  1086  1254 I ASH     : @ 969915.067: tcs3701: stop power rail pending_off timer
         1704799044.267  1086  1254 D ASH     : @ 969915.067: tcs3701: start power rail timer, state:3
         1704799044.307  1086  1254 I ASH     : @ 969915.107: tcs3701: stop power rail pending_off timer
         1704799044.307  1086  1254 D ASH     : @ 969915.107: tcs3701: start power rail timer, state:3
         1704799044.345  1086  1254 I ASH     : @ 969915.147: tcs3701: stop power rail pending_off timer
         1704799044.345  1086  1254 D ASH     : @ 969915.147: tcs3701: start power rail timer, state:3
         1704799044.386  1086  1254 I ASH     : @ 969915.187: tcs3701: stop power rail pending_off timer
         1704799044.387  1086  1254 D ASH     : @ 969915.187: tcs3701: start power rail timer, state:3
         1704799044.425  1086  1254 I ASH     : @ 969915.227: tcs3701: stop power rail pending_off timer
         1704799044.425  1086  1254 D ASH     : @ 969915.227: tcs3701: start power rail timer, state:3
         1704799044.430 30576 30576 I dashscene-cpu: 30498 (.dashscene.demo) S 1041 1041 0 0 -1 1077936448 7972 0 21 0 52 29 0 0 10 -10 18 0 96990421 15645933568 38283 18446744073709551615 1 1 0 0 0 0 4612 1 1073775864 0 0 0 17 0 0 0 0 0 0 0 0 0 0 0 0 0 0
         1704799044.465  1086  1254 I ASH     : @ 969915.267: tcs3701: stop power rail pending_off timer
         1704799044.466  1086  1254 D ASH     : @ 969915.267: tcs3701: start power rail timer, state:3
         1704799044.507  1086  1254 I ASH     : @ 969915.307: tcs3701: stop power rail pending_off timer
         1704799044.507  1086  1254 D ASH     : @ 969915.307: tcs3701: start power rail timer, state:3
         1704799044.545  1086  1254 I ASH     : @ 969915.347: tcs3701: stop power rail pending_off timer
         1704799044.546  1086  1254 D ASH     : @ 969915.347: tcs3701: start power rail timer, state:3
         1704799044.587  1086  1254 I ASH     : @ 969915.387: tcs3701: stop power rail pending_off timer
         1704799044.587  1086  1254 D ASH     : @ 969915.387: tcs3701: start power rail timer, state:3
         1704799044.627  1086  1254 I ASH     : @ 969915.427: tcs3701: stop power rail pending_off timer
         1704799044.627  1086  1254 D ASH     : @ 969915.427: tcs3701: start power rail timer, state:3
         1704799044.645 30498 30520 I dashscene: 480 frames over 480 vsyncs
         1704799044.667  1086  1254 I ASH     : @ 969915.467: tcs3701: stop power rail pending_off timer
         1704799044.667  1086  1254 D ASH     : @ 969915.467: tcs3701: start power rail timer, state:3
         1704799044.706  1086  1254 I ASH     : @ 969915.507: tcs3701: stop power rail pending_off timer
         1704799044.707  1086  1254 D ASH     : @ 969915.507: tcs3701: start power rail timer, state:3
         1704799044.745  1086  1254 I ASH     : @ 969915.547: tcs3701: stop power rail pending_off timer
         1704799044.745  1086  1254 D ASH     : @ 969915.547: tcs3701: start power rail timer, state:3
         1704799044.786  1086  1254 I ASH     : @ 969915.587: tcs3701: stop power rail pending_off timer
         1704799044.787  1086  1254 D ASH     : @ 969915.587: tcs3701: start power rail timer, state:3
         1704799044.827  1086  1254 I ASH     : @ 969915.627: tcs3701: stop power rail pending_off timer
         1704799044.827  1086  1254 D ASH     : @ 969915.627: tcs3701: start power rail timer, state:3
         1704799044.867  1086  1254 I ASH     : @ 969915.667: tcs3701: stop power rail pending_off timer
         1704799044.867  1086  1254 D ASH     : @ 969915.667: tcs3701: start power rail timer, state:3
         1704799044.906  1086  1254 I ASH     : @ 969915.707: tcs3701: stop power rail pending_off timer
         1704799044.907  1086  1254 D ASH     : @ 969915.707: tcs3701: start power rail timer, state:3
         1704799044.946  1086  1254 I ASH     : @ 969915.747: tcs3701: stop power rail pending_off timer
         1704799044.946  1086  1254 D ASH     : @ 969915.747: tcs3701: start power rail timer, state:3
         1704799044.964 30579 30579 I dashscene-cpu: 30498 (.dashscene.demo) S 1041 1041 0 0 -1 1077936448 7972 0 21 0 53 31 0 0 10 -10 18 0 96990421 15645933568 38283 18446744073709551615 1 1 0 0 0 0 4612 1 1073775864 0 0 0 17 0 0 0 0 0 0 0 0 0 0 0 0 0 0
         1704799044.985  1086  1254 I ASH     : @ 969915.787: tcs3701: stop power rail pending_off timer
         1704799044.985  1086  1254 D ASH     : @ 969915.787: tcs3701: start power rail timer, state:3
         1704799045.026  1086  1254 I ASH     : @ 969915.827: tcs3701: stop power rail pending_off timer
         1704799045.027  1086  1254 D ASH     : @ 969915.827: tcs3701: start power rail timer, state:3
         1704799045.067  1086  1254 I ASH     : @ 969915.867: tcs3701: stop power rail pending_off timer
         1704799045.067  1086  1254 D ASH     : @ 969915.867: tcs3701: start power rail timer, state:3
         1704799045.106  1086  1254 I ASH     : @ 969915.907: tcs3701: stop power rail pending_off timer
         1704799045.107  1086  1254 D ASH     : @ 969915.907: tcs3701: start power rail timer, state:3
         1704799045.145  1086  1254 I ASH     : @ 969915.947: tcs3701: stop power rail pending_off timer
         1704799045.145  1086  1254 D ASH     : @ 969915.947: tcs3701: start power rail timer, state:3
         1704799045.187  1086  1254 I ASH     : @ 969915.987: tcs3701: stop power rail pending_off timer
         1704799045.187  1086  1254 D ASH     : @ 969915.987: tcs3701: start power rail timer, state:3
         1704799045.227  1086  1254 I ASH     : @ 969916.027: tcs3701: stop power rail pending_off timer
         1704799045.227  1086  1254 D ASH     : @ 969916.027: tcs3701: start power rail timer, state:3
         1704799045.265  1086  1254 I ASH     : @ 969916.067: tcs3701: stop power rail pending_off timer
         1704799045.266  1086  1254 D ASH     : @ 969916.067: tcs3701: start power rail timer, state:3
         1704799045.307  1086  1254 I ASH     : @ 969916.107: tcs3701: stop power rail pending_off timer
         1704799045.307  1086  1254 D ASH     : @ 969916.107: tcs3701: start power rail timer, state:3
         1704799045.345  1086  1254 I ASH     : @ 969916.147: tcs3701: stop power rail pending_off timer
         1704799045.346  1086  1254 D ASH     : @ 969916.147: tcs3701: start power rail timer, state:3
         1704799045.387  1086  1254 I ASH     : @ 969916.187: tcs3701: stop power rail pending_off timer
         1704799045.387  1086  1254 D ASH     : @ 969916.187: tcs3701: start power rail timer, state:3
         1704799045.427  1086  1254 I ASH     : @ 969916.227: tcs3701: stop power rail pending_off timer
         1704799045.427  1086  1254 D ASH     : @ 969916.227: tcs3701: start power rail timer, state:3
         1704799045.467  1086  1254 I ASH     : @ 969916.267: tcs3701: stop power rail pending_off timer
         1704799045.467  1086  1254 D ASH     : @ 969916.267: tcs3701: start power rail timer, state:3
         1704799045.495 30582 30582 I dashscene-cpu: 30498 (.dashscene.demo) S 1041 1041 0 0 -1 1077936448 7972 0 21 0 54 32 0 0 10 -10 18 0 96990421 15645933568 38283 18446744073709551615 1 1 0 0 0 0 4612 1 1073775864 0 0 0 17 0 0 0 0 0 0 0 0 0 0 0 0 0 0
         1704799045.505  1086  1254 I ASH     : @ 969916.307: tcs3701: stop power rail pending_off timer
         1704799045.505  1086  1254 D ASH     : @ 969916.307: tcs3701: start power rail timer, state:3
         1704799045.545  1086  1254 I ASH     : @ 969916.347: tcs3701: stop power rail pending_off timer
         1704799045.545  1086  1254 D ASH     : @ 969916.347: tcs3701: start power rail timer, state:3
         1704799045.587  1086  1254 I ASH     : @ 969916.387: tcs3701: stop power rail pending_off timer
         1704799045.587  1086  1254 D ASH     : @ 969916.387: tcs3701: start power rail timer, state:3
         1704799045.627  1086  1254 I ASH     : @ 969916.427: tcs3701: stop power rail pending_off timer
         1704799045.627  1086  1254 D ASH     : @ 969916.427: tcs3701: start power rail timer, state:3
         1704799045.666  1086  1254 I ASH     : @ 969916.467: tcs3701: stop power rail pending_off timer
         1704799045.666  1086  1254 D ASH     : @ 969916.467: tcs3701: start power rail timer, state:3
         1704799045.706  1086  1254 I ASH     : @ 969916.507: tcs3701: stop power rail pending_off timer
         1704799045.706  1086  1254 D ASH     : @ 969916.507: tcs3701: start power rail timer, state:3
         1704799045.746  1086  1254 I ASH     : @ 969916.547: tcs3701: stop power rail pending_off timer
         1704799045.746  1086  1254 D ASH     : @ 969916.547: tcs3701: start power rail timer, state:3
         1704799045.787  1086  1254 I ASH     : @ 969916.587: tcs3701: stop power rail pending_off timer
         1704799045.787  1086  1254 D ASH     : @ 969916.587: tcs3701: start power rail timer, state:3
         1704799045.826  1086  1254 I ASH     : @ 969916.627: tcs3701: stop power rail pending_off timer
         1704799045.827  1086  1254 D ASH     : @ 969916.627: tcs3701: start power rail timer, state:3
         1704799045.865  1086  1254 I ASH     : @ 969916.667: tcs3701: stop power rail pending_off timer
         1704799045.866  1086  1254 D ASH     : @ 969916.667: tcs3701: start power rail timer, state:3
         1704799045.905  1086  1254 I ASH     : @ 969916.707: tcs3701: stop power rail pending_off timer
         1704799045.905  1086  1254 D ASH     : @ 969916.707: tcs3701: start power rail timer, state:3
         1704799045.945  1086  1254 I ASH     : @ 969916.747: tcs3701: stop power rail pending_off timer
         1704799045.945  1086  1254 D ASH     : @ 969916.747: tcs3701: start power rail timer, state:3
         1704799045.987  1086  1254 I ASH     : @ 969916.787: tcs3701: stop power rail pending_off timer
         1704799045.987  1086  1254 D ASH     : @ 969916.787: tcs3701: start power rail timer, state:3
         1704799046.025  1086  1254 I ASH     : @ 969916.827: tcs3701: stop power rail pending_off timer
         1704799046.025  1086  1254 D ASH     : @ 969916.827: tcs3701: start power rail timer, state:3
         1704799046.029 30585 30585 I dashscene-cpu: 30498 (.dashscene.demo) S 1041 1041 0 0 -1 1077936448 7972 0 21 0 55 33 0 0 10 -10 18 0 96990421 15645933568 38283 18446744073709551615 1 1 0 0 0 0 4612 1 1073775864 0 0 0 17 0 0 0 0 0 0 0 0 0 0 0 0 0 0
         1704799046.065  1086  1254 I ASH     : @ 969916.867: tcs3701: stop power rail pending_off timer
         1704799046.065  1086  1254 D ASH     : @ 969916.867: tcs3701: start power rail timer, state:3
         1704799046.107  1086  1254 I ASH     : @ 969916.907: tcs3701: stop power rail pending_off timer
         1704799046.107  1086  1254 D ASH     : @ 969916.907: tcs3701: start power rail timer, state:3
         1704799046.147  1086  1254 I ASH     : @ 969916.947: tcs3701: stop power rail pending_off timer
         1704799046.147  1086  1254 D ASH     : @ 969916.947: tcs3701: start power rail timer, state:3
         1704799046.186  1086  1254 I ASH     : @ 969916.987: tcs3701: stop power rail pending_off timer
         1704799046.187  1086  1254 D ASH     : @ 969916.987: tcs3701: start power rail timer, state:3
         1704799046.227  1086  1254 I ASH     : @ 969917.027: tcs3701: stop power rail pending_off timer
         1704799046.227  1086  1254 D ASH     : @ 969917.027: tcs3701: start power rail timer, state:3
         1704799046.265  1086  1254 I ASH     : @ 969917.067: tcs3701: stop power rail pending_off timer
         1704799046.266  1086  1254 D ASH     : @ 969917.067: tcs3701: start power rail timer, state:3
         1704799046.307  1086  1254 I ASH     : @ 969917.107: tcs3701: stop power rail pending_off timer
         1704799046.307  1086  1254 D ASH     : @ 969917.107: tcs3701: start power rail timer, state:3
         1704799046.346  1086  1254 I ASH     : @ 969917.147: tcs3701: stop power rail pending_off timer
         1704799046.347  1086  1254 D ASH     : @ 969917.147: tcs3701: start power rail timer, state:3
         1704799046.387  1086  1254 I ASH     : @ 969917.187: tcs3701: stop power rail pending_off timer
         1704799046.387  1086  1254 D ASH     : @ 969917.187: tcs3701: start power rail timer, state:3
         1704799046.427  1086  1254 I ASH     : @ 969917.227: tcs3701: stop power rail pending_off timer
         1704799046.427  1086  1254 D ASH     : @ 969917.227: tcs3701: start power rail timer, state:3
         1704799046.465  1086  1254 I ASH     : @ 969917.267: tcs3701: stop power rail pending_off timer
         1704799046.465  1086  1254 D ASH     : @ 969917.267: tcs3701: start power rail timer, state:3
         1704799046.507  1086  1254 I ASH     : @ 969917.307: tcs3701: stop power rail pending_off timer
         1704799046.507  1086  1254 D ASH     : @ 969917.307: tcs3701: start power rail timer, state:3
         1704799046.545  1086  1254 I ASH     : @ 969917.347: tcs3701: stop power rail pending_off timer
         1704799046.545  1086  1254 D ASH     : @ 969917.347: tcs3701: start power rail timer, state:3
         1704799046.564 30588 30588 I dashscene-cpu: 30498 (.dashscene.demo) S 1041 1041 0 0 -1 1077936448 7972 0 21 0 56 34 0 0 10 -10 18 0 96990421 15645933568 38283 18446744073709551615 1 1 0 0 0 0 4612 1 1073775864 0 0 0 17 0 0 0 0 0 0 0 0 0 0 0 0 0 0
         1704799046.585  1086  1254 I ASH     : @ 969917.387: tcs3701: stop power rail pending_off timer
         1704799046.585  1086  1254 D ASH     : @ 969917.387: tcs3701: start power rail timer, state:3
         1704799046.625  1086  1254 I ASH     : @ 969917.427: tcs3701: stop power rail pending_off timer
         1704799046.625  1086  1254 D ASH     : @ 969917.427: tcs3701: start power rail timer, state:3
         1704799046.665  1086  1254 I ASH     : @ 969917.467: tcs3701: stop power rail pending_off timer
         1704799046.665  1086  1254 D ASH     : @ 969917.467: tcs3701: start power rail timer, state:3
         1704799046.705  1086  1254 I ASH     : @ 969917.507: tcs3701: stop power rail pending_off timer
         1704799046.705  1086  1254 D ASH     : @ 969917.507: tcs3701: start power rail timer, state:3
         1704799046.745  1086  1254 I ASH     : @ 969917.547: tcs3701: stop power rail pending_off timer
         1704799046.745  1086  1254 D ASH     : @ 969917.547: tcs3701: start power rail timer, state:3
         1704799046.786  1086  1254 I ASH     : @ 969917.587: tcs3701: stop power rail pending_off timer
         1704799046.786  1086  1254 D ASH     : @ 969917.587: tcs3701: start power rail timer, state:3
         1704799046.825  1086  1254 I ASH     : @ 969917.627: tcs3701: stop power rail pending_off timer
         1704799046.825  1086  1254 D ASH     : @ 969917.627: tcs3701: start power rail timer, state:3
         1704799046.865  1086  1254 I ASH     : @ 969917.667: tcs3701: stop power rail pending_off timer
         1704799046.865  1086  1254 D ASH     : @ 969917.667: tcs3701: start power rail timer, state:3
         1704799046.905  1086  1254 I ASH     : @ 969917.707: tcs3701: stop power rail pending_off timer
         1704799046.905  1086  1254 D ASH     : @ 969917.707: tcs3701: start power rail timer, state:3
         1704799046.945  1086  1254 I ASH     : @ 969917.747: tcs3701: stop power rail pending_off timer
         1704799046.945  1086  1254 D ASH     : @ 969917.747: tcs3701: start power rail timer, state:3
         1704799046.985  1086  1254 I ASH     : @ 969917.787: tcs3701: stop power rail pending_off timer
         1704799046.985  1086  1254 D ASH     : @ 969917.787: tcs3701: start power rail timer, state:3
         1704799047.025  1086  1254 I ASH     : @ 969917.827: tcs3701: stop power rail pending_off timer
         1704799047.025  1086  1254 D ASH     : @ 969917.827: tcs3701: start power rail timer, state:3
         1704799047.065  1086  1254 I ASH     : @ 969917.867: tcs3701: stop power rail pending_off timer
         1704799047.065  1086  1254 D ASH     : @ 969917.867: tcs3701: start power rail timer, state:3
         1704799047.095 30591 30591 I dashscene-cpu: 30498 (.dashscene.demo) S 1041 1041 0 0 -1 1077936448 8055 0 21 0 61 38 0 0 10 -10 18 0 96990421 15645933568 38286 18446744073709551615 1 1 0 0 0 0 4612 1 1073775864 0 0 0 17 0 0 0 0 0 0 0 0 0 0 0 0 0 0
         1704799047.105  1086  1254 I ASH     : @ 969917.907: tcs3701: stop power rail pending_off timer
         1704799047.105  1086  1254 D ASH     : @ 969917.907: tcs3701: start power rail timer, state:3
         1704799047.145  1086  1254 I ASH     : @ 969917.947: tcs3701: stop power rail pending_off timer
         1704799047.145  1086  1254 D ASH     : @ 969917.947: tcs3701: start power rail timer, state:3
         1704799047.185  1086  1254 I ASH     : @ 969917.987: tcs3701: stop power rail pending_off timer
         1704799047.185  1086  1254 D ASH     : @ 969917.987: tcs3701: start power rail timer, state:3
         1704799047.225  1086  1254 I ASH     : @ 969918.027: tcs3701: stop power rail pending_off timer
         1704799047.225  1086  1254 D ASH     : @ 969918.027: tcs3701: start power rail timer, state:3
         1704799047.265  1086  1254 I ASH     : @ 969918.067: tcs3701: stop power rail pending_off timer
         1704799047.265  1086  1254 D ASH     : @ 969918.067: tcs3701: start power rail timer, state:3
         1704799047.305  1086  1254 I ASH     : @ 969918.107: tcs3701: stop power rail pending_off timer
         1704799047.305  1086  1254 D ASH     : @ 969918.107: tcs3701: start power rail timer, state:3
         1704799047.345  1086  1254 I ASH     : @ 969918.147: tcs3701: stop power rail pending_off timer
         1704799047.345  1086  1254 D ASH     : @ 969918.147: tcs3701: start power rail timer, state:3
         1704799047.385  1086  1254 I ASH     : @ 969918.187: tcs3701: stop power rail pending_off timer
         1704799047.385  1086  1254 D ASH     : @ 969918.187: tcs3701: start power rail timer, state:3
         1704799047.425  1086  1254 I ASH     : @ 969918.227: tcs3701: stop power rail pending_off timer
         1704799047.425  1086  1254 D ASH     : @ 969918.227: tcs3701: start power rail timer, state:3
         1704799047.465  1086  1254 I ASH     : @ 969918.267: tcs3701: stop power rail pending_off timer
         1704799047.465  1086  1254 D ASH     : @ 969918.267: tcs3701: start power rail timer, state:3
         1704799047.505  1086  1254 I ASH     : @ 969918.307: tcs3701: stop power rail pending_off timer
         1704799047.505  1086  1254 D ASH     : @ 969918.307: tcs3701: start power rail timer, state:3
         1704799047.545  1086  1254 I ASH     : @ 969918.347: tcs3701: stop power rail pending_off timer
         1704799047.545  1086  1254 D ASH     : @ 969918.347: tcs3701: start power rail timer, state:3
         1704799047.585  1086  1254 I ASH     : @ 969918.387: tcs3701: stop power rail pending_off timer
         1704799047.585  1086  1254 D ASH     : @ 969918.387: tcs3701: start power rail timer, state:3
         1704799047.625  1086  1254 I ASH     : @ 969918.427: tcs3701: stop power rail pending_off timer
         1704799047.625  1086  1254 D ASH     : @ 969918.427: tcs3701: start power rail timer, state:3
         1704799047.626 30594 30594 I dashscene-cpu: 30498 (.dashscene.demo) S 1041 1041 0 0 -1 1077936448 8151 0 21 0 68 41 0 0 10 -10 18 0 96990421 15645933568 38286 18446744073709551615 1 1 0 0 0 0 4612 1 1073775864 0 0 0 17 0 0 0 0 0 0 0 0 0 0 0 0 0 0
         1704799047.665  1086  1254 I ASH     : @ 969918.467: tcs3701: stop power rail pending_off timer
         1704799047.665  1086  1254 D ASH     : @ 969918.467: tcs3701: start power rail timer, state:3
         1704799047.705  1086  1254 I ASH     : @ 969918.507: tcs3701: stop power rail pending_off timer
         1704799047.705  1086  1254 D ASH     : @ 969918.507: tcs3701: start power rail timer, state:3
         1704799047.745  1086  1254 I ASH     : @ 969918.547: tcs3701: stop power rail pending_off timer
         1704799047.745  1086  1254 D ASH     : @ 969918.547: tcs3701: start power rail timer, state:3
         1704799047.785  1086  1254 I ASH     : @ 969918.587: tcs3701: stop power rail pending_off timer
         1704799047.785  1086  1254 D ASH     : @ 969918.587: tcs3701: start power rail timer, state:3
         1704799047.825  1086  1254 I ASH     : @ 969918.627: tcs3701: stop power rail pending_off timer
         1704799047.825  1086  1254 D ASH     : @ 969918.627: tcs3701: start power rail timer, state:3
         1704799047.865  1086  1254 I ASH     : @ 969918.667: tcs3701: stop power rail pending_off timer
         1704799047.865  1086  1254 D ASH     : @ 969918.667: tcs3701: start power rail timer, state:3
         1704799047.905  1086  1254 I ASH     : @ 969918.707: tcs3701: stop power rail pending_off timer
         1704799047.905  1086  1254 D ASH     : @ 969918.707: tcs3701: start power rail timer, state:3
         1704799047.945  1086  1254 I ASH     : @ 969918.747: tcs3701: stop power rail pending_off timer
         1704799047.945  1086  1254 D ASH     : @ 969918.747: tcs3701: start power rail timer, state:3
         1704799047.985  1086  1254 I ASH     : @ 969918.787: tcs3701: stop power rail pending_off timer
         1704799047.985  1086  1254 D ASH     : @ 969918.787: tcs3701: start power rail timer, state:3
         1704799048.025  1086  1254 I ASH     : @ 969918.827: tcs3701: stop power rail pending_off timer
         1704799048.025  1086  1254 D ASH     : @ 969918.827: tcs3701: start power rail timer, state:3
         1704799048.065  1086  1254 I ASH     : @ 969918.867: tcs3701: stop power rail pending_off timer
         1704799048.065  1086  1254 D ASH     : @ 969918.867: tcs3701: start power rail timer, state:3
         1704799048.105  1086  1254 I ASH     : @ 969918.907: tcs3701: stop power rail pending_off timer
         1704799048.105  1086  1254 D ASH     : @ 969918.907: tcs3701: start power rail timer, state:3
         1704799048.145  1086  1254 I ASH     : @ 969918.947: tcs3701: stop power rail pending_off timer
         1704799048.145  1086  1254 D ASH     : @ 969918.947: tcs3701: start power rail timer, state:3
         1704799048.157 30597 30597 I dashscene-cpu: 30498 (.dashscene.demo) S 1041 1041 0 0 -1 1077936448 8245 0 21 0 75 43 0 0 10 -10 18 0 96990421 15645933568 38286 18446744073709551615 1 1 0 0 0 0 4612 1 1073775864 0 0 0 17 0 0 0 0 0 0 0 0 0 0 0 0 0 0
         1704799048.185  1086  1254 I ASH     : @ 969918.987: tcs3701: stop power rail pending_off timer
         1704799048.185  1086  1254 D ASH     : @ 969918.987: tcs3701: start power rail timer, state:3
         1704799048.225  1086  1254 I ASH     : @ 969919.027: tcs3701: stop power rail pending_off timer
         1704799048.225  1086  1254 D ASH     : @ 969919.027: tcs3701: start power rail timer, state:3
         1704799048.265  1086  1254 I ASH     : @ 969919.067: tcs3701: stop power rail pending_off timer
         1704799048.265  1086  1254 D ASH     : @ 969919.067: tcs3701: start power rail timer, state:3
         1704799048.307  1086  1254 I ASH     : @ 969919.107: tcs3701: stop power rail pending_off timer
         1704799048.307  1086  1254 D ASH     : @ 969919.107: tcs3701: start power rail timer, state:3
         1704799048.346  1086  1254 I ASH     : @ 969919.147: tcs3701: stop power rail pending_off timer
         1704799048.347  1086  1254 D ASH     : @ 969919.147: tcs3701: start power rail timer, state:3
         1704799048.387  1086  1254 I ASH     : @ 969919.187: tcs3701: stop power rail pending_off timer
         1704799048.387  1086  1254 D ASH     : @ 969919.187: tcs3701: start power rail timer, state:3
         1704799048.427  1086  1254 I ASH     : @ 969919.227: tcs3701: stop power rail pending_off timer
         1704799048.427  1086  1254 D ASH     : @ 969919.227: tcs3701: start power rail timer, state:3
         1704799048.465  1086  1254 I ASH     : @ 969919.267: tcs3701: stop power rail pending_off timer
         1704799048.465  1086  1254 D ASH     : @ 969919.267: tcs3701: start power rail timer, state:3
         1704799048.507  1086  1254 I ASH     : @ 969919.307: tcs3701: stop power rail pending_off timer
         1704799048.507  1086  1254 D ASH     : @ 969919.307: tcs3701: start power rail timer, state:3
         1704799048.547  1086  1254 I ASH     : @ 969919.347: tcs3701: stop power rail pending_off timer
         1704799048.547  1086  1254 D ASH     : @ 969919.347: tcs3701: start power rail timer, state:3
         1704799048.587  1086  1254 I ASH     : @ 969919.387: tcs3701: stop power rail pending_off timer
         1704799048.587  1086  1254 D ASH     : @ 969919.387: tcs3701: start power rail timer, state:3
         1704799048.626  1086  1254 I ASH     : @ 969919.427: tcs3701: stop power rail pending_off timer
         1704799048.627  1086  1254 D ASH     : @ 969919.427: tcs3701: start power rail timer, state:3
         1704799048.666  1086  1254 I ASH     : @ 969919.467: tcs3701: stop power rail pending_off timer
         1704799048.666  1086  1254 D ASH     : @ 969919.467: tcs3701: start power rail timer, state:3
         1704799048.666 30498 30520 I dashscene: 720 frames over 720 vsyncs
         1704799048.691 30600 30600 I dashscene-cpu: 30498 (.dashscene.demo) S 1041 1041 0 0 -1 1077936448 8246 0 21 0 77 44 0 0 10 -10 18 0 96990421 15645933568 38286 18446744073709551615 1 1 0 0 0 0 4612 1 1073775864 0 0 0 17 0 0 0 0 0 0 0 0 0 0 0 0 0 0
         1704799048.705  1086  1254 I ASH     : @ 969919.507: tcs3701: stop power rail pending_off timer
         1704799048.705  1086  1254 D ASH     : @ 969919.507: tcs3701: start power rail timer, state:3
         1704799048.745  1086  1254 I ASH     : @ 969919.547: tcs3701: stop power rail pending_off timer
         1704799048.745  1086  1254 D ASH     : @ 969919.547: tcs3701: start power rail timer, state:3
         1704799048.786  1086  1254 I ASH     : @ 969919.587: tcs3701: stop power rail pending_off timer
         1704799048.786  1086  1254 D ASH     : @ 969919.587: tcs3701: start power rail timer, state:3
         1704799048.827  1086  1254 I ASH     : @ 969919.627: tcs3701: stop power rail pending_off timer
         1704799048.827  1086  1254 D ASH     : @ 969919.627: tcs3701: start power rail timer, state:3
         1704799048.866  1086  1254 I ASH     : @ 969919.667: tcs3701: stop power rail pending_off timer
         1704799048.866  1086  1254 D ASH     : @ 969919.667: tcs3701: start power rail timer, state:3
         1704799048.907  1086  1254 I ASH     : @ 969919.707: tcs3701: stop power rail pending_off timer
         1704799048.907  1086  1254 D ASH     : @ 969919.707: tcs3701: start power rail timer, state:3
         1704799048.946  1086  1254 I ASH     : @ 969919.747: tcs3701: stop power rail pending_off timer
         1704799048.947  1086  1254 D ASH     : @ 969919.747: tcs3701: start power rail timer, state:3
         1704799048.985  1086  1254 I ASH     : @ 969919.787: tcs3701: stop power rail pending_off timer
         1704799048.985  1086  1254 D ASH     : @ 969919.787: tcs3701: start power rail timer, state:3
         1704799049.027  1086  1254 I ASH     : @ 969919.827: tcs3701: stop power rail pending_off timer
         1704799049.027  1086  1254 D ASH     : @ 969919.827: tcs3701: start power rail timer, state:3
         1704799049.066  1086  1254 I ASH     : @ 969919.867: tcs3701: stop power rail pending_off timer
         1704799049.066  1086  1254 D ASH     : @ 969919.867: tcs3701: start power rail timer, state:3
         1704799049.106  1086  1254 I ASH     : @ 969919.907: tcs3701: stop power rail pending_off timer
         1704799049.107  1086  1254 D ASH     : @ 969919.907: tcs3701: start power rail timer, state:3
         1704799049.145  1086  1254 I ASH     : @ 969919.947: tcs3701: stop power rail pending_off timer
         1704799049.145  1086  1254 D ASH     : @ 969919.947: tcs3701: start power rail timer, state:3
         1704799049.185  1086  1254 I ASH     : @ 969919.987: tcs3701: stop power rail pending_off timer
         1704799049.185  1086  1254 D ASH     : @ 969919.987: tcs3701: start power rail timer, state:3
         1704799049.223 30603 30603 I dashscene-cpu: 30498 (.dashscene.demo) S 1041 1041 0 0 -1 1077936448 8250 0 21 0 78 46 0 0 10 -10 18 0 96990421 15645933568 38287 18446744073709551615 1 1 0 0 0 0 4612 1 1073775864 0 0 0 17 0 0 0 0 0 0 0 0 0 0 0 0 0 0
         1704799049.225  1086  1254 I ASH     : @ 969920.027: tcs3701: stop power rail pending_off timer
         1704799049.225  1086  1254 D ASH     : @ 969920.027: tcs3701: start power rail timer, state:3
         1704799049.265  1086  1254 I ASH     : @ 969920.067: tcs3701: stop power rail pending_off timer
         1704799049.266  1086  1254 D ASH     : @ 969920.067: tcs3701: start power rail timer, state:3
         1704799049.306  1086  1254 I ASH     : @ 969920.107: tcs3701: stop power rail pending_off timer
         1704799049.307  1086  1254 D ASH     : @ 969920.107: tcs3701: start power rail timer, state:3
         1704799049.347  1086  1254 I ASH     : @ 969920.147: tcs3701: stop power rail pending_off timer
         1704799049.347  1086  1254 D ASH     : @ 969920.147: tcs3701: start power rail timer, state:3
         1704799049.385  1086  1254 I ASH     : @ 969920.187: tcs3701: stop power rail pending_off timer
         1704799049.386  1086  1254 D ASH     : @ 969920.187: tcs3701: start power rail timer, state:3
         1704799049.427  1086  1254 I ASH     : @ 969920.227: tcs3701: stop power rail pending_off timer
         1704799049.427  1086  1254 D ASH     : @ 969920.227: tcs3701: start power rail timer, state:3
         1704799049.466  1086  1254 I ASH     : @ 969920.267: tcs3701: stop power rail pending_off timer
         1704799049.467  1086  1254 D ASH     : @ 969920.267: tcs3701: start power rail timer, state:3
         1704799049.507  1086  1254 I ASH     : @ 969920.307: tcs3701: stop power rail pending_off timer
         1704799049.507  1086  1254 D ASH     : @ 969920.307: tcs3701: start power rail timer, state:3
         1704799049.546  1086  1254 I ASH     : @ 969920.347: tcs3701: stop power rail pending_off timer
         1704799049.547  1086  1254 D ASH     : @ 969920.347: tcs3701: start power rail timer, state:3
         1704799049.585  1086  1254 I ASH     : @ 969920.387: tcs3701: stop power rail pending_off timer
         1704799049.586  1086  1254 D ASH     : @ 969920.387: tcs3701: start power rail timer, state:3
         1704799049.627  1086  1254 I ASH     : @ 969920.427: tcs3701: stop power rail pending_off timer
         1704799049.627  1086  1254 D ASH     : @ 969920.427: tcs3701: start power rail timer, state:3
         1704799049.666  1086  1254 I ASH     : @ 969920.467: tcs3701: stop power rail pending_off timer
         1704799049.667  1086  1254 D ASH     : @ 969920.467: tcs3701: start power rail timer, state:3
         1704799049.705  1086  1254 I ASH     : @ 969920.507: tcs3701: stop power rail pending_off timer
         1704799049.706  1086  1254 D ASH     : @ 969920.507: tcs3701: start power rail timer, state:3
         1704799049.745  1086  1254 I ASH     : @ 969920.547: tcs3701: stop power rail pending_off timer
         1704799049.745  1086  1254 D ASH     : @ 969920.547: tcs3701: start power rail timer, state:3
         1704799049.758 30606 30606 I dashscene-cpu: 30498 (.dashscene.demo) S 1041 1041 0 0 -1 1077936448 8250 0 21 0 79 47 0 0 10 -10 18 0 96990421 15645933568 38287 18446744073709551615 1 1 0 0 0 0 4612 1 1073775864 0 0 0 17 0 0 0 0 0 0 0 0 0 0 0 0 0 0
         1704799049.785  1086  1254 I ASH     : @ 969920.587: tcs3701: stop power rail pending_off timer
         1704799049.786  1086  1254 D ASH     : @ 969920.587: tcs3701: start power rail timer, state:3
         1704799049.827  1086  1254 I ASH     : @ 969920.627: tcs3701: stop power rail pending_off timer
         1704799049.827  1086  1254 D ASH     : @ 969920.627: tcs3701: start power rail timer, state:3
         1704799049.868  1086  1254 I ASH     : @ 969920.667: tcs3701: stop power rail pending_off timer
         1704799049.868  1086  1254 D ASH     : @ 969920.667: tcs3701: start power rail timer, state:3
         1704799049.907  1086  1254 I ASH     : @ 969920.707: tcs3701: stop power rail pending_off timer
         1704799049.907  1086  1254 D ASH     : @ 969920.707: tcs3701: start power rail timer, state:3
         1704799049.947  1086  1254 I ASH     : @ 969920.747: tcs3701: stop power rail pending_off timer
         1704799049.947  1086  1254 D ASH     : @ 969920.747: tcs3701: start power rail timer, state:3
         1704799049.985  1086  1254 I ASH     : @ 969920.787: tcs3701: stop power rail pending_off timer
         1704799049.985  1086  1254 D ASH     : @ 969920.787: tcs3701: start power rail timer, state:3
         1704799050.027  1086  1254 I ASH     : @ 969920.827: tcs3701: stop power rail pending_off timer
         1704799050.027  1086  1254 D ASH     : @ 969920.827: tcs3701: start power rail timer, state:3
         1704799050.067  1086  1254 I ASH     : @ 969920.867: tcs3701: stop power rail pending_off timer
         1704799050.067  1086  1254 D ASH     : @ 969920.867: tcs3701: start power rail timer, state:3
         1704799050.107  1086  1254 I ASH     : @ 969920.907: tcs3701: stop power rail pending_off timer
         1704799050.107  1086  1254 D ASH     : @ 969920.907: tcs3701: start power rail timer, state:3
         1704799050.146  1086  1254 I ASH     : @ 969920.947: tcs3701: stop power rail pending_off timer
         1704799050.147  1086  1254 D ASH     : @ 969920.947: tcs3701: start power rail timer, state:3
         1704799050.185  1086  1254 I ASH     : @ 969920.987: tcs3701: stop power rail pending_off timer
         1704799050.186  1086  1254 D ASH     : @ 969920.987: tcs3701: start power rail timer, state:3
         1704799050.227  1086  1254 I ASH     : @ 969921.027: tcs3701: stop power rail pending_off timer
         1704799050.227  1086  1254 D ASH     : @ 969921.027: tcs3701: start power rail timer, state:3
         1704799050.266  1086  1254 I ASH     : @ 969921.067: tcs3701: stop power rail pending_off timer
         1704799050.267  1086  1254 D ASH     : @ 969921.067: tcs3701: start power rail timer, state:3
         1704799050.288 30609 30609 I dashscene-cpu: 30498 (.dashscene.demo) S 1041 1041 0 0 -1 1077936448 8250 0 21 0 79 48 0 0 10 -10 18 0 96990421 15645933568 38287 18446744073709551615 1 1 0 0 0 0 4612 1 1073775864 0 0 0 17 0 0 0 0 0 0 0 0 0 0 0 0 0 0
         1704799050.305  1086  1254 I ASH     : @ 969921.107: tcs3701: stop power rail pending_off timer
         1704799050.305  1086  1254 D ASH     : @ 969921.107: tcs3701: start power rail timer, state:3
         1704799050.347  1086  1254 I ASH     : @ 969921.147: tcs3701: stop power rail pending_off timer
         1704799050.347  1086  1254 D ASH     : @ 969921.147: tcs3701: start power rail timer, state:3
         1704799050.385  1086  1254 I ASH     : @ 969921.187: tcs3701: stop power rail pending_off timer
         1704799050.385  1086  1254 D ASH     : @ 969921.187: tcs3701: start power rail timer, state:3
         1704799050.426  1086  1254 I ASH     : @ 969921.227: tcs3701: stop power rail pending_off timer
         1704799050.427  1086  1254 D ASH     : @ 969921.227: tcs3701: start power rail timer, state:3
         1704799050.467  1086  1254 I ASH     : @ 969921.267: tcs3701: stop power rail pending_off timer
         1704799050.467  1086  1254 D ASH     : @ 969921.267: tcs3701: start power rail timer, state:3
         1704799050.507  1086  1254 I ASH     : @ 969921.307: tcs3701: stop power rail pending_off timer
         1704799050.507  1086  1254 D ASH     : @ 969921.307: tcs3701: start power rail timer, state:3
         1704799050.547  1086  1254 I ASH     : @ 969921.347: tcs3701: stop power rail pending_off timer
         1704799050.547  1086  1254 D ASH     : @ 969921.347: tcs3701: start power rail timer, state:3
         1704799050.585  1086  1254 I ASH     : @ 969921.387: tcs3701: stop power rail pending_off timer
         1704799050.586  1086  1254 D ASH     : @ 969921.387: tcs3701: start power rail timer, state:3
         1704799050.626  1086  1254 I ASH     : @ 969921.427: tcs3701: stop power rail pending_off timer
         1704799050.627  1086  1254 D ASH     : @ 969921.427: tcs3701: start power rail timer, state:3
         1704799050.667  1086  1254 I ASH     : @ 969921.467: tcs3701: stop power rail pending_off timer
         1704799050.667  1086  1254 D ASH     : @ 969921.467: tcs3701: start power rail timer, state:3
         1704799050.706  1086  1254 I ASH     : @ 969921.507: tcs3701: stop power rail pending_off timer
         1704799050.706  1086  1254 D ASH     : @ 969921.507: tcs3701: start power rail timer, state:3
         1704799050.747  1086  1254 I ASH     : @ 969921.547: tcs3701: stop power rail pending_off timer
         1704799050.747  1086  1254 D ASH     : @ 969921.547: tcs3701: start power rail timer, state:3
         1704799050.785  1086  1254 I ASH     : @ 969921.587: tcs3701: stop power rail pending_off timer
         1704799050.786  1086  1254 D ASH     : @ 969921.587: tcs3701: start power rail timer, state:3
         1704799050.819 30612 30612 I dashscene-cpu: 30498 (.dashscene.demo) S 1041 1041 0 0 -1 1077936448 8250 0 21 0 80 49 0 0 10 -10 18 0 96990421 15645933568 38287 18446744073709551615 1 1 0 0 0 0 4612 1 1073775864 0 0 0 17 0 0 0 0 0 0 0 0 0 0 0 0 0 0
         1704799050.825  1086  1254 I ASH     : @ 969921.627: tcs3701: stop power rail pending_off timer
         1704799050.825  1086  1254 D ASH     : @ 969921.627: tcs3701: start power rail timer, state:3
         1704799050.865  1086  1254 I ASH     : @ 969921.667: tcs3701: stop power rail pending_off timer
         1704799050.866  1086  1254 D ASH     : @ 969921.667: tcs3701: start power rail timer, state:3
         1704799050.906  1086  1254 I ASH     : @ 969921.707: tcs3701: stop power rail pending_off timer
         1704799050.906  1086  1254 D ASH     : @ 969921.707: tcs3701: start power rail timer, state:3
         1704799050.947  1086  1254 I ASH     : @ 969921.747: tcs3701: stop power rail pending_off timer
         1704799050.947  1086  1254 D ASH     : @ 969921.747: tcs3701: start power rail timer, state:3
         1704799050.986  1086  1254 I ASH     : @ 969921.787: tcs3701: stop power rail pending_off timer
         1704799050.986  1086  1254 D ASH     : @ 969921.787: tcs3701: start power rail timer, state:3
         1704799051.027  1086  1254 I ASH     : @ 969921.827: tcs3701: stop power rail pending_off timer
         1704799051.027  1086  1254 D ASH     : @ 969921.827: tcs3701: start power rail timer, state:3
         1704799051.067  1086  1254 I ASH     : @ 969921.867: tcs3701: stop power rail pending_off timer
         1704799051.067  1086  1254 D ASH     : @ 969921.867: tcs3701: start power rail timer, state:3
         1704799051.105  1086  1254 I ASH     : @ 969921.907: tcs3701: stop power rail pending_off timer
         1704799051.106  1086  1254 D ASH     : @ 969921.907: tcs3701: start power rail timer, state:3
         1704799051.146  1086  1254 I ASH     : @ 969921.947: tcs3701: stop power rail pending_off timer
         1704799051.147  1086  1254 D ASH     : @ 969921.947: tcs3701: start power rail timer, state:3
         1704799051.186  1086  1254 I ASH     : @ 969921.987: tcs3701: stop power rail pending_off timer
         1704799051.186  1086  1254 D ASH     : @ 969921.987: tcs3701: start power rail timer, state:3
         1704799051.225  1086  1254 I ASH     : @ 969922.027: tcs3701: stop power rail pending_off timer
         1704799051.225  1086  1254 D ASH     : @ 969922.027: tcs3701: start power rail timer, state:3
         1704799051.267  1086  1254 I ASH     : @ 969922.067: tcs3701: stop power rail pending_off timer
         1704799051.267  1086  1254 D ASH     : @ 969922.067: tcs3701: start power rail timer, state:3
         1704799051.306  1086  1254 I ASH     : @ 969922.107: tcs3701: stop power rail pending_off timer
         1704799051.306  1086  1254 D ASH     : @ 969922.107: tcs3701: start power rail timer, state:3
         1704799051.345  1086  1254 I ASH     : @ 969922.147: tcs3701: stop power rail pending_off timer
         1704799051.345  1086  1254 D ASH     : @ 969922.147: tcs3701: start power rail timer, state:3
         1704799051.350 30615 30615 I dashscene-cpu: 30498 (.dashscene.demo) S 1041 1041 0 0 -1 1077936448 8250 0 21 0 81 50 0 0 10 -10 18 0 96990421 15645933568 38287 18446744073709551615 1 1 0 0 0 0 4612 1 1073775864 0 0 0 17 0 0 0 0 0 0 0 0 0 0 0 0 0 0
         1704799051.385  1086  1254 I ASH     : @ 969922.187: tcs3701: stop power rail pending_off timer
         1704799051.385  1086  1254 D ASH     : @ 969922.187: tcs3701: start power rail timer, state:3
         1704799051.427  1086  1254 I ASH     : @ 969922.227: tcs3701: stop power rail pending_off timer
         1704799051.427  1086  1254 D ASH     : @ 969922.227: tcs3701: start power rail timer, state:3
         1704799051.467  1086  1254 I ASH     : @ 969922.267: tcs3701: stop power rail pending_off timer
         1704799051.467  1086  1254 D ASH     : @ 969922.267: tcs3701: start power rail timer, state:3
         1704799051.505  1086  1254 I ASH     : @ 969922.307: tcs3701: stop power rail pending_off timer
         1704799051.505  1086  1254 D ASH     : @ 969922.307: tcs3701: start power rail timer, state:3
         1704799051.546  1086  1254 I ASH     : @ 969922.347: tcs3701: stop power rail pending_off timer
         1704799051.547  1086  1254 D ASH     : @ 969922.347: tcs3701: start power rail timer, state:3
         1704799051.586  1086  1254 I ASH     : @ 969922.387: tcs3701: stop power rail pending_off timer
         1704799051.587  1086  1254 D ASH     : @ 969922.387: tcs3701: start power rail timer, state:3
         1704799051.626  1086  1254 I ASH     : @ 969922.427: tcs3701: stop power rail pending_off timer
         1704799051.626  1086  1254 D ASH     : @ 969922.427: tcs3701: start power rail timer, state:3
         1704799051.665  1086  1254 I ASH     : @ 969922.467: tcs3701: stop power rail pending_off timer
         1704799051.666  1086  1254 D ASH     : @ 969922.467: tcs3701: start power rail timer, state:3
         1704799051.707  1086  1254 I ASH     : @ 969922.507: tcs3701: stop power rail pending_off timer
         1704799051.707  1086  1254 D ASH     : @ 969922.507: tcs3701: start power rail timer, state:3
         1704799051.745  1086  1254 I ASH     : @ 969922.547: tcs3701: stop power rail pending_off timer
         1704799051.745  1086  1254 D ASH     : @ 969922.547: tcs3701: start power rail timer, state:3
         1704799051.785  1086  1254 I ASH     : @ 969922.587: tcs3701: stop power rail pending_off timer
         1704799051.785  1086  1254 D ASH     : @ 969922.587: tcs3701: start power rail timer, state:3
         1704799051.825  1086  1254 I ASH     : @ 969922.627: tcs3701: stop power rail pending_off timer
         1704799051.825  1086  1254 D ASH     : @ 969922.627: tcs3701: start power rail timer, state:3
         1704799051.865  1086  1254 I ASH     : @ 969922.667: tcs3701: stop power rail pending_off timer
         1704799051.865  1086  1254 D ASH     : @ 969922.667: tcs3701: start power rail timer, state:3
         1704799051.879 30618 30618 I dashscene-cpu: 30498 (.dashscene.demo) S 1041 1041 0 0 -1 1077936448 8293 0 21 0 84 53 0 0 10 -10 18 0 96990421 15645933568 38285 18446744073709551615 1 1 0 0 0 0 4612 1 1073775864 0 0 0 17 0 0 0 0 0 0 0 0 0 0 0 0 0 0
         1704799051.905  1086  1254 I ASH     : @ 969922.707: tcs3701: stop power rail pending_off timer
         1704799051.907  1086  1254 D ASH     : @ 969922.707: tcs3701: start power rail timer, state:3
         1704799051.945  1086  1254 I ASH     : @ 969922.747: tcs3701: stop power rail pending_off timer
         1704799051.945  1086  1254 D ASH     : @ 969922.747: tcs3701: start power rail timer, state:3
         1704799051.985  1086  1254 I ASH     : @ 969922.787: tcs3701: stop power rail pending_off timer
         1704799051.985  1086  1254 D ASH     : @ 969922.787: tcs3701: start power rail timer, state:3
         1704799052.025  1086  1254 I ASH     : @ 969922.827: tcs3701: stop power rail pending_off timer
         1704799052.025  1086  1254 D ASH     : @ 969922.827: tcs3701: start power rail timer, state:3
         1704799052.065  1086  1254 I ASH     : @ 969922.867: tcs3701: stop power rail pending_off timer
         1704799052.065  1086  1254 D ASH     : @ 969922.867: tcs3701: start power rail timer, state:3
         1704799052.105  1086  1254 I ASH     : @ 969922.907: tcs3701: stop power rail pending_off timer
         1704799052.105  1086  1254 D ASH     : @ 969922.907: tcs3701: start power rail timer, state:3
         1704799052.145  1086  1254 I ASH     : @ 969922.947: tcs3701: stop power rail pending_off timer
         1704799052.145  1086  1254 D ASH     : @ 969922.947: tcs3701: start power rail timer, state:3
         1704799052.185  1086  1254 I ASH     : @ 969922.987: tcs3701: stop power rail pending_off timer
         1704799052.185  1086  1254 D ASH     : @ 969922.987: tcs3701: start power rail timer, state:3
         1704799052.225  1086  1254 I ASH     : @ 969923.027: tcs3701: stop power rail pending_off timer
         1704799052.225  1086  1254 D ASH     : @ 969923.027: tcs3701: start power rail timer, state:3
         1704799052.265  1086  1254 I ASH     : @ 969923.067: tcs3701: stop power rail pending_off timer
         1704799052.265  1086  1254 D ASH     : @ 969923.067: tcs3701: start power rail timer, state:3
         1704799052.305  1086  1254 I ASH     : @ 969923.107: tcs3701: stop power rail pending_off timer
         1704799052.305  1086  1254 D ASH     : @ 969923.107: tcs3701: start power rail timer, state:3
         1704799052.345  1086  1254 I ASH     : @ 969923.147: tcs3701: stop power rail pending_off timer
         1704799052.345  1086  1254 D ASH     : @ 969923.147: tcs3701: start power rail timer, state:3
         1704799052.385  1086  1254 I ASH     : @ 969923.187: tcs3701: stop power rail pending_off timer
         1704799052.385  1086  1254 D ASH     : @ 969923.187: tcs3701: start power rail timer, state:3
         1704799052.409 30621 30621 I dashscene-cpu: 30498 (.dashscene.demo) S 1041 1041 0 0 -1 1077936448 8389 0 21 0 91 57 0 0 10 -10 18 0 96990421 15645933568 38285 18446744073709551615 1 1 0 0 0 0 4612 1 1073775864 0 0 0 17 0 0 0 0 0 0 0 0 0 0 0 0 0 0
         1704799052.425  1086  1254 I ASH     : @ 969923.227: tcs3701: stop power rail pending_off timer
         1704799052.425  1086  1254 D ASH     : @ 969923.227: tcs3701: start power rail timer, state:3
         1704799052.465  1086  1254 I ASH     : @ 969923.267: tcs3701: stop power rail pending_off timer
         1704799052.465  1086  1254 D ASH     : @ 969923.267: tcs3701: start power rail timer, state:3
         1704799052.505  1086  1254 I ASH     : @ 969923.307: tcs3701: stop power rail pending_off timer
         1704799052.505  1086  1254 D ASH     : @ 969923.307: tcs3701: start power rail timer, state:3
         1704799052.545  1086  1254 I ASH     : @ 969923.347: tcs3701: stop power rail pending_off timer
         1704799052.545  1086  1254 D ASH     : @ 969923.347: tcs3701: start power rail timer, state:3
         1704799052.585  1086  1254 I ASH     : @ 969923.387: tcs3701: stop power rail pending_off timer
         1704799052.585  1086  1254 D ASH     : @ 969923.387: tcs3701: start power rail timer, state:3
         1704799052.598 30498 30520 I dashscene: layout over 240 frames — tick 0.18 ms, paint mean 0.01 p50 0.01, submit mean 10.24 p50 10.23 p95 11.17 max 19.91 ms (95.8 fps if unpaced) — 0 run(s), 0 glyph(s)
         1704799052.625  1086  1254 I ASH     : @ 969923.427: tcs3701: stop power rail pending_off timer
         1704799052.625  1086  1254 D ASH     : @ 969923.427: tcs3701: start power rail timer, state:3
         1704799052.665  1086  1254 I ASH     : @ 969923.467: tcs3701: stop power rail pending_off timer
         1704799052.665  1086  1254 D ASH     : @ 969923.467: tcs3701: start power rail timer, state:3
         1704799052.698 30498 30520 I dashscene: 960 frames over 960 vsyncs
         1704799052.705  1086  1254 I ASH     : @ 969923.507: tcs3701: stop power rail pending_off timer
         1704799052.705  1086  1254 D ASH     : @ 969923.507: tcs3701: start power rail timer, state:3
         1704799052.745  1086  1254 I ASH     : @ 969923.547: tcs3701: stop power rail pending_off timer
         1704799052.745  1086  1254 D ASH     : @ 969923.547: tcs3701: start power rail timer, state:3
         1704799052.785  1086  1254 I ASH     : @ 969923.587: tcs3701: stop power rail pending_off timer
         1704799052.785  1086  1254 D ASH     : @ 969923.587: tcs3701: start power rail timer, state:3
         1704799052.825  1086  1254 I ASH     : @ 969923.627: tcs3701: stop power rail pending_off timer
         1704799052.825  1086  1254 D ASH     : @ 969923.627: tcs3701: start power rail timer, state:3
         1704799052.865  1086  1254 I ASH     : @ 969923.667: tcs3701: stop power rail pending_off timer
         1704799052.865  1086  1254 D ASH     : @ 969923.667: tcs3701: start power rail timer, state:3
         1704799052.905  1086  1254 I ASH     : @ 969923.707: tcs3701: stop power rail pending_off timer
         1704799052.905  1086  1254 D ASH     : @ 969923.707: tcs3701: start power rail timer, state:3
         1704799052.939 30624 30624 I dashscene-cpu: 30498 (.dashscene.demo) S 1041 1041 0 0 -1 1077936448 8482 0 21 0 98 60 0 0 10 -10 18 0 96990421 15645933568 38285 18446744073709551615 1 1 0 0 0 0 4612 1 1073775864 0 0 0 17 0 0 0 0 0 0 0 0 0 0 0 0 0 0
         1704799052.945  1086  1254 I ASH     : @ 969923.747: tcs3701: stop power rail pending_off timer
         1704799052.945  1086  1254 D ASH     : @ 969923.747: tcs3701: start power rail timer, state:3
         1704799052.985  1086  1254 I ASH     : @ 969923.787: tcs3701: stop power rail pending_off timer
         1704799052.985  1086  1254 D ASH     : @ 969923.787: tcs3701: start power rail timer, state:3
         1704799053.025  1086  1254 I ASH     : @ 969923.827: tcs3701: stop power rail pending_off timer
         1704799053.025  1086  1254 D ASH     : @ 969923.827: tcs3701: start power rail timer, state:3
         1704799053.065  1086  1254 I ASH     : @ 969923.867: tcs3701: stop power rail pending_off timer
         1704799053.065  1086  1254 D ASH     : @ 969923.867: tcs3701: start power rail timer, state:3
         1704799053.105  1086  1254 I ASH     : @ 969923.907: tcs3701: stop power rail pending_off timer
         1704799053.105  1086  1254 D ASH     : @ 969923.907: tcs3701: start power rail timer, state:3
         1704799053.145  1086  1254 I ASH     : @ 969923.947: tcs3701: stop power rail pending_off timer
         1704799053.146  1086  1254 D ASH     : @ 969923.947: tcs3701: start power rail timer, state:3
         1704799053.185  1086  1254 I ASH     : @ 969923.987: tcs3701: stop power rail pending_off timer
         1704799053.185  1086  1254 D ASH     : @ 969923.987: tcs3701: start power rail timer, state:3
         1704799053.225  1086  1254 I ASH     : @ 969924.027: tcs3701: stop power rail pending_off timer
         1704799053.225  1086  1254 D ASH     : @ 969924.027: tcs3701: start power rail timer, state:3
         1704799053.265  1086  1254 I ASH     : @ 969924.067: tcs3701: stop power rail pending_off timer
         1704799053.265  1086  1254 D ASH     : @ 969924.067: tcs3701: start power rail timer, state:3
         1704799053.305  1086  1254 I ASH     : @ 969924.107: tcs3701: stop power rail pending_off timer
         1704799053.306  1086  1254 D ASH     : @ 969924.107: tcs3701: start power rail timer, state:3
         1704799053.347  1086  1254 I ASH     : @ 969924.147: tcs3701: stop power rail pending_off timer
         1704799053.347  1086  1254 D ASH     : @ 969924.147: tcs3701: start power rail timer, state:3
         1704799053.387  1086  1254 I ASH     : @ 969924.187: tcs3701: stop power rail pending_off timer
         1704799053.387  1086  1254 D ASH     : @ 969924.187: tcs3701: start power rail timer, state:3
         1704799053.427  1086  1254 I ASH     : @ 969924.227: tcs3701: stop power rail pending_off timer
         1704799053.427  1086  1254 D ASH     : @ 969924.227: tcs3701: start power rail timer, state:3
         1704799053.465  1086  1254 I ASH     : @ 969924.267: tcs3701: stop power rail pending_off timer
         1704799053.465  1086  1254 D ASH     : @ 969924.267: tcs3701: start power rail timer, state:3
         1704799053.472 30627 30627 I dashscene-cpu: 30498 (.dashscene.demo) S 1041 1041 0 0 -1 1077936448 8515 0 21 0 102 61 0 0 10 -10 18 0 96990421 15645933568 38285 18446744073709551615 1 1 0 0 0 0 4612 1 1073775864 0 0 0 17 0 0 0 0 0 0 0 0 0 0 0 0 0 0
         1704799053.505  1086  1254 I ASH     : @ 969924.307: tcs3701: stop power rail pending_off timer
         1704799053.505  1086  1254 D ASH     : @ 969924.307: tcs3701: start power rail timer, state:3
         1704799053.546  1086  1254 I ASH     : @ 969924.347: tcs3701: stop power rail pending_off timer
         1704799053.547  1086  1254 D ASH     : @ 969924.347: tcs3701: start power rail timer, state:3
         1704799053.587  1086  1254 I ASH     : @ 969924.387: tcs3701: stop power rail pending_off timer
         1704799053.587  1086  1254 D ASH     : @ 969924.387: tcs3701: start power rail timer, state:3
         1704799053.625  1086  1254 I ASH     : @ 969924.427: tcs3701: stop power rail pending_off timer
         1704799053.626  1086  1254 D ASH     : @ 969924.427: tcs3701: start power rail timer, state:3
         1704799053.666  1086  1254 I ASH     : @ 969924.467: tcs3701: stop power rail pending_off timer
         1704799053.666  1086  1254 D ASH     : @ 969924.467: tcs3701: start power rail timer, state:3
         1704799053.705  1086  1254 I ASH     : @ 969924.507: tcs3701: stop power rail pending_off timer
         1704799053.706  1086  1254 D ASH     : @ 969924.507: tcs3701: start power rail timer, state:3
         1704799053.747  1086  1254 I ASH     : @ 969924.547: tcs3701: stop power rail pending_off timer
         1704799053.747  1086  1254 D ASH     : @ 969924.547: tcs3701: start power rail timer, state:3
         1704799053.787  1086  1254 I ASH     : @ 969924.587: tcs3701: stop power rail pending_off timer
         1704799053.787  1086  1254 D ASH     : @ 969924.587: tcs3701: start power rail timer, state:3
         1704799053.827  1086  1254 I ASH     : @ 969924.627: tcs3701: stop power rail pending_off timer
         1704799053.827  1086  1254 D ASH     : @ 969924.627: tcs3701: start power rail timer, state:3
         1704799053.867  1086  1254 I ASH     : @ 969924.667: tcs3701: stop power rail pending_off timer
         1704799053.867  1086  1254 D ASH     : @ 969924.667: tcs3701: start power rail timer, state:3
         1704799053.906  1086  1254 I ASH     : @ 969924.707: tcs3701: stop power rail pending_off timer
         1704799053.906  1086  1254 D ASH     : @ 969924.707: tcs3701: start power rail timer, state:3
         1704799053.947  1086  1254 I ASH     : @ 969924.747: tcs3701: stop power rail pending_off timer
         1704799053.947  1086  1254 D ASH     : @ 969924.747: tcs3701: start power rail timer, state:3
         1704799053.985  1086  1254 I ASH     : @ 969924.787: tcs3701: stop power rail pending_off timer
         1704799053.985  1086  1254 D ASH     : @ 969924.787: tcs3701: start power rail timer, state:3
         1704799054.004 30630 30630 I dashscene-cpu: 30498 (.dashscene.demo) S 1041 1041 0 0 -1 1077936448 8515 0 21 0 103 62 0 0 10 -10 18 0 96990421 15645933568 38285 18446744073709551615 1 1 0 0 0 0 4612 1 1073775864 0 0 0 17 0 0 0 0 0 0 0 0 0 0 0 0 0 0
         1704799054.025  1086  1254 I ASH     : @ 969924.827: tcs3701: stop power rail pending_off timer
         1704799054.025  1086  1254 D ASH     : @ 969924.827: tcs3701: start power rail timer, state:3
         1704799054.067  1086  1254 I ASH     : @ 969924.867: tcs3701: stop power rail pending_off timer
         1704799054.067  1086  1254 D ASH     : @ 969924.867: tcs3701: start power rail timer, state:3
         1704799054.106  1086  1254 I ASH     : @ 969924.907: tcs3701: stop power rail pending_off timer
         1704799054.106  1086  1254 D ASH     : @ 969924.907: tcs3701: start power rail timer, state:3
         1704799054.145  1086  1254 I ASH     : @ 969924.947: tcs3701: stop power rail pending_off timer
         1704799054.145  1086  1254 D ASH     : @ 969924.947: tcs3701: start power rail timer, state:3
         1704799054.185  1086  1254 I ASH     : @ 969924.987: tcs3701: stop power rail pending_off timer
         1704799054.185  1086  1254 D ASH     : @ 969924.987: tcs3701: start power rail timer, state:3
         1704799054.225  1086  1254 I ASH     : @ 969925.027: tcs3701: stop power rail pending_off timer
         1704799054.225  1086  1254 D ASH     : @ 969925.027: tcs3701: start power rail timer, state:3
         1704799054.267  1086  1254 I ASH     : @ 969925.067: tcs3701: stop power rail pending_off timer
         1704799054.267  1086  1254 D ASH     : @ 969925.067: tcs3701: start power rail timer, state:3
         1704799054.306  1086  1254 I ASH     : @ 969925.107: tcs3701: stop power rail pending_off timer
         1704799054.307  1086  1254 D ASH     : @ 969925.107: tcs3701: start power rail timer, state:3
         1704799054.347  1086  1254 I ASH     : @ 969925.147: tcs3701: stop power rail pending_off timer
         1704799054.347  1086  1254 D ASH     : @ 969925.147: tcs3701: start power rail timer, state:3
         1704799054.387  1086  1254 I ASH     : @ 969925.187: tcs3701: stop power rail pending_off timer
         1704799054.387  1086  1254 D ASH     : @ 969925.187: tcs3701: start power rail timer, state:3
         1704799054.427  1086  1254 I ASH     : @ 969925.227: tcs3701: stop power rail pending_off timer
         1704799054.427  1086  1254 D ASH     : @ 969925.227: tcs3701: start power rail timer, state:3
         1704799054.466  1086  1254 I ASH     : @ 969925.267: tcs3701: stop power rail pending_off timer
         1704799054.467  1086  1254 D ASH     : @ 969925.267: tcs3701: start power rail timer, state:3
         1704799054.507  1086  1254 I ASH     : @ 969925.307: tcs3701: stop power rail pending_off timer
         1704799054.507  1086  1254 D ASH     : @ 969925.307: tcs3701: start power rail timer, state:3
         1704799054.539 30633 30633 I dashscene-cpu: 30498 (.dashscene.demo) S 1041 1041 0 0 -1 1077936448 8518 0 21 0 104 63 0 0 10 -10 18 0 96990421 15645933568 38285 18446744073709551615 1 1 0 0 0 0 4612 1 1073775864 0 0 0 17 0 0 0 0 0 0 0 0 0 0 0 0 0 0
         1704799054.545  1086  1254 I ASH     : @ 969925.347: tcs3701: stop power rail pending_off timer
         1704799054.545  1086  1254 D ASH     : @ 969925.347: tcs3701: start power rail timer, state:3
         1704799054.585  1086  1254 I ASH     : @ 969925.387: tcs3701: stop power rail pending_off timer
         1704799054.586  1086  1254 D ASH     : @ 969925.387: tcs3701: start power rail timer, state:3
         1704799054.625  1086  1254 I ASH     : @ 969925.427: tcs3701: stop power rail pending_off timer
         1704799054.626  1086  1254 D ASH     : @ 969925.427: tcs3701: start power rail timer, state:3
         1704799054.666  1086  1254 I ASH     : @ 969925.467: tcs3701: stop power rail pending_off timer
         1704799054.667  1086  1254 D ASH     : @ 969925.467: tcs3701: start power rail timer, state:3
         1704799054.706  1086  1254 I ASH     : @ 969925.507: tcs3701: stop power rail pending_off timer
         1704799054.706  1086  1254 D ASH     : @ 969925.507: tcs3701: start power rail timer, state:3
         1704799054.747  1086  1254 I ASH     : @ 969925.547: tcs3701: stop power rail pending_off timer
         1704799054.747  1086  1254 D ASH     : @ 969925.547: tcs3701: start power rail timer, state:3
         1704799054.787  1086  1254 I ASH     : @ 969925.587: tcs3701: stop power rail pending_off timer
         1704799054.787  1086  1254 D ASH     : @ 969925.587: tcs3701: start power rail timer, state:3
         1704799054.825  1086  1254 I ASH     : @ 969925.627: tcs3701: stop power rail pending_off timer
         1704799054.825  1086  1254 D ASH     : @ 969925.627: tcs3701: start power rail timer, state:3
         1704799054.866  1086  1254 I ASH     : @ 969925.667: tcs3701: stop power rail pending_off timer
         1704799054.867  1086  1254 D ASH     : @ 969925.667: tcs3701: start power rail timer, state:3
         1704799054.906  1086  1254 I ASH     : @ 969925.707: tcs3701: stop power rail pending_off timer
         1704799054.907  1086  1254 D ASH     : @ 969925.707: tcs3701: start power rail timer, state:3
         1704799054.947  1086  1254 I ASH     : @ 969925.747: tcs3701: stop power rail pending_off timer
         1704799054.947  1086  1254 D ASH     : @ 969925.747: tcs3701: start power rail timer, state:3
         1704799054.987  1086  1254 I ASH     : @ 969925.787: tcs3701: stop power rail pending_off timer
         1704799054.987  1086  1254 D ASH     : @ 969925.787: tcs3701: start power rail timer, state:3
         1704799055.026  1086  1254 I ASH     : @ 969925.827: tcs3701: stop power rail pending_off timer
         1704799055.026  1086  1254 D ASH     : @ 969925.827: tcs3701: start power rail timer, state:3
         1704799055.065  1086  1254 I ASH     : @ 969925.867: tcs3701: stop power rail pending_off timer
         1704799055.065  1086  1254 D ASH     : @ 969925.867: tcs3701: start power rail timer, state:3
         1704799055.072 30636 30636 I dashscene-cpu: 30498 (.dashscene.demo) S 1041 1041 0 0 -1 1077936448 8518 0 21 0 105 64 0 0 10 -10 18 0 96990421 15645933568 38285 18446744073709551615 1 1 0 0 0 0 4612 1 1073775864 0 0 0 17 0 0 0 0 0 0 0 0 0 0 0 0 0 0
         1704799055.105  1086  1254 I ASH     : @ 969925.907: tcs3701: stop power rail pending_off timer
         1704799055.105  1086  1254 D ASH     : @ 969925.907: tcs3701: start power rail timer, state:3
         1704799055.147  1086  1254 I ASH     : @ 969925.947: tcs3701: stop power rail pending_off timer
         1704799055.147  1086  1254 D ASH     : @ 969925.947: tcs3701: start power rail timer, state:3
         1704799055.187  1086  1254 I ASH     : @ 969925.987: tcs3701: stop power rail pending_off timer
         1704799055.187  1086  1254 D ASH     : @ 969925.987: tcs3701: start power rail timer, state:3
         1704799055.225  1086  1254 I ASH     : @ 969926.027: tcs3701: stop power rail pending_off timer
         1704799055.225  1086  1254 D ASH     : @ 969926.027: tcs3701: start power rail timer, state:3
         1704799055.267  1086  1254 I ASH     : @ 969926.067: tcs3701: stop power rail pending_off timer
         1704799055.267  1086  1254 D ASH     : @ 969926.067: tcs3701: start power rail timer, state:3
         1704799055.306  1086  1254 I ASH     : @ 969926.107: tcs3701: stop power rail pending_off timer
         1704799055.307  1086  1254 D ASH     : @ 969926.107: tcs3701: start power rail timer, state:3
         1704799055.347  1086  1254 I ASH     : @ 969926.147: tcs3701: stop power rail pending_off timer
         1704799055.347  1086  1254 D ASH     : @ 969926.147: tcs3701: start power rail timer, state:3
         1704799055.387  1086  1254 I ASH     : @ 969926.187: tcs3701: stop power rail pending_off timer
         1704799055.387  1086  1254 D ASH     : @ 969926.187: tcs3701: start power rail timer, state:3
         1704799055.425  1086  1254 I ASH     : @ 969926.227: tcs3701: stop power rail pending_off timer
         1704799055.426  1086  1254 D ASH     : @ 969926.227: tcs3701: start power rail timer, state:3
         1704799055.467  1086  1254 I ASH     : @ 969926.267: tcs3701: stop power rail pending_off timer
         1704799055.467  1086  1254 D ASH     : @ 969926.267: tcs3701: start power rail timer, state:3
         1704799055.507  1086  1254 I ASH     : @ 969926.307: tcs3701: stop power rail pending_off timer
         1704799055.507  1086  1254 D ASH     : @ 969926.307: tcs3701: start power rail timer, state:3
         1704799055.547  1086  1254 I ASH     : @ 969926.347: tcs3701: stop power rail pending_off timer
         1704799055.547  1086  1254 D ASH     : @ 969926.347: tcs3701: start power rail timer, state:3
         1704799055.585  1086  1254 I ASH     : @ 969926.387: tcs3701: stop power rail pending_off timer
         1704799055.585  1086  1254 D ASH     : @ 969926.387: tcs3701: start power rail timer, state:3
         1704799055.606 30639 30639 I dashscene-cpu: 30498 (.dashscene.demo) S 1041 1041 0 0 -1 1077936448 8518 0 21 0 106 65 0 0 10 -10 18 0 96990421 15645933568 38285 18446744073709551615 1 1 0 0 0 0 4612 1 1073775864 0 0 0 17 0 0 0 0 0 0 0 0 0 0 0 0 0 0
         1704799055.625  1086  1254 I ASH     : @ 969926.427: tcs3701: stop power rail pending_off timer
         1704799055.625  1086  1254 D ASH     : @ 969926.427: tcs3701: start power rail timer, state:3
         1704799055.666  1086  1254 I ASH     : @ 969926.467: tcs3701: stop power rail pending_off timer
         1704799055.666  1086  1254 D ASH     : @ 969926.467: tcs3701: start power rail timer, state:3
         1704799055.707  1086  1254 I ASH     : @ 969926.507: tcs3701: stop power rail pending_off timer
         1704799055.707  1086  1254 D ASH     : @ 969926.507: tcs3701: start power rail timer, state:3
         1704799055.747  1086  1254 I ASH     : @ 969926.547: tcs3701: stop power rail pending_off timer
         1704799055.747  1086  1254 D ASH     : @ 969926.547: tcs3701: start power rail timer, state:3
         1704799055.787  1086  1254 I ASH     : @ 969926.587: tcs3701: stop power rail pending_off timer
         1704799055.787  1086  1254 D ASH     : @ 969926.587: tcs3701: start power rail timer, state:3
         1704799055.826  1086  1254 I ASH     : @ 969926.627: tcs3701: stop power rail pending_off timer
         1704799055.826  1086  1254 D ASH     : @ 969926.627: tcs3701: start power rail timer, state:3
         1704799055.867  1086  1254 I ASH     : @ 969926.667: tcs3701: stop power rail pending_off timer
         1704799055.867  1086  1254 D ASH     : @ 969926.667: tcs3701: start power rail timer, state:3
         1704799055.907  1086  1254 I ASH     : @ 969926.707: tcs3701: stop power rail pending_off timer
         1704799055.907  1086  1254 D ASH     : @ 969926.707: tcs3701: start power rail timer, state:3
         1704799055.947  1086  1254 I ASH     : @ 969926.747: tcs3701: stop power rail pending_off timer
         1704799055.947  1086  1254 D ASH     : @ 969926.747: tcs3701: start power rail timer, state:3
         1704799055.985  1086  1254 I ASH     : @ 969926.787: tcs3701: stop power rail pending_off timer
         1704799055.985  1086  1254 D ASH     : @ 969926.787: tcs3701: start power rail timer, state:3
         1704799056.025  1086  1254 I ASH     : @ 969926.827: tcs3701: stop power rail pending_off timer
         1704799056.026  1086  1254 D ASH     : @ 969926.827: tcs3701: start power rail timer, state:3
         1704799056.067  1086  1254 I ASH     : @ 969926.867: tcs3701: stop power rail pending_off timer
         1704799056.067  1086  1254 D ASH     : @ 969926.867: tcs3701: start power rail timer, state:3
         1704799056.107  1086  1254 I ASH     : @ 969926.907: tcs3701: stop power rail pending_off timer
         1704799056.107  1086  1254 D ASH     : @ 969926.907: tcs3701: start power rail timer, state:3
         1704799056.140 30642 30642 I dashscene-cpu: 30498 (.dashscene.demo) S 1041 1041 0 0 -1 1077936448 8518 0 21 0 108 65 0 0 10 -10 18 0 96990421 15645933568 38285 18446744073709551615 1 1 0 0 0 0 4612 1 1073775864 0 0 0 17 0 0 0 0 0 0 0 0 0 0 0 0 0 0
         1704799056.145  1086  1254 I ASH     : @ 969926.947: tcs3701: stop power rail pending_off timer
         1704799056.145  1086  1254 D ASH     : @ 969926.947: tcs3701: start power rail timer, state:3
         1704799056.186  1086  1254 I ASH     : @ 969926.987: tcs3701: stop power rail pending_off timer
         1704799056.187  1086  1254 D ASH     : @ 969926.987: tcs3701: start power rail timer, state:3
         1704799056.226  1086  1254 I ASH     : @ 969927.027: tcs3701: stop power rail pending_off timer
         1704799056.226  1086  1254 D ASH     : @ 969927.027: tcs3701: start power rail timer, state:3
         1704799056.266  1086  1254 I ASH     : @ 969927.067: tcs3701: stop power rail pending_off timer
         1704799056.267  1086  1254 D ASH     : @ 969927.067: tcs3701: start power rail timer, state:3
         1704799056.307  1086  1254 I ASH     : @ 969927.107: tcs3701: stop power rail pending_off timer
         1704799056.307  1086  1254 D ASH     : @ 969927.107: tcs3701: start power rail timer, state:3
         1704799056.345  1086  1254 I ASH     : @ 969927.147: tcs3701: stop power rail pending_off timer
         1704799056.346  1086  1254 D ASH     : @ 969927.147: tcs3701: start power rail timer, state:3
         1704799056.387  1086  1254 I ASH     : @ 969927.187: tcs3701: stop power rail pending_off timer
         1704799056.387  1086  1254 D ASH     : @ 969927.187: tcs3701: start power rail timer, state:3
         1704799056.426  1086  1254 I ASH     : @ 969927.227: tcs3701: stop power rail pending_off timer
         1704799056.426  1086  1254 D ASH     : @ 969927.227: tcs3701: start power rail timer, state:3
         1704799056.467  1086  1254 I ASH     : @ 969927.267: tcs3701: stop power rail pending_off timer
         1704799056.467  1086  1254 D ASH     : @ 969927.267: tcs3701: start power rail timer, state:3
         1704799056.507  1086  1254 I ASH     : @ 969927.307: tcs3701: stop power rail pending_off timer
         1704799056.507  1086  1254 D ASH     : @ 969927.307: tcs3701: start power rail timer, state:3
         1704799056.545  1086  1254 I ASH     : @ 969927.347: tcs3701: stop power rail pending_off timer
         1704799056.545  1086  1254 D ASH     : @ 969927.347: tcs3701: start power rail timer, state:3
         1704799056.587  1086  1254 I ASH     : @ 969927.387: tcs3701: stop power rail pending_off timer
         1704799056.587  1086  1254 D ASH     : @ 969927.387: tcs3701: start power rail timer, state:3
         1704799056.626  1086  1254 I ASH     : @ 969927.427: tcs3701: stop power rail pending_off timer
         1704799056.626  1086  1254 D ASH     : @ 969927.427: tcs3701: start power rail timer, state:3
         1704799056.665  1086  1254 I ASH     : @ 969927.467: tcs3701: stop power rail pending_off timer
         1704799056.665  1086  1254 D ASH     : @ 969927.467: tcs3701: start power rail timer, state:3
         1704799056.671 30645 30645 I dashscene-cpu: 30498 (.dashscene.demo) S 1041 1041 0 0 -1 1077936448 8524 0 21 0 109 67 0 0 10 -10 18 0 96990421 15645945856 38285 18446744073709551615 1 1 0 0 0 0 4612 1 1073775864 0 0 0 17 0 0 0 0 0 0 0 0 0 0 0 0 0 0
         1704799056.705  1086  1254 I ASH     : @ 969927.507: tcs3701: stop power rail pending_off timer
         1704799056.705  1086  1254 D ASH     : @ 969927.507: tcs3701: start power rail timer, state:3
         1704799056.729 30498 30520 I dashscene: 1200 frames over 1200 vsyncs
         1704799056.745  1086  1254 I ASH     : @ 969927.547: tcs3701: stop power rail pending_off timer
         1704799056.745  1086  1254 D ASH     : @ 969927.547: tcs3701: start power rail timer, state:3
         1704799056.785  1086  1254 I ASH     : @ 969927.587: tcs3701: stop power rail pending_off timer
         1704799056.785  1086  1254 D ASH     : @ 969927.587: tcs3701: start power rail timer, state:3
         1704799056.825  1086  1254 I ASH     : @ 969927.627: tcs3701: stop power rail pending_off timer
         1704799056.825  1086  1254 D ASH     : @ 969927.627: tcs3701: start power rail timer, state:3
         1704799056.865  1086  1254 I ASH     : @ 969927.667: tcs3701: stop power rail pending_off timer
         1704799056.865  1086  1254 D ASH     : @ 969927.667: tcs3701: start power rail timer, state:3
         1704799056.905  1086  1254 I ASH     : @ 969927.707: tcs3701: stop power rail pending_off timer
         1704799056.905  1086  1254 D ASH     : @ 969927.707: tcs3701: start power rail timer, state:3
         1704799056.945  1086  1254 I ASH     : @ 969927.747: tcs3701: stop power rail pending_off timer
         1704799056.945  1086  1254 D ASH     : @ 969927.747: tcs3701: start power rail timer, state:3
         1704799056.985  1086  1254 I ASH     : @ 969927.787: tcs3701: stop power rail pending_off timer
         1704799056.985  1086  1254 D ASH     : @ 969927.787: tcs3701: start power rail timer, state:3
         1704799057.025  1086  1254 I ASH     : @ 969927.827: tcs3701: stop power rail pending_off timer
         1704799057.025  1086  1254 D ASH     : @ 969927.827: tcs3701: start power rail timer, state:3
         1704799057.065  1086  1254 I ASH     : @ 969927.867: tcs3701: stop power rail pending_off timer
         1704799057.065  1086  1254 D ASH     : @ 969927.867: tcs3701: start power rail timer, state:3
         1704799057.105  1086  1254 I ASH     : @ 969927.907: tcs3701: stop power rail pending_off timer
         1704799057.105  1086  1254 D ASH     : @ 969927.907: tcs3701: start power rail timer, state:3
         1704799057.145  1086  1254 I ASH     : @ 969927.947: tcs3701: stop power rail pending_off timer
         1704799057.145  1086  1254 D ASH     : @ 969927.947: tcs3701: start power rail timer, state:3
         1704799057.185  1086  1254 I ASH     : @ 969927.987: tcs3701: stop power rail pending_off timer
         1704799057.185  1086  1254 D ASH     : @ 969927.987: tcs3701: start power rail timer, state:3
         1704799057.203 30648 30648 I dashscene-cpu: 30498 (.dashscene.demo) S 1041 1041 0 0 -1 1077936448 8618 0 21 0 118 69 0 0 10 -10 18 0 96990421 15645941760 38282 18446744073709551615 1 1 0 0 0 0 4612 1 1073775864 0 0 0 17 0 0 0 0 0 0 0 0 0 0 0 0 0 0
         1704799057.225  1086  1254 I ASH     : @ 969928.027: tcs3701: stop power rail pending_off timer
         1704799057.225  1086  1254 D ASH     : @ 969928.027: tcs3701: start power rail timer, state:3
         1704799057.265  1086  1254 I ASH     : @ 969928.067: tcs3701: stop power rail pending_off timer
         1704799057.265  1086  1254 D ASH     : @ 969928.067: tcs3701: start power rail timer, state:3
         1704799057.305  1086  1254 I ASH     : @ 969928.107: tcs3701: stop power rail pending_off timer
         1704799057.305  1086  1254 D ASH     : @ 969928.107: tcs3701: start power rail timer, state:3
         1704799057.345  1086  1254 I ASH     : @ 969928.147: tcs3701: stop power rail pending_off timer
         1704799057.345  1086  1254 D ASH     : @ 969928.147: tcs3701: start power rail timer, state:3
         1704799057.385  1086  1254 I ASH     : @ 969928.187: tcs3701: stop power rail pending_off timer
         1704799057.385  1086  1254 D ASH     : @ 969928.187: tcs3701: start power rail timer, state:3
         1704799057.425  1086  1254 I ASH     : @ 969928.227: tcs3701: stop power rail pending_off timer
         1704799057.425  1086  1254 D ASH     : @ 969928.227: tcs3701: start power rail timer, state:3
         1704799057.465  1086  1254 I ASH     : @ 969928.267: tcs3701: stop power rail pending_off timer
         1704799057.465  1086  1254 D ASH     : @ 969928.267: tcs3701: start power rail timer, state:3
         1704799057.505  1086  1254 I ASH     : @ 969928.307: tcs3701: stop power rail pending_off timer
         1704799057.505  1086  1254 D ASH     : @ 969928.307: tcs3701: start power rail timer, state:3
         1704799057.545  1086  1254 I ASH     : @ 969928.347: tcs3701: stop power rail pending_off timer
         1704799057.545  1086  1254 D ASH     : @ 969928.347: tcs3701: start power rail timer, state:3
         1704799057.585  1086  1254 I ASH     : @ 969928.387: tcs3701: stop power rail pending_off timer
         1704799057.585  1086  1254 D ASH     : @ 969928.387: tcs3701: start power rail timer, state:3
         1704799057.625  1086  1254 I ASH     : @ 969928.427: tcs3701: stop power rail pending_off timer
         1704799057.626  1086  1254 D ASH     : @ 969928.427: tcs3701: start power rail timer, state:3
         1704799057.665  1086  1254 I ASH     : @ 969928.467: tcs3701: stop power rail pending_off timer
         1704799057.665  1086  1254 D ASH     : @ 969928.467: tcs3701: start power rail timer, state:3
         1704799057.705  1086  1254 I ASH     : @ 969928.507: tcs3701: stop power rail pending_off timer
         1704799057.705  1086  1254 D ASH     : @ 969928.507: tcs3701: start power rail timer, state:3
         1704799057.735 30651 30651 I dashscene-cpu: 30498 (.dashscene.demo) S 1041 1041 0 0 -1 1077936448 8713 0 21 0 128 70 0 0 10 -10 18 0 96990421 15645933568 38281 18446744073709551615 1 1 0 0 0 0 4612 1 1073775864 0 0 0 17 0 0 0 0 0 0 0 0 0 0 0 0 0 0
         1704799057.745  1086  1254 I ASH     : @ 969928.547: tcs3701: stop power rail pending_off timer
         1704799057.745  1086  1254 D ASH     : @ 969928.547: tcs3701: start power rail timer, state:3
         1704799057.785  1086  1254 I ASH     : @ 969928.587: tcs3701: stop power rail pending_off timer
         1704799057.785  1086  1254 D ASH     : @ 969928.587: tcs3701: start power rail timer, state:3
         1704799057.825  1086  1254 I ASH     : @ 969928.627: tcs3701: stop power rail pending_off timer
         1704799057.825  1086  1254 D ASH     : @ 969928.627: tcs3701: start power rail timer, state:3
         1704799057.865  1086  1254 I ASH     : @ 969928.667: tcs3701: stop power rail pending_off timer
         1704799057.865  1086  1254 D ASH     : @ 969928.667: tcs3701: start power rail timer, state:3
         1704799057.905  1086  1254 I ASH     : @ 969928.707: tcs3701: stop power rail pending_off timer
         1704799057.905  1086  1254 D ASH     : @ 969928.707: tcs3701: start power rail timer, state:3
         1704799057.945  1086  1254 I ASH     : @ 969928.747: tcs3701: stop power rail pending_off timer
         1704799057.945  1086  1254 D ASH     : @ 969928.747: tcs3701: start power rail timer, state:3
         1704799057.985  1086  1254 I ASH     : @ 969928.787: tcs3701: stop power rail pending_off timer
         1704799057.985  1086  1254 D ASH     : @ 969928.787: tcs3701: start power rail timer, state:3
         1704799058.025  1086  1254 I ASH     : @ 969928.827: tcs3701: stop power rail pending_off timer
         1704799058.025  1086  1254 D ASH     : @ 969928.827: tcs3701: start power rail timer, state:3
         1704799058.066  1086  1254 I ASH     : @ 969928.867: tcs3701: stop power rail pending_off timer
         1704799058.066  1086  1254 D ASH     : @ 969928.867: tcs3701: start power rail timer, state:3
         1704799058.105  1086  1254 I ASH     : @ 969928.907: tcs3701: stop power rail pending_off timer
         1704799058.105  1086  1254 D ASH     : @ 969928.907: tcs3701: start power rail timer, state:3
         1704799058.145  1086  1254 I ASH     : @ 969928.947: tcs3701: stop power rail pending_off timer
         1704799058.145  1086  1254 D ASH     : @ 969928.947: tcs3701: start power rail timer, state:3
         1704799058.185  1086  1254 I ASH     : @ 969928.987: tcs3701: stop power rail pending_off timer
         1704799058.185  1086  1254 D ASH     : @ 969928.987: tcs3701: start power rail timer, state:3
         1704799058.225  1086  1254 I ASH     : @ 969929.027: tcs3701: stop power rail pending_off timer
         1704799058.225  1086  1254 D ASH     : @ 969929.027: tcs3701: start power rail timer, state:3
         1704799058.265  1086  1254 I ASH     : @ 969929.067: tcs3701: stop power rail pending_off timer
         1704799058.265  1086  1254 D ASH     : @ 969929.067: tcs3701: start power rail timer, state:3
         1704799058.268 30654 30654 I dashscene-cpu: 30498 (.dashscene.demo) S 1041 1041 0 0 -1 1077936448 8785 0 21 0 133 73 0 0 10 -10 18 0 96990421 15645933568 38281 18446744073709551615 1 1 0 0 0 0 4612 1 1073775864 0 0 0 17 0 0 0 0 0 0 0 0 0 0 0 0 0 0
         1704799058.305  1086  1254 I ASH     : @ 969929.107: tcs3701: stop power rail pending_off timer
         1704799058.305  1086  1254 D ASH     : @ 969929.107: tcs3701: start power rail timer, state:3
         1704799058.346  1086  1254 I ASH     : @ 969929.147: tcs3701: stop power rail pending_off timer
         1704799058.346  1086  1254 D ASH     : @ 969929.147: tcs3701: start power rail timer, state:3
         1704799058.387  1086  1254 I ASH     : @ 969929.187: tcs3701: stop power rail pending_off timer
         1704799058.387  1086  1254 D ASH     : @ 969929.187: tcs3701: start power rail timer, state:3
         1704799058.427  1086  1254 I ASH     : @ 969929.227: tcs3701: stop power rail pending_off timer
         1704799058.427  1086  1254 D ASH     : @ 969929.227: tcs3701: start power rail timer, state:3
         1704799058.466  1086  1254 I ASH     : @ 969929.267: tcs3701: stop power rail pending_off timer
         1704799058.467  1086  1254 D ASH     : @ 969929.267: tcs3701: start power rail timer, state:3
         1704799058.507  1086  1254 I ASH     : @ 969929.307: tcs3701: stop power rail pending_off timer
         1704799058.507  1086  1254 D ASH     : @ 969929.307: tcs3701: start power rail timer, state:3
         1704799058.545  1086  1254 I ASH     : @ 969929.347: tcs3701: stop power rail pending_off timer
         1704799058.546  1086  1254 D ASH     : @ 969929.347: tcs3701: start power rail timer, state:3
         1704799058.587  1086  1254 I ASH     : @ 969929.387: tcs3701: stop power rail pending_off timer
         1704799058.587  1086  1254 D ASH     : @ 969929.387: tcs3701: start power rail timer, state:3
         1704799058.627  1086  1254 I ASH     : @ 969929.427: tcs3701: stop power rail pending_off timer
         1704799058.627  1086  1254 D ASH     : @ 969929.427: tcs3701: start power rail timer, state:3
         1704799058.666  1086  1254 I ASH     : @ 969929.467: tcs3701: stop power rail pending_off timer
         1704799058.666  1086  1254 D ASH     : @ 969929.467: tcs3701: start power rail timer, state:3
         1704799058.706  1086  1254 I ASH     : @ 969929.507: tcs3701: stop power rail pending_off timer
         1704799058.707  1086  1254 D ASH     : @ 969929.507: tcs3701: start power rail timer, state:3
         1704799058.746  1086  1254 I ASH     : @ 969929.547: tcs3701: stop power rail pending_off timer
         1704799058.746  1086  1254 D ASH     : @ 969929.547: tcs3701: start power rail timer, state:3
         1704799058.785  1086  1254 I ASH     : @ 969929.587: tcs3701: stop power rail pending_off timer
         1704799058.785  1086  1254 D ASH     : @ 969929.587: tcs3701: start power rail timer, state:3
         1704799058.800 30657 30657 I dashscene-cpu: 30498 (.dashscene.demo) S 1041 1041 0 0 -1 1077936448 8785 0 21 0 134 74 0 0 10 -10 18 0 96990421 15645933568 38281 18446744073709551615 1 1 0 0 0 0 4612 1 1073775864 0 0 0 17 0 0 0 0 0 0 0 0 0 0 0 0 0 0
         1704799058.825  1086  1254 I ASH     : @ 969929.627: tcs3701: stop power rail pending_off timer
         1704799058.826  1086  1254 D ASH     : @ 969929.627: tcs3701: start power rail timer, state:3
         1704799058.865  1086  1254 I ASH     : @ 969929.667: tcs3701: stop power rail pending_off timer
         1704799058.866  1086  1254 D ASH     : @ 969929.667: tcs3701: start power rail timer, state:3
         1704799058.907  1086  1254 I ASH     : @ 969929.707: tcs3701: stop power rail pending_off timer
         1704799058.907  1086  1254 D ASH     : @ 969929.707: tcs3701: start power rail timer, state:3
         1704799058.946  1086  1254 I ASH     : @ 969929.747: tcs3701: stop power rail pending_off timer
         1704799058.946  1086  1254 D ASH     : @ 969929.747: tcs3701: start power rail timer, state:3
         1704799058.987  1086  1254 I ASH     : @ 969929.787: tcs3701: stop power rail pending_off timer
         1704799058.987  1086  1254 D ASH     : @ 969929.787: tcs3701: start power rail timer, state:3
         1704799059.027  1086  1254 I ASH     : @ 969929.827: tcs3701: stop power rail pending_off timer
         1704799059.027  1086  1254 D ASH     : @ 969929.827: tcs3701: start power rail timer, state:3
         1704799059.067  1086  1254 I ASH     : @ 969929.867: tcs3701: stop power rail pending_off timer
         1704799059.067  1086  1254 D ASH     : @ 969929.867: tcs3701: start power rail timer, state:3
         1704799059.107  1086  1254 I ASH     : @ 969929.907: tcs3701: stop power rail pending_off timer
         1704799059.107  1086  1254 D ASH     : @ 969929.907: tcs3701: start power rail timer, state:3
         1704799059.145  1086  1254 I ASH     : @ 969929.947: tcs3701: stop power rail pending_off timer
         1704799059.145  1086  1254 D ASH     : @ 969929.947: tcs3701: start power rail timer, state:3
         1704799059.185  1086  1254 I ASH     : @ 969929.987: tcs3701: stop power rail pending_off timer
         1704799059.185  1086  1254 D ASH     : @ 969929.987: tcs3701: start power rail timer, state:3
         1704799059.225  1086  1254 I ASH     : @ 969930.027: tcs3701: stop power rail pending_off timer
         1704799059.225  1086  1254 D ASH     : @ 969930.027: tcs3701: start power rail timer, state:3
         1704799059.265  1086  1254 I ASH     : @ 969930.067: tcs3701: stop power rail pending_off timer
         1704799059.265  1086  1254 D ASH     : @ 969930.067: tcs3701: start power rail timer, state:3
         1704799059.307  1086  1254 I ASH     : @ 969930.107: tcs3701: stop power rail pending_off timer
         1704799059.307  1086  1254 D ASH     : @ 969930.107: tcs3701: start power rail timer, state:3
         1704799059.329 30660 30660 I dashscene-cpu: 30498 (.dashscene.demo) S 1041 1041 0 0 -1 1077936448 8788 0 21 0 135 75 0 0 10 -10 18 0 96990421 15645933568 38281 18446744073709551615 1 1 0 0 0 0 4612 1 1073775864 0 0 0 17 0 0 0 0 0 0 0 0 0 0 0 0 0 0
         1704799059.345  1086  1254 I ASH     : @ 969930.147: tcs3701: stop power rail pending_off timer
         1704799059.345  1086  1254 D ASH     : @ 969930.147: tcs3701: start power rail timer, state:3
         1704799059.387  1086  1254 I ASH     : @ 969930.187: tcs3701: stop power rail pending_off timer
         1704799059.387  1086  1254 D ASH     : @ 969930.187: tcs3701: start power rail timer, state:3
         1704799059.427  1086  1254 I ASH     : @ 969930.227: tcs3701: stop power rail pending_off timer
         1704799059.427  1086  1254 D ASH     : @ 969930.227: tcs3701: start power rail timer, state:3
         1704799059.465  1086  1254 I ASH     : @ 969930.267: tcs3701: stop power rail pending_off timer
         1704799059.465  1086  1254 D ASH     : @ 969930.267: tcs3701: start power rail timer, state:3
         1704799059.507  1086  1254 I ASH     : @ 969930.307: tcs3701: stop power rail pending_off timer
         1704799059.507  1086  1254 D ASH     : @ 969930.307: tcs3701: start power rail timer, state:3
         1704799059.547  1086  1254 I ASH     : @ 969930.347: tcs3701: stop power rail pending_off timer
         1704799059.547  1086  1254 D ASH     : @ 969930.347: tcs3701: start power rail timer, state:3
         1704799059.587  1086  1254 I ASH     : @ 969930.387: tcs3701: stop power rail pending_off timer
         1704799059.587  1086  1254 D ASH     : @ 969930.387: tcs3701: start power rail timer, state:3
         1704799059.626  1086  1254 I ASH     : @ 969930.427: tcs3701: stop power rail pending_off timer
         1704799059.627  1086  1254 D ASH     : @ 969930.427: tcs3701: start power rail timer, state:3
         1704799059.665  1086  1254 I ASH     : @ 969930.467: tcs3701: stop power rail pending_off timer
         1704799059.665  1086  1254 D ASH     : @ 969930.467: tcs3701: start power rail timer, state:3
         1704799059.707  1086  1254 I ASH     : @ 969930.507: tcs3701: stop power rail pending_off timer
         1704799059.707  1086  1254 D ASH     : @ 969930.507: tcs3701: start power rail timer, state:3
         1704799059.746  1086  1254 I ASH     : @ 969930.547: tcs3701: stop power rail pending_off timer
         1704799059.747  1086  1254 D ASH     : @ 969930.547: tcs3701: start power rail timer, state:3
         1704799059.787  1086  1254 I ASH     : @ 969930.587: tcs3701: stop power rail pending_off timer
         1704799059.787  1086  1254 D ASH     : @ 969930.587: tcs3701: start power rail timer, state:3
         1704799059.827  1086  1254 I ASH     : @ 969930.627: tcs3701: stop power rail pending_off timer
         1704799059.827  1086  1254 D ASH     : @ 969930.627: tcs3701: start power rail timer, state:3
         1704799059.858 30663 30663 I dashscene-cpu: 30498 (.dashscene.demo) S 1041 1041 0 0 -1 1077936448 8788 0 21 0 135 77 0 0 10 -10 18 0 96990421 15645933568 38281 18446744073709551615 1 1 0 0 0 0 4612 1 1073775864 0 0 0 17 0 0 0 0 0 0 0 0 0 0 0 0 0 0
         1704799059.865  1086  1254 I ASH     : @ 969930.667: tcs3701: stop power rail pending_off timer
         1704799059.865  1086  1254 D ASH     : @ 969930.667: tcs3701: start power rail timer, state:3
         1704799059.905  1086  1254 I ASH     : @ 969930.707: tcs3701: stop power rail pending_off timer
         1704799059.905  1086  1254 D ASH     : @ 969930.707: tcs3701: start power rail timer, state:3
         1704799059.947  1086  1254 I ASH     : @ 969930.747: tcs3701: stop power rail pending_off timer
         1704799059.947  1086  1254 D ASH     : @ 969930.747: tcs3701: start power rail timer, state:3
         1704799059.987  1086  1254 I ASH     : @ 969930.787: tcs3701: stop power rail pending_off timer
         1704799059.987  1086  1254 D ASH     : @ 969930.787: tcs3701: start power rail timer, state:3
         1704799060.027  1086  1254 I ASH     : @ 969930.827: tcs3701: stop power rail pending_off timer
         1704799060.027  1086  1254 D ASH     : @ 969930.827: tcs3701: start power rail timer, state:3
         1704799060.066  1086  1254 I ASH     : @ 969930.867: tcs3701: stop power rail pending_off timer
         1704799060.066  1086  1254 D ASH     : @ 969930.867: tcs3701: start power rail timer, state:3
         1704799060.107  1086  1254 I ASH     : @ 969930.907: tcs3701: stop power rail pending_off timer
         1704799060.107  1086  1254 D ASH     : @ 969930.907: tcs3701: start power rail timer, state:3
         1704799060.147  1086  1254 I ASH     : @ 969930.947: tcs3701: stop power rail pending_off timer
         1704799060.147  1086  1254 D ASH     : @ 969930.947: tcs3701: start power rail timer, state:3
         1704799060.187  1086  1254 I ASH     : @ 969930.987: tcs3701: stop power rail pending_off timer
         1704799060.187  1086  1254 D ASH     : @ 969930.987: tcs3701: start power rail timer, state:3
         1704799060.227  1086  1254 I ASH     : @ 969931.027: tcs3701: stop power rail pending_off timer
         1704799060.227  1086  1254 D ASH     : @ 969931.027: tcs3701: start power rail timer, state:3
         1704799060.265  1086  1254 I ASH     : @ 969931.067: tcs3701: stop power rail pending_off timer
         1704799060.266  1086  1254 D ASH     : @ 969931.067: tcs3701: start power rail timer, state:3
         1704799060.307  1086  1254 I ASH     : @ 969931.107: tcs3701: stop power rail pending_off timer
         1704799060.307  1086  1254 D ASH     : @ 969931.107: tcs3701: start power rail timer, state:3
         1704799060.347  1086  1254 I ASH     : @ 969931.147: tcs3701: stop power rail pending_off timer
         1704799060.347  1086  1254 D ASH     : @ 969931.147: tcs3701: start power rail timer, state:3
         1704799060.385  1086  1254 I ASH     : @ 969931.187: tcs3701: stop power rail pending_off timer
         1704799060.385  1086  1254 D ASH     : @ 969931.187: tcs3701: start power rail timer, state:3
         1704799060.388 30666 30666 I dashscene-cpu: 30498 (.dashscene.demo) S 1041 1041 0 0 -1 1077936448 8788 0 21 0 136 78 0 0 10 -10 18 0 96990421 15645933568 38281 18446744073709551615 1 1 0 0 0 0 4612 1 1073775864 0 0 0 17 0 0 0 0 0 0 0 0 0 0 0 0 0 0
         1704799060.426  1086  1254 I ASH     : @ 969931.227: tcs3701: stop power rail pending_off timer
         1704799060.426  1086  1254 D ASH     : @ 969931.227: tcs3701: start power rail timer, state:3
         1704799060.465  1086  1254 I ASH     : @ 969931.267: tcs3701: stop power rail pending_off timer
         1704799060.465  1086  1254 D ASH     : @ 969931.267: tcs3701: start power rail timer, state:3
         1704799060.506  1086  1254 I ASH     : @ 969931.307: tcs3701: stop power rail pending_off timer
         1704799060.507  1086  1254 D ASH     : @ 969931.307: tcs3701: start power rail timer, state:3
         1704799060.547  1086  1254 I ASH     : @ 969931.347: tcs3701: stop power rail pending_off timer
         1704799060.547  1086  1254 D ASH     : @ 969931.347: tcs3701: start power rail timer, state:3
         1704799060.587  1086  1254 I ASH     : @ 969931.387: tcs3701: stop power rail pending_off timer
         1704799060.587  1086  1254 D ASH     : @ 969931.387: tcs3701: start power rail timer, state:3
         1704799060.627  1086  1254 I ASH     : @ 969931.427: tcs3701: stop power rail pending_off timer
         1704799060.627  1086  1254 D ASH     : @ 969931.427: tcs3701: start power rail timer, state:3
         1704799060.666  1086  1254 I ASH     : @ 969931.467: tcs3701: stop power rail pending_off timer
         1704799060.666  1086  1254 D ASH     : @ 969931.467: tcs3701: start power rail timer, state:3
         1704799060.705  1086  1254 I ASH     : @ 969931.507: tcs3701: stop power rail pending_off timer
         1704799060.706  1086  1254 D ASH     : @ 969931.507: tcs3701: start power rail timer, state:3
         1704799060.732 30498 30520 I dashscene: 1440 frames over 1440 vsyncs
         1704799060.746  1086  1254 I ASH     : @ 969931.547: tcs3701: stop power rail pending_off timer
         1704799060.746  1086  1254 D ASH     : @ 969931.547: tcs3701: start power rail timer, state:3
         1704799060.785  1086  1254 I ASH     : @ 969931.587: tcs3701: stop power rail pending_off timer
         1704799060.786  1086  1254 D ASH     : @ 969931.587: tcs3701: start power rail timer, state:3
         1704799060.826  1086  1254 I ASH     : @ 969931.627: tcs3701: stop power rail pending_off timer
         1704799060.827  1086  1254 D ASH     : @ 969931.627: tcs3701: start power rail timer, state:3
         1704799060.866  1086  1254 I ASH     : @ 969931.667: tcs3701: stop power rail pending_off timer
         1704799060.866  1086  1254 D ASH     : @ 969931.667: tcs3701: start power rail timer, state:3
         1704799060.905  1086  1254 I ASH     : @ 969931.707: tcs3701: stop power rail pending_off timer
         1704799060.905  1086  1254 D ASH     : @ 969931.707: tcs3701: start power rail timer, state:3
         1704799060.921 30669 30669 I dashscene-cpu: 30498 (.dashscene.demo) S 1041 1041 0 0 -1 1077936448 8788 0 21 0 138 79 0 0 10 -10 18 0 96990421 15645933568 38281 18446744073709551615 1 1 0 0 0 0 4612 1 1073775864 0 0 0 17 0 0 0 0 0 0 0 0 0 0 0 0 0 0
         1704799060.946  1086  1254 I ASH     : @ 969931.747: tcs3701: stop power rail pending_off timer
         1704799060.946  1086  1254 D ASH     : @ 969931.747: tcs3701: start power rail timer, state:3
         1704799060.985  1086  1254 I ASH     : @ 969931.787: tcs3701: stop power rail pending_off timer
         1704799060.985  1086  1254 D ASH     : @ 969931.787: tcs3701: start power rail timer, state:3
         1704799061.027  1086  1254 I ASH     : @ 969931.827: tcs3701: stop power rail pending_off timer
         1704799061.027  1086  1254 D ASH     : @ 969931.827: tcs3701: start power rail timer, state:3
         1704799061.066  1086  1254 I ASH     : @ 969931.867: tcs3701: stop power rail pending_off timer
         1704799061.067  1086  1254 D ASH     : @ 969931.867: tcs3701: start power rail timer, state:3
         1704799061.107  1086  1254 I ASH     : @ 969931.907: tcs3701: stop power rail pending_off timer
         1704799061.107  1086  1254 D ASH     : @ 969931.907: tcs3701: start power rail timer, state:3
         1704799061.147  1086  1254 I ASH     : @ 969931.947: tcs3701: stop power rail pending_off timer
         1704799061.147  1086  1254 D ASH     : @ 969931.947: tcs3701: start power rail timer, state:3
         1704799061.185  1086  1254 I ASH     : @ 969931.987: tcs3701: stop power rail pending_off timer
         1704799061.186  1086  1254 D ASH     : @ 969931.987: tcs3701: start power rail timer, state:3
         1704799061.227  1086  1254 I ASH     : @ 969932.027: tcs3701: stop power rail pending_off timer
         1704799061.227  1086  1254 D ASH     : @ 969932.027: tcs3701: start power rail timer, state:3
         1704799061.267  1086  1254 I ASH     : @ 969932.067: tcs3701: stop power rail pending_off timer
         1704799061.267  1086  1254 D ASH     : @ 969932.067: tcs3701: start power rail timer, state:3
         1704799061.306  1086  1254 I ASH     : @ 969932.107: tcs3701: stop power rail pending_off timer
         1704799061.307  1086  1254 D ASH     : @ 969932.107: tcs3701: start power rail timer, state:3
         1704799061.347  1086  1254 I ASH     : @ 969932.147: tcs3701: stop power rail pending_off timer
         1704799061.347  1086  1254 D ASH     : @ 969932.147: tcs3701: start power rail timer, state:3
         1704799061.385  1086  1254 I ASH     : @ 969932.187: tcs3701: stop power rail pending_off timer
         1704799061.386  1086  1254 D ASH     : @ 969932.187: tcs3701: start power rail timer, state:3
         1704799061.427  1086  1254 I ASH     : @ 969932.227: tcs3701: stop power rail pending_off timer
         1704799061.427  1086  1254 D ASH     : @ 969932.227: tcs3701: start power rail timer, state:3
         1704799061.451 30672 30672 I dashscene-cpu: 30498 (.dashscene.demo) S 1041 1041 0 0 -1 1077936448 8788 0 21 0 138 80 0 0 10 -10 18 0 96990421 15645933568 38281 18446744073709551615 1 1 0 0 0 0 4612 1 1073775864 0 0 0 17 0 0 0 0 0 0 0 0 0 0 0 0 0 0
         1704799061.465  1086  1254 I ASH     : @ 969932.267: tcs3701: stop power rail pending_off timer
         1704799061.465  1086  1254 D ASH     : @ 969932.267: tcs3701: start power rail timer, state:3
         1704799061.505  1086  1254 I ASH     : @ 969932.307: tcs3701: stop power rail pending_off timer
         1704799061.506  1086  1254 D ASH     : @ 969932.307: tcs3701: start power rail timer, state:3
         1704799061.547  1086  1254 I ASH     : @ 969932.347: tcs3701: stop power rail pending_off timer
         1704799061.547  1086  1254 D ASH     : @ 969932.347: tcs3701: start power rail timer, state:3
         1704799061.585  1086  1254 I ASH     : @ 969932.387: tcs3701: stop power rail pending_off timer
         1704799061.586  1086  1254 D ASH     : @ 969932.387: tcs3701: start power rail timer, state:3
         1704799061.625  1086  1254 I ASH     : @ 969932.427: tcs3701: stop power rail pending_off timer
         1704799061.625  1086  1254 D ASH     : @ 969932.427: tcs3701: start power rail timer, state:3
         1704799061.665  1086  1254 I ASH     : @ 969932.467: tcs3701: stop power rail pending_off timer
         1704799061.665  1086  1254 D ASH     : @ 969932.467: tcs3701: start power rail timer, state:3
         1704799061.705  1086  1254 I ASH     : @ 969932.507: tcs3701: stop power rail pending_off timer
         1704799061.705  1086  1254 D ASH     : @ 969932.507: tcs3701: start power rail timer, state:3
         1704799061.745  1086  1254 I ASH     : @ 969932.547: tcs3701: stop power rail pending_off timer
         1704799061.745  1086  1254 D ASH     : @ 969932.547: tcs3701: start power rail timer, state:3
         1704799061.785  1086  1254 I ASH     : @ 969932.587: tcs3701: stop power rail pending_off timer
         1704799061.785  1086  1254 D ASH     : @ 969932.587: tcs3701: start power rail timer, state:3
         1704799061.825  1086  1254 I ASH     : @ 969932.627: tcs3701: stop power rail pending_off timer
         1704799061.825  1086  1254 D ASH     : @ 969932.627: tcs3701: start power rail timer, state:3
         1704799061.865  1086  1254 I ASH     : @ 969932.667: tcs3701: stop power rail pending_off timer
         1704799061.865  1086  1254 D ASH     : @ 969932.667: tcs3701: start power rail timer, state:3
         1704799061.906  1086  1254 I ASH     : @ 969932.707: tcs3701: stop power rail pending_off timer
         1704799061.906  1086  1254 D ASH     : @ 969932.707: tcs3701: start power rail timer, state:3
         1704799061.945  1086  1254 I ASH     : @ 969932.747: tcs3701: stop power rail pending_off timer
         1704799061.945  1086  1254 D ASH     : @ 969932.747: tcs3701: start power rail timer, state:3
         1704799061.983 30675 30675 I dashscene-cpu: 30498 (.dashscene.demo) S 1041 1041 0 0 -1 1077936448 8853 0 21 0 143 84 0 0 10 -10 18 0 96990421 15645933568 38281 18446744073709551615 1 1 0 0 0 0 4612 1 1073775864 0 0 0 17 0 0 0 0 0 0 0 0 0 0 0 0 0 0
         1704799061.985  1086  1254 I ASH     : @ 969932.787: tcs3701: stop power rail pending_off timer
         1704799061.985  1086  1254 D ASH     : @ 969932.787: tcs3701: start power rail timer, state:3
         1704799062.025  1086  1254 I ASH     : @ 969932.827: tcs3701: stop power rail pending_off timer
         1704799062.025  1086  1254 D ASH     : @ 969932.827: tcs3701: start power rail timer, state:3
         1704799062.065  1086  1254 I ASH     : @ 969932.867: tcs3701: stop power rail pending_off timer
         1704799062.065  1086  1254 D ASH     : @ 969932.867: tcs3701: start power rail timer, state:3
         1704799062.105  1086  1254 I ASH     : @ 969932.907: tcs3701: stop power rail pending_off timer
         1704799062.105  1086  1254 D ASH     : @ 969932.907: tcs3701: start power rail timer, state:3
         1704799062.145  1086  1254 I ASH     : @ 969932.947: tcs3701: stop power rail pending_off timer
         1704799062.145  1086  1254 D ASH     : @ 969932.947: tcs3701: start power rail timer, state:3
         1704799062.185  1086  1254 I ASH     : @ 969932.987: tcs3701: stop power rail pending_off timer
         1704799062.185  1086  1254 D ASH     : @ 969932.987: tcs3701: start power rail timer, state:3
         1704799062.225  1086  1254 I ASH     : @ 969933.027: tcs3701: stop power rail pending_off timer
         1704799062.225  1086  1254 D ASH     : @ 969933.027: tcs3701: start power rail timer, state:3
         1704799062.265  1086  1254 I ASH     : @ 969933.067: tcs3701: stop power rail pending_off timer
         1704799062.265  1086  1254 D ASH     : @ 969933.067: tcs3701: start power rail timer, state:3
         1704799062.305  1086  1254 I ASH     : @ 969933.107: tcs3701: stop power rail pending_off timer
         1704799062.305  1086  1254 D ASH     : @ 969933.107: tcs3701: start power rail timer, state:3
         1704799062.345  1086  1254 I ASH     : @ 969933.147: tcs3701: stop power rail pending_off timer
         1704799062.345  1086  1254 D ASH     : @ 969933.147: tcs3701: start power rail timer, state:3
         1704799062.385  1086  1254 I ASH     : @ 969933.187: tcs3701: stop power rail pending_off timer
         1704799062.385  1086  1254 D ASH     : @ 969933.187: tcs3701: start power rail timer, state:3
         1704799062.425  1086  1254 I ASH     : @ 969933.227: tcs3701: stop power rail pending_off timer
         1704799062.425  1086  1254 D ASH     : @ 969933.227: tcs3701: start power rail timer, state:3
         1704799062.465  1086  1254 I ASH     : @ 969933.267: tcs3701: stop power rail pending_off timer
         1704799062.465  1086  1254 D ASH     : @ 969933.267: tcs3701: start power rail timer, state:3
         1704799062.505  1086  1254 I ASH     : @ 969933.307: tcs3701: stop power rail pending_off timer
         1704799062.505  1086  1254 D ASH     : @ 969933.307: tcs3701: start power rail timer, state:3
         1704799062.513 30678 30678 I dashscene-cpu: 30498 (.dashscene.demo) S 1041 1041 0 0 -1 1077936448 8949 0 21 0 150 87 0 0 10 -10 18 0 96990421 15645933568 38281 18446744073709551615 1 1 0 0 0 0 4612 1 1073775864 0 0 0 17 0 0 0 0 0 0 0 0 0 0 0 0 0 0
         1704799062.545  1086  1254 I ASH     : @ 969933.347: tcs3701: stop power rail pending_off timer
         1704799062.545  1086  1254 D ASH     : @ 969933.347: tcs3701: start power rail timer, state:3
         1704799062.585  1086  1254 I ASH     : @ 969933.387: tcs3701: stop power rail pending_off timer
         1704799062.585  1086  1254 D ASH     : @ 969933.387: tcs3701: start power rail timer, state:3
         1704799062.625  1086  1254 I ASH     : @ 969933.427: tcs3701: stop power rail pending_off timer
         1704799062.625  1086  1254 D ASH     : @ 969933.427: tcs3701: start power rail timer, state:3
         1704799062.665  1086  1254 I ASH     : @ 969933.467: tcs3701: stop power rail pending_off timer
         1704799062.665  1086  1254 D ASH     : @ 969933.467: tcs3701: start power rail timer, state:3
         1704799062.705  1086  1254 I ASH     : @ 969933.507: tcs3701: stop power rail pending_off timer
         1704799062.705  1086  1254 D ASH     : @ 969933.507: tcs3701: start power rail timer, state:3
         1704799062.745  1086  1254 I ASH     : @ 969933.547: tcs3701: stop power rail pending_off timer
         1704799062.745  1086  1254 D ASH     : @ 969933.547: tcs3701: start power rail timer, state:3
         1704799062.785  1086  1254 I ASH     : @ 969933.587: tcs3701: stop power rail pending_off timer
         1704799062.785  1086  1254 D ASH     : @ 969933.587: tcs3701: start power rail timer, state:3
         1704799062.825  1086  1254 I ASH     : @ 969933.627: tcs3701: stop power rail pending_off timer
         1704799062.825  1086  1254 D ASH     : @ 969933.627: tcs3701: start power rail timer, state:3
         1704799062.865  1086  1254 I ASH     : @ 969933.667: tcs3701: stop power rail pending_off timer
         1704799062.865  1086  1254 D ASH     : @ 969933.667: tcs3701: start power rail timer, state:3
         1704799062.905  1086  1254 I ASH     : @ 969933.707: tcs3701: stop power rail pending_off timer
         1704799062.905  1086  1254 D ASH     : @ 969933.707: tcs3701: start power rail timer, state:3
         1704799062.945  1086  1254 I ASH     : @ 969933.747: tcs3701: stop power rail pending_off timer
         1704799062.945  1086  1254 D ASH     : @ 969933.747: tcs3701: start power rail timer, state:3
         1704799062.985  1086  1254 I ASH     : @ 969933.787: tcs3701: stop power rail pending_off timer
         1704799062.985  1086  1254 D ASH     : @ 969933.787: tcs3701: start power rail timer, state:3
         1704799063.025  1086  1254 I ASH     : @ 969933.827: tcs3701: stop power rail pending_off timer
         1704799063.025  1086  1254 D ASH     : @ 969933.827: tcs3701: start power rail timer, state:3
         1704799063.044 30681 30681 I dashscene-cpu: 30498 (.dashscene.demo) S 1041 1041 0 0 -1 1077936448 9045 0 21 0 157 90 0 0 10 -10 18 0 96990421 15645933568 38280 18446744073709551615 1 1 0 0 0 0 4612 1 1073775864 0 0 0 17 0 0 0 0 0 0 0 0 0 0 0 0 0 0
         1704799063.065  1086  1254 I ASH     : @ 969933.867: tcs3701: stop power rail pending_off timer
         1704799063.065  1086  1254 D ASH     : @ 969933.867: tcs3701: start power rail timer, state:3
         1704799063.105  1086  1254 I ASH     : @ 969933.907: tcs3701: stop power rail pending_off timer
         1704799063.105  1086  1254 D ASH     : @ 969933.907: tcs3701: start power rail timer, state:3
         1704799063.145  1086  1254 I ASH     : @ 969933.947: tcs3701: stop power rail pending_off timer
         1704799063.145  1086  1254 D ASH     : @ 969933.947: tcs3701: start power rail timer, state:3
         1704799063.185  1086  1254 I ASH     : @ 969933.987: tcs3701: stop power rail pending_off timer
         1704799063.185  1086  1254 D ASH     : @ 969933.987: tcs3701: start power rail timer, state:3
         1704799063.225  1086  1254 I ASH     : @ 969934.027: tcs3701: stop power rail pending_off timer
         1704799063.225  1086  1254 D ASH     : @ 969934.027: tcs3701: start power rail timer, state:3
         1704799063.265  1086  1254 I ASH     : @ 969934.067: tcs3701: stop power rail pending_off timer
         1704799063.265  1086  1254 D ASH     : @ 969934.067: tcs3701: start power rail timer, state:3
         1704799063.306  1086  1254 I ASH     : @ 969934.107: tcs3701: stop power rail pending_off timer
         1704799063.307  1086  1254 D ASH     : @ 969934.107: tcs3701: start power rail timer, state:3
         1704799063.346  1086  1254 I ASH     : @ 969934.147: tcs3701: stop power rail pending_off timer
         1704799063.347  1086  1254 D ASH     : @ 969934.147: tcs3701: start power rail timer, state:3
         1704799063.386  1086  1254 I ASH     : @ 969934.187: tcs3701: stop power rail pending_off timer
         1704799063.386  1086  1254 D ASH     : @ 969934.187: tcs3701: start power rail timer, state:3
         1704799063.427  1086  1254 I ASH     : @ 969934.227: tcs3701: stop power rail pending_off timer
         1704799063.427  1086  1254 D ASH     : @ 969934.227: tcs3701: start power rail timer, state:3
         1704799063.467  1086  1254 I ASH     : @ 969934.267: tcs3701: stop power rail pending_off timer
         1704799063.467  1086  1254 D ASH     : @ 969934.267: tcs3701: start power rail timer, state:3
         1704799063.507  1086  1254 I ASH     : @ 969934.307: tcs3701: stop power rail pending_off timer
         1704799063.507  1086  1254 D ASH     : @ 969934.307: tcs3701: start power rail timer, state:3
         1704799063.547  1086  1254 I ASH     : @ 969934.347: tcs3701: stop power rail pending_off timer
         1704799063.547  1086  1254 D ASH     : @ 969934.347: tcs3701: start power rail timer, state:3
         1704799063.578 30684 30684 I dashscene-cpu: 30498 (.dashscene.demo) S 1041 1041 0 0 -1 1077936448 9061 0 21 0 158 92 0 0 10 -10 18 0 96990421 15645933568 38280 18446744073709551615 1 1 0 0 0 0 4612 1 1073775864 0 0 0 17 0 0 0 0 0 0 0 0 0 0 0 0 0 0
         1704799063.585  1086  1254 I ASH     : @ 969934.387: tcs3701: stop power rail pending_off timer
         1704799063.585  1086  1254 D ASH     : @ 969934.387: tcs3701: start power rail timer, state:3
         1704799063.625  1086  1254 I ASH     : @ 969934.427: tcs3701: stop power rail pending_off timer
         1704799063.626  1086  1254 D ASH     : @ 969934.427: tcs3701: start power rail timer, state:3
         1704799063.667  1086  1254 I ASH     : @ 969934.467: tcs3701: stop power rail pending_off timer
         1704799063.667  1086  1254 D ASH     : @ 969934.467: tcs3701: start power rail timer, state:3
         1704799063.705  1086  1254 I ASH     : @ 969934.507: tcs3701: stop power rail pending_off timer
         1704799063.706  1086  1254 D ASH     : @ 969934.507: tcs3701: start power rail timer, state:3
         1704799063.747  1086  1254 I ASH     : @ 969934.547: tcs3701: stop power rail pending_off timer
         1704799063.747  1086  1254 D ASH     : @ 969934.547: tcs3701: start power rail timer, state:3
         1704799063.786  1086  1254 I ASH     : @ 969934.587: tcs3701: stop power rail pending_off timer
         1704799063.786  1086  1254 D ASH     : @ 969934.587: tcs3701: start power rail timer, state:3
         1704799063.827  1086  1254 I ASH     : @ 969934.627: tcs3701: stop power rail pending_off timer
         1704799063.827  1086  1254 D ASH     : @ 969934.627: tcs3701: start power rail timer, state:3
         1704799063.867  1086  1254 I ASH     : @ 969934.667: tcs3701: stop power rail pending_off timer
         1704799063.867  1086  1254 D ASH     : @ 969934.667: tcs3701: start power rail timer, state:3
         1704799063.906  1086  1254 I ASH     : @ 969934.707: tcs3701: stop power rail pending_off timer
         1704799063.906  1086  1254 D ASH     : @ 969934.707: tcs3701: start power rail timer, state:3
         1704799063.947  1086  1254 I ASH     : @ 969934.747: tcs3701: stop power rail pending_off timer
         1704799063.947  1086  1254 D ASH     : @ 969934.747: tcs3701: start power rail timer, state:3
         1704799063.987  1086  1254 I ASH     : @ 969934.787: tcs3701: stop power rail pending_off timer
         1704799063.987  1086  1254 D ASH     : @ 969934.787: tcs3701: start power rail timer, state:3
         1704799064.027  1086  1254 I ASH     : @ 969934.827: tcs3701: stop power rail pending_off timer
         1704799064.027  1086  1254 D ASH     : @ 969934.827: tcs3701: start power rail timer, state:3
         1704799064.067  1086  1254 I ASH     : @ 969934.867: tcs3701: stop power rail pending_off timer
         1704799064.067  1086  1254 D ASH     : @ 969934.867: tcs3701: start power rail timer, state:3
         1704799064.105  1086  1254 I ASH     : @ 969934.907: tcs3701: stop power rail pending_off timer
         1704799064.105  1086  1254 D ASH     : @ 969934.907: tcs3701: start power rail timer, state:3
         1704799064.109 30687 30687 I dashscene-cpu: 30498 (.dashscene.demo) S 1041 1041 0 0 -1 1077936448 9061 0 21 0 159 93 0 0 10 -10 18 0 96990421 15645933568 38280 18446744073709551615 1 1 0 0 0 0 4612 1 1073775864 0 0 0 17 0 0 0 0 0 0 0 0 0 0 0 0 0 0
         1704799064.145  1086  1254 I ASH     : @ 969934.947: tcs3701: stop power rail pending_off timer
         1704799064.145  1086  1254 D ASH     : @ 969934.947: tcs3701: start power rail timer, state:3
         1704799064.185  1086  1254 I ASH     : @ 969934.987: tcs3701: stop power rail pending_off timer
         1704799064.185  1086  1254 D ASH     : @ 969934.987: tcs3701: start power rail timer, state:3
         1704799064.225  1086  1254 I ASH     : @ 969935.027: tcs3701: stop power rail pending_off timer
         1704799064.225  1086  1254 D ASH     : @ 969935.027: tcs3701: start power rail timer, state:3
         1704799064.267  1086  1254 I ASH     : @ 969935.067: tcs3701: stop power rail pending_off timer
         1704799064.267  1086  1254 D ASH     : @ 969935.067: tcs3701: start power rail timer, state:3
         1704799064.305  1086  1254 I ASH     : @ 969935.107: tcs3701: stop power rail pending_off timer
         1704799064.306  1086  1254 D ASH     : @ 969935.107: tcs3701: start power rail timer, state:3
         1704799064.347  1086  1254 I ASH     : @ 969935.147: tcs3701: stop power rail pending_off timer
         1704799064.347  1086  1254 D ASH     : @ 969935.147: tcs3701: start power rail timer, state:3
         1704799064.386  1086  1254 I ASH     : @ 969935.187: tcs3701: stop power rail pending_off timer
         1704799064.387  1086  1254 D ASH     : @ 969935.187: tcs3701: start power rail timer, state:3
         1704799064.427  1086  1254 I ASH     : @ 969935.227: tcs3701: stop power rail pending_off timer
         1704799064.427  1086  1254 D ASH     : @ 969935.227: tcs3701: start power rail timer, state:3
         1704799064.467  1086  1254 I ASH     : @ 969935.267: tcs3701: stop power rail pending_off timer
         1704799064.467  1086  1254 D ASH     : @ 969935.267: tcs3701: start power rail timer, state:3
         1704799064.505  1086  1254 I ASH     : @ 969935.307: tcs3701: stop power rail pending_off timer
         1704799064.505  1086  1254 D ASH     : @ 969935.307: tcs3701: start power rail timer, state:3
         1704799064.546  1086  1254 I ASH     : @ 969935.347: tcs3701: stop power rail pending_off timer
         1704799064.547  1086  1254 D ASH     : @ 969935.347: tcs3701: start power rail timer, state:3
         1704799064.586  1086  1254 I ASH     : @ 969935.387: tcs3701: stop power rail pending_off timer
         1704799064.587  1086  1254 D ASH     : @ 969935.387: tcs3701: start power rail timer, state:3
         1704799064.625  1086  1254 I ASH     : @ 969935.427: tcs3701: stop power rail pending_off timer
         1704799064.625  1086  1254 D ASH     : @ 969935.427: tcs3701: start power rail timer, state:3
         1704799064.644 30690 30690 I dashscene-cpu: 30498 (.dashscene.demo) S 1041 1041 0 0 -1 1077936448 9064 0 21 0 161 94 0 0 10 -10 18 0 96990421 15645933568 38280 18446744073709551615 1 1 0 0 0 0 4612 1 1073775864 0 0 0 17 0 0 0 0 0 0 0 0 0 0 0 0 0 0
         1704799064.665  1086  1254 I ASH     : @ 969935.467: tcs3701: stop power rail pending_off timer
         1704799064.665  1086  1254 D ASH     : @ 969935.467: tcs3701: start power rail timer, state:3
         1704799064.705  1086  1254 I ASH     : @ 969935.507: tcs3701: stop power rail pending_off timer
         1704799064.705  1086  1254 D ASH     : @ 969935.507: tcs3701: start power rail timer, state:3
         1704799064.747  1086  1254 I ASH     : @ 969935.547: tcs3701: stop power rail pending_off timer
         1704799064.747  1086  1254 D ASH     : @ 969935.547: tcs3701: start power rail timer, state:3
         1704799064.754 30498 30520 I dashscene: 1680 frames over 1680 vsyncs
         1704799064.786  1086  1254 I ASH     : @ 969935.587: tcs3701: stop power rail pending_off timer
         1704799064.787  1086  1254 D ASH     : @ 969935.587: tcs3701: start power rail timer, state:3
         1704799064.827  1086  1254 I ASH     : @ 969935.627: tcs3701: stop power rail pending_off timer
         1704799064.827  1086  1254 D ASH     : @ 969935.627: tcs3701: start power rail timer, state:3
         1704799064.866  1086  1254 I ASH     : @ 969935.667: tcs3701: stop power rail pending_off timer
         1704799064.867  1086  1254 D ASH     : @ 969935.667: tcs3701: start power rail timer, state:3
         1704799064.905  1086  1254 I ASH     : @ 969935.707: tcs3701: stop power rail pending_off timer
         1704799064.906  1086  1254 D ASH     : @ 969935.707: tcs3701: start power rail timer, state:3
         1704799064.947  1086  1254 I ASH     : @ 969935.747: tcs3701: stop power rail pending_off timer
         1704799064.947  1086  1254 D ASH     : @ 969935.747: tcs3701: start power rail timer, state:3
         1704799064.987  1086  1254 I ASH     : @ 969935.787: tcs3701: stop power rail pending_off timer
         1704799064.987  1086  1254 D ASH     : @ 969935.787: tcs3701: start power rail timer, state:3
         1704799065.026  1086  1254 I ASH     : @ 969935.827: tcs3701: stop power rail pending_off timer
         1704799065.027  1086  1254 D ASH     : @ 969935.827: tcs3701: start power rail timer, state:3
         1704799065.067  1086  1254 I ASH     : @ 969935.867: tcs3701: stop power rail pending_off timer
         1704799065.067  1086  1254 D ASH     : @ 969935.867: tcs3701: start power rail timer, state:3
         1704799065.105  1086  1254 I ASH     : @ 969935.907: tcs3701: stop power rail pending_off timer
         1704799065.106  1086  1254 D ASH     : @ 969935.907: tcs3701: start power rail timer, state:3
         1704799065.146  1086  1254 I ASH     : @ 969935.947: tcs3701: stop power rail pending_off timer
         1704799065.147  1086  1254 D ASH     : @ 969935.947: tcs3701: start power rail timer, state:3
         1704799065.180 30693 30693 I dashscene-cpu: 30498 (.dashscene.demo) S 1041 1041 0 0 -1 1077936448 9064 0 21 0 163 94 0 0 10 -10 18 0 96990421 15645933568 38280 18446744073709551615 1 1 0 0 0 0 4612 1 1073775864 0 0 0 17 0 0 0 0 0 0 0 0 0 0 0 0 0 0
         1704799065.185  1086  1254 I ASH     : @ 969935.987: tcs3701: stop power rail pending_off timer
         1704799065.185  1086  1254 D ASH     : @ 969935.987: tcs3701: start power rail timer, state:3
         1704799065.227  1086  1254 I ASH     : @ 969936.027: tcs3701: stop power rail pending_off timer
         1704799065.227  1086  1254 D ASH     : @ 969936.027: tcs3701: start power rail timer, state:3
         1704799065.267  1086  1254 I ASH     : @ 969936.067: tcs3701: stop power rail pending_off timer
         1704799065.267  1086  1254 D ASH     : @ 969936.067: tcs3701: start power rail timer, state:3
         1704799065.306  1086  1254 I ASH     : @ 969936.107: tcs3701: stop power rail pending_off timer
         1704799065.306  1086  1254 D ASH     : @ 969936.107: tcs3701: start power rail timer, state:3
         1704799065.347  1086  1254 I ASH     : @ 969936.147: tcs3701: stop power rail pending_off timer
         1704799065.347  1086  1254 D ASH     : @ 969936.147: tcs3701: start power rail timer, state:3
         1704799065.387  1086  1254 I ASH     : @ 969936.187: tcs3701: stop power rail pending_off timer
         1704799065.387  1086  1254 D ASH     : @ 969936.187: tcs3701: start power rail timer, state:3
         1704799065.427  1086  1254 I ASH     : @ 969936.227: tcs3701: stop power rail pending_off timer
         1704799065.427  1086  1254 D ASH     : @ 969936.227: tcs3701: start power rail timer, state:3
         1704799065.467  1086  1254 I ASH     : @ 969936.267: tcs3701: stop power rail pending_off timer
         1704799065.467  1086  1254 D ASH     : @ 969936.267: tcs3701: start power rail timer, state:3
         1704799065.505  1086  1254 I ASH     : @ 969936.307: tcs3701: stop power rail pending_off timer
         1704799065.506  1086  1254 D ASH     : @ 969936.307: tcs3701: start power rail timer, state:3
         1704799065.547  1086  1254 I ASH     : @ 969936.347: tcs3701: stop power rail pending_off timer
         1704799065.547  1086  1254 D ASH     : @ 969936.347: tcs3701: start power rail timer, state:3
         1704799065.587  1086  1254 I ASH     : @ 969936.387: tcs3701: stop power rail pending_off timer
         1704799065.587  1086  1254 D ASH     : @ 969936.387: tcs3701: start power rail timer, state:3
         1704799065.626  1086  1254 I ASH     : @ 969936.427: tcs3701: stop power rail pending_off timer
         1704799065.626  1086  1254 D ASH     : @ 969936.427: tcs3701: start power rail timer, state:3
         1704799065.666  1086  1254 I ASH     : @ 969936.467: tcs3701: stop power rail pending_off timer
         1704799065.667  1086  1254 D ASH     : @ 969936.467: tcs3701: start power rail timer, state:3
         1704799065.705  1086  1254 I ASH     : @ 969936.507: tcs3701: stop power rail pending_off timer
         1704799065.705  1086  1254 D ASH     : @ 969936.507: tcs3701: start power rail timer, state:3
         1704799065.712 30696 30696 I dashscene-cpu: 30498 (.dashscene.demo) S 1041 1041 0 0 -1 1077936448 9064 0 21 0 164 95 0 0 10 -10 18 0 96990421 15645933568 38280 18446744073709551615 1 1 0 0 0 0 4612 1 1073775864 0 0 0 17 0 0 0 0 0 0 0 0 0 0 0 0 0 0
         1704799065.745  1086  1254 I ASH     : @ 969936.547: tcs3701: stop power rail pending_off timer
         1704799065.745  1086  1254 D ASH     : @ 969936.547: tcs3701: start power rail timer, state:3
         1704799065.787  1086  1254 I ASH     : @ 969936.587: tcs3701: stop power rail pending_off timer
         1704799065.787  1086  1254 D ASH     : @ 969936.587: tcs3701: start power rail timer, state:3
         1704799065.825  1086  1254 I ASH     : @ 969936.627: tcs3701: stop power rail pending_off timer
         1704799065.826  1086  1254 D ASH     : @ 969936.627: tcs3701: start power rail timer, state:3
         1704799065.866  1086  1254 I ASH     : @ 969936.667: tcs3701: stop power rail pending_off timer
         1704799065.867  1086  1254 D ASH     : @ 969936.667: tcs3701: start power rail timer, state:3
         1704799065.906  1086  1254 I ASH     : @ 969936.707: tcs3701: stop power rail pending_off timer
         1704799065.906  1086  1254 D ASH     : @ 969936.707: tcs3701: start power rail timer, state:3
         1704799065.947  1086  1254 I ASH     : @ 969936.747: tcs3701: stop power rail pending_off timer
         1704799065.947  1086  1254 D ASH     : @ 969936.747: tcs3701: start power rail timer, state:3
         1704799065.987  1086  1254 I ASH     : @ 969936.787: tcs3701: stop power rail pending_off timer
         1704799065.987  1086  1254 D ASH     : @ 969936.787: tcs3701: start power rail timer, state:3
         1704799066.025  1086  1254 I ASH     : @ 969936.827: tcs3701: stop power rail pending_off timer
         1704799066.025  1086  1254 D ASH     : @ 969936.827: tcs3701: start power rail timer, state:3
         1704799066.067  1086  1254 I ASH     : @ 969936.867: tcs3701: stop power rail pending_off timer
         1704799066.067  1086  1254 D ASH     : @ 969936.867: tcs3701: start power rail timer, state:3
         1704799066.106  1086  1254 I ASH     : @ 969936.907: tcs3701: stop power rail pending_off timer
         1704799066.107  1086  1254 D ASH     : @ 969936.907: tcs3701: start power rail timer, state:3
         1704799066.147  1086  1254 I ASH     : @ 969936.947: tcs3701: stop power rail pending_off timer
         1704799066.147  1086  1254 D ASH     : @ 969936.947: tcs3701: start power rail timer, state:3
         1704799066.187  1086  1254 I ASH     : @ 969936.987: tcs3701: stop power rail pending_off timer
         1704799066.187  1086  1254 D ASH     : @ 969936.987: tcs3701: start power rail timer, state:3
         1704799066.225  1086  1254 I ASH     : @ 969937.027: tcs3701: stop power rail pending_off timer
         1704799066.225  1086  1254 D ASH     : @ 969937.027: tcs3701: start power rail timer, state:3
         1704799066.246 30699 30699 I dashscene-cpu: 30498 (.dashscene.demo) S 1041 1041 0 0 -1 1077936448 9064 0 21 0 166 96 0 0 10 -10 18 0 96990421 15645933568 38280 18446744073709551615 1 1 0 0 0 0 4612 1 1073775864 0 0 0 17 0 0 0 0 0 0 0 0 0 0 0 0 0 0
         1704799066.265  1086  1254 I ASH     : @ 969937.067: tcs3701: stop power rail pending_off timer
         1704799066.265  1086  1254 D ASH     : @ 969937.067: tcs3701: start power rail timer, state:3
         1704799066.305  1086  1254 I ASH     : @ 969937.107: tcs3701: stop power rail pending_off timer
         1704799066.306  1086  1254 D ASH     : @ 969937.107: tcs3701: start power rail timer, state:3
         1704799066.347  1086  1254 I ASH     : @ 969937.147: tcs3701: stop power rail pending_off timer
         1704799066.347  1086  1254 D ASH     : @ 969937.147: tcs3701: start power rail timer, state:3
         1704799066.387  1086  1254 I ASH     : @ 969937.187: tcs3701: stop power rail pending_off timer
         1704799066.387  1086  1254 D ASH     : @ 969937.187: tcs3701: start power rail timer, state:3
         1704799066.425  1086  1254 I ASH     : @ 969937.227: tcs3701: stop power rail pending_off timer
         1704799066.425  1086  1254 D ASH     : @ 969937.227: tcs3701: start power rail timer, state:3
         1704799066.465  1086  1254 I ASH     : @ 969937.267: tcs3701: stop power rail pending_off timer
         1704799066.465  1086  1254 D ASH     : @ 969937.267: tcs3701: start power rail timer, state:3
         1704799066.506  1086  1254 I ASH     : @ 969937.307: tcs3701: stop power rail pending_off timer
         1704799066.506  1086  1254 D ASH     : @ 969937.307: tcs3701: start power rail timer, state:3
         1704799066.547  1086  1254 I ASH     : @ 969937.347: tcs3701: stop power rail pending_off timer
         1704799066.547  1086  1254 D ASH     : @ 969937.347: tcs3701: start power rail timer, state:3
         1704799066.587  1086  1254 I ASH     : @ 969937.387: tcs3701: stop power rail pending_off timer
         1704799066.587  1086  1254 D ASH     : @ 969937.387: tcs3701: start power rail timer, state:3
         1704799066.625  1086  1254 I ASH     : @ 969937.427: tcs3701: stop power rail pending_off timer
         1704799066.625  1086  1254 D ASH     : @ 969937.427: tcs3701: start power rail timer, state:3
         1704799066.665  1086  1254 I ASH     : @ 969937.467: tcs3701: stop power rail pending_off timer
         1704799066.665  1086  1254 D ASH     : @ 969937.467: tcs3701: start power rail timer, state:3
         1704799066.705  1086  1254 I ASH     : @ 969937.507: tcs3701: stop power rail pending_off timer
         1704799066.705  1086  1254 D ASH     : @ 969937.507: tcs3701: start power rail timer, state:3
         1704799066.746  1086  1254 I ASH     : @ 969937.547: tcs3701: stop power rail pending_off timer
         1704799066.746  1086  1254 D ASH     : @ 969937.547: tcs3701: start power rail timer, state:3
         1704799066.777 30702 30702 I dashscene-cpu: 30498 (.dashscene.demo) S 1041 1041 0 0 -1 1077936448 9367 0 21 0 173 98 0 0 10 -10 18 0 96990421 15645933568 38390 18446744073709551615 1 1 0 0 0 0 4612 1 1073775864 0 0 0 17 0 0 0 0 0 0 0 0 0 0 0 0 0 0
         1704799066.785  1086  1254 I ASH     : @ 969937.587: tcs3701: stop power rail pending_off timer
         1704799066.785  1086  1254 D ASH     : @ 969937.587: tcs3701: start power rail timer, state:3
         1704799066.825  1086  1254 I ASH     : @ 969937.627: tcs3701: stop power rail pending_off timer
         1704799066.825  1086  1254 D ASH     : @ 969937.627: tcs3701: start power rail timer, state:3
         1704799066.865  1086  1254 I ASH     : @ 969937.667: tcs3701: stop power rail pending_off timer
         1704799066.865  1086  1254 D ASH     : @ 969937.667: tcs3701: start power rail timer, state:3
         1704799066.905  1086  1254 I ASH     : @ 969937.707: tcs3701: stop power rail pending_off timer
         1704799066.905  1086  1254 D ASH     : @ 969937.707: tcs3701: start power rail timer, state:3
         1704799066.945  1086  1254 I ASH     : @ 969937.747: tcs3701: stop power rail pending_off timer
         1704799066.945  1086  1254 D ASH     : @ 969937.747: tcs3701: start power rail timer, state:3
         1704799066.985  1086  1254 I ASH     : @ 969937.787: tcs3701: stop power rail pending_off timer
         1704799066.985  1086  1254 D ASH     : @ 969937.787: tcs3701: start power rail timer, state:3
         1704799067.025  1086  1254 I ASH     : @ 969937.827: tcs3701: stop power rail pending_off timer
         1704799067.025  1086  1254 D ASH     : @ 969937.827: tcs3701: start power rail timer, state:3
         1704799067.065  1086  1254 I ASH     : @ 969937.867: tcs3701: stop power rail pending_off timer
         1704799067.065  1086  1254 D ASH     : @ 969937.867: tcs3701: start power rail timer, state:3
         1704799067.105  1086  1254 I ASH     : @ 969937.907: tcs3701: stop power rail pending_off timer
         1704799067.105  1086  1254 D ASH     : @ 969937.907: tcs3701: start power rail timer, state:3
         1704799067.134 30498 30520 I dashscene: layout over 240 frames — tick 0.19 ms, paint mean 0.01 p50 0.01, submit mean 7.60 p50 10.15 p95 11.13 max 20.36 ms (128.2 fps if unpaced) — 0 run(s), 0 glyph(s)
         1704799067.145  1086  1254 I ASH     : @ 969937.947: tcs3701: stop power rail pending_off timer
         1704799067.145  1086  1254 D ASH     : @ 969937.947: tcs3701: start power rail timer, state:3
         1704799067.185  1086  1254 I ASH     : @ 969937.987: tcs3701: stop power rail pending_off timer
         1704799067.185  1086  1254 D ASH     : @ 969937.987: tcs3701: start power rail timer, state:3
         1704799067.225  1086  1254 I ASH     : @ 969938.027: tcs3701: stop power rail pending_off timer
         1704799067.225  1086  1254 D ASH     : @ 969938.027: tcs3701: start power rail timer, state:3
         1704799067.265  1086  1254 I ASH     : @ 969938.067: tcs3701: stop power rail pending_off timer
         1704799067.265  1086  1254 D ASH     : @ 969938.067: tcs3701: start power rail timer, state:3
         1704799067.305  1086  1254 I ASH     : @ 969938.107: tcs3701: stop power rail pending_off timer
         1704799067.305  1086  1254 D ASH     : @ 969938.107: tcs3701: start power rail timer, state:3
         1704799067.308 30705 30705 I dashscene-cpu: 30498 (.dashscene.demo) S 1041 1041 0 0 -1 1077936448 9460 0 21 0 178 103 0 0 10 -10 18 0 96990421 15645933568 38390 18446744073709551615 1 1 0 0 0 0 4612 1 1073775864 0 0 0 17 0 0 0 0 0 0 0 0 0 0 0 0 0 0
         1704799067.346  1086  1254 I ASH     : @ 969938.147: tcs3701: stop power rail pending_off timer
         1704799067.346  1086  1254 D ASH     : @ 969938.147: tcs3701: start power rail timer, state:3
         1704799067.385  1086  1254 I ASH     : @ 969938.187: tcs3701: stop power rail pending_off timer
         1704799067.385  1086  1254 D ASH     : @ 969938.187: tcs3701: start power rail timer, state:3
         1704799067.425  1086  1254 I ASH     : @ 969938.227: tcs3701: stop power rail pending_off timer
         1704799067.425  1086  1254 D ASH     : @ 969938.227: tcs3701: start power rail timer, state:3
         1704799067.465  1086  1254 I ASH     : @ 969938.267: tcs3701: stop power rail pending_off timer
         1704799067.465  1086  1254 D ASH     : @ 969938.267: tcs3701: start power rail timer, state:3
         1704799067.505  1086  1254 I ASH     : @ 969938.307: tcs3701: stop power rail pending_off timer
         1704799067.505  1086  1254 D ASH     : @ 969938.307: tcs3701: start power rail timer, state:3
         1704799067.545  1086  1254 I ASH     : @ 969938.347: tcs3701: stop power rail pending_off timer
         1704799067.545  1086  1254 D ASH     : @ 969938.347: tcs3701: start power rail timer, state:3
         1704799067.585  1086  1254 I ASH     : @ 969938.387: tcs3701: stop power rail pending_off timer
         1704799067.585  1086  1254 D ASH     : @ 969938.387: tcs3701: start power rail timer, state:3
         1704799067.625  1086  1254 I ASH     : @ 969938.427: tcs3701: stop power rail pending_off timer
         1704799067.625  1086  1254 D ASH     : @ 969938.427: tcs3701: start power rail timer, state:3
         1704799067.665  1086  1254 I ASH     : @ 969938.467: tcs3701: stop power rail pending_off timer
         1704799067.665  1086  1254 D ASH     : @ 969938.467: tcs3701: start power rail timer, state:3
         1704799067.705  1086  1254 I ASH     : @ 969938.507: tcs3701: stop power rail pending_off timer
         1704799067.705  1086  1254 D ASH     : @ 969938.507: tcs3701: start power rail timer, state:3
         1704799067.746  1086  1254 I ASH     : @ 969938.547: tcs3701: stop power rail pending_off timer
         1704799067.746  1086  1254 D ASH     : @ 969938.547: tcs3701: start power rail timer, state:3
         1704799067.785  1086  1254 I ASH     : @ 969938.587: tcs3701: stop power rail pending_off timer
         1704799067.785  1086  1254 D ASH     : @ 969938.587: tcs3701: start power rail timer, state:3
         1704799067.825  1086  1254 I ASH     : @ 969938.627: tcs3701: stop power rail pending_off timer
         1704799067.825  1086  1254 D ASH     : @ 969938.627: tcs3701: start power rail timer, state:3
         1704799067.839 30708 30708 I dashscene-cpu: 30498 (.dashscene.demo) S 1041 1041 0 0 -1 1077936448 9558 0 21 0 186 105 0 0 10 -10 18 0 96990421 15645933568 38390 18446744073709551615 1 1 0 0 0 0 4612 1 1073775864 0 0 0 17 0 0 0 0 0 0 0 0 0 0 0 0 0 0
         1704799067.865  1086  1254 I ASH     : @ 969938.667: tcs3701: stop power rail pending_off timer
         1704799067.865  1086  1254 D ASH     : @ 969938.667: tcs3701: start power rail timer, state:3
         1704799067.905  1086  1254 I ASH     : @ 969938.707: tcs3701: stop power rail pending_off timer
         1704799067.905  1086  1254 D ASH     : @ 969938.707: tcs3701: start power rail timer, state:3
         1704799067.945  1086  1254 I ASH     : @ 969938.747: tcs3701: stop power rail pending_off timer
         1704799067.945  1086  1254 D ASH     : @ 969938.747: tcs3701: start power rail timer, state:3
         1704799067.985  1086  1254 I ASH     : @ 969938.787: tcs3701: stop power rail pending_off timer
         1704799067.985  1086  1254 D ASH     : @ 969938.787: tcs3701: start power rail timer, state:3
         1704799068.025  1086  1254 I ASH     : @ 969938.827: tcs3701: stop power rail pending_off timer
         1704799068.025  1086  1254 D ASH     : @ 969938.827: tcs3701: start power rail timer, state:3
         1704799068.065  1086  1254 I ASH     : @ 969938.867: tcs3701: stop power rail pending_off timer
         1704799068.065  1086  1254 D ASH     : @ 969938.867: tcs3701: start power rail timer, state:3
         1704799068.105  1086  1254 I ASH     : @ 969938.907: tcs3701: stop power rail pending_off timer
         1704799068.105  1086  1254 D ASH     : @ 969938.907: tcs3701: start power rail timer, state:3
         1704799068.145  1086  1254 I ASH     : @ 969938.947: tcs3701: stop power rail pending_off timer
         1704799068.145  1086  1254 D ASH     : @ 969938.947: tcs3701: start power rail timer, state:3
         1704799068.185  1086  1254 I ASH     : @ 969938.987: tcs3701: stop power rail pending_off timer
         1704799068.185  1086  1254 D ASH     : @ 969938.987: tcs3701: start power rail timer, state:3
         1704799068.225  1086  1254 I ASH     : @ 969939.027: tcs3701: stop power rail pending_off timer
         1704799068.225  1086  1254 D ASH     : @ 969939.027: tcs3701: start power rail timer, state:3
         1704799068.265  1086  1254 I ASH     : @ 969939.067: tcs3701: stop power rail pending_off timer
         1704799068.265  1086  1254 D ASH     : @ 969939.067: tcs3701: start power rail timer, state:3
         1704799068.306  1086  1254 I ASH     : @ 969939.107: tcs3701: stop power rail pending_off timer
         1704799068.306  1086  1254 D ASH     : @ 969939.107: tcs3701: start power rail timer, state:3
         1704799068.347  1086  1254 I ASH     : @ 969939.147: tcs3701: stop power rail pending_off timer
         1704799068.347  1086  1254 D ASH     : @ 969939.147: tcs3701: start power rail timer, state:3
         1704799068.373 30711 30711 I dashscene-cpu: 30498 (.dashscene.demo) S 1041 1041 0 0 -1 1077936448 9613 0 21 0 190 107 0 0 10 -10 18 0 96990421 15645933568 38390 18446744073709551615 1 1 0 0 0 0 4612 1 1073775864 0 0 0 17 0 0 0 0 0 0 0 0 0 0 0 0 0 0
         1704799068.385  1086  1254 I ASH     : @ 969939.187: tcs3701: stop power rail pending_off timer
         1704799068.385  1086  1254 D ASH     : @ 969939.187: tcs3701: start power rail timer, state:3
         1704799068.425  1086  1254 I ASH     : @ 969939.227: tcs3701: stop power rail pending_off timer
         1704799068.425  1086  1254 D ASH     : @ 969939.227: tcs3701: start power rail timer, state:3
         1704799068.466  1086  1254 I ASH     : @ 969939.267: tcs3701: stop power rail pending_off timer
         1704799068.467  1086  1254 D ASH     : @ 969939.267: tcs3701: start power rail timer, state:3
         1704799068.507  1086  1254 I ASH     : @ 969939.307: tcs3701: stop power rail pending_off timer
         1704799068.507  1086  1254 D ASH     : @ 969939.307: tcs3701: start power rail timer, state:3
         1704799068.547  1086  1254 I ASH     : @ 969939.347: tcs3701: stop power rail pending_off timer
         1704799068.547  1086  1254 D ASH     : @ 969939.347: tcs3701: start power rail timer, state:3
         1704799068.587  1086  1254 I ASH     : @ 969939.387: tcs3701: stop power rail pending_off timer
         1704799068.587  1086  1254 D ASH     : @ 969939.387: tcs3701: start power rail timer, state:3
         1704799068.626  1086  1254 I ASH     : @ 969939.427: tcs3701: stop power rail pending_off timer
         1704799068.626  1086  1254 D ASH     : @ 969939.427: tcs3701: start power rail timer, state:3
         1704799068.667  1086  1254 I ASH     : @ 969939.467: tcs3701: stop power rail pending_off timer
         1704799068.667  1086  1254 D ASH     : @ 969939.467: tcs3701: start power rail timer, state:3
         1704799068.707  1086  1254 I ASH     : @ 969939.507: tcs3701: stop power rail pending_off timer
         1704799068.707  1086  1254 D ASH     : @ 969939.507: tcs3701: start power rail timer, state:3
         1704799068.745  1086  1254 I ASH     : @ 969939.547: tcs3701: stop power rail pending_off timer
         1704799068.746  1086  1254 D ASH     : @ 969939.547: tcs3701: start power rail timer, state:3
         1704799068.777 30498 30520 I dashscene: 1920 frames over 1920 vsyncs
         1704799068.787  1086  1254 I ASH     : @ 969939.587: tcs3701: stop power rail pending_off timer
         1704799068.787  1086  1254 D ASH     : @ 969939.587: tcs3701: start power rail timer, state:3
         1704799068.826  1086  1254 I ASH     : @ 969939.627: tcs3701: stop power rail pending_off timer
         1704799068.826  1086  1254 D ASH     : @ 969939.627: tcs3701: start power rail timer, state:3
         1704799068.867  1086  1254 I ASH     : @ 969939.667: tcs3701: stop power rail pending_off timer
         1704799068.867  1086  1254 D ASH     : @ 969939.667: tcs3701: start power rail timer, state:3
         1704799068.905 30714 30714 I dashscene-cpu: 30498 (.dashscene.demo) S 1041 1041 0 0 -1 1077936448 9613 0 21 0 191 108 0 0 10 -10 18 0 96990421 15645933568 38390 18446744073709551615 1 1 0 0 0 0 4612 1 1073775864 0 0 0 17 0 0 0 0 0 0 0 0 0 0 0 0 0 0
         1704799068.906  1086  1254 I ASH     : @ 969939.707: tcs3701: stop power rail pending_off timer
         1704799068.906  1086  1254 D ASH     : @ 969939.707: tcs3701: start power rail timer, state:3
         1704799068.947  1086  1254 I ASH     : @ 969939.747: tcs3701: stop power rail pending_off timer
         1704799068.947  1086  1254 D ASH     : @ 969939.747: tcs3701: start power rail timer, state:3
         1704799068.986  1086  1254 I ASH     : @ 969939.787: tcs3701: stop power rail pending_off timer
         1704799068.987  1086  1254 D ASH     : @ 969939.787: tcs3701: start power rail timer, state:3
         1704799069.027  1086  1254 I ASH     : @ 969939.827: tcs3701: stop power rail pending_off timer
         1704799069.027  1086  1254 D ASH     : @ 969939.827: tcs3701: start power rail timer, state:3
         1704799069.067  1086  1254 I ASH     : @ 969939.867: tcs3701: stop power rail pending_off timer
         1704799069.067  1086  1254 D ASH     : @ 969939.867: tcs3701: start power rail timer, state:3
         1704799069.107  1086  1254 I ASH     : @ 969939.907: tcs3701: stop power rail pending_off timer
         1704799069.107  1086  1254 D ASH     : @ 969939.907: tcs3701: start power rail timer, state:3
         1704799069.145  1086  1254 I ASH     : @ 969939.947: tcs3701: stop power rail pending_off timer
         1704799069.145  1086  1254 D ASH     : @ 969939.947: tcs3701: start power rail timer, state:3
         1704799069.185  1086  1254 I ASH     : @ 969939.987: tcs3701: stop power rail pending_off timer
         1704799069.185  1086  1254 D ASH     : @ 969939.987: tcs3701: start power rail timer, state:3
         1704799069.225  1086  1254 I ASH     : @ 969940.027: tcs3701: stop power rail pending_off timer
         1704799069.225  1086  1254 D ASH     : @ 969940.027: tcs3701: start power rail timer, state:3
         1704799069.267  1086  1254 I ASH     : @ 969940.067: tcs3701: stop power rail pending_off timer
         1704799069.267  1086  1254 D ASH     : @ 969940.067: tcs3701: start power rail timer, state:3
         1704799069.307  1086  1254 I ASH     : @ 969940.107: tcs3701: stop power rail pending_off timer
         1704799069.307  1086  1254 D ASH     : @ 969940.107: tcs3701: start power rail timer, state:3
         1704799069.345  1086  1254 I ASH     : @ 969940.147: tcs3701: stop power rail pending_off timer
         1704799069.345  1086  1254 D ASH     : @ 969940.147: tcs3701: start power rail timer, state:3
         1704799069.387  1086  1254 I ASH     : @ 969940.187: tcs3701: stop power rail pending_off timer
         1704799069.387  1086  1254 D ASH     : @ 969940.187: tcs3701: start power rail timer, state:3
         1704799069.425  1086  1254 I ASH     : @ 969940.227: tcs3701: stop power rail pending_off timer
         1704799069.425  1086  1254 D ASH     : @ 969940.227: tcs3701: start power rail timer, state:3
         1704799069.438 30717 30717 I dashscene-cpu: 30498 (.dashscene.demo) S 1041 1041 0 0 -1 1077936448 9617 0 21 0 193 109 0 0 10 -10 18 0 96990421 15645933568 38391 18446744073709551615 1 1 0 0 0 0 4612 1 1073775864 0 0 0 17 0 0 0 0 0 0 0 0 0 0 0 0 0 0
         1704799069.465  1086  1254 I ASH     : @ 969940.267: tcs3701: stop power rail pending_off timer
         1704799069.466  1086  1254 D ASH     : @ 969940.267: tcs3701: start power rail timer, state:3
         1704799069.506  1086  1254 I ASH     : @ 969940.307: tcs3701: stop power rail pending_off timer
         1704799069.507  1086  1254 D ASH     : @ 969940.307: tcs3701: start power rail timer, state:3
         1704799069.545  1086  1254 I ASH     : @ 969940.347: tcs3701: stop power rail pending_off timer
         1704799069.546  1086  1254 D ASH     : @ 969940.347: tcs3701: start power rail timer, state:3
         1704799069.586  1086  1254 I ASH     : @ 969940.387: tcs3701: stop power rail pending_off timer
         1704799069.587  1086  1254 D ASH     : @ 969940.387: tcs3701: start power rail timer, state:3
         1704799069.627  1086  1254 I ASH     : @ 969940.427: tcs3701: stop power rail pending_off timer
         1704799069.627  1086  1254 D ASH     : @ 969940.427: tcs3701: start power rail timer, state:3
         1704799069.666  1086  1254 I ASH     : @ 969940.467: tcs3701: stop power rail pending_off timer
         1704799069.667  1086  1254 D ASH     : @ 969940.467: tcs3701: start power rail timer, state:3
         1704799069.707  1086  1254 I ASH     : @ 969940.507: tcs3701: stop power rail pending_off timer
         1704799069.707  1086  1254 D ASH     : @ 969940.507: tcs3701: start power rail timer, state:3
         1704799069.745  1086  1254 I ASH     : @ 969940.547: tcs3701: stop power rail pending_off timer
         1704799069.745  1086  1254 D ASH     : @ 969940.547: tcs3701: start power rail timer, state:3
         1704799069.787  1086  1254 I ASH     : @ 969940.587: tcs3701: stop power rail pending_off timer
         1704799069.787  1086  1254 D ASH     : @ 969940.587: tcs3701: start power rail timer, state:3
         1704799069.826  1086  1254 I ASH     : @ 969940.627: tcs3701: stop power rail pending_off timer
         1704799069.827  1086  1254 D ASH     : @ 969940.627: tcs3701: start power rail timer, state:3
         1704799069.867  1086  1254 I ASH     : @ 969940.667: tcs3701: stop power rail pending_off timer
         1704799069.867  1086  1254 D ASH     : @ 969940.667: tcs3701: start power rail timer, state:3
         1704799069.907  1086  1254 I ASH     : @ 969940.707: tcs3701: stop power rail pending_off timer
         1704799069.907  1086  1254 D ASH     : @ 969940.707: tcs3701: start power rail timer, state:3
         1704799069.945  1086  1254 I ASH     : @ 969940.747: tcs3701: stop power rail pending_off timer
         1704799069.946  1086  1254 D ASH     : @ 969940.747: tcs3701: start power rail timer, state:3
         1704799069.971 30720 30720 I dashscene-cpu: 30498 (.dashscene.demo) S 1041 1041 0 0 -1 1077936448 9617 0 21 0 194 110 0 0 10 -10 18 0 96990421 15645933568 38391 18446744073709551615 1 1 0 0 0 0 4612 1 1073775864 0 0 0 17 0 0 0 0 0 0 0 0 0 0 0 0 0 0
         1704799069.985  1086  1254 I ASH     : @ 969940.787: tcs3701: stop power rail pending_off timer
         1704799069.985  1086  1254 D ASH     : @ 969940.787: tcs3701: start power rail timer, state:3
         1704799070.025  1086  1254 I ASH     : @ 969940.827: tcs3701: stop power rail pending_off timer
         1704799070.025  1086  1254 D ASH     : @ 969940.827: tcs3701: start power rail timer, state:3
         1704799070.067  1086  1254 I ASH     : @ 969940.867: tcs3701: stop power rail pending_off timer
         1704799070.067  1086  1254 D ASH     : @ 969940.867: tcs3701: start power rail timer, state:3
         1704799070.106  1086  1254 I ASH     : @ 969940.907: tcs3701: stop power rail pending_off timer
         1704799070.107  1086  1254 D ASH     : @ 969940.907: tcs3701: start power rail timer, state:3
         1704799070.145  1086  1254 I ASH     : @ 969940.947: tcs3701: stop power rail pending_off timer
         1704799070.146  1086  1254 D ASH     : @ 969940.947: tcs3701: start power rail timer, state:3
         1704799070.162  1122  1183 D rlsservice: MonitorDisplayStatus client num 0, display status 1, sensor status 0
         1704799070.186  1086  1254 I ASH     : @ 969940.987: tcs3701: stop power rail pending_off timer
         1704799070.187  1086  1254 D ASH     : @ 969940.987: tcs3701: start power rail timer, state:3
         1704799070.227  1086  1254 I ASH     : @ 969941.027: tcs3701: stop power rail pending_off timer
         1704799070.227  1086  1254 D ASH     : @ 969941.027: tcs3701: start power rail timer, state:3
         1704799070.243  2909  3101 D EuiccConnector: handleMessage: E msg.what=3
         1704799070.243  2909  3101 D EuiccConnector: processMsg: ConnectedState
         1704799070.249 22152 22152 I EuiccGoogle: [2] EuiccServiceImpl.onDestroy: onDestroy: EuiccService on destroy.
         1704799070.249  2909  3101 D EuiccConnector: transitionTo: destState=AvailableState
         1704799070.249  2909  3101 D EuiccConnector: handleMessage: new destination call exit/enter
         1704799070.249  2909  3101 D EuiccConnector: setupTempStateStackWithStatesToEnter: X mTempStateStackCount=2,curStateInfo: null
         1704799070.253  2909  3101 D EuiccConnector: invokeExitMethods: ConnectedState
         1704799070.253  2909  3101 D EuiccConnector: invokeExitMethods: DisconnectedState
         1704799070.253  2909  3101 D EuiccConnector: moveTempStackToStateStack: i=1,j=0
         1704799070.253  2909  3101 D EuiccConnector: moveTempStackToStateStack: i=0,j=1
         1704799070.253  2909  3101 D EuiccConnector: moveTempStackToStateStack: X mStateStackTop=1,startingIndex=0,Top=AvailableState
         1704799070.253  2909  3101 D EuiccConnector: invokeEnterMethods: UnavailableState
         1704799070.253  2909  3101 D EuiccConnector: invokeEnterMethods: AvailableState
         1704799070.253  2909  3101 D EuiccConnector: handleMessage: X
         1704799070.265  1086  1254 I ASH     : @ 969941.067: tcs3701: stop power rail pending_off timer
         1704799070.265  1086  1254 D ASH     : @ 969941.067: tcs3701: start power rail timer, state:3
         1704799070.307  1086  1254 I ASH     : @ 969941.107: tcs3701: stop power rail pending_off timer
         1704799070.307  1086  1254 D ASH     : @ 969941.107: tcs3701: start power rail timer, state:3
         1704799070.346  1086  1254 I ASH     : @ 969941.147: tcs3701: stop power rail pending_off timer
         1704799070.346  1086  1254 D ASH     : @ 969941.147: tcs3701: start power rail timer, state:3
         1704799070.386  1086  1254 I ASH     : @ 969941.187: tcs3701: stop power rail pending_off timer
         1704799070.387  1086  1254 D ASH     : @ 969941.187: tcs3701: start power rail timer, state:3
         1704799070.427  1086  1254 I ASH     : @ 969941.227: tcs3701: stop power rail pending_off timer
         1704799070.427  1086  1254 D ASH     : @ 969941.227: tcs3701: start power rail timer, state:3
         1704799070.467  1086  1254 I ASH     : @ 969941.267: tcs3701: stop power rail pending_off timer
         1704799070.467  1086  1254 D ASH     : @ 969941.267: tcs3701: start power rail timer, state:3
         1704799070.502 30723 30723 I dashscene-cpu: 30498 (.dashscene.demo) S 1041 1041 0 0 -1 1077936448 9617 0 21 0 195 111 0 0 10 -10 18 0 96990421 15645933568 38391 18446744073709551615 1 1 0 0 0 0 4612 1 1073775864 0 0 0 17 0 0 0 0 0 0 0 0 0 0 0 0 0 0
         1704799070.505  1086  1254 I ASH     : @ 969941.307: tcs3701: stop power rail pending_off timer
         1704799070.505  1086  1254 D ASH     : @ 969941.307: tcs3701: start power rail timer, state:3
         1704799070.545  1086  1254 I ASH     : @ 969941.347: tcs3701: stop power rail pending_off timer
         1704799070.545  1086  1254 D ASH     : @ 969941.347: tcs3701: start power rail timer, state:3
         1704799070.587  1086  1254 I ASH     : @ 969941.387: tcs3701: stop power rail pending_off timer
         1704799070.587  1086  1254 D ASH     : @ 969941.387: tcs3701: start power rail timer, state:3
         1704799070.626  1086  1254 I ASH     : @ 969941.427: tcs3701: stop power rail pending_off timer
         1704799070.627  1086  1254 D ASH     : @ 969941.427: tcs3701: start power rail timer, state:3
         1704799070.667  1086  1254 I ASH     : @ 969941.467: tcs3701: stop power rail pending_off timer
         1704799070.667  1086  1254 D ASH     : @ 969941.467: tcs3701: start power rail timer, state:3
         1704799070.706  1086  1254 I ASH     : @ 969941.507: tcs3701: stop power rail pending_off timer
         1704799070.707  1086  1254 D ASH     : @ 969941.507: tcs3701: start power rail timer, state:3
         1704799070.745  1086  1254 I ASH     : @ 969941.547: tcs3701: stop power rail pending_off timer
         1704799070.745  1086  1254 D ASH     : @ 969941.547: tcs3701: start power rail timer, state:3
         1704799070.787  1086  1254 I ASH     : @ 969941.587: tcs3701: stop power rail pending_off timer
         1704799070.787  1086  1254 D ASH     : @ 969941.587: tcs3701: start power rail timer, state:3
         1704799070.827  1086  1254 I ASH     : @ 969941.627: tcs3701: stop power rail pending_off timer
         1704799070.827  1086  1254 D ASH     : @ 969941.627: tcs3701: start power rail timer, state:3
         1704799070.865  1086  1254 I ASH     : @ 969941.667: tcs3701: stop power rail pending_off timer
         1704799070.866  1086  1254 D ASH     : @ 969941.667: tcs3701: start power rail timer, state:3
         1704799070.906  1086  1254 I ASH     : @ 969941.707: tcs3701: stop power rail pending_off timer
         1704799070.907  1086  1254 D ASH     : @ 969941.707: tcs3701: start power rail timer, state:3
         1704799070.945  1086  1254 I ASH     : @ 969941.747: tcs3701: stop power rail pending_off timer
         1704799070.945  1086  1254 D ASH     : @ 969941.747: tcs3701: start power rail timer, state:3
         1704799070.987  1086  1254 I ASH     : @ 969941.787: tcs3701: stop power rail pending_off timer
         1704799070.987  1086  1254 D ASH     : @ 969941.787: tcs3701: start power rail timer, state:3
         1704799071.025  1086  1254 I ASH     : @ 969941.827: tcs3701: stop power rail pending_off timer
         1704799071.026  1086  1254 D ASH     : @ 969941.827: tcs3701: start power rail timer, state:3
         1704799071.035 30726 30726 I dashscene-cpu: 30498 (.dashscene.demo) S 1041 1041 0 0 -1 1077936448 9617 0 21 0 196 112 0 0 10 -10 18 0 96990421 15645933568 38391 18446744073709551615 1 1 0 0 0 0 4612 1 1073775864 0 0 0 17 0 0 0 0 0 0 0 0 0 0 0 0 0 0
         1704799071.066  1086  1254 I ASH     : @ 969941.867: tcs3701: stop power rail pending_off timer
         1704799071.066  1086  1254 D ASH     : @ 969941.867: tcs3701: start power rail timer, state:3
         1704799071.107  1086  1254 I ASH     : @ 969941.907: tcs3701: stop power rail pending_off timer
         1704799071.107  1086  1254 D ASH     : @ 969941.907: tcs3701: start power rail timer, state:3
         1704799071.146  1086  1254 I ASH     : @ 969941.947: tcs3701: stop power rail pending_off timer
         1704799071.146  1086  1254 D ASH     : @ 969941.947: tcs3701: start power rail timer, state:3
         1704799071.186  1086  1254 I ASH     : @ 969941.987: tcs3701: stop power rail pending_off timer
         1704799071.187  1086  1254 D ASH     : @ 969941.987: tcs3701: start power rail timer, state:3
         1704799071.227  1086  1254 I ASH     : @ 969942.027: tcs3701: stop power rail pending_off timer
         1704799071.227  1086  1254 D ASH     : @ 969942.027: tcs3701: start power rail timer, state:3
         1704799071.267  1086  1254 I ASH     : @ 969942.067: tcs3701: stop power rail pending_off timer
         1704799071.267  1086  1254 D ASH     : @ 969942.067: tcs3701: start power rail timer, state:3
         1704799071.307  1086  1254 I ASH     : @ 969942.107: tcs3701: stop power rail pending_off timer
         1704799071.307  1086  1254 D ASH     : @ 969942.107: tcs3701: start power rail timer, state:3
         1704799071.346  1086  1254 I ASH     : @ 969942.147: tcs3701: stop power rail pending_off timer
         1704799071.346  1086  1254 D ASH     : @ 969942.147: tcs3701: start power rail timer, state:3
         1704799071.385  1086  1254 I ASH     : @ 969942.187: tcs3701: stop power rail pending_off timer
         1704799071.386  1086  1254 D ASH     : @ 969942.187: tcs3701: start power rail timer, state:3
         1704799071.427  1086  1254 I ASH     : @ 969942.227: tcs3701: stop power rail pending_off timer
         1704799071.427  1086  1254 D ASH     : @ 969942.227: tcs3701: start power rail timer, state:3
         1704799071.466  1086  1254 I ASH     : @ 969942.267: tcs3701: stop power rail pending_off timer
         1704799071.466  1086  1254 D ASH     : @ 969942.267: tcs3701: start power rail timer, state:3
         1704799071.506  1086  1254 I ASH     : @ 969942.307: tcs3701: stop power rail pending_off timer
         1704799071.507  1086  1254 D ASH     : @ 969942.307: tcs3701: start power rail timer, state:3
         1704799071.546  1086  1254 I ASH     : @ 969942.347: tcs3701: stop power rail pending_off timer
         1704799071.546  1086  1254 D ASH     : @ 969942.347: tcs3701: start power rail timer, state:3
         1704799071.565 30729 30729 I dashscene-cpu: 30498 (.dashscene.demo) S 1041 1041 0 0 -1 1077936448 9617 0 21 0 198 113 0 0 10 -10 18 0 96990421 15645933568 38386 18446744073709551615 1 1 0 0 0 0 4612 1 1073775864 0 0 0 17 0 0 0 0 0 0 0 0 0 0 0 0 0 0
         1704799071.585  1086  1254 I ASH     : @ 969942.387: tcs3701: stop power rail pending_off timer
         1704799071.585  1086  1254 D ASH     : @ 969942.387: tcs3701: start power rail timer, state:3
         1704799071.626  1086  1254 I ASH     : @ 969942.427: tcs3701: stop power rail pending_off timer
         1704799071.627  1086  1254 D ASH     : @ 969942.427: tcs3701: start power rail timer, state:3
         1704799071.665  1086  1254 I ASH     : @ 969942.467: tcs3701: stop power rail pending_off timer
         1704799071.665  1086  1254 D ASH     : @ 969942.467: tcs3701: start power rail timer, state:3
         1704799071.705  1086  1254 I ASH     : @ 969942.507: tcs3701: stop power rail pending_off timer
         1704799071.705  1086  1254 D ASH     : @ 969942.507: tcs3701: start power rail timer, state:3
         1704799071.745  1086  1254 I ASH     : @ 969942.547: tcs3701: stop power rail pending_off timer
         1704799071.745  1086  1254 D ASH     : @ 969942.547: tcs3701: start power rail timer, state:3
         1704799071.785  1086  1254 I ASH     : @ 969942.587: tcs3701: stop power rail pending_off timer
         1704799071.785  1086  1254 D ASH     : @ 969942.587: tcs3701: start power rail timer, state:3
         1704799071.825  1086  1254 I ASH     : @ 969942.627: tcs3701: stop power rail pending_off timer
         1704799071.825  1086  1254 D ASH     : @ 969942.627: tcs3701: start power rail timer, state:3
         1704799071.865  1086  1254 I ASH     : @ 969942.667: tcs3701: stop power rail pending_off timer
         1704799071.865  1086  1254 D ASH     : @ 969942.667: tcs3701: start power rail timer, state:3
         1704799071.905  1086  1254 I ASH     : @ 969942.707: tcs3701: stop power rail pending_off timer
         1704799071.905  1086  1254 D ASH     : @ 969942.707: tcs3701: start power rail timer, state:3
         1704799071.945  1086  1254 I ASH     : @ 969942.747: tcs3701: stop power rail pending_off timer
         1704799071.945  1086  1254 D ASH     : @ 969942.747: tcs3701: start power rail timer, state:3
         1704799071.985  1086  1254 I ASH     : @ 969942.787: tcs3701: stop power rail pending_off timer
         1704799071.985  1086  1254 D ASH     : @ 969942.787: tcs3701: start power rail timer, state:3
         1704799072.025  1086  1254 I ASH     : @ 969942.827: tcs3701: stop power rail pending_off timer
         1704799072.025  1086  1254 D ASH     : @ 969942.827: tcs3701: start power rail timer, state:3
         1704799072.065  1086  1254 I ASH     : @ 969942.867: tcs3701: stop power rail pending_off timer
         1704799072.065  1086  1254 D ASH     : @ 969942.867: tcs3701: start power rail timer, state:3
         1704799072.098 30732 30732 I dashscene-cpu: 30498 (.dashscene.demo) S 1041 1041 0 0 -1 1077936448 9700 0 21 0 203 116 0 0 10 -10 18 0 96990421 15645933568 38383 18446744073709551615 1 1 0 0 0 0 4612 1 1073775864 0 0 0 17 0 0 0 0 0 0 0 0 0 0 0 0 0 0
         1704799072.105  1086  1254 I ASH     : @ 969942.907: tcs3701: stop power rail pending_off timer
         1704799072.105  1086  1254 D ASH     : @ 969942.907: tcs3701: start power rail timer, state:3
         1704799072.145  1086  1254 I ASH     : @ 969942.947: tcs3701: stop power rail pending_off timer
         1704799072.145  1086  1254 D ASH     : @ 969942.947: tcs3701: start power rail timer, state:3
         1704799072.185  1086  1254 I ASH     : @ 969942.987: tcs3701: stop power rail pending_off timer
         1704799072.185  1086  1254 D ASH     : @ 969942.987: tcs3701: start power rail timer, state:3
         1704799072.225  1086  1254 I ASH     : @ 969943.027: tcs3701: stop power rail pending_off timer
         1704799072.225  1086  1254 D ASH     : @ 969943.027: tcs3701: start power rail timer, state:3
         1704799072.265  1086  1254 I ASH     : @ 969943.067: tcs3701: stop power rail pending_off timer
         1704799072.265  1086  1254 D ASH     : @ 969943.067: tcs3701: start power rail timer, state:3
         1704799072.305  1086  1254 I ASH     : @ 969943.107: tcs3701: stop power rail pending_off timer
         1704799072.305  1086  1254 D ASH     : @ 969943.107: tcs3701: start power rail timer, state:3
         1704799072.345  1086  1254 I ASH     : @ 969943.147: tcs3701: stop power rail pending_off timer
         1704799072.345  1086  1254 D ASH     : @ 969943.147: tcs3701: start power rail timer, state:3
         1704799072.385  1086  1254 I ASH     : @ 969943.187: tcs3701: stop power rail pending_off timer
         1704799072.385  1086  1254 D ASH     : @ 969943.187: tcs3701: start power rail timer, state:3
         1704799072.425  1086  1254 I ASH     : @ 969943.227: tcs3701: stop power rail pending_off timer
         1704799072.425  1086  1254 D ASH     : @ 969943.227: tcs3701: start power rail timer, state:3
         1704799072.465  1086  1254 I ASH     : @ 969943.267: tcs3701: stop power rail pending_off timer
         1704799072.465  1086  1254 D ASH     : @ 969943.267: tcs3701: start power rail timer, state:3
         1704799072.505  1086  1254 I ASH     : @ 969943.307: tcs3701: stop power rail pending_off timer
         1704799072.505  1086  1254 D ASH     : @ 969943.307: tcs3701: start power rail timer, state:3
         1704799072.545  1086  1254 I ASH     : @ 969943.347: tcs3701: stop power rail pending_off timer
         1704799072.545  1086  1254 D ASH     : @ 969943.347: tcs3701: start power rail timer, state:3
         1704799072.586  1086  1254 I ASH     : @ 969943.387: tcs3701: stop power rail pending_off timer
         1704799072.586  1086  1254 D ASH     : @ 969943.387: tcs3701: start power rail timer, state:3
         1704799072.625  1086  1254 I ASH     : @ 969943.427: tcs3701: stop power rail pending_off timer
         1704799072.625  1086  1254 D ASH     : @ 969943.427: tcs3701: start power rail timer, state:3
         1704799072.629 30735 30735 I dashscene-cpu: 30498 (.dashscene.demo) S 1041 1041 0 0 -1 1077936448 9796 0 21 0 211 119 0 0 10 -10 18 0 96990421 15645933568 38383 18446744073709551615 1 1 0 0 0 0 4612 1 1073775864 0 0 0 17 0 0 0 0 0 0 0 0 0 0 0 0 0 0
         1704799072.665  1086  1254 I ASH     : @ 969943.467: tcs3701: stop power rail pending_off timer
         1704799072.665  1086  1254 D ASH     : @ 969943.467: tcs3701: start power rail timer, state:3
         1704799072.705  1086  1254 I ASH     : @ 969943.507: tcs3701: stop power rail pending_off timer
         1704799072.705  1086  1254 D ASH     : @ 969943.507: tcs3701: start power rail timer, state:3
         1704799072.745  1086  1254 I ASH     : @ 969943.547: tcs3701: stop power rail pending_off timer
         1704799072.745  1086  1254 D ASH     : @ 969943.547: tcs3701: start power rail timer, state:3
         1704799072.785  1086  1254 I ASH     : @ 969943.587: tcs3701: stop power rail pending_off timer
         1704799072.785  1086  1254 D ASH     : @ 969943.587: tcs3701: start power rail timer, state:3
         1704799072.801 30498 30520 I dashscene: 2160 frames over 2160 vsyncs
         1704799072.825  1086  1254 I ASH     : @ 969943.627: tcs3701: stop power rail pending_off timer
         1704799072.825  1086  1254 D ASH     : @ 969943.627: tcs3701: start power rail timer, state:3
         1704799072.865  1086  1254 I ASH     : @ 969943.667: tcs3701: stop power rail pending_off timer
         1704799072.865  1086  1254 D ASH     : @ 969943.667: tcs3701: start power rail timer, state:3
         1704799072.905  1086  1254 I ASH     : @ 969943.707: tcs3701: stop power rail pending_off timer
         1704799072.905  1086  1254 D ASH     : @ 969943.707: tcs3701: start power rail timer, state:3
         1704799072.945  1086  1254 I ASH     : @ 969943.747: tcs3701: stop power rail pending_off timer
         1704799072.945  1086  1254 D ASH     : @ 969943.747: tcs3701: start power rail timer, state:3
         1704799072.985  1086  1254 I ASH     : @ 969943.787: tcs3701: stop power rail pending_off timer
         1704799072.985  1086  1254 D ASH     : @ 969943.787: tcs3701: start power rail timer, state:3
         1704799073.025  1086  1254 I ASH     : @ 969943.827: tcs3701: stop power rail pending_off timer
         1704799073.025  1086  1254 D ASH     : @ 969943.827: tcs3701: start power rail timer, state:3
         1704799073.065  1086  1254 I ASH     : @ 969943.867: tcs3701: stop power rail pending_off timer
         1704799073.065  1086  1254 D ASH     : @ 969943.867: tcs3701: start power rail timer, state:3
         1704799073.106  1086  1254 I ASH     : @ 969943.907: tcs3701: stop power rail pending_off timer
         1704799073.106  1086  1254 D ASH     : @ 969943.907: tcs3701: start power rail timer, state:3
         1704799073.145  1086  1254 I ASH     : @ 969943.947: tcs3701: stop power rail pending_off timer
         1704799073.145  1086  1254 D ASH     : @ 969943.947: tcs3701: start power rail timer, state:3
         1704799073.160 30738 30738 I dashscene-cpu: 30498 (.dashscene.demo) S 1041 1041 0 0 -1 1077936448 9885 0 21 0 219 122 0 0 10 -10 18 0 96990421 15645933568 38381 18446744073709551615 1 1 0 0 0 0 4612 1 1073775864 0 0 0 17 0 0 0 0 0 0 0 0 0 0 0 0 0 0
         1704799073.185  1086  1254 I ASH     : @ 969943.987: tcs3701: stop power rail pending_off timer
         1704799073.185  1086  1254 D ASH     : @ 969943.987: tcs3701: start power rail timer, state:3
         1704799073.225  1086  1254 I ASH     : @ 969944.027: tcs3701: stop power rail pending_off timer
         1704799073.225  1086  1254 D ASH     : @ 969944.027: tcs3701: start power rail timer, state:3
         1704799073.265  1086  1254 I ASH     : @ 969944.067: tcs3701: stop power rail pending_off timer
         1704799073.265  1086  1254 D ASH     : @ 969944.067: tcs3701: start power rail timer, state:3
         1704799073.307  1086  1254 I ASH     : @ 969944.107: tcs3701: stop power rail pending_off timer
         1704799073.307  1086  1254 D ASH     : @ 969944.107: tcs3701: start power rail timer, state:3
         1704799073.347  1086  1254 I ASH     : @ 969944.147: tcs3701: stop power rail pending_off timer
         1704799073.347  1086  1254 D ASH     : @ 969944.147: tcs3701: start power rail timer, state:3
         1704799073.387  1086  1254 I ASH     : @ 969944.187: tcs3701: stop power rail pending_off timer
         1704799073.387  1086  1254 D ASH     : @ 969944.187: tcs3701: start power rail timer, state:3
         1704799073.427  1086  1254 I ASH     : @ 969944.227: tcs3701: stop power rail pending_off timer
         1704799073.427  1086  1254 D ASH     : @ 969944.227: tcs3701: start power rail timer, state:3
         1704799073.465  1086  1254 I ASH     : @ 969944.267: tcs3701: stop power rail pending_off timer
         1704799073.466  1086  1254 D ASH     : @ 969944.267: tcs3701: start power rail timer, state:3
         1704799073.507  1086  1254 I ASH     : @ 969944.307: tcs3701: stop power rail pending_off timer
         1704799073.507  1086  1254 D ASH     : @ 969944.307: tcs3701: start power rail timer, state:3
         1704799073.547  1086  1254 I ASH     : @ 969944.347: tcs3701: stop power rail pending_off timer
         1704799073.547  1086  1254 D ASH     : @ 969944.347: tcs3701: start power rail timer, state:3
         1704799073.585  1086  1254 I ASH     : @ 969944.387: tcs3701: stop power rail pending_off timer
         1704799073.586  1086  1254 D ASH     : @ 969944.387: tcs3701: start power rail timer, state:3
         1704799073.627  1086  1254 I ASH     : @ 969944.427: tcs3701: stop power rail pending_off timer
         1704799073.627  1086  1254 D ASH     : @ 969944.427: tcs3701: start power rail timer, state:3
         1704799073.666  1086  1254 I ASH     : @ 969944.467: tcs3701: stop power rail pending_off timer
         1704799073.666  1086  1254 D ASH     : @ 969944.467: tcs3701: start power rail timer, state:3
         1704799073.693 30741 30741 I dashscene-cpu: 30498 (.dashscene.demo) S 1041 1041 0 0 -1 1077936448 9885 0 21 0 220 123 0 0 10 -10 18 0 96990421 15645933568 38381 18446744073709551615 1 1 0 0 0 0 4612 1 1073775864 0 0 0 17 0 0 0 0 0 0 0 0 0 0 0 0 0 0
         1704799073.705  1086  1254 I ASH     : @ 969944.507: tcs3701: stop power rail pending_off timer
         1704799073.705  1086  1254 D ASH     : @ 969944.507: tcs3701: start power rail timer, state:3
         1704799073.745  1086  1254 I ASH     : @ 969944.547: tcs3701: stop power rail pending_off timer
         1704799073.745  1086  1254 D ASH     : @ 969944.547: tcs3701: start power rail timer, state:3
         1704799073.785  1086  1254 I ASH     : @ 969944.587: tcs3701: stop power rail pending_off timer
         1704799073.786  1086  1254 D ASH     : @ 969944.587: tcs3701: start power rail timer, state:3
         1704799073.827  1086  1254 I ASH     : @ 969944.627: tcs3701: stop power rail pending_off timer
         1704799073.827  1086  1254 D ASH     : @ 969944.627: tcs3701: start power rail timer, state:3
         1704799073.866  1086  1254 I ASH     : @ 969944.667: tcs3701: stop power rail pending_off timer
         1704799073.867  1086  1254 D ASH     : @ 969944.667: tcs3701: start power rail timer, state:3
         1704799073.907  1086  1254 I ASH     : @ 969944.707: tcs3701: stop power rail pending_off timer
         1704799073.907  1086  1254 D ASH     : @ 969944.707: tcs3701: start power rail timer, state:3
         1704799073.947  1086  1254 I ASH     : @ 969944.747: tcs3701: stop power rail pending_off timer
         1704799073.947  1086  1254 D ASH     : @ 969944.747: tcs3701: start power rail timer, state:3
         1704799073.985  1086  1254 I ASH     : @ 969944.787: tcs3701: stop power rail pending_off timer
         1704799073.985  1086  1254 D ASH     : @ 969944.787: tcs3701: start power rail timer, state:3
         1704799074.027  1086  1254 I ASH     : @ 969944.827: tcs3701: stop power rail pending_off timer
         1704799074.027  1086  1254 D ASH     : @ 969944.827: tcs3701: start power rail timer, state:3
         1704799074.066  1086  1254 I ASH     : @ 969944.867: tcs3701: stop power rail pending_off timer
         1704799074.067  1086  1254 D ASH     : @ 969944.867: tcs3701: start power rail timer, state:3
         1704799074.107  1086  1254 I ASH     : @ 969944.907: tcs3701: stop power rail pending_off timer
         1704799074.107  1086  1254 D ASH     : @ 969944.907: tcs3701: start power rail timer, state:3
         1704799074.145  1086  1254 I ASH     : @ 969944.947: tcs3701: stop power rail pending_off timer
         1704799074.145  1086  1254 D ASH     : @ 969944.947: tcs3701: start power rail timer, state:3
         1704799074.185  1086  1254 I ASH     : @ 969944.987: tcs3701: stop power rail pending_off timer
         1704799074.185  1086  1254 D ASH     : @ 969944.987: tcs3701: start power rail timer, state:3
         1704799074.225 30744 30744 I dashscene-cpu: 30498 (.dashscene.demo) S 1041 1041 0 0 -1 1077936448 9889 0 21 0 222 124 0 0 10 -10 18 0 96990421 15645933568 38382 18446744073709551615 1 1 0 0 0 0 4612 1 1073775864 0 0 0 17 0 0 0 0 0 0 0 0 0 0 0 0 0 0
         1704799074.225  1086  1254 I ASH     : @ 969945.027: tcs3701: stop power rail pending_off timer
         1704799074.225  1086  1254 D ASH     : @ 969945.027: tcs3701: start power rail timer, state:3
         1704799074.265  1086  1254 I ASH     : @ 969945.067: tcs3701: stop power rail pending_off timer
         1704799074.266  1086  1254 D ASH     : @ 969945.067: tcs3701: start power rail timer, state:3
         1704799074.306  1086  1254 I ASH     : @ 969945.107: tcs3701: stop power rail pending_off timer
         1704799074.307  1086  1254 D ASH     : @ 969945.107: tcs3701: start power rail timer, state:3
         1704799074.347  1086  1254 I ASH     : @ 969945.147: tcs3701: stop power rail pending_off timer
         1704799074.347  1086  1254 D ASH     : @ 969945.147: tcs3701: start power rail timer, state:3
         1704799074.386  1086  1254 I ASH     : @ 969945.187: tcs3701: stop power rail pending_off timer
         1704799074.386  1086  1254 D ASH     : @ 969945.187: tcs3701: start power rail timer, state:3
         1704799074.426  1086  1254 I ASH     : @ 969945.227: tcs3701: stop power rail pending_off timer
         1704799074.427  1086  1254 D ASH     : @ 969945.227: tcs3701: start power rail timer, state:3
         1704799074.465  1086  1254 I ASH     : @ 969945.267: tcs3701: stop power rail pending_off timer
         1704799074.466  1086  1254 D ASH     : @ 969945.267: tcs3701: start power rail timer, state:3
         1704799074.507  1086  1254 I ASH     : @ 969945.307: tcs3701: stop power rail pending_off timer
         1704799074.507  1086  1254 D ASH     : @ 969945.307: tcs3701: start power rail timer, state:3
         1704799074.546  1086  1254 I ASH     : @ 969945.347: tcs3701: stop power rail pending_off timer
         1704799074.547  1086  1254 D ASH     : @ 969945.347: tcs3701: start power rail timer, state:3
         1704799074.586  1086  1254 I ASH     : @ 969945.387: tcs3701: stop power rail pending_off timer
         1704799074.586  1086  1254 D ASH     : @ 969945.387: tcs3701: start power rail timer, state:3
         1704799074.626  1086  1254 I ASH     : @ 969945.427: tcs3701: stop power rail pending_off timer
         1704799074.627  1086  1254 D ASH     : @ 969945.427: tcs3701: start power rail timer, state:3
         1704799074.667  1086  1254 I ASH     : @ 969945.467: tcs3701: stop power rail pending_off timer
         1704799074.667  1086  1254 D ASH     : @ 969945.467: tcs3701: start power rail timer, state:3
         1704799074.707  1086  1254 I ASH     : @ 969945.507: tcs3701: stop power rail pending_off timer
         1704799074.707  1086  1254 D ASH     : @ 969945.507: tcs3701: start power rail timer, state:3
         1704799074.745  1086  1254 I ASH     : @ 969945.547: tcs3701: stop power rail pending_off timer
         1704799074.745  1086  1254 D ASH     : @ 969945.547: tcs3701: start power rail timer, state:3
         1704799074.762 30747 30747 I dashscene-cpu: 30498 (.dashscene.demo) S 1041 1041 0 0 -1 1077936448 9889 0 21 0 222 126 0 0 10 -10 18 0 96990421 15645933568 38382 18446744073709551615 1 1 0 0 0 0 4612 1 1073775864 0 0 0 17 0 0 0 0 0 0 0 0 0 0 0 0 0 0
         1704799074.785  1086  1254 I ASH     : @ 969945.587: tcs3701: stop power rail pending_off timer
         1704799074.786  1086  1254 D ASH     : @ 969945.587: tcs3701: start power rail timer, state:3
         1704799074.827  1086  1254 I ASH     : @ 969945.627: tcs3701: stop power rail pending_off timer
         1704799074.827  1086  1254 D ASH     : @ 969945.627: tcs3701: start power rail timer, state:3
         1704799074.867  1086  1254 I ASH     : @ 969945.667: tcs3701: stop power rail pending_off timer
         1704799074.867  1086  1254 D ASH     : @ 969945.667: tcs3701: start power rail timer, state:3
         1704799074.907  1086  1254 I ASH     : @ 969945.707: tcs3701: stop power rail pending_off timer
         1704799074.907  1086  1254 D ASH     : @ 969945.707: tcs3701: start power rail timer, state:3
         1704799074.947  1086  1254 I ASH     : @ 969945.747: tcs3701: stop power rail pending_off timer
         1704799074.947  1086  1254 D ASH     : @ 969945.747: tcs3701: start power rail timer, state:3
         1704799074.986  1086  1254 I ASH     : @ 969945.787: tcs3701: stop power rail pending_off timer
         1704799074.986  1086  1254 D ASH     : @ 969945.787: tcs3701: start power rail timer, state:3
         1704799075.026  1086  1254 I ASH     : @ 969945.827: tcs3701: stop power rail pending_off timer
         1704799075.027  1086  1254 D ASH     : @ 969945.827: tcs3701: start power rail timer, state:3
         1704799075.067  1086  1254 I ASH     : @ 969945.867: tcs3701: stop power rail pending_off timer
         1704799075.067  1086  1254 D ASH     : @ 969945.867: tcs3701: start power rail timer, state:3
         1704799075.105  1086  1254 I ASH     : @ 969945.907: tcs3701: stop power rail pending_off timer
         1704799075.106  1086  1254 D ASH     : @ 969945.907: tcs3701: start power rail timer, state:3
         1704799075.147  1086  1254 I ASH     : @ 969945.947: tcs3701: stop power rail pending_off timer
         1704799075.147  1086  1254 D ASH     : @ 969945.947: tcs3701: start power rail timer, state:3
         1704799075.186  1086  1254 I ASH     : @ 969945.987: tcs3701: stop power rail pending_off timer
         1704799075.186  1086  1254 D ASH     : @ 969945.987: tcs3701: start power rail timer, state:3
         1704799075.226  1086  1254 I ASH     : @ 969946.027: tcs3701: stop power rail pending_off timer
         1704799075.227  1086  1254 D ASH     : @ 969946.027: tcs3701: start power rail timer, state:3
         1704799075.267  1086  1254 I ASH     : @ 969946.067: tcs3701: stop power rail pending_off timer
         1704799075.267  1086  1254 D ASH     : @ 969946.067: tcs3701: start power rail timer, state:3
         1704799075.294 30750 30750 I dashscene-cpu: 30498 (.dashscene.demo) S 1041 1041 0 0 -1 1077936448 9889 0 21 0 223 127 0 0 10 -10 18 0 96990421 15645933568 38382 18446744073709551615 1 1 0 0 0 0 4612 1 1073775864 0 0 0 17 0 0 0 0 0 0 0 0 0 0 0 0 0 0
         1704799075.305  1086  1254 I ASH     : @ 969946.107: tcs3701: stop power rail pending_off timer
         1704799075.305  1086  1254 D ASH     : @ 969946.107: tcs3701: start power rail timer, state:3
         1704799075.345  1086  1254 I ASH     : @ 969946.147: tcs3701: stop power rail pending_off timer
         1704799075.345  1086  1254 D ASH     : @ 969946.147: tcs3701: start power rail timer, state:3
         1704799075.385  1086  1254 I ASH     : @ 969946.187: tcs3701: stop power rail pending_off timer
         1704799075.386  1086  1254 D ASH     : @ 969946.187: tcs3701: start power rail timer, state:3
         1704799075.427  1086  1254 I ASH     : @ 969946.227: tcs3701: stop power rail pending_off timer
         1704799075.427  1086  1254 D ASH     : @ 969946.227: tcs3701: start power rail timer, state:3
         1704799075.466  1086  1254 I ASH     : @ 969946.267: tcs3701: stop power rail pending_off timer
         1704799075.466  1086  1254 D ASH     : @ 969946.267: tcs3701: start power rail timer, state:3
         1704799075.505  1086  1254 I ASH     : @ 969946.307: tcs3701: stop power rail pending_off timer
         1704799075.506  1086  1254 D ASH     : @ 969946.307: tcs3701: start power rail timer, state:3
         1704799075.547  1086  1254 I ASH     : @ 969946.347: tcs3701: stop power rail pending_off timer
         1704799075.547  1086  1254 D ASH     : @ 969946.347: tcs3701: start power rail timer, state:3
         1704799075.586  1086  1254 I ASH     : @ 969946.387: tcs3701: stop power rail pending_off timer
         1704799075.586  1086  1254 D ASH     : @ 969946.387: tcs3701: start power rail timer, state:3
         1704799075.626  1086  1254 I ASH     : @ 969946.427: tcs3701: stop power rail pending_off timer
         1704799075.627  1086  1254 D ASH     : @ 969946.427: tcs3701: start power rail timer, state:3
         1704799075.667  1086  1254 I ASH     : @ 969946.467: tcs3701: stop power rail pending_off timer
         1704799075.667  1086  1254 D ASH     : @ 969946.467: tcs3701: start power rail timer, state:3
         1704799075.705  1086  1254 I ASH     : @ 969946.507: tcs3701: stop power rail pending_off timer
         1704799075.705  1086  1254 D ASH     : @ 969946.507: tcs3701: start power rail timer, state:3
         1704799075.747  1086  1254 I ASH     : @ 969946.547: tcs3701: stop power rail pending_off timer
         1704799075.747  1086  1254 D ASH     : @ 969946.547: tcs3701: start power rail timer, state:3
         1704799075.787  1086  1254 I ASH     : @ 969946.587: tcs3701: stop power rail pending_off timer
         1704799075.787  1086  1254 D ASH     : @ 969946.587: tcs3701: start power rail timer, state:3
         1704799075.824 30753 30753 I dashscene-cpu: 30498 (.dashscene.demo) S 1041 1041 0 0 -1 1077936448 9889 0 21 0 224 128 0 0 10 -10 18 0 96990421 15645933568 38382 18446744073709551615 1 1 0 0 0 0 4612 1 1073775864 0 0 0 17 0 0 0 0 0 0 0 0 0 0 0 0 0 0
         1704799075.825  1086  1254 I ASH     : @ 969946.627: tcs3701: stop power rail pending_off timer
         1704799075.825  1086  1254 D ASH     : @ 969946.627: tcs3701: start power rail timer, state:3
         1704799075.865  1086  1254 I ASH     : @ 969946.667: tcs3701: stop power rail pending_off timer
         1704799075.866  1086  1254 D ASH     : @ 969946.667: tcs3701: start power rail timer, state:3
         1704799075.905  1086  1254 I ASH     : @ 969946.707: tcs3701: stop power rail pending_off timer
         1704799075.905  1086  1254 D ASH     : @ 969946.707: tcs3701: start power rail timer, state:3
         1704799075.946  1086  1254 I ASH     : @ 969946.747: tcs3701: stop power rail pending_off timer
         1704799075.947  1086  1254 D ASH     : @ 969946.747: tcs3701: start power rail timer, state:3
         1704799075.986  1086  1254 I ASH     : @ 969946.787: tcs3701: stop power rail pending_off timer
         1704799075.987  1086  1254 D ASH     : @ 969946.787: tcs3701: start power rail timer, state:3
         1704799076.027  1086  1254 I ASH     : @ 969946.827: tcs3701: stop power rail pending_off timer
         1704799076.027  1086  1254 D ASH     : @ 969946.827: tcs3701: start power rail timer, state:3
         1704799076.067  1086  1254 I ASH     : @ 969946.867: tcs3701: stop power rail pending_off timer
         1704799076.067  1086  1254 D ASH     : @ 969946.867: tcs3701: start power rail timer, state:3
         1704799076.105  1086  1254 I ASH     : @ 969946.907: tcs3701: stop power rail pending_off timer
         1704799076.106  1086  1254 D ASH     : @ 969946.907: tcs3701: start power rail timer, state:3
         1704799076.147  1086  1254 I ASH     : @ 969946.947: tcs3701: stop power rail pending_off timer
         1704799076.147  1086  1254 D ASH     : @ 969946.947: tcs3701: start power rail timer, state:3
         1704799076.186  1086  1254 I ASH     : @ 969946.987: tcs3701: stop power rail pending_off timer
         1704799076.186  1086  1254 D ASH     : @ 969946.987: tcs3701: start power rail timer, state:3
         1704799076.227  1086  1254 I ASH     : @ 969947.027: tcs3701: stop power rail pending_off timer
         1704799076.227  1086  1254 D ASH     : @ 969947.027: tcs3701: start power rail timer, state:3
         1704799076.267  1086  1254 I ASH     : @ 969947.067: tcs3701: stop power rail pending_off timer
         1704799076.267  1086  1254 D ASH     : @ 969947.067: tcs3701: start power rail timer, state:3
         1704799076.305  1086  1254 I ASH     : @ 969947.107: tcs3701: stop power rail pending_off timer
         1704799076.306  1086  1254 D ASH     : @ 969947.107: tcs3701: start power rail timer, state:3
         1704799076.345  1086  1254 I ASH     : @ 969947.147: tcs3701: stop power rail pending_off timer
         1704799076.345  1086  1254 D ASH     : @ 969947.147: tcs3701: start power rail timer, state:3
         1704799076.357 30756 30756 I dashscene-cpu: 30498 (.dashscene.demo) S 1041 1041 0 0 -1 1077936448 9889 0 21 0 225 129 0 0 10 -10 18 0 96990421 15645933568 38382 18446744073709551615 1 1 0 0 0 0 4612 1 1073775864 0 0 0 17 0 0 0 0 0 0 0 0 0 0 0 0 0 0
         1704799076.385  1086  1254 I ASH     : @ 969947.187: tcs3701: stop power rail pending_off timer
         1704799076.386  1086  1254 D ASH     : @ 969947.187: tcs3701: start power rail timer, state:3
         1704799076.427  1086  1254 I ASH     : @ 969947.227: tcs3701: stop power rail pending_off timer
         1704799076.427  1086  1254 D ASH     : @ 969947.227: tcs3701: start power rail timer, state:3
         1704799076.466  1086  1254 I ASH     : @ 969947.267: tcs3701: stop power rail pending_off timer
         1704799076.467  1086  1254 D ASH     : @ 969947.267: tcs3701: start power rail timer, state:3
         1704799076.505  1086  1254 I ASH     : @ 969947.307: tcs3701: stop power rail pending_off timer
         1704799076.506  1086  1254 D ASH     : @ 969947.307: tcs3701: start power rail timer, state:3
         1704799076.547  1086  1254 I ASH     : @ 969947.347: tcs3701: stop power rail pending_off timer
         1704799076.547  1086  1254 D ASH     : @ 969947.347: tcs3701: start power rail timer, state:3
         1704799076.587  1086  1254 I ASH     : @ 969947.387: tcs3701: stop power rail pending_off timer
         1704799076.587  1086  1254 D ASH     : @ 969947.387: tcs3701: start power rail timer, state:3
         1704799076.625  1086  1254 I ASH     : @ 969947.427: tcs3701: stop power rail pending_off timer
         1704799076.626  1086  1254 D ASH     : @ 969947.427: tcs3701: start power rail timer, state:3
         1704799076.665  1086  1254 I ASH     : @ 969947.467: tcs3701: stop power rail pending_off timer
         1704799076.665  1086  1254 D ASH     : @ 969947.467: tcs3701: start power rail timer, state:3
         1704799076.705  1086  1254 I ASH     : @ 969947.507: tcs3701: stop power rail pending_off timer
         1704799076.705  1086  1254 D ASH     : @ 969947.507: tcs3701: start power rail timer, state:3
         1704799076.745  1086  1254 I ASH     : @ 969947.547: tcs3701: stop power rail pending_off timer
         1704799076.745  1086  1254 D ASH     : @ 969947.547: tcs3701: start power rail timer, state:3
         1704799076.785  1086  1254 I ASH     : @ 969947.587: tcs3701: stop power rail pending_off timer
         1704799076.785  1086  1254 D ASH     : @ 969947.587: tcs3701: start power rail timer, state:3
         1704799076.825  1086  1254 I ASH     : @ 969947.627: tcs3701: stop power rail pending_off timer
         1704799076.825  1086  1254 D ASH     : @ 969947.627: tcs3701: start power rail timer, state:3
         1704799076.830 30498 30520 I dashscene: 2400 frames over 2400 vsyncs
         1704799076.865  1086  1254 I ASH     : @ 969947.667: tcs3701: stop power rail pending_off timer
         1704799076.865  1086  1254 D ASH     : @ 969947.667: tcs3701: start power rail timer, state:3
         1704799076.887 30759 30759 I dashscene-cpu: 30498 (.dashscene.demo) S 1041 1041 0 0 -1 1077936448 9939 0 21 0 230 131 0 0 10 -10 18 0 96990421 15645945856 38382 18446744073709551615 1 1 0 0 0 0 4612 1 1073775864 0 0 0 17 0 0 0 0 0 0 0 0 0 0 0 0 0 0
         1704799076.905  1086  1254 I ASH     : @ 969947.707: tcs3701: stop power rail pending_off timer
         1704799076.905  1086  1254 D ASH     : @ 969947.707: tcs3701: start power rail timer, state:3
         1704799076.945  1086  1254 I ASH     : @ 969947.747: tcs3701: stop power rail pending_off timer
         1704799076.945  1086  1254 D ASH     : @ 969947.747: tcs3701: start power rail timer, state:3
         1704799076.985  1086  1254 I ASH     : @ 969947.787: tcs3701: stop power rail pending_off timer
         1704799076.985  1086  1254 D ASH     : @ 969947.787: tcs3701: start power rail timer, state:3
         1704799077.025  1086  1254 I ASH     : @ 969947.827: tcs3701: stop power rail pending_off timer
         1704799077.025  1086  1254 D ASH     : @ 969947.827: tcs3701: start power rail timer, state:3
         1704799077.065  1086  1254 I ASH     : @ 969947.867: tcs3701: stop power rail pending_off timer
         1704799077.065  1086  1254 D ASH     : @ 969947.867: tcs3701: start power rail timer, state:3
         1704799077.105  1086  1254 I ASH     : @ 969947.907: tcs3701: stop power rail pending_off timer
         1704799077.105  1086  1254 D ASH     : @ 969947.907: tcs3701: start power rail timer, state:3
         1704799077.145  1086  1254 I ASH     : @ 969947.947: tcs3701: stop power rail pending_off timer
         1704799077.145  1086  1254 D ASH     : @ 969947.947: tcs3701: start power rail timer, state:3
         1704799077.185  1086  1254 I ASH     : @ 969947.987: tcs3701: stop power rail pending_off timer
         1704799077.185  1086  1254 D ASH     : @ 969947.987: tcs3701: start power rail timer, state:3
         1704799077.225  1086  1254 I ASH     : @ 969948.027: tcs3701: stop power rail pending_off timer
         1704799077.225  1086  1254 D ASH     : @ 969948.027: tcs3701: start power rail timer, state:3
         1704799077.265  1086  1254 I ASH     : @ 969948.067: tcs3701: stop power rail pending_off timer
         1704799077.265  1086  1254 D ASH     : @ 969948.067: tcs3701: start power rail timer, state:3
         1704799077.305  1086  1254 I ASH     : @ 969948.107: tcs3701: stop power rail pending_off timer
         1704799077.305  1086  1254 D ASH     : @ 969948.107: tcs3701: start power rail timer, state:3
         1704799077.345  1086  1254 I ASH     : @ 969948.147: tcs3701: stop power rail pending_off timer
         1704799077.345  1086  1254 D ASH     : @ 969948.147: tcs3701: start power rail timer, state:3
         1704799077.385  1086  1254 I ASH     : @ 969948.187: tcs3701: stop power rail pending_off timer
         1704799077.385  1086  1254 D ASH     : @ 969948.187: tcs3701: start power rail timer, state:3
         1704799077.423 30762 30762 I dashscene-cpu: 30498 (.dashscene.demo) S 1041 1041 0 0 -1 1077936448 10032 0 21 0 237 134 0 0 10 -10 18 0 96990421 15645933568 38382 18446744073709551615 1 1 0 0 0 0 4612 1 1073775864 0 0 0 17 0 0 0 0 0 0 0 0 0 0 0 0 0 0
         1704799077.425  1086  1254 I ASH     : @ 969948.227: tcs3701: stop power rail pending_off timer
         1704799077.425  1086  1254 D ASH     : @ 969948.227: tcs3701: start power rail timer, state:3
         1704799077.465  1086  1254 I ASH     : @ 969948.267: tcs3701: stop power rail pending_off timer
         1704799077.465  1086  1254 D ASH     : @ 969948.267: tcs3701: start power rail timer, state:3
         1704799077.505  1086  1254 I ASH     : @ 969948.307: tcs3701: stop power rail pending_off timer
         1704799077.505  1086  1254 D ASH     : @ 969948.307: tcs3701: start power rail timer, state:3
         1704799077.545  1086  1254 I ASH     : @ 969948.347: tcs3701: stop power rail pending_off timer
         1704799077.545  1086  1254 D ASH     : @ 969948.347: tcs3701: start power rail timer, state:3
         1704799077.585  1086  1254 I ASH     : @ 969948.387: tcs3701: stop power rail pending_off timer
         1704799077.585  1086  1254 D ASH     : @ 969948.387: tcs3701: start power rail timer, state:3
         1704799077.625  1086  1254 I ASH     : @ 969948.427: tcs3701: stop power rail pending_off timer
         1704799077.625  1086  1254 D ASH     : @ 969948.427: tcs3701: start power rail timer, state:3
         1704799077.665  1086  1254 I ASH     : @ 969948.467: tcs3701: stop power rail pending_off timer
         1704799077.665  1086  1254 D ASH     : @ 969948.467: tcs3701: start power rail timer, state:3
         1704799077.705  1086  1254 I ASH     : @ 969948.507: tcs3701: stop power rail pending_off timer
         1704799077.705  1086  1254 D ASH     : @ 969948.507: tcs3701: start power rail timer, state:3
         1704799077.745  1086  1254 I ASH     : @ 969948.547: tcs3701: stop power rail pending_off timer
         1704799077.745  1086  1254 D ASH     : @ 969948.547: tcs3701: start power rail timer, state:3
         1704799077.785  1086  1254 I ASH     : @ 969948.587: tcs3701: stop power rail pending_off timer
         1704799077.785  1086  1254 D ASH     : @ 969948.587: tcs3701: start power rail timer, state:3
         1704799077.825  1086  1254 I ASH     : @ 969948.627: tcs3701: stop power rail pending_off timer
         1704799077.825  1086  1254 D ASH     : @ 969948.627: tcs3701: start power rail timer, state:3
         1704799077.865  1086  1254 I ASH     : @ 969948.667: tcs3701: stop power rail pending_off timer
         1704799077.865  1086  1254 D ASH     : @ 969948.667: tcs3701: start power rail timer, state:3
         1704799077.905  1086  1254 I ASH     : @ 969948.707: tcs3701: stop power rail pending_off timer
         1704799077.905  1086  1254 D ASH     : @ 969948.707: tcs3701: start power rail timer, state:3
         1704799077.945  1086  1254 I ASH     : @ 969948.747: tcs3701: stop power rail pending_off timer
         1704799077.945  1086  1254 D ASH     : @ 969948.747: tcs3701: start power rail timer, state:3
         1704799077.956 30765 30765 I dashscene-cpu: 30498 (.dashscene.demo) S 1041 1041 0 0 -1 1077936448 10130 0 21 0 244 136 0 0 10 -10 18 0 96990421 15645933568 38381 18446744073709551615 1 1 0 0 0 0 4612 1 1073775864 0 0 0 17 0 0 0 0 0 0 0 0 0 0 0 0 0 0
         1704799077.985  1086  1254 I ASH     : @ 969948.787: tcs3701: stop power rail pending_off timer
         1704799077.985  1086  1254 D ASH     : @ 969948.787: tcs3701: start power rail timer, state:3
         1704799078.025  1086  1254 I ASH     : @ 969948.827: tcs3701: stop power rail pending_off timer
         1704799078.025  1086  1254 D ASH     : @ 969948.827: tcs3701: start power rail timer, state:3
         1704799078.065  1086  1254 I ASH     : @ 969948.867: tcs3701: stop power rail pending_off timer
         1704799078.065  1086  1254 D ASH     : @ 969948.867: tcs3701: start power rail timer, state:3
         1704799078.105  1086  1254 I ASH     : @ 969948.907: tcs3701: stop power rail pending_off timer
         1704799078.105  1086  1254 D ASH     : @ 969948.907: tcs3701: start power rail timer, state:3
         1704799078.145  1086  1254 I ASH     : @ 969948.947: tcs3701: stop power rail pending_off timer
         1704799078.145  1086  1254 D ASH     : @ 969948.947: tcs3701: start power rail timer, state:3
         1704799078.187  1086  1254 I ASH     : @ 969948.987: tcs3701: stop power rail pending_off timer
         1704799078.187  1086  1254 D ASH     : @ 969948.987: tcs3701: start power rail timer, state:3
         1704799078.225  1086  1254 I ASH     : @ 969949.027: tcs3701: stop power rail pending_off timer
         1704799078.225  1086  1254 D ASH     : @ 969949.027: tcs3701: start power rail timer, state:3
         1704799078.265  1086  1254 I ASH     : @ 969949.067: tcs3701: stop power rail pending_off timer
         1704799078.265  1086  1254 D ASH     : @ 969949.067: tcs3701: start power rail timer, state:3
         1704799078.306  1086  1254 I ASH     : @ 969949.107: tcs3701: stop power rail pending_off timer
         1704799078.306  1086  1254 D ASH     : @ 969949.107: tcs3701: start power rail timer, state:3
         1704799078.347  1086  1254 I ASH     : @ 969949.147: tcs3701: stop power rail pending_off timer
         1704799078.347  1086  1254 D ASH     : @ 969949.147: tcs3701: start power rail timer, state:3
         1704799078.387  1086  1254 I ASH     : @ 969949.187: tcs3701: stop power rail pending_off timer
         1704799078.387  1086  1254 D ASH     : @ 969949.187: tcs3701: start power rail timer, state:3
         1704799078.426  1086  1254 I ASH     : @ 969949.227: tcs3701: stop power rail pending_off timer
         1704799078.426  1086  1254 D ASH     : @ 969949.227: tcs3701: start power rail timer, state:3
         1704799078.466  1086  1254 I ASH     : @ 969949.267: tcs3701: stop power rail pending_off timer
         1704799078.466  1086  1254 D ASH     : @ 969949.267: tcs3701: start power rail timer, state:3
         1704799078.488 30768 30768 I dashscene-cpu: 30498 (.dashscene.demo) S 1041 1041 0 0 -1 1077936448 10163 0 21 0 247 137 0 0 10 -10 18 0 96990421 15645933568 38381 18446744073709551615 1 1 0 0 0 0 4612 1 1073775864 0 0 0 17 0 0 0 0 0 0 0 0 0 0 0 0 0 0
         1704799078.505  1086  1254 I ASH     : @ 969949.307: tcs3701: stop power rail pending_off timer
         1704799078.505  1086  1254 D ASH     : @ 969949.307: tcs3701: start power rail timer, state:3
         1704799078.547  1086  1254 I ASH     : @ 969949.347: tcs3701: stop power rail pending_off timer
         1704799078.547  1086  1254 D ASH     : @ 969949.347: tcs3701: start power rail timer, state:3
         1704799078.587  1086  1254 I ASH     : @ 969949.387: tcs3701: stop power rail pending_off timer
         1704799078.587  1086  1254 D ASH     : @ 969949.387: tcs3701: start power rail timer, state:3
         1704799078.625  1086  1254 I ASH     : @ 969949.427: tcs3701: stop power rail pending_off timer
         1704799078.625  1086  1254 D ASH     : @ 969949.427: tcs3701: start power rail timer, state:3
         1704799078.667  1086  1254 I ASH     : @ 969949.467: tcs3701: stop power rail pending_off timer
         1704799078.667  1086  1254 D ASH     : @ 969949.467: tcs3701: start power rail timer, state:3
         1704799078.706  1086  1254 I ASH     : @ 969949.507: tcs3701: stop power rail pending_off timer
         1704799078.707  1086  1254 D ASH     : @ 969949.507: tcs3701: start power rail timer, state:3
         1704799078.747  1086  1254 I ASH     : @ 969949.547: tcs3701: stop power rail pending_off timer
         1704799078.747  1086  1254 D ASH     : @ 969949.547: tcs3701: start power rail timer, state:3
         1704799078.787  1086  1254 I ASH     : @ 969949.587: tcs3701: stop power rail pending_off timer
         1704799078.787  1086  1254 D ASH     : @ 969949.587: tcs3701: start power rail timer, state:3
         1704799078.825  1086  1254 I ASH     : @ 969949.627: tcs3701: stop power rail pending_off timer
         1704799078.825  1086  1254 D ASH     : @ 969949.627: tcs3701: start power rail timer, state:3
         1704799078.867  1086  1254 I ASH     : @ 969949.667: tcs3701: stop power rail pending_off timer
         1704799078.867  1086  1254 D ASH     : @ 969949.667: tcs3701: start power rail timer, state:3
         1704799078.907  1086  1254 I ASH     : @ 969949.707: tcs3701: stop power rail pending_off timer
         1704799078.907  1086  1254 D ASH     : @ 969949.707: tcs3701: start power rail timer, state:3
         1704799078.946  1086  1254 I ASH     : @ 969949.747: tcs3701: stop power rail pending_off timer
         1704799078.947  1086  1254 D ASH     : @ 969949.747: tcs3701: start power rail timer, state:3
         1704799078.987  1086  1254 I ASH     : @ 969949.787: tcs3701: stop power rail pending_off timer
         1704799078.987  1086  1254 D ASH     : @ 969949.787: tcs3701: start power rail timer, state:3
         1704799079.019 30771 30771 I dashscene-cpu: 30498 (.dashscene.demo) S 1041 1041 0 0 -1 1077936448 10163 0 21 0 248 139 0 0 10 -10 18 0 96990421 15645933568 38381 18446744073709551615 1 1 0 0 0 0 4612 1 1073775864 0 0 0 17 0 0 0 0 0 0 0 0 0 0 0 0 0 0
         1704799079.025  1086  1254 I ASH     : @ 969949.827: tcs3701: stop power rail pending_off timer
         1704799079.025  1086  1254 D ASH     : @ 969949.827: tcs3701: start power rail timer, state:3
         1704799079.067  1086  1254 I ASH     : @ 969949.867: tcs3701: stop power rail pending_off timer
         1704799079.067  1086  1254 D ASH     : @ 969949.867: tcs3701: start power rail timer, state:3
         1704799079.107  1086  1254 I ASH     : @ 969949.907: tcs3701: stop power rail pending_off timer
         1704799079.107  1086  1254 D ASH     : @ 969949.907: tcs3701: start power rail timer, state:3
         1704799079.145  1086  1254 I ASH     : @ 969949.947: tcs3701: stop power rail pending_off timer
         1704799079.145  1086  1254 D ASH     : @ 969949.947: tcs3701: start power rail timer, state:3
         1704799079.185  1086  1254 I ASH     : @ 969949.987: tcs3701: stop power rail pending_off timer
         1704799079.185  1086  1254 D ASH     : @ 969949.987: tcs3701: start power rail timer, state:3
         1704799079.225  1086  1254 I ASH     : @ 969950.027: tcs3701: stop power rail pending_off timer
         1704799079.225  1086  1254 D ASH     : @ 969950.027: tcs3701: start power rail timer, state:3
         1704799079.267  1086  1254 I ASH     : @ 969950.067: tcs3701: stop power rail pending_off timer
         1704799079.267  1086  1254 D ASH     : @ 969950.067: tcs3701: start power rail timer, state:3
         1704799079.306  1086  1254 I ASH     : @ 969950.107: tcs3701: stop power rail pending_off timer
         1704799079.307  1086  1254 D ASH     : @ 969950.107: tcs3701: start power rail timer, state:3
         1704799079.347  1086  1254 I ASH     : @ 969950.147: tcs3701: stop power rail pending_off timer
         1704799079.347  1086  1254 D ASH     : @ 969950.147: tcs3701: start power rail timer, state:3
         1704799079.387  1086  1254 I ASH     : @ 969950.187: tcs3701: stop power rail pending_off timer
         1704799079.387  1086  1254 D ASH     : @ 969950.187: tcs3701: start power rail timer, state:3
         1704799079.425  1086  1254 I ASH     : @ 969950.227: tcs3701: stop power rail pending_off timer
         1704799079.425  1086  1254 D ASH     : @ 969950.227: tcs3701: start power rail timer, state:3
         1704799079.466  1086  1254 I ASH     : @ 969950.267: tcs3701: stop power rail pending_off timer
         1704799079.466  1086  1254 D ASH     : @ 969950.267: tcs3701: start power rail timer, state:3
         1704799079.507  1086  1254 I ASH     : @ 969950.307: tcs3701: stop power rail pending_off timer
         1704799079.507  1086  1254 D ASH     : @ 969950.307: tcs3701: start power rail timer, state:3
         1704799079.545  1086  1254 I ASH     : @ 969950.347: tcs3701: stop power rail pending_off timer
         1704799079.545  1086  1254 D ASH     : @ 969950.347: tcs3701: start power rail timer, state:3
         1704799079.547 30774 30774 I dashscene-cpu: 30498 (.dashscene.demo) S 1041 1041 0 0 -1 1077936448 10167 0 21 0 248 141 0 0 10 -10 18 0 96990421 15645933568 38379 18446744073709551615 1 1 0 0 0 0 4612 1 1073775864 0 0 0 17 0 0 0 0 0 0 0 0 0 0 0 0 0 0
         1704799079.586  1086  1254 I ASH     : @ 969950.387: tcs3701: stop power rail pending_off timer
         1704799079.586  1086  1254 D ASH     : @ 969950.387: tcs3701: start power rail timer, state:3
         1704799079.625  1086  1254 I ASH     : @ 969950.427: tcs3701: stop power rail pending_off timer
         1704799079.625  1086  1254 D ASH     : @ 969950.427: tcs3701: start power rail timer, state:3
         1704799079.667  1086  1254 I ASH     : @ 969950.467: tcs3701: stop power rail pending_off timer
         1704799079.667  1086  1254 D ASH     : @ 969950.467: tcs3701: start power rail timer, state:3
         1704799079.707  1086  1254 I ASH     : @ 969950.507: tcs3701: stop power rail pending_off timer
         1704799079.707  1086  1254 D ASH     : @ 969950.507: tcs3701: start power rail timer, state:3
         1704799079.747  1086  1254 I ASH     : @ 969950.547: tcs3701: stop power rail pending_off timer
         1704799079.747  1086  1254 D ASH     : @ 969950.547: tcs3701: start power rail timer, state:3
         1704799079.787  1086  1254 I ASH     : @ 969950.587: tcs3701: stop power rail pending_off timer
         1704799079.787  1086  1254 D ASH     : @ 969950.587: tcs3701: start power rail timer, state:3
         1704799079.825  1086  1254 I ASH     : @ 969950.627: tcs3701: stop power rail pending_off timer
         1704799079.826  1086  1254 D ASH     : @ 969950.627: tcs3701: start power rail timer, state:3
         1704799079.867  1086  1254 I ASH     : @ 969950.667: tcs3701: stop power rail pending_off timer
         1704799079.867  1086  1254 D ASH     : @ 969950.667: tcs3701: start power rail timer, state:3
         1704799079.907  1086  1254 I ASH     : @ 969950.707: tcs3701: stop power rail pending_off timer
         1704799079.907  1086  1254 D ASH     : @ 969950.707: tcs3701: start power rail timer, state:3
         1704799079.947  1086  1254 I ASH     : @ 969950.747: tcs3701: stop power rail pending_off timer
         1704799079.947  1086  1254 D ASH     : @ 969950.747: tcs3701: start power rail timer, state:3
         1704799079.987  1086  1254 I ASH     : @ 969950.787: tcs3701: stop power rail pending_off timer
         1704799079.987  1086  1254 D ASH     : @ 969950.787: tcs3701: start power rail timer, state:3
         1704799080.011  3591  3823 I AiAiEcho: Predicting[0]: 
         1704799080.012  3591  3823 I AiAiEcho: EchoTargets: 
         1704799080.012  3591  3823 I AiAiEcho: Filtered by AiAi flag check: 
         1704799080.012  3591  3823 I AiAiEcho: Ranked targets strategy: SORT, count: 0, ranking metadata: 
         1704799080.014  3591  3823 I AiAiEcho: #postPredictionTargets: Sending updates to UISurface lockscreen with targets# 0 (types=[])
         1704799080.025  1086  1254 I ASH     : @ 969950.827: tcs3701: stop power rail pending_off timer
         1704799080.025  1086  1254 D ASH     : @ 969950.827: tcs3701: start power rail timer, state:3
         1704799080.043  2565  2565 W PageIndicator: Total number of pages invalid: 0. Assuming 1 page.
         1704799080.065  1086  1254 I ASH     : @ 969950.867: tcs3701: stop power rail pending_off timer
         1704799080.065  1086  1254 D ASH     : @ 969950.867: tcs3701: start power rail timer, state:3
         1704799080.077 30777 30777 I dashscene-cpu: 30498 (.dashscene.demo) S 1041 1041 0 0 -1 1077936448 10167 0 21 0 250 141 0 0 10 -10 18 0 96990421 15645933568 38379 18446744073709551615 1 1 0 0 0 0 4612 1 1073775864 0 0 0 17 0 0 0 0 0 0 0 0 0 0 0 0 0 0
         1704799080.105  1086  1254 I ASH     : @ 969950.907: tcs3701: stop power rail pending_off timer
         1704799080.105  1086  1254 D ASH     : @ 969950.907: tcs3701: start power rail timer, state:3
         1704799080.145  1086  1254 I ASH     : @ 969950.947: tcs3701: stop power rail pending_off timer
         1704799080.145  1086  1254 D ASH     : @ 969950.947: tcs3701: start power rail timer, state:3
         1704799080.187  1086  1254 I ASH     : @ 969950.987: tcs3701: stop power rail pending_off timer
         1704799080.187  1086  1254 D ASH     : @ 969950.987: tcs3701: start power rail timer, state:3
         1704799080.226  1086  1254 I ASH     : @ 969951.027: tcs3701: stop power rail pending_off timer
         1704799080.226  1086  1254 D ASH     : @ 969951.027: tcs3701: start power rail timer, state:3
         1704799080.267  1086  1254 I ASH     : @ 969951.067: tcs3701: stop power rail pending_off timer
         1704799080.267  1086  1254 D ASH     : @ 969951.067: tcs3701: start power rail timer, state:3
         1704799080.304  1785  2388 D ActivityManager: freezing 22152 com.google.android.euicc
         1704799080.305  1086  1254 I ASH     : @ 969951.107: tcs3701: stop power rail pending_off timer
         1704799080.305  1086  1254 D ASH     : @ 969951.107: tcs3701: start power rail timer, state:3
         1704799080.347  1086  1254 I ASH     : @ 969951.147: tcs3701: stop power rail pending_off timer
         1704799080.347  1086  1254 D ASH     : @ 969951.147: tcs3701: start power rail timer, state:3
         1704799080.387  1086  1254 I ASH     : @ 969951.187: tcs3701: stop power rail pending_off timer
         1704799080.387  1086  1254 D ASH     : @ 969951.187: tcs3701: start power rail timer, state:3
         1704799080.426  1086  1254 I ASH     : @ 969951.227: tcs3701: stop power rail pending_off timer
         1704799080.426  1086  1254 D ASH     : @ 969951.227: tcs3701: start power rail timer, state:3
         1704799080.467  1086  1254 I ASH     : @ 969951.267: tcs3701: stop power rail pending_off timer
         1704799080.467  1086  1254 D ASH     : @ 969951.267: tcs3701: start power rail timer, state:3
         1704799080.506  1086  1254 I ASH     : @ 969951.307: tcs3701: stop power rail pending_off timer
         1704799080.506  1086  1254 D ASH     : @ 969951.307: tcs3701: start power rail timer, state:3
         1704799080.545  1086  1254 I ASH     : @ 969951.347: tcs3701: stop power rail pending_off timer
         1704799080.545  1086  1254 D ASH     : @ 969951.347: tcs3701: start power rail timer, state:3
         1704799080.586  1086  1254 I ASH     : @ 969951.387: tcs3701: stop power rail pending_off timer
         1704799080.587  1086  1254 D ASH     : @ 969951.387: tcs3701: start power rail timer, state:3
         1704799080.610 30780 30780 I dashscene-cpu: 30498 (.dashscene.demo) S 1041 1041 0 0 -1 1077936448 10167 0 21 0 251 143 0 0 10 -10 18 0 96990421 15645933568 38379 18446744073709551615 1 1 0 0 0 0 4612 1 1073775864 0 0 0 17 0 0 0 0 0 0 0 0 0 0 0 0 0 0
         1704799080.625  1086  1254 I ASH     : @ 969951.427: tcs3701: stop power rail pending_off timer
         1704799080.625  1086  1254 D ASH     : @ 969951.427: tcs3701: start power rail timer, state:3
         1704799080.666  1086  1254 I ASH     : @ 969951.467: tcs3701: stop power rail pending_off timer
         1704799080.667  1086  1254 D ASH     : @ 969951.467: tcs3701: start power rail timer, state:3
         1704799080.707  1086  1254 I ASH     : @ 969951.507: tcs3701: stop power rail pending_off timer
         1704799080.707  1086  1254 D ASH     : @ 969951.507: tcs3701: start power rail timer, state:3
         1704799080.746  1086  1254 I ASH     : @ 969951.547: tcs3701: stop power rail pending_off timer
         1704799080.746  1086  1254 D ASH     : @ 969951.547: tcs3701: start power rail timer, state:3
         1704799080.787  1086  1254 I ASH     : @ 969951.587: tcs3701: stop power rail pending_off timer
         1704799080.787  1086  1254 D ASH     : @ 969951.587: tcs3701: start power rail timer, state:3
         1704799080.826  1086  1254 I ASH     : @ 969951.627: tcs3701: stop power rail pending_off timer
         1704799080.826  1086  1254 D ASH     : @ 969951.627: tcs3701: start power rail timer, state:3
         1704799080.827 30498 30520 I dashscene: 2640 frames over 2640 vsyncs
         1704799080.866  1086  1254 I ASH     : @ 969951.667: tcs3701: stop power rail pending_off timer
         1704799080.867  1086  1254 D ASH     : @ 969951.667: tcs3701: start power rail timer, state:3
         1704799080.907  1086  1254 I ASH     : @ 969951.707: tcs3701: stop power rail pending_off timer
         1704799080.907  1086  1254 D ASH     : @ 969951.707: tcs3701: start power rail timer, state:3
         1704799080.946  1086  1254 I ASH     : @ 969951.747: tcs3701: stop power rail pending_off timer
         1704799080.946  1086  1254 D ASH     : @ 969951.747: tcs3701: start power rail timer, state:3
         1704799080.987  1086  1254 I ASH     : @ 969951.787: tcs3701: stop power rail pending_off timer
         1704799080.987  1086  1254 D ASH     : @ 969951.787: tcs3701: start power rail timer, state:3
         1704799081.026  1086  1254 I ASH     : @ 969951.827: tcs3701: stop power rail pending_off timer
         1704799081.027  1086  1254 D ASH     : @ 969951.827: tcs3701: start power rail timer, state:3
         1704799081.067  1086  1254 I ASH     : @ 969951.867: tcs3701: stop power rail pending_off timer
         1704799081.067  1086  1254 D ASH     : @ 969951.867: tcs3701: start power rail timer, state:3
         1704799081.107  1086  1254 I ASH     : @ 969951.907: tcs3701: stop power rail pending_off timer
         1704799081.107  1086  1254 D ASH     : @ 969951.907: tcs3701: start power rail timer, state:3
         1704799081.144 30783 30783 I dashscene-cpu: 30498 (.dashscene.demo) S 1041 1041 0 0 -1 1077936448 10167 0 21 0 251 144 0 0 10 -10 18 0 96990421 15645933568 38379 18446744073709551615 1 1 0 0 0 0 4612 1 1073775864 0 0 0 17 0 0 0 0 0 0 0 0 0 0 0 0 0 0
         1704799081.145  1086  1254 I ASH     : @ 969951.947: tcs3701: stop power rail pending_off timer
         1704799081.145  1086  1254 D ASH     : @ 969951.947: tcs3701: start power rail timer, state:3
         1704799081.185  1086  1254 I ASH     : @ 969951.987: tcs3701: stop power rail pending_off timer
         1704799081.185  1086  1254 D ASH     : @ 969951.987: tcs3701: start power rail timer, state:3
         1704799081.226  1086  1254 I ASH     : @ 969952.027: tcs3701: stop power rail pending_off timer
         1704799081.227  1086  1254 D ASH     : @ 969952.027: tcs3701: start power rail timer, state:3
         1704799081.267  1086  1254 I ASH     : @ 969952.067: tcs3701: stop power rail pending_off timer
         1704799081.267  1086  1254 D ASH     : @ 969952.067: tcs3701: start power rail timer, state:3
         1704799081.307  1086  1254 I ASH     : @ 969952.107: tcs3701: stop power rail pending_off timer
         1704799081.307  1086  1254 D ASH     : @ 969952.107: tcs3701: start power rail timer, state:3
         1704799081.345  1086  1254 I ASH     : @ 969952.147: tcs3701: stop power rail pending_off timer
         1704799081.345  1086  1254 D ASH     : @ 969952.147: tcs3701: start power rail timer, state:3
         1704799081.387  1086  1254 I ASH     : @ 969952.187: tcs3701: stop power rail pending_off timer
         1704799081.387  1086  1254 D ASH     : @ 969952.187: tcs3701: start power rail timer, state:3
         1704799081.426  1086  1254 I ASH     : @ 969952.227: tcs3701: stop power rail pending_off timer
         1704799081.427  1086  1254 D ASH     : @ 969952.227: tcs3701: start power rail timer, state:3
         1704799081.466  1086  1254 I ASH     : @ 969952.267: tcs3701: stop power rail pending_off timer
         1704799081.466  1086  1254 D ASH     : @ 969952.267: tcs3701: start power rail timer, state:3
         1704799081.507  1086  1254 I ASH     : @ 969952.307: tcs3701: stop power rail pending_off timer
         1704799081.507  1086  1254 D ASH     : @ 969952.307: tcs3701: start power rail timer, state:3
         1704799081.545  1086  1254 I ASH     : @ 969952.347: tcs3701: stop power rail pending_off timer
         1704799081.546  1086  1254 D ASH     : @ 969952.347: tcs3701: start power rail timer, state:3
         1704799081.587  1086  1254 I ASH     : @ 969952.387: tcs3701: stop power rail pending_off timer
         1704799081.587  1086  1254 D ASH     : @ 969952.387: tcs3701: start power rail timer, state:3
         1704799081.627  1086  1254 I ASH     : @ 969952.427: tcs3701: stop power rail pending_off timer
         1704799081.627  1086  1254 D ASH     : @ 969952.427: tcs3701: start power rail timer, state:3
         1704799081.636 30498 30520 I dashscene: layout over 240 frames — tick 0.19 ms, paint mean 0.01 p50 0.01, submit mean 7.48 p50 9.94 p95 10.84 max 18.40 ms (130.2 fps if unpaced) — 0 run(s), 0 glyph(s)
         1704799081.665  1086  1254 I ASH     : @ 969952.467: tcs3701: stop power rail pending_off timer
         1704799081.665  1086  1254 D ASH     : @ 969952.467: tcs3701: start power rail timer, state:3
         1704799081.674 30786 30786 I dashscene-cpu: 30498 (.dashscene.demo) S 1041 1041 0 0 -1 1077936448 10173 0 21 0 253 144 0 0 10 -10 18 0 96990421 15645945856 38379 18446744073709551615 1 1 0 0 0 0 4612 1 1073775864 0 0 0 17 0 0 0 0 0 0 0 0 0 0 0 0 0 0
         1704799081.705  1086  1254 I ASH     : @ 969952.507: tcs3701: stop power rail pending_off timer
         1704799081.705  1086  1254 D ASH     : @ 969952.507: tcs3701: start power rail timer, state:3
         1704799081.745  1086  1254 I ASH     : @ 969952.547: tcs3701: stop power rail pending_off timer
         1704799081.745  1086  1254 D ASH     : @ 969952.547: tcs3701: start power rail timer, state:3
         1704799081.785  1086  1254 I ASH     : @ 969952.587: tcs3701: stop power rail pending_off timer
         1704799081.785  1086  1254 D ASH     : @ 969952.587: tcs3701: start power rail timer, state:3
         1704799081.825  1086  1254 I ASH     : @ 969952.627: tcs3701: stop power rail pending_off timer
         1704799081.825  1086  1254 D ASH     : @ 969952.627: tcs3701: start power rail timer, state:3
         1704799081.865  1086  1254 I ASH     : @ 969952.667: tcs3701: stop power rail pending_off timer
         1704799081.865  1086  1254 D ASH     : @ 969952.667: tcs3701: start power rail timer, state:3
         1704799081.905  1086  1254 I ASH     : @ 969952.707: tcs3701: stop power rail pending_off timer
         1704799081.905  1086  1254 D ASH     : @ 969952.707: tcs3701: start power rail timer, state:3
         1704799081.945  1086  1254 I ASH     : @ 969952.747: tcs3701: stop power rail pending_off timer
         1704799081.945  1086  1254 D ASH     : @ 969952.747: tcs3701: start power rail timer, state:3
         1704799081.985  1086  1254 I ASH     : @ 969952.787: tcs3701: stop power rail pending_off timer
         1704799081.985  1086  1254 D ASH     : @ 969952.787: tcs3701: start power rail timer, state:3
         1704799082.025  1086  1254 I ASH     : @ 969952.827: tcs3701: stop power rail pending_off timer
         1704799082.025  1086  1254 D ASH     : @ 969952.827: tcs3701: start power rail timer, state:3
         1704799082.065  1086  1254 I ASH     : @ 969952.867: tcs3701: stop power rail pending_off timer
         1704799082.065  1086  1254 D ASH     : @ 969952.867: tcs3701: start power rail timer, state:3
         1704799082.105  1086  1254 I ASH     : @ 969952.907: tcs3701: stop power rail pending_off timer
         1704799082.105  1086  1254 D ASH     : @ 969952.907: tcs3701: start power rail timer, state:3
         1704799082.145  1086  1254 I ASH     : @ 969952.947: tcs3701: stop power rail pending_off timer
         1704799082.145  1086  1254 D ASH     : @ 969952.947: tcs3701: start power rail timer, state:3
         1704799082.185  1086  1254 I ASH     : @ 969952.987: tcs3701: stop power rail pending_off timer
         1704799082.185  1086  1254 D ASH     : @ 969952.987: tcs3701: start power rail timer, state:3
         1704799082.204 30789 30789 I dashscene-cpu: 30498 (.dashscene.demo) S 1041 1041 0 0 -1 1077936448 10270 0 21 0 261 147 0 0 10 -10 18 0 96990421 15645933568 38381 18446744073709551615 1 1 0 0 0 0 4612 1 1073775864 0 0 0 17 0 0 0 0 0 0 0 0 0 0 0 0 0 0
         1704799082.225  1086  1254 I ASH     : @ 969953.027: tcs3701: stop power rail pending_off timer
         1704799082.225  1086  1254 D ASH     : @ 969953.027: tcs3701: start power rail timer, state:3
         1704799082.265  1086  1254 I ASH     : @ 969953.067: tcs3701: stop power rail pending_off timer
         1704799082.265  1086  1254 D ASH     : @ 969953.067: tcs3701: start power rail timer, state:3
         1704799082.305  1086  1254 I ASH     : @ 969953.107: tcs3701: stop power rail pending_off timer
         1704799082.305  1086  1254 D ASH     : @ 969953.107: tcs3701: start power rail timer, state:3
         1704799082.345  1086  1254 I ASH     : @ 969953.147: tcs3701: stop power rail pending_off timer
         1704799082.345  1086  1254 D ASH     : @ 969953.147: tcs3701: start power rail timer, state:3
         1704799082.385  1086  1254 I ASH     : @ 969953.187: tcs3701: stop power rail pending_off timer
         1704799082.385  1086  1254 D ASH     : @ 969953.187: tcs3701: start power rail timer, state:3
         1704799082.425  1086  1254 I ASH     : @ 969953.227: tcs3701: stop power rail pending_off timer
         1704799082.425  1086  1254 D ASH     : @ 969953.227: tcs3701: start power rail timer, state:3
         1704799082.466  1086  1254 I ASH     : @ 969953.267: tcs3701: stop power rail pending_off timer
         1704799082.467  1086  1254 D ASH     : @ 969953.267: tcs3701: start power rail timer, state:3
         1704799082.505  1086  1254 I ASH     : @ 969953.307: tcs3701: stop power rail pending_off timer
         1704799082.505  1086  1254 D ASH     : @ 969953.307: tcs3701: start power rail timer, state:3
         1704799082.545  1086  1254 I ASH     : @ 969953.347: tcs3701: stop power rail pending_off timer
         1704799082.545  1086  1254 D ASH     : @ 969953.347: tcs3701: start power rail timer, state:3
         1704799082.585  1086  1254 I ASH     : @ 969953.387: tcs3701: stop power rail pending_off timer
         1704799082.585  1086  1254 D ASH     : @ 969953.387: tcs3701: start power rail timer, state:3
         1704799082.625  1086  1254 I ASH     : @ 969953.427: tcs3701: stop power rail pending_off timer
         1704799082.625  1086  1254 D ASH     : @ 969953.427: tcs3701: start power rail timer, state:3
         1704799082.665  1086  1254 I ASH     : @ 969953.467: tcs3701: stop power rail pending_off timer
         1704799082.665  1086  1254 D ASH     : @ 969953.467: tcs3701: start power rail timer, state:3
         1704799082.705  1086  1254 I ASH     : @ 969953.507: tcs3701: stop power rail pending_off timer
         1704799082.705  1086  1254 D ASH     : @ 969953.507: tcs3701: start power rail timer, state:3
         1704799082.738 30792 30792 I dashscene-cpu: 30498 (.dashscene.demo) S 1041 1041 0 0 -1 1077936448 10366 0 21 0 266 152 0 0 10 -10 18 0 96990421 15645933568 38380 18446744073709551615 1 1 0 0 0 0 4612 1 1073775864 0 0 0 17 0 0 0 0 0 0 0 0 0 0 0 0 0 0
         1704799082.745  1086  1254 I ASH     : @ 969953.547: tcs3701: stop power rail pending_off timer
         1704799082.745  1086  1254 D ASH     : @ 969953.547: tcs3701: start power rail timer, state:3
         1704799082.785  1086  1254 I ASH     : @ 969953.587: tcs3701: stop power rail pending_off timer
         1704799082.785  1086  1254 D ASH     : @ 969953.587: tcs3701: start power rail timer, state:3
         1704799082.825  1086  1254 I ASH     : @ 969953.627: tcs3701: stop power rail pending_off timer
         1704799082.825  1086  1254 D ASH     : @ 969953.627: tcs3701: start power rail timer, state:3
         1704799082.865  1086  1254 I ASH     : @ 969953.667: tcs3701: stop power rail pending_off timer
         1704799082.865  1086  1254 D ASH     : @ 969953.667: tcs3701: start power rail timer, state:3
         1704799082.905  1086  1254 I ASH     : @ 969953.707: tcs3701: stop power rail pending_off timer
         1704799082.905  1086  1254 D ASH     : @ 969953.707: tcs3701: start power rail timer, state:3
         1704799082.945  1086  1254 I ASH     : @ 969953.747: tcs3701: stop power rail pending_off timer
         1704799082.945  1086  1254 D ASH     : @ 969953.747: tcs3701: start power rail timer, state:3
         1704799082.985  1086  1254 I ASH     : @ 969953.787: tcs3701: stop power rail pending_off timer
         1704799082.985  1086  1254 D ASH     : @ 969953.787: tcs3701: start power rail timer, state:3
         1704799083.025  1086  1254 I ASH     : @ 969953.827: tcs3701: stop power rail pending_off timer
         1704799083.025  1086  1254 D ASH     : @ 969953.827: tcs3701: start power rail timer, state:3
         1704799083.065  1086  1254 I ASH     : @ 969953.867: tcs3701: stop power rail pending_off timer
         1704799083.065  1086  1254 D ASH     : @ 969953.867: tcs3701: start power rail timer, state:3
         1704799083.105  1086  1254 I ASH     : @ 969953.907: tcs3701: stop power rail pending_off timer
         1704799083.105  1086  1254 D ASH     : @ 969953.907: tcs3701: start power rail timer, state:3
         1704799083.145  1086  1254 I ASH     : @ 969953.947: tcs3701: stop power rail pending_off timer
         1704799083.145  1086  1254 D ASH     : @ 969953.947: tcs3701: start power rail timer, state:3
         1704799083.185  1086  1254 I ASH     : @ 969953.987: tcs3701: stop power rail pending_off timer
         1704799083.185  1086  1254 D ASH     : @ 969953.987: tcs3701: start power rail timer, state:3
         1704799083.225  1086  1254 I ASH     : @ 969954.027: tcs3701: stop power rail pending_off timer
         1704799083.225  1086  1254 D ASH     : @ 969954.027: tcs3701: start power rail timer, state:3
         1704799083.265  1086  1254 I ASH     : @ 969954.067: tcs3701: stop power rail pending_off timer
         1704799083.265  1086  1254 D ASH     : @ 969954.067: tcs3701: start power rail timer, state:3
         1704799083.269 30795 30795 I dashscene-cpu: 30498 (.dashscene.demo) S 1041 1041 0 0 -1 1077936448 10435 0 21 0 271 155 0 0 10 -10 18 0 96990421 15645933568 38380 18446744073709551615 1 1 0 0 0 0 4612 1 1073775864 0 0 0 17 0 0 0 0 0 0 0 0 0 0 0 0 0 0
         1704799083.305  1086  1254 I ASH     : @ 969954.107: tcs3701: stop power rail pending_off timer
         1704799083.305  1086  1254 D ASH     : @ 969954.107: tcs3701: start power rail timer, state:3
         1704799083.347  1086  1254 I ASH     : @ 969954.147: tcs3701: stop power rail pending_off timer
         1704799083.347  1086  1254 D ASH     : @ 969954.147: tcs3701: start power rail timer, state:3
         1704799083.386  1086  1254 I ASH     : @ 969954.187: tcs3701: stop power rail pending_off timer
         1704799083.387  1086  1254 D ASH     : @ 969954.187: tcs3701: start power rail timer, state:3
         1704799083.427  1086  1254 I ASH     : @ 969954.227: tcs3701: stop power rail pending_off timer
         1704799083.427  1086  1254 D ASH     : @ 969954.227: tcs3701: start power rail timer, state:3
         1704799083.465  1086  1254 I ASH     : @ 969954.267: tcs3701: stop power rail pending_off timer
         1704799083.466  1086  1254 D ASH     : @ 969954.267: tcs3701: start power rail timer, state:3
         1704799083.507  1086  1254 I ASH     : @ 969954.307: tcs3701: stop power rail pending_off timer
         1704799083.507  1086  1254 D ASH     : @ 969954.307: tcs3701: start power rail timer, state:3
         1704799083.547  1086  1254 I ASH     : @ 969954.347: tcs3701: stop power rail pending_off timer
         1704799083.547  1086  1254 D ASH     : @ 969954.347: tcs3701: start power rail timer, state:3
         1704799083.587  1086  1254 I ASH     : @ 969954.387: tcs3701: stop power rail pending_off timer
         1704799083.587  1086  1254 D ASH     : @ 969954.387: tcs3701: start power rail timer, state:3
         1704799083.627  1086  1254 I ASH     : @ 969954.427: tcs3701: stop power rail pending_off timer
         1704799083.627  1086  1254 D ASH     : @ 969954.427: tcs3701: start power rail timer, state:3
         1704799083.665  1086  1254 I ASH     : @ 969954.467: tcs3701: stop power rail pending_off timer
         1704799083.665  1086  1254 D ASH     : @ 969954.467: tcs3701: start power rail timer, state:3
         1704799083.707  1086  1254 I ASH     : @ 969954.507: tcs3701: stop power rail pending_off timer
         1704799083.707  1086  1254 D ASH     : @ 969954.507: tcs3701: start power rail timer, state:3
         1704799083.747  1086  1254 I ASH     : @ 969954.547: tcs3701: stop power rail pending_off timer
         1704799083.747  1086  1254 D ASH     : @ 969954.547: tcs3701: start power rail timer, state:3
         1704799083.785  1086  1254 I ASH     : @ 969954.587: tcs3701: stop power rail pending_off timer
         1704799083.785  1086  1254 D ASH     : @ 969954.587: tcs3701: start power rail timer, state:3
         1704799083.803 30798 30798 I dashscene-cpu: 30498 (.dashscene.demo) S 1041 1041 0 0 -1 1077936448 10435 0 21 0 271 156 0 0 10 -10 18 0 96990421 15645933568 38380 18446744073709551615 1 1 0 0 0 0 4612 1 1073775864 0 0 0 17 0 0 0 0 0 0 0 0 0 0 0 0 0 0
         1704799083.825  1086  1254 I ASH     : @ 969954.627: tcs3701: stop power rail pending_off timer
         1704799083.825  1086  1254 D ASH     : @ 969954.627: tcs3701: start power rail timer, state:3
         1704799083.865  1086  1254 I ASH     : @ 969954.667: tcs3701: stop power rail pending_off timer
         1704799083.865  1086  1254 D ASH     : @ 969954.667: tcs3701: start power rail timer, state:3
         1704799083.907  1086  1254 I ASH     : @ 969954.707: tcs3701: stop power rail pending_off timer
         1704799083.907  1086  1254 D ASH     : @ 969954.707: tcs3701: start power rail timer, state:3
         1704799083.947  1086  1254 I ASH     : @ 969954.747: tcs3701: stop power rail pending_off timer
         1704799083.947  1086  1254 D ASH     : @ 969954.747: tcs3701: start power rail timer, state:3
         1704799083.986  1086  1254 I ASH     : @ 969954.787: tcs3701: stop power rail pending_off timer
         1704799083.987  1086  1254 D ASH     : @ 969954.787: tcs3701: start power rail timer, state:3
         1704799084.027  1086  1254 I ASH     : @ 969954.827: tcs3701: stop power rail pending_off timer
         1704799084.027  1086  1254 D ASH     : @ 969954.827: tcs3701: start power rail timer, state:3
         1704799084.066  1086  1254 I ASH     : @ 969954.867: tcs3701: stop power rail pending_off timer
         1704799084.066  1086  1254 D ASH     : @ 969954.867: tcs3701: start power rail timer, state:3
         1704799084.106  1086  1254 I ASH     : @ 969954.907: tcs3701: stop power rail pending_off timer
         1704799084.107  1086  1254 D ASH     : @ 969954.907: tcs3701: start power rail timer, state:3
         1704799084.145  1086  1254 I ASH     : @ 969954.947: tcs3701: stop power rail pending_off timer
         1704799084.145  1086  1254 D ASH     : @ 969954.947: tcs3701: start power rail timer, state:3
         1704799084.185  1086  1254 I ASH     : @ 969954.987: tcs3701: stop power rail pending_off timer
         1704799084.185  1086  1254 D ASH     : @ 969954.987: tcs3701: start power rail timer, state:3
         1704799084.225  1086  1254 I ASH     : @ 969955.027: tcs3701: stop power rail pending_off timer
         1704799084.225  1086  1254 D ASH     : @ 969955.027: tcs3701: start power rail timer, state:3
         1704799084.265  1086  1254 I ASH     : @ 969955.067: tcs3701: stop power rail pending_off timer
         1704799084.265  1086  1254 D ASH     : @ 969955.067: tcs3701: start power rail timer, state:3
         1704799084.307  1086  1254 I ASH     : @ 969955.107: tcs3701: stop power rail pending_off timer
         1704799084.307  1086  1254 D ASH     : @ 969955.107: tcs3701: start power rail timer, state:3
         1704799084.333 30801 30801 I dashscene-cpu: 30498 (.dashscene.demo) S 1041 1041 0 0 -1 1077936448 10438 0 21 0 273 157 0 0 10 -10 18 0 96990421 15645933568 38380 18446744073709551615 1 1 0 0 0 0 4612 1 1073775864 0 0 0 17 0 0 0 0 0 0 0 0 0 0 0 0 0 0
         1704799084.345  1086  1254 I ASH     : @ 969955.147: tcs3701: stop power rail pending_off timer
         1704799084.345  1086  1254 D ASH     : @ 969955.147: tcs3701: start power rail timer, state:3
         1704799084.385  1086  1254 I ASH     : @ 969955.187: tcs3701: stop power rail pending_off timer
         1704799084.385  1086  1254 D ASH     : @ 969955.187: tcs3701: start power rail timer, state:3
         1704799084.426  1086  1254 I ASH     : @ 969955.227: tcs3701: stop power rail pending_off timer
         1704799084.426  1086  1254 D ASH     : @ 969955.227: tcs3701: start power rail timer, state:3
         1704799084.465  1086  1254 I ASH     : @ 969955.267: tcs3701: stop power rail pending_off timer
         1704799084.465  1086  1254 D ASH     : @ 969955.267: tcs3701: start power rail timer, state:3
         1704799084.507  1086  1254 I ASH     : @ 969955.307: tcs3701: stop power rail pending_off timer
         1704799084.507  1086  1254 D ASH     : @ 969955.307: tcs3701: start power rail timer, state:3
         1704799084.545  1086  1254 I ASH     : @ 969955.347: tcs3701: stop power rail pending_off timer
         1704799084.545  1086  1254 D ASH     : @ 969955.347: tcs3701: start power rail timer, state:3
         1704799084.586  1086  1254 I ASH     : @ 969955.387: tcs3701: stop power rail pending_off timer
         1704799084.587  1086  1254 D ASH     : @ 969955.387: tcs3701: start power rail timer, state:3
         1704799084.627  1086  1254 I ASH     : @ 969955.427: tcs3701: stop power rail pending_off timer
         1704799084.627  1086  1254 D ASH     : @ 969955.427: tcs3701: start power rail timer, state:3
         1704799084.666  1086  1254 I ASH     : @ 969955.467: tcs3701: stop power rail pending_off timer
         1704799084.666  1086  1254 D ASH     : @ 969955.467: tcs3701: start power rail timer, state:3
         1704799084.707  1086  1254 I ASH     : @ 969955.507: tcs3701: stop power rail pending_off timer
         1704799084.707  1086  1254 D ASH     : @ 969955.507: tcs3701: start power rail timer, state:3
         1704799084.746  1086  1254 I ASH     : @ 969955.547: tcs3701: stop power rail pending_off timer
         1704799084.747  1086  1254 D ASH     : @ 969955.547: tcs3701: start power rail timer, state:3
         1704799084.785  1086  1254 I ASH     : @ 969955.587: tcs3701: stop power rail pending_off timer
         1704799084.786  1086  1254 D ASH     : @ 969955.587: tcs3701: start power rail timer, state:3
         1704799084.827  1086  1254 I ASH     : @ 969955.627: tcs3701: stop power rail pending_off timer
         1704799084.827  1086  1254 D ASH     : @ 969955.627: tcs3701: start power rail timer, state:3
         1704799084.849 30498 30520 I dashscene: 2880 frames over 2880 vsyncs
         1704799084.862 30804 30804 I dashscene-cpu: 30498 (.dashscene.demo) S 1041 1041 0 0 -1 1077936448 10438 0 21 0 274 158 0 0 10 -10 18 0 96990421 15645933568 38380 18446744073709551615 1 1 0 0 0 0 4612 1 1073775864 0 0 0 17 0 0 0 0 0 0 0 0 0 0 0 0 0 0
         1704799084.865  1086  1254 I ASH     : @ 969955.667: tcs3701: stop power rail pending_off timer
         1704799084.865  1086  1254 D ASH     : @ 969955.667: tcs3701: start power rail timer, state:3
         1704799084.905  1086  1254 I ASH     : @ 969955.707: tcs3701: stop power rail pending_off timer
         1704799084.906  1086  1254 D ASH     : @ 969955.707: tcs3701: start power rail timer, state:3
         1704799084.945  1086  1254 I ASH     : @ 969955.747: tcs3701: stop power rail pending_off timer
         1704799084.946  1086  1254 D ASH     : @ 969955.747: tcs3701: start power rail timer, state:3
         1704799084.985  1086  1254 I ASH     : @ 969955.787: tcs3701: stop power rail pending_off timer
         1704799084.985  1086  1254 D ASH     : @ 969955.787: tcs3701: start power rail timer, state:3
         1704799085.027  1086  1254 I ASH     : @ 969955.827: tcs3701: stop power rail pending_off timer
         1704799085.027  1086  1254 D ASH     : @ 969955.827: tcs3701: start power rail timer, state:3
         1704799085.066  1086  1254 I ASH     : @ 969955.867: tcs3701: stop power rail pending_off timer
         1704799085.067  1086  1254 D ASH     : @ 969955.867: tcs3701: start power rail timer, state:3
         1704799085.107  1086  1254 I ASH     : @ 969955.907: tcs3701: stop power rail pending_off timer
         1704799085.107  1086  1254 D ASH     : @ 969955.907: tcs3701: start power rail timer, state:3
         1704799085.147  1086  1254 I ASH     : @ 969955.947: tcs3701: stop power rail pending_off timer
         1704799085.147  1086  1254 D ASH     : @ 969955.947: tcs3701: start power rail timer, state:3
         1704799085.186  1086  1254 I ASH     : @ 969955.987: tcs3701: stop power rail pending_off timer
         1704799085.186  1086  1254 D ASH     : @ 969955.987: tcs3701: start power rail timer, state:3
         1704799085.226  1086  1254 I ASH     : @ 969956.027: tcs3701: stop power rail pending_off timer
         1704799085.227  1086  1254 D ASH     : @ 969956.027: tcs3701: start power rail timer, state:3
         1704799085.266  1086  1254 I ASH     : @ 969956.067: tcs3701: stop power rail pending_off timer
         1704799085.267  1086  1254 D ASH     : @ 969956.067: tcs3701: start power rail timer, state:3
         1704799085.306  1086  1254 I ASH     : @ 969956.107: tcs3701: stop power rail pending_off timer
         1704799085.307  1086  1254 D ASH     : @ 969956.107: tcs3701: start power rail timer, state:3
         1704799085.347  1086  1254 I ASH     : @ 969956.147: tcs3701: stop power rail pending_off timer
         1704799085.347  1086  1254 D ASH     : @ 969956.147: tcs3701: start power rail timer, state:3
         1704799085.385  1086  1254 I ASH     : @ 969956.187: tcs3701: stop power rail pending_off timer
         1704799085.385  1086  1254 D ASH     : @ 969956.187: tcs3701: start power rail timer, state:3
         1704799085.396 30807 30807 I dashscene-cpu: 30498 (.dashscene.demo) S 1041 1041 0 0 -1 1077936448 10438 0 21 0 274 160 0 0 10 -10 18 0 96990421 15645933568 38380 18446744073709551615 1 1 0 0 0 0 4612 1 1073775864 0 0 0 17 0 0 0 0 0 0 0 0 0 0 0 0 0 0
         1704799085.425  1086  1254 I ASH     : @ 969956.227: tcs3701: stop power rail pending_off timer
         1704799085.425  1086  1254 D ASH     : @ 969956.227: tcs3701: start power rail timer, state:3
         1704799085.467  1086  1254 I ASH     : @ 969956.267: tcs3701: stop power rail pending_off timer
         1704799085.467  1086  1254 D ASH     : @ 969956.267: tcs3701: start power rail timer, state:3
         1704799085.507  1086  1254 I ASH     : @ 969956.307: tcs3701: stop power rail pending_off timer
         1704799085.507  1086  1254 D ASH     : @ 969956.307: tcs3701: start power rail timer, state:3
         1704799085.547  1086  1254 I ASH     : @ 969956.347: tcs3701: stop power rail pending_off timer
         1704799085.547  1086  1254 D ASH     : @ 969956.347: tcs3701: start power rail timer, state:3
         1704799085.585  1086  1254 I ASH     : @ 969956.387: tcs3701: stop power rail pending_off timer
         1704799085.585  1086  1254 D ASH     : @ 969956.387: tcs3701: start power rail timer, state:3
         1704799085.627  1086  1254 I ASH     : @ 969956.427: tcs3701: stop power rail pending_off timer
         1704799085.627  1086  1254 D ASH     : @ 969956.427: tcs3701: start power rail timer, state:3
         1704799085.666  1086  1254 I ASH     : @ 969956.467: tcs3701: stop power rail pending_off timer
         1704799085.667  1086  1254 D ASH     : @ 969956.467: tcs3701: start power rail timer, state:3
         1704799085.705  1086  1254 I ASH     : @ 969956.507: tcs3701: stop power rail pending_off timer
         1704799085.706  1086  1254 D ASH     : @ 969956.507: tcs3701: start power rail timer, state:3
         1704799085.747  1086  1254 I ASH     : @ 969956.547: tcs3701: stop power rail pending_off timer
         1704799085.747  1086  1254 D ASH     : @ 969956.547: tcs3701: start power rail timer, state:3
         1704799085.785  1086  1254 I ASH     : @ 969956.587: tcs3701: stop power rail pending_off timer
         1704799085.785  1086  1254 D ASH     : @ 969956.587: tcs3701: start power rail timer, state:3
         1704799085.827  1086  1254 I ASH     : @ 969956.627: tcs3701: stop power rail pending_off timer
         1704799085.827  1086  1254 D ASH     : @ 969956.627: tcs3701: start power rail timer, state:3
         1704799085.867  1086  1254 I ASH     : @ 969956.667: tcs3701: stop power rail pending_off timer
         1704799085.867  1086  1254 D ASH     : @ 969956.667: tcs3701: start power rail timer, state:3
         1704799085.906  1086  1254 I ASH     : @ 969956.707: tcs3701: stop power rail pending_off timer
         1704799085.906  1086  1254 D ASH     : @ 969956.707: tcs3701: start power rail timer, state:3
         1704799085.928 30810 30810 I dashscene-cpu: 30498 (.dashscene.demo) S 1041 1041 0 0 -1 1077936448 10438 0 21 0 275 161 0 0 10 -10 18 0 96990421 15645933568 38380 18446744073709551615 1 1 0 0 0 0 4612 1 1073775864 0 0 0 17 0 0 0 0 0 0 0 0 0 0 0 0 0 0
         1704799085.945  1086  1254 I ASH     : @ 969956.747: tcs3701: stop power rail pending_off timer
         1704799085.945  1086  1254 D ASH     : @ 969956.747: tcs3701: start power rail timer, state:3
         1704799085.985  1086  1254 I ASH     : @ 969956.787: tcs3701: stop power rail pending_off timer
         1704799085.986  1086  1254 D ASH     : @ 969956.787: tcs3701: start power rail timer, state:3
         1704799086.027  1086  1254 I ASH     : @ 969956.827: tcs3701: stop power rail pending_off timer
         1704799086.027  1086  1254 D ASH     : @ 969956.827: tcs3701: start power rail timer, state:3
         1704799086.067  1086  1254 I ASH     : @ 969956.867: tcs3701: stop power rail pending_off timer
         1704799086.067  1086  1254 D ASH     : @ 969956.867: tcs3701: start power rail timer, state:3
         1704799086.107  1086  1254 I ASH     : @ 969956.907: tcs3701: stop power rail pending_off timer
         1704799086.107  1086  1254 D ASH     : @ 969956.907: tcs3701: start power rail timer, state:3
         1704799086.147  1086  1254 I ASH     : @ 969956.947: tcs3701: stop power rail pending_off timer
         1704799086.147  1086  1254 D ASH     : @ 969956.947: tcs3701: start power rail timer, state:3
         1704799086.186  1086  1254 I ASH     : @ 969956.987: tcs3701: stop power rail pending_off timer
         1704799086.186  1086  1254 D ASH     : @ 969956.987: tcs3701: start power rail timer, state:3
         1704799086.227  1086  1254 I ASH     : @ 969957.027: tcs3701: stop power rail pending_off timer
         1704799086.227  1086  1254 D ASH     : @ 969957.027: tcs3701: start power rail timer, state:3
         1704799086.267  1086  1254 I ASH     : @ 969957.067: tcs3701: stop power rail pending_off timer
         1704799086.267  1086  1254 D ASH     : @ 969957.067: tcs3701: start power rail timer, state:3
         1704799086.307  1086  1254 I ASH     : @ 969957.107: tcs3701: stop power rail pending_off timer
         1704799086.307  1086  1254 D ASH     : @ 969957.107: tcs3701: start power rail timer, state:3
         1704799086.347  1086  1254 I ASH     : @ 969957.147: tcs3701: stop power rail pending_off timer
         1704799086.347  1086  1254 D ASH     : @ 969957.147: tcs3701: start power rail timer, state:3
         1704799086.386  1086  1254 I ASH     : @ 969957.187: tcs3701: stop power rail pending_off timer
         1704799086.386  1086  1254 D ASH     : @ 969957.187: tcs3701: start power rail timer, state:3
         1704799086.427  1086  1254 I ASH     : @ 969957.227: tcs3701: stop power rail pending_off timer
         1704799086.427  1086  1254 D ASH     : @ 969957.227: tcs3701: start power rail timer, state:3
         1704799086.460 30813 30813 I dashscene-cpu: 30498 (.dashscene.demo) S 1041 1041 0 0 -1 1077936448 10438 0 21 0 276 161 0 0 10 -10 18 0 96990421 15645933568 38380 18446744073709551615 1 1 0 0 0 0 4612 1 1073775864 0 0 0 17 0 0 0 0 0 0 0 0 0 0 0 0 0 0
         1704799086.465  1086  1254 I ASH     : @ 969957.267: tcs3701: stop power rail pending_off timer
         1704799086.465  1086  1254 D ASH     : @ 969957.267: tcs3701: start power rail timer, state:3
         1704799086.505  1086  1254 I ASH     : @ 969957.307: tcs3701: stop power rail pending_off timer
         1704799086.506  1086  1254 D ASH     : @ 969957.307: tcs3701: start power rail timer, state:3
         1704799086.547  1086  1254 I ASH     : @ 969957.347: tcs3701: stop power rail pending_off timer
         1704799086.547  1086  1254 D ASH     : @ 969957.347: tcs3701: start power rail timer, state:3
