--------- beginning of main
01-09 11:31:21.265  1086  1254 I ASH     : @ 967152.067: tcs3701: stop power rail pending_off timer
01-09 11:31:21.265  1086  1254 D ASH     : @ 967152.067: tcs3701: start power rail timer, state:3
--------- beginning of system
01-09 11:31:21.271  1785  3042 D CompatibilityChangeReporter: Compat change id reported: 161252188; UID 10273; state: DISABLED
01-09 11:31:21.271  1785  3042 W ActivityTaskManager: callingPackage for (uid=2000, pid=26138) has no WPC
01-09 11:31:21.271  1785  3042 D CompatibilityChangeReporter: Compat change id reported: 265464455; UID 10273; state: DISABLED
01-09 11:31:21.272  1785  3042 D CompatibilityChangeReporter: Compat change id reported: 265452344; UID 10273; state: DISABLED
01-09 11:31:21.272  1785  3042 D CompatibilityChangeReporter: Compat change id reported: 266124927; UID 10273; state: DISABLED
01-09 11:31:21.272  1785  3042 D CompatibilityChangeReporter: Compat change id reported: 265451093; UID 10273; state: DISABLED
01-09 11:31:21.272  1785  3042 D CompatibilityChangeReporter: Compat change id reported: 265456536; UID 10273; state: DISABLED
01-09 11:31:21.272  1785  3042 D CompatibilityChangeReporter: Compat change id reported: 255940284; UID 10273; state: DISABLED
01-09 11:31:21.272  1785  3042 D CompatibilityChangeReporter: Compat change id reported: 236283604; UID 10273; state: DISABLED
01-09 11:31:21.272  1785  3042 D CompatibilityChangeReporter: Compat change id reported: 263959004; UID 10273; state: DISABLED
01-09 11:31:21.272  1785  3042 D CompatibilityChangeReporter: Compat change id reported: 264304459; UID 10273; state: DISABLED
01-09 11:31:21.272  1785  3042 D CompatibilityChangeReporter: Compat change id reported: 264301586; UID 10273; state: DISABLED
01-09 11:31:21.272  1785  3042 D CompatibilityChangeReporter: Compat change id reported: 254631730; UID 10273; state: DISABLED
01-09 11:31:21.272  1785  3042 D CompatibilityChangeReporter: Compat change id reported: 273509367; UID 10273; state: DISABLED
01-09 11:31:21.272  1785  3042 D CompatibilityChangeReporter: Compat change id reported: 263259275; UID 10273; state: DISABLED
01-09 11:31:21.272  1785  3042 D CompatibilityChangeReporter: Compat change id reported: 174042980; UID 10273; state: DISABLED
01-09 11:31:21.273  1785  3042 D CompatibilityChangeReporter: Compat change id reported: 174042936; UID 10273; state: DISABLED
01-09 11:31:21.273  1785  3042 D CompatibilityChangeReporter: Compat change id reported: 181136395; UID 10273; state: DISABLED
01-09 11:31:21.273  1785  3042 D CompatibilityChangeReporter: Compat change id reported: 194480991; UID 10273; state: ENABLED
01-09 11:31:21.274  1785  3042 D CompatibilityChangeReporter: Compat change id reported: 197654537; UID 10273; state: ENABLED
01-09 11:31:21.275  1785  3042 D CompatibilityChangeReporter: Compat change id reported: 184838306; UID 10273; state: DISABLED
01-09 11:31:21.275  1785  3042 D CompatibilityChangeReporter: Compat change id reported: 185004937; UID 10273; state: DISABLED
01-09 11:31:21.277  1785  3042 D CompatibilityChangeReporter: Compat change id reported: 205907456; UID 10273; state: ENABLED
01-09 11:31:21.277  1785  3042 I ActivityTaskManager: Add Task{a9f06f5 #83 type=standard A=10273:com.driftsys.dashscene.showcase} to hidden list because adding Task{e98d06b #84 type=standard A=10273:com.driftsys.dashscene.showcase}
01-09 11:31:21.278  1785  3042 I ActivityTaskManager: START u0 {flg=0x10000000 cmp=com.driftsys.dashscene.showcase/com.unity3d.player.UnityPlayerActivity} with LAUNCH_SINGLE_TASK from uid 2000 (BAL_ALLOW_PERMISSION) result code=0
01-09 11:31:21.278  2565  2589 V WindowManagerShell: Transition requested: android.os.BinderProxy@ed2516c TransitionRequestInfo { type = OPEN, triggerTask = TaskInfo{userId=0 taskId=84 displayId=0 isRunning=true baseIntent=Intent { flg=0x10000000 cmp=com.driftsys.dashscene.showcase/com.unity3d.player.UnityPlayerActivity } baseActivity=ComponentInfo{com.driftsys.dashscene.showcase/com.unity3d.player.UnityPlayerActivity} topActivity=ComponentInfo{com.driftsys.dashscene.showcase/com.unity3d.player.UnityPlayerActivity} origActivity=null realActivity=ComponentInfo{com.driftsys.dashscene.showcase/com.unity3d.player.UnityPlayerActivity} numActivities=1 lastActiveTime=967149224 supportsMultiWindow=true resizeMode=2 isResizeable=true minWidth=400 minHeight=300 defaultMinSize=220 token=WCT{android.window.IWindowContainerToken$Stub$Proxy@9e3c335} topActivityType=1 pictureInPictureParams=null shouldDockBigOverlays=false launchIntoPipHostTaskId=-1 lastParentTaskIdBeforePip=-1 displayCutoutSafeInsets=Rect(0, 63 - 0, 0) topActivityInfo=ActivityInfo{b7273ca com.unity3d.player.UnityPlayerActivity} launchCookies=[] positionInParent=Point(0, 0) parentTaskId=-1 isFocused=false isVisible=false isVisibleRequested=false isSleeping=false topActivityInSizeCompat=false topActivityEligibleForLetterboxEducation= false topActivityLetterboxed= false isFromDoubleTap= false topActivityLetterboxVerticalPosition= -1 topActivityLetterboxHorizontalPosition= -1 topActivityLetterboxWidth=-1 topActivityLetterboxHeight=-1 locusId=null displayAreaFeatureId=1 cameraCompatControlState=hidden}, remoteTransition = null, displayChange = null }
01-09 11:31:21.280  2565  2602 W Parcel  : Expecting binder but got null!
01-09 11:31:21.285  1785  2098 D CompatibilityChangeReporter: Compat change id reported: 135634846; UID 10273; state: DISABLED
01-09 11:31:21.285  1785  2098 D CompatibilityChangeReporter: Compat change id reported: 177438394; UID 10273; state: DISABLED
01-09 11:31:21.285  1785  2098 D CompatibilityChangeReporter: Compat change id reported: 135772972; UID 10273; state: DISABLED
01-09 11:31:21.285  1785  2098 D CompatibilityChangeReporter: Compat change id reported: 135754954; UID 10273; state: ENABLED
01-09 11:31:21.287  1785  3042 D CompatibilityChangeReporter: Compat change id reported: 168419799; UID 10273; state: DISABLED
01-09 11:31:21.287  1785  2125 D CompatibilityChangeReporter: Compat change id reported: 143937733; UID 10273; state: ENABLED
01-09 11:31:21.288  1785  3042 D CompatibilityChangeReporter: Compat change id reported: 273564678; UID 10273; state: DISABLED
01-09 11:31:21.291  2565  2589 D WindowManagerShell: onFixedRotationStarted: null, state=PipTransitionState(mState=undefined, mInSwipePipToHomeTransition=false)
01-09 11:31:21.292  1041  1041 D Zygote  : Forked child process 26141
01-09 11:31:21.292  1785  2125 I ActivityManager: Start proc 26141:com.driftsys.dashscene.showcase/u0a273 for next-top-activity {com.driftsys.dashscene.showcase/com.unity3d.player.UnityPlayerActivity}
01-09 11:31:21.296  1785  2380 D CompatibilityChangeReporter: Compat change id reported: 265195908; UID 10273; state: ENABLED
01-09 11:31:21.298 26141 26141 I hscene.showcase: Using CollectorTypeCC GC.
01-09 11:31:21.300 26141 26141 E hscene.showcase: Not starting debugger since process cannot load the jdwp agent.
01-09 11:31:21.303   665  3309 I BpBinder: onLastStrongRef automatically unlinking death recipients: 
01-09 11:31:21.304  2565  2599 E OpenGLRenderer: Unable to match the desired swap behavior.
01-09 11:31:21.304  1086  1254 I ASH     : @ 967152.107: tcs3701: stop power rail pending_off timer
01-09 11:31:21.304  1086  1254 D ASH     : @ 967152.107: tcs3701: start power rail timer, state:3
01-09 11:31:21.307 26141 26141 D CompatibilityChangeReporter: Compat change id reported: 171979766; UID 10273; state: ENABLED
01-09 11:31:21.307 26141 26141 D CompatibilityChangeReporter: Compat change id reported: 242716250; UID 10273; state: ENABLED
01-09 11:31:21.309  1785  6973 D CompatibilityChangeReporter: Compat change id reported: 170503758; UID 10273; state: ENABLED
01-09 11:31:21.309  1785  2100 W WindowManager: Failed to deliver inset control state change to w=Window{5ce9263 u0 com.driftsys.dashscene.showcase/com.unity3d.player.UnityPlayerActivity EXITING}
01-09 11:31:21.309  1785  2100 W WindowManager: android.os.DeadObjectException
01-09 11:31:21.309  1785  2100 W WindowManager: 	at android.os.BinderProxy.transactNative(Native Method)
01-09 11:31:21.309  1785  2100 W WindowManager: 	at android.os.BinderProxy.transact(BinderProxy.java:584)
01-09 11:31:21.309  1785  2100 W WindowManager: 	at android.view.IWindow$Stub$Proxy.insetsControlChanged(IWindow.java:479)
01-09 11:31:21.309  1785  2100 W WindowManager: 	at com.android.server.wm.WindowState.notifyInsetsControlChanged(WindowState.java:3802)
01-09 11:31:21.309  1785  2100 W WindowManager: 	at com.android.server.wm.InsetsStateController.lambda$notifyPendingInsetsControlChanged$3(InsetsStateController.java:343)
01-09 11:31:21.309  1785  2100 W WindowManager: 	at com.android.server.wm.InsetsStateController.$r8$lambda$8yykPRG1GyNq_J17QvL9d5xANMc(InsetsStateController.java:0)
01-09 11:31:21.309  1785  2100 W WindowManager: 	at com.android.server.wm.InsetsStateController$$ExternalSyntheticLambda2.run(R8$$SyntheticClass:0)
01-09 11:31:21.309  1785  2100 W WindowManager: 	at com.android.server.wm.WindowAnimator.executeAfterPrepareSurfacesRunnables(WindowAnimator.java:294)
01-09 11:31:21.309  1785  2100 W WindowManager: 	at com.android.server.wm.RootWindowContainer.performSurfacePlacementNoTrace(RootWindowContainer.java:811)
01-09 11:31:21.309  1785  2100 W WindowManager: 	at com.android.server.wm.RootWindowContainer.performSurfacePlacement(RootWindowContainer.java:756)
01-09 11:31:21.309  1785  2100 W WindowManager: 	at com.android.server.wm.WindowSurfacePlacer.performSurfacePlacementLoop(WindowSurfacePlacer.java:177)
01-09 11:31:21.309  1785  2100 W WindowManager: 	at com.android.server.wm.WindowSurfacePlacer.performSurfacePlacement(WindowSurfacePlacer.java:126)
01-09 11:31:21.309  1785  2100 W WindowManager: 	at com.android.server.wm.WindowSurfacePlacer.performSurfacePlacement(WindowSurfacePlacer.java:115)
01-09 11:31:21.309  1785  2100 W WindowManager: 	at com.android.server.wm.WindowSurfacePlacer$Traverser.run(WindowSurfacePlacer.java:57)
01-09 11:31:21.309  1785  2100 W WindowManager: 	at android.os.Handler.handleCallback(Handler.java:958)
01-09 11:31:21.309  1785  2100 W WindowManager: 	at android.os.Handler.dispatchMessage(Handler.java:99)
01-09 11:31:21.309  1785  2100 W WindowManager: 	at android.os.Looper.loopOnce(Looper.java:205)
01-09 11:31:21.309  1785  2100 W WindowManager: 	at android.os.Looper.loop(Looper.java:294)
01-09 11:31:21.309  1785  2100 W WindowManager: 	at android.os.HandlerThread.run(HandlerThread.java:67)
01-09 11:31:21.309  1785  2100 W WindowManager: 	at com.android.server.ServiceThread.run(ServiceThread.java:46)
01-09 11:31:21.309  1785  2096 V GameManagerService: Game power mode ON (process state was changed to foreground)
01-09 11:31:21.311 26141 26141 D nativeloader: Configuring clns-4 for other apk /data/app/~~oEU8viRz7TkF5ixV7iY-uA==/com.driftsys.dashscene.showcase-pX_QHPMS2-fHUMbXXhEXwA==/base.apk. target_sdk_version=36, uses_libraries=, library_path=/data/app/~~oEU8viRz7TkF5ixV7iY-uA==/com.driftsys.dashscene.showcase-pX_QHPMS2-fHUMbXXhEXwA==/lib/arm64:/data/app/~~oEU8viRz7TkF5ixV7iY-uA==/com.driftsys.dashscene.showcase-pX_QHPMS2-fHUMbXXhEXwA==/base.apk!/lib/arm64-v8a, permitted_path=/data:/mnt/expand:/data/user/0/com.driftsys.dashscene.showcase
01-09 11:31:21.316 26141 26141 V GraphicsEnvironment: Currently set values for:
01-09 11:31:21.317 26141 26141 V GraphicsEnvironment:   angle_gl_driver_selection_pkgs=[]
01-09 11:31:21.317 26141 26141 V GraphicsEnvironment:   angle_gl_driver_selection_values=[]
01-09 11:31:21.317 26141 26141 V GraphicsEnvironment: ANGLE GameManagerService for com.driftsys.dashscene.showcase: false
01-09 11:31:21.317 26141 26141 V GraphicsEnvironment: com.driftsys.dashscene.showcase is not listed in per-application setting
01-09 11:31:21.317 26141 26141 V GraphicsEnvironment: Updatable production driver is not supported on the device.
01-09 11:31:21.319  1785  6973 I ActivityManager: Flag disabled. Ignoring finishAttachApplication from uid: 10273. pid: 26141
01-09 11:31:21.319  1785  2095 V WindowManager: Sent Transition #134 createdAt=01-09 11:31:21.273 via request=TransitionRequestInfo { type = OPEN, triggerTask = TaskInfo{userId=0 taskId=84 displayId=0 isRunning=true baseIntent=Intent { flg=0x10000000 cmp=com.driftsys.dashscene.showcase/com.unity3d.player.UnityPlayerActivity } baseActivity=ComponentInfo{com.driftsys.dashscene.showcase/com.unity3d.player.UnityPlayerActivity} topActivity=ComponentInfo{com.driftsys.dashscene.showcase/com.unity3d.player.UnityPlayerActivity} origActivity=null realActivity=ComponentInfo{com.driftsys.dashscene.showcase/com.unity3d.player.UnityPlayerActivity} numActivities=1 lastActiveTime=967149224 supportsMultiWindow=true resizeMode=2 isResizeable=true minWidth=400 minHeight=300 defaultMinSize=220 token=WCT{RemoteToken{37fbc0d Task{e98d06b #84 type=standard A=10273:com.driftsys.dashscene.showcase}}} topActivityType=1 pictureInPictureParams=null shouldDockBigOverlays=false launchIntoPipHostTaskId=-1 lastParentTaskIdBeforePip=-1 displayCutoutSafeInsets=Rect(0, 63 - 0, 0) topActivityInfo=ActivityInfo{7bd37c2 com.unity3d.player.UnityPlayerActivity} launchCookies=[] positionInParent=Point(0, 0) parentTaskId=-1 isFocused=false isVisible=false isVisibleRequested=false isSleeping=false topActivityInSizeCompat=false topActivityEligibleForLetterboxEducation= false topActivityLetterboxed= false isFromDoubleTap= false topActivityLetterboxVerticalPosition= -1 topActivityLetterboxHorizontalPosition= -1 topActivityLetterboxWidth=-1 topActivityLetterboxHeight=-1 locusId=null displayAreaFeatureId=1 cameraCompatControlState=hidden}, remoteTransition = null, displayChange = null }
01-09 11:31:21.319  1785  2095 V WindowManager:     startWCT=WindowContainerTransaction { changes = {} hops = [] errorCallbackToken=null taskFragmentOrganizer=null }
01-09 11:31:21.320  1785  2095 V WindowManager:     info={id=134 t=OPEN f=0x0 trk=0 r=[0@Point(0, 0)] c=[{WCT{RemoteToken{37fbc0d Task{e98d06b #84 type=standard A=10273:com.driftsys.dashscene.showcase}}} m=OPEN f=NONE leash=Surface(name=Task=84)/@0xd679137 sb=Rect(0, 0 - 2340, 1080) eb=Rect(0, 0 - 2340, 1080) d=0 endFixedRotation=1},{WCT{RemoteToken{b323a89 Task{bfe9da4 #1 type=home}}} m=TO_BACK f=SHOW_WALLPAPER leash=Surface(name=Task=1)/@0xbe01ecc sb=Rect(0, 0 - 2340, 1080) eb=Rect(0, 0 - 2340, 1080) d=0}]}
01-09 11:31:21.320  2565  2589 V WindowManagerShell: onTransitionReady android.os.BinderProxy@ed2516c: {id=134 t=OPEN f=0x0 trk=0 r=[0@Point(0, 0)] c=[{WCT{android.window.IWindowContainerToken$Stub$Proxy@e6e11e9} m=OPEN f=NONE leash=Surface(name=Task=84)/@0x51db222 sb=Rect(0, 0 - 2340, 1080) eb=Rect(0, 0 - 2340, 1080) d=0 endFixedRotation=1},{WCT{android.window.IWindowContainerToken$Stub$Proxy@188ce6e} m=TO_BACK f=SHOW_WALLPAPER leash=Surface(name=Task=1)/@0x23764b3 sb=Rect(0, 0 - 2340, 1080) eb=Rect(0, 0 - 2340, 1080) d=0}]}
01-09 11:31:21.320  2565  2589 V WindowManagerShell: Transition (#134)android.os.BinderProxy@ed2516c@0 ready while (#133)android.os.BinderProxy@860d72f@0 is still animating. Notify the animating transition in case they can be merged
01-09 11:31:21.321  2565  2589 V WindowManagerShell: Transition animation finished (aborted=false), notifying core (#133)android.os.BinderProxy@860d72f@0
01-09 11:31:21.322  1785  2095 V WindowManager: Finish Transition #133: created at 01-09 11:31:21.121 collect-started=0.082ms request-sent=0.243ms started=6.705ms ready=6.663ms sent=48.941ms finished=200.2ms
01-09 11:31:21.322  1785  6973 W WindowManager: Exception thrown during dispatchAppVisibility Window{5ce9263 u0 com.driftsys.dashscene.showcase/com.unity3d.player.UnityPlayerActivity EXITING}
01-09 11:31:21.322  1785  6973 W WindowManager: android.os.DeadObjectException
01-09 11:31:21.322  1785  6973 W WindowManager: 	at android.os.BinderProxy.transactNative(Native Method)
01-09 11:31:21.322  1785  6973 W WindowManager: 	at android.os.BinderProxy.transact(BinderProxy.java:584)
01-09 11:31:21.322  1785  6973 W WindowManager: 	at android.view.IWindow$Stub$Proxy.dispatchAppVisibility(IWindow.java:546)
01-09 11:31:21.322  1785  6973 W WindowManager: 	at com.android.server.wm.WindowState.sendAppVisibilityToClients(WindowState.java:3271)
01-09 11:31:21.322  1785  6973 W WindowManager: 	at com.android.server.wm.WindowContainer.sendAppVisibilityToClients(WindowContainer.java:1221)
01-09 11:31:21.322  1785  6973 W WindowManager: 	at com.android.server.wm.WindowToken.setClientVisible(WindowToken.java:409)
01-09 11:31:21.322  1785  6973 W WindowManager: 	at com.android.server.wm.ActivityRecord.setClientVisible(ActivityRecord.java:6946)
01-09 11:31:21.322  1785  6973 W WindowManager: 	at com.android.server.wm.ActivityRecord.postApplyAnimation(ActivityRecord.java:5637)
01-09 11:31:21.322  1785  6973 W WindowManager: 	at com.android.server.wm.ActivityRecord.commitVisibility(ActivityRecord.java:5580)
01-09 11:31:21.322  1785  6973 W WindowManager: 	at com.android.server.wm.Transition.finishTransition(Transition.java:1151)
01-09 11:31:21.322  1785  6973 W WindowManager: 	at com.android.server.wm.TransitionController.finishTransition(TransitionController.java:875)
01-09 11:31:21.322  1785  6973 W WindowManager: 	at com.android.server.wm.WindowOrganizerController.finishTransition(WindowOrganizerController.java:396)
01-09 11:31:21.322  1785  6973 W WindowManager: 	at android.window.IWindowOrganizerController$Stub.onTransact(IWindowOrganizerController.java:286)
01-09 11:31:21.322  1785  6973 W WindowManager: 	at com.android.server.wm.WindowOrganizerController.onTransact(WindowOrganizerController.java:181)
01-09 11:31:21.322  1785  6973 W WindowManager: 	at android.os.Binder.execTransactInternal(Binder.java:1339)
01-09 11:31:21.322  1785  6973 W WindowManager: 	at android.os.Binder.execTransact(Binder.java:1275)
01-09 11:31:21.322  1785  6973 I Process : Sending signal. PID: 25993 SIG: 9
01-09 11:31:21.329  1785  6973 W WindowManager: Failed to deliver inset control state change to w=Window{5ce9263 u0 com.driftsys.dashscene.showcase/com.unity3d.player.UnityPlayerActivity EXITING}
01-09 11:31:21.329  1785  6973 W WindowManager: android.os.DeadObjectException
01-09 11:31:21.329  1785  6973 W WindowManager: 	at android.os.BinderProxy.transactNative(Native Method)
01-09 11:31:21.329  1785  6973 W WindowManager: 	at android.os.BinderProxy.transact(BinderProxy.java:584)
01-09 11:31:21.329  1785  6973 W WindowManager: 	at android.view.IWindow$Stub$Proxy.insetsControlChanged(IWindow.java:479)
01-09 11:31:21.329  1785  6973 W WindowManager: 	at com.android.server.wm.WindowState.notifyInsetsControlChanged(WindowState.java:3802)
01-09 11:31:21.329  1785  6973 W WindowManager: 	at com.android.server.wm.InsetsStateController.lambda$notifyPendingInsetsControlChanged$3(InsetsStateController.java:343)
01-09 11:31:21.329  1785  6973 W WindowManager: 	at com.android.server.wm.InsetsStateController.$r8$lambda$8yykPRG1GyNq_J17QvL9d5xANMc(InsetsStateController.java:0)
01-09 11:31:21.329  1785  6973 W WindowManager: 	at com.android.server.wm.InsetsStateController$$ExternalSyntheticLambda2.run(R8$$SyntheticClass:0)
01-09 11:31:21.329  1785  6973 W WindowManager: 	at com.android.server.wm.WindowAnimator.executeAfterPrepareSurfacesRunnables(WindowAnimator.java:294)
01-09 11:31:21.329  1785  6973 W WindowManager: 	at com.android.server.wm.RootWindowContainer.performSurfacePlacementNoTrace(RootWindowContainer.java:811)
01-09 11:31:21.329  1785  6973 W WindowManager: 	at com.android.server.wm.RootWindowContainer.performSurfacePlacement(RootWindowContainer.java:756)
01-09 11:31:21.329  1785  6973 W WindowManager: 	at com.android.server.wm.WindowSurfacePlacer.performSurfacePlacementLoop(WindowSurfacePlacer.java:177)
01-09 11:31:21.329  1785  6973 W WindowManager: 	at com.android.server.wm.WindowSurfacePlacer.performSurfacePlacement(WindowSurfacePlacer.java:126)
01-09 11:31:21.329  1785  6973 W WindowManager: 	at com.android.server.wm.WindowSurfacePlacer.performSurfacePlacement(WindowSurfacePlacer.java:115)
01-09 11:31:21.329  1785  6973 W WindowManager: 	at com.android.server.wm.WindowState.setupWindowForRemoveOnExit(WindowState.java:2538)
01-09 11:31:21.329  1785  6973 W WindowManager: 	at com.android.server.wm.WindowState.removeIfPossible(WindowState.java:2498)
01-09 11:31:21.329  1785  6973 W WindowManager: 	at com.android.server.wm.WindowToken.removeAllWindowsIfPossible(WindowToken.java:249)
01-09 11:31:21.329  1785  6973 W WindowManager: 	at com.android.server.wm.ActivityRecord.removeIfPossible(ActivityRecord.java:4259)
01-09 11:31:21.329  1785  6973 W WindowManager: 	at com.android.server.wm.ActivityRecord.handleCompleteDeferredRemoval(ActivityRecord.java:4266)
01-09 11:31:21.329  1785  6973 W WindowManager: 	at com.android.server.wm.WindowContainer.handleCompleteDeferredRemoval(WindowContainer.java:1396)
01-09 11:31:21.329  1785  6973 W WindowManager: 	at com.android.server.wm.TaskFragment.handleCompleteDeferredRemoval(TaskFragment.java:2844)
01-09 11:31:21.329  1785  6973 W WindowManager: 	at com.android.server.wm.WindowContainer.handleCompleteDeferredRemoval(WindowContainer.java:1396)
01-09 11:31:21.329  1785  6973 W WindowManager: 	at com.android.server.wm.WindowContainer.handleCompleteDeferredRemoval(WindowContainer.java:1396)
01-09 11:31:21.329  1785  6973 W WindowManager: 	at com.android.server.wm.WindowContainer.handleCompleteDeferredRemoval(WindowContainer.java:1396)
01-09 11:31:21.329  1785  6973 W WindowManager: 	at com.android.server.wm.WindowContainer.handleCompleteDeferredRemoval(WindowContainer.java:1396)
01-09 11:31:21.329  1785  6973 W WindowManager: 	at com.android.server.wm.WindowContainer.handleCompleteDeferredRemoval(WindowContainer.java:1396)
01-09 11:31:21.329  1785  6973 W WindowManager: 	at com.android.server.wm.WindowContainer.handleCompleteDeferredRemoval(WindowContainer.java:1396)
01-09 11:31:21.329  1785  6973 W WindowManager: 	at com.android.server.wm.DisplayContent.handleCompleteDeferredRemoval(DisplayContent.java:3382)
01-09 11:31:21.329  1785  6973 W WindowManager: 	at com.android.server.wm.Transition.finishTransition(Transition.java:1322)
01-09 11:31:21.329  1785  6973 W WindowManager: 	at com.android.server.wm.TransitionController.finishTransition(TransitionController.java:875)
01-09 11:31:21.329  1785  6973 W WindowManager: 	at com.android.server.wm.WindowOrganizerController.finishTransition(WindowOrganizerController.java:396)
01-09 11:31:21.329  1785  6973 W WindowManager: 	at android.window.IWindowOrganizerController$Stub.onTransact(IWindowOrganizerController.java:286)
01-09 11:31:21.329  1785  6973 W WindowManager: 	at com.android.server.wm.WindowOrganizerController.onTransact(WindowOrganizerController.java:181)
01-09 11:31:21.329  1785  6973 W WindowManager: 	at android.os.Binder.execTransactInternal(Binder.java:1339)
01-09 11:31:21.329  1785  6973 W WindowManager: 	at android.os.Binder.execTransact(Binder.java:1275)
01-09 11:31:21.338  2565  2589 V WindowManagerShell: Playing animation for (#134)android.os.BinderProxy@ed2516c@0
01-09 11:31:21.338  2565  2589 V WindowManagerShell:  try handler com.android.wm.shell.transition.DefaultMixedHandler@83c3803
01-09 11:31:21.338  2565  2589 V WindowManagerShell:  try handler com.android.wm.shell.keyguard.KeyguardTransitionHandler@6f380
01-09 11:31:21.338  2565  2589 V WindowManagerShell:  try handler com.android.wm.shell.activityembedding.ActivityEmbeddingController@626ddb9
01-09 11:31:21.338  2565  2589 V WindowManagerShell:  try handler com.android.wm.shell.recents.RecentsTransitionHandler@c30f5fe
01-09 11:31:21.338  2565  2589 V ShellRecents: RecentsTransitionHandler.startAnimation: no controller found
01-09 11:31:21.338  2565  2589 V WindowManagerShell:  try handler com.android.wm.shell.pip.PipTransition@c40515f
01-09 11:31:21.338  2565  2589 V WindowManagerShell:  try handler com.android.wm.shell.splitscreen.StageCoordinator@ea7c7ac
01-09 11:31:21.338  2565  2589 V WindowManagerShell:  try handler com.android.wm.shell.transition.RemoteTransitionHandler@74e9c75
01-09 11:31:21.338  2565  2589 V WindowManagerShell: Transition doesn't have explicit remote, search filters for match for {id=134 t=OPEN f=0x0 trk=0 r=[0@Point(0, 0)] c=[{WCT{android.window.IWindowContainerToken$Stub$Proxy@e6e11e9} m=OPEN f=NONE leash=Surface(name=Task=84)/@0x51db222 sb=Rect(0, 0 - 2340, 1080) eb=Rect(0, 0 - 2340, 1080) d=0 endFixedRotation=1},{WCT{android.window.IWindowContainerToken$Stub$Proxy@188ce6e} m=TO_BACK f=SHOW_WALLPAPER leash=Surface(name=Task=1)/@0x23764b3 sb=Rect(0, 0 - 2340, 1080) eb=Rect(0, 0 - 2340, 1080) d=0}]}
01-09 11:31:21.338  2565  2589 V WindowManagerShell:  Checking filter Pair{{types=[] flags=0x0] notFlags=0x0 checks=[{atype=dream independent=true modes=[OPEN,TO_FRONT] flags=NONE mustBeTask=false order=ANY topActivity=null},{atype=home independent=true modes=[CLOSE,TO_BACK] flags=NONE mustBeTask=false order=ANY topActivity=null}]} RemoteTransition { remoteTransition = android.window.IRemoteTransition$Stub$Proxy@7a2740a, appThread = android.app.IApplicationThread$Stub$Proxy@942a47b, debugName = LauncherToDream }}
01-09 11:31:21.338  2565  2589 V WindowManagerShell:  Checking filter Pair{{types=[] flags=0x0] notFlags=0x100 checks=[{atype=home independent=true modes=[OPEN,TO_FRONT] flags=NONE mustBeTask=false order=TOP topActivity=ComponentInfo{com.google.android.apps.nexuslauncher/com.google.android.apps.nexuslauncher.NexusLauncherActivity}},{atype=standard independent=true modes=[CLOSE,TO_BACK] flags=NONE mustBeTask=false order=ANY topActivity=null}]} RemoteTransition { remoteTransition = android.window.IRemoteTransition$Stub$Proxy@19fb298, appThread = android.app.IApplicationThread$Stub$Proxy@2f98af1, debugName = QuickstepLaunchHome }}
01-09 11:31:21.338  2565  2589 V WindowManagerShell:  Delegate animation for #134 to null
01-09 11:31:21.338  2565  2589 V WindowManagerShell:  try handler com.android.wm.shell.transition.DefaultTransitionHandler@3fbc6d6
01-09 11:31:21.339  2565  2589 V WindowManagerShell: start default transition animation, info = {id=134 t=OPEN f=0x0 trk=0 r=[0@Point(0, 0)] c=[{WCT{android.window.IWindowContainerToken$Stub$Proxy@e6e11e9} m=OPEN f=NONE leash=Surface(name=Task=84)/@0x51db222 sb=Rect(0, 0 - 2340, 1080) eb=Rect(0, 0 - 2340, 1080) d=0 endFixedRotation=1},{WCT{android.window.IWindowContainerToken$Stub$Proxy@188ce6e} m=TO_BACK f=SHOW_WALLPAPER leash=Surface(name=Task=1)/@0x23764b3 sb=Rect(0, 0 - 2340, 1080) eb=Rect(0, 0 - 2340, 1080) d=0}]}
01-09 11:31:21.339  2565  2589 V WindowManagerShell: loadAnimation: anim=android.view.animation.AnimationSet@984e25d animAttr=0x13 type=OPEN isEntrance=false
01-09 11:31:21.339  2565  2589 V WindowManagerShell: loadAnimation: anim=android.view.animation.AnimationSet@8b24759 animAttr=0x12 type=OPEN isEntrance=true
01-09 11:31:21.340  2565  2589 V WindowManagerShell:  animated by com.android.wm.shell.transition.DefaultTransitionHandler@3fbc6d6
01-09 11:31:21.343  1785  2098 W ActivityManager: setHasOverlayUi called on unknown pid: 25993
01-09 11:31:21.345  1086  1254 I ASH     : @ 967152.147: tcs3701: stop power rail pending_off timer
01-09 11:31:21.345  1086  1254 D ASH     : @ 967152.147: tcs3701: start power rail timer, state:3
01-09 11:31:21.358   665   665 E BpTransactionCompletedListener: Failed to transact (-32)
01-09 11:31:21.358   665   665 E BpTransactionCompletedListener: Failed to transact (-32)
01-09 11:31:21.361 26141 26141 I IL2CPP  : JNI_OnLoad
01-09 11:31:21.361 26141 26141 V Unity   : Context Type: ActivityOrService
01-09 11:31:21.369 26141 26141 D CompatibilityChangeReporter: Compat change id reported: 237531167; UID 10273; state: DISABLED
01-09 11:31:21.370  1785  4029 W WindowManager: Failed looking up window session=Session{714b66c 26141:u0a10273} callers=com.android.server.wm.WindowManagerService.windowForClientLocked:6034 com.android.server.wm.Session.updateRequestedVisibleTypes:690 android.view.IWindowSession$Stub.onTransact:1034 
01-09 11:31:21.375  1785  3042 D CoreBackPreview: Window{96fe0ca u0 com.driftsys.dashscene.showcase/com.unity3d.player.UnityPlayerActivity}: Setting back callback OnBackInvokedCallbackInfo{mCallback=android.window.IOnBackInvokedCallback$Stub$Proxy@ed46eb1, mPriority=-1, mIsAnimationCallback=false}
01-09 11:31:21.376  1785  3042 D CoreBackPreview: Window{96fe0ca u0 com.driftsys.dashscene.showcase/com.unity3d.player.UnityPlayerActivity}: Setting back callback OnBackInvokedCallbackInfo{mCallback=android.window.IOnBackInvokedCallback$Stub$Proxy@8133f96, mPriority=1, mIsAnimationCallback=false}
01-09 11:31:21.381   665  2212 I BpBinder: onLastStrongRef automatically unlinking death recipients: 
01-09 11:31:21.384  1086  1254 I ASH     : @ 967152.187: tcs3701: stop power rail pending_off timer
01-09 11:31:21.384  1086  1254 D ASH     : @ 967152.187: tcs3701: start power rail timer, state:3
01-09 11:31:21.390 26141 26141 W AdrenoUtils: <ReadGpuID_from_sysfs:197>: Failed to open /sys/class/kgsl/kgsl-3d0/gpu_model
01-09 11:31:21.391 26141 26141 W AdrenoUtils: <ReadGpuID:221>: Failed to read chip ID from gpu_model. Fallback to use the GSL path
01-09 11:31:21.391 26141 26160 I Unity   : MemoryManager: Using 'Dynamic Heap' Allocator.
01-09 11:31:21.409  1785  2095 I ActivityTaskManager: Displayed com.driftsys.dashscene.showcase/com.unity3d.player.UnityPlayerActivity for user 0: +134ms
01-09 11:31:21.419 26141 26160 I Unity   : SystemInfo CPU = ARM64 FP ASIMD AES, Cores = 8, Memory = 7461mb
01-09 11:31:21.419 26141 26160 I Unity   : SystemInfo ARM big.LITTLE configuration: 2 big (mask: 0xc0), 6 little (mask: 0x3f)
01-09 11:31:21.419 26141 26160 I Unity   : ApplicationInfo 'com.driftsys.dashscene.showcase', Version '1.0', Min API Level '33', Target API Level '36'
01-09 11:31:21.419 26141 26160 I Unity   : Built from '6000.3/staging' branch, Version '6000.3.23f1 (09d2ecc7fb28)', Build type 'Release', Scripting Backend 'il2cpp', CPU 'arm64-v8a', Stripping 'Enabled'
01-09 11:31:21.420 26141 26160 I Unity   : Device Model 'Google Pixel 5', OS 'Android OS 14 (API 34)'
01-09 11:31:21.424  1785  3042 D CompatibilityChangeReporter: Compat change id reported: 214016041; UID 10273; state: ENABLED
01-09 11:31:21.425  1785  3042 I ImeTracker: com.driftsys.dashscene.showcase:edc0f981: onRequestHide at ORIGIN_SERVER_HIDE_INPUT reason HIDE_UNSPECIFIED_WINDOW
01-09 11:31:21.425  1785  3042 I ImeTracker: com.driftsys.dashscene.showcase:edc0f981: onCancelled at PHASE_SERVER_SHOULD_HIDE
01-09 11:31:21.427  1086  1254 I ASH     : @ 967152.227: tcs3701: stop power rail pending_off timer
01-09 11:31:21.427  1086  1254 D ASH     : @ 967152.227: tcs3701: start power rail timer, state:3
01-09 11:31:21.431  3450  3450 I GoogleInputMethodService: GoogleInputMethodService.onFinishInput():3227 
01-09 11:31:21.432  3450  3450 I GoogleInputMethodService: GoogleInputMethodService.updateDeviceLockedStatus():2087 repeatCheckTimes = 0, unlocked = true
01-09 11:31:21.432  3450  3450 I GoogleInputMethodService: GoogleInputMethodService.onStartInput():1877 onStartInput(EditorInfo{inputType=0x0(NULL) imeOptions=0x0 privateImeOptions=null actionName=UNSPECIFIED actionLabel=null actionId=0 initialSelStart=-1 initialSelEnd=-1 initialCapsMode=0x0 hintText=null label=null packageName=com.driftsys.dashscene.showcase fieldId=0 fieldName=null extras=null}, false)
01-09 11:31:21.432  3450  3450 I GoogleInputMethodService: GoogleInputMethodService.shouldHideHeaderOnInitialState():4008 ShouldHideHeaderOnInitialState = false
01-09 11:31:21.434  3450  3450 I GoogleInputMethodService: GoogleInputMethodService.updateDeviceLockedStatus():2087 repeatCheckTimes = 2, unlocked = true
01-09 11:31:21.465  1086  1254 I ASH     : @ 967152.267: tcs3701: stop power rail pending_off timer
01-09 11:31:21.465  1086  1254 D ASH     : @ 967152.267: tcs3701: start power rail timer, state:3
01-09 11:31:21.504  1086  1254 I ASH     : @ 967152.307: tcs3701: stop power rail pending_off timer
01-09 11:31:21.504  1086  1254 D ASH     : @ 967152.307: tcs3701: start power rail timer, state:3
01-09 11:31:21.510 26141 26160 I Unity   : Company Name: driftsys
01-09 11:31:21.510 26141 26160 I Unity   : Product Name: DashsceneShowcase
01-09 11:31:21.511 26141 26160 I AdrenoGLES-0: QUALCOMM build                   : 4783c89, I46ff5fc46f
01-09 11:31:21.511 26141 26160 I AdrenoGLES-0: Build Date                       : 11/30/20
01-09 11:31:21.511 26141 26160 I AdrenoGLES-0: OpenGL ES Shader Compiler Version: EV031.31.04.01
01-09 11:31:21.511 26141 26160 I AdrenoGLES-0: Local Branch                     : QPR2
01-09 11:31:21.511 26141 26160 I AdrenoGLES-0: Remote Branch                    : 
01-09 11:31:21.511 26141 26160 I AdrenoGLES-0: Remote Branch                    : 
01-09 11:31:21.511 26141 26160 I AdrenoGLES-0: Reconstruct Branch               : 
01-09 11:31:21.511 26141 26160 I AdrenoGLES-0: Build Config                     : S P 10.0.4 AArch64
01-09 11:31:21.511 26141 26160 I AdrenoGLES-0: Driver Path                      : /vendor/lib64/egl/libGLESv2_adreno.so
01-09 11:31:21.514 26141 26160 I AdrenoGLES-0: PFP: 0x016dd093, ME: 0x00000000
01-09 11:31:21.544  1086  1254 I ASH     : @ 967152.347: tcs3701: stop power rail pending_off timer
01-09 11:31:21.544  1086  1254 D ASH     : @ 967152.347: tcs3701: start power rail timer, state:3
01-09 11:31:21.585  1086  1254 I ASH     : @ 967152.387: tcs3701: stop power rail pending_off timer
01-09 11:31:21.585  1086  1254 D ASH     : @ 967152.387: tcs3701: start power rail timer, state:3
01-09 11:31:21.624  1086  1254 I ASH     : @ 967152.427: tcs3701: stop power rail pending_off timer
01-09 11:31:21.625  1086  1254 D ASH     : @ 967152.427: tcs3701: start power rail timer, state:3
01-09 11:31:21.627  2565  2589 V WindowManagerShell: Transition animation finished (aborted=false), notifying core (#134)android.os.BinderProxy@ed2516c@0
01-09 11:31:21.629  1785  2095 V WindowManager: Finish Transition #134: created at 01-09 11:31:21.273 collect-started=0.046ms request-sent=4.641ms started=11.294ms ready=33.259ms sent=45.436ms finished=355.007ms
01-09 11:31:21.630  2658  2658 I WallpaperService: engine paused
01-09 11:31:21.631  1086  1086 I sensors-hal: [hal]activate_physical_sensor:251, android.sensor.gyroscope/41 en=0
01-09 11:31:21.635  1086  1086 D Diag_Lib: diag: Diag_LSM_DeInit: invoked for pid: 1086
01-09 11:31:21.635  1086  1086 D Diag_Lib: diag: Diag_LSM_DeInit: done for pid: 1086
01-09 11:31:21.636  1086  1086 D Diag_Lib: diag: Diag_LSM_DeInit: invoked for pid: 1086
01-09 11:31:21.636  1086  1086 D Diag_Lib: diag: Diag_LSM_DeInit: done for pid: 1086
01-09 11:31:21.636  1086  1086 I sensors-hal: [hal]activate_physical_sensor:262, android.sensor.gyroscope/41 en=0 completed
01-09 11:31:21.636  1048  4998 D audio_hw_primary: adev_set_parameters: enter: rotation=90
01-09 11:31:21.636  1048  4998 D a2dp_offload: end of a2dp setparam
01-09 11:31:21.638  1785  4032 I ActivityTaskManager: Config changes=20000480 {1.0 ?mcc0mnc [en_US] ldltr sw370dp w370dp h799dp 440dpi nrml long hdr widecg port night finger -keyb/v/h -nav/h winConfig={ mBounds=Rect(0, 0 - 1080, 2340) mAppBounds=Rect(63, 0 - 1080, 2274) mMaxBounds=Rect(0, 0 - 1080, 2340) mDisplayRotation=ROTATION_90 mWindowingMode=fullscreen mDisplayWindowingMode=fullscreen mActivityType=undefined mAlwaysOnTop=undefined mRotation=ROTATION_90} s.1362 fontWeightAdjustment=0}
01-09 11:31:21.652  1785  4032 I WindowManager: Override config changes=20000480 {1.0 ?mcc0mnc [en_US] ldltr sw370dp w370dp h799dp 440dpi nrml long hdr widecg port night finger -keyb/v/h -nav/h winConfig={ mBounds=Rect(0, 0 - 1080, 2340) mAppBounds=Rect(63, 0 - 1080, 2274) mMaxBounds=Rect(0, 0 - 1080, 2340) mDisplayRotation=ROTATION_90 mWindowingMode=fullscreen mDisplayWindowingMode=fullscreen mActivityType=undefined mAlwaysOnTop=undefined mRotation=ROTATION_90} s.1362 fontWeightAdjustment=0} for displayId=0
01-09 11:31:21.655  2565  2565 I NoBackGesture: NavbarController: newConfig={1.0 ?mcc0mnc [en_US] ldltr sw370dp w370dp h799dp 440dpi nrml long hdr widecg port night finger -keyb/v/h -nav/h winConfig={ mBounds=Rect(0, 0 - 1080, 2340) mAppBounds=Rect(63, 0 - 1080, 2274) mMaxBounds=Rect(0, 0 - 1080, 2340) mDisplayRotation=ROTATION_90 mWindowingMode=fullscreen mDisplayWindowingMode=fullscreen mActivityType=undefined mAlwaysOnTop=undefined mRotation=ROTATION_90} s.1406 fontWeightAdjustment=0} mTaskbarDelegate initialized=false willApplyConfigToNavbars=false navBarCount=1
01-09 11:31:21.656  3450  3450 I DeviceModeUtil: DeviceModeUtil.getDeviceMode():122 Get device mode phone by ui mode:1 and smallestScreenWidthDp:370
01-09 11:31:21.659  2565  2565 I NoBackGesture: Config changed: newConfig={1.0 ?mcc0mnc [en_US] ldltr sw370dp w370dp h799dp 440dpi nrml long hdr widecg port night finger -keyb/v/h -nav/h winConfig={ mBounds=Rect(0, 0 - 1080, 2340) mAppBounds=Rect(63, 0 - 1080, 2274) mMaxBounds=Rect(0, 0 - 1080, 2340) mDisplayRotation=ROTATION_90 mWindowingMode=fullscreen mDisplayWindowingMode=fullscreen mActivityType=undefined mAlwaysOnTop=undefined mRotation=ROTATION_90} s.1406 fontWeightAdjustment=0} lastReportedConfig={1.0 ?mcc0mnc [en_US] ldltr sw370dp w851dp h341dp 440dpi nrml long hdr widecg land night finger -keyb/v/h -nav/h winConfig={ mBounds=Rect(0, 0 - 2340, 1080) mAppBounds=Rect(0, 63 - 2340, 1014) mMaxBounds=Rect(0, 0 - 2340, 1080) mDisplayRotation=ROTATION_0 mWindowingMode=fullscreen mDisplayWindowingMode=fullscreen mActivityType=undefined mAlwaysOnTop=undefined mRotation=ROTATION_0} s.1356 fontWeightAdjustment=0}
01-09 11:31:21.659  3450  3450 W GoogleInputMethodService: GoogleInputMethodService.onConfigurationChanged():1557 onConfigurationChanged() : NewConfig = {1.0 ?mcc0mnc [en_US] ldltr sw370dp w370dp h799dp 440dpi nrml long hdr widecg port night finger -keyb/v/h -nav/h winConfig={ mBounds=Rect(0, 0 - 1080, 2340) mAppBounds=Rect(63, 0 - 1080, 2274) mMaxBounds=Rect(0, 0 - 1080, 2340) mDisplayRotation=ROTATION_90 mWindowingMode=fullscreen mDisplayWindowingMode=fullscreen mActivityType=undefined mAlwaysOnTop=undefined mRotation=ROTATION_90} s.1362 fontWeightAdjustment=0}
01-09 11:31:21.659  2565  2565 D CentralSurfaces: Received new disable state: enaihbcrso.qingr (unchanged)
01-09 11:31:21.659  3450  3450 I GoogleInputMethodService: GoogleInputMethodService.onConfigurationChanged():1575 changedMask : 20000480
01-09 11:31:21.659  3450  3450 I DeviceModeUtil: DeviceModeUtil.getDeviceMode():122 Get device mode phone by ui mode:1 and smallestScreenWidthDp:370
01-09 11:31:21.659  3450  3450 I KeyboardModeManager: KeyboardModeManager.setInputView():364 setInputView() : supportsOneHandedMode=true
01-09 11:31:21.659  3450  3450 I NormalModeController: NormalModeController.getKeyboardBodyViewHolderPaddingBottom():116 currentPrimeKeyboardType:SOFT systemPaddingBottom:-1
01-09 11:31:21.660  3450  3450 I KeyboardModeManager: KeyboardModeManager.setInputView():356 setInputView() : entry=hwn{languageTag=en-US, variant=qwerty, hasLocalizedResources=true, conditionCacheKey=_device=phone_device_size=default_enable_adaptive_text_editing=false_enable_inline_suggestions_on_client_side=false_enable_large_tablet_batch_1=false_enable_large_tablet_batch_2=false_enable_more_candidates_view_for_multilingual=false_enable_nav_redesign=false_enable_number_row=false_enable_preemptive_decode=true_enable_secondary_symbols=false_expressions=normal_four_or_more_letter_rows=false_keyboard_mode=normal_language=en-US_orientation=landscape_physical_keyboard=nokeys_show_secondary_digits=true_show_suggestions=true_split_with_duplicate_keys=true_variant=qwerty, imeDef.stringId=ime_english_united_states, imeDef.className=com.google.android.apps.inputmethod.libs.latin5.LatinIme, imeDef.languageTag=en-US}
01-09 11:31:21.661  3450  3450 I StyledKeyboardTheme: StyledKeyboardTheme.<init>():87 Pref: [], themeName: [silk:], darkMode: [true], cacheKey: [overlay_builtin_dynamic_color_dark_base.binarypb:dynamic-dark-ff221919-ffffdada-3567773180d6d2ac1f26fbab877dbf1b]
01-09 11:31:21.661  3450  3450 I DeviceModeUtil: DeviceModeUtil.getDeviceMode():122 Get device mode phone by ui mode:1 and smallestScreenWidthDp:370
01-09 11:31:21.662  3450  3450 I DeviceModeUtil: DeviceModeUtil.getDeviceMode():122 Get device mode phone by ui mode:1 and smallestScreenWidthDp:370
01-09 11:31:21.662  3450  3450 I DeviceModeUtil: DeviceModeUtil.getDeviceMode():122 Get device mode phone by ui mode:1 and smallestScreenWidthDp:370
01-09 11:31:21.662  3450  3450 I DeviceModeUtil: DeviceModeUtil.getDeviceMode():122 Get device mode phone by ui mode:1 and smallestScreenWidthDp:370
01-09 11:31:21.662  3450  3450 I DeviceModeUtil: DeviceModeUtil.getDeviceMode():122 Get device mode phone by ui mode:1 and smallestScreenWidthDp:370
01-09 11:31:21.662  3450  3450 I GoogleInputMethodService: GoogleInputMethodService.initializeKeyboardTheme():1343 Apply keyboard theme: theme_border_bottom4dp_stylesheet_noshadow_pgsans_pillkey_silkpopup_phone_350_overlay_builtin_dynamic_color_dark_base.binarypb:dynamic-dark-ff221919-ffffdada-3567773180d6d2ac1f26fbab877dbf1b_port
01-09 11:31:21.663  1086  1086 I sensors-hal: [hal]batch_physical_sensor:314, android.sensor.accelerometer/11, period=200000000, max_latency=0
01-09 11:31:21.663  1086  1086 I sensors-hal: [sensor]set_config:64, sample_period_ns is adjusted to 200000000 based on min/max delay_ns
01-09 11:31:21.663  1086  1086 I sensors-hal: [hal]batch_physical_sensor:323, android.sensor.accelerometer/11, period=200000000, max_latency=0 request completed
01-09 11:31:21.663  1086  1086 I sensors-hal: [hal]flush_physical_sensor:355, android.sensor.accelerometer/11
01-09 11:31:21.663  1086  1086 I sensors-hal: [hal]flush_physical_sensor:361, android.sensor.accelerometer/11 completed
01-09 11:31:21.663  1086  1086 I sensors-hal: [hal]batch_physical_sensor:314, android.sensor.accelerometer/11, period=20000000, max_latency=0
01-09 11:31:21.663  1086  1086 I sensors-hal: [sensor]set_config:64, sample_period_ns is adjusted to 20000000 based on min/max delay_ns
01-09 11:31:21.663  1086  1086 I sensors-hal: [hal]batch_physical_sensor:323, android.sensor.accelerometer/11, period=20000000, max_latency=0 request completed
01-09 11:31:21.664  1086 24676 I sensors-hal: [ssc_sensor]ssc_conn_resp_cb:686, resp_value = 0
01-09 11:31:21.664  1086 24676 I sensors-hal: [ssc_sensor]ssc_conn_resp_cb:686, resp_value = 0
01-09 11:31:21.664  3450  3450 I DeviceModeUtil: DeviceModeUtil.getDeviceMode():122 Get device mode phone by ui mode:1 and smallestScreenWidthDp:370
01-09 11:31:21.665  3450  3450 I NormalModeController: NormalModeController.getKeyboardBodyViewHolderPaddingBottom():116 currentPrimeKeyboardType:SOFT systemPaddingBottom:27
01-09 11:31:21.665  1086 24676 I sensors-hal: [ssc_sensor]ssc_conn_resp_cb:686, resp_value = 0
01-09 11:31:21.666  1086  1254 I ASH     : @ 967152.468: tcs3701: stop power rail pending_off timer
01-09 11:31:21.666  1086  1254 D ASH     : @ 967152.468: tcs3701: start power rail timer, state:3
01-09 11:31:21.666  3450  3450 I InputMethodEntryManager: InputMethodEntryManager.startLoadingInputMethodEntrySettings():739 Start loading input method entry settings: [LanguageTagVariantTuple{languageTag=en-US, variant=qwerty}]
01-09 11:31:21.667  3450  3450 I InputMethodEntryManager: InputMethodEntryManager.updateInputMethodEntrySettingsLoadingTask():826 update loading task with resetImplicitlyEnabledEntries is false
01-09 11:31:21.668  3450  3450 I DeviceModeUtil: DeviceModeUtil.getDeviceMode():122 Get device mode phone by ui mode:1 and smallestScreenWidthDp:370
01-09 11:31:21.668  3450  3450 I KeyboardViewUtil: KeyboardViewUtil.getKeyboardHeightRatio():189 systemKeyboardHeightRatio:1.200000; userKeyboardHeightRatio:1.000000.
01-09 11:31:21.669  2565  2589 V WindowManagerShell: Track 0 became idle
01-09 11:31:21.669  2565  2589 V WindowManagerShell: All active transition animations finished
01-09 11:31:21.669  2565  2589 V WindowManagerShell: Transition requested: android.os.BinderProxy@67a1a3a TransitionRequestInfo { type = CHANGE, triggerTask = null, remoteTransition = null, displayChange = DisplayChange { displayId = 0, startAbsBounds = null, endAbsBounds = null, startRotation = 0, endRotation = 1, physicalDisplayChanged = false } }
01-09 11:31:21.669  2565  2589 D WindowManagerShell: PipTaskOrganizer: Skip onMovementBoundsChanged on rotation change InSwipePipToHomeTransition=false mWaitForFixedRotation=true getTransitionState=0
01-09 11:31:21.673  3450  3450 W StyleResolver: StyleResolver.resolveValue():233 Invalid variable: color_silk_surface_background
01-09 11:31:21.673  1785  2098 I InputManager-JNI: Viewport [0] to add: local:4630946523002478721, isActive: true
01-09 11:31:21.674  1785  2448 I InputReader: Reconfiguring input devices, changes=DISPLAY_INFO
01-09 11:31:21.674  3450  3450 I GoogleInputMethodService: GoogleInputMethodService.onStartInput():1877 onStartInput(EditorInfo{inputType=0x0(NULL) imeOptions=0x0 privateImeOptions=null actionName=UNSPECIFIED actionLabel=null actionId=0 initialSelStart=-1 initialSelEnd=-1 initialCapsMode=0x0 hintText=null label=null packageName=com.driftsys.dashscene.showcase fieldId=0 fieldName=null extras=null}, true)
01-09 11:31:21.674  3450  3450 I GoogleInputMethodService: GoogleInputMethodService.shouldHideHeaderOnInitialState():4008 ShouldHideHeaderOnInitialState = false
01-09 11:31:21.674  3450  3450 I GoogleInputMethodService: GoogleInputMethodService.updateDeviceLockedStatus():2087 repeatCheckTimes = 2, unlocked = true
01-09 11:31:21.675  3450  3450 W SessionManager: SessionManager.beginSession():53 Try to begin an already begun session [INPUT_SESSION], end it first
01-09 11:31:21.676  2565  2589 D WindowManagerShell: onFixedRotationFinished: null, state=PipTransitionState(mState=undefined, mInSwipePipToHomeTransition=false)
01-09 11:31:21.677  2565  2589 V WindowManagerShell: Display changed: 0
01-09 11:31:21.678  3450  3450 I GoogleInputMethodService: GoogleInputMethodService.lambda$setDecorViewApplyWindowInsetsListener$10():1155 update screenHeightWithoutNaviBar to: 2208
01-09 11:31:21.678  3450  3450 I GoogleInputMethodService: GoogleInputMethodService.lambda$setDecorViewApplyWindowInsetsListener$10():1161 update max height when insets changes
01-09 11:31:21.679  2992  2992 D b/254119092: TaskbarManager#mComponentCallbacks.onConfigurationChanged: {1.0 ?mcc0mnc [en_US] ldltr sw370dp w370dp h799dp 440dpi nrml long hdr widecg port night finger -keyb/v/h -nav/h winConfig={ mBounds=Rect(0, 0 - 1080, 2340) mAppBounds=Rect(63, 0 - 1080, 2274) mMaxBounds=Rect(0, 0 - 1080, 2340) mDisplayRotation=ROTATION_90 mWindowingMode=fullscreen mDisplayWindowingMode=fullscreen mActivityType=undefined mAlwaysOnTop=undefined mRotation=ROTATION_90} s.1362 fontWeightAdjustment=0}
01-09 11:31:21.679  2992  2992 D b/254119092: mActivity and mContext agree taskbarIsPresent=false
01-09 11:31:21.679  2992  2992 D b/254119092: ComponentCallbacks#onConfigurationChanged() configDiffForRecreate={CONFIG_ORIENTATION, CONFIG_SCREEN_SIZE, CONFIG_WINDOW_CONFIGURATION}
01-09 11:31:21.679  2992  2992 D b/254119092: mActivity and mContext agree taskbarIsPresent=false
01-09 11:31:21.680  2992  2992 D b/254119092: destroyExistingTaskbar: null
01-09 11:31:21.680  2992  2992 D b/254119092: mActivity and mContext agree taskbarIsPresent=false
01-09 11:31:21.680  2992  2992 D b/254119092: recreateTaskbar: isTaskbarEnabled=false [dp != null (i.e. mUserUnlocked)]=true FLAG_HIDE_NAVBAR_WINDOW=false dp.isTaskbarPresent=false
01-09 11:31:21.680  2992  2992 D b/254119092: mActivity and mContext agree taskbarIsPresent=false
01-09 11:31:21.681  3450  3450 I GoogleInputMethodService: GoogleInputMethodService.lambda$setDecorViewApplyWindowInsetsListener$10():1155 update screenHeightWithoutNaviBar to: 2340
01-09 11:31:21.681  3450  3450 I GoogleInputMethodService: GoogleInputMethodService.lambda$setDecorViewApplyWindowInsetsListener$10():1161 update max height when insets changes
01-09 11:31:21.682  3450  3450 I InputMethodEntryManager: InputMethodEntryManager$5.onSuccess():845 Success load entries: [LanguageTagVariantTuple{languageTag=en-US, variant=qwerty}], resetImplicitlyEnabledEntries=false
01-09 11:31:21.683  2992  2992 D b/254119092: DisplayController#onConfigurationChanged: {1.0 ?mcc0mnc [en_US] ldltr sw370dp w370dp h799dp 440dpi nrml long hdr widecg port night finger -keyb/v/h -nav/h winConfig={ mBounds=Rect(0, 0 - 1080, 2340) mAppBounds=Rect(63, 0 - 1080, 2274) mMaxBounds=Rect(0, 0 - 1080, 2340) mDisplayRotation=ROTATION_90 mWindowingMode=fullscreen mDisplayWindowingMode=fullscreen mActivityType=undefined mAlwaysOnTop=undefined mRotation=ROTATION_90} s.1362 fontWeightAdjustment=0}
01-09 11:31:21.683  3450  3450 I DeviceModeUtil: DeviceModeUtil.getDeviceMode():122 Get device mode phone by ui mode:1 and smallestScreenWidthDp:370
01-09 11:31:21.683  3450  3928 I SP      : Registering emoticon_content_description.2022081613, url: https://www.gstatic.com/android/keyboard/emoticon_content_desc/202208161305/superpacks_manifest.json, constraints: W:*:*:*, flags: bg, requested: 2022081613, current: -1
01-09 11:31:21.684  3450  3450 I StyledKeyboardTheme: StyledKeyboardTheme.<init>():87 Pref: [], themeName: [silk:], darkMode: [true], cacheKey: [overlay_builtin_dynamic_color_dark_base.binarypb:dynamic-dark-ff221919-ffffdada-3567773180d6d2ac1f26fbab877dbf1b]
01-09 11:31:21.684  3450  3450 I DeviceModeUtil: DeviceModeUtil.getDeviceMode():122 Get device mode phone by ui mode:1 and smallestScreenWidthDp:370
01-09 11:31:21.685  3450  3450 I DeviceModeUtil: DeviceModeUtil.getDeviceMode():122 Get device mode phone by ui mode:1 and smallestScreenWidthDp:370
01-09 11:31:21.685  3450  3450 I DeviceModeUtil: DeviceModeUtil.getDeviceMode():122 Get device mode phone by ui mode:1 and smallestScreenWidthDp:370
01-09 11:31:21.685  3450  3450 I DeviceModeUtil: DeviceModeUtil.getDeviceMode():122 Get device mode phone by ui mode:1 and smallestScreenWidthDp:370
01-09 11:31:21.685  3450  3450 I DeviceModeUtil: DeviceModeUtil.getDeviceMode():122 Get device mode phone by ui mode:1 and smallestScreenWidthDp:370
01-09 11:31:21.685  3450  3450 I GoogleInputMethodService: GoogleInputMethodService.initializeKeyboardTheme():1343 Apply keyboard theme: theme_border_bottom4dp_stylesheet_noshadow_pgsans_pillkey_silkpopup_phone_350_overlay_builtin_dynamic_color_dark_base.binarypb:dynamic-dark-ff221919-ffffdada-3567773180d6d2ac1f26fbab877dbf1b_port
01-09 11:31:21.689  2565  2599 E OpenGLRenderer: Unable to match the desired swap behavior.
01-09 11:31:21.691  2565  2565 I NoBackGesture: Config changed: newConfig={1.0 ?mcc0mnc [en_US] ldltr sw370dp w370dp h799dp 440dpi nrml long hdr widecg port night finger -keyb/v/h -nav/h winConfig={ mBounds=Rect(0, 0 - 1080, 2340) mAppBounds=Rect(63, 0 - 1080, 2274) mMaxBounds=Rect(0, 0 - 1080, 2340) mDisplayRotation=ROTATION_90 mWindowingMode=fullscreen mDisplayWindowingMode=fullscreen mActivityType=undefined mAlwaysOnTop=undefined mRotation=ROTATION_90} s.1406 fontWeightAdjustment=0} lastReportedConfig={1.0 ?mcc0mnc [en_US] ldltr sw370dp w370dp h799dp 440dpi nrml long hdr widecg port night finger -keyb/v/h -nav/h winConfig={ mBounds=Rect(0, 0 - 1080, 2340) mAppBounds=Rect(63, 0 - 1080, 2274) mMaxBounds=Rect(0, 0 - 1080, 2340) mDisplayRotation=ROTATION_90 mWindowingMode=fullscreen mDisplayWindowingMode=fullscreen mActivityType=undefined mAlwaysOnTop=undefined mRotation=ROTATION_90} s.1406 fontWeightAdjustment=0}
01-09 11:31:21.692  1785  1849 D CompatibilityChangeReporter: Compat change id reported: 161145287; UID 10273; state: ENABLED
01-09 11:31:21.692  2565  2599 E OpenGLRenderer: Unable to match the desired swap behavior.
01-09 11:31:21.692  3450  3450 I DictionarySuperpacksManager: DictionarySuperpacksManager$1.onEnabledInputMethodEntriesChanged():61 onEnabledInputMethodEntriesChanged
01-09 11:31:21.694 26141 26160 V MediaRouter: Selecting route: RouteInfo{ name=Phone, description=null, status=null, category=RouteCategory{ name=System types=ROUTE_TYPE_LIVE_AUDIO ROUTE_TYPE_LIVE_VIDEO  groupable=false }, supportedTypes=ROUTE_TYPE_LIVE_AUDIO ROUTE_TYPE_LIVE_VIDEO , presentationDisplay=null }
01-09 11:31:21.694 26141 26160 I MediaRouter: Skip setBluetoothA2dpOn(): types=8388615, isPlaybackActive()=false, BT route=null
01-09 11:31:21.699  2992  2992 W DisplayController: (CHANGE_SUPPORTED_BOUNDS) perDisplayBounds - CachedDisplayInfo{size=Point(2340, 1080), cutout=Rect(0, 63 - 0, 0), rotation=0}: [WindowBounds{bounds=Rect(0, 0 - 2340, 1080), insets=Rect(0, 77 - 0, 66), availableSize=Point(2340, 937), rotationHint=0}, WindowBounds{bounds=Rect(0, 0 - 1080, 2340), insets=Rect(63, 77 - 0, 66), availableSize=Point(1017, 2197), rotationHint=1}, WindowBounds{bounds=Rect(0, 0 - 2340, 1080), insets=Rect(0, 77 - 0, 66), availableSize=Point(2340, 937), rotationHint=2}, WindowBounds{bounds=Rect(0, 0 - 1080, 2340), insets=Rect(0, 136 - 63, 66), availableSize=Point(1017, 2138), rotationHint=3}]
01-09 11:31:21.705  1086  1254 I ASH     : @ 967152.507: tcs3701: stop power rail pending_off timer
01-09 11:31:21.705  1086  1254 D ASH     : @ 967152.507: tcs3701: start power rail timer, state:3
01-09 11:31:21.707  2992  3813 W Parcel  : Expecting binder but got null!
01-09 11:31:21.708  2565  2599 E OpenGLRenderer: Unable to match the desired swap behavior.
01-09 11:31:21.709   665   665 I BpBinder: onLastStrongRef automatically unlinking death recipients: 
01-09 11:31:21.709  3450  3928 I SP      : Scheduling job with delay of 0s for {m:b:u:l, bg}, 1 candidates
01-09 11:31:21.713  2992  3795 E FrameEvents: updateAcquireFence: Did not find frame.
01-09 11:31:21.717  2565  2599 E OpenGLRenderer: Unable to match the desired swap behavior.
01-09 11:31:21.720  1785  3756 E JobScheduler.JobStatus: App com.google.android.inputmethod.latin became active but still in NEVER bucket
01-09 11:31:21.722  1785  4032 W InputManager-JNI: Input channel object 'a720847 Splash Screen com.driftsys.dashscene.showcase (client)' was disposed without first being removed with the input manager!
01-09 11:31:21.729  2992  3812 W Parcel  : Expecting binder but got null!
01-09 11:31:21.731  2992  3795 E FrameEvents: updateAcquireFence: Did not find frame.
01-09 11:31:21.733  1785  2095 V WindowManager: Sent Transition #135 createdAt=01-09 11:31:21.630 via request=TransitionRequestInfo { type = CHANGE, triggerTask = null, remoteTransition = null, displayChange = DisplayChange { displayId = 0, startAbsBounds = null, endAbsBounds = null, startRotation = 0, endRotation = 1, physicalDisplayChanged = false } }
01-09 11:31:21.733  2565  2589 V WindowManagerShell: onTransitionReady android.os.BinderProxy@67a1a3a: {id=135 t=CHANGE f=0x0 trk=0 r=[0@Point(0, 0)] c=[{WCT{android.window.IWindowContainerToken$Stub$Proxy@4d02caa} m=CHANGE f=NONE p=WCT{android.window.IWindowContainerToken$Stub$Proxy@fbb009b} leash=Surface(name=Task=84)/@0xc66649e sb=Rect(0, 0 - 2340, 1080) eb=Rect(0, 0 - 1080, 2340) d=0 r=0->1:0},{WCT{android.window.IWindowContainerToken$Stub$Proxy@fb0ac38} m=CHANGE f=NONE p=WCT{android.window.IWindowContainerToken$Stub$Proxy@e029411} leash=Surface(name=DefaultTaskDisplayArea)/@0xa752b7f sb=Rect(0, 0 - 2340, 1080) eb=Rect(0, 0 - 1080, 2340) d=0 r=0->1:-1},{WCT{android.window.IWindowContainerToken$Stub$Proxy@65c6976} m=CHANGE f=IS_DISPLAY leash=Surface(name=WindowedMagnification:0:31)/@0xa5e674c sb=Rect(0, 0 - 2340, 1080) eb=Rect(0, 0 - 1080, 2340) d=0 r=0->1:3}]}
01-09 11:31:21.733  1785  2095 V WindowManager:     startWCT=WindowContainerTransaction { changes = {} hops = [] errorCallbackToken=null taskFragmentOrganizer=null }
01-09 11:31:21.733  2565  2589 V WindowManagerShell: Playing animation for (#135)android.os.BinderProxy@67a1a3a@0
01-09 11:31:21.733  2565  2589 V WindowManagerShell:  try handler com.android.wm.shell.transition.DefaultMixedHandler@83c3803
01-09 11:31:21.733  2565  2589 V WindowManagerShell:  try handler com.android.wm.shell.keyguard.KeyguardTransitionHandler@6f380
01-09 11:31:21.733  2565  2589 V WindowManagerShell:  try handler com.android.wm.shell.activityembedding.ActivityEmbeddingController@626ddb9
01-09 11:31:21.733  1785  2095 V WindowManager:     info={id=135 t=CHANGE f=0x0 trk=0 r=[0@Point(0, 0)] c=[{WCT{RemoteToken{37fbc0d Task{e98d06b #84 type=standard A=10273:com.driftsys.dashscene.showcase}}} m=CHANGE f=NONE p=WCT{RemoteToken{b340211 DefaultTaskDisplayArea@206321932}} leash=Surface(name=Task=84)/@0xd679137 sb=Rect(0, 0 - 2340, 1080) eb=Rect(0, 0 - 1080, 2340) d=0 r=0->1:0},{WCT{RemoteToken{b340211 DefaultTaskDisplayArea@206321932}} m=CHANGE f=NONE p=WCT{RemoteToken{22b1238 Display{#0 state=ON size=1080x2340 ROTATION_90}}} leash=Surface(name=DefaultTaskDisplayArea)/@0x19510ff sb=Rect(0, 0 - 2340, 1080) eb=Rect(0, 0 - 1080, 2340) d=0 r=0->1:-1},{WCT{RemoteToken{22b1238 Display{#0 state=ON size=1080x2340 ROTATION_90}}} m=CHANGE f=IS_DISPLAY leash=Surface(name=WindowedMagnification:0:31)/@0x1d75080 sb=Rect(0, 0 - 2340, 1080) eb=Rect(0, 0 - 1080, 2340) d=0 r=0->1:3}]}
01-09 11:31:21.733  2565  2589 V WindowManagerShell:  try handler com.android.wm.shell.recents.RecentsTransitionHandler@c30f5fe
01-09 11:31:21.733  2565  2589 V ShellRecents: RecentsTransitionHandler.startAnimation: no controller found
01-09 11:31:21.733  2565  2589 V WindowManagerShell:  try handler com.android.wm.shell.pip.PipTransition@c40515f
01-09 11:31:21.733  2565  2589 V WindowManagerShell:  try handler com.android.wm.shell.splitscreen.StageCoordinator@ea7c7ac
01-09 11:31:21.734  2565  2589 V WindowManagerShell:  try handler com.android.wm.shell.transition.RemoteTransitionHandler@74e9c75
01-09 11:31:21.734  2565  2589 V WindowManagerShell:  try handler com.android.wm.shell.transition.DefaultTransitionHandler@3fbc6d6
01-09 11:31:21.734  2565  2589 V WindowManagerShell: start default transition animation, info = {id=135 t=CHANGE f=0x0 trk=0 r=[0@Point(0, 0)] c=[{WCT{android.window.IWindowContainerToken$Stub$Proxy@4d02caa} m=CHANGE f=NONE p=WCT{android.window.IWindowContainerToken$Stub$Proxy@fbb009b} leash=Surface(name=Task=84)/@0xc66649e sb=Rect(0, 0 - 2340, 1080) eb=Rect(0, 0 - 1080, 2340) d=0 r=0->1:0},{WCT{android.window.IWindowContainerToken$Stub$Proxy@fb0ac38} m=CHANGE f=NONE p=WCT{android.window.IWindowContainerToken$Stub$Proxy@e029411} leash=Surface(name=DefaultTaskDisplayArea)/@0xa752b7f sb=Rect(0, 0 - 2340, 1080) eb=Rect(0, 0 - 1080, 2340) d=0 r=0->1:-1},{WCT{android.window.IWindowContainerToken$Stub$Proxy@65c6976} m=CHANGE f=IS_DISPLAY leash=Surface(name=WindowedMagnification:0:31)/@0xa5e674c sb=Rect(0, 0 - 2340, 1080) eb=Rect(0, 0 - 1080, 2340) d=0 r=0->1:3}]}
01-09 11:31:21.734  2565  2589 V WindowManagerShell: Display is changing, resolve the animation hint.
01-09 11:31:21.734  2565  2589 V WindowManagerShell:   display requests explicit seamless
01-09 11:31:21.735  2565  2589 V WindowManagerShell: Transition animation finished (aborted=false), notifying core (#135)android.os.BinderProxy@67a1a3a@0
01-09 11:31:21.736  3450  3928 I SP      : Scheduling: download registered, 0 started, 0 paused, 1 scheduled, 5 pending: manifests:delight-2022101700 * {m:b:u:l, bg}, manifests:next-word-predictor-20210507 {W:b:u:l, bg}, manifests:emoji-20190807 {m:b:u:l, bg}, manifests:content_cache-2020101916 {W:b:u:l, bg}, manifests:emoticon_content_description-2022081613 {W:b:u:l, bg}
01-09 11:31:21.737  3450  3928 I SP      : Registering emoticon_content_description.2022081613, url: https://www.gstatic.com/android/keyboard/emoticon_content_desc/202208161305/superpacks_manifest.json, constraints: W:*:*:*, flags: bg, requested: 2022081613, current: -1
01-09 11:31:21.738  3450  3928 I SuperpacksManagerImpl: SuperpacksManagerImpl$3$1.onFailure():577 emoticon_content_description.registerManifest() cancelled
01-09 11:31:21.739  2992  3813 W Parcel  : Expecting binder but got null!
01-09 11:31:21.741  1785  2095 V WindowManager: Finish Transition #135: created at 01-09 11:31:21.630 collect-started=0.138ms request-sent=0.266ms started=44.425ms ready=45.559ms sent=99.921ms finished=110.063ms
01-09 11:31:21.744  1086  1254 I ASH     : @ 967152.547: tcs3701: stop power rail pending_off timer
01-09 11:31:21.744  1086  1254 D ASH     : @ 967152.547: tcs3701: start power rail timer, state:3
01-09 11:31:21.745  2992  3795 E FrameEvents: updateAcquireFence: Did not find frame.
01-09 11:31:21.746  1785  3756 I WindowManager: finishDrawing of orientation change: Window{3d67fe9 u0 ScreenDecorOverlayBottom} 79ms
01-09 11:31:21.747  2565  2589 V WindowManagerShell: Track 0 became idle
01-09 11:31:21.747  2565  2589 V WindowManagerShell: All active transition animations finished
01-09 11:31:21.747  2565  2589 V WindowManagerShell:  animated by com.android.wm.shell.transition.DefaultTransitionHandler@3fbc6d6
01-09 11:31:21.747  2565  2589 V WindowManagerShell: Track 0 became idle
01-09 11:31:21.747  2565  2589 V WindowManagerShell: All active transition animations finished
01-09 11:31:21.748  2992  2992 D b/254119092: mActivity onDeviceProfileChanged
01-09 11:31:21.748  2992  2992 D b/254119092: mActivity and mContext agree taskbarIsPresent=false
01-09 11:31:21.748  2565  2599 E OpenGLRenderer: Unable to match the desired swap behavior.
01-09 11:31:21.757  3450  3928 I SP      : Scheduling job with delay of 0s for {m:b:u:l, bg}, 1 candidates
01-09 11:31:21.759  2992  2992 D b/254119092: QuickstepLauncher#onDeviceProfileChanged
01-09 11:31:21.759  2992  2992 D b/254119092: mActivity and mContext agree taskbarIsPresent=false
01-09 11:31:21.761  1785  6894 E JobScheduler.JobStatus: App com.google.android.inputmethod.latin became active but still in NEVER bucket
01-09 11:31:21.765  1785  3756 W WindowManager: Failed looking up window session=Session{4cd6b7b 2565:u0a10224} callers=com.android.server.wm.WindowManagerService.windowForClientLocked:6034 com.android.server.wm.WindowManagerService.finishDrawingWindow:2686 com.android.server.wm.Session.finishDrawing:293 
01-09 11:31:21.767  2992  3053 I ImeTracker: com.google.android.apps.nexuslauncher:24f7f67f: onRequestHide at ORIGIN_CLIENT_HIDE_SOFT_INPUT reason HIDE_SOFT_INPUT
01-09 11:31:21.767  2992  3053 I ImeTracker: com.google.android.apps.nexuslauncher:24f7f67f: onFailed at PHASE_CLIENT_VIEW_SERVED
01-09 11:31:21.768  1785  1849 I WindowManager: finishDrawing of orientation change: Window{b5ce1d4 u0 ScreenDecorOverlay} 101ms
01-09 11:31:21.770  1785  2095 I ActivityTaskManager: Fully drawn com.driftsys.dashscene.showcase/com.unity3d.player.UnityPlayerActivity: +498ms
01-09 11:31:21.769  3450  3928 I SP      : Scheduling: download registered, 0 started, 0 paused, 1 scheduled, 5 pending: manifests:delight-2022101700 * {m:b:u:l, bg}, manifests:next-word-predictor-20210507 {W:b:u:l, bg}, manifests:emoji-20190807 {m:b:u:l, bg}, manifests:content_cache-2020101916 {W:b:u:l, bg}, manifests:emoticon_content_description-2022081613 {W:b:u:l, bg}
01-09 11:31:21.771  3450  3928 I SP      : Registering content_cache.2020101916, url: https://www.gstatic.com/android/keyboard/modelpack/contentcache/202010191648/superpacks_manifest.json, constraints: W:*:*:*, flags: bg, requested: 2020101916, current: -1
01-09 11:31:21.772  3450  3928 I SP      : Registering emoticon_content_description.2022081613, url: https://www.gstatic.com/android/keyboard/emoticon_content_desc/202208161305/superpacks_manifest.json, constraints: W:*:*:*, flags: bg, requested: 2022081613, current: -1
01-09 11:31:21.772  3450  3928 I SuperpacksManagerImpl: SuperpacksManagerImpl$3$1.onFailure():577 emoticon_content_description.registerManifest() cancelled
01-09 11:31:21.783  3450  3928 I SP      : Scheduling job with delay of 0s for {m:b:u:l, bg}, 1 candidates
01-09 11:31:21.785  1086  1254 I ASH     : @ 967152.587: tcs3701: stop power rail pending_off timer
01-09 11:31:21.785  1086  1254 D ASH     : @ 967152.587: tcs3701: start power rail timer, state:3
01-09 11:31:21.789  1785  1849 E JobScheduler.JobStatus: App com.google.android.inputmethod.latin became active but still in NEVER bucket
01-09 11:31:21.795  3450  3928 I SP      : Scheduling: download registered, 0 started, 0 paused, 1 scheduled, 5 pending: manifests:delight-2022101700 * {m:b:u:l, bg}, manifests:next-word-predictor-20210507 {W:b:u:l, bg}, manifests:emoji-20190807 {m:b:u:l, bg}, manifests:emoticon_content_description-2022081613 {W:b:u:l, bg}, manifests:content_cache-2020101916 {W:b:u:l, bg}
01-09 11:31:21.798  3450  3928 I SP      : Scheduling job with delay of 0s for {m:b:u:l, bg}, 1 candidates
01-09 11:31:21.799  1785  3646 W AppSearchIcing: icing-search-engine.cc:283: Error: 5, Message: Document (com.google.android.googlequicksearchbox$OneSearchZeroStateGoogleSuggestions/default, zp) not found.
01-09 11:31:21.800  2992  3926 E OneSearchSuggestProvider: Failed to fetch suggestions from AppSearch, fallback to AGA
01-09 11:31:21.800  2992  3926 E OneSearchSuggestProvider: java.util.concurrent.CompletionException: java.util.NoSuchElementException: No value present
01-09 11:31:21.800  2992  3926 E OneSearchSuggestProvider: 	at java.util.concurrent.CompletableFuture.encodeThrowable(CompletableFuture.java:308)
01-09 11:31:21.800  2992  3926 E OneSearchSuggestProvider: 	at java.util.concurrent.CompletableFuture.completeThrowable(CompletableFuture.java:323)
01-09 11:31:21.800  2992  3926 E OneSearchSuggestProvider: 	at java.util.concurrent.CompletableFuture$UniAccept.tryFire(CompletableFuture.java:684)
01-09 11:31:21.800  2992  3926 E OneSearchSuggestProvider: 	at java.util.concurrent.CompletableFuture.postComplete(CompletableFuture.java:486)
01-09 11:31:21.800  2992  3926 E OneSearchSuggestProvider: 	at java.util.concurrent.CompletableFuture.completeExceptionally(CompletableFuture.java:2138)
01-09 11:31:21.800  2992  3926 E OneSearchSuggestProvider: 	at com.google.android.apps.nexuslauncher.allapps.H0.onResult(Unknown Source:59)
01-09 11:31:21.800  2992  3926 E OneSearchSuggestProvider: 	at android.app.appsearch.SearchSessionUtil$1.lambda$onResult$0(SearchSessionUtil.java:129)
01-09 11:31:21.800  2992  3926 E OneSearchSuggestProvider: 	at android.app.appsearch.SearchSessionUtil$1.$r8$lambda$_nlk9WiPjSfaAsqKYmp0aPvSRC0(SearchSessionUtil.java:1)
01-09 11:31:21.800  2992  3926 E OneSearchSuggestProvider: 	at android.app.appsearch.SearchSessionUtil$1$$ExternalSyntheticLambda0.run(R8$$SyntheticClass:13)
01-09 11:31:21.800  2992  3926 E OneSearchSuggestProvider: 	at android.os.Handler.handleCallback(Handler.java:958)
01-09 11:31:21.800  2992  3926 E OneSearchSuggestProvider: 	at android.os.Handler.dispatchMessage(Handler.java:99)
01-09 11:31:21.800  2992  3926 E OneSearchSuggestProvider: 	at android.os.Looper.loopOnce(Looper.java:205)
01-09 11:31:21.800  2992  3926 E OneSearchSuggestProvider: 	at android.os.Looper.loop(Looper.java:294)
01-09 11:31:21.800  2992  3926 E OneSearchSuggestProvider: 	at android.os.HandlerThread.run(HandlerThread.java:67)
01-09 11:31:21.800  2992  3926 E OneSearchSuggestProvider: Caused by: java.util.NoSuchElementException: No value present
01-09 11:31:21.800  2992  3926 E OneSearchSuggestProvider: 	at java.util.Optional.get(Optional.java:144)
01-09 11:31:21.800  2992  3926 E OneSearchSuggestProvider: 	at com.google.android.apps.nexuslauncher.allapps.H0.onResult(Unknown Source:16)
01-09 11:31:21.800  2992  3926 E OneSearchSuggestProvider: 	... 8 more
01-09 11:31:21.800  2992  3926 D OneSearchSuggestProvider: Established or reuse existing binder channel authority=com.google.android.googlequicksearchbox
01-09 11:31:21.800  2992  2992 D b/254119092: DisplayInfoChangeListener#CHANGE_ROTATION|CHANGE_SUPPORTED_BOUNDS
01-09 11:31:21.800  2992  2992 D b/254119092: mActivity and mContext agree taskbarIsPresent=false
01-09 11:31:21.802  1785  3970 E JobScheduler.JobStatus: App com.google.android.inputmethod.latin became active but still in NEVER bucket
01-09 11:31:21.803  2992 26123 E OneSearchSuggestProvider: Unable to get suggestions from AGA
01-09 11:31:21.803  2992 26123 E OneSearchSuggestProvider: io.grpc.StatusRuntimeException: UNIMPLEMENTED: bindService(Intent { act=grpc.io.action.BIND cmp=com.google.android.googlequicksearchbox/com.google.android.apps.search.googleapp.search.suggest.plugins.onesearch.server.OneSearchSuggestService }) returned false
01-09 11:31:21.803  2992 26123 E OneSearchSuggestProvider: 	at S2.d.a(Unknown Source:68)
01-09 11:31:21.803  2992 26123 E OneSearchSuggestProvider: 	at io.grpc.internal.p.b(Unknown Source:32)
01-09 11:31:21.803  2992 26123 E OneSearchSuggestProvider: 	at io.grpc.internal.p.a(Unknown Source:14)
01-09 11:31:21.803  2992 26123 E OneSearchSuggestProvider: 	at io.grpc.internal.C.run(Unknown Source:6)
01-09 11:31:21.803  2992 26123 E OneSearchSuggestProvider: 	at io.grpc.internal.y2.run(Unknown Source:18)
01-09 11:31:21.803  2992 26123 E OneSearchSuggestProvider: 	at java.util.concurrent.ThreadPoolExecutor.runWorker(ThreadPoolExecutor.java:1145)
01-09 11:31:21.803  2992 26123 E OneSearchSuggestProvider: 	at java.util.concurrent.ThreadPoolExecutor$Worker.run(ThreadPoolExecutor.java:644)
01-09 11:31:21.803  2992 26123 E OneSearchSuggestProvider: 	at java.lang.Thread.run(Thread.java:1012)
01-09 11:31:21.807  3450  3928 I SP      : Scheduling: download registered, 0 started, 0 paused, 1 scheduled, 5 pending: manifests:delight-2022101700 * {m:b:u:l, bg}, manifests:next-word-predictor-20210507 {W:b:u:l, bg}, manifests:emoji-20190807 {m:b:u:l, bg}, manifests:content_cache-2020101916 {W:b:u:l, bg}, manifests:emoticon_content_description-2022081613 {W:b:u:l, bg}
01-09 11:31:21.807  3450  3928 I SuperpacksManagerImpl: SuperpacksManagerImpl$3$1.onFailure():577 content_cache.registerManifest() cancelled
01-09 11:31:21.807  3450  3928 I SuperpacksManagerImpl: SuperpacksManagerImpl$3$1.onFailure():577 emoticon_content_description.registerManifest() cancelled
01-09 11:31:21.819  2992  3053 I ImeTracker: com.google.android.apps.nexuslauncher:195a2378: onRequestHide at ORIGIN_CLIENT_HIDE_SOFT_INPUT reason HIDE_SOFT_INPUT
01-09 11:31:21.819  2992  3926 D OneSearchSuggestProvider: Shut down the binder channel
01-09 11:31:21.819  2992  3053 I ImeTracker: com.google.android.apps.nexuslauncher:195a2378: onFailed at PHASE_CLIENT_VIEW_SERVED
01-09 11:31:21.819  2992  2992 D SearchTargetUtil:  query= size=0
01-09 11:31:21.824  1086  1254 I ASH     : @ 967152.627: tcs3701: stop power rail pending_off timer
01-09 11:31:21.824  1086  1254 D ASH     : @ 967152.627: tcs3701: start power rail timer, state:3
01-09 11:31:21.864  1086  1254 I ASH     : @ 967152.667: tcs3701: stop power rail pending_off timer
01-09 11:31:21.865  1086  1254 D ASH     : @ 967152.667: tcs3701: start power rail timer, state:3
01-09 11:31:21.905  1086  1254 I ASH     : @ 967152.707: tcs3701: stop power rail pending_off timer
01-09 11:31:21.905  1086  1254 D ASH     : @ 967152.707: tcs3701: start power rail timer, state:3
01-09 11:31:21.944  1086  1254 I ASH     : @ 967152.747: tcs3701: stop power rail pending_off timer
01-09 11:31:21.945  1086  1254 D ASH     : @ 967152.747: tcs3701: start power rail timer, state:3
01-09 11:31:21.985  1086  1254 I ASH     : @ 967152.787: tcs3701: stop power rail pending_off timer
01-09 11:31:21.985  1086  1254 D ASH     : @ 967152.787: tcs3701: start power rail timer, state:3
01-09 11:31:22.025  1086  1254 I ASH     : @ 967152.827: tcs3701: stop power rail pending_off timer
01-09 11:31:22.025  1086  1254 D ASH     : @ 967152.827: tcs3701: start power rail timer, state:3
01-09 11:31:22.065  1086  1254 I ASH     : @ 967152.867: tcs3701: stop power rail pending_off timer
01-09 11:31:22.065  1086  1254 D ASH     : @ 967152.867: tcs3701: start power rail timer, state:3
01-09 11:31:22.104  1086  1254 I ASH     : @ 967152.907: tcs3701: stop power rail pending_off timer
01-09 11:31:22.104  1086  1254 D ASH     : @ 967152.907: tcs3701: start power rail timer, state:3
01-09 11:31:22.144  1086  1254 I ASH     : @ 967152.947: tcs3701: stop power rail pending_off timer
01-09 11:31:22.144  1086  1254 D ASH     : @ 967152.947: tcs3701: start power rail timer, state:3
01-09 11:31:22.185  1086  1254 I ASH     : @ 967152.987: tcs3701: stop power rail pending_off timer
01-09 11:31:22.185  1086  1254 D ASH     : @ 967152.987: tcs3701: start power rail timer, state:3
01-09 11:31:22.225  1086  1254 I ASH     : @ 967153.027: tcs3701: stop power rail pending_off timer
01-09 11:31:22.225  1086  1254 D ASH     : @ 967153.027: tcs3701: start power rail timer, state:3
01-09 11:31:22.265  1086  1254 I ASH     : @ 967153.067: tcs3701: stop power rail pending_off timer
01-09 11:31:22.265  1086  1254 D ASH     : @ 967153.067: tcs3701: start power rail timer, state:3
01-09 11:31:22.304  1086  1254 I ASH     : @ 967153.107: tcs3701: stop power rail pending_off timer
01-09 11:31:22.305  1086  1254 D ASH     : @ 967153.107: tcs3701: start power rail timer, state:3
01-09 11:31:22.345  1086  1254 I ASH     : @ 967153.147: tcs3701: stop power rail pending_off timer
01-09 11:31:22.345  1086  1254 D ASH     : @ 967153.147: tcs3701: start power rail timer, state:3
01-09 11:31:22.385  1086  1254 I ASH     : @ 967153.187: tcs3701: stop power rail pending_off timer
01-09 11:31:22.385  1086  1254 D ASH     : @ 967153.187: tcs3701: start power rail timer, state:3
01-09 11:31:22.425  1086  1254 I ASH     : @ 967153.227: tcs3701: stop power rail pending_off timer
01-09 11:31:22.425  1086  1254 D ASH     : @ 967153.227: tcs3701: start power rail timer, state:3
01-09 11:31:22.465  1086  1254 I ASH     : @ 967153.267: tcs3701: stop power rail pending_off timer
01-09 11:31:22.465  1086  1254 D ASH     : @ 967153.267: tcs3701: start power rail timer, state:3
01-09 11:31:22.504  1086  1254 I ASH     : @ 967153.307: tcs3701: stop power rail pending_off timer
01-09 11:31:22.505  1086  1254 D ASH     : @ 967153.307: tcs3701: start power rail timer, state:3
01-09 11:31:22.545  1086  1254 I ASH     : @ 967153.347: tcs3701: stop power rail pending_off timer
01-09 11:31:22.545  1086  1254 D ASH     : @ 967153.347: tcs3701: start power rail timer, state:3
01-09 11:31:22.585  1086  1254 I ASH     : @ 967153.387: tcs3701: stop power rail pending_off timer
01-09 11:31:22.585  1086  1254 D ASH     : @ 967153.387: tcs3701: start power rail timer, state:3
01-09 11:31:22.625  1086  1254 I ASH     : @ 967153.427: tcs3701: stop power rail pending_off timer
01-09 11:31:22.625  1086  1254 D ASH     : @ 967153.427: tcs3701: start power rail timer, state:3
01-09 11:31:22.664  1086  1254 I ASH     : @ 967153.467: tcs3701: stop power rail pending_off timer
01-09 11:31:22.665  1086  1254 D ASH     : @ 967153.467: tcs3701: start power rail timer, state:3
01-09 11:31:22.705  1086  1254 I ASH     : @ 967153.507: tcs3701: stop power rail pending_off timer
01-09 11:31:22.705  1086  1254 D ASH     : @ 967153.507: tcs3701: start power rail timer, state:3
01-09 11:31:22.744  1086  1254 I ASH     : @ 967153.547: tcs3701: stop power rail pending_off timer
01-09 11:31:22.745  1086  1254 D ASH     : @ 967153.547: tcs3701: start power rail timer, state:3
01-09 11:31:22.785  1086  1254 I ASH     : @ 967153.587: tcs3701: stop power rail pending_off timer
01-09 11:31:22.785  1086  1254 D ASH     : @ 967153.587: tcs3701: start power rail timer, state:3
01-09 11:31:22.825  1086  1254 I ASH     : @ 967153.627: tcs3701: stop power rail pending_off timer
01-09 11:31:22.825  1086  1254 D ASH     : @ 967153.627: tcs3701: start power rail timer, state:3
01-09 11:31:22.864  1086  1254 I ASH     : @ 967153.667: tcs3701: stop power rail pending_off timer
01-09 11:31:22.865  1086  1254 D ASH     : @ 967153.667: tcs3701: start power rail timer, state:3
01-09 11:31:22.904  1086  1254 I ASH     : @ 967153.707: tcs3701: stop power rail pending_off timer
01-09 11:31:22.905  1086  1254 D ASH     : @ 967153.707: tcs3701: start power rail timer, state:3
01-09 11:31:22.944  1086  1254 I ASH     : @ 967153.747: tcs3701: stop power rail pending_off timer
01-09 11:31:22.945  1086  1254 D ASH     : @ 967153.747: tcs3701: start power rail timer, state:3
01-09 11:31:22.984  1086  1254 I ASH     : @ 967153.787: tcs3701: stop power rail pending_off timer
01-09 11:31:22.985  1086  1254 D ASH     : @ 967153.787: tcs3701: start power rail timer, state:3
01-09 11:31:22.988  1086  1254 I CHRE    : @ 967153.791: [GYRO_RPS] (s0, c0) Offset | Temp [C] | Quality: -0.001876, 0.001210, 0.001627 | 32.71 | 4
01-09 11:31:22.988  1086  1254 I CHRE    : @ 967153.791: [GYRO_RPS] (s0) Temp Sensitivity: 0.000030, -0.000034, 0.000027
01-09 11:31:22.988  1086  1254 I CHRE    : @ 967153.791: [GYRO_RPS] (s0) Temp Intercept: -0.002792, 0.002417, 0.000754
01-09 11:31:23.025  1086  1254 I ASH     : @ 967153.827: tcs3701: stop power rail pending_off timer
01-09 11:31:23.025  1086  1254 D ASH     : @ 967153.827: tcs3701: start power rail timer, state:3
01-09 11:31:23.065  1086  1254 I ASH     : @ 967153.867: tcs3701: stop power rail pending_off timer
01-09 11:31:23.065  1086  1254 D ASH     : @ 967153.867: tcs3701: start power rail timer, state:3
01-09 11:31:23.105  1086  1254 I ASH     : @ 967153.907: tcs3701: stop power rail pending_off timer
01-09 11:31:23.105  1086  1254 D ASH     : @ 967153.907: tcs3701: start power rail timer, state:3
01-09 11:31:23.145  1086  1254 I ASH     : @ 967153.947: tcs3701: stop power rail pending_off timer
01-09 11:31:23.145  1086  1254 D ASH     : @ 967153.947: tcs3701: start power rail timer, state:3
01-09 11:31:23.185  1086  1254 I ASH     : @ 967153.987: tcs3701: stop power rail pending_off timer
01-09 11:31:23.185  1086  1254 D ASH     : @ 967153.987: tcs3701: start power rail timer, state:3
01-09 11:31:23.224  1086  1254 I ASH     : @ 967154.027: tcs3701: stop power rail pending_off timer
01-09 11:31:23.225  1086  1254 D ASH     : @ 967154.027: tcs3701: start power rail timer, state:3
01-09 11:31:23.265  1086  1254 I ASH     : @ 967154.067: tcs3701: stop power rail pending_off timer
01-09 11:31:23.265  1086  1254 D ASH     : @ 967154.067: tcs3701: start power rail timer, state:3
01-09 11:31:23.305  1086  1254 I ASH     : @ 967154.107: tcs3701: stop power rail pending_off timer
01-09 11:31:23.305  1086  1254 D ASH     : @ 967154.107: tcs3701: start power rail timer, state:3
01-09 11:31:23.345  1086  1254 I ASH     : @ 967154.147: tcs3701: stop power rail pending_off timer
01-09 11:31:23.345  1086  1254 D ASH     : @ 967154.147: tcs3701: start power rail timer, state:3
01-09 11:31:23.385  1086  1254 I ASH     : @ 967154.187: tcs3701: stop power rail pending_off timer
01-09 11:31:23.385  1086  1254 D ASH     : @ 967154.187: tcs3701: start power rail timer, state:3
01-09 11:31:23.425  1086  1254 I ASH     : @ 967154.227: tcs3701: stop power rail pending_off timer
01-09 11:31:23.425  1086  1254 D ASH     : @ 967154.227: tcs3701: start power rail timer, state:3
01-09 11:31:23.465  1086  1254 I ASH     : @ 967154.267: tcs3701: stop power rail pending_off timer
01-09 11:31:23.465  1086  1254 D ASH     : @ 967154.267: tcs3701: start power rail timer, state:3
01-09 11:31:23.505  1086  1254 I ASH     : @ 967154.307: tcs3701: stop power rail pending_off timer
01-09 11:31:23.505  1086  1254 D ASH     : @ 967154.307: tcs3701: start power rail timer, state:3
01-09 11:31:23.545  1086  1254 I ASH     : @ 967154.347: tcs3701: stop power rail pending_off timer
01-09 11:31:23.545  1086  1254 D ASH     : @ 967154.347: tcs3701: start power rail timer, state:3
01-09 11:31:23.584  1086  1254 I ASH     : @ 967154.387: tcs3701: stop power rail pending_off timer
01-09 11:31:23.585  1086  1254 D ASH     : @ 967154.387: tcs3701: start power rail timer, state:3
01-09 11:31:23.625  1086  1254 I ASH     : @ 967154.427: tcs3701: stop power rail pending_off timer
01-09 11:31:23.625  1086  1254 D ASH     : @ 967154.427: tcs3701: start power rail timer, state:3
01-09 11:31:23.665  1086  1254 I ASH     : @ 967154.467: tcs3701: stop power rail pending_off timer
01-09 11:31:23.665  1086  1254 D ASH     : @ 967154.467: tcs3701: start power rail timer, state:3
01-09 11:31:23.705  1086  1254 I ASH     : @ 967154.507: tcs3701: stop power rail pending_off timer
01-09 11:31:23.705  1086  1254 D ASH     : @ 967154.507: tcs3701: start power rail timer, state:3
01-09 11:31:23.744  1086  1254 I ASH     : @ 967154.547: tcs3701: stop power rail pending_off timer
01-09 11:31:23.744  1086  1254 D ASH     : @ 967154.547: tcs3701: start power rail timer, state:3
01-09 11:31:23.785  1086  1254 I ASH     : @ 967154.587: tcs3701: stop power rail pending_off timer
01-09 11:31:23.785  1086  1254 D ASH     : @ 967154.587: tcs3701: start power rail timer, state:3
01-09 11:31:23.819 26141 26160 I Unity   : [showcase] entries: 6 (3 scene(s), 3 document(s))
01-09 11:31:23.819 26141 26160 I Unity   : UnityEngine.DebugLogHandler:Internal_Log(LogType, LogOption, String, Object)
01-09 11:31:23.819 26141 26160 I Unity   : Driftsys.Dashscene.Samples.DashsceneShowcase:Awake()
01-09 11:31:23.819 26141 26160 I Unity   : 
01-09 11:31:23.820 26141 26160 I IL2CPP  : Locale en-US
01-09 11:31:23.821 26141 26160 I Unity   : [showcase] drawable: 1080x2340 px, document framing 400
01-09 11:31:23.821 26141 26160 I Unity   : UnityEngine.DebugLogHandler:Internal_Log(LogType, LogOption, String, Object)
01-09 11:31:23.821 26141 26160 I Unity   : Driftsys.Dashscene.Samples.DashsceneShowcase:Awake()
01-09 11:31:23.821 26141 26160 I Unity   : 
01-09 11:31:23.825  1086  1254 I ASH     : @ 967154.627: tcs3701: stop power rail pending_off timer
01-09 11:31:23.825  1086  1254 D ASH     : @ 967154.627: tcs3701: start power rail timer, state:3
01-09 11:31:23.858  1785  3756 W SensorService: sensor 0000000b already enabled in connection 0xb4000070229b1830 (ignoring)
01-09 11:31:23.858  1086  1086 I sensors-hal: [hal]batch_physical_sensor:314, android.sensor.accelerometer/11, period=200000000, max_latency=0
01-09 11:31:23.858  1086  1086 I sensors-hal: [sensor]set_config:64, sample_period_ns is adjusted to 200000000 based on min/max delay_ns
01-09 11:31:23.858  1086  1086 I sensors-hal: [hal]batch_physical_sensor:323, android.sensor.accelerometer/11, period=200000000, max_latency=0 request completed
01-09 11:31:23.858  1086  1086 I sensors-hal: [hal]flush_physical_sensor:355, android.sensor.accelerometer/11
01-09 11:31:23.858  1086  1086 I sensors-hal: [hal]flush_physical_sensor:361, android.sensor.accelerometer/11 completed
01-09 11:31:23.859  1086  1086 I sensors-hal: [hal]batch_physical_sensor:314, android.sensor.accelerometer/11, period=20000000, max_latency=0
01-09 11:31:23.859  1086  1086 I sensors-hal: [sensor]set_config:64, sample_period_ns is adjusted to 20000000 based on min/max delay_ns
01-09 11:31:23.859  1086  1086 I sensors-hal: [hal]batch_physical_sensor:323, android.sensor.accelerometer/11, period=20000000, max_latency=0 request completed
01-09 11:31:23.859  1086 24676 I sensors-hal: [ssc_sensor]ssc_conn_resp_cb:686, resp_value = 0
01-09 11:31:23.859  1086 24676 I sensors-hal: [ssc_sensor]ssc_conn_resp_cb:686, resp_value = 0
01-09 11:31:23.860  1086 24676 I sensors-hal: [ssc_sensor]ssc_conn_resp_cb:686, resp_value = 0
01-09 11:31:23.865  1086  1254 I ASH     : @ 967154.668: tcs3701: stop power rail pending_off timer
01-09 11:31:23.865  1086  1254 D ASH     : @ 967154.668: tcs3701: start power rail timer, state:3
01-09 11:31:23.884 26141 26160 W Unity   : [dashscene] shadows: not drawn — this painter emits no shadow instance.
01-09 11:31:23.884 26141 26160 W Unity   : UnityEngine.DebugLogHandler:Internal_Log(LogType, LogOption, String, Object)
01-09 11:31:23.884 26141 26160 W Unity   : Driftsys.Dashscene.BrgPainter:Draw(FrameLease)
01-09 11:31:23.884 26141 26160 W Unity   : Driftsys.Dashscene.Samples.DashsceneShowcase:Update()
01-09 11:31:23.884 26141 26160 W Unity   : 
01-09 11:31:23.884 26141 26160 W Unity   : [dashscene] backdrop blurs: not drawn, and not fixable by adding a pass — a backdrop reads what the painter itself composited, and this painter's target also holds the engine's scene.
01-09 11:31:23.884 26141 26160 W Unity   : UnityEngine.DebugLogHandler:Internal_Log(LogType, LogOption, String, Object)
01-09 11:31:23.884 26141 26160 W Unity   : Driftsys.Dashscene.BrgPainter:Draw(FrameLease)
01-09 11:31:23.884 26141 26160 W Unity   : Driftsys.Dashscene.Samples.DashsceneShowcase:Update()
01-09 11:31:23.884 26141 26160 W Unity   : 
01-09 11:31:23.884 26141 26160 W Unity   : [dashscene] image fills: not drawn — no texture is uploaded from the payload.
01-09 11:31:23.884 26141 26160 W Unity   : UnityEngine.DebugLogHandler:Internal_Log(LogType, LogOption, String, Object)
01-09 11:31:23.884 26141 26160 W Unity   : Driftsys.Dashscene.BrgPainter:Draw(FrameLease)
01-09 11:31:23.884 26141 26160 W Unity   : Driftsys.Dashscene.Samples.DashsceneShowcase:Update()
01-09 11:31:23.884 26141 26160 W Unity   : 
01-09 11:31:23.885 26141 26160 W Unity   : [dashscene] baked vector nodes: not drawn — their outline is a coverage field rather than the parametric rounded box shaded here.
01-09 11:31:23.885 26141 26160 W Unity   : UnityEngine.DebugLogHandler:Internal_Log(LogType, LogOption, String, Object)
01-09 11:31:23.885 26141 26160 W Unity   : Driftsys.Dashscene.BrgPainter:Draw(FrameLease)
01-09 11:31:23.885 26141 26160 W Unity   : Driftsys.Dashscene.Samples.DashsceneShowcase:Update()
01-09 11:31:23.885 26141 26160 W Unity   : 
01-09 11:31:23.885 26141 26160 W Unity   : [dashscene] render-target groups: not composited — a translucent group's overlapping children are drawn twice.
01-09 11:31:23.885 26141 26160 W Unity   : UnityEngine.DebugLogHandler:Internal_Log(LogType, LogOption, String, Object)
01-09 11:31:23.885 26141 26160 W Unity   : Driftsys.Dashscene.BrgPainter:Draw(FrameLease)
01-09 11:31:23.885 26141 26160 W Unity   : Driftsys.Dashscene.Samples.DashsceneShowcase:Update()
01-09 11:31:23.885 26141 26160 W Unity   : 
01-09 11:31:23.885 26141 26160 W Unity   : [dashscene] 9 rect(s) affected, first at index 2. The document asked for these and this painter did not draw them.
01-09 11:31:23.885 26141 26160 W Unity   : UnityEngine.DebugLogHandler:Internal_Log(LogType, LogOption, String, Object)
01-09 11:31:23.885 26141 26160 W Unity   : Driftsys.Dashscene.BrgPainter:Draw(FrameLease)
01-09 11:31:23.885 26141 26160 W Unity   : Driftsys.Dashscene.Samples.DashsceneShowcase:Update()
01-09 11:31:23.885 26141 26160 W Unity   : 
01-09 11:31:23.886 26141 26160 I Unity   : [showcase] drew scene surfaces: 56 instance(s), rung ConstantBuffer, refused shadows: not drawn — this painter emits no shadow instance. backdrop blurs: not drawn, and not fixable by adding a pass — a backdrop reads what the painter itself composited, and this painter's target also holds the engine's scene. image fills: not drawn — no texture is uploaded from the payload. baked vector nodes: not drawn — their outline is a coverage field rather than the parametric rounded box shaded here. render-target groups: not composited — a translucent group's overlapping children are drawn twice. 9 rect(s) affected, first at index 2. The document asked for these and this painter did not draw them.
01-09 11:31:23.886 26141 26160 I Unity   : UnityEngine.DebugLogHandler:Internal_Log(LogType, LogOption, String, Object)
01-09 11:31:23.886 26141 26160 I Unity   : Driftsys.Dashscene.Samples.DashsceneShowcase:Update()
01-09 11:31:23.886 26141 26160 I Unity   : 
01-09 11:31:23.904  1086  1254 I ASH     : @ 967154.707: tcs3701: stop power rail pending_off timer
01-09 11:31:23.904  1086  1254 D ASH     : @ 967154.707: tcs3701: start power rail timer, state:3
01-09 11:31:23.945  1086  1254 I ASH     : @ 967154.747: tcs3701: stop power rail pending_off timer
01-09 11:31:23.945  1086  1254 D ASH     : @ 967154.747: tcs3701: start power rail timer, state:3
01-09 11:31:23.984  1086  1254 I ASH     : @ 967154.787: tcs3701: stop power rail pending_off timer
01-09 11:31:23.985  1086  1254 D ASH     : @ 967154.787: tcs3701: start power rail timer, state:3
01-09 11:31:24.025  1086  1254 I ASH     : @ 967154.827: tcs3701: stop power rail pending_off timer
01-09 11:31:24.025  1086  1254 D ASH     : @ 967154.827: tcs3701: start power rail timer, state:3
01-09 11:31:24.065  1086  1254 I ASH     : @ 967154.867: tcs3701: stop power rail pending_off timer
01-09 11:31:24.065  1086  1254 D ASH     : @ 967154.867: tcs3701: start power rail timer, state:3
01-09 11:31:24.105  1086  1254 I ASH     : @ 967154.907: tcs3701: stop power rail pending_off timer
01-09 11:31:24.105  1086  1254 D ASH     : @ 967154.907: tcs3701: start power rail timer, state:3
01-09 11:31:24.145  1086  1254 I ASH     : @ 967154.947: tcs3701: stop power rail pending_off timer
01-09 11:31:24.145  1086  1254 D ASH     : @ 967154.947: tcs3701: start power rail timer, state:3
01-09 11:31:24.185  1086  1254 I ASH     : @ 967154.987: tcs3701: stop power rail pending_off timer
01-09 11:31:24.185  1086  1254 D ASH     : @ 967154.987: tcs3701: start power rail timer, state:3
01-09 11:31:24.225  1086  1254 I ASH     : @ 967155.027: tcs3701: stop power rail pending_off timer
01-09 11:31:24.225  1086  1254 D ASH     : @ 967155.027: tcs3701: start power rail timer, state:3
01-09 11:31:24.265  1086  1254 I ASH     : @ 967155.067: tcs3701: stop power rail pending_off timer
01-09 11:31:24.265  1086  1254 D ASH     : @ 967155.067: tcs3701: start power rail timer, state:3
01-09 11:31:24.305  1086  1254 I ASH     : @ 967155.107: tcs3701: stop power rail pending_off timer
01-09 11:31:24.305  1086  1254 D ASH     : @ 967155.107: tcs3701: start power rail timer, state:3
01-09 11:31:24.344  1086  1254 I ASH     : @ 967155.147: tcs3701: stop power rail pending_off timer
01-09 11:31:24.345  1086  1254 D ASH     : @ 967155.147: tcs3701: start power rail timer, state:3
01-09 11:31:24.385  1086  1254 I ASH     : @ 967155.187: tcs3701: stop power rail pending_off timer
01-09 11:31:24.385  1086  1254 D ASH     : @ 967155.187: tcs3701: start power rail timer, state:3
01-09 11:31:24.425  1086  1254 I ASH     : @ 967155.227: tcs3701: stop power rail pending_off timer
01-09 11:31:24.425  1086  1254 D ASH     : @ 967155.227: tcs3701: start power rail timer, state:3
01-09 11:31:24.465  1086  1254 I ASH     : @ 967155.267: tcs3701: stop power rail pending_off timer
01-09 11:31:24.465  1086  1254 D ASH     : @ 967155.267: tcs3701: start power rail timer, state:3
01-09 11:31:24.505  1086  1254 I ASH     : @ 967155.307: tcs3701: stop power rail pending_off timer
01-09 11:31:24.505  1086  1254 D ASH     : @ 967155.307: tcs3701: start power rail timer, state:3
01-09 11:31:24.545  1086  1254 I ASH     : @ 967155.347: tcs3701: stop power rail pending_off timer
01-09 11:31:24.545  1086  1254 D ASH     : @ 967155.347: tcs3701: start power rail timer, state:3
01-09 11:31:24.584  1086  1254 I ASH     : @ 967155.387: tcs3701: stop power rail pending_off timer
01-09 11:31:24.585  1086  1254 D ASH     : @ 967155.387: tcs3701: start power rail timer, state:3
01-09 11:31:24.625  1086  1254 I ASH     : @ 967155.427: tcs3701: stop power rail pending_off timer
01-09 11:31:24.625  1086  1254 D ASH     : @ 967155.427: tcs3701: start power rail timer, state:3
01-09 11:31:24.664  1086  1254 I ASH     : @ 967155.467: tcs3701: stop power rail pending_off timer
01-09 11:31:24.665  1086  1254 D ASH     : @ 967155.467: tcs3701: start power rail timer, state:3
01-09 11:31:24.705  1086  1254 I ASH     : @ 967155.507: tcs3701: stop power rail pending_off timer
01-09 11:31:24.705  1086  1254 D ASH     : @ 967155.507: tcs3701: start power rail timer, state:3
01-09 11:31:24.744  1086  1254 I ASH     : @ 967155.547: tcs3701: stop power rail pending_off timer
01-09 11:31:24.745  1086  1254 D ASH     : @ 967155.547: tcs3701: start power rail timer, state:3
01-09 11:31:24.785  1086  1254 I ASH     : @ 967155.587: tcs3701: stop power rail pending_off timer
01-09 11:31:24.785  1086  1254 D ASH     : @ 967155.587: tcs3701: start power rail timer, state:3
01-09 11:31:24.825  1086  1254 I ASH     : @ 967155.627: tcs3701: stop power rail pending_off timer
01-09 11:31:24.825  1086  1254 D ASH     : @ 967155.627: tcs3701: start power rail timer, state:3
01-09 11:31:24.864  1086  1254 I ASH     : @ 967155.667: tcs3701: stop power rail pending_off timer
01-09 11:31:24.865  1086  1254 D ASH     : @ 967155.667: tcs3701: start power rail timer, state:3
01-09 11:31:24.905  1086  1254 I ASH     : @ 967155.707: tcs3701: stop power rail pending_off timer
01-09 11:31:24.905  1086  1254 D ASH     : @ 967155.707: tcs3701: start power rail timer, state:3
01-09 11:31:24.945  1086  1254 I ASH     : @ 967155.747: tcs3701: stop power rail pending_off timer
01-09 11:31:24.945  1086  1254 D ASH     : @ 967155.747: tcs3701: start power rail timer, state:3
01-09 11:31:24.985  1086  1254 I ASH     : @ 967155.787: tcs3701: stop power rail pending_off timer
01-09 11:31:24.985  1086  1254 D ASH     : @ 967155.787: tcs3701: start power rail timer, state:3
01-09 11:31:25.025  1086  1254 I ASH     : @ 967155.827: tcs3701: stop power rail pending_off timer
01-09 11:31:25.025  1086  1254 D ASH     : @ 967155.827: tcs3701: start power rail timer, state:3
01-09 11:31:25.065  1086  1254 I ASH     : @ 967155.867: tcs3701: stop power rail pending_off timer
01-09 11:31:25.065  1086  1254 D ASH     : @ 967155.867: tcs3701: start power rail timer, state:3
01-09 11:31:25.104  1086  1254 I ASH     : @ 967155.907: tcs3701: stop power rail pending_off timer
01-09 11:31:25.105  1086  1254 D ASH     : @ 967155.907: tcs3701: start power rail timer, state:3
01-09 11:31:25.145  1086  1254 I ASH     : @ 967155.947: tcs3701: stop power rail pending_off timer
01-09 11:31:25.145  1086  1254 D ASH     : @ 967155.947: tcs3701: start power rail timer, state:3
01-09 11:31:25.185  1086  1254 I ASH     : @ 967155.987: tcs3701: stop power rail pending_off timer
01-09 11:31:25.185  1086  1254 D ASH     : @ 967155.987: tcs3701: start power rail timer, state:3
01-09 11:31:25.225  1086  1254 I ASH     : @ 967156.027: tcs3701: stop power rail pending_off timer
01-09 11:31:25.225  1086  1254 D ASH     : @ 967156.027: tcs3701: start power rail timer, state:3
01-09 11:31:25.264  1086  1254 I ASH     : @ 967156.067: tcs3701: stop power rail pending_off timer
01-09 11:31:25.265  1086  1254 D ASH     : @ 967156.067: tcs3701: start power rail timer, state:3
01-09 11:31:25.304  1086  1254 I ASH     : @ 967156.107: tcs3701: stop power rail pending_off timer
01-09 11:31:25.305  1086  1254 D ASH     : @ 967156.107: tcs3701: start power rail timer, state:3
01-09 11:31:25.344  1086  1254 I ASH     : @ 967156.147: tcs3701: stop power rail pending_off timer
01-09 11:31:25.345  1086  1254 D ASH     : @ 967156.147: tcs3701: start power rail timer, state:3
01-09 11:31:25.385  1086  1254 I ASH     : @ 967156.187: tcs3701: stop power rail pending_off timer
01-09 11:31:25.385  1086  1254 D ASH     : @ 967156.187: tcs3701: start power rail timer, state:3
01-09 11:31:25.425  1086  1254 I ASH     : @ 967156.227: tcs3701: stop power rail pending_off timer
01-09 11:31:25.425  1086  1254 D ASH     : @ 967156.227: tcs3701: start power rail timer, state:3
01-09 11:31:25.465  1086  1254 I ASH     : @ 967156.267: tcs3701: stop power rail pending_off timer
01-09 11:31:25.465  1086  1254 D ASH     : @ 967156.267: tcs3701: start power rail timer, state:3
01-09 11:31:25.505  1086  1254 I ASH     : @ 967156.307: tcs3701: stop power rail pending_off timer
01-09 11:31:25.505  1086  1254 D ASH     : @ 967156.307: tcs3701: start power rail timer, state:3
01-09 11:31:25.545  1086  1254 I ASH     : @ 967156.347: tcs3701: stop power rail pending_off timer
01-09 11:31:25.545  1086  1254 D ASH     : @ 967156.347: tcs3701: start power rail timer, state:3
01-09 11:31:25.585  1086  1254 I ASH     : @ 967156.387: tcs3701: stop power rail pending_off timer
01-09 11:31:25.585  1086  1254 D ASH     : @ 967156.387: tcs3701: start power rail timer, state:3
01-09 11:31:25.624  1086  1254 I ASH     : @ 967156.427: tcs3701: stop power rail pending_off timer
01-09 11:31:25.625  1086  1254 D ASH     : @ 967156.427: tcs3701: start power rail timer, state:3
01-09 11:31:25.664  1086  1254 I ASH     : @ 967156.467: tcs3701: stop power rail pending_off timer
01-09 11:31:25.665  1086  1254 D ASH     : @ 967156.467: tcs3701: start power rail timer, state:3
01-09 11:31:25.705  1086  1254 I ASH     : @ 967156.507: tcs3701: stop power rail pending_off timer
01-09 11:31:25.705  1086  1254 D ASH     : @ 967156.507: tcs3701: start power rail timer, state:3
01-09 11:31:25.745  1086  1254 I ASH     : @ 967156.547: tcs3701: stop power rail pending_off timer
01-09 11:31:25.745  1086  1254 D ASH     : @ 967156.547: tcs3701: start power rail timer, state:3
01-09 11:31:25.787  1086  1254 I ASH     : @ 967156.587: tcs3701: stop power rail pending_off timer
01-09 11:31:25.787  1086  1254 D ASH     : @ 967156.587: tcs3701: start power rail timer, state:3
01-09 11:31:25.825  1086  1254 I ASH     : @ 967156.627: tcs3701: stop power rail pending_off timer
01-09 11:31:25.825  1086  1254 D ASH     : @ 967156.627: tcs3701: start power rail timer, state:3
01-09 11:31:25.864  1086  1254 I ASH     : @ 967156.667: tcs3701: stop power rail pending_off timer
01-09 11:31:25.865  1086  1254 D ASH     : @ 967156.667: tcs3701: start power rail timer, state:3
01-09 11:31:25.905  1086  1254 I ASH     : @ 967156.707: tcs3701: stop power rail pending_off timer
01-09 11:31:25.905  1086  1254 D ASH     : @ 967156.707: tcs3701: start power rail timer, state:3
01-09 11:31:25.945  1086  1254 I ASH     : @ 967156.747: tcs3701: stop power rail pending_off timer
01-09 11:31:25.945  1086  1254 D ASH     : @ 967156.747: tcs3701: start power rail timer, state:3
01-09 11:31:25.985  1086  1254 I ASH     : @ 967156.787: tcs3701: stop power rail pending_off timer
01-09 11:31:25.985  1086  1254 D ASH     : @ 967156.787: tcs3701: start power rail timer, state:3
01-09 11:31:26.024  1086  1254 I ASH     : @ 967156.827: tcs3701: stop power rail pending_off timer
01-09 11:31:26.025  1086  1254 D ASH     : @ 967156.827: tcs3701: start power rail timer, state:3
01-09 11:31:26.065  1086  1254 I ASH     : @ 967156.867: tcs3701: stop power rail pending_off timer
01-09 11:31:26.065  1086  1254 D ASH     : @ 967156.867: tcs3701: start power rail timer, state:3
01-09 11:31:26.105  1086  1254 I ASH     : @ 967156.907: tcs3701: stop power rail pending_off timer
01-09 11:31:26.105  1086  1254 D ASH     : @ 967156.907: tcs3701: start power rail timer, state:3
01-09 11:31:26.145  1086  1254 I ASH     : @ 967156.947: tcs3701: stop power rail pending_off timer
01-09 11:31:26.145  1086  1254 D ASH     : @ 967156.947: tcs3701: start power rail timer, state:3
01-09 11:31:26.185  1086  1254 I ASH     : @ 967156.987: tcs3701: stop power rail pending_off timer
01-09 11:31:26.185  1086  1254 D ASH     : @ 967156.987: tcs3701: start power rail timer, state:3
01-09 11:31:26.224  1086  1254 I ASH     : @ 967157.027: tcs3701: stop power rail pending_off timer
01-09 11:31:26.225  1086  1254 D ASH     : @ 967157.027: tcs3701: start power rail timer, state:3
01-09 11:31:26.265  1086  1254 I ASH     : @ 967157.067: tcs3701: stop power rail pending_off timer
01-09 11:31:26.265  1086  1254 D ASH     : @ 967157.067: tcs3701: start power rail timer, state:3
01-09 11:31:26.305  1086  1254 I ASH     : @ 967157.107: tcs3701: stop power rail pending_off timer
01-09 11:31:26.305  1086  1254 D ASH     : @ 967157.107: tcs3701: start power rail timer, state:3
01-09 11:31:26.345  1086  1254 I ASH     : @ 967157.147: tcs3701: stop power rail pending_off timer
01-09 11:31:26.345  1086  1254 D ASH     : @ 967157.147: tcs3701: start power rail timer, state:3
01-09 11:31:26.384  1086  1254 I ASH     : @ 967157.187: tcs3701: stop power rail pending_off timer
01-09 11:31:26.385  1086  1254 D ASH     : @ 967157.187: tcs3701: start power rail timer, state:3
01-09 11:31:26.425  1086  1254 I ASH     : @ 967157.227: tcs3701: stop power rail pending_off timer
01-09 11:31:26.425  1086  1254 D ASH     : @ 967157.227: tcs3701: start power rail timer, state:3
01-09 11:31:26.465  1086  1254 I ASH     : @ 967157.267: tcs3701: stop power rail pending_off timer
01-09 11:31:26.465  1086  1254 D ASH     : @ 967157.267: tcs3701: start power rail timer, state:3
01-09 11:31:26.505  1086  1254 I ASH     : @ 967157.307: tcs3701: stop power rail pending_off timer
01-09 11:31:26.505  1086  1254 D ASH     : @ 967157.307: tcs3701: start power rail timer, state:3
01-09 11:31:26.545  1086  1254 I ASH     : @ 967157.347: tcs3701: stop power rail pending_off timer
01-09 11:31:26.545  1086  1254 D ASH     : @ 967157.347: tcs3701: start power rail timer, state:3
01-09 11:31:26.585  1086  1254 I ASH     : @ 967157.387: tcs3701: stop power rail pending_off timer
01-09 11:31:26.585  1086  1254 D ASH     : @ 967157.387: tcs3701: start power rail timer, state:3
01-09 11:31:26.624  1086  1254 I ASH     : @ 967157.427: tcs3701: stop power rail pending_off timer
01-09 11:31:26.625  1086  1254 D ASH     : @ 967157.427: tcs3701: start power rail timer, state:3
01-09 11:31:26.664  1086  1254 I ASH     : @ 967157.467: tcs3701: stop power rail pending_off timer
01-09 11:31:26.665  1086  1254 D ASH     : @ 967157.467: tcs3701: start power rail timer, state:3
01-09 11:31:26.704  1086  1254 I ASH     : @ 967157.507: tcs3701: stop power rail pending_off timer
01-09 11:31:26.705  1086  1254 D ASH     : @ 967157.507: tcs3701: start power rail timer, state:3
01-09 11:31:26.745  1086  1254 I ASH     : @ 967157.547: tcs3701: stop power rail pending_off timer
01-09 11:31:26.745  1086  1254 D ASH     : @ 967157.547: tcs3701: start power rail timer, state:3
01-09 11:31:26.785  1086  1254 I ASH     : @ 967157.587: tcs3701: stop power rail pending_off timer
01-09 11:31:26.785  1086  1254 D ASH     : @ 967157.587: tcs3701: start power rail timer, state:3
01-09 11:31:26.824  1086  1254 I ASH     : @ 967157.627: tcs3701: stop power rail pending_off timer
01-09 11:31:26.825  1086  1254 D ASH     : @ 967157.627: tcs3701: start power rail timer, state:3
01-09 11:31:26.865  1086  1254 I ASH     : @ 967157.667: tcs3701: stop power rail pending_off timer
01-09 11:31:26.865  1086  1254 D ASH     : @ 967157.667: tcs3701: start power rail timer, state:3
01-09 11:31:26.905  1086  1254 I ASH     : @ 967157.707: tcs3701: stop power rail pending_off timer
01-09 11:31:26.905  1086  1254 D ASH     : @ 967157.707: tcs3701: start power rail timer, state:3
01-09 11:31:26.945  1086  1254 I ASH     : @ 967157.747: tcs3701: stop power rail pending_off timer
01-09 11:31:26.945  1086  1254 D ASH     : @ 967157.747: tcs3701: start power rail timer, state:3
01-09 11:31:26.984  1086  1254 I ASH     : @ 967157.787: tcs3701: stop power rail pending_off timer
01-09 11:31:26.985  1086  1254 D ASH     : @ 967157.787: tcs3701: start power rail timer, state:3
01-09 11:31:27.025  1086  1254 I ASH     : @ 967157.827: tcs3701: stop power rail pending_off timer
01-09 11:31:27.025  1086  1254 D ASH     : @ 967157.827: tcs3701: start power rail timer, state:3
01-09 11:31:27.064  1086  1254 I ASH     : @ 967157.867: tcs3701: stop power rail pending_off timer
01-09 11:31:27.065  1086  1254 D ASH     : @ 967157.867: tcs3701: start power rail timer, state:3
01-09 11:31:27.105  1086  1254 I ASH     : @ 967157.907: tcs3701: stop power rail pending_off timer
01-09 11:31:27.105  1086  1254 D ASH     : @ 967157.907: tcs3701: start power rail timer, state:3
01-09 11:31:27.145  1086  1254 I ASH     : @ 967157.947: tcs3701: stop power rail pending_off timer
01-09 11:31:27.145  1086  1254 D ASH     : @ 967157.947: tcs3701: start power rail timer, state:3
01-09 11:31:27.184  1086  1254 I ASH     : @ 967157.987: tcs3701: stop power rail pending_off timer
01-09 11:31:27.185  1086  1254 D ASH     : @ 967157.987: tcs3701: start power rail timer, state:3
01-09 11:31:27.225  1086  1254 I ASH     : @ 967158.027: tcs3701: stop power rail pending_off timer
01-09 11:31:27.225  1086  1254 D ASH     : @ 967158.027: tcs3701: start power rail timer, state:3
01-09 11:31:27.265  1086  1254 I ASH     : @ 967158.067: tcs3701: stop power rail pending_off timer
01-09 11:31:27.265  1086  1254 D ASH     : @ 967158.067: tcs3701: start power rail timer, state:3
01-09 11:31:27.305  1086  1254 I ASH     : @ 967158.107: tcs3701: stop power rail pending_off timer
01-09 11:31:27.305  1086  1254 D ASH     : @ 967158.107: tcs3701: start power rail timer, state:3
01-09 11:31:27.345  1086  1254 I ASH     : @ 967158.147: tcs3701: stop power rail pending_off timer
01-09 11:31:27.345  1086  1254 D ASH     : @ 967158.147: tcs3701: start power rail timer, state:3
01-09 11:31:27.385  1086  1254 I ASH     : @ 967158.187: tcs3701: stop power rail pending_off timer
01-09 11:31:27.385  1086  1254 D ASH     : @ 967158.187: tcs3701: start power rail timer, state:3
01-09 11:31:27.425  1086  1254 I ASH     : @ 967158.227: tcs3701: stop power rail pending_off timer
01-09 11:31:27.425  1086  1254 D ASH     : @ 967158.227: tcs3701: start power rail timer, state:3
01-09 11:31:27.465  1086  1254 I ASH     : @ 967158.267: tcs3701: stop power rail pending_off timer
01-09 11:31:27.465  1086  1254 D ASH     : @ 967158.267: tcs3701: start power rail timer, state:3
01-09 11:31:27.505  1086  1254 I ASH     : @ 967158.307: tcs3701: stop power rail pending_off timer
01-09 11:31:27.505  1086  1254 D ASH     : @ 967158.307: tcs3701: start power rail timer, state:3
01-09 11:31:27.545  1086  1254 I ASH     : @ 967158.347: tcs3701: stop power rail pending_off timer
01-09 11:31:27.545  1086  1254 D ASH     : @ 967158.347: tcs3701: start power rail timer, state:3
01-09 11:31:27.584  1086  1254 I ASH     : @ 967158.387: tcs3701: stop power rail pending_off timer
01-09 11:31:27.585  1086  1254 D ASH     : @ 967158.387: tcs3701: start power rail timer, state:3
01-09 11:31:27.625  1086  1254 I ASH     : @ 967158.427: tcs3701: stop power rail pending_off timer
01-09 11:31:27.625  1086  1254 D ASH     : @ 967158.427: tcs3701: start power rail timer, state:3
01-09 11:31:27.665  1086  1254 I ASH     : @ 967158.467: tcs3701: stop power rail pending_off timer
01-09 11:31:27.665  1086  1254 D ASH     : @ 967158.467: tcs3701: start power rail timer, state:3
01-09 11:31:27.705  1086  1254 I ASH     : @ 967158.507: tcs3701: stop power rail pending_off timer
01-09 11:31:27.705  1086  1254 D ASH     : @ 967158.507: tcs3701: start power rail timer, state:3
01-09 11:31:27.745  1086  1254 I ASH     : @ 967158.547: tcs3701: stop power rail pending_off timer
01-09 11:31:27.745  1086  1254 D ASH     : @ 967158.547: tcs3701: start power rail timer, state:3
01-09 11:31:27.785  1086  1254 I ASH     : @ 967158.587: tcs3701: stop power rail pending_off timer
01-09 11:31:27.785  1086  1254 D ASH     : @ 967158.587: tcs3701: start power rail timer, state:3
01-09 11:31:27.825  1086  1254 I ASH     : @ 967158.627: tcs3701: stop power rail pending_off timer
01-09 11:31:27.826  1086  1254 D ASH     : @ 967158.627: tcs3701: start power rail timer, state:3
01-09 11:31:27.865  1086  1254 I ASH     : @ 967158.667: tcs3701: stop power rail pending_off timer
01-09 11:31:27.865  1086  1254 D ASH     : @ 967158.667: tcs3701: start power rail timer, state:3
01-09 11:31:27.905  1086  1254 I ASH     : @ 967158.707: tcs3701: stop power rail pending_off timer
01-09 11:31:27.905  1086  1254 D ASH     : @ 967158.707: tcs3701: start power rail timer, state:3
01-09 11:31:27.945  1086  1254 I ASH     : @ 967158.747: tcs3701: stop power rail pending_off timer
01-09 11:31:27.945  1086  1254 D ASH     : @ 967158.747: tcs3701: start power rail timer, state:3
01-09 11:31:27.985  1086  1254 I ASH     : @ 967158.787: tcs3701: stop power rail pending_off timer
01-09 11:31:27.985  1086  1254 D ASH     : @ 967158.787: tcs3701: start power rail timer, state:3
01-09 11:31:28.025  1086  1254 I ASH     : @ 967158.827: tcs3701: stop power rail pending_off timer
01-09 11:31:28.025  1086  1254 D ASH     : @ 967158.827: tcs3701: start power rail timer, state:3
01-09 11:31:28.065  1086  1254 I ASH     : @ 967158.867: tcs3701: stop power rail pending_off timer
01-09 11:31:28.065  1086  1254 D ASH     : @ 967158.867: tcs3701: start power rail timer, state:3
01-09 11:31:28.105  1086  1254 I ASH     : @ 967158.907: tcs3701: stop power rail pending_off timer
01-09 11:31:28.105  1086  1254 D ASH     : @ 967158.907: tcs3701: start power rail timer, state:3
01-09 11:31:28.145  1086  1254 I ASH     : @ 967158.947: tcs3701: stop power rail pending_off timer
01-09 11:31:28.145  1086  1254 D ASH     : @ 967158.947: tcs3701: start power rail timer, state:3
01-09 11:31:28.185  1086  1254 I ASH     : @ 967158.987: tcs3701: stop power rail pending_off timer
01-09 11:31:28.185  1086  1254 D ASH     : @ 967158.987: tcs3701: start power rail timer, state:3
01-09 11:31:28.225  1086  1254 I ASH     : @ 967159.027: tcs3701: stop power rail pending_off timer
01-09 11:31:28.226  1086  1254 D ASH     : @ 967159.027: tcs3701: start power rail timer, state:3
01-09 11:31:28.264  1086  1254 I ASH     : @ 967159.067: tcs3701: stop power rail pending_off timer
01-09 11:31:28.265  1086  1254 D ASH     : @ 967159.067: tcs3701: start power rail timer, state:3
01-09 11:31:28.305  1086  1254 I ASH     : @ 967159.107: tcs3701: stop power rail pending_off timer
01-09 11:31:28.305  1086  1254 D ASH     : @ 967159.107: tcs3701: start power rail timer, state:3
01-09 11:31:28.345  1086  1254 I ASH     : @ 967159.147: tcs3701: stop power rail pending_off timer
01-09 11:31:28.345  1086  1254 D ASH     : @ 967159.147: tcs3701: start power rail timer, state:3
01-09 11:31:28.384  1086  1254 I ASH     : @ 967159.187: tcs3701: stop power rail pending_off timer
01-09 11:31:28.385  1086  1254 D ASH     : @ 967159.187: tcs3701: start power rail timer, state:3
01-09 11:31:28.425  1086  1254 I ASH     : @ 967159.227: tcs3701: stop power rail pending_off timer
01-09 11:31:28.425  1086  1254 D ASH     : @ 967159.227: tcs3701: start power rail timer, state:3
01-09 11:31:28.465  1086  1254 I ASH     : @ 967159.267: tcs3701: stop power rail pending_off timer
01-09 11:31:28.465  1086  1254 D ASH     : @ 967159.267: tcs3701: start power rail timer, state:3
01-09 11:31:28.505  1086  1254 I ASH     : @ 967159.307: tcs3701: stop power rail pending_off timer
01-09 11:31:28.505  1086  1254 D ASH     : @ 967159.307: tcs3701: start power rail timer, state:3
01-09 11:31:28.545  1086  1254 I ASH     : @ 967159.347: tcs3701: stop power rail pending_off timer
01-09 11:31:28.545  1086  1254 D ASH     : @ 967159.347: tcs3701: start power rail timer, state:3
01-09 11:31:28.585  1086  1254 I ASH     : @ 967159.387: tcs3701: stop power rail pending_off timer
01-09 11:31:28.585  1086  1254 D ASH     : @ 967159.387: tcs3701: start power rail timer, state:3
01-09 11:31:28.625  1086  1254 I ASH     : @ 967159.427: tcs3701: stop power rail pending_off timer
01-09 11:31:28.625  1086  1254 D ASH     : @ 967159.427: tcs3701: start power rail timer, state:3
01-09 11:31:28.665  1086  1254 I ASH     : @ 967159.467: tcs3701: stop power rail pending_off timer
01-09 11:31:28.665  1086  1254 D ASH     : @ 967159.467: tcs3701: start power rail timer, state:3
01-09 11:31:28.705  1086  1254 I ASH     : @ 967159.507: tcs3701: stop power rail pending_off timer
01-09 11:31:28.705  1086  1254 D ASH     : @ 967159.507: tcs3701: start power rail timer, state:3
01-09 11:31:28.745  1086  1254 I ASH     : @ 967159.547: tcs3701: stop power rail pending_off timer
01-09 11:31:28.745  1086  1254 D ASH     : @ 967159.547: tcs3701: start power rail timer, state:3
01-09 11:31:28.785  1086  1254 I ASH     : @ 967159.587: tcs3701: stop power rail pending_off timer
01-09 11:31:28.785  1086  1254 D ASH     : @ 967159.587: tcs3701: start power rail timer, state:3
01-09 11:31:28.825  1086  1254 I ASH     : @ 967159.627: tcs3701: stop power rail pending_off timer
01-09 11:31:28.825  1086  1254 D ASH     : @ 967159.627: tcs3701: start power rail timer, state:3
01-09 11:31:28.865  1086  1254 I ASH     : @ 967159.667: tcs3701: stop power rail pending_off timer
01-09 11:31:28.865  1086  1254 D ASH     : @ 967159.667: tcs3701: start power rail timer, state:3
01-09 11:31:28.904  1086  1254 I ASH     : @ 967159.707: tcs3701: stop power rail pending_off timer
01-09 11:31:28.905  1086  1254 D ASH     : @ 967159.707: tcs3701: start power rail timer, state:3
01-09 11:31:28.945  1086  1254 I ASH     : @ 967159.747: tcs3701: stop power rail pending_off timer
01-09 11:31:28.945  1086  1254 D ASH     : @ 967159.747: tcs3701: start power rail timer, state:3
01-09 11:31:28.984  1086  1254 I ASH     : @ 967159.787: tcs3701: stop power rail pending_off timer
01-09 11:31:28.985  1086  1254 D ASH     : @ 967159.787: tcs3701: start power rail timer, state:3
01-09 11:31:29.025  1086  1254 I ASH     : @ 967159.827: tcs3701: stop power rail pending_off timer
01-09 11:31:29.025  1086  1254 D ASH     : @ 967159.827: tcs3701: start power rail timer, state:3
01-09 11:31:29.065  1086  1254 I ASH     : @ 967159.867: tcs3701: stop power rail pending_off timer
01-09 11:31:29.065  1086  1254 D ASH     : @ 967159.867: tcs3701: start power rail timer, state:3
01-09 11:31:29.105  1086  1254 I ASH     : @ 967159.907: tcs3701: stop power rail pending_off timer
01-09 11:31:29.105  1086  1254 D ASH     : @ 967159.907: tcs3701: start power rail timer, state:3
01-09 11:31:29.145  1086  1254 I ASH     : @ 967159.947: tcs3701: stop power rail pending_off timer
01-09 11:31:29.145  1086  1254 D ASH     : @ 967159.947: tcs3701: start power rail timer, state:3
01-09 11:31:29.185  1086  1254 I ASH     : @ 967159.987: tcs3701: stop power rail pending_off timer
01-09 11:31:29.185  1086  1254 D ASH     : @ 967159.987: tcs3701: start power rail timer, state:3
01-09 11:31:29.225  1086  1254 I ASH     : @ 967160.027: tcs3701: stop power rail pending_off timer
01-09 11:31:29.225  1086  1254 D ASH     : @ 967160.027: tcs3701: start power rail timer, state:3
01-09 11:31:29.265  1086  1254 I ASH     : @ 967160.067: tcs3701: stop power rail pending_off timer
01-09 11:31:29.265  1086  1254 D ASH     : @ 967160.067: tcs3701: start power rail timer, state:3
01-09 11:31:29.305  1086  1254 I ASH     : @ 967160.107: tcs3701: stop power rail pending_off timer
01-09 11:31:29.305  1086  1254 D ASH     : @ 967160.107: tcs3701: start power rail timer, state:3
01-09 11:31:29.345  1086  1254 I ASH     : @ 967160.147: tcs3701: stop power rail pending_off timer
01-09 11:31:29.345  1086  1254 D ASH     : @ 967160.147: tcs3701: start power rail timer, state:3
01-09 11:31:29.385  1086  1254 I ASH     : @ 967160.187: tcs3701: stop power rail pending_off timer
01-09 11:31:29.385  1086  1254 D ASH     : @ 967160.187: tcs3701: start power rail timer, state:3
01-09 11:31:29.425  1086  1254 I ASH     : @ 967160.227: tcs3701: stop power rail pending_off timer
01-09 11:31:29.425  1086  1254 D ASH     : @ 967160.227: tcs3701: start power rail timer, state:3
01-09 11:31:29.465  1086  1254 I ASH     : @ 967160.267: tcs3701: stop power rail pending_off timer
01-09 11:31:29.465  1086  1254 D ASH     : @ 967160.267: tcs3701: start power rail timer, state:3
01-09 11:31:29.504  1086  1254 I ASH     : @ 967160.307: tcs3701: stop power rail pending_off timer
01-09 11:31:29.505  1086  1254 D ASH     : @ 967160.307: tcs3701: start power rail timer, state:3
01-09 11:31:29.545  1086  1254 I ASH     : @ 967160.347: tcs3701: stop power rail pending_off timer
01-09 11:31:29.545  1086  1254 D ASH     : @ 967160.347: tcs3701: start power rail timer, state:3
01-09 11:31:29.585  1086  1254 I ASH     : @ 967160.387: tcs3701: stop power rail pending_off timer
01-09 11:31:29.585  1086  1254 D ASH     : @ 967160.387: tcs3701: start power rail timer, state:3
01-09 11:31:29.624  1086  1254 I ASH     : @ 967160.427: tcs3701: stop power rail pending_off timer
01-09 11:31:29.625  1086  1254 D ASH     : @ 967160.427: tcs3701: start power rail timer, state:3
01-09 11:31:29.664  1086  1254 I ASH     : @ 967160.467: tcs3701: stop power rail pending_off timer
01-09 11:31:29.665  1086  1254 D ASH     : @ 967160.467: tcs3701: start power rail timer, state:3
01-09 11:31:29.705  1086  1254 I ASH     : @ 967160.507: tcs3701: stop power rail pending_off timer
01-09 11:31:29.705  1086  1254 D ASH     : @ 967160.507: tcs3701: start power rail timer, state:3
01-09 11:31:29.745  1086  1254 I ASH     : @ 967160.547: tcs3701: stop power rail pending_off timer
01-09 11:31:29.745  1086  1254 D ASH     : @ 967160.547: tcs3701: start power rail timer, state:3
01-09 11:31:29.785  1086  1254 I ASH     : @ 967160.587: tcs3701: stop power rail pending_off timer
01-09 11:31:29.785  1086  1254 D ASH     : @ 967160.587: tcs3701: start power rail timer, state:3
01-09 11:31:29.825  1086  1254 I ASH     : @ 967160.627: tcs3701: stop power rail pending_off timer
01-09 11:31:29.825  1086  1254 D ASH     : @ 967160.627: tcs3701: start power rail timer, state:3
01-09 11:31:29.865  1086  1254 I ASH     : @ 967160.667: tcs3701: stop power rail pending_off timer
01-09 11:31:29.865  1086  1254 D ASH     : @ 967160.667: tcs3701: start power rail timer, state:3
01-09 11:31:29.905  1086  1254 I ASH     : @ 967160.707: tcs3701: stop power rail pending_off timer
01-09 11:31:29.905  1086  1254 D ASH     : @ 967160.707: tcs3701: start power rail timer, state:3
01-09 11:31:29.945  1086  1254 I ASH     : @ 967160.747: tcs3701: stop power rail pending_off timer
01-09 11:31:29.945  1086  1254 D ASH     : @ 967160.747: tcs3701: start power rail timer, state:3
01-09 11:31:29.984  1086  1254 I ASH     : @ 967160.787: tcs3701: stop power rail pending_off timer
01-09 11:31:29.985  1086  1254 D ASH     : @ 967160.787: tcs3701: start power rail timer, state:3
01-09 11:31:30.025  1086  1254 I ASH     : @ 967160.827: tcs3701: stop power rail pending_off timer
01-09 11:31:30.025  1086  1254 D ASH     : @ 967160.827: tcs3701: start power rail timer, state:3
01-09 11:31:30.065  1086  1254 I ASH     : @ 967160.867: tcs3701: stop power rail pending_off timer
01-09 11:31:30.065  1086  1254 D ASH     : @ 967160.867: tcs3701: start power rail timer, state:3
01-09 11:31:30.105  1086  1254 I ASH     : @ 967160.907: tcs3701: stop power rail pending_off timer
01-09 11:31:30.105  1086  1254 D ASH     : @ 967160.907: tcs3701: start power rail timer, state:3
01-09 11:31:30.145  1086  1254 I ASH     : @ 967160.947: tcs3701: stop power rail pending_off timer
01-09 11:31:30.145  1086  1254 D ASH     : @ 967160.947: tcs3701: start power rail timer, state:3
01-09 11:31:30.185  1086  1254 I ASH     : @ 967160.987: tcs3701: stop power rail pending_off timer
01-09 11:31:30.185  1086  1254 D ASH     : @ 967160.987: tcs3701: start power rail timer, state:3
01-09 11:31:30.225  1086  1254 I ASH     : @ 967161.027: tcs3701: stop power rail pending_off timer
01-09 11:31:30.225  1086  1254 D ASH     : @ 967161.027: tcs3701: start power rail timer, state:3
01-09 11:31:30.265  1086  1254 I ASH     : @ 967161.067: tcs3701: stop power rail pending_off timer
01-09 11:31:30.265  1086  1254 D ASH     : @ 967161.067: tcs3701: start power rail timer, state:3
01-09 11:31:30.304  1086  1254 I ASH     : @ 967161.107: tcs3701: stop power rail pending_off timer
01-09 11:31:30.305  1086  1254 D ASH     : @ 967161.107: tcs3701: start power rail timer, state:3
01-09 11:31:30.345  1086  1254 I ASH     : @ 967161.147: tcs3701: stop power rail pending_off timer
01-09 11:31:30.345  1086  1254 D ASH     : @ 967161.147: tcs3701: start power rail timer, state:3
01-09 11:31:30.385  1086  1254 I ASH     : @ 967161.187: tcs3701: stop power rail pending_off timer
01-09 11:31:30.385  1086  1254 D ASH     : @ 967161.187: tcs3701: start power rail timer, state:3
01-09 11:31:30.425  1086  1254 I ASH     : @ 967161.227: tcs3701: stop power rail pending_off timer
01-09 11:31:30.425  1086  1254 D ASH     : @ 967161.227: tcs3701: start power rail timer, state:3
01-09 11:31:30.465  1086  1254 I ASH     : @ 967161.267: tcs3701: stop power rail pending_off timer
01-09 11:31:30.465  1086  1254 D ASH     : @ 967161.267: tcs3701: start power rail timer, state:3
01-09 11:31:30.505  1086  1254 I ASH     : @ 967161.307: tcs3701: stop power rail pending_off timer
01-09 11:31:30.505  1086  1254 D ASH     : @ 967161.307: tcs3701: start power rail timer, state:3
01-09 11:31:30.545  1086  1254 I ASH     : @ 967161.347: tcs3701: stop power rail pending_off timer
01-09 11:31:30.545  1086  1254 D ASH     : @ 967161.347: tcs3701: start power rail timer, state:3
01-09 11:31:30.585  1086  1254 I ASH     : @ 967161.387: tcs3701: stop power rail pending_off timer
01-09 11:31:30.585  1086  1254 D ASH     : @ 967161.387: tcs3701: start power rail timer, state:3
01-09 11:31:30.625  1086  1254 I ASH     : @ 967161.427: tcs3701: stop power rail pending_off timer
01-09 11:31:30.625  1086  1254 D ASH     : @ 967161.427: tcs3701: start power rail timer, state:3
01-09 11:31:30.665  1086  1254 I ASH     : @ 967161.467: tcs3701: stop power rail pending_off timer
01-09 11:31:30.665  1086  1254 D ASH     : @ 967161.467: tcs3701: start power rail timer, state:3
01-09 11:31:30.704  1086  1254 I ASH     : @ 967161.507: tcs3701: stop power rail pending_off timer
01-09 11:31:30.705  1086  1254 D ASH     : @ 967161.507: tcs3701: start power rail timer, state:3
01-09 11:31:30.745  1086  1254 I ASH     : @ 967161.547: tcs3701: stop power rail pending_off timer
01-09 11:31:30.745  1086  1254 D ASH     : @ 967161.547: tcs3701: start power rail timer, state:3
01-09 11:31:30.785  1086  1254 I ASH     : @ 967161.587: tcs3701: stop power rail pending_off timer
01-09 11:31:30.785  1086  1254 D ASH     : @ 967161.587: tcs3701: start power rail timer, state:3
01-09 11:31:30.825  1086  1254 I ASH     : @ 967161.627: tcs3701: stop power rail pending_off timer
01-09 11:31:30.825  1086  1254 D ASH     : @ 967161.627: tcs3701: start power rail timer, state:3
01-09 11:31:30.865  1086  1254 I ASH     : @ 967161.667: tcs3701: stop power rail pending_off timer
01-09 11:31:30.865  1086  1254 D ASH     : @ 967161.667: tcs3701: start power rail timer, state:3
01-09 11:31:30.904  1086  1254 I ASH     : @ 967161.707: tcs3701: stop power rail pending_off timer
01-09 11:31:30.905  1086  1254 D ASH     : @ 967161.707: tcs3701: start power rail timer, state:3
01-09 11:31:30.945  1086  1254 I ASH     : @ 967161.747: tcs3701: stop power rail pending_off timer
01-09 11:31:30.945  1086  1254 D ASH     : @ 967161.747: tcs3701: start power rail timer, state:3
01-09 11:31:30.985  1086  1254 I ASH     : @ 967161.787: tcs3701: stop power rail pending_off timer
01-09 11:31:30.985  1086  1254 D ASH     : @ 967161.787: tcs3701: start power rail timer, state:3
01-09 11:31:31.025  1086  1254 I ASH     : @ 967161.827: tcs3701: stop power rail pending_off timer
01-09 11:31:31.025  1086  1254 D ASH     : @ 967161.827: tcs3701: start power rail timer, state:3
01-09 11:31:31.064  1086  1254 I ASH     : @ 967161.867: tcs3701: stop power rail pending_off timer
01-09 11:31:31.065  1086  1254 D ASH     : @ 967161.867: tcs3701: start power rail timer, state:3
01-09 11:31:31.105  1086  1254 I ASH     : @ 967161.907: tcs3701: stop power rail pending_off timer
01-09 11:31:31.105  1086  1254 D ASH     : @ 967161.907: tcs3701: start power rail timer, state:3
01-09 11:31:31.145  1086  1254 I ASH     : @ 967161.947: tcs3701: stop power rail pending_off timer
01-09 11:31:31.145  1086  1254 D ASH     : @ 967161.947: tcs3701: start power rail timer, state:3
01-09 11:31:31.184  1086  1254 I ASH     : @ 967161.987: tcs3701: stop power rail pending_off timer
01-09 11:31:31.185  1086  1254 D ASH     : @ 967161.987: tcs3701: start power rail timer, state:3
01-09 11:31:31.225  1086  1254 I ASH     : @ 967162.027: tcs3701: stop power rail pending_off timer
01-09 11:31:31.225  1086  1254 D ASH     : @ 967162.027: tcs3701: start power rail timer, state:3
01-09 11:31:31.265  1086  1254 I ASH     : @ 967162.067: tcs3701: stop power rail pending_off timer
01-09 11:31:31.265  1086  1254 D ASH     : @ 967162.067: tcs3701: start power rail timer, state:3
01-09 11:31:31.305  1086  1254 I ASH     : @ 967162.107: tcs3701: stop power rail pending_off timer
01-09 11:31:31.305  1086  1254 D ASH     : @ 967162.107: tcs3701: start power rail timer, state:3
01-09 11:31:31.345  1086  1254 I ASH     : @ 967162.147: tcs3701: stop power rail pending_off timer
01-09 11:31:31.345  1086  1254 D ASH     : @ 967162.147: tcs3701: start power rail timer, state:3
01-09 11:31:31.385  1086  1254 I ASH     : @ 967162.187: tcs3701: stop power rail pending_off timer
01-09 11:31:31.385  1086  1254 D ASH     : @ 967162.187: tcs3701: start power rail timer, state:3
01-09 11:31:31.424  1086  1254 I ASH     : @ 967162.227: tcs3701: stop power rail pending_off timer
01-09 11:31:31.425  1086  1254 D ASH     : @ 967162.227: tcs3701: start power rail timer, state:3
01-09 11:31:31.465  1086  1254 I ASH     : @ 967162.267: tcs3701: stop power rail pending_off timer
01-09 11:31:31.465  1086  1254 D ASH     : @ 967162.267: tcs3701: start power rail timer, state:3
01-09 11:31:31.505  1086  1254 I ASH     : @ 967162.307: tcs3701: stop power rail pending_off timer
01-09 11:31:31.505  1086  1254 D ASH     : @ 967162.307: tcs3701: start power rail timer, state:3
01-09 11:31:31.544  1086  1254 I ASH     : @ 967162.347: tcs3701: stop power rail pending_off timer
01-09 11:31:31.545  1086  1254 D ASH     : @ 967162.347: tcs3701: start power rail timer, state:3
01-09 11:31:31.585  1086  1254 I ASH     : @ 967162.387: tcs3701: stop power rail pending_off timer
01-09 11:31:31.585  1086  1254 D ASH     : @ 967162.387: tcs3701: start power rail timer, state:3
01-09 11:31:31.625  1086  1254 I ASH     : @ 967162.427: tcs3701: stop power rail pending_off timer
01-09 11:31:31.625  1086  1254 D ASH     : @ 967162.427: tcs3701: start power rail timer, state:3
01-09 11:31:31.664  1086  1254 I ASH     : @ 967162.467: tcs3701: stop power rail pending_off timer
01-09 11:31:31.665  1086  1254 D ASH     : @ 967162.467: tcs3701: start power rail timer, state:3
01-09 11:31:31.705  1086  1254 I ASH     : @ 967162.507: tcs3701: stop power rail pending_off timer
01-09 11:31:31.705  1086  1254 D ASH     : @ 967162.507: tcs3701: start power rail timer, state:3
01-09 11:31:31.745  1086  1254 I ASH     : @ 967162.547: tcs3701: stop power rail pending_off timer
01-09 11:31:31.745  1086  1254 D ASH     : @ 967162.547: tcs3701: start power rail timer, state:3
01-09 11:31:31.785  1086  1254 I ASH     : @ 967162.587: tcs3701: stop power rail pending_off timer
01-09 11:31:31.785  1086  1254 D ASH     : @ 967162.587: tcs3701: start power rail timer, state:3
01-09 11:31:31.824  1086  1254 I ASH     : @ 967162.627: tcs3701: stop power rail pending_off timer
01-09 11:31:31.825  1086  1254 D ASH     : @ 967162.627: tcs3701: start power rail timer, state:3
01-09 11:31:31.865  1086  1254 I ASH     : @ 967162.667: tcs3701: stop power rail pending_off timer
01-09 11:31:31.865  1086  1254 D ASH     : @ 967162.667: tcs3701: start power rail timer, state:3
01-09 11:31:31.904  1086  1254 I ASH     : @ 967162.707: tcs3701: stop power rail pending_off timer
01-09 11:31:31.905  1086  1254 D ASH     : @ 967162.707: tcs3701: start power rail timer, state:3
01-09 11:31:31.945  1086  1254 I ASH     : @ 967162.747: tcs3701: stop power rail pending_off timer
01-09 11:31:31.945  1086  1254 D ASH     : @ 967162.747: tcs3701: start power rail timer, state:3
01-09 11:31:31.985  1086  1254 I ASH     : @ 967162.787: tcs3701: stop power rail pending_off timer
01-09 11:31:31.985  1086  1254 D ASH     : @ 967162.787: tcs3701: start power rail timer, state:3
01-09 11:31:32.025  1086  1254 I ASH     : @ 967162.827: tcs3701: stop power rail pending_off timer
01-09 11:31:32.025  1086  1254 D ASH     : @ 967162.827: tcs3701: start power rail timer, state:3
01-09 11:31:32.065  1086  1254 I ASH     : @ 967162.867: tcs3701: stop power rail pending_off timer
01-09 11:31:32.065  1086  1254 D ASH     : @ 967162.867: tcs3701: start power rail timer, state:3
01-09 11:31:32.105  1086  1254 I ASH     : @ 967162.907: tcs3701: stop power rail pending_off timer
01-09 11:31:32.105  1086  1254 D ASH     : @ 967162.907: tcs3701: start power rail timer, state:3
01-09 11:31:32.145  1086  1254 I ASH     : @ 967162.947: tcs3701: stop power rail pending_off timer
01-09 11:31:32.145  1086  1254 D ASH     : @ 967162.947: tcs3701: start power rail timer, state:3
01-09 11:31:32.185  1086  1254 I ASH     : @ 967162.987: tcs3701: stop power rail pending_off timer
01-09 11:31:32.185  1086  1254 D ASH     : @ 967162.987: tcs3701: start power rail timer, state:3
01-09 11:31:32.225  1086  1254 I ASH     : @ 967163.027: tcs3701: stop power rail pending_off timer
01-09 11:31:32.225  1086  1254 D ASH     : @ 967163.027: tcs3701: start power rail timer, state:3
01-09 11:31:32.265  1086  1254 I ASH     : @ 967163.067: tcs3701: stop power rail pending_off timer
01-09 11:31:32.265  1086  1254 D ASH     : @ 967163.067: tcs3701: start power rail timer, state:3
01-09 11:31:32.305  1086  1254 I ASH     : @ 967163.107: tcs3701: stop power rail pending_off timer
01-09 11:31:32.305  1086  1254 D ASH     : @ 967163.107: tcs3701: start power rail timer, state:3
01-09 11:31:32.345  1086  1254 I ASH     : @ 967163.147: tcs3701: stop power rail pending_off timer
01-09 11:31:32.345  1086  1254 D ASH     : @ 967163.147: tcs3701: start power rail timer, state:3
01-09 11:31:32.385  1086  1254 I ASH     : @ 967163.187: tcs3701: stop power rail pending_off timer
01-09 11:31:32.385  1086  1254 D ASH     : @ 967163.187: tcs3701: start power rail timer, state:3
01-09 11:31:32.425  1086  1254 I ASH     : @ 967163.227: tcs3701: stop power rail pending_off timer
01-09 11:31:32.425  1086  1254 D ASH     : @ 967163.227: tcs3701: start power rail timer, state:3
01-09 11:31:32.425 26141 26160 I Unity   : [showcase] frame cost — scene surfaces at 1080x2340 over 240 frames — tick 0.11 ms, draw mean 0.22 p50 0.20 p95 0.26 max 3.96 ms (3019.8 fps if unpaced)
01-09 11:31:32.425 26141 26160 I Unity   : UnityEngine.DebugLogHandler:Internal_Log(LogType, LogOption, String, Object)
01-09 11:31:32.425 26141 26160 I Unity   : Driftsys.Dashscene.Samples.DashsceneShowcase:Update()
01-09 11:31:32.425 26141 26160 I Unity   : 
01-09 11:31:32.465  1086  1254 I ASH     : @ 967163.267: tcs3701: stop power rail pending_off timer
01-09 11:31:32.465  1086  1254 D ASH     : @ 967163.267: tcs3701: start power rail timer, state:3
01-09 11:31:32.505  1086  1254 I ASH     : @ 967163.307: tcs3701: stop power rail pending_off timer
01-09 11:31:32.505  1086  1254 D ASH     : @ 967163.307: tcs3701: start power rail timer, state:3
01-09 11:31:32.544  1086  1254 I ASH     : @ 967163.347: tcs3701: stop power rail pending_off timer
01-09 11:31:32.545  1086  1254 D ASH     : @ 967163.347: tcs3701: start power rail timer, state:3
01-09 11:31:32.585  1086  1254 I ASH     : @ 967163.387: tcs3701: stop power rail pending_off timer
01-09 11:31:32.585  1086  1254 D ASH     : @ 967163.387: tcs3701: start power rail timer, state:3
01-09 11:31:32.625  1086  1254 I ASH     : @ 967163.427: tcs3701: stop power rail pending_off timer
01-09 11:31:32.625  1086  1254 D ASH     : @ 967163.427: tcs3701: start power rail timer, state:3
01-09 11:31:32.665  1086  1254 I ASH     : @ 967163.467: tcs3701: stop power rail pending_off timer
01-09 11:31:32.665  1086  1254 D ASH     : @ 967163.467: tcs3701: start power rail timer, state:3
01-09 11:31:32.705  1086  1254 I ASH     : @ 967163.507: tcs3701: stop power rail pending_off timer
01-09 11:31:32.705  1086  1254 D ASH     : @ 967163.507: tcs3701: start power rail timer, state:3
01-09 11:31:32.744  1086  1254 I ASH     : @ 967163.547: tcs3701: stop power rail pending_off timer
01-09 11:31:32.745  1086  1254 D ASH     : @ 967163.547: tcs3701: start power rail timer, state:3
01-09 11:31:32.785  1086  1254 I ASH     : @ 967163.587: tcs3701: stop power rail pending_off timer
01-09 11:31:32.785  1086  1254 D ASH     : @ 967163.587: tcs3701: start power rail timer, state:3
01-09 11:31:32.825  1086  1254 I ASH     : @ 967163.627: tcs3701: stop power rail pending_off timer
01-09 11:31:32.825  1086  1254 D ASH     : @ 967163.627: tcs3701: start power rail timer, state:3
01-09 11:31:32.865  1086  1254 I ASH     : @ 967163.667: tcs3701: stop power rail pending_off timer
01-09 11:31:32.865  1086  1254 D ASH     : @ 967163.667: tcs3701: start power rail timer, state:3
01-09 11:31:32.905  1086  1254 I ASH     : @ 967163.707: tcs3701: stop power rail pending_off timer
01-09 11:31:32.905  1086  1254 D ASH     : @ 967163.707: tcs3701: start power rail timer, state:3
01-09 11:31:32.944  1086  1254 I ASH     : @ 967163.747: tcs3701: stop power rail pending_off timer
01-09 11:31:32.944  1086  1254 D ASH     : @ 967163.747: tcs3701: start power rail timer, state:3
01-09 11:31:32.985  1086  1254 I ASH     : @ 967163.787: tcs3701: stop power rail pending_off timer
01-09 11:31:32.985  1086  1254 D ASH     : @ 967163.787: tcs3701: start power rail timer, state:3
01-09 11:31:33.025  1086  1254 I ASH     : @ 967163.827: tcs3701: stop power rail pending_off timer
01-09 11:31:33.025  1086  1254 D ASH     : @ 967163.827: tcs3701: start power rail timer, state:3
01-09 11:31:33.065  1086  1254 I ASH     : @ 967163.867: tcs3701: stop power rail pending_off timer
01-09 11:31:33.065  1086  1254 D ASH     : @ 967163.867: tcs3701: start power rail timer, state:3
01-09 11:31:33.104  1086  1254 I ASH     : @ 967163.907: tcs3701: stop power rail pending_off timer
01-09 11:31:33.105  1086  1254 D ASH     : @ 967163.907: tcs3701: start power rail timer, state:3
01-09 11:31:33.145  1086  1254 I ASH     : @ 967163.947: tcs3701: stop power rail pending_off timer
01-09 11:31:33.145  1086  1254 D ASH     : @ 967163.947: tcs3701: start power rail timer, state:3
01-09 11:31:33.185  1086  1254 I ASH     : @ 967163.987: tcs3701: stop power rail pending_off timer
01-09 11:31:33.185  1086  1254 D ASH     : @ 967163.987: tcs3701: start power rail timer, state:3
01-09 11:31:33.225  1086  1254 I ASH     : @ 967164.027: tcs3701: stop power rail pending_off timer
01-09 11:31:33.225  1086  1254 D ASH     : @ 967164.027: tcs3701: start power rail timer, state:3
01-09 11:31:33.265  1086  1254 I ASH     : @ 967164.067: tcs3701: stop power rail pending_off timer
01-09 11:31:33.265  1086  1254 D ASH     : @ 967164.067: tcs3701: start power rail timer, state:3
01-09 11:31:33.304  1086  1254 I ASH     : @ 967164.107: tcs3701: stop power rail pending_off timer
01-09 11:31:33.304  1086  1254 D ASH     : @ 967164.107: tcs3701: start power rail timer, state:3
01-09 11:31:33.344  1086  1254 I ASH     : @ 967164.147: tcs3701: stop power rail pending_off timer
01-09 11:31:33.345  1086  1254 D ASH     : @ 967164.147: tcs3701: start power rail timer, state:3
01-09 11:31:33.385  1086  1254 I ASH     : @ 967164.187: tcs3701: stop power rail pending_off timer
01-09 11:31:33.385  1086  1254 D ASH     : @ 967164.187: tcs3701: start power rail timer, state:3
01-09 11:31:33.425  1086  1254 I ASH     : @ 967164.227: tcs3701: stop power rail pending_off timer
01-09 11:31:33.425  1086  1254 D ASH     : @ 967164.227: tcs3701: start power rail timer, state:3
01-09 11:31:33.465  1086  1254 I ASH     : @ 967164.267: tcs3701: stop power rail pending_off timer
01-09 11:31:33.465  1086  1254 D ASH     : @ 967164.267: tcs3701: start power rail timer, state:3
01-09 11:31:33.505  1086  1254 I ASH     : @ 967164.307: tcs3701: stop power rail pending_off timer
01-09 11:31:33.505  1086  1254 D ASH     : @ 967164.307: tcs3701: start power rail timer, state:3
01-09 11:31:33.544  1086  1254 I ASH     : @ 967164.347: tcs3701: stop power rail pending_off timer
01-09 11:31:33.545  1086  1254 D ASH     : @ 967164.347: tcs3701: start power rail timer, state:3
01-09 11:31:33.585  1086  1254 I ASH     : @ 967164.387: tcs3701: stop power rail pending_off timer
01-09 11:31:33.585  1086  1254 D ASH     : @ 967164.387: tcs3701: start power rail timer, state:3
01-09 11:31:33.625  1086  1254 I ASH     : @ 967164.427: tcs3701: stop power rail pending_off timer
01-09 11:31:33.625  1086  1254 D ASH     : @ 967164.427: tcs3701: start power rail timer, state:3
01-09 11:31:33.665  1086  1254 I ASH     : @ 967164.467: tcs3701: stop power rail pending_off timer
01-09 11:31:33.665  1086  1254 D ASH     : @ 967164.467: tcs3701: start power rail timer, state:3
01-09 11:31:33.705  1086  1254 I ASH     : @ 967164.507: tcs3701: stop power rail pending_off timer
01-09 11:31:33.705  1086  1254 D ASH     : @ 967164.507: tcs3701: start power rail timer, state:3
01-09 11:31:33.744  1086  1254 I ASH     : @ 967164.547: tcs3701: stop power rail pending_off timer
01-09 11:31:33.745  1086  1254 D ASH     : @ 967164.547: tcs3701: start power rail timer, state:3
01-09 11:31:33.785  1086  1254 I ASH     : @ 967164.587: tcs3701: stop power rail pending_off timer
01-09 11:31:33.785  1086  1254 D ASH     : @ 967164.587: tcs3701: start power rail timer, state:3
01-09 11:31:33.824  1086  1254 I ASH     : @ 967164.627: tcs3701: stop power rail pending_off timer
01-09 11:31:33.825  1086  1254 D ASH     : @ 967164.627: tcs3701: start power rail timer, state:3
01-09 11:31:33.865  1086  1254 I ASH     : @ 967164.667: tcs3701: stop power rail pending_off timer
01-09 11:31:33.865  1086  1254 D ASH     : @ 967164.667: tcs3701: start power rail timer, state:3
01-09 11:31:33.904  1086  1254 I ASH     : @ 967164.707: tcs3701: stop power rail pending_off timer
01-09 11:31:33.905  1086  1254 D ASH     : @ 967164.707: tcs3701: start power rail timer, state:3
01-09 11:31:33.944  1086  1254 I ASH     : @ 967164.747: tcs3701: stop power rail pending_off timer
01-09 11:31:33.945  1086  1254 D ASH     : @ 967164.747: tcs3701: start power rail timer, state:3
01-09 11:31:33.985  1086  1254 I ASH     : @ 967164.787: tcs3701: stop power rail pending_off timer
01-09 11:31:33.985  1086  1254 D ASH     : @ 967164.787: tcs3701: start power rail timer, state:3
01-09 11:31:34.025  1086  1254 I ASH     : @ 967164.827: tcs3701: stop power rail pending_off timer
01-09 11:31:34.025  1086  1254 D ASH     : @ 967164.827: tcs3701: start power rail timer, state:3
01-09 11:31:34.064  1086  1254 I ASH     : @ 967164.867: tcs3701: stop power rail pending_off timer
01-09 11:31:34.065  1086  1254 D ASH     : @ 967164.867: tcs3701: start power rail timer, state:3
01-09 11:31:34.105  1086  1254 I ASH     : @ 967164.907: tcs3701: stop power rail pending_off timer
01-09 11:31:34.105  1086  1254 D ASH     : @ 967164.907: tcs3701: start power rail timer, state:3
01-09 11:31:34.145  1086  1254 I ASH     : @ 967164.947: tcs3701: stop power rail pending_off timer
01-09 11:31:34.145  1086  1254 D ASH     : @ 967164.947: tcs3701: start power rail timer, state:3
01-09 11:31:34.185  1086  1254 I ASH     : @ 967164.987: tcs3701: stop power rail pending_off timer
01-09 11:31:34.185  1086  1254 D ASH     : @ 967164.987: tcs3701: start power rail timer, state:3
01-09 11:31:34.225  1086  1254 I ASH     : @ 967165.027: tcs3701: stop power rail pending_off timer
01-09 11:31:34.225  1086  1254 D ASH     : @ 967165.027: tcs3701: start power rail timer, state:3
01-09 11:31:34.265  1086  1254 I ASH     : @ 967165.067: tcs3701: stop power rail pending_off timer
01-09 11:31:34.265  1086  1254 D ASH     : @ 967165.067: tcs3701: start power rail timer, state:3
01-09 11:31:34.305  1086  1254 I ASH     : @ 967165.107: tcs3701: stop power rail pending_off timer
01-09 11:31:34.305  1086  1254 D ASH     : @ 967165.107: tcs3701: start power rail timer, state:3
01-09 11:31:34.345  1086  1254 I ASH     : @ 967165.147: tcs3701: stop power rail pending_off timer
01-09 11:31:34.345  1086  1254 D ASH     : @ 967165.147: tcs3701: start power rail timer, state:3
01-09 11:31:34.385  1086  1254 I ASH     : @ 967165.187: tcs3701: stop power rail pending_off timer
01-09 11:31:34.385  1086  1254 D ASH     : @ 967165.187: tcs3701: start power rail timer, state:3
01-09 11:31:34.424  1086  1254 I ASH     : @ 967165.227: tcs3701: stop power rail pending_off timer
01-09 11:31:34.425  1086  1254 D ASH     : @ 967165.227: tcs3701: start power rail timer, state:3
01-09 11:31:34.465  1086  1254 I ASH     : @ 967165.267: tcs3701: stop power rail pending_off timer
01-09 11:31:34.465  1086  1254 D ASH     : @ 967165.267: tcs3701: start power rail timer, state:3
01-09 11:31:34.505  1086  1254 I ASH     : @ 967165.307: tcs3701: stop power rail pending_off timer
01-09 11:31:34.505  1086  1254 D ASH     : @ 967165.307: tcs3701: start power rail timer, state:3
01-09 11:31:34.545  1086  1254 I ASH     : @ 967165.347: tcs3701: stop power rail pending_off timer
01-09 11:31:34.545  1086  1254 D ASH     : @ 967165.347: tcs3701: start power rail timer, state:3
01-09 11:31:34.585  1086  1254 I ASH     : @ 967165.387: tcs3701: stop power rail pending_off timer
01-09 11:31:34.585  1086  1254 D ASH     : @ 967165.387: tcs3701: start power rail timer, state:3
01-09 11:31:34.625  1086  1254 I ASH     : @ 967165.427: tcs3701: stop power rail pending_off timer
01-09 11:31:34.625  1086  1254 D ASH     : @ 967165.427: tcs3701: start power rail timer, state:3
01-09 11:31:34.665  1086  1254 I ASH     : @ 967165.467: tcs3701: stop power rail pending_off timer
01-09 11:31:34.665  1086  1254 D ASH     : @ 967165.467: tcs3701: start power rail timer, state:3
01-09 11:31:34.705  1086  1254 I ASH     : @ 967165.507: tcs3701: stop power rail pending_off timer
01-09 11:31:34.705  1086  1254 D ASH     : @ 967165.507: tcs3701: start power rail timer, state:3
01-09 11:31:34.745  1086  1254 I ASH     : @ 967165.547: tcs3701: stop power rail pending_off timer
01-09 11:31:34.745  1086  1254 D ASH     : @ 967165.547: tcs3701: start power rail timer, state:3
01-09 11:31:34.784  1086  1254 I ASH     : @ 967165.587: tcs3701: stop power rail pending_off timer
01-09 11:31:34.785  1086  1254 D ASH     : @ 967165.587: tcs3701: start power rail timer, state:3
01-09 11:31:34.825  1086  1254 I ASH     : @ 967165.627: tcs3701: stop power rail pending_off timer
01-09 11:31:34.825  1086  1254 D ASH     : @ 967165.627: tcs3701: start power rail timer, state:3
01-09 11:31:34.865  1086  1254 I ASH     : @ 967165.667: tcs3701: stop power rail pending_off timer
01-09 11:31:34.865  1086  1254 D ASH     : @ 967165.667: tcs3701: start power rail timer, state:3
01-09 11:31:34.904  1086  1254 I ASH     : @ 967165.707: tcs3701: stop power rail pending_off timer
01-09 11:31:34.905  1086  1254 D ASH     : @ 967165.707: tcs3701: start power rail timer, state:3
01-09 11:31:34.945  1086  1254 I ASH     : @ 967165.747: tcs3701: stop power rail pending_off timer
01-09 11:31:34.945  1086  1254 D ASH     : @ 967165.747: tcs3701: start power rail timer, state:3
01-09 11:31:34.985  1086  1254 I ASH     : @ 967165.787: tcs3701: stop power rail pending_off timer
01-09 11:31:34.985  1086  1254 D ASH     : @ 967165.787: tcs3701: start power rail timer, state:3
01-09 11:31:35.024  1086  1254 I ASH     : @ 967165.827: tcs3701: stop power rail pending_off timer
01-09 11:31:35.025  1086  1254 D ASH     : @ 967165.827: tcs3701: start power rail timer, state:3
01-09 11:31:35.065  1086  1254 I ASH     : @ 967165.867: tcs3701: stop power rail pending_off timer
01-09 11:31:35.065  1086  1254 D ASH     : @ 967165.867: tcs3701: start power rail timer, state:3
01-09 11:31:35.105  1086  1254 I ASH     : @ 967165.907: tcs3701: stop power rail pending_off timer
01-09 11:31:35.105  1086  1254 D ASH     : @ 967165.907: tcs3701: start power rail timer, state:3
01-09 11:31:35.145  1086  1254 I ASH     : @ 967165.947: tcs3701: stop power rail pending_off timer
01-09 11:31:35.145  1086  1254 D ASH     : @ 967165.947: tcs3701: start power rail timer, state:3
01-09 11:31:35.185  1086  1254 I ASH     : @ 967165.987: tcs3701: stop power rail pending_off timer
01-09 11:31:35.185  1086  1254 D ASH     : @ 967165.987: tcs3701: start power rail timer, state:3
01-09 11:31:35.225  1086  1254 I ASH     : @ 967166.027: tcs3701: stop power rail pending_off timer
01-09 11:31:35.225  1086  1254 D ASH     : @ 967166.027: tcs3701: start power rail timer, state:3
01-09 11:31:35.265  1086  1254 I ASH     : @ 967166.067: tcs3701: stop power rail pending_off timer
01-09 11:31:35.265  1086  1254 D ASH     : @ 967166.067: tcs3701: start power rail timer, state:3
01-09 11:31:35.305  1086  1254 I ASH     : @ 967166.107: tcs3701: stop power rail pending_off timer
01-09 11:31:35.305  1086  1254 D ASH     : @ 967166.107: tcs3701: start power rail timer, state:3
01-09 11:31:35.344  1086  1254 I ASH     : @ 967166.147: tcs3701: stop power rail pending_off timer
01-09 11:31:35.345  1086  1254 D ASH     : @ 967166.147: tcs3701: start power rail timer, state:3
01-09 11:31:35.385  1086  1254 I ASH     : @ 967166.187: tcs3701: stop power rail pending_off timer
01-09 11:31:35.385  1086  1254 D ASH     : @ 967166.187: tcs3701: start power rail timer, state:3
01-09 11:31:35.425  1086  1254 I ASH     : @ 967166.227: tcs3701: stop power rail pending_off timer
01-09 11:31:35.425  1086  1254 D ASH     : @ 967166.227: tcs3701: start power rail timer, state:3
01-09 11:31:35.465  1086  1254 I ASH     : @ 967166.267: tcs3701: stop power rail pending_off timer
01-09 11:31:35.465  1086  1254 D ASH     : @ 967166.267: tcs3701: start power rail timer, state:3
01-09 11:31:35.505  1086  1254 I ASH     : @ 967166.307: tcs3701: stop power rail pending_off timer
01-09 11:31:35.505  1086  1254 D ASH     : @ 967166.307: tcs3701: start power rail timer, state:3
01-09 11:31:35.545  1086  1254 I ASH     : @ 967166.347: tcs3701: stop power rail pending_off timer
01-09 11:31:35.545  1086  1254 D ASH     : @ 967166.347: tcs3701: start power rail timer, state:3
01-09 11:31:35.585  1086  1254 I ASH     : @ 967166.387: tcs3701: stop power rail pending_off timer
01-09 11:31:35.585  1086  1254 D ASH     : @ 967166.387: tcs3701: start power rail timer, state:3
01-09 11:31:35.624  1086  1254 I ASH     : @ 967166.427: tcs3701: stop power rail pending_off timer
01-09 11:31:35.625  1086  1254 D ASH     : @ 967166.427: tcs3701: start power rail timer, state:3
01-09 11:31:35.665  1086  1254 I ASH     : @ 967166.467: tcs3701: stop power rail pending_off timer
01-09 11:31:35.665  1086  1254 D ASH     : @ 967166.467: tcs3701: start power rail timer, state:3
01-09 11:31:35.705  1086  1254 I ASH     : @ 967166.507: tcs3701: stop power rail pending_off timer
01-09 11:31:35.705  1086  1254 D ASH     : @ 967166.507: tcs3701: start power rail timer, state:3
01-09 11:31:35.745  1086  1254 I ASH     : @ 967166.547: tcs3701: stop power rail pending_off timer
01-09 11:31:35.745  1086  1254 D ASH     : @ 967166.547: tcs3701: start power rail timer, state:3
01-09 11:31:35.785  1086  1254 I ASH     : @ 967166.587: tcs3701: stop power rail pending_off timer
01-09 11:31:35.785  1086  1254 D ASH     : @ 967166.587: tcs3701: start power rail timer, state:3
01-09 11:31:35.825  1086  1254 I ASH     : @ 967166.627: tcs3701: stop power rail pending_off timer
01-09 11:31:35.825  1086  1254 D ASH     : @ 967166.627: tcs3701: start power rail timer, state:3
01-09 11:31:35.865  1086  1254 I ASH     : @ 967166.667: tcs3701: stop power rail pending_off timer
01-09 11:31:35.865  1086  1254 D ASH     : @ 967166.667: tcs3701: start power rail timer, state:3
01-09 11:31:35.905  1086  1254 I ASH     : @ 967166.707: tcs3701: stop power rail pending_off timer
01-09 11:31:35.905  1086  1254 D ASH     : @ 967166.707: tcs3701: start power rail timer, state:3
01-09 11:31:35.944  1086  1254 I ASH     : @ 967166.747: tcs3701: stop power rail pending_off timer
01-09 11:31:35.945  1086  1254 D ASH     : @ 967166.747: tcs3701: start power rail timer, state:3
01-09 11:31:35.985  1086  1254 I ASH     : @ 967166.787: tcs3701: stop power rail pending_off timer
01-09 11:31:35.985  1086  1254 D ASH     : @ 967166.787: tcs3701: start power rail timer, state:3
01-09 11:31:36.025  1086  1254 I ASH     : @ 967166.827: tcs3701: stop power rail pending_off timer
01-09 11:31:36.025  1086  1254 D ASH     : @ 967166.827: tcs3701: start power rail timer, state:3
01-09 11:31:36.065  1086  1254 I ASH     : @ 967166.867: tcs3701: stop power rail pending_off timer
01-09 11:31:36.066  1086  1254 D ASH     : @ 967166.867: tcs3701: start power rail timer, state:3
01-09 11:31:36.105  1086  1254 I ASH     : @ 967166.907: tcs3701: stop power rail pending_off timer
01-09 11:31:36.105  1086  1254 D ASH     : @ 967166.907: tcs3701: start power rail timer, state:3
01-09 11:31:36.145  1086  1254 I ASH     : @ 967166.947: tcs3701: stop power rail pending_off timer
01-09 11:31:36.145  1086  1254 D ASH     : @ 967166.947: tcs3701: start power rail timer, state:3
01-09 11:31:36.185  1086  1254 I ASH     : @ 967166.987: tcs3701: stop power rail pending_off timer
01-09 11:31:36.185  1086  1254 D ASH     : @ 967166.987: tcs3701: start power rail timer, state:3
01-09 11:31:36.225  1086  1254 I ASH     : @ 967167.027: tcs3701: stop power rail pending_off timer
01-09 11:31:36.225  1086  1254 D ASH     : @ 967167.027: tcs3701: start power rail timer, state:3
01-09 11:31:36.264  1086  1254 I ASH     : @ 967167.067: tcs3701: stop power rail pending_off timer
01-09 11:31:36.265  1086  1254 D ASH     : @ 967167.067: tcs3701: start power rail timer, state:3
01-09 11:31:36.305  1086  1254 I ASH     : @ 967167.107: tcs3701: stop power rail pending_off timer
01-09 11:31:36.305  1086  1254 D ASH     : @ 967167.107: tcs3701: start power rail timer, state:3
01-09 11:31:36.345  1086  1254 I ASH     : @ 967167.147: tcs3701: stop power rail pending_off timer
01-09 11:31:36.345  1086  1254 D ASH     : @ 967167.147: tcs3701: start power rail timer, state:3
01-09 11:31:36.385  1086  1254 I ASH     : @ 967167.187: tcs3701: stop power rail pending_off timer
01-09 11:31:36.385  1086  1254 D ASH     : @ 967167.187: tcs3701: start power rail timer, state:3
01-09 11:31:36.425  1086  1254 I ASH     : @ 967167.227: tcs3701: stop power rail pending_off timer
01-09 11:31:36.425  1086  1254 D ASH     : @ 967167.227: tcs3701: start power rail timer, state:3
01-09 11:31:36.465  1086  1254 I ASH     : @ 967167.267: tcs3701: stop power rail pending_off timer
01-09 11:31:36.465  1086  1254 D ASH     : @ 967167.267: tcs3701: start power rail timer, state:3
01-09 11:31:36.505  1086  1254 I ASH     : @ 967167.307: tcs3701: stop power rail pending_off timer
01-09 11:31:36.505  1086  1254 D ASH     : @ 967167.307: tcs3701: start power rail timer, state:3
01-09 11:31:36.545  1086  1254 I ASH     : @ 967167.347: tcs3701: stop power rail pending_off timer
01-09 11:31:36.545  1086  1254 D ASH     : @ 967167.347: tcs3701: start power rail timer, state:3
01-09 11:31:36.585  1086  1254 I ASH     : @ 967167.387: tcs3701: stop power rail pending_off timer
01-09 11:31:36.585  1086  1254 D ASH     : @ 967167.387: tcs3701: start power rail timer, state:3
01-09 11:31:36.625  1086  1254 I ASH     : @ 967167.427: tcs3701: stop power rail pending_off timer
01-09 11:31:36.625  1086  1254 D ASH     : @ 967167.427: tcs3701: start power rail timer, state:3
01-09 11:31:36.665  1086  1254 I ASH     : @ 967167.467: tcs3701: stop power rail pending_off timer
01-09 11:31:36.665  1086  1254 D ASH     : @ 967167.467: tcs3701: start power rail timer, state:3
01-09 11:31:36.705  1086  1254 I ASH     : @ 967167.507: tcs3701: stop power rail pending_off timer
01-09 11:31:36.705  1086  1254 D ASH     : @ 967167.507: tcs3701: start power rail timer, state:3
01-09 11:31:36.745  1086  1254 I ASH     : @ 967167.547: tcs3701: stop power rail pending_off timer
01-09 11:31:36.745  1086  1254 D ASH     : @ 967167.547: tcs3701: start power rail timer, state:3
01-09 11:31:36.785  1086  1254 I ASH     : @ 967167.587: tcs3701: stop power rail pending_off timer
01-09 11:31:36.785  1086  1254 D ASH     : @ 967167.587: tcs3701: start power rail timer, state:3
01-09 11:31:36.824  1086  1254 I ASH     : @ 967167.627: tcs3701: stop power rail pending_off timer
01-09 11:31:36.825  1086  1254 D ASH     : @ 967167.627: tcs3701: start power rail timer, state:3
01-09 11:31:36.866  1086  1254 I ASH     : @ 967167.667: tcs3701: stop power rail pending_off timer
01-09 11:31:36.866  1086  1254 D ASH     : @ 967167.667: tcs3701: start power rail timer, state:3
01-09 11:31:36.905  1086  1254 I ASH     : @ 967167.707: tcs3701: stop power rail pending_off timer
01-09 11:31:36.905  1086  1254 D ASH     : @ 967167.707: tcs3701: start power rail timer, state:3
01-09 11:31:36.945  1086  1254 I ASH     : @ 967167.747: tcs3701: stop power rail pending_off timer
01-09 11:31:36.945  1086  1254 D ASH     : @ 967167.747: tcs3701: start power rail timer, state:3
01-09 11:31:36.985  1086  1254 I ASH     : @ 967167.787: tcs3701: stop power rail pending_off timer
01-09 11:31:36.985  1086  1254 D ASH     : @ 967167.787: tcs3701: start power rail timer, state:3
01-09 11:31:37.024  1086  1254 I ASH     : @ 967167.827: tcs3701: stop power rail pending_off timer
01-09 11:31:37.025  1086  1254 D ASH     : @ 967167.827: tcs3701: start power rail timer, state:3
01-09 11:31:37.065  1086  1254 I ASH     : @ 967167.867: tcs3701: stop power rail pending_off timer
01-09 11:31:37.065  1086  1254 D ASH     : @ 967167.867: tcs3701: start power rail timer, state:3
01-09 11:31:37.105  1086  1254 I ASH     : @ 967167.907: tcs3701: stop power rail pending_off timer
01-09 11:31:37.105  1086  1254 D ASH     : @ 967167.907: tcs3701: start power rail timer, state:3
01-09 11:31:37.144  1086  1254 I ASH     : @ 967167.947: tcs3701: stop power rail pending_off timer
01-09 11:31:37.145  1086  1254 D ASH     : @ 967167.947: tcs3701: start power rail timer, state:3
01-09 11:31:37.185  1086  1254 I ASH     : @ 967167.987: tcs3701: stop power rail pending_off timer
01-09 11:31:37.185  1086  1254 D ASH     : @ 967167.987: tcs3701: start power rail timer, state:3
01-09 11:31:37.225  1086  1254 I ASH     : @ 967168.027: tcs3701: stop power rail pending_off timer
01-09 11:31:37.225  1086  1254 D ASH     : @ 967168.027: tcs3701: start power rail timer, state:3
01-09 11:31:37.264  1086  1254 I ASH     : @ 967168.067: tcs3701: stop power rail pending_off timer
01-09 11:31:37.265  1086  1254 D ASH     : @ 967168.067: tcs3701: start power rail timer, state:3
01-09 11:31:37.305  1086  1254 I ASH     : @ 967168.107: tcs3701: stop power rail pending_off timer
01-09 11:31:37.305  1086  1254 D ASH     : @ 967168.107: tcs3701: start power rail timer, state:3
01-09 11:31:37.345  1086  1254 I ASH     : @ 967168.147: tcs3701: stop power rail pending_off timer
01-09 11:31:37.345  1086  1254 D ASH     : @ 967168.147: tcs3701: start power rail timer, state:3
01-09 11:31:37.385  1086  1254 I ASH     : @ 967168.187: tcs3701: stop power rail pending_off timer
01-09 11:31:37.385  1086  1254 D ASH     : @ 967168.187: tcs3701: start power rail timer, state:3
01-09 11:31:37.425  1086  1254 I ASH     : @ 967168.227: tcs3701: stop power rail pending_off timer
01-09 11:31:37.425  1086  1254 D ASH     : @ 967168.227: tcs3701: start power rail timer, state:3
01-09 11:31:37.465  1086  1254 I ASH     : @ 967168.267: tcs3701: stop power rail pending_off timer
01-09 11:31:37.465  1086  1254 D ASH     : @ 967168.267: tcs3701: start power rail timer, state:3
01-09 11:31:37.505  1086  1254 I ASH     : @ 967168.307: tcs3701: stop power rail pending_off timer
01-09 11:31:37.505  1086  1254 D ASH     : @ 967168.307: tcs3701: start power rail timer, state:3
01-09 11:31:37.545  1086  1254 I ASH     : @ 967168.347: tcs3701: stop power rail pending_off timer
01-09 11:31:37.545  1086  1254 D ASH     : @ 967168.347: tcs3701: start power rail timer, state:3
01-09 11:31:37.585  1086  1254 I ASH     : @ 967168.387: tcs3701: stop power rail pending_off timer
01-09 11:31:37.585  1086  1254 D ASH     : @ 967168.387: tcs3701: start power rail timer, state:3
01-09 11:31:37.625  1086  1254 I ASH     : @ 967168.427: tcs3701: stop power rail pending_off timer
01-09 11:31:37.625  1086  1254 D ASH     : @ 967168.427: tcs3701: start power rail timer, state:3
01-09 11:31:37.665  1086  1254 I ASH     : @ 967168.467: tcs3701: stop power rail pending_off timer
01-09 11:31:37.665  1086  1254 D ASH     : @ 967168.467: tcs3701: start power rail timer, state:3
01-09 11:31:37.705  1086  1254 I ASH     : @ 967168.507: tcs3701: stop power rail pending_off timer
01-09 11:31:37.705  1086  1254 D ASH     : @ 967168.507: tcs3701: start power rail timer, state:3
01-09 11:31:37.746  1086  1254 I ASH     : @ 967168.547: tcs3701: stop power rail pending_off timer
01-09 11:31:37.746  1086  1254 D ASH     : @ 967168.547: tcs3701: start power rail timer, state:3
01-09 11:31:37.785  1086  1254 I ASH     : @ 967168.587: tcs3701: stop power rail pending_off timer
01-09 11:31:37.785  1086  1254 D ASH     : @ 967168.587: tcs3701: start power rail timer, state:3
01-09 11:31:37.825  1086  1254 I ASH     : @ 967168.627: tcs3701: stop power rail pending_off timer
01-09 11:31:37.825  1086  1254 D ASH     : @ 967168.627: tcs3701: start power rail timer, state:3
01-09 11:31:37.864  1086  1254 I ASH     : @ 967168.667: tcs3701: stop power rail pending_off timer
01-09 11:31:37.865  1086  1254 D ASH     : @ 967168.667: tcs3701: start power rail timer, state:3
01-09 11:31:37.905  1086  1254 I ASH     : @ 967168.707: tcs3701: stop power rail pending_off timer
01-09 11:31:37.905  1086  1254 D ASH     : @ 967168.707: tcs3701: start power rail timer, state:3
01-09 11:31:37.945  1086  1254 I ASH     : @ 967168.747: tcs3701: stop power rail pending_off timer
01-09 11:31:37.945  1086  1254 D ASH     : @ 967168.747: tcs3701: start power rail timer, state:3
01-09 11:31:37.985  1086  1254 I ASH     : @ 967168.787: tcs3701: stop power rail pending_off timer
01-09 11:31:37.985  1086  1254 D ASH     : @ 967168.787: tcs3701: start power rail timer, state:3
01-09 11:31:38.025  1086  1254 I ASH     : @ 967168.827: tcs3701: stop power rail pending_off timer
01-09 11:31:38.025  1086  1254 D ASH     : @ 967168.827: tcs3701: start power rail timer, state:3
01-09 11:31:38.065  1086  1254 I ASH     : @ 967168.867: tcs3701: stop power rail pending_off timer
01-09 11:31:38.065  1086  1254 D ASH     : @ 967168.867: tcs3701: start power rail timer, state:3
01-09 11:31:38.105  1086  1254 I ASH     : @ 967168.907: tcs3701: stop power rail pending_off timer
01-09 11:31:38.105  1086  1254 D ASH     : @ 967168.907: tcs3701: start power rail timer, state:3
01-09 11:31:38.144  1086  1254 I ASH     : @ 967168.947: tcs3701: stop power rail pending_off timer
01-09 11:31:38.144  1086  1254 D ASH     : @ 967168.947: tcs3701: start power rail timer, state:3
01-09 11:31:38.185  1086  1254 I ASH     : @ 967168.987: tcs3701: stop power rail pending_off timer
01-09 11:31:38.185  1086  1254 D ASH     : @ 967168.987: tcs3701: start power rail timer, state:3
01-09 11:31:38.225  1086  1254 I ASH     : @ 967169.027: tcs3701: stop power rail pending_off timer
01-09 11:31:38.225  1086  1254 D ASH     : @ 967169.027: tcs3701: start power rail timer, state:3
01-09 11:31:38.265  1086  1254 I ASH     : @ 967169.067: tcs3701: stop power rail pending_off timer
01-09 11:31:38.265  1086  1254 D ASH     : @ 967169.067: tcs3701: start power rail timer, state:3
01-09 11:31:38.305  1086  1254 I ASH     : @ 967169.107: tcs3701: stop power rail pending_off timer
01-09 11:31:38.305  1086  1254 D ASH     : @ 967169.107: tcs3701: start power rail timer, state:3
01-09 11:31:38.345  1086  1254 I ASH     : @ 967169.147: tcs3701: stop power rail pending_off timer
01-09 11:31:38.345  1086  1254 D ASH     : @ 967169.147: tcs3701: start power rail timer, state:3
01-09 11:31:38.385  1086  1254 I ASH     : @ 967169.187: tcs3701: stop power rail pending_off timer
01-09 11:31:38.385  1086  1254 D ASH     : @ 967169.187: tcs3701: start power rail timer, state:3
01-09 11:31:38.425  1086  1254 I ASH     : @ 967169.227: tcs3701: stop power rail pending_off timer
01-09 11:31:38.425  1086  1254 D ASH     : @ 967169.227: tcs3701: start power rail timer, state:3
01-09 11:31:38.465  1086  1254 I ASH     : @ 967169.267: tcs3701: stop power rail pending_off timer
01-09 11:31:38.465  1086  1254 D ASH     : @ 967169.267: tcs3701: start power rail timer, state:3
01-09 11:31:38.505  1086  1254 I ASH     : @ 967169.307: tcs3701: stop power rail pending_off timer
01-09 11:31:38.505  1086  1254 D ASH     : @ 967169.307: tcs3701: start power rail timer, state:3
01-09 11:31:38.544  1086  1254 I ASH     : @ 967169.347: tcs3701: stop power rail pending_off timer
01-09 11:31:38.545  1086  1254 D ASH     : @ 967169.347: tcs3701: start power rail timer, state:3
01-09 11:31:38.585  1086  1254 I ASH     : @ 967169.387: tcs3701: stop power rail pending_off timer
01-09 11:31:38.585  1086  1254 D ASH     : @ 967169.387: tcs3701: start power rail timer, state:3
01-09 11:31:38.625  1086  1254 I ASH     : @ 967169.427: tcs3701: stop power rail pending_off timer
01-09 11:31:38.625  1086  1254 D ASH     : @ 967169.427: tcs3701: start power rail timer, state:3
01-09 11:31:38.665  1086  1254 I ASH     : @ 967169.467: tcs3701: stop power rail pending_off timer
01-09 11:31:38.665  1086  1254 D ASH     : @ 967169.467: tcs3701: start power rail timer, state:3
01-09 11:31:38.705  1086  1254 I ASH     : @ 967169.507: tcs3701: stop power rail pending_off timer
01-09 11:31:38.705  1086  1254 D ASH     : @ 967169.507: tcs3701: start power rail timer, state:3
01-09 11:31:38.745  1086  1254 I ASH     : @ 967169.547: tcs3701: stop power rail pending_off timer
01-09 11:31:38.745  1086  1254 D ASH     : @ 967169.547: tcs3701: start power rail timer, state:3
01-09 11:31:38.785  1086  1254 I ASH     : @ 967169.587: tcs3701: stop power rail pending_off timer
01-09 11:31:38.785  1086  1254 D ASH     : @ 967169.587: tcs3701: start power rail timer, state:3
01-09 11:31:38.825  1086  1254 I ASH     : @ 967169.627: tcs3701: stop power rail pending_off timer
01-09 11:31:38.825  1086  1254 D ASH     : @ 967169.627: tcs3701: start power rail timer, state:3
01-09 11:31:38.865  1086  1254 I ASH     : @ 967169.667: tcs3701: stop power rail pending_off timer
01-09 11:31:38.865  1086  1254 D ASH     : @ 967169.667: tcs3701: start power rail timer, state:3
01-09 11:31:38.904  1086  1254 I ASH     : @ 967169.707: tcs3701: stop power rail pending_off timer
01-09 11:31:38.905  1086  1254 D ASH     : @ 967169.707: tcs3701: start power rail timer, state:3
01-09 11:31:38.945  1086  1254 I ASH     : @ 967169.747: tcs3701: stop power rail pending_off timer
01-09 11:31:38.945  1086  1254 D ASH     : @ 967169.747: tcs3701: start power rail timer, state:3
01-09 11:31:38.985  1086  1254 I ASH     : @ 967169.787: tcs3701: stop power rail pending_off timer
01-09 11:31:38.985  1086  1254 D ASH     : @ 967169.787: tcs3701: start power rail timer, state:3
01-09 11:31:39.025  1086  1254 I ASH     : @ 967169.827: tcs3701: stop power rail pending_off timer
01-09 11:31:39.025  1086  1254 D ASH     : @ 967169.827: tcs3701: start power rail timer, state:3
01-09 11:31:39.065  1086  1254 I ASH     : @ 967169.867: tcs3701: stop power rail pending_off timer
01-09 11:31:39.065  1086  1254 D ASH     : @ 967169.867: tcs3701: start power rail timer, state:3
01-09 11:31:39.105  1086  1254 I ASH     : @ 967169.907: tcs3701: stop power rail pending_off timer
01-09 11:31:39.105  1086  1254 D ASH     : @ 967169.907: tcs3701: start power rail timer, state:3
01-09 11:31:39.145  1086  1254 I ASH     : @ 967169.947: tcs3701: stop power rail pending_off timer
01-09 11:31:39.145  1086  1254 D ASH     : @ 967169.947: tcs3701: start power rail timer, state:3
01-09 11:31:39.184  1086  1254 I ASH     : @ 967169.987: tcs3701: stop power rail pending_off timer
01-09 11:31:39.185  1086  1254 D ASH     : @ 967169.987: tcs3701: start power rail timer, state:3
01-09 11:31:39.225  1086  1254 I ASH     : @ 967170.027: tcs3701: stop power rail pending_off timer
01-09 11:31:39.225  1086  1254 D ASH     : @ 967170.027: tcs3701: start power rail timer, state:3
01-09 11:31:39.265  1086  1254 I ASH     : @ 967170.067: tcs3701: stop power rail pending_off timer
01-09 11:31:39.265  1086  1254 D ASH     : @ 967170.067: tcs3701: start power rail timer, state:3
01-09 11:31:39.304  1086  1254 I ASH     : @ 967170.107: tcs3701: stop power rail pending_off timer
01-09 11:31:39.305  1086  1254 D ASH     : @ 967170.107: tcs3701: start power rail timer, state:3
01-09 11:31:39.345  1086  1254 I ASH     : @ 967170.147: tcs3701: stop power rail pending_off timer
01-09 11:31:39.345  1086  1254 D ASH     : @ 967170.147: tcs3701: start power rail timer, state:3
01-09 11:31:39.385  1086  1254 I ASH     : @ 967170.187: tcs3701: stop power rail pending_off timer
01-09 11:31:39.385  1086  1254 D ASH     : @ 967170.187: tcs3701: start power rail timer, state:3
01-09 11:31:39.425  1086  1254 I ASH     : @ 967170.227: tcs3701: stop power rail pending_off timer
01-09 11:31:39.425  1086  1254 D ASH     : @ 967170.227: tcs3701: start power rail timer, state:3
01-09 11:31:39.465  1086  1254 I ASH     : @ 967170.267: tcs3701: stop power rail pending_off timer
01-09 11:31:39.465  1086  1254 D ASH     : @ 967170.267: tcs3701: start power rail timer, state:3
01-09 11:31:39.476 26141 26160 I Unity   : [showcase] drew scene typography: 381 instance(s), rung ConstantBuffer
01-09 11:31:39.476 26141 26160 I Unity   : UnityEngine.DebugLogHandler:Internal_Log(LogType, LogOption, String, Object)
01-09 11:31:39.476 26141 26160 I Unity   : Driftsys.Dashscene.Samples.DashsceneShowcase:Update()
01-09 11:31:39.476 26141 26160 I Unity   : 
01-09 11:31:39.505  1086  1254 I ASH     : @ 967170.307: tcs3701: stop power rail pending_off timer
01-09 11:31:39.505  1086  1254 D ASH     : @ 967170.307: tcs3701: start power rail timer, state:3
01-09 11:31:39.544  1086  1254 I ASH     : @ 967170.347: tcs3701: stop power rail pending_off timer
01-09 11:31:39.545  1086  1254 D ASH     : @ 967170.347: tcs3701: start power rail timer, state:3
01-09 11:31:39.585  1086  1254 I ASH     : @ 967170.387: tcs3701: stop power rail pending_off timer
01-09 11:31:39.585  1086  1254 D ASH     : @ 967170.387: tcs3701: start power rail timer, state:3
01-09 11:31:39.625  1086  1254 I ASH     : @ 967170.427: tcs3701: stop power rail pending_off timer
01-09 11:31:39.625  1086  1254 D ASH     : @ 967170.427: tcs3701: start power rail timer, state:3
01-09 11:31:39.664  1086  1254 I ASH     : @ 967170.467: tcs3701: stop power rail pending_off timer
01-09 11:31:39.664  1086  1254 D ASH     : @ 967170.467: tcs3701: start power rail timer, state:3
01-09 11:31:39.705  1086  1254 I ASH     : @ 967170.507: tcs3701: stop power rail pending_off timer
01-09 11:31:39.705  1086  1254 D ASH     : @ 967170.507: tcs3701: start power rail timer, state:3
01-09 11:31:39.744  1086  1254 I ASH     : @ 967170.547: tcs3701: stop power rail pending_off timer
01-09 11:31:39.745  1086  1254 D ASH     : @ 967170.547: tcs3701: start power rail timer, state:3
01-09 11:31:39.785  1086  1254 I ASH     : @ 967170.587: tcs3701: stop power rail pending_off timer
01-09 11:31:39.785  1086  1254 D ASH     : @ 967170.587: tcs3701: start power rail timer, state:3
01-09 11:31:39.825  1086  1254 I ASH     : @ 967170.627: tcs3701: stop power rail pending_off timer
01-09 11:31:39.825  1086  1254 D ASH     : @ 967170.627: tcs3701: start power rail timer, state:3
01-09 11:31:39.865  1086  1254 I ASH     : @ 967170.667: tcs3701: stop power rail pending_off timer
01-09 11:31:39.865  1086  1254 D ASH     : @ 967170.667: tcs3701: start power rail timer, state:3
01-09 11:31:39.905  1086  1254 I ASH     : @ 967170.707: tcs3701: stop power rail pending_off timer
01-09 11:31:39.905  1086  1254 D ASH     : @ 967170.707: tcs3701: start power rail timer, state:3
01-09 11:31:39.945  1086  1254 I ASH     : @ 967170.747: tcs3701: stop power rail pending_off timer
01-09 11:31:39.945  1086  1254 D ASH     : @ 967170.747: tcs3701: start power rail timer, state:3
01-09 11:31:39.985  1086  1254 I ASH     : @ 967170.787: tcs3701: stop power rail pending_off timer
01-09 11:31:39.985  1086  1254 D ASH     : @ 967170.787: tcs3701: start power rail timer, state:3
01-09 11:31:40.024  1086  1254 I ASH     : @ 967170.827: tcs3701: stop power rail pending_off timer
01-09 11:31:40.025  1086  1254 D ASH     : @ 967170.827: tcs3701: start power rail timer, state:3
01-09 11:31:40.065  1086  1254 I ASH     : @ 967170.867: tcs3701: stop power rail pending_off timer
01-09 11:31:40.065  1086  1254 D ASH     : @ 967170.867: tcs3701: start power rail timer, state:3
01-09 11:31:40.105  1086  1254 I ASH     : @ 967170.907: tcs3701: stop power rail pending_off timer
01-09 11:31:40.105  1086  1254 D ASH     : @ 967170.907: tcs3701: start power rail timer, state:3
01-09 11:31:40.145  1086  1254 I ASH     : @ 967170.947: tcs3701: stop power rail pending_off timer
01-09 11:31:40.145  1086  1254 D ASH     : @ 967170.947: tcs3701: start power rail timer, state:3
01-09 11:31:40.184  1086  1254 I ASH     : @ 967170.987: tcs3701: stop power rail pending_off timer
01-09 11:31:40.184  1086  1254 D ASH     : @ 967170.987: tcs3701: start power rail timer, state:3
01-09 11:31:40.225  1086  1254 I ASH     : @ 967171.027: tcs3701: stop power rail pending_off timer
01-09 11:31:40.225  1086  1254 D ASH     : @ 967171.027: tcs3701: start power rail timer, state:3
01-09 11:31:40.265  1086  1254 I ASH     : @ 967171.067: tcs3701: stop power rail pending_off timer
01-09 11:31:40.265  1086  1254 D ASH     : @ 967171.067: tcs3701: start power rail timer, state:3
01-09 11:31:40.305  1086  1254 I ASH     : @ 967171.107: tcs3701: stop power rail pending_off timer
01-09 11:31:40.305  1086  1254 D ASH     : @ 967171.107: tcs3701: start power rail timer, state:3
01-09 11:31:40.345  1086  1254 I ASH     : @ 967171.147: tcs3701: stop power rail pending_off timer
01-09 11:31:40.345  1086  1254 D ASH     : @ 967171.147: tcs3701: start power rail timer, state:3
01-09 11:31:40.384  1086  1254 I ASH     : @ 967171.187: tcs3701: stop power rail pending_off timer
01-09 11:31:40.385  1086  1254 D ASH     : @ 967171.187: tcs3701: start power rail timer, state:3
01-09 11:31:40.424  1086  1254 I ASH     : @ 967171.227: tcs3701: stop power rail pending_off timer
01-09 11:31:40.425  1086  1254 D ASH     : @ 967171.227: tcs3701: start power rail timer, state:3
01-09 11:31:40.465  1086  1254 I ASH     : @ 967171.267: tcs3701: stop power rail pending_off timer
01-09 11:31:40.465  1086  1254 D ASH     : @ 967171.267: tcs3701: start power rail timer, state:3
01-09 11:31:40.505  1086  1254 I ASH     : @ 967171.307: tcs3701: stop power rail pending_off timer
01-09 11:31:40.505  1086  1254 D ASH     : @ 967171.307: tcs3701: start power rail timer, state:3
01-09 11:31:40.545  1086  1254 I ASH     : @ 967171.347: tcs3701: stop power rail pending_off timer
01-09 11:31:40.545  1086  1254 D ASH     : @ 967171.347: tcs3701: start power rail timer, state:3
01-09 11:31:40.584  1086  1254 I ASH     : @ 967171.387: tcs3701: stop power rail pending_off timer
01-09 11:31:40.584  1086  1254 D ASH     : @ 967171.387: tcs3701: start power rail timer, state:3
01-09 11:31:40.625  1086  1254 I ASH     : @ 967171.427: tcs3701: stop power rail pending_off timer
01-09 11:31:40.625  1086  1254 D ASH     : @ 967171.427: tcs3701: start power rail timer, state:3
01-09 11:31:40.665  1086  1254 I ASH     : @ 967171.467: tcs3701: stop power rail pending_off timer
01-09 11:31:40.665  1086  1254 D ASH     : @ 967171.467: tcs3701: start power rail timer, state:3
01-09 11:31:40.705  1086  1254 I ASH     : @ 967171.507: tcs3701: stop power rail pending_off timer
01-09 11:31:40.705  1086  1254 D ASH     : @ 967171.507: tcs3701: start power rail timer, state:3
01-09 11:31:40.744  1086  1254 I ASH     : @ 967171.547: tcs3701: stop power rail pending_off timer
01-09 11:31:40.745  1086  1254 D ASH     : @ 967171.547: tcs3701: start power rail timer, state:3
01-09 11:31:40.784  1086  1254 I ASH     : @ 967171.587: tcs3701: stop power rail pending_off timer
01-09 11:31:40.785  1086  1254 D ASH     : @ 967171.587: tcs3701: start power rail timer, state:3
01-09 11:31:40.825  1086  1254 I ASH     : @ 967171.627: tcs3701: stop power rail pending_off timer
01-09 11:31:40.825  1086  1254 D ASH     : @ 967171.627: tcs3701: start power rail timer, state:3
01-09 11:31:40.864  1086  1254 I ASH     : @ 967171.667: tcs3701: stop power rail pending_off timer
01-09 11:31:40.864  1086  1254 D ASH     : @ 967171.667: tcs3701: start power rail timer, state:3
01-09 11:31:40.904  1086  1254 I ASH     : @ 967171.707: tcs3701: stop power rail pending_off timer
01-09 11:31:40.905  1086  1254 D ASH     : @ 967171.707: tcs3701: start power rail timer, state:3
01-09 11:31:40.945  1086  1254 I ASH     : @ 967171.747: tcs3701: stop power rail pending_off timer
01-09 11:31:40.945  1086  1254 D ASH     : @ 967171.747: tcs3701: start power rail timer, state:3
01-09 11:31:40.984  1086  1254 I ASH     : @ 967171.787: tcs3701: stop power rail pending_off timer
01-09 11:31:40.985  1086  1254 D ASH     : @ 967171.787: tcs3701: start power rail timer, state:3
01-09 11:31:41.025  1086  1254 I ASH     : @ 967171.827: tcs3701: stop power rail pending_off timer
01-09 11:31:41.025  1086  1254 D ASH     : @ 967171.827: tcs3701: start power rail timer, state:3
01-09 11:31:41.064  1086  1254 I ASH     : @ 967171.867: tcs3701: stop power rail pending_off timer
01-09 11:31:41.065  1086  1254 D ASH     : @ 967171.867: tcs3701: start power rail timer, state:3
01-09 11:31:41.105  1086  1254 I ASH     : @ 967171.907: tcs3701: stop power rail pending_off timer
01-09 11:31:41.105  1086  1254 D ASH     : @ 967171.907: tcs3701: start power rail timer, state:3
01-09 11:31:41.144  1086  1254 I ASH     : @ 967171.947: tcs3701: stop power rail pending_off timer
01-09 11:31:41.145  1086  1254 D ASH     : @ 967171.947: tcs3701: start power rail timer, state:3
01-09 11:31:41.185  1086  1254 I ASH     : @ 967171.987: tcs3701: stop power rail pending_off timer
01-09 11:31:41.185  1086  1254 D ASH     : @ 967171.987: tcs3701: start power rail timer, state:3
01-09 11:31:41.225  1086  1254 I ASH     : @ 967172.027: tcs3701: stop power rail pending_off timer
01-09 11:31:41.225  1086  1254 D ASH     : @ 967172.027: tcs3701: start power rail timer, state:3
01-09 11:31:41.264  1086  1254 I ASH     : @ 967172.067: tcs3701: stop power rail pending_off timer
01-09 11:31:41.265  1086  1254 D ASH     : @ 967172.067: tcs3701: start power rail timer, state:3
01-09 11:31:41.305  1086  1254 I ASH     : @ 967172.107: tcs3701: stop power rail pending_off timer
01-09 11:31:41.305  1086  1254 D ASH     : @ 967172.107: tcs3701: start power rail timer, state:3
01-09 11:31:41.344  1086  1254 I ASH     : @ 967172.147: tcs3701: stop power rail pending_off timer
01-09 11:31:41.345  1086  1254 D ASH     : @ 967172.147: tcs3701: start power rail timer, state:3
01-09 11:31:41.385  1086  1254 I ASH     : @ 967172.187: tcs3701: stop power rail pending_off timer
01-09 11:31:41.385  1086  1254 D ASH     : @ 967172.187: tcs3701: start power rail timer, state:3
01-09 11:31:41.425  1086  1254 I ASH     : @ 967172.227: tcs3701: stop power rail pending_off timer
01-09 11:31:41.425  1086  1254 D ASH     : @ 967172.227: tcs3701: start power rail timer, state:3
01-09 11:31:41.465  1086  1254 I ASH     : @ 967172.267: tcs3701: stop power rail pending_off timer
01-09 11:31:41.465  1086  1254 D ASH     : @ 967172.267: tcs3701: start power rail timer, state:3
01-09 11:31:41.505  1086  1254 I ASH     : @ 967172.307: tcs3701: stop power rail pending_off timer
01-09 11:31:41.505  1086  1254 D ASH     : @ 967172.307: tcs3701: start power rail timer, state:3
01-09 11:31:41.544  1086  1254 I ASH     : @ 967172.347: tcs3701: stop power rail pending_off timer
01-09 11:31:41.545  1086  1254 D ASH     : @ 967172.347: tcs3701: start power rail timer, state:3
01-09 11:31:41.584  1086  1254 I ASH     : @ 967172.387: tcs3701: stop power rail pending_off timer
01-09 11:31:41.585  1086  1254 D ASH     : @ 967172.387: tcs3701: start power rail timer, state:3
01-09 11:31:41.624  1086  1254 I ASH     : @ 967172.427: tcs3701: stop power rail pending_off timer
01-09 11:31:41.625  1086  1254 D ASH     : @ 967172.427: tcs3701: start power rail timer, state:3
01-09 11:31:41.665  1086  1254 I ASH     : @ 967172.467: tcs3701: stop power rail pending_off timer
01-09 11:31:41.665  1086  1254 D ASH     : @ 967172.467: tcs3701: start power rail timer, state:3
01-09 11:31:41.705  1086  1254 I ASH     : @ 967172.507: tcs3701: stop power rail pending_off timer
01-09 11:31:41.705  1086  1254 D ASH     : @ 967172.507: tcs3701: start power rail timer, state:3
01-09 11:31:41.745  1086  1254 I ASH     : @ 967172.547: tcs3701: stop power rail pending_off timer
01-09 11:31:41.745  1086  1254 D ASH     : @ 967172.547: tcs3701: start power rail timer, state:3
01-09 11:31:41.785  1086  1254 I ASH     : @ 967172.587: tcs3701: stop power rail pending_off timer
01-09 11:31:41.785  1086  1254 D ASH     : @ 967172.587: tcs3701: start power rail timer, state:3
01-09 11:31:41.825  1086  1254 I ASH     : @ 967172.627: tcs3701: stop power rail pending_off timer
01-09 11:31:41.825  1086  1254 D ASH     : @ 967172.627: tcs3701: start power rail timer, state:3
01-09 11:31:41.864  1086  1254 I ASH     : @ 967172.667: tcs3701: stop power rail pending_off timer
01-09 11:31:41.865  1086  1254 D ASH     : @ 967172.667: tcs3701: start power rail timer, state:3
01-09 11:31:41.905  1086  1254 I ASH     : @ 967172.707: tcs3701: stop power rail pending_off timer
01-09 11:31:41.905  1086  1254 D ASH     : @ 967172.707: tcs3701: start power rail timer, state:3
01-09 11:31:41.945  1086  1254 I ASH     : @ 967172.747: tcs3701: stop power rail pending_off timer
01-09 11:31:41.945  1086  1254 D ASH     : @ 967172.747: tcs3701: start power rail timer, state:3
01-09 11:31:41.984  1086  1254 I ASH     : @ 967172.787: tcs3701: stop power rail pending_off timer
01-09 11:31:41.985  1086  1254 D ASH     : @ 967172.787: tcs3701: start power rail timer, state:3
01-09 11:31:42.025  1086  1254 I ASH     : @ 967172.827: tcs3701: stop power rail pending_off timer
01-09 11:31:42.025  1086  1254 D ASH     : @ 967172.827: tcs3701: start power rail timer, state:3
01-09 11:31:42.064  1086  1254 I ASH     : @ 967172.867: tcs3701: stop power rail pending_off timer
01-09 11:31:42.065  1086  1254 D ASH     : @ 967172.867: tcs3701: start power rail timer, state:3
01-09 11:31:42.105  1086  1254 I ASH     : @ 967172.907: tcs3701: stop power rail pending_off timer
01-09 11:31:42.105  1086  1254 D ASH     : @ 967172.907: tcs3701: start power rail timer, state:3
01-09 11:31:42.145  1086  1254 I ASH     : @ 967172.947: tcs3701: stop power rail pending_off timer
01-09 11:31:42.145  1086  1254 D ASH     : @ 967172.947: tcs3701: start power rail timer, state:3
01-09 11:31:42.185  1086  1254 I ASH     : @ 967172.987: tcs3701: stop power rail pending_off timer
01-09 11:31:42.185  1086  1254 D ASH     : @ 967172.987: tcs3701: start power rail timer, state:3
01-09 11:31:42.225  1086  1254 I ASH     : @ 967173.027: tcs3701: stop power rail pending_off timer
01-09 11:31:42.225  1086  1254 D ASH     : @ 967173.027: tcs3701: start power rail timer, state:3
01-09 11:31:42.264  1086  1254 I ASH     : @ 967173.067: tcs3701: stop power rail pending_off timer
01-09 11:31:42.265  1086  1254 D ASH     : @ 967173.067: tcs3701: start power rail timer, state:3
01-09 11:31:42.305  1086  1254 I ASH     : @ 967173.107: tcs3701: stop power rail pending_off timer
01-09 11:31:42.305  1086  1254 D ASH     : @ 967173.107: tcs3701: start power rail timer, state:3
01-09 11:31:42.345  1086  1254 I ASH     : @ 967173.147: tcs3701: stop power rail pending_off timer
01-09 11:31:42.345  1086  1254 D ASH     : @ 967173.147: tcs3701: start power rail timer, state:3
01-09 11:31:42.385  1086  1254 I ASH     : @ 967173.187: tcs3701: stop power rail pending_off timer
01-09 11:31:42.385  1086  1254 D ASH     : @ 967173.187: tcs3701: start power rail timer, state:3
01-09 11:31:42.425  1086  1254 I ASH     : @ 967173.227: tcs3701: stop power rail pending_off timer
01-09 11:31:42.425  1086  1254 D ASH     : @ 967173.227: tcs3701: start power rail timer, state:3
01-09 11:31:42.465  1086  1254 I ASH     : @ 967173.267: tcs3701: stop power rail pending_off timer
01-09 11:31:42.465  1086  1254 D ASH     : @ 967173.267: tcs3701: start power rail timer, state:3
01-09 11:31:42.505  1086  1254 I ASH     : @ 967173.307: tcs3701: stop power rail pending_off timer
01-09 11:31:42.505  1086  1254 D ASH     : @ 967173.307: tcs3701: start power rail timer, state:3
01-09 11:31:42.545  1086  1254 I ASH     : @ 967173.347: tcs3701: stop power rail pending_off timer
01-09 11:31:42.545  1086  1254 D ASH     : @ 967173.347: tcs3701: start power rail timer, state:3
01-09 11:31:42.585  1086  1254 I ASH     : @ 967173.387: tcs3701: stop power rail pending_off timer
01-09 11:31:42.585  1086  1254 D ASH     : @ 967173.387: tcs3701: start power rail timer, state:3
01-09 11:31:42.625  1086  1254 I ASH     : @ 967173.427: tcs3701: stop power rail pending_off timer
01-09 11:31:42.625  1086  1254 D ASH     : @ 967173.427: tcs3701: start power rail timer, state:3
01-09 11:31:42.665  1086  1254 I ASH     : @ 967173.467: tcs3701: stop power rail pending_off timer
01-09 11:31:42.665  1086  1254 D ASH     : @ 967173.467: tcs3701: start power rail timer, state:3
01-09 11:31:42.705  1086  1254 I ASH     : @ 967173.507: tcs3701: stop power rail pending_off timer
01-09 11:31:42.705  1086  1254 D ASH     : @ 967173.507: tcs3701: start power rail timer, state:3
01-09 11:31:42.745  1086  1254 I ASH     : @ 967173.547: tcs3701: stop power rail pending_off timer
01-09 11:31:42.745  1086  1254 D ASH     : @ 967173.547: tcs3701: start power rail timer, state:3
01-09 11:31:42.784  1086  1254 I ASH     : @ 967173.587: tcs3701: stop power rail pending_off timer
01-09 11:31:42.785  1086  1254 D ASH     : @ 967173.587: tcs3701: start power rail timer, state:3
01-09 11:31:42.825  1086  1254 I ASH     : @ 967173.627: tcs3701: stop power rail pending_off timer
01-09 11:31:42.825  1086  1254 D ASH     : @ 967173.627: tcs3701: start power rail timer, state:3
01-09 11:31:42.865  1086  1254 I ASH     : @ 967173.667: tcs3701: stop power rail pending_off timer
01-09 11:31:42.865  1086  1254 D ASH     : @ 967173.667: tcs3701: start power rail timer, state:3
01-09 11:31:42.905  1086  1254 I ASH     : @ 967173.707: tcs3701: stop power rail pending_off timer
01-09 11:31:42.905  1086  1254 D ASH     : @ 967173.707: tcs3701: start power rail timer, state:3
01-09 11:31:42.945  1086  1254 I ASH     : @ 967173.747: tcs3701: stop power rail pending_off timer
01-09 11:31:42.945  1086  1254 D ASH     : @ 967173.747: tcs3701: start power rail timer, state:3
01-09 11:31:42.984  1086  1254 I ASH     : @ 967173.787: tcs3701: stop power rail pending_off timer
01-09 11:31:42.985  1086  1254 D ASH     : @ 967173.787: tcs3701: start power rail timer, state:3
01-09 11:31:43.025  1086  1254 I ASH     : @ 967173.827: tcs3701: stop power rail pending_off timer
01-09 11:31:43.025  1086  1254 D ASH     : @ 967173.827: tcs3701: start power rail timer, state:3
01-09 11:31:43.065  1086  1254 I ASH     : @ 967173.867: tcs3701: stop power rail pending_off timer
01-09 11:31:43.065  1086  1254 D ASH     : @ 967173.867: tcs3701: start power rail timer, state:3
01-09 11:31:43.105  1086  1254 I ASH     : @ 967173.907: tcs3701: stop power rail pending_off timer
01-09 11:31:43.105  1086  1254 D ASH     : @ 967173.907: tcs3701: start power rail timer, state:3
01-09 11:31:43.145  1086  1254 I ASH     : @ 967173.947: tcs3701: stop power rail pending_off timer
01-09 11:31:43.145  1086  1254 D ASH     : @ 967173.947: tcs3701: start power rail timer, state:3
01-09 11:31:43.185  1086  1254 I ASH     : @ 967173.987: tcs3701: stop power rail pending_off timer
01-09 11:31:43.185  1086  1254 D ASH     : @ 967173.987: tcs3701: start power rail timer, state:3
01-09 11:31:43.225  1086  1254 I ASH     : @ 967174.027: tcs3701: stop power rail pending_off timer
01-09 11:31:43.225  1086  1254 D ASH     : @ 967174.027: tcs3701: start power rail timer, state:3
01-09 11:31:43.265  1086  1254 I ASH     : @ 967174.067: tcs3701: stop power rail pending_off timer
01-09 11:31:43.265  1086  1254 D ASH     : @ 967174.067: tcs3701: start power rail timer, state:3
01-09 11:31:43.305  1086  1254 I ASH     : @ 967174.107: tcs3701: stop power rail pending_off timer
01-09 11:31:43.305  1086  1254 D ASH     : @ 967174.107: tcs3701: start power rail timer, state:3
01-09 11:31:43.345  1086  1254 I ASH     : @ 967174.147: tcs3701: stop power rail pending_off timer
01-09 11:31:43.345  1086  1254 D ASH     : @ 967174.147: tcs3701: start power rail timer, state:3
01-09 11:31:43.385  1086  1254 I ASH     : @ 967174.187: tcs3701: stop power rail pending_off timer
01-09 11:31:43.385  1086  1254 D ASH     : @ 967174.187: tcs3701: start power rail timer, state:3
01-09 11:31:43.425  1086  1254 I ASH     : @ 967174.227: tcs3701: stop power rail pending_off timer
01-09 11:31:43.425  1086  1254 D ASH     : @ 967174.227: tcs3701: start power rail timer, state:3
01-09 11:31:43.465  1086  1254 I ASH     : @ 967174.267: tcs3701: stop power rail pending_off timer
01-09 11:31:43.465  1086  1254 D ASH     : @ 967174.267: tcs3701: start power rail timer, state:3
01-09 11:31:43.505  1086  1254 I ASH     : @ 967174.307: tcs3701: stop power rail pending_off timer
01-09 11:31:43.505  1086  1254 D ASH     : @ 967174.307: tcs3701: start power rail timer, state:3
01-09 11:31:43.545  1086  1254 I ASH     : @ 967174.347: tcs3701: stop power rail pending_off timer
01-09 11:31:43.545  1086  1254 D ASH     : @ 967174.347: tcs3701: start power rail timer, state:3
01-09 11:31:43.585  1086  1254 I ASH     : @ 967174.387: tcs3701: stop power rail pending_off timer
01-09 11:31:43.585  1086  1254 D ASH     : @ 967174.387: tcs3701: start power rail timer, state:3
01-09 11:31:43.625  1086  1254 I ASH     : @ 967174.427: tcs3701: stop power rail pending_off timer
01-09 11:31:43.625  1086  1254 D ASH     : @ 967174.427: tcs3701: start power rail timer, state:3
01-09 11:31:43.665  1086  1254 I ASH     : @ 967174.467: tcs3701: stop power rail pending_off timer
01-09 11:31:43.665  1086  1254 D ASH     : @ 967174.467: tcs3701: start power rail timer, state:3
01-09 11:31:43.705  1086  1254 I ASH     : @ 967174.507: tcs3701: stop power rail pending_off timer
01-09 11:31:43.705  1086  1254 D ASH     : @ 967174.507: tcs3701: start power rail timer, state:3
01-09 11:31:43.744  1086  1254 I ASH     : @ 967174.547: tcs3701: stop power rail pending_off timer
01-09 11:31:43.745  1086  1254 D ASH     : @ 967174.547: tcs3701: start power rail timer, state:3
01-09 11:31:43.784  1086  1254 I ASH     : @ 967174.587: tcs3701: stop power rail pending_off timer
01-09 11:31:43.785  1086  1254 D ASH     : @ 967174.587: tcs3701: start power rail timer, state:3
01-09 11:31:43.825  1086  1254 I ASH     : @ 967174.627: tcs3701: stop power rail pending_off timer
01-09 11:31:43.825  1086  1254 D ASH     : @ 967174.627: tcs3701: start power rail timer, state:3
01-09 11:31:43.865  1086  1254 I ASH     : @ 967174.667: tcs3701: stop power rail pending_off timer
01-09 11:31:43.865  1086  1254 D ASH     : @ 967174.667: tcs3701: start power rail timer, state:3
01-09 11:31:43.905  1086  1254 I ASH     : @ 967174.707: tcs3701: stop power rail pending_off timer
01-09 11:31:43.905  1086  1254 D ASH     : @ 967174.707: tcs3701: start power rail timer, state:3
01-09 11:31:43.945  1086  1254 I ASH     : @ 967174.747: tcs3701: stop power rail pending_off timer
01-09 11:31:43.945  1086  1254 D ASH     : @ 967174.747: tcs3701: start power rail timer, state:3
01-09 11:31:43.984  1086  1254 I ASH     : @ 967174.787: tcs3701: stop power rail pending_off timer
01-09 11:31:43.985  1086  1254 D ASH     : @ 967174.787: tcs3701: start power rail timer, state:3
01-09 11:31:44.025  1086  1254 I ASH     : @ 967174.827: tcs3701: stop power rail pending_off timer
01-09 11:31:44.025  1086  1254 D ASH     : @ 967174.827: tcs3701: start power rail timer, state:3
01-09 11:31:44.065  1086  1254 I ASH     : @ 967174.867: tcs3701: stop power rail pending_off timer
01-09 11:31:44.065  1086  1254 D ASH     : @ 967174.867: tcs3701: start power rail timer, state:3
01-09 11:31:44.105  1086  1254 I ASH     : @ 967174.907: tcs3701: stop power rail pending_off timer
01-09 11:31:44.105  1086  1254 D ASH     : @ 967174.907: tcs3701: start power rail timer, state:3
01-09 11:31:44.145  1086  1254 I ASH     : @ 967174.947: tcs3701: stop power rail pending_off timer
01-09 11:31:44.145  1086  1254 D ASH     : @ 967174.947: tcs3701: start power rail timer, state:3
01-09 11:31:44.185  1086  1254 I ASH     : @ 967174.987: tcs3701: stop power rail pending_off timer
01-09 11:31:44.185  1086  1254 D ASH     : @ 967174.987: tcs3701: start power rail timer, state:3
01-09 11:31:44.225  1086  1254 I ASH     : @ 967175.027: tcs3701: stop power rail pending_off timer
01-09 11:31:44.225  1086  1254 D ASH     : @ 967175.027: tcs3701: start power rail timer, state:3
01-09 11:31:44.265  1086  1254 I ASH     : @ 967175.067: tcs3701: stop power rail pending_off timer
01-09 11:31:44.265  1086  1254 D ASH     : @ 967175.067: tcs3701: start power rail timer, state:3
01-09 11:31:44.305  1086  1254 I ASH     : @ 967175.107: tcs3701: stop power rail pending_off timer
01-09 11:31:44.305  1086  1254 D ASH     : @ 967175.107: tcs3701: start power rail timer, state:3
01-09 11:31:44.345  1086  1254 I ASH     : @ 967175.147: tcs3701: stop power rail pending_off timer
01-09 11:31:44.345  1086  1254 D ASH     : @ 967175.147: tcs3701: start power rail timer, state:3
01-09 11:31:44.385  1086  1254 I ASH     : @ 967175.187: tcs3701: stop power rail pending_off timer
01-09 11:31:44.385  1086  1254 D ASH     : @ 967175.187: tcs3701: start power rail timer, state:3
01-09 11:31:44.425  1086  1254 I ASH     : @ 967175.227: tcs3701: stop power rail pending_off timer
01-09 11:31:44.425  1086  1254 D ASH     : @ 967175.227: tcs3701: start power rail timer, state:3
01-09 11:31:44.465  1086  1254 I ASH     : @ 967175.267: tcs3701: stop power rail pending_off timer
01-09 11:31:44.465  1086  1254 D ASH     : @ 967175.267: tcs3701: start power rail timer, state:3
01-09 11:31:44.505  1086  1254 I ASH     : @ 967175.307: tcs3701: stop power rail pending_off timer
01-09 11:31:44.505  1086  1254 D ASH     : @ 967175.307: tcs3701: start power rail timer, state:3
01-09 11:31:44.544  1086  1254 I ASH     : @ 967175.347: tcs3701: stop power rail pending_off timer
01-09 11:31:44.545  1086  1254 D ASH     : @ 967175.347: tcs3701: start power rail timer, state:3
01-09 11:31:44.584  1086  1254 I ASH     : @ 967175.387: tcs3701: stop power rail pending_off timer
01-09 11:31:44.585  1086  1254 D ASH     : @ 967175.387: tcs3701: start power rail timer, state:3
01-09 11:31:44.625  1086  1254 I ASH     : @ 967175.427: tcs3701: stop power rail pending_off timer
01-09 11:31:44.625  1086  1254 D ASH     : @ 967175.427: tcs3701: start power rail timer, state:3
01-09 11:31:44.665  1086  1254 I ASH     : @ 967175.467: tcs3701: stop power rail pending_off timer
01-09 11:31:44.665  1086  1254 D ASH     : @ 967175.467: tcs3701: start power rail timer, state:3
01-09 11:31:44.705  1086  1254 I ASH     : @ 967175.507: tcs3701: stop power rail pending_off timer
01-09 11:31:44.705  1086  1254 D ASH     : @ 967175.507: tcs3701: start power rail timer, state:3
01-09 11:31:44.745  1086  1254 I ASH     : @ 967175.547: tcs3701: stop power rail pending_off timer
01-09 11:31:44.745  1086  1254 D ASH     : @ 967175.547: tcs3701: start power rail timer, state:3
01-09 11:31:44.785  1086  1254 I ASH     : @ 967175.587: tcs3701: stop power rail pending_off timer
01-09 11:31:44.785  1086  1254 D ASH     : @ 967175.587: tcs3701: start power rail timer, state:3
01-09 11:31:44.825  1086  1254 I ASH     : @ 967175.627: tcs3701: stop power rail pending_off timer
01-09 11:31:44.825  1086  1254 D ASH     : @ 967175.627: tcs3701: start power rail timer, state:3
01-09 11:31:44.864  1086  1254 I ASH     : @ 967175.667: tcs3701: stop power rail pending_off timer
01-09 11:31:44.865  1086  1254 D ASH     : @ 967175.667: tcs3701: start power rail timer, state:3
01-09 11:31:44.905  1086  1254 I ASH     : @ 967175.707: tcs3701: stop power rail pending_off timer
01-09 11:31:44.905  1086  1254 D ASH     : @ 967175.707: tcs3701: start power rail timer, state:3
01-09 11:31:44.944  1086  1254 I ASH     : @ 967175.747: tcs3701: stop power rail pending_off timer
01-09 11:31:44.945  1086  1254 D ASH     : @ 967175.747: tcs3701: start power rail timer, state:3
01-09 11:31:44.985  1086  1254 I ASH     : @ 967175.787: tcs3701: stop power rail pending_off timer
01-09 11:31:44.985  1086  1254 D ASH     : @ 967175.787: tcs3701: start power rail timer, state:3
01-09 11:31:45.025  1086  1254 I ASH     : @ 967175.827: tcs3701: stop power rail pending_off timer
01-09 11:31:45.025  1086  1254 D ASH     : @ 967175.827: tcs3701: start power rail timer, state:3
01-09 11:31:45.065  1086  1254 I ASH     : @ 967175.867: tcs3701: stop power rail pending_off timer
01-09 11:31:45.065  1086  1254 D ASH     : @ 967175.867: tcs3701: start power rail timer, state:3
01-09 11:31:45.104  1086  1254 I ASH     : @ 967175.907: tcs3701: stop power rail pending_off timer
01-09 11:31:45.105  1086  1254 D ASH     : @ 967175.907: tcs3701: start power rail timer, state:3
01-09 11:31:45.145  1086  1254 I ASH     : @ 967175.947: tcs3701: stop power rail pending_off timer
01-09 11:31:45.145  1086  1254 D ASH     : @ 967175.947: tcs3701: start power rail timer, state:3
01-09 11:31:45.185  1086  1254 I ASH     : @ 967175.987: tcs3701: stop power rail pending_off timer
01-09 11:31:45.185  1086  1254 D ASH     : @ 967175.987: tcs3701: start power rail timer, state:3
01-09 11:31:45.224  1086  1254 I ASH     : @ 967176.027: tcs3701: stop power rail pending_off timer
01-09 11:31:45.224  1086  1254 D ASH     : @ 967176.027: tcs3701: start power rail timer, state:3
01-09 11:31:45.265  1086  1254 I ASH     : @ 967176.067: tcs3701: stop power rail pending_off timer
01-09 11:31:45.265  1086  1254 D ASH     : @ 967176.067: tcs3701: start power rail timer, state:3
01-09 11:31:45.305  1086  1254 I ASH     : @ 967176.107: tcs3701: stop power rail pending_off timer
01-09 11:31:45.305  1086  1254 D ASH     : @ 967176.107: tcs3701: start power rail timer, state:3
01-09 11:31:45.345  1086  1254 I ASH     : @ 967176.147: tcs3701: stop power rail pending_off timer
01-09 11:31:45.345  1086  1254 D ASH     : @ 967176.147: tcs3701: start power rail timer, state:3
01-09 11:31:45.385  1086  1254 I ASH     : @ 967176.187: tcs3701: stop power rail pending_off timer
01-09 11:31:45.385  1086  1254 D ASH     : @ 967176.187: tcs3701: start power rail timer, state:3
01-09 11:31:45.425  1086  1254 I ASH     : @ 967176.227: tcs3701: stop power rail pending_off timer
01-09 11:31:45.425  1086  1254 D ASH     : @ 967176.227: tcs3701: start power rail timer, state:3
01-09 11:31:45.465  1086  1254 I ASH     : @ 967176.267: tcs3701: stop power rail pending_off timer
01-09 11:31:45.465  1086  1254 D ASH     : @ 967176.267: tcs3701: start power rail timer, state:3
01-09 11:31:45.505  1086  1254 I ASH     : @ 967176.307: tcs3701: stop power rail pending_off timer
01-09 11:31:45.505  1086  1254 D ASH     : @ 967176.307: tcs3701: start power rail timer, state:3
01-09 11:31:45.545  1086  1254 I ASH     : @ 967176.347: tcs3701: stop power rail pending_off timer
01-09 11:31:45.545  1086  1254 D ASH     : @ 967176.347: tcs3701: start power rail timer, state:3
01-09 11:31:45.584  1086  1254 I ASH     : @ 967176.387: tcs3701: stop power rail pending_off timer
01-09 11:31:45.585  1086  1254 D ASH     : @ 967176.387: tcs3701: start power rail timer, state:3
01-09 11:31:45.624  1086  1254 I ASH     : @ 967176.427: tcs3701: stop power rail pending_off timer
01-09 11:31:45.625  1086  1254 D ASH     : @ 967176.427: tcs3701: start power rail timer, state:3
01-09 11:31:45.665  1086  1254 I ASH     : @ 967176.467: tcs3701: stop power rail pending_off timer
01-09 11:31:45.665  1086  1254 D ASH     : @ 967176.467: tcs3701: start power rail timer, state:3
01-09 11:31:45.705  1086  1254 I ASH     : @ 967176.507: tcs3701: stop power rail pending_off timer
01-09 11:31:45.705  1086  1254 D ASH     : @ 967176.507: tcs3701: start power rail timer, state:3
01-09 11:31:45.745  1086  1254 I ASH     : @ 967176.547: tcs3701: stop power rail pending_off timer
01-09 11:31:45.745  1086  1254 D ASH     : @ 967176.547: tcs3701: start power rail timer, state:3
01-09 11:31:45.784  1086  1254 I ASH     : @ 967176.587: tcs3701: stop power rail pending_off timer
01-09 11:31:45.785  1086  1254 D ASH     : @ 967176.587: tcs3701: start power rail timer, state:3
01-09 11:31:45.825  1086  1254 I ASH     : @ 967176.627: tcs3701: stop power rail pending_off timer
01-09 11:31:45.825  1086  1254 D ASH     : @ 967176.627: tcs3701: start power rail timer, state:3
01-09 11:31:45.865  1086  1254 I ASH     : @ 967176.667: tcs3701: stop power rail pending_off timer
01-09 11:31:45.865  1086  1254 D ASH     : @ 967176.667: tcs3701: start power rail timer, state:3
01-09 11:31:45.905  1086  1254 I ASH     : @ 967176.707: tcs3701: stop power rail pending_off timer
01-09 11:31:45.905  1086  1254 D ASH     : @ 967176.707: tcs3701: start power rail timer, state:3
01-09 11:31:45.945  1086  1254 I ASH     : @ 967176.747: tcs3701: stop power rail pending_off timer
01-09 11:31:45.945  1086  1254 D ASH     : @ 967176.747: tcs3701: start power rail timer, state:3
01-09 11:31:45.984  1086  1254 I ASH     : @ 967176.787: tcs3701: stop power rail pending_off timer
01-09 11:31:45.985  1086  1254 D ASH     : @ 967176.787: tcs3701: start power rail timer, state:3
01-09 11:31:46.025  1086  1254 I ASH     : @ 967176.827: tcs3701: stop power rail pending_off timer
01-09 11:31:46.025  1086  1254 D ASH     : @ 967176.827: tcs3701: start power rail timer, state:3
01-09 11:31:46.065  1086  1254 I ASH     : @ 967176.867: tcs3701: stop power rail pending_off timer
01-09 11:31:46.065  1086  1254 D ASH     : @ 967176.867: tcs3701: start power rail timer, state:3
01-09 11:31:46.105  1086  1254 I ASH     : @ 967176.907: tcs3701: stop power rail pending_off timer
01-09 11:31:46.105  1086  1254 D ASH     : @ 967176.907: tcs3701: start power rail timer, state:3
01-09 11:31:46.145  1086  1254 I ASH     : @ 967176.947: tcs3701: stop power rail pending_off timer
01-09 11:31:46.145  1086  1254 D ASH     : @ 967176.947: tcs3701: start power rail timer, state:3
01-09 11:31:46.185  1086  1254 I ASH     : @ 967176.987: tcs3701: stop power rail pending_off timer
01-09 11:31:46.185  1086  1254 D ASH     : @ 967176.987: tcs3701: start power rail timer, state:3
01-09 11:31:46.225  1086  1254 I ASH     : @ 967177.027: tcs3701: stop power rail pending_off timer
01-09 11:31:46.225  1086  1254 D ASH     : @ 967177.027: tcs3701: start power rail timer, state:3
01-09 11:31:46.265  1086  1254 I ASH     : @ 967177.067: tcs3701: stop power rail pending_off timer
01-09 11:31:46.265  1086  1254 D ASH     : @ 967177.067: tcs3701: start power rail timer, state:3
01-09 11:31:46.305  1086  1254 I ASH     : @ 967177.107: tcs3701: stop power rail pending_off timer
01-09 11:31:46.305  1086  1254 D ASH     : @ 967177.107: tcs3701: start power rail timer, state:3
01-09 11:31:46.312 22217 22256 I Finsky  : [29] nft.run(22): Stats for Executor: BlockingExecutor nlp@b6727c1[Running, pool size = 0, active threads = 0, queued tasks = 0, completed tasks = 28]
01-09 11:31:46.313 22217 22256 I Finsky  : [29] nft.run(22): Stats for Executor: LightweightExecutor nlp@94eeb66[Running, pool size = 4, active threads = 0, queued tasks = 0, completed tasks = 90]
01-09 11:31:46.345  1086  1254 I ASH     : @ 967177.147: tcs3701: stop power rail pending_off timer
01-09 11:31:46.345  1086  1254 D ASH     : @ 967177.147: tcs3701: start power rail timer, state:3
01-09 11:31:46.359 22217 22256 I Finsky  : [29] nft.run(22): Stats for Executor: bgExecutor nlp@9377ea7[Running, pool size = 4, active threads = 0, queued tasks = 0, completed tasks = 444]
01-09 11:31:46.385  1086  1254 I ASH     : @ 967177.187: tcs3701: stop power rail pending_off timer
01-09 11:31:46.385  1086  1254 D ASH     : @ 967177.187: tcs3701: start power rail timer, state:3
01-09 11:31:46.388 22237 22290 I Finsky:background: [29] nft.run(22): Stats for Executor: bgExecutor nlp@af2bdc0[Running, pool size = 0, active threads = 0, queued tasks = 0, completed tasks = 0]
01-09 11:31:46.388 22237 22290 I Finsky:background: [29] nft.run(22): Stats for Executor: LightweightExecutor nlp@1ab7af9[Running, pool size = 0, active threads = 0, queued tasks = 0, completed tasks = 0]
01-09 11:31:46.424  1086  1254 I ASH     : @ 967177.227: tcs3701: stop power rail pending_off timer
01-09 11:31:46.425  1086  1254 D ASH     : @ 967177.227: tcs3701: start power rail timer, state:3
01-09 11:31:46.465  1086  1254 I ASH     : @ 967177.267: tcs3701: stop power rail pending_off timer
01-09 11:31:46.465  1086  1254 D ASH     : @ 967177.267: tcs3701: start power rail timer, state:3
01-09 11:31:46.505  1086  1254 I ASH     : @ 967177.307: tcs3701: stop power rail pending_off timer
01-09 11:31:46.505  1086  1254 D ASH     : @ 967177.307: tcs3701: start power rail timer, state:3
01-09 11:31:46.545  1086  1254 I ASH     : @ 967177.347: tcs3701: stop power rail pending_off timer
01-09 11:31:46.545  1086  1254 D ASH     : @ 967177.347: tcs3701: start power rail timer, state:3
01-09 11:31:46.585  1086  1254 I ASH     : @ 967177.387: tcs3701: stop power rail pending_off timer
01-09 11:31:46.585  1086  1254 D ASH     : @ 967177.387: tcs3701: start power rail timer, state:3
01-09 11:31:46.624  1086  1254 I ASH     : @ 967177.427: tcs3701: stop power rail pending_off timer
01-09 11:31:46.625  1086  1254 D ASH     : @ 967177.427: tcs3701: start power rail timer, state:3
01-09 11:31:46.665  1086  1254 I ASH     : @ 967177.467: tcs3701: stop power rail pending_off timer
01-09 11:31:46.665  1086  1254 D ASH     : @ 967177.467: tcs3701: start power rail timer, state:3
01-09 11:31:46.705  1086  1254 I ASH     : @ 967177.507: tcs3701: stop power rail pending_off timer
01-09 11:31:46.705  1086  1254 D ASH     : @ 967177.507: tcs3701: start power rail timer, state:3
01-09 11:31:46.744  1086  1254 I ASH     : @ 967177.547: tcs3701: stop power rail pending_off timer
01-09 11:31:46.745  1086  1254 D ASH     : @ 967177.547: tcs3701: start power rail timer, state:3
01-09 11:31:46.785  1086  1254 I ASH     : @ 967177.587: tcs3701: stop power rail pending_off timer
01-09 11:31:46.785  1086  1254 D ASH     : @ 967177.587: tcs3701: start power rail timer, state:3
01-09 11:31:46.825  1086  1254 I ASH     : @ 967177.627: tcs3701: stop power rail pending_off timer
01-09 11:31:46.825  1086  1254 D ASH     : @ 967177.627: tcs3701: start power rail timer, state:3
01-09 11:31:46.865  1086  1254 I ASH     : @ 967177.667: tcs3701: stop power rail pending_off timer
01-09 11:31:46.865  1086  1254 D ASH     : @ 967177.667: tcs3701: start power rail timer, state:3
01-09 11:31:46.904  1086  1254 I ASH     : @ 967177.707: tcs3701: stop power rail pending_off timer
01-09 11:31:46.905  1086  1254 D ASH     : @ 967177.707: tcs3701: start power rail timer, state:3
01-09 11:31:46.909 22237 22290 I Finsky:background: [29] nft.run(22): Stats for Executor: BlockingExecutor nlp@b116a3e[Running, pool size = 0, active threads = 0, queued tasks = 0, completed tasks = 0]
01-09 11:31:46.945  1086  1254 I ASH     : @ 967177.747: tcs3701: stop power rail pending_off timer
01-09 11:31:46.945  1086  1254 D ASH     : @ 967177.747: tcs3701: start power rail timer, state:3
01-09 11:31:46.985  1086  1254 I ASH     : @ 967177.787: tcs3701: stop power rail pending_off timer
01-09 11:31:46.985  1086  1254 D ASH     : @ 967177.787: tcs3701: start power rail timer, state:3
01-09 11:31:47.025  1086  1254 I ASH     : @ 967177.827: tcs3701: stop power rail pending_off timer
01-09 11:31:47.025  1086  1254 D ASH     : @ 967177.827: tcs3701: start power rail timer, state:3
01-09 11:31:47.065  1086  1254 I ASH     : @ 967177.867: tcs3701: stop power rail pending_off timer
01-09 11:31:47.065  1086  1254 D ASH     : @ 967177.867: tcs3701: start power rail timer, state:3
01-09 11:31:47.105  1086  1254 I ASH     : @ 967177.907: tcs3701: stop power rail pending_off timer
01-09 11:31:47.105  1086  1254 D ASH     : @ 967177.907: tcs3701: start power rail timer, state:3
01-09 11:31:47.145  1086  1254 I ASH     : @ 967177.947: tcs3701: stop power rail pending_off timer
01-09 11:31:47.145  1086  1254 D ASH     : @ 967177.947: tcs3701: start power rail timer, state:3
01-09 11:31:47.184  1086  1254 I ASH     : @ 967177.987: tcs3701: stop power rail pending_off timer
01-09 11:31:47.185  1086  1254 D ASH     : @ 967177.987: tcs3701: start power rail timer, state:3
01-09 11:31:47.224  1086  1254 I ASH     : @ 967178.027: tcs3701: stop power rail pending_off timer
01-09 11:31:47.225  1086  1254 D ASH     : @ 967178.027: tcs3701: start power rail timer, state:3
01-09 11:31:47.265  1086  1254 I ASH     : @ 967178.067: tcs3701: stop power rail pending_off timer
01-09 11:31:47.265  1086  1254 D ASH     : @ 967178.067: tcs3701: start power rail timer, state:3
01-09 11:31:47.305  1086  1254 I ASH     : @ 967178.107: tcs3701: stop power rail pending_off timer
01-09 11:31:47.305  1086  1254 D ASH     : @ 967178.107: tcs3701: start power rail timer, state:3
01-09 11:31:47.345  1086  1254 I ASH     : @ 967178.147: tcs3701: stop power rail pending_off timer
01-09 11:31:47.345  1086  1254 D ASH     : @ 967178.147: tcs3701: start power rail timer, state:3
01-09 11:31:47.385  1086  1254 I ASH     : @ 967178.187: tcs3701: stop power rail pending_off timer
01-09 11:31:47.385  1086  1254 D ASH     : @ 967178.187: tcs3701: start power rail timer, state:3
01-09 11:31:47.425  1086  1254 I ASH     : @ 967178.227: tcs3701: stop power rail pending_off timer
01-09 11:31:47.425  1086  1254 D ASH     : @ 967178.227: tcs3701: start power rail timer, state:3
01-09 11:31:47.439 26141 26160 I Unity   : [showcase] frame cost — scene typography at 1080x2340 over 240 frames — tick 0.15 ms, draw mean 0.33 p50 0.34 p95 0.41 max 0.45 ms (2047.8 fps if unpaced)
01-09 11:31:47.439 26141 26160 I Unity   : UnityEngine.DebugLogHandler:Internal_Log(LogType, LogOption, String, Object)
01-09 11:31:47.439 26141 26160 I Unity   : Driftsys.Dashscene.Samples.DashsceneShowcase:Update()
01-09 11:31:47.439 26141 26160 I Unity   : 
01-09 11:31:47.464  1086  1254 I ASH     : @ 967178.267: tcs3701: stop power rail pending_off timer
01-09 11:31:47.465  1086  1254 D ASH     : @ 967178.267: tcs3701: start power rail timer, state:3
01-09 11:31:47.505  1086  1254 I ASH     : @ 967178.307: tcs3701: stop power rail pending_off timer
01-09 11:31:47.505  1086  1254 D ASH     : @ 967178.307: tcs3701: start power rail timer, state:3
01-09 11:31:47.545  1086  1254 I ASH     : @ 967178.347: tcs3701: stop power rail pending_off timer
01-09 11:31:47.545  1086  1254 D ASH     : @ 967178.347: tcs3701: start power rail timer, state:3
01-09 11:31:47.584  1086  1254 I ASH     : @ 967178.387: tcs3701: stop power rail pending_off timer
01-09 11:31:47.585  1086  1254 D ASH     : @ 967178.387: tcs3701: start power rail timer, state:3
01-09 11:31:47.624  1086  1254 I ASH     : @ 967178.427: tcs3701: stop power rail pending_off timer
01-09 11:31:47.625  1086  1254 D ASH     : @ 967178.427: tcs3701: start power rail timer, state:3
01-09 11:31:47.665  1086  1254 I ASH     : @ 967178.467: tcs3701: stop power rail pending_off timer
01-09 11:31:47.665  1086  1254 D ASH     : @ 967178.467: tcs3701: start power rail timer, state:3
01-09 11:31:47.705  1086  1254 I ASH     : @ 967178.507: tcs3701: stop power rail pending_off timer
01-09 11:31:47.705  1086  1254 D ASH     : @ 967178.507: tcs3701: start power rail timer, state:3
01-09 11:31:47.745  1086  1254 I ASH     : @ 967178.547: tcs3701: stop power rail pending_off timer
01-09 11:31:47.745  1086  1254 D ASH     : @ 967178.547: tcs3701: start power rail timer, state:3
01-09 11:31:47.785  1086  1254 I ASH     : @ 967178.587: tcs3701: stop power rail pending_off timer
01-09 11:31:47.785  1086  1254 D ASH     : @ 967178.587: tcs3701: start power rail timer, state:3
01-09 11:31:47.824  1086  1254 I ASH     : @ 967178.627: tcs3701: stop power rail pending_off timer
01-09 11:31:47.825  1086  1254 D ASH     : @ 967178.627: tcs3701: start power rail timer, state:3
01-09 11:31:47.865  1086  1254 I ASH     : @ 967178.667: tcs3701: stop power rail pending_off timer
01-09 11:31:47.865  1086  1254 D ASH     : @ 967178.667: tcs3701: start power rail timer, state:3
01-09 11:31:47.905  1086  1254 I ASH     : @ 967178.707: tcs3701: stop power rail pending_off timer
01-09 11:31:47.905  1086  1254 D ASH     : @ 967178.707: tcs3701: start power rail timer, state:3
01-09 11:31:47.945  1086  1254 I ASH     : @ 967178.747: tcs3701: stop power rail pending_off timer
01-09 11:31:47.945  1086  1254 D ASH     : @ 967178.747: tcs3701: start power rail timer, state:3
01-09 11:31:47.985  1086  1254 I ASH     : @ 967178.787: tcs3701: stop power rail pending_off timer
01-09 11:31:47.985  1086  1254 D ASH     : @ 967178.787: tcs3701: start power rail timer, state:3
01-09 11:31:48.025  1086  1254 I ASH     : @ 967178.827: tcs3701: stop power rail pending_off timer
01-09 11:31:48.025  1086  1254 D ASH     : @ 967178.827: tcs3701: start power rail timer, state:3
01-09 11:31:48.065  1086  1254 I ASH     : @ 967178.867: tcs3701: stop power rail pending_off timer
01-09 11:31:48.065  1086  1254 D ASH     : @ 967178.867: tcs3701: start power rail timer, state:3
01-09 11:31:48.105  1086  1254 I ASH     : @ 967178.907: tcs3701: stop power rail pending_off timer
01-09 11:31:48.105  1086  1254 D ASH     : @ 967178.907: tcs3701: start power rail timer, state:3
01-09 11:31:48.145  1086  1254 I ASH     : @ 967178.947: tcs3701: stop power rail pending_off timer
01-09 11:31:48.145  1086  1254 D ASH     : @ 967178.947: tcs3701: start power rail timer, state:3
01-09 11:31:48.185  1086  1254 I ASH     : @ 967178.987: tcs3701: stop power rail pending_off timer
01-09 11:31:48.185  1086  1254 D ASH     : @ 967178.987: tcs3701: start power rail timer, state:3
01-09 11:31:48.224  1086  1254 I ASH     : @ 967179.027: tcs3701: stop power rail pending_off timer
01-09 11:31:48.225  1086  1254 D ASH     : @ 967179.027: tcs3701: start power rail timer, state:3
01-09 11:31:48.264  1086  1254 I ASH     : @ 967179.067: tcs3701: stop power rail pending_off timer
01-09 11:31:48.265  1086  1254 D ASH     : @ 967179.067: tcs3701: start power rail timer, state:3
01-09 11:31:48.305  1086  1254 I ASH     : @ 967179.107: tcs3701: stop power rail pending_off timer
01-09 11:31:48.305  1086  1254 D ASH     : @ 967179.107: tcs3701: start power rail timer, state:3
01-09 11:31:48.345  1086  1254 I ASH     : @ 967179.147: tcs3701: stop power rail pending_off timer
01-09 11:31:48.345  1086  1254 D ASH     : @ 967179.147: tcs3701: start power rail timer, state:3
01-09 11:31:48.385  1086  1254 I ASH     : @ 967179.187: tcs3701: stop power rail pending_off timer
01-09 11:31:48.385  1086  1254 D ASH     : @ 967179.187: tcs3701: start power rail timer, state:3
01-09 11:31:48.425  1086  1254 I ASH     : @ 967179.227: tcs3701: stop power rail pending_off timer
01-09 11:31:48.425  1086  1254 D ASH     : @ 967179.227: tcs3701: start power rail timer, state:3
01-09 11:31:48.464  1086  1254 I ASH     : @ 967179.267: tcs3701: stop power rail pending_off timer
01-09 11:31:48.465  1086  1254 D ASH     : @ 967179.267: tcs3701: start power rail timer, state:3
01-09 11:31:48.505  1086  1254 I ASH     : @ 967179.307: tcs3701: stop power rail pending_off timer
01-09 11:31:48.505  1086  1254 D ASH     : @ 967179.307: tcs3701: start power rail timer, state:3
01-09 11:31:48.545  1086  1254 I ASH     : @ 967179.347: tcs3701: stop power rail pending_off timer
01-09 11:31:48.545  1086  1254 D ASH     : @ 967179.347: tcs3701: start power rail timer, state:3
01-09 11:31:48.585  1086  1254 I ASH     : @ 967179.387: tcs3701: stop power rail pending_off timer
01-09 11:31:48.585  1086  1254 D ASH     : @ 967179.387: tcs3701: start power rail timer, state:3
01-09 11:31:48.625  1086  1254 I ASH     : @ 967179.427: tcs3701: stop power rail pending_off timer
01-09 11:31:48.625  1086  1254 D ASH     : @ 967179.427: tcs3701: start power rail timer, state:3
01-09 11:31:48.665  1086  1254 I ASH     : @ 967179.467: tcs3701: stop power rail pending_off timer
01-09 11:31:48.665  1086  1254 D ASH     : @ 967179.467: tcs3701: start power rail timer, state:3
01-09 11:31:48.705  1086  1254 I ASH     : @ 967179.507: tcs3701: stop power rail pending_off timer
01-09 11:31:48.705  1086  1254 D ASH     : @ 967179.507: tcs3701: start power rail timer, state:3
01-09 11:31:48.745  1086  1254 I ASH     : @ 967179.547: tcs3701: stop power rail pending_off timer
01-09 11:31:48.746  1086  1254 D ASH     : @ 967179.547: tcs3701: start power rail timer, state:3
01-09 11:31:48.784  1086  1254 I ASH     : @ 967179.587: tcs3701: stop power rail pending_off timer
01-09 11:31:48.785  1086  1254 D ASH     : @ 967179.587: tcs3701: start power rail timer, state:3
01-09 11:31:48.825  1086  1254 I ASH     : @ 967179.627: tcs3701: stop power rail pending_off timer
01-09 11:31:48.825  1086  1254 D ASH     : @ 967179.627: tcs3701: start power rail timer, state:3
01-09 11:31:48.865  1086  1254 I ASH     : @ 967179.667: tcs3701: stop power rail pending_off timer
01-09 11:31:48.865  1086  1254 D ASH     : @ 967179.667: tcs3701: start power rail timer, state:3
01-09 11:31:48.905  1086  1254 I ASH     : @ 967179.707: tcs3701: stop power rail pending_off timer
01-09 11:31:48.905  1086  1254 D ASH     : @ 967179.707: tcs3701: start power rail timer, state:3
01-09 11:31:48.945  1086  1254 I ASH     : @ 967179.747: tcs3701: stop power rail pending_off timer
01-09 11:31:48.945  1086  1254 D ASH     : @ 967179.747: tcs3701: start power rail timer, state:3
01-09 11:31:48.985  1086  1254 I ASH     : @ 967179.787: tcs3701: stop power rail pending_off timer
01-09 11:31:48.985  1086  1254 D ASH     : @ 967179.787: tcs3701: start power rail timer, state:3
01-09 11:31:49.024  1086  1254 I ASH     : @ 967179.827: tcs3701: stop power rail pending_off timer
01-09 11:31:49.025  1086  1254 D ASH     : @ 967179.827: tcs3701: start power rail timer, state:3
01-09 11:31:49.065  1086  1254 I ASH     : @ 967179.867: tcs3701: stop power rail pending_off timer
01-09 11:31:49.065  1086  1254 D ASH     : @ 967179.867: tcs3701: start power rail timer, state:3
01-09 11:31:49.105  1086  1254 I ASH     : @ 967179.907: tcs3701: stop power rail pending_off timer
01-09 11:31:49.105  1086  1254 D ASH     : @ 967179.907: tcs3701: start power rail timer, state:3
01-09 11:31:49.145  1086  1254 I ASH     : @ 967179.947: tcs3701: stop power rail pending_off timer
01-09 11:31:49.145  1086  1254 D ASH     : @ 967179.947: tcs3701: start power rail timer, state:3
01-09 11:31:49.185  1086  1254 I ASH     : @ 967179.987: tcs3701: stop power rail pending_off timer
01-09 11:31:49.185  1086  1254 D ASH     : @ 967179.987: tcs3701: start power rail timer, state:3
01-09 11:31:49.225  1086  1254 I ASH     : @ 967180.027: tcs3701: stop power rail pending_off timer
01-09 11:31:49.225  1086  1254 D ASH     : @ 967180.027: tcs3701: start power rail timer, state:3
01-09 11:31:49.265  1086  1254 I ASH     : @ 967180.067: tcs3701: stop power rail pending_off timer
01-09 11:31:49.265  1086  1254 D ASH     : @ 967180.067: tcs3701: start power rail timer, state:3
01-09 11:31:49.305  1086  1254 I ASH     : @ 967180.107: tcs3701: stop power rail pending_off timer
01-09 11:31:49.305  1086  1254 D ASH     : @ 967180.107: tcs3701: start power rail timer, state:3
01-09 11:31:49.345  1086  1254 I ASH     : @ 967180.147: tcs3701: stop power rail pending_off timer
01-09 11:31:49.345  1086  1254 D ASH     : @ 967180.147: tcs3701: start power rail timer, state:3
01-09 11:31:49.384  1086  1254 I ASH     : @ 967180.187: tcs3701: stop power rail pending_off timer
01-09 11:31:49.384  1086  1254 D ASH     : @ 967180.187: tcs3701: start power rail timer, state:3
01-09 11:31:49.424  1086  1254 I ASH     : @ 967180.227: tcs3701: stop power rail pending_off timer
01-09 11:31:49.425  1086  1254 D ASH     : @ 967180.227: tcs3701: start power rail timer, state:3
01-09 11:31:49.465  1086  1254 I ASH     : @ 967180.267: tcs3701: stop power rail pending_off timer
01-09 11:31:49.465  1086  1254 D ASH     : @ 967180.267: tcs3701: start power rail timer, state:3
01-09 11:31:49.504  1086  1254 I ASH     : @ 967180.307: tcs3701: stop power rail pending_off timer
01-09 11:31:49.505  1086  1254 D ASH     : @ 967180.307: tcs3701: start power rail timer, state:3
01-09 11:31:49.545  1086  1254 I ASH     : @ 967180.347: tcs3701: stop power rail pending_off timer
01-09 11:31:49.545  1086  1254 D ASH     : @ 967180.347: tcs3701: start power rail timer, state:3
01-09 11:31:49.585  1086  1254 I ASH     : @ 967180.387: tcs3701: stop power rail pending_off timer
01-09 11:31:49.585  1086  1254 D ASH     : @ 967180.387: tcs3701: start power rail timer, state:3
01-09 11:31:49.625  1086  1254 I ASH     : @ 967180.427: tcs3701: stop power rail pending_off timer
01-09 11:31:49.625  1086  1254 D ASH     : @ 967180.427: tcs3701: start power rail timer, state:3
01-09 11:31:49.665  1086  1254 I ASH     : @ 967180.467: tcs3701: stop power rail pending_off timer
01-09 11:31:49.665  1086  1254 D ASH     : @ 967180.467: tcs3701: start power rail timer, state:3
01-09 11:31:49.705  1086  1254 I ASH     : @ 967180.507: tcs3701: stop power rail pending_off timer
01-09 11:31:49.705  1086  1254 D ASH     : @ 967180.507: tcs3701: start power rail timer, state:3
01-09 11:31:49.745  1086  1254 I ASH     : @ 967180.547: tcs3701: stop power rail pending_off timer
01-09 11:31:49.745  1086  1254 D ASH     : @ 967180.547: tcs3701: start power rail timer, state:3
01-09 11:31:49.785  1086  1254 I ASH     : @ 967180.587: tcs3701: stop power rail pending_off timer
01-09 11:31:49.785  1086  1254 D ASH     : @ 967180.587: tcs3701: start power rail timer, state:3
01-09 11:31:49.825  1086  1254 I ASH     : @ 967180.627: tcs3701: stop power rail pending_off timer
01-09 11:31:49.825  1086  1254 D ASH     : @ 967180.627: tcs3701: start power rail timer, state:3
01-09 11:31:49.865  1086  1254 I ASH     : @ 967180.667: tcs3701: stop power rail pending_off timer
01-09 11:31:49.865  1086  1254 D ASH     : @ 967180.667: tcs3701: start power rail timer, state:3
01-09 11:31:49.905  1086  1254 I ASH     : @ 967180.707: tcs3701: stop power rail pending_off timer
01-09 11:31:49.905  1086  1254 D ASH     : @ 967180.707: tcs3701: start power rail timer, state:3
01-09 11:31:49.945  1086  1254 I ASH     : @ 967180.747: tcs3701: stop power rail pending_off timer
01-09 11:31:49.945  1086  1254 D ASH     : @ 967180.747: tcs3701: start power rail timer, state:3
01-09 11:31:49.985  1086  1254 I ASH     : @ 967180.787: tcs3701: stop power rail pending_off timer
01-09 11:31:49.985  1086  1254 D ASH     : @ 967180.787: tcs3701: start power rail timer, state:3
01-09 11:31:50.025  1086  1254 I ASH     : @ 967180.827: tcs3701: stop power rail pending_off timer
01-09 11:31:50.025  1086  1254 D ASH     : @ 967180.827: tcs3701: start power rail timer, state:3
01-09 11:31:50.065  1086  1254 I ASH     : @ 967180.867: tcs3701: stop power rail pending_off timer
01-09 11:31:50.065  1122  1183 D rlsservice: MonitorDisplayStatus client num 0, display status 1, sensor status 0
01-09 11:31:50.065  1086  1254 D ASH     : @ 967180.867: tcs3701: start power rail timer, state:3
01-09 11:31:50.105  1086  1254 I ASH     : @ 967180.907: tcs3701: stop power rail pending_off timer
01-09 11:31:50.105  1086  1254 D ASH     : @ 967180.907: tcs3701: start power rail timer, state:3
01-09 11:31:50.144  1086  1254 I ASH     : @ 967180.947: tcs3701: stop power rail pending_off timer
01-09 11:31:50.145  1086  1254 D ASH     : @ 967180.947: tcs3701: start power rail timer, state:3
01-09 11:31:50.185  1086  1254 I ASH     : @ 967180.987: tcs3701: stop power rail pending_off timer
01-09 11:31:50.185  1086  1254 D ASH     : @ 967180.987: tcs3701: start power rail timer, state:3
01-09 11:31:50.225  1086  1254 I ASH     : @ 967181.027: tcs3701: stop power rail pending_off timer
01-09 11:31:50.225  1086  1254 D ASH     : @ 967181.027: tcs3701: start power rail timer, state:3
01-09 11:31:50.265  1086  1254 I ASH     : @ 967181.067: tcs3701: stop power rail pending_off timer
01-09 11:31:50.265  1086  1254 D ASH     : @ 967181.067: tcs3701: start power rail timer, state:3
01-09 11:31:50.305  1086  1254 I ASH     : @ 967181.107: tcs3701: stop power rail pending_off timer
01-09 11:31:50.305  1086  1254 D ASH     : @ 967181.107: tcs3701: start power rail timer, state:3
01-09 11:31:50.345  1086  1254 I ASH     : @ 967181.147: tcs3701: stop power rail pending_off timer
01-09 11:31:50.345  1086  1254 D ASH     : @ 967181.147: tcs3701: start power rail timer, state:3
01-09 11:31:50.385  1086  1254 I ASH     : @ 967181.187: tcs3701: stop power rail pending_off timer
01-09 11:31:50.385  1086  1254 D ASH     : @ 967181.187: tcs3701: start power rail timer, state:3
01-09 11:31:50.425  1086  1254 I ASH     : @ 967181.227: tcs3701: stop power rail pending_off timer
01-09 11:31:50.425  1086  1254 D ASH     : @ 967181.227: tcs3701: start power rail timer, state:3
01-09 11:31:50.465  1086  1254 I ASH     : @ 967181.267: tcs3701: stop power rail pending_off timer
01-09 11:31:50.465  1086  1254 D ASH     : @ 967181.267: tcs3701: start power rail timer, state:3
01-09 11:31:50.504  1086  1254 I ASH     : @ 967181.307: tcs3701: stop power rail pending_off timer
01-09 11:31:50.505  1086  1254 D ASH     : @ 967181.307: tcs3701: start power rail timer, state:3
01-09 11:31:50.545  1086  1254 I ASH     : @ 967181.347: tcs3701: stop power rail pending_off timer
01-09 11:31:50.545  1086  1254 D ASH     : @ 967181.347: tcs3701: start power rail timer, state:3
01-09 11:31:50.585  1086  1254 I ASH     : @ 967181.387: tcs3701: stop power rail pending_off timer
01-09 11:31:50.585  1086  1254 D ASH     : @ 967181.387: tcs3701: start power rail timer, state:3
01-09 11:31:50.625  1086  1254 I ASH     : @ 967181.427: tcs3701: stop power rail pending_off timer
01-09 11:31:50.625  1086  1254 D ASH     : @ 967181.427: tcs3701: start power rail timer, state:3
01-09 11:31:50.665  1086  1254 I ASH     : @ 967181.467: tcs3701: stop power rail pending_off timer
01-09 11:31:50.665  1086  1254 D ASH     : @ 967181.467: tcs3701: start power rail timer, state:3
01-09 11:31:50.705  1086  1254 I ASH     : @ 967181.507: tcs3701: stop power rail pending_off timer
01-09 11:31:50.706  1086  1254 D ASH     : @ 967181.507: tcs3701: start power rail timer, state:3
01-09 11:31:50.745  1086  1254 I ASH     : @ 967181.547: tcs3701: stop power rail pending_off timer
01-09 11:31:50.745  1086  1254 D ASH     : @ 967181.547: tcs3701: start power rail timer, state:3
01-09 11:31:50.785  1086  1254 I ASH     : @ 967181.587: tcs3701: stop power rail pending_off timer
01-09 11:31:50.785  1086  1254 D ASH     : @ 967181.587: tcs3701: start power rail timer, state:3
01-09 11:31:50.825  1086  1254 I ASH     : @ 967181.627: tcs3701: stop power rail pending_off timer
01-09 11:31:50.825  1086  1254 D ASH     : @ 967181.627: tcs3701: start power rail timer, state:3
01-09 11:31:50.865  1086  1254 I ASH     : @ 967181.667: tcs3701: stop power rail pending_off timer
01-09 11:31:50.865  1086  1254 D ASH     : @ 967181.667: tcs3701: start power rail timer, state:3
01-09 11:31:50.905  1086  1254 I ASH     : @ 967181.707: tcs3701: stop power rail pending_off timer
01-09 11:31:50.905  1086  1254 D ASH     : @ 967181.707: tcs3701: start power rail timer, state:3
01-09 11:31:50.944  1086  1254 I ASH     : @ 967181.747: tcs3701: stop power rail pending_off timer
01-09 11:31:50.945  1086  1254 D ASH     : @ 967181.747: tcs3701: start power rail timer, state:3
01-09 11:31:50.985  1086  1254 I ASH     : @ 967181.787: tcs3701: stop power rail pending_off timer
01-09 11:31:50.985  1086  1254 D ASH     : @ 967181.787: tcs3701: start power rail timer, state:3
01-09 11:31:51.024  1086  1254 I ASH     : @ 967181.827: tcs3701: stop power rail pending_off timer
01-09 11:31:51.025  1086  1254 D ASH     : @ 967181.827: tcs3701: start power rail timer, state:3
01-09 11:31:51.065  1086  1254 I ASH     : @ 967181.867: tcs3701: stop power rail pending_off timer
01-09 11:31:51.065  1086  1254 D ASH     : @ 967181.867: tcs3701: start power rail timer, state:3
01-09 11:31:51.105  1086  1254 I ASH     : @ 967181.907: tcs3701: stop power rail pending_off timer
01-09 11:31:51.105  1086  1254 D ASH     : @ 967181.907: tcs3701: start power rail timer, state:3
01-09 11:31:51.145  1086  1254 I ASH     : @ 967181.947: tcs3701: stop power rail pending_off timer
01-09 11:31:51.145  1086  1254 D ASH     : @ 967181.947: tcs3701: start power rail timer, state:3
01-09 11:31:51.184  1086  1254 I ASH     : @ 967181.987: tcs3701: stop power rail pending_off timer
01-09 11:31:51.185  1086  1254 D ASH     : @ 967181.987: tcs3701: start power rail timer, state:3
01-09 11:31:51.224  1086  1254 I ASH     : @ 967182.027: tcs3701: stop power rail pending_off timer
01-09 11:31:51.225  1086  1254 D ASH     : @ 967182.027: tcs3701: start power rail timer, state:3
01-09 11:31:51.265  1086  1254 I ASH     : @ 967182.067: tcs3701: stop power rail pending_off timer
01-09 11:31:51.265  1086  1254 D ASH     : @ 967182.067: tcs3701: start power rail timer, state:3
01-09 11:31:51.305  1086  1254 I ASH     : @ 967182.107: tcs3701: stop power rail pending_off timer
01-09 11:31:51.305  1086  1254 D ASH     : @ 967182.107: tcs3701: start power rail timer, state:3
01-09 11:31:51.345  1086  1254 I ASH     : @ 967182.147: tcs3701: stop power rail pending_off timer
01-09 11:31:51.345  1086  1254 D ASH     : @ 967182.147: tcs3701: start power rail timer, state:3
01-09 11:31:51.385  1086  1254 I ASH     : @ 967182.187: tcs3701: stop power rail pending_off timer
01-09 11:31:51.385  1086  1254 D ASH     : @ 967182.187: tcs3701: start power rail timer, state:3
01-09 11:31:51.424  1086  1254 I ASH     : @ 967182.227: tcs3701: stop power rail pending_off timer
01-09 11:31:51.425  1086  1254 D ASH     : @ 967182.227: tcs3701: start power rail timer, state:3
01-09 11:31:51.465  1086  1254 I ASH     : @ 967182.267: tcs3701: stop power rail pending_off timer
01-09 11:31:51.465  1086  1254 D ASH     : @ 967182.267: tcs3701: start power rail timer, state:3
01-09 11:31:51.505  1086  1254 I ASH     : @ 967182.307: tcs3701: stop power rail pending_off timer
01-09 11:31:51.505  1086  1254 D ASH     : @ 967182.307: tcs3701: start power rail timer, state:3
01-09 11:31:51.545  1086  1254 I ASH     : @ 967182.347: tcs3701: stop power rail pending_off timer
01-09 11:31:51.545  1086  1254 D ASH     : @ 967182.347: tcs3701: start power rail timer, state:3
01-09 11:31:51.585  1086  1254 I ASH     : @ 967182.387: tcs3701: stop power rail pending_off timer
01-09 11:31:51.585  1086  1254 D ASH     : @ 967182.387: tcs3701: start power rail timer, state:3
01-09 11:31:51.624  1086  1254 I ASH     : @ 967182.427: tcs3701: stop power rail pending_off timer
01-09 11:31:51.625  1086  1254 D ASH     : @ 967182.427: tcs3701: start power rail timer, state:3
01-09 11:31:51.665  1086  1254 I ASH     : @ 967182.467: tcs3701: stop power rail pending_off timer
01-09 11:31:51.665  1086  1254 D ASH     : @ 967182.467: tcs3701: start power rail timer, state:3
01-09 11:31:51.705  1086  1254 I ASH     : @ 967182.507: tcs3701: stop power rail pending_off timer
01-09 11:31:51.705  1086  1254 D ASH     : @ 967182.507: tcs3701: start power rail timer, state:3
01-09 11:31:51.745  1086  1254 I ASH     : @ 967182.547: tcs3701: stop power rail pending_off timer
01-09 11:31:51.745  1086  1254 D ASH     : @ 967182.547: tcs3701: start power rail timer, state:3
01-09 11:31:51.785  1086  1254 I ASH     : @ 967182.587: tcs3701: stop power rail pending_off timer
01-09 11:31:51.785  1086  1254 D ASH     : @ 967182.587: tcs3701: start power rail timer, state:3
01-09 11:31:51.824  1086  1254 I ASH     : @ 967182.627: tcs3701: stop power rail pending_off timer
01-09 11:31:51.825  1086  1254 D ASH     : @ 967182.627: tcs3701: start power rail timer, state:3
01-09 11:31:51.865  1086  1254 I ASH     : @ 967182.667: tcs3701: stop power rail pending_off timer
01-09 11:31:51.865  1086  1254 D ASH     : @ 967182.667: tcs3701: start power rail timer, state:3
01-09 11:31:51.905  1086  1254 I ASH     : @ 967182.707: tcs3701: stop power rail pending_off timer
01-09 11:31:51.905  1086  1254 D ASH     : @ 967182.707: tcs3701: start power rail timer, state:3
01-09 11:31:51.945  1086  1254 I ASH     : @ 967182.747: tcs3701: stop power rail pending_off timer
01-09 11:31:51.945  1086  1254 D ASH     : @ 967182.747: tcs3701: start power rail timer, state:3
01-09 11:31:51.985  1086  1254 I ASH     : @ 967182.787: tcs3701: stop power rail pending_off timer
01-09 11:31:51.985  1086  1254 D ASH     : @ 967182.787: tcs3701: start power rail timer, state:3
01-09 11:31:52.024  1086  1254 I ASH     : @ 967182.827: tcs3701: stop power rail pending_off timer
01-09 11:31:52.025  1086  1254 D ASH     : @ 967182.827: tcs3701: start power rail timer, state:3
01-09 11:31:52.065  1086  1254 I ASH     : @ 967182.867: tcs3701: stop power rail pending_off timer
01-09 11:31:52.065  1086  1254 D ASH     : @ 967182.867: tcs3701: start power rail timer, state:3
01-09 11:31:52.105  1086  1254 I ASH     : @ 967182.907: tcs3701: stop power rail pending_off timer
01-09 11:31:52.105  1086  1254 D ASH     : @ 967182.907: tcs3701: start power rail timer, state:3
01-09 11:31:52.145  1086  1254 I ASH     : @ 967182.947: tcs3701: stop power rail pending_off timer
01-09 11:31:52.145  1086  1254 D ASH     : @ 967182.947: tcs3701: start power rail timer, state:3
01-09 11:31:52.185  1086  1254 I ASH     : @ 967182.987: tcs3701: stop power rail pending_off timer
01-09 11:31:52.185  1086  1254 D ASH     : @ 967182.987: tcs3701: start power rail timer, state:3
01-09 11:31:52.225  1086  1254 I ASH     : @ 967183.027: tcs3701: stop power rail pending_off timer
01-09 11:31:52.225  1086  1254 D ASH     : @ 967183.027: tcs3701: start power rail timer, state:3
01-09 11:31:52.265  1086  1254 I ASH     : @ 967183.067: tcs3701: stop power rail pending_off timer
01-09 11:31:52.265  1086  1254 D ASH     : @ 967183.067: tcs3701: start power rail timer, state:3
01-09 11:31:52.305  1086  1254 I ASH     : @ 967183.107: tcs3701: stop power rail pending_off timer
01-09 11:31:52.305  1086  1254 D ASH     : @ 967183.107: tcs3701: start power rail timer, state:3
01-09 11:31:52.345  1086  1254 I ASH     : @ 967183.147: tcs3701: stop power rail pending_off timer
01-09 11:31:52.345  1086  1254 D ASH     : @ 967183.147: tcs3701: start power rail timer, state:3
01-09 11:31:52.385  1086  1254 I ASH     : @ 967183.187: tcs3701: stop power rail pending_off timer
01-09 11:31:52.385  1086  1254 D ASH     : @ 967183.187: tcs3701: start power rail timer, state:3
01-09 11:31:52.425  1086  1254 I ASH     : @ 967183.227: tcs3701: stop power rail pending_off timer
01-09 11:31:52.425  1086  1254 D ASH     : @ 967183.227: tcs3701: start power rail timer, state:3
01-09 11:31:52.465  1086  1254 I ASH     : @ 967183.267: tcs3701: stop power rail pending_off timer
01-09 11:31:52.465  1086  1254 D ASH     : @ 967183.267: tcs3701: start power rail timer, state:3
01-09 11:31:52.505  1086  1254 I ASH     : @ 967183.307: tcs3701: stop power rail pending_off timer
01-09 11:31:52.505  1086  1254 D ASH     : @ 967183.307: tcs3701: start power rail timer, state:3
01-09 11:31:52.545  1086  1254 I ASH     : @ 967183.347: tcs3701: stop power rail pending_off timer
01-09 11:31:52.545  1086  1254 D ASH     : @ 967183.347: tcs3701: start power rail timer, state:3
01-09 11:31:52.585  1086  1254 I ASH     : @ 967183.387: tcs3701: stop power rail pending_off timer
01-09 11:31:52.585  1086  1254 D ASH     : @ 967183.387: tcs3701: start power rail timer, state:3
01-09 11:31:52.625  1086  1254 I ASH     : @ 967183.427: tcs3701: stop power rail pending_off timer
01-09 11:31:52.625  1086  1254 D ASH     : @ 967183.427: tcs3701: start power rail timer, state:3
01-09 11:31:52.665  1086  1254 I ASH     : @ 967183.467: tcs3701: stop power rail pending_off timer
01-09 11:31:52.665  1086  1254 D ASH     : @ 967183.467: tcs3701: start power rail timer, state:3
01-09 11:31:52.705  1086  1254 I ASH     : @ 967183.507: tcs3701: stop power rail pending_off timer
01-09 11:31:52.705  1086  1254 D ASH     : @ 967183.507: tcs3701: start power rail timer, state:3
01-09 11:31:52.745  1086  1254 I ASH     : @ 967183.547: tcs3701: stop power rail pending_off timer
01-09 11:31:52.745  1086  1254 D ASH     : @ 967183.547: tcs3701: start power rail timer, state:3
01-09 11:31:52.784  1086  1254 I ASH     : @ 967183.587: tcs3701: stop power rail pending_off timer
01-09 11:31:52.784  1086  1254 D ASH     : @ 967183.587: tcs3701: start power rail timer, state:3
01-09 11:31:52.825  1086  1254 I ASH     : @ 967183.627: tcs3701: stop power rail pending_off timer
01-09 11:31:52.825  1086  1254 D ASH     : @ 967183.627: tcs3701: start power rail timer, state:3
01-09 11:31:52.865  1086  1254 I ASH     : @ 967183.667: tcs3701: stop power rail pending_off timer
01-09 11:31:52.865  1086  1254 D ASH     : @ 967183.667: tcs3701: start power rail timer, state:3
01-09 11:31:52.905  1086  1254 I ASH     : @ 967183.707: tcs3701: stop power rail pending_off timer
01-09 11:31:52.905  1086  1254 D ASH     : @ 967183.707: tcs3701: start power rail timer, state:3
01-09 11:31:52.945  1086  1254 I ASH     : @ 967183.747: tcs3701: stop power rail pending_off timer
01-09 11:31:52.945  1086  1254 D ASH     : @ 967183.747: tcs3701: start power rail timer, state:3
01-09 11:31:52.985  1086  1254 I ASH     : @ 967183.787: tcs3701: stop power rail pending_off timer
01-09 11:31:52.985  1086  1254 D ASH     : @ 967183.787: tcs3701: start power rail timer, state:3
01-09 11:31:53.025  1086  1254 I ASH     : @ 967183.827: tcs3701: stop power rail pending_off timer
01-09 11:31:53.025  1086  1254 D ASH     : @ 967183.827: tcs3701: start power rail timer, state:3
01-09 11:31:53.064  1086  1254 I ASH     : @ 967183.867: tcs3701: stop power rail pending_off timer
01-09 11:31:53.065  1086  1254 D ASH     : @ 967183.867: tcs3701: start power rail timer, state:3
01-09 11:31:53.105  1086  1254 I ASH     : @ 967183.907: tcs3701: stop power rail pending_off timer
01-09 11:31:53.105  1086  1254 D ASH     : @ 967183.907: tcs3701: start power rail timer, state:3
01-09 11:31:53.145  1086  1254 I ASH     : @ 967183.947: tcs3701: stop power rail pending_off timer
01-09 11:31:53.145  1086  1254 D ASH     : @ 967183.947: tcs3701: start power rail timer, state:3
01-09 11:31:53.185  1086  1254 I ASH     : @ 967183.987: tcs3701: stop power rail pending_off timer
01-09 11:31:53.185  1086  1254 D ASH     : @ 967183.987: tcs3701: start power rail timer, state:3
01-09 11:31:53.225  1086  1254 I ASH     : @ 967184.027: tcs3701: stop power rail pending_off timer
01-09 11:31:53.225  1086  1254 D ASH     : @ 967184.027: tcs3701: start power rail timer, state:3
01-09 11:31:53.265  1086  1254 I ASH     : @ 967184.067: tcs3701: stop power rail pending_off timer
01-09 11:31:53.265  1086  1254 D ASH     : @ 967184.067: tcs3701: start power rail timer, state:3
01-09 11:31:53.305  1086  1254 I ASH     : @ 967184.107: tcs3701: stop power rail pending_off timer
01-09 11:31:53.305  1086  1254 D ASH     : @ 967184.107: tcs3701: start power rail timer, state:3
01-09 11:31:53.345  1086  1254 I ASH     : @ 967184.147: tcs3701: stop power rail pending_off timer
01-09 11:31:53.345  1086  1254 D ASH     : @ 967184.147: tcs3701: start power rail timer, state:3
01-09 11:31:53.385  1086  1254 I ASH     : @ 967184.187: tcs3701: stop power rail pending_off timer
01-09 11:31:53.385  1086  1254 D ASH     : @ 967184.187: tcs3701: start power rail timer, state:3
01-09 11:31:53.424  1086  1254 I ASH     : @ 967184.227: tcs3701: stop power rail pending_off timer
01-09 11:31:53.424  1086  1254 D ASH     : @ 967184.227: tcs3701: start power rail timer, state:3
01-09 11:31:53.465  1086  1254 I ASH     : @ 967184.267: tcs3701: stop power rail pending_off timer
01-09 11:31:53.465  1086  1254 D ASH     : @ 967184.267: tcs3701: start power rail timer, state:3
01-09 11:31:53.505  1086  1254 I ASH     : @ 967184.307: tcs3701: stop power rail pending_off timer
01-09 11:31:53.505  1086  1254 D ASH     : @ 967184.307: tcs3701: start power rail timer, state:3
01-09 11:31:53.545  1086  1254 I ASH     : @ 967184.347: tcs3701: stop power rail pending_off timer
01-09 11:31:53.545  1086  1254 D ASH     : @ 967184.347: tcs3701: start power rail timer, state:3
01-09 11:31:53.560 26141 26160 I Unity   : [showcase] drew scene layout: 29 instance(s), rung ConstantBuffer
01-09 11:31:53.560 26141 26160 I Unity   : UnityEngine.DebugLogHandler:Internal_Log(LogType, LogOption, String, Object)
01-09 11:31:53.560 26141 26160 I Unity   : Driftsys.Dashscene.Samples.DashsceneShowcase:Update()
01-09 11:31:53.560 26141 26160 I Unity   : 
01-09 11:31:53.585  1086  1254 I ASH     : @ 967184.387: tcs3701: stop power rail pending_off timer
01-09 11:31:53.585  1086  1254 D ASH     : @ 967184.387: tcs3701: start power rail timer, state:3
01-09 11:31:53.625  1086  1254 I ASH     : @ 967184.427: tcs3701: stop power rail pending_off timer
01-09 11:31:53.625  1086  1254 D ASH     : @ 967184.427: tcs3701: start power rail timer, state:3
01-09 11:31:53.665  1086  1254 I ASH     : @ 967184.467: tcs3701: stop power rail pending_off timer
01-09 11:31:53.665  1086  1254 D ASH     : @ 967184.467: tcs3701: start power rail timer, state:3
01-09 11:31:53.704  1086  1254 I ASH     : @ 967184.507: tcs3701: stop power rail pending_off timer
01-09 11:31:53.704  1086  1254 D ASH     : @ 967184.507: tcs3701: start power rail timer, state:3
01-09 11:31:53.745  1086  1254 I ASH     : @ 967184.547: tcs3701: stop power rail pending_off timer
01-09 11:31:53.745  1086  1254 D ASH     : @ 967184.547: tcs3701: start power rail timer, state:3
01-09 11:31:53.785  1086  1254 I ASH     : @ 967184.587: tcs3701: stop power rail pending_off timer
01-09 11:31:53.785  1086  1254 D ASH     : @ 967184.587: tcs3701: start power rail timer, state:3
01-09 11:31:53.824  1086  1254 I ASH     : @ 967184.627: tcs3701: stop power rail pending_off timer
01-09 11:31:53.824  1086  1254 D ASH     : @ 967184.627: tcs3701: start power rail timer, state:3
01-09 11:31:53.864  1086  1254 I ASH     : @ 967184.667: tcs3701: stop power rail pending_off timer
01-09 11:31:53.864  1086  1254 D ASH     : @ 967184.667: tcs3701: start power rail timer, state:3
01-09 11:31:53.904  1086  1254 I ASH     : @ 967184.707: tcs3701: stop power rail pending_off timer
01-09 11:31:53.904  1086  1254 D ASH     : @ 967184.707: tcs3701: start power rail timer, state:3
01-09 11:31:53.945  1086  1254 I ASH     : @ 967184.747: tcs3701: stop power rail pending_off timer
01-09 11:31:53.945  1086  1254 D ASH     : @ 967184.747: tcs3701: start power rail timer, state:3
01-09 11:31:53.985  1086  1254 I ASH     : @ 967184.787: tcs3701: stop power rail pending_off timer
01-09 11:31:53.985  1086  1254 D ASH     : @ 967184.787: tcs3701: start power rail timer, state:3
01-09 11:31:54.025  1086  1254 I ASH     : @ 967184.827: tcs3701: stop power rail pending_off timer
01-09 11:31:54.025  1086  1254 D ASH     : @ 967184.827: tcs3701: start power rail timer, state:3
01-09 11:31:54.065  1086  1254 I ASH     : @ 967184.867: tcs3701: stop power rail pending_off timer
01-09 11:31:54.065  1086  1254 D ASH     : @ 967184.867: tcs3701: start power rail timer, state:3
01-09 11:31:54.105  1086  1254 I ASH     : @ 967184.907: tcs3701: stop power rail pending_off timer
01-09 11:31:54.105  1086  1254 D ASH     : @ 967184.907: tcs3701: start power rail timer, state:3
01-09 11:31:54.145  1086  1254 I ASH     : @ 967184.947: tcs3701: stop power rail pending_off timer
01-09 11:31:54.145  1086  1254 D ASH     : @ 967184.947: tcs3701: start power rail timer, state:3
01-09 11:31:54.184  1086  1254 I ASH     : @ 967184.987: tcs3701: stop power rail pending_off timer
01-09 11:31:54.185  1086  1254 D ASH     : @ 967184.987: tcs3701: start power rail timer, state:3
01-09 11:31:54.224  1086  1254 I ASH     : @ 967185.027: tcs3701: stop power rail pending_off timer
01-09 11:31:54.225  1086  1254 D ASH     : @ 967185.027: tcs3701: start power rail timer, state:3
01-09 11:31:54.264  1086  1254 I ASH     : @ 967185.067: tcs3701: stop power rail pending_off timer
01-09 11:31:54.264  1086  1254 D ASH     : @ 967185.067: tcs3701: start power rail timer, state:3
01-09 11:31:54.304  1086  1254 I ASH     : @ 967185.107: tcs3701: stop power rail pending_off timer
01-09 11:31:54.305  1086  1254 D ASH     : @ 967185.107: tcs3701: start power rail timer, state:3
01-09 11:31:54.345  1086  1254 I ASH     : @ 967185.147: tcs3701: stop power rail pending_off timer
01-09 11:31:54.345  1086  1254 D ASH     : @ 967185.147: tcs3701: start power rail timer, state:3
01-09 11:31:54.385  1086  1254 I ASH     : @ 967185.187: tcs3701: stop power rail pending_off timer
01-09 11:31:54.385  1086  1254 D ASH     : @ 967185.187: tcs3701: start power rail timer, state:3
01-09 11:31:54.424  1086  1254 I ASH     : @ 967185.227: tcs3701: stop power rail pending_off timer
01-09 11:31:54.425  1086  1254 D ASH     : @ 967185.227: tcs3701: start power rail timer, state:3
01-09 11:31:54.464  1086  1254 I ASH     : @ 967185.267: tcs3701: stop power rail pending_off timer
01-09 11:31:54.465  1086  1254 D ASH     : @ 967185.267: tcs3701: start power rail timer, state:3
01-09 11:31:54.505  1086  1254 I ASH     : @ 967185.307: tcs3701: stop power rail pending_off timer
01-09 11:31:54.505  1086  1254 D ASH     : @ 967185.307: tcs3701: start power rail timer, state:3
01-09 11:31:54.544  1086  1254 I ASH     : @ 967185.347: tcs3701: stop power rail pending_off timer
01-09 11:31:54.545  1086  1254 D ASH     : @ 967185.347: tcs3701: start power rail timer, state:3
01-09 11:31:54.584  1086  1254 I ASH     : @ 967185.387: tcs3701: stop power rail pending_off timer
01-09 11:31:54.584  1086  1254 D ASH     : @ 967185.387: tcs3701: start power rail timer, state:3
01-09 11:31:54.624  1086  1254 I ASH     : @ 967185.427: tcs3701: stop power rail pending_off timer
01-09 11:31:54.624  1086  1254 D ASH     : @ 967185.427: tcs3701: start power rail timer, state:3
01-09 11:31:54.664  1086  1254 I ASH     : @ 967185.467: tcs3701: stop power rail pending_off timer
01-09 11:31:54.665  1086  1254 D ASH     : @ 967185.467: tcs3701: start power rail timer, state:3
01-09 11:31:54.705  1086  1254 I ASH     : @ 967185.507: tcs3701: stop power rail pending_off timer
01-09 11:31:54.705  1086  1254 D ASH     : @ 967185.507: tcs3701: start power rail timer, state:3
01-09 11:31:54.745  1086  1254 I ASH     : @ 967185.547: tcs3701: stop power rail pending_off timer
01-09 11:31:54.745  1086  1254 D ASH     : @ 967185.547: tcs3701: start power rail timer, state:3
01-09 11:31:54.785  1086  1254 I ASH     : @ 967185.587: tcs3701: stop power rail pending_off timer
01-09 11:31:54.785  1086  1254 D ASH     : @ 967185.587: tcs3701: start power rail timer, state:3
01-09 11:31:54.824  1086  1254 I ASH     : @ 967185.627: tcs3701: stop power rail pending_off timer
01-09 11:31:54.825  1086  1254 D ASH     : @ 967185.627: tcs3701: start power rail timer, state:3
01-09 11:31:54.865  1086  1254 I ASH     : @ 967185.667: tcs3701: stop power rail pending_off timer
01-09 11:31:54.865  1086  1254 D ASH     : @ 967185.667: tcs3701: start power rail timer, state:3
01-09 11:31:54.905  1086  1254 I ASH     : @ 967185.707: tcs3701: stop power rail pending_off timer
01-09 11:31:54.905  1086  1254 D ASH     : @ 967185.707: tcs3701: start power rail timer, state:3
01-09 11:31:54.945  1086  1254 I ASH     : @ 967185.747: tcs3701: stop power rail pending_off timer
01-09 11:31:54.945  1086  1254 D ASH     : @ 967185.747: tcs3701: start power rail timer, state:3
01-09 11:31:54.984  1086  1254 I ASH     : @ 967185.787: tcs3701: stop power rail pending_off timer
01-09 11:31:54.985  1086  1254 D ASH     : @ 967185.787: tcs3701: start power rail timer, state:3
01-09 11:31:55.024  1086  1254 I ASH     : @ 967185.827: tcs3701: stop power rail pending_off timer
01-09 11:31:55.025  1086  1254 D ASH     : @ 967185.827: tcs3701: start power rail timer, state:3
01-09 11:31:55.065  1086  1254 I ASH     : @ 967185.867: tcs3701: stop power rail pending_off timer
01-09 11:31:55.065  1086  1254 D ASH     : @ 967185.867: tcs3701: start power rail timer, state:3
01-09 11:31:55.105  1086  1254 I ASH     : @ 967185.907: tcs3701: stop power rail pending_off timer
01-09 11:31:55.105  1086  1254 D ASH     : @ 967185.907: tcs3701: start power rail timer, state:3
01-09 11:31:55.145  1086  1254 I ASH     : @ 967185.947: tcs3701: stop power rail pending_off timer
01-09 11:31:55.145  1086  1254 D ASH     : @ 967185.947: tcs3701: start power rail timer, state:3
01-09 11:31:55.185  1086  1254 I ASH     : @ 967185.987: tcs3701: stop power rail pending_off timer
01-09 11:31:55.185  1086  1254 D ASH     : @ 967185.987: tcs3701: start power rail timer, state:3
01-09 11:31:55.225  1086  1254 I ASH     : @ 967186.027: tcs3701: stop power rail pending_off timer
01-09 11:31:55.225  1086  1254 D ASH     : @ 967186.027: tcs3701: start power rail timer, state:3
01-09 11:31:55.265  1086  1254 I ASH     : @ 967186.067: tcs3701: stop power rail pending_off timer
01-09 11:31:55.265  1086  1254 D ASH     : @ 967186.067: tcs3701: start power rail timer, state:3
01-09 11:31:55.305  1086  1254 I ASH     : @ 967186.107: tcs3701: stop power rail pending_off timer
01-09 11:31:55.305  1086  1254 D ASH     : @ 967186.107: tcs3701: start power rail timer, state:3
01-09 11:31:55.345  1086  1254 I ASH     : @ 967186.147: tcs3701: stop power rail pending_off timer
01-09 11:31:55.345  1086  1254 D ASH     : @ 967186.147: tcs3701: start power rail timer, state:3
01-09 11:31:55.385  1086  1254 I ASH     : @ 967186.187: tcs3701: stop power rail pending_off timer
01-09 11:31:55.385  1086  1254 D ASH     : @ 967186.187: tcs3701: start power rail timer, state:3
01-09 11:31:55.425  1086  1254 I ASH     : @ 967186.227: tcs3701: stop power rail pending_off timer
01-09 11:31:55.425  1086  1254 D ASH     : @ 967186.227: tcs3701: start power rail timer, state:3
01-09 11:31:55.465  1086  1254 I ASH     : @ 967186.267: tcs3701: stop power rail pending_off timer
01-09 11:31:55.465  1086  1254 D ASH     : @ 967186.267: tcs3701: start power rail timer, state:3
01-09 11:31:55.505  1086  1254 I ASH     : @ 967186.307: tcs3701: stop power rail pending_off timer
01-09 11:31:55.505  1086  1254 D ASH     : @ 967186.307: tcs3701: start power rail timer, state:3
01-09 11:31:55.545  1086  1254 I ASH     : @ 967186.347: tcs3701: stop power rail pending_off timer
01-09 11:31:55.545  1086  1254 D ASH     : @ 967186.347: tcs3701: start power rail timer, state:3
01-09 11:31:55.585  1086  1254 I ASH     : @ 967186.387: tcs3701: stop power rail pending_off timer
01-09 11:31:55.585  1086  1254 D ASH     : @ 967186.387: tcs3701: start power rail timer, state:3
01-09 11:31:55.625  1086  1254 I ASH     : @ 967186.427: tcs3701: stop power rail pending_off timer
01-09 11:31:55.625  1086  1254 D ASH     : @ 967186.427: tcs3701: start power rail timer, state:3
01-09 11:31:55.665  1086  1254 I ASH     : @ 967186.467: tcs3701: stop power rail pending_off timer
01-09 11:31:55.665  1086  1254 D ASH     : @ 967186.467: tcs3701: start power rail timer, state:3
01-09 11:31:55.705  1086  1254 I ASH     : @ 967186.507: tcs3701: stop power rail pending_off timer
01-09 11:31:55.705  1086  1254 D ASH     : @ 967186.507: tcs3701: start power rail timer, state:3
01-09 11:31:55.745  1086  1254 I ASH     : @ 967186.547: tcs3701: stop power rail pending_off timer
01-09 11:31:55.745  1086  1254 D ASH     : @ 967186.547: tcs3701: start power rail timer, state:3
01-09 11:31:55.785  1086  1254 I ASH     : @ 967186.587: tcs3701: stop power rail pending_off timer
01-09 11:31:55.785  1086  1254 D ASH     : @ 967186.587: tcs3701: start power rail timer, state:3
01-09 11:31:55.825  1086  1254 I ASH     : @ 967186.627: tcs3701: stop power rail pending_off timer
01-09 11:31:55.825  1086  1254 D ASH     : @ 967186.627: tcs3701: start power rail timer, state:3
01-09 11:31:55.864  1086  1254 I ASH     : @ 967186.667: tcs3701: stop power rail pending_off timer
01-09 11:31:55.865  1086  1254 D ASH     : @ 967186.667: tcs3701: start power rail timer, state:3
01-09 11:31:55.905  1086  1254 I ASH     : @ 967186.707: tcs3701: stop power rail pending_off timer
01-09 11:31:55.905  1086  1254 D ASH     : @ 967186.707: tcs3701: start power rail timer, state:3
01-09 11:31:55.945  1086  1254 I ASH     : @ 967186.747: tcs3701: stop power rail pending_off timer
01-09 11:31:55.945  1086  1254 D ASH     : @ 967186.747: tcs3701: start power rail timer, state:3
01-09 11:31:55.985  1086  1254 I ASH     : @ 967186.787: tcs3701: stop power rail pending_off timer
01-09 11:31:55.985  1086  1254 D ASH     : @ 967186.787: tcs3701: start power rail timer, state:3
01-09 11:31:56.025  1086  1254 I ASH     : @ 967186.827: tcs3701: stop power rail pending_off timer
01-09 11:31:56.025  1086  1254 D ASH     : @ 967186.827: tcs3701: start power rail timer, state:3
01-09 11:31:56.065  1086  1254 I ASH     : @ 967186.867: tcs3701: stop power rail pending_off timer
01-09 11:31:56.065  1086  1254 D ASH     : @ 967186.867: tcs3701: start power rail timer, state:3
01-09 11:31:56.105  1086  1254 I ASH     : @ 967186.907: tcs3701: stop power rail pending_off timer
01-09 11:31:56.105  1086  1254 D ASH     : @ 967186.907: tcs3701: start power rail timer, state:3
01-09 11:31:56.144  1086  1254 I ASH     : @ 967186.947: tcs3701: stop power rail pending_off timer
01-09 11:31:56.145  1086  1254 D ASH     : @ 967186.947: tcs3701: start power rail timer, state:3
01-09 11:31:56.185  1086  1254 I ASH     : @ 967186.987: tcs3701: stop power rail pending_off timer
01-09 11:31:56.185  1086  1254 D ASH     : @ 967186.987: tcs3701: start power rail timer, state:3
01-09 11:31:56.225  1086  1254 I ASH     : @ 967187.027: tcs3701: stop power rail pending_off timer
01-09 11:31:56.225  1086  1254 D ASH     : @ 967187.027: tcs3701: start power rail timer, state:3
01-09 11:31:56.265  1086  1254 I ASH     : @ 967187.067: tcs3701: stop power rail pending_off timer
01-09 11:31:56.265  1086  1254 D ASH     : @ 967187.067: tcs3701: start power rail timer, state:3
01-09 11:31:56.305  1086  1254 I ASH     : @ 967187.107: tcs3701: stop power rail pending_off timer
01-09 11:31:56.305  1086  1254 D ASH     : @ 967187.107: tcs3701: start power rail timer, state:3
01-09 11:31:56.345  1086  1254 I ASH     : @ 967187.147: tcs3701: stop power rail pending_off timer
01-09 11:31:56.345  1086  1254 D ASH     : @ 967187.147: tcs3701: start power rail timer, state:3
01-09 11:31:56.385  1086  1254 I ASH     : @ 967187.187: tcs3701: stop power rail pending_off timer
01-09 11:31:56.385  1086  1254 D ASH     : @ 967187.187: tcs3701: start power rail timer, state:3
01-09 11:31:56.425  1086  1254 I ASH     : @ 967187.227: tcs3701: stop power rail pending_off timer
01-09 11:31:56.425  1086  1254 D ASH     : @ 967187.227: tcs3701: start power rail timer, state:3
01-09 11:31:56.465  1086  1254 I ASH     : @ 967187.267: tcs3701: stop power rail pending_off timer
01-09 11:31:56.465  1086  1254 D ASH     : @ 967187.267: tcs3701: start power rail timer, state:3
01-09 11:31:56.505  1086  1254 I ASH     : @ 967187.307: tcs3701: stop power rail pending_off timer
01-09 11:31:56.505  1086  1254 D ASH     : @ 967187.307: tcs3701: start power rail timer, state:3
01-09 11:31:56.545  1086  1254 I ASH     : @ 967187.347: tcs3701: stop power rail pending_off timer
01-09 11:31:56.545  1086  1254 D ASH     : @ 967187.347: tcs3701: start power rail timer, state:3
01-09 11:31:56.585  1086  1254 I ASH     : @ 967187.387: tcs3701: stop power rail pending_off timer
01-09 11:31:56.585  1086  1254 D ASH     : @ 967187.387: tcs3701: start power rail timer, state:3
01-09 11:31:56.625  1086  1254 I ASH     : @ 967187.427: tcs3701: stop power rail pending_off timer
01-09 11:31:56.625  1086  1254 D ASH     : @ 967187.427: tcs3701: start power rail timer, state:3
01-09 11:31:56.665  1086  1254 I ASH     : @ 967187.467: tcs3701: stop power rail pending_off timer
01-09 11:31:56.665  1086  1254 D ASH     : @ 967187.467: tcs3701: start power rail timer, state:3
01-09 11:31:56.705  1086  1254 I ASH     : @ 967187.507: tcs3701: stop power rail pending_off timer
01-09 11:31:56.705  1086  1254 D ASH     : @ 967187.507: tcs3701: start power rail timer, state:3
01-09 11:31:56.745  1086  1254 I ASH     : @ 967187.547: tcs3701: stop power rail pending_off timer
01-09 11:31:56.745  1086  1254 D ASH     : @ 967187.547: tcs3701: start power rail timer, state:3
01-09 11:31:56.785  1086  1254 I ASH     : @ 967187.587: tcs3701: stop power rail pending_off timer
01-09 11:31:56.785  1086  1254 D ASH     : @ 967187.587: tcs3701: start power rail timer, state:3
01-09 11:31:56.825  1086  1254 I ASH     : @ 967187.627: tcs3701: stop power rail pending_off timer
01-09 11:31:56.825  1086  1254 D ASH     : @ 967187.627: tcs3701: start power rail timer, state:3
01-09 11:31:56.865  1086  1254 I ASH     : @ 967187.667: tcs3701: stop power rail pending_off timer
01-09 11:31:56.865  1086  1254 D ASH     : @ 967187.667: tcs3701: start power rail timer, state:3
01-09 11:31:56.905  1086  1254 I ASH     : @ 967187.707: tcs3701: stop power rail pending_off timer
01-09 11:31:56.905  1086  1254 D ASH     : @ 967187.707: tcs3701: start power rail timer, state:3
01-09 11:31:56.945  1086  1254 I ASH     : @ 967187.747: tcs3701: stop power rail pending_off timer
01-09 11:31:56.945  1086  1254 D ASH     : @ 967187.747: tcs3701: start power rail timer, state:3
01-09 11:31:56.985  1086  1254 I ASH     : @ 967187.787: tcs3701: stop power rail pending_off timer
01-09 11:31:56.985  1086  1254 D ASH     : @ 967187.787: tcs3701: start power rail timer, state:3
01-09 11:31:57.025  1086  1254 I ASH     : @ 967187.827: tcs3701: stop power rail pending_off timer
01-09 11:31:57.025  1086  1254 D ASH     : @ 967187.827: tcs3701: start power rail timer, state:3
01-09 11:31:57.065  1086  1254 I ASH     : @ 967187.867: tcs3701: stop power rail pending_off timer
01-09 11:31:57.065  1086  1254 D ASH     : @ 967187.867: tcs3701: start power rail timer, state:3
01-09 11:31:57.105  1086  1254 I ASH     : @ 967187.907: tcs3701: stop power rail pending_off timer
01-09 11:31:57.105  1086  1254 D ASH     : @ 967187.907: tcs3701: start power rail timer, state:3
01-09 11:31:57.144  1086  1254 I ASH     : @ 967187.947: tcs3701: stop power rail pending_off timer
01-09 11:31:57.145  1086  1254 D ASH     : @ 967187.947: tcs3701: start power rail timer, state:3
01-09 11:31:57.185  1086  1254 I ASH     : @ 967187.987: tcs3701: stop power rail pending_off timer
01-09 11:31:57.185  1086  1254 D ASH     : @ 967187.987: tcs3701: start power rail timer, state:3
01-09 11:31:57.225  1086  1254 I ASH     : @ 967188.027: tcs3701: stop power rail pending_off timer
01-09 11:31:57.225  1086  1254 D ASH     : @ 967188.027: tcs3701: start power rail timer, state:3
01-09 11:31:57.265  1086  1254 I ASH     : @ 967188.067: tcs3701: stop power rail pending_off timer
01-09 11:31:57.265  1086  1254 D ASH     : @ 967188.067: tcs3701: start power rail timer, state:3
01-09 11:31:57.305  1086  1254 I ASH     : @ 967188.107: tcs3701: stop power rail pending_off timer
01-09 11:31:57.305  1086  1254 D ASH     : @ 967188.107: tcs3701: start power rail timer, state:3
01-09 11:31:57.344  1086  1254 I ASH     : @ 967188.147: tcs3701: stop power rail pending_off timer
01-09 11:31:57.345  1086  1254 D ASH     : @ 967188.147: tcs3701: start power rail timer, state:3
01-09 11:31:57.385  1086  1254 I ASH     : @ 967188.187: tcs3701: stop power rail pending_off timer
01-09 11:31:57.385  1086  1254 D ASH     : @ 967188.187: tcs3701: start power rail timer, state:3
01-09 11:31:57.425  1086  1254 I ASH     : @ 967188.227: tcs3701: stop power rail pending_off timer
01-09 11:31:57.425  1086  1254 D ASH     : @ 967188.227: tcs3701: start power rail timer, state:3
01-09 11:31:57.465  1086  1254 I ASH     : @ 967188.267: tcs3701: stop power rail pending_off timer
01-09 11:31:57.465  1086  1254 D ASH     : @ 967188.267: tcs3701: start power rail timer, state:3
01-09 11:31:57.505  1086  1254 I ASH     : @ 967188.307: tcs3701: stop power rail pending_off timer
01-09 11:31:57.505  1086  1254 D ASH     : @ 967188.307: tcs3701: start power rail timer, state:3
01-09 11:31:57.544  1086  1254 I ASH     : @ 967188.347: tcs3701: stop power rail pending_off timer
01-09 11:31:57.545  1086  1254 D ASH     : @ 967188.347: tcs3701: start power rail timer, state:3
01-09 11:31:57.585  1086  1254 I ASH     : @ 967188.387: tcs3701: stop power rail pending_off timer
01-09 11:31:57.587  1086  1254 D ASH     : @ 967188.387: tcs3701: start power rail timer, state:3
01-09 11:31:57.625  1086  1254 I ASH     : @ 967188.427: tcs3701: stop power rail pending_off timer
01-09 11:31:57.625  1086  1254 D ASH     : @ 967188.427: tcs3701: start power rail timer, state:3
01-09 11:31:57.664  1086  1254 I ASH     : @ 967188.467: tcs3701: stop power rail pending_off timer
01-09 11:31:57.665  1086  1254 D ASH     : @ 967188.467: tcs3701: start power rail timer, state:3
01-09 11:31:57.705  1086  1254 I ASH     : @ 967188.507: tcs3701: stop power rail pending_off timer
01-09 11:31:57.705  1086  1254 D ASH     : @ 967188.507: tcs3701: start power rail timer, state:3
01-09 11:31:57.744  1086  1254 I ASH     : @ 967188.547: tcs3701: stop power rail pending_off timer
01-09 11:31:57.745  1086  1254 D ASH     : @ 967188.547: tcs3701: start power rail timer, state:3
01-09 11:31:57.785  1086  1254 I ASH     : @ 967188.587: tcs3701: stop power rail pending_off timer
01-09 11:31:57.785  1086  1254 D ASH     : @ 967188.587: tcs3701: start power rail timer, state:3
01-09 11:31:57.825  1086  1254 I ASH     : @ 967188.627: tcs3701: stop power rail pending_off timer
01-09 11:31:57.825  1086  1254 D ASH     : @ 967188.627: tcs3701: start power rail timer, state:3
01-09 11:31:57.865  1086  1254 I ASH     : @ 967188.667: tcs3701: stop power rail pending_off timer
01-09 11:31:57.865  1086  1254 D ASH     : @ 967188.667: tcs3701: start power rail timer, state:3
01-09 11:31:57.905  1086  1254 I ASH     : @ 967188.707: tcs3701: stop power rail pending_off timer
01-09 11:31:57.905  1086  1254 D ASH     : @ 967188.707: tcs3701: start power rail timer, state:3
01-09 11:31:57.945  1086  1254 I ASH     : @ 967188.747: tcs3701: stop power rail pending_off timer
01-09 11:31:57.945  1086  1254 D ASH     : @ 967188.747: tcs3701: start power rail timer, state:3
01-09 11:31:57.985  1086  1254 I ASH     : @ 967188.787: tcs3701: stop power rail pending_off timer
01-09 11:31:57.985  1086  1254 D ASH     : @ 967188.787: tcs3701: start power rail timer, state:3
01-09 11:31:58.025  1086  1254 I ASH     : @ 967188.827: tcs3701: stop power rail pending_off timer
01-09 11:31:58.025  1086  1254 D ASH     : @ 967188.827: tcs3701: start power rail timer, state:3
01-09 11:31:58.064  1086  1254 I ASH     : @ 967188.867: tcs3701: stop power rail pending_off timer
01-09 11:31:58.065  1086  1254 D ASH     : @ 967188.867: tcs3701: start power rail timer, state:3
01-09 11:31:58.105  1086  1254 I ASH     : @ 967188.907: tcs3701: stop power rail pending_off timer
01-09 11:31:58.105  1086  1254 D ASH     : @ 967188.907: tcs3701: start power rail timer, state:3
01-09 11:31:58.145  1086  1254 I ASH     : @ 967188.947: tcs3701: stop power rail pending_off timer
01-09 11:31:58.145  1086  1254 D ASH     : @ 967188.947: tcs3701: start power rail timer, state:3
01-09 11:31:58.185  1086  1254 I ASH     : @ 967188.987: tcs3701: stop power rail pending_off timer
01-09 11:31:58.185  1086  1254 D ASH     : @ 967188.987: tcs3701: start power rail timer, state:3
01-09 11:31:58.225  1086  1254 I ASH     : @ 967189.027: tcs3701: stop power rail pending_off timer
01-09 11:31:58.225  1086  1254 D ASH     : @ 967189.027: tcs3701: start power rail timer, state:3
01-09 11:31:58.264  1086  1254 I ASH     : @ 967189.067: tcs3701: stop power rail pending_off timer
01-09 11:31:58.265  1086  1254 D ASH     : @ 967189.067: tcs3701: start power rail timer, state:3
01-09 11:31:58.305  1086  1254 I ASH     : @ 967189.107: tcs3701: stop power rail pending_off timer
01-09 11:31:58.305  1086  1254 D ASH     : @ 967189.107: tcs3701: start power rail timer, state:3
01-09 11:31:58.344  1086  1254 I ASH     : @ 967189.147: tcs3701: stop power rail pending_off timer
01-09 11:31:58.345  1086  1254 D ASH     : @ 967189.147: tcs3701: start power rail timer, state:3
01-09 11:31:58.385  1086  1254 I ASH     : @ 967189.187: tcs3701: stop power rail pending_off timer
01-09 11:31:58.385  1086  1254 D ASH     : @ 967189.187: tcs3701: start power rail timer, state:3
01-09 11:31:58.425  1086  1254 I ASH     : @ 967189.227: tcs3701: stop power rail pending_off timer
01-09 11:31:58.425  1086  1254 D ASH     : @ 967189.227: tcs3701: start power rail timer, state:3
01-09 11:31:58.464  1086  1254 I ASH     : @ 967189.267: tcs3701: stop power rail pending_off timer
01-09 11:31:58.465  1086  1254 D ASH     : @ 967189.267: tcs3701: start power rail timer, state:3
01-09 11:31:58.505  1086  1254 I ASH     : @ 967189.307: tcs3701: stop power rail pending_off timer
01-09 11:31:58.505  1086  1254 D ASH     : @ 967189.307: tcs3701: start power rail timer, state:3
01-09 11:31:58.545  1086  1254 I ASH     : @ 967189.347: tcs3701: stop power rail pending_off timer
01-09 11:31:58.545  1086  1254 D ASH     : @ 967189.347: tcs3701: start power rail timer, state:3
01-09 11:31:58.585  1086  1254 I ASH     : @ 967189.387: tcs3701: stop power rail pending_off timer
01-09 11:31:58.585  1086  1254 D ASH     : @ 967189.387: tcs3701: start power rail timer, state:3
01-09 11:31:58.625  1086  1254 I ASH     : @ 967189.427: tcs3701: stop power rail pending_off timer
01-09 11:31:58.625  1086  1254 D ASH     : @ 967189.427: tcs3701: start power rail timer, state:3
01-09 11:31:58.665  1086  1254 I ASH     : @ 967189.467: tcs3701: stop power rail pending_off timer
01-09 11:31:58.665  1086  1254 D ASH     : @ 967189.467: tcs3701: start power rail timer, state:3
01-09 11:31:58.704  1086  1254 I ASH     : @ 967189.507: tcs3701: stop power rail pending_off timer
01-09 11:31:58.705  1086  1254 D ASH     : @ 967189.507: tcs3701: start power rail timer, state:3
01-09 11:31:58.745  1086  1254 I ASH     : @ 967189.547: tcs3701: stop power rail pending_off timer
01-09 11:31:58.745  1086  1254 D ASH     : @ 967189.547: tcs3701: start power rail timer, state:3
01-09 11:31:58.785  1086  1254 I ASH     : @ 967189.587: tcs3701: stop power rail pending_off timer
01-09 11:31:58.785  1086  1254 D ASH     : @ 967189.587: tcs3701: start power rail timer, state:3
01-09 11:31:58.825  1086  1254 I ASH     : @ 967189.627: tcs3701: stop power rail pending_off timer
01-09 11:31:58.825  1086  1254 D ASH     : @ 967189.627: tcs3701: start power rail timer, state:3
01-09 11:31:58.865  1086  1254 I ASH     : @ 967189.667: tcs3701: stop power rail pending_off timer
01-09 11:31:58.865  1086  1254 D ASH     : @ 967189.667: tcs3701: start power rail timer, state:3
01-09 11:31:58.905  1086  1254 I ASH     : @ 967189.707: tcs3701: stop power rail pending_off timer
01-09 11:31:58.905  1086  1254 D ASH     : @ 967189.707: tcs3701: start power rail timer, state:3
01-09 11:31:58.945  1086  1254 I ASH     : @ 967189.747: tcs3701: stop power rail pending_off timer
01-09 11:31:58.945  1086  1254 D ASH     : @ 967189.747: tcs3701: start power rail timer, state:3
01-09 11:31:58.985  1086  1254 I ASH     : @ 967189.787: tcs3701: stop power rail pending_off timer
01-09 11:31:58.985  1086  1254 D ASH     : @ 967189.787: tcs3701: start power rail timer, state:3
01-09 11:31:59.025  1086  1254 I ASH     : @ 967189.827: tcs3701: stop power rail pending_off timer
01-09 11:31:59.025  1086  1254 D ASH     : @ 967189.827: tcs3701: start power rail timer, state:3
01-09 11:31:59.064  1086  1254 I ASH     : @ 967189.867: tcs3701: stop power rail pending_off timer
01-09 11:31:59.065  1086  1254 D ASH     : @ 967189.867: tcs3701: start power rail timer, state:3
01-09 11:31:59.105  1086  1254 I ASH     : @ 967189.907: tcs3701: stop power rail pending_off timer
01-09 11:31:59.105  1086  1254 D ASH     : @ 967189.907: tcs3701: start power rail timer, state:3
01-09 11:31:59.145  1086  1254 I ASH     : @ 967189.947: tcs3701: stop power rail pending_off timer
01-09 11:31:59.145  1086  1254 D ASH     : @ 967189.947: tcs3701: start power rail timer, state:3
01-09 11:31:59.185  1086  1254 I ASH     : @ 967189.987: tcs3701: stop power rail pending_off timer
01-09 11:31:59.185  1086  1254 D ASH     : @ 967189.987: tcs3701: start power rail timer, state:3
01-09 11:31:59.225  1086  1254 I ASH     : @ 967190.027: tcs3701: stop power rail pending_off timer
01-09 11:31:59.225  1086  1254 D ASH     : @ 967190.027: tcs3701: start power rail timer, state:3
01-09 11:31:59.265  1086  1254 I ASH     : @ 967190.067: tcs3701: stop power rail pending_off timer
01-09 11:31:59.265  1086  1254 D ASH     : @ 967190.067: tcs3701: start power rail timer, state:3
01-09 11:31:59.305  1086  1254 I ASH     : @ 967190.107: tcs3701: stop power rail pending_off timer
01-09 11:31:59.305  1086  1254 D ASH     : @ 967190.107: tcs3701: start power rail timer, state:3
01-09 11:31:59.345  1086  1254 I ASH     : @ 967190.147: tcs3701: stop power rail pending_off timer
01-09 11:31:59.345  1086  1254 D ASH     : @ 967190.147: tcs3701: start power rail timer, state:3
01-09 11:31:59.385  1086  1254 I ASH     : @ 967190.187: tcs3701: stop power rail pending_off timer
01-09 11:31:59.385  1086  1254 D ASH     : @ 967190.187: tcs3701: start power rail timer, state:3
01-09 11:31:59.425  1086  1254 I ASH     : @ 967190.227: tcs3701: stop power rail pending_off timer
01-09 11:31:59.425  1086  1254 D ASH     : @ 967190.227: tcs3701: start power rail timer, state:3
01-09 11:31:59.465  1086  1254 I ASH     : @ 967190.267: tcs3701: stop power rail pending_off timer
01-09 11:31:59.465  1086  1254 D ASH     : @ 967190.267: tcs3701: start power rail timer, state:3
01-09 11:31:59.505  1086  1254 I ASH     : @ 967190.307: tcs3701: stop power rail pending_off timer
01-09 11:31:59.505  1086  1254 D ASH     : @ 967190.307: tcs3701: start power rail timer, state:3
01-09 11:31:59.545  1086  1254 I ASH     : @ 967190.347: tcs3701: stop power rail pending_off timer
01-09 11:31:59.545  1086  1254 D ASH     : @ 967190.347: tcs3701: start power rail timer, state:3
01-09 11:31:59.585  1086  1254 I ASH     : @ 967190.387: tcs3701: stop power rail pending_off timer
01-09 11:31:59.585  1086  1254 D ASH     : @ 967190.387: tcs3701: start power rail timer, state:3
01-09 11:31:59.625  1086  1254 I ASH     : @ 967190.427: tcs3701: stop power rail pending_off timer
01-09 11:31:59.625  1086  1254 D ASH     : @ 967190.427: tcs3701: start power rail timer, state:3
01-09 11:31:59.665  1086  1254 I ASH     : @ 967190.467: tcs3701: stop power rail pending_off timer
01-09 11:31:59.665  1086  1254 D ASH     : @ 967190.467: tcs3701: start power rail timer, state:3
01-09 11:31:59.705  1086  1254 I ASH     : @ 967190.507: tcs3701: stop power rail pending_off timer
01-09 11:31:59.705  1086  1254 D ASH     : @ 967190.507: tcs3701: start power rail timer, state:3
01-09 11:31:59.745  1086  1254 I ASH     : @ 967190.547: tcs3701: stop power rail pending_off timer
01-09 11:31:59.745  1086  1254 D ASH     : @ 967190.547: tcs3701: start power rail timer, state:3
01-09 11:31:59.785  1086  1254 I ASH     : @ 967190.587: tcs3701: stop power rail pending_off timer
01-09 11:31:59.785  1086  1254 D ASH     : @ 967190.587: tcs3701: start power rail timer, state:3
01-09 11:31:59.825  1086  1254 I ASH     : @ 967190.627: tcs3701: stop power rail pending_off timer
01-09 11:31:59.825  1086  1254 D ASH     : @ 967190.627: tcs3701: start power rail timer, state:3
01-09 11:31:59.865  1086  1254 I ASH     : @ 967190.667: tcs3701: stop power rail pending_off timer
01-09 11:31:59.865  1086  1254 D ASH     : @ 967190.667: tcs3701: start power rail timer, state:3
01-09 11:31:59.905  1086  1254 I ASH     : @ 967190.707: tcs3701: stop power rail pending_off timer
01-09 11:31:59.905  1086  1254 D ASH     : @ 967190.707: tcs3701: start power rail timer, state:3
01-09 11:31:59.945  1086  1254 I ASH     : @ 967190.747: tcs3701: stop power rail pending_off timer
01-09 11:31:59.945  1086  1254 D ASH     : @ 967190.747: tcs3701: start power rail timer, state:3
01-09 11:31:59.985  1086  1254 I ASH     : @ 967190.787: tcs3701: stop power rail pending_off timer
01-09 11:31:59.985  1086  1254 D ASH     : @ 967190.787: tcs3701: start power rail timer, state:3
01-09 11:32:00.007  3591  3823 I AiAiEcho: Predicting[0]: 
01-09 11:32:00.008  3591  3823 I AiAiEcho: EchoTargets: 
01-09 11:32:00.008  3591  3823 I AiAiEcho: Filtered by AiAi flag check: 
01-09 11:32:00.008  3591  3823 I AiAiEcho: Ranked targets strategy: SORT, count: 0, ranking metadata: 
01-09 11:32:00.010  3591  3823 I AiAiEcho: #postPredictionTargets: Sending updates to UISurface lockscreen with targets# 0 (types=[])
01-09 11:32:00.025  1086  1254 I ASH     : @ 967190.827: tcs3701: stop power rail pending_off timer
01-09 11:32:00.025  1086  1254 D ASH     : @ 967190.827: tcs3701: start power rail timer, state:3
01-09 11:32:00.032  2565  2565 W PageIndicator: Total number of pages invalid: 0. Assuming 1 page.
01-09 11:32:00.065  1086  1254 I ASH     : @ 967190.867: tcs3701: stop power rail pending_off timer
01-09 11:32:00.065  1086  1254 D ASH     : @ 967190.867: tcs3701: start power rail timer, state:3
01-09 11:32:00.105  1086  1254 I ASH     : @ 967190.907: tcs3701: stop power rail pending_off timer
01-09 11:32:00.105  1086  1254 D ASH     : @ 967190.907: tcs3701: start power rail timer, state:3
01-09 11:32:00.145  1086  1254 I ASH     : @ 967190.947: tcs3701: stop power rail pending_off timer
01-09 11:32:00.145  1086  1254 D ASH     : @ 967190.947: tcs3701: start power rail timer, state:3
01-09 11:32:00.185  1086  1254 I ASH     : @ 967190.987: tcs3701: stop power rail pending_off timer
01-09 11:32:00.185  1086  1254 D ASH     : @ 967190.987: tcs3701: start power rail timer, state:3
01-09 11:32:00.225  1086  1254 I ASH     : @ 967191.027: tcs3701: stop power rail pending_off timer
01-09 11:32:00.225  1086  1254 D ASH     : @ 967191.027: tcs3701: start power rail timer, state:3
01-09 11:32:00.264  1086  1254 I ASH     : @ 967191.067: tcs3701: stop power rail pending_off timer
01-09 11:32:00.265  1086  1254 D ASH     : @ 967191.067: tcs3701: start power rail timer, state:3
01-09 11:32:00.305  1086  1254 I ASH     : @ 967191.107: tcs3701: stop power rail pending_off timer
01-09 11:32:00.305  1086  1254 D ASH     : @ 967191.107: tcs3701: start power rail timer, state:3
01-09 11:32:00.345  1086  1254 I ASH     : @ 967191.147: tcs3701: stop power rail pending_off timer
01-09 11:32:00.345  1086  1254 D ASH     : @ 967191.147: tcs3701: start power rail timer, state:3
01-09 11:32:00.385  1086  1254 I ASH     : @ 967191.187: tcs3701: stop power rail pending_off timer
01-09 11:32:00.385  1086  1254 D ASH     : @ 967191.187: tcs3701: start power rail timer, state:3
01-09 11:32:00.425  1086  1254 I ASH     : @ 967191.227: tcs3701: stop power rail pending_off timer
01-09 11:32:00.425  1086  1254 D ASH     : @ 967191.227: tcs3701: start power rail timer, state:3
01-09 11:32:00.465  1086  1254 I ASH     : @ 967191.267: tcs3701: stop power rail pending_off timer
01-09 11:32:00.465  1086  1254 D ASH     : @ 967191.267: tcs3701: start power rail timer, state:3
01-09 11:32:00.505  1086  1254 I ASH     : @ 967191.307: tcs3701: stop power rail pending_off timer
01-09 11:32:00.505  1086  1254 D ASH     : @ 967191.307: tcs3701: start power rail timer, state:3
01-09 11:32:00.544  1086  1254 I ASH     : @ 967191.347: tcs3701: stop power rail pending_off timer
01-09 11:32:00.545  1086  1254 D ASH     : @ 967191.347: tcs3701: start power rail timer, state:3
01-09 11:32:00.585  1086  1254 I ASH     : @ 967191.387: tcs3701: stop power rail pending_off timer
01-09 11:32:00.585  1086  1254 D ASH     : @ 967191.387: tcs3701: start power rail timer, state:3
01-09 11:32:00.625  1086  1254 I ASH     : @ 967191.427: tcs3701: stop power rail pending_off timer
01-09 11:32:00.625  1086  1254 D ASH     : @ 967191.427: tcs3701: start power rail timer, state:3
01-09 11:32:00.664  1086  1254 I ASH     : @ 967191.467: tcs3701: stop power rail pending_off timer
01-09 11:32:00.665  1086  1254 D ASH     : @ 967191.467: tcs3701: start power rail timer, state:3
01-09 11:32:00.704  1086  1254 I ASH     : @ 967191.507: tcs3701: stop power rail pending_off timer
01-09 11:32:00.705  1086  1254 D ASH     : @ 967191.507: tcs3701: start power rail timer, state:3
01-09 11:32:00.745  1086  1254 I ASH     : @ 967191.547: tcs3701: stop power rail pending_off timer
01-09 11:32:00.745  1086  1254 D ASH     : @ 967191.547: tcs3701: start power rail timer, state:3
01-09 11:32:00.785  1086  1254 I ASH     : @ 967191.587: tcs3701: stop power rail pending_off timer
01-09 11:32:00.785  1086  1254 D ASH     : @ 967191.587: tcs3701: start power rail timer, state:3
01-09 11:32:00.825  1086  1254 I ASH     : @ 967191.627: tcs3701: stop power rail pending_off timer
01-09 11:32:00.825  1086  1254 D ASH     : @ 967191.627: tcs3701: start power rail timer, state:3
01-09 11:32:00.865  1086  1254 I ASH     : @ 967191.667: tcs3701: stop power rail pending_off timer
01-09 11:32:00.865  1086  1254 D ASH     : @ 967191.667: tcs3701: start power rail timer, state:3
01-09 11:32:00.904  1086  1254 I ASH     : @ 967191.707: tcs3701: stop power rail pending_off timer
01-09 11:32:00.905  1086  1254 D ASH     : @ 967191.707: tcs3701: start power rail timer, state:3
01-09 11:32:00.945  1086  1254 I ASH     : @ 967191.747: tcs3701: stop power rail pending_off timer
01-09 11:32:00.945  1086  1254 D ASH     : @ 967191.747: tcs3701: start power rail timer, state:3
01-09 11:32:00.984  1086  1254 I ASH     : @ 967191.787: tcs3701: stop power rail pending_off timer
01-09 11:32:00.985  1086  1254 D ASH     : @ 967191.787: tcs3701: start power rail timer, state:3
01-09 11:32:01.025  1086  1254 I ASH     : @ 967191.827: tcs3701: stop power rail pending_off timer
01-09 11:32:01.025  1086  1254 D ASH     : @ 967191.827: tcs3701: start power rail timer, state:3
01-09 11:32:01.065  1086  1254 I ASH     : @ 967191.867: tcs3701: stop power rail pending_off timer
01-09 11:32:01.065  1086  1254 D ASH     : @ 967191.867: tcs3701: start power rail timer, state:3
01-09 11:32:01.105  1086  1254 I ASH     : @ 967191.907: tcs3701: stop power rail pending_off timer
01-09 11:32:01.105  1086  1254 D ASH     : @ 967191.907: tcs3701: start power rail timer, state:3
01-09 11:32:01.145  1086  1254 I ASH     : @ 967191.947: tcs3701: stop power rail pending_off timer
01-09 11:32:01.145  1086  1254 D ASH     : @ 967191.947: tcs3701: start power rail timer, state:3
01-09 11:32:01.185  1086  1254 I ASH     : @ 967191.987: tcs3701: stop power rail pending_off timer
01-09 11:32:01.185  1086  1254 D ASH     : @ 967191.987: tcs3701: start power rail timer, state:3
01-09 11:32:01.225  1086  1254 I ASH     : @ 967192.027: tcs3701: stop power rail pending_off timer
01-09 11:32:01.225  1086  1254 D ASH     : @ 967192.027: tcs3701: start power rail timer, state:3
01-09 11:32:01.264  1086  1254 I ASH     : @ 967192.067: tcs3701: stop power rail pending_off timer
01-09 11:32:01.265  1086  1254 D ASH     : @ 967192.067: tcs3701: start power rail timer, state:3
01-09 11:32:01.304  1086  1254 I ASH     : @ 967192.107: tcs3701: stop power rail pending_off timer
01-09 11:32:01.305  1086  1254 D ASH     : @ 967192.107: tcs3701: start power rail timer, state:3
01-09 11:32:01.345  1086  1254 I ASH     : @ 967192.147: tcs3701: stop power rail pending_off timer
01-09 11:32:01.345  1086  1254 D ASH     : @ 967192.147: tcs3701: start power rail timer, state:3
01-09 11:32:01.385  1086  1254 I ASH     : @ 967192.187: tcs3701: stop power rail pending_off timer
01-09 11:32:01.385  1086  1254 D ASH     : @ 967192.187: tcs3701: start power rail timer, state:3
01-09 11:32:01.425  1086  1254 I ASH     : @ 967192.227: tcs3701: stop power rail pending_off timer
01-09 11:32:01.425  1086  1254 D ASH     : @ 967192.227: tcs3701: start power rail timer, state:3
01-09 11:32:01.464  1086  1254 I ASH     : @ 967192.267: tcs3701: stop power rail pending_off timer
01-09 11:32:01.465  1086  1254 D ASH     : @ 967192.267: tcs3701: start power rail timer, state:3
01-09 11:32:01.504  1086  1254 I ASH     : @ 967192.307: tcs3701: stop power rail pending_off timer
01-09 11:32:01.505  1086  1254 D ASH     : @ 967192.307: tcs3701: start power rail timer, state:3
01-09 11:32:01.519 26141 26160 I Unity   : [showcase] frame cost — scene layout at 1080x2340 over 240 frames — tick 0.05 ms, draw mean 0.18 p50 0.18 p95 0.24 max 0.25 ms (4476.2 fps if unpaced)
01-09 11:32:01.519 26141 26160 I Unity   : UnityEngine.DebugLogHandler:Internal_Log(LogType, LogOption, String, Object)
01-09 11:32:01.519 26141 26160 I Unity   : Driftsys.Dashscene.Samples.DashsceneShowcase:Update()
01-09 11:32:01.519 26141 26160 I Unity   : 
01-09 11:32:01.545  1086  1254 I ASH     : @ 967192.347: tcs3701: stop power rail pending_off timer
01-09 11:32:01.545  1086  1254 D ASH     : @ 967192.347: tcs3701: start power rail timer, state:3
01-09 11:32:01.585  1086  1254 I ASH     : @ 967192.387: tcs3701: stop power rail pending_off timer
01-09 11:32:01.585  1086  1254 D ASH     : @ 967192.387: tcs3701: start power rail timer, state:3
01-09 11:32:01.624  1086  1254 I ASH     : @ 967192.427: tcs3701: stop power rail pending_off timer
01-09 11:32:01.624  1086  1254 D ASH     : @ 967192.427: tcs3701: start power rail timer, state:3
01-09 11:32:01.665  1086  1254 I ASH     : @ 967192.467: tcs3701: stop power rail pending_off timer
01-09 11:32:01.665  1086  1254 D ASH     : @ 967192.467: tcs3701: start power rail timer, state:3
01-09 11:32:01.705  1086  1254 I ASH     : @ 967192.507: tcs3701: stop power rail pending_off timer
01-09 11:32:01.705  1086  1254 D ASH     : @ 967192.507: tcs3701: start power rail timer, state:3
01-09 11:32:01.745  1086  1254 I ASH     : @ 967192.547: tcs3701: stop power rail pending_off timer
01-09 11:32:01.745  1086  1254 D ASH     : @ 967192.547: tcs3701: start power rail timer, state:3
01-09 11:32:01.785  1086  1254 I ASH     : @ 967192.587: tcs3701: stop power rail pending_off timer
01-09 11:32:01.785  1086  1254 D ASH     : @ 967192.587: tcs3701: start power rail timer, state:3
01-09 11:32:01.825  1086  1254 I ASH     : @ 967192.627: tcs3701: stop power rail pending_off timer
01-09 11:32:01.825  1086  1254 D ASH     : @ 967192.627: tcs3701: start power rail timer, state:3
01-09 11:32:01.864  1086  1254 I ASH     : @ 967192.667: tcs3701: stop power rail pending_off timer
01-09 11:32:01.865  1086  1254 D ASH     : @ 967192.667: tcs3701: start power rail timer, state:3
01-09 11:32:01.905  1086  1254 I ASH     : @ 967192.707: tcs3701: stop power rail pending_off timer
01-09 11:32:01.905  1086  1254 D ASH     : @ 967192.707: tcs3701: start power rail timer, state:3
01-09 11:32:01.945  1086  1254 I ASH     : @ 967192.747: tcs3701: stop power rail pending_off timer
01-09 11:32:01.945  1086  1254 D ASH     : @ 967192.747: tcs3701: start power rail timer, state:3
01-09 11:32:01.985  1086  1254 I ASH     : @ 967192.787: tcs3701: stop power rail pending_off timer
01-09 11:32:01.985  1086  1254 D ASH     : @ 967192.787: tcs3701: start power rail timer, state:3
01-09 11:32:02.025  1086  1254 I ASH     : @ 967192.827: tcs3701: stop power rail pending_off timer
01-09 11:32:02.025  1086  1254 D ASH     : @ 967192.827: tcs3701: start power rail timer, state:3
01-09 11:32:02.064  1086  1254 I ASH     : @ 967192.867: tcs3701: stop power rail pending_off timer
01-09 11:32:02.065  1086  1254 D ASH     : @ 967192.867: tcs3701: start power rail timer, state:3
01-09 11:32:02.105  1086  1254 I ASH     : @ 967192.907: tcs3701: stop power rail pending_off timer
01-09 11:32:02.105  1086  1254 D ASH     : @ 967192.907: tcs3701: start power rail timer, state:3
01-09 11:32:02.145  1086  1254 I ASH     : @ 967192.947: tcs3701: stop power rail pending_off timer
01-09 11:32:02.145  1086  1254 D ASH     : @ 967192.947: tcs3701: start power rail timer, state:3
01-09 11:32:02.185  1086  1254 I ASH     : @ 967192.987: tcs3701: stop power rail pending_off timer
01-09 11:32:02.185  1086  1254 D ASH     : @ 967192.987: tcs3701: start power rail timer, state:3
01-09 11:32:02.225  1086  1254 I ASH     : @ 967193.027: tcs3701: stop power rail pending_off timer
01-09 11:32:02.225  1086  1254 D ASH     : @ 967193.027: tcs3701: start power rail timer, state:3
01-09 11:32:02.265  1086  1254 I ASH     : @ 967193.067: tcs3701: stop power rail pending_off timer
01-09 11:32:02.265  1086  1254 D ASH     : @ 967193.067: tcs3701: start power rail timer, state:3
01-09 11:32:02.305  1086  1254 I ASH     : @ 967193.107: tcs3701: stop power rail pending_off timer
01-09 11:32:02.305  1086  1254 D ASH     : @ 967193.107: tcs3701: start power rail timer, state:3
01-09 11:32:02.345  1086  1254 I ASH     : @ 967193.147: tcs3701: stop power rail pending_off timer
01-09 11:32:02.345  1086  1254 D ASH     : @ 967193.147: tcs3701: start power rail timer, state:3
01-09 11:32:02.385  1086  1254 I ASH     : @ 967193.187: tcs3701: stop power rail pending_off timer
01-09 11:32:02.385  1086  1254 D ASH     : @ 967193.187: tcs3701: start power rail timer, state:3
01-09 11:32:02.425  1086  1254 I ASH     : @ 967193.227: tcs3701: stop power rail pending_off timer
01-09 11:32:02.426  1086  1254 D ASH     : @ 967193.227: tcs3701: start power rail timer, state:3
01-09 11:32:02.465  1086  1254 I ASH     : @ 967193.267: tcs3701: stop power rail pending_off timer
01-09 11:32:02.465  1086  1254 D ASH     : @ 967193.267: tcs3701: start power rail timer, state:3
01-09 11:32:02.505  1086  1254 I ASH     : @ 967193.307: tcs3701: stop power rail pending_off timer
01-09 11:32:02.505  1086  1254 D ASH     : @ 967193.307: tcs3701: start power rail timer, state:3
01-09 11:32:02.545  1086  1254 I ASH     : @ 967193.347: tcs3701: stop power rail pending_off timer
01-09 11:32:02.545  1086  1254 D ASH     : @ 967193.347: tcs3701: start power rail timer, state:3
01-09 11:32:02.584  1086  1254 I ASH     : @ 967193.387: tcs3701: stop power rail pending_off timer
01-09 11:32:02.585  1086  1254 D ASH     : @ 967193.387: tcs3701: start power rail timer, state:3
01-09 11:32:02.625  1086  1254 I ASH     : @ 967193.427: tcs3701: stop power rail pending_off timer
01-09 11:32:02.625  1086  1254 D ASH     : @ 967193.427: tcs3701: start power rail timer, state:3
01-09 11:32:02.665  1086  1254 I ASH     : @ 967193.467: tcs3701: stop power rail pending_off timer
01-09 11:32:02.665  1086  1254 D ASH     : @ 967193.467: tcs3701: start power rail timer, state:3
01-09 11:32:02.705  1086  1254 I ASH     : @ 967193.507: tcs3701: stop power rail pending_off timer
01-09 11:32:02.705  1086  1254 D ASH     : @ 967193.507: tcs3701: start power rail timer, state:3
01-09 11:32:02.744  1086  1254 I ASH     : @ 967193.547: tcs3701: stop power rail pending_off timer
01-09 11:32:02.745  1086  1254 D ASH     : @ 967193.547: tcs3701: start power rail timer, state:3
01-09 11:32:02.784  1086  1254 I ASH     : @ 967193.587: tcs3701: stop power rail pending_off timer
01-09 11:32:02.785  1086  1254 D ASH     : @ 967193.587: tcs3701: start power rail timer, state:3
01-09 11:32:02.825  1086  1254 I ASH     : @ 967193.627: tcs3701: stop power rail pending_off timer
01-09 11:32:02.825  1086  1254 D ASH     : @ 967193.627: tcs3701: start power rail timer, state:3
01-09 11:32:02.865  1086  1254 I ASH     : @ 967193.667: tcs3701: stop power rail pending_off timer
01-09 11:32:02.865  1086  1254 D ASH     : @ 967193.667: tcs3701: start power rail timer, state:3
01-09 11:32:02.905  1086  1254 I ASH     : @ 967193.707: tcs3701: stop power rail pending_off timer
01-09 11:32:02.905  1086  1254 D ASH     : @ 967193.707: tcs3701: start power rail timer, state:3
01-09 11:32:02.945  1086  1254 I ASH     : @ 967193.747: tcs3701: stop power rail pending_off timer
01-09 11:32:02.945  1086  1254 D ASH     : @ 967193.747: tcs3701: start power rail timer, state:3
01-09 11:32:02.985  1086  1254 I ASH     : @ 967193.787: tcs3701: stop power rail pending_off timer
01-09 11:32:02.985  1086  1254 D ASH     : @ 967193.787: tcs3701: start power rail timer, state:3
01-09 11:32:03.025  1086  1254 I ASH     : @ 967193.827: tcs3701: stop power rail pending_off timer
01-09 11:32:03.025  1086  1254 D ASH     : @ 967193.827: tcs3701: start power rail timer, state:3
01-09 11:32:03.065  1086  1254 I ASH     : @ 967193.867: tcs3701: stop power rail pending_off timer
01-09 11:32:03.065  1086  1254 D ASH     : @ 967193.867: tcs3701: start power rail timer, state:3
01-09 11:32:03.105  1086  1254 I ASH     : @ 967193.907: tcs3701: stop power rail pending_off timer
01-09 11:32:03.105  1086  1254 D ASH     : @ 967193.907: tcs3701: start power rail timer, state:3
01-09 11:32:03.145  1086  1254 I ASH     : @ 967193.947: tcs3701: stop power rail pending_off timer
01-09 11:32:03.145  1086  1254 D ASH     : @ 967193.947: tcs3701: start power rail timer, state:3
01-09 11:32:03.184  1086  1254 I ASH     : @ 967193.987: tcs3701: stop power rail pending_off timer
01-09 11:32:03.185  1086  1254 D ASH     : @ 967193.987: tcs3701: start power rail timer, state:3
01-09 11:32:03.225  1086  1254 I ASH     : @ 967194.027: tcs3701: stop power rail pending_off timer
01-09 11:32:03.225  1086  1254 D ASH     : @ 967194.027: tcs3701: start power rail timer, state:3
01-09 11:32:03.265  1086  1254 I ASH     : @ 967194.067: tcs3701: stop power rail pending_off timer
01-09 11:32:03.265  1086  1254 D ASH     : @ 967194.067: tcs3701: start power rail timer, state:3
01-09 11:32:03.305  1086  1254 I ASH     : @ 967194.107: tcs3701: stop power rail pending_off timer
01-09 11:32:03.305  1086  1254 D ASH     : @ 967194.107: tcs3701: start power rail timer, state:3
01-09 11:32:03.345  1086  1254 I ASH     : @ 967194.147: tcs3701: stop power rail pending_off timer
01-09 11:32:03.345  1086  1254 D ASH     : @ 967194.147: tcs3701: start power rail timer, state:3
01-09 11:32:03.385  1086  1254 I ASH     : @ 967194.187: tcs3701: stop power rail pending_off timer
01-09 11:32:03.385  1086  1254 D ASH     : @ 967194.187: tcs3701: start power rail timer, state:3
01-09 11:32:03.425  1086  1254 I ASH     : @ 967194.227: tcs3701: stop power rail pending_off timer
01-09 11:32:03.425  1086  1254 D ASH     : @ 967194.227: tcs3701: start power rail timer, state:3
01-09 11:32:03.465  1086  1254 I ASH     : @ 967194.267: tcs3701: stop power rail pending_off timer
01-09 11:32:03.465  1086  1254 D ASH     : @ 967194.267: tcs3701: start power rail timer, state:3
01-09 11:32:03.504  1086  1254 I ASH     : @ 967194.307: tcs3701: stop power rail pending_off timer
01-09 11:32:03.505  1086  1254 D ASH     : @ 967194.307: tcs3701: start power rail timer, state:3
01-09 11:32:03.545  1086  1254 I ASH     : @ 967194.347: tcs3701: stop power rail pending_off timer
01-09 11:32:03.545  1086  1254 D ASH     : @ 967194.347: tcs3701: start power rail timer, state:3
01-09 11:32:03.585  1086  1254 I ASH     : @ 967194.387: tcs3701: stop power rail pending_off timer
01-09 11:32:03.585  1086  1254 D ASH     : @ 967194.387: tcs3701: start power rail timer, state:3
01-09 11:32:03.625  1086  1254 I ASH     : @ 967194.427: tcs3701: stop power rail pending_off timer
01-09 11:32:03.625  1086  1254 D ASH     : @ 967194.427: tcs3701: start power rail timer, state:3
01-09 11:32:03.665  1086  1254 I ASH     : @ 967194.467: tcs3701: stop power rail pending_off timer
01-09 11:32:03.665  1086  1254 D ASH     : @ 967194.467: tcs3701: start power rail timer, state:3
01-09 11:32:03.705  1086  1254 I ASH     : @ 967194.507: tcs3701: stop power rail pending_off timer
01-09 11:32:03.705  1086  1254 D ASH     : @ 967194.507: tcs3701: start power rail timer, state:3
01-09 11:32:03.745  1086  1254 I ASH     : @ 967194.547: tcs3701: stop power rail pending_off timer
01-09 11:32:03.745  1086  1254 D ASH     : @ 967194.547: tcs3701: start power rail timer, state:3
01-09 11:32:03.785  1086  1254 I ASH     : @ 967194.587: tcs3701: stop power rail pending_off timer
01-09 11:32:03.785  1086  1254 D ASH     : @ 967194.587: tcs3701: start power rail timer, state:3
01-09 11:32:03.825  1086  1254 I ASH     : @ 967194.627: tcs3701: stop power rail pending_off timer
01-09 11:32:03.825  1086  1254 D ASH     : @ 967194.627: tcs3701: start power rail timer, state:3
01-09 11:32:03.865  1086  1254 I ASH     : @ 967194.667: tcs3701: stop power rail pending_off timer
01-09 11:32:03.865  1086  1254 D ASH     : @ 967194.667: tcs3701: start power rail timer, state:3
01-09 11:32:03.904  1086  1254 I ASH     : @ 967194.707: tcs3701: stop power rail pending_off timer
01-09 11:32:03.905  1086  1254 D ASH     : @ 967194.707: tcs3701: start power rail timer, state:3
01-09 11:32:03.945  1086  1254 I ASH     : @ 967194.747: tcs3701: stop power rail pending_off timer
01-09 11:32:03.945  1086  1254 D ASH     : @ 967194.747: tcs3701: start power rail timer, state:3
01-09 11:32:03.985  1086  1254 I ASH     : @ 967194.787: tcs3701: stop power rail pending_off timer
01-09 11:32:03.985  1086  1254 D ASH     : @ 967194.787: tcs3701: start power rail timer, state:3
01-09 11:32:04.025  1086  1254 I ASH     : @ 967194.827: tcs3701: stop power rail pending_off timer
01-09 11:32:04.025  1086  1254 D ASH     : @ 967194.827: tcs3701: start power rail timer, state:3
01-09 11:32:04.065  1086  1254 I ASH     : @ 967194.867: tcs3701: stop power rail pending_off timer
01-09 11:32:04.065  1086  1254 D ASH     : @ 967194.867: tcs3701: start power rail timer, state:3
01-09 11:32:04.104  1086  1254 I ASH     : @ 967194.907: tcs3701: stop power rail pending_off timer
01-09 11:32:04.105  1086  1254 D ASH     : @ 967194.907: tcs3701: start power rail timer, state:3
01-09 11:32:04.145  1086  1254 I ASH     : @ 967194.947: tcs3701: stop power rail pending_off timer
01-09 11:32:04.145  1086  1254 D ASH     : @ 967194.947: tcs3701: start power rail timer, state:3
01-09 11:32:04.185  1086  1254 I ASH     : @ 967194.987: tcs3701: stop power rail pending_off timer
01-09 11:32:04.185  1086  1254 D ASH     : @ 967194.987: tcs3701: start power rail timer, state:3
01-09 11:32:04.225  1086  1254 I ASH     : @ 967195.027: tcs3701: stop power rail pending_off timer
01-09 11:32:04.225  1086  1254 D ASH     : @ 967195.027: tcs3701: start power rail timer, state:3
01-09 11:32:04.264  1086  1254 I ASH     : @ 967195.067: tcs3701: stop power rail pending_off timer
01-09 11:32:04.265  1086  1254 D ASH     : @ 967195.067: tcs3701: start power rail timer, state:3
01-09 11:32:04.305  1086  1254 I ASH     : @ 967195.107: tcs3701: stop power rail pending_off timer
01-09 11:32:04.305  1086  1254 D ASH     : @ 967195.107: tcs3701: start power rail timer, state:3
01-09 11:32:04.345  1086  1254 I ASH     : @ 967195.147: tcs3701: stop power rail pending_off timer
01-09 11:32:04.345  1086  1254 D ASH     : @ 967195.147: tcs3701: start power rail timer, state:3
01-09 11:32:04.385  1086  1254 I ASH     : @ 967195.187: tcs3701: stop power rail pending_off timer
01-09 11:32:04.385  1086  1254 D ASH     : @ 967195.187: tcs3701: start power rail timer, state:3
01-09 11:32:04.425  1086  1254 I ASH     : @ 967195.227: tcs3701: stop power rail pending_off timer
01-09 11:32:04.425  1086  1254 D ASH     : @ 967195.227: tcs3701: start power rail timer, state:3
01-09 11:32:04.465  1086  1254 I ASH     : @ 967195.267: tcs3701: stop power rail pending_off timer
01-09 11:32:04.465  1086  1254 D ASH     : @ 967195.267: tcs3701: start power rail timer, state:3
01-09 11:32:04.505  1086  1254 I ASH     : @ 967195.307: tcs3701: stop power rail pending_off timer
01-09 11:32:04.505  1086  1254 D ASH     : @ 967195.307: tcs3701: start power rail timer, state:3
01-09 11:32:04.545  1086  1254 I ASH     : @ 967195.347: tcs3701: stop power rail pending_off timer
01-09 11:32:04.545  1086  1254 D ASH     : @ 967195.347: tcs3701: start power rail timer, state:3
01-09 11:32:04.585  1086  1254 I ASH     : @ 967195.387: tcs3701: stop power rail pending_off timer
01-09 11:32:04.585  1086  1254 D ASH     : @ 967195.387: tcs3701: start power rail timer, state:3
01-09 11:32:04.625  1086  1254 I ASH     : @ 967195.427: tcs3701: stop power rail pending_off timer
01-09 11:32:04.625  1086  1254 D ASH     : @ 967195.427: tcs3701: start power rail timer, state:3
01-09 11:32:04.665  1086  1254 I ASH     : @ 967195.467: tcs3701: stop power rail pending_off timer
01-09 11:32:04.665  1086  1254 D ASH     : @ 967195.467: tcs3701: start power rail timer, state:3
01-09 11:32:04.704  1086  1254 I ASH     : @ 967195.507: tcs3701: stop power rail pending_off timer
01-09 11:32:04.705  1086  1254 D ASH     : @ 967195.507: tcs3701: start power rail timer, state:3
01-09 11:32:04.745  1086  1254 I ASH     : @ 967195.547: tcs3701: stop power rail pending_off timer
01-09 11:32:04.745  1086  1254 D ASH     : @ 967195.547: tcs3701: start power rail timer, state:3
01-09 11:32:04.784  1086  1254 I ASH     : @ 967195.587: tcs3701: stop power rail pending_off timer
01-09 11:32:04.785  1086  1254 D ASH     : @ 967195.587: tcs3701: start power rail timer, state:3
01-09 11:32:04.825  1086  1254 I ASH     : @ 967195.627: tcs3701: stop power rail pending_off timer
01-09 11:32:04.825  1086  1254 D ASH     : @ 967195.627: tcs3701: start power rail timer, state:3
01-09 11:32:04.865  1086  1254 I ASH     : @ 967195.667: tcs3701: stop power rail pending_off timer
01-09 11:32:04.865  1086  1254 D ASH     : @ 967195.667: tcs3701: start power rail timer, state:3
01-09 11:32:04.905  1086  1254 I ASH     : @ 967195.707: tcs3701: stop power rail pending_off timer
01-09 11:32:04.905  1086  1254 D ASH     : @ 967195.707: tcs3701: start power rail timer, state:3
01-09 11:32:04.945  1086  1254 I ASH     : @ 967195.747: tcs3701: stop power rail pending_off timer
01-09 11:32:04.945  1086  1254 D ASH     : @ 967195.747: tcs3701: start power rail timer, state:3
01-09 11:32:04.984  1086  1254 I ASH     : @ 967195.787: tcs3701: stop power rail pending_off timer
01-09 11:32:04.985  1086  1254 D ASH     : @ 967195.787: tcs3701: start power rail timer, state:3
01-09 11:32:05.027  1086  1254 I ASH     : @ 967195.827: tcs3701: stop power rail pending_off timer
01-09 11:32:05.027  1086  1254 D ASH     : @ 967195.827: tcs3701: start power rail timer, state:3
01-09 11:32:05.065  1086  1254 I ASH     : @ 967195.867: tcs3701: stop power rail pending_off timer
01-09 11:32:05.065  1086  1254 D ASH     : @ 967195.867: tcs3701: start power rail timer, state:3
01-09 11:32:05.104  1086  1254 I ASH     : @ 967195.907: tcs3701: stop power rail pending_off timer
01-09 11:32:05.105  1086  1254 D ASH     : @ 967195.907: tcs3701: start power rail timer, state:3
01-09 11:32:05.145  1086  1254 I ASH     : @ 967195.947: tcs3701: stop power rail pending_off timer
01-09 11:32:05.145  1086  1254 D ASH     : @ 967195.947: tcs3701: start power rail timer, state:3
01-09 11:32:05.185  1086  1254 I ASH     : @ 967195.987: tcs3701: stop power rail pending_off timer
01-09 11:32:05.185  1086  1254 D ASH     : @ 967195.987: tcs3701: start power rail timer, state:3
01-09 11:32:05.227  1086  1254 I ASH     : @ 967196.027: tcs3701: stop power rail pending_off timer
01-09 11:32:05.227  1086  1254 D ASH     : @ 967196.027: tcs3701: start power rail timer, state:3
01-09 11:32:05.265  1086  1254 I ASH     : @ 967196.067: tcs3701: stop power rail pending_off timer
01-09 11:32:05.265  1086  1254 D ASH     : @ 967196.067: tcs3701: start power rail timer, state:3
01-09 11:32:05.305  1086  1254 I ASH     : @ 967196.107: tcs3701: stop power rail pending_off timer
01-09 11:32:05.305  1086  1254 D ASH     : @ 967196.107: tcs3701: start power rail timer, state:3
01-09 11:32:05.345  1086  1254 I ASH     : @ 967196.147: tcs3701: stop power rail pending_off timer
01-09 11:32:05.345  1086  1254 D ASH     : @ 967196.147: tcs3701: start power rail timer, state:3
01-09 11:32:05.384  1086  1254 I ASH     : @ 967196.187: tcs3701: stop power rail pending_off timer
01-09 11:32:05.385  1086  1254 D ASH     : @ 967196.187: tcs3701: start power rail timer, state:3
01-09 11:32:05.424  1086  1254 I ASH     : @ 967196.227: tcs3701: stop power rail pending_off timer
01-09 11:32:05.425  1086  1254 D ASH     : @ 967196.227: tcs3701: start power rail timer, state:3
01-09 11:32:05.464  1086  1254 I ASH     : @ 967196.267: tcs3701: stop power rail pending_off timer
01-09 11:32:05.465  1086  1254 D ASH     : @ 967196.267: tcs3701: start power rail timer, state:3
01-09 11:32:05.504  1086  1254 I ASH     : @ 967196.307: tcs3701: stop power rail pending_off timer
01-09 11:32:05.505  1086  1254 D ASH     : @ 967196.307: tcs3701: start power rail timer, state:3
01-09 11:32:05.545  1086  1254 I ASH     : @ 967196.347: tcs3701: stop power rail pending_off timer
01-09 11:32:05.545  1086  1254 D ASH     : @ 967196.347: tcs3701: start power rail timer, state:3
01-09 11:32:05.585  1086  1254 I ASH     : @ 967196.387: tcs3701: stop power rail pending_off timer
01-09 11:32:05.585  1086  1254 D ASH     : @ 967196.387: tcs3701: start power rail timer, state:3
01-09 11:32:05.625  1086  1254 I ASH     : @ 967196.427: tcs3701: stop power rail pending_off timer
01-09 11:32:05.625  1086  1254 D ASH     : @ 967196.427: tcs3701: start power rail timer, state:3
01-09 11:32:05.665  1086  1254 I ASH     : @ 967196.467: tcs3701: stop power rail pending_off timer
01-09 11:32:05.665  1086  1254 D ASH     : @ 967196.467: tcs3701: start power rail timer, state:3
01-09 11:32:05.705  1086  1254 I ASH     : @ 967196.507: tcs3701: stop power rail pending_off timer
01-09 11:32:05.705  1086  1254 D ASH     : @ 967196.507: tcs3701: start power rail timer, state:3
01-09 11:32:05.745  1086  1254 I ASH     : @ 967196.547: tcs3701: stop power rail pending_off timer
01-09 11:32:05.745  1086  1254 D ASH     : @ 967196.547: tcs3701: start power rail timer, state:3
01-09 11:32:05.785  1086  1254 I ASH     : @ 967196.587: tcs3701: stop power rail pending_off timer
01-09 11:32:05.785  1086  1254 D ASH     : @ 967196.587: tcs3701: start power rail timer, state:3
01-09 11:32:05.825  1086  1254 I ASH     : @ 967196.627: tcs3701: stop power rail pending_off timer
01-09 11:32:05.825  1086  1254 D ASH     : @ 967196.627: tcs3701: start power rail timer, state:3
01-09 11:32:05.865  1086  1254 I ASH     : @ 967196.667: tcs3701: stop power rail pending_off timer
01-09 11:32:05.865  1086  1254 D ASH     : @ 967196.667: tcs3701: start power rail timer, state:3
01-09 11:32:05.904  1086  1254 I ASH     : @ 967196.707: tcs3701: stop power rail pending_off timer
01-09 11:32:05.905  1086  1254 D ASH     : @ 967196.707: tcs3701: start power rail timer, state:3
01-09 11:32:05.945  1086  1254 I ASH     : @ 967196.747: tcs3701: stop power rail pending_off timer
01-09 11:32:05.945  1086  1254 D ASH     : @ 967196.747: tcs3701: start power rail timer, state:3
01-09 11:32:05.985  1086  1254 I ASH     : @ 967196.787: tcs3701: stop power rail pending_off timer
01-09 11:32:05.985  1086  1254 D ASH     : @ 967196.787: tcs3701: start power rail timer, state:3
01-09 11:32:06.025  1086  1254 I ASH     : @ 967196.827: tcs3701: stop power rail pending_off timer
01-09 11:32:06.025  1086  1254 D ASH     : @ 967196.827: tcs3701: start power rail timer, state:3
01-09 11:32:06.065  1086  1254 I ASH     : @ 967196.867: tcs3701: stop power rail pending_off timer
01-09 11:32:06.065  1086  1254 D ASH     : @ 967196.867: tcs3701: start power rail timer, state:3
01-09 11:32:06.105  1086  1254 I ASH     : @ 967196.907: tcs3701: stop power rail pending_off timer
01-09 11:32:06.105  1086  1254 D ASH     : @ 967196.907: tcs3701: start power rail timer, state:3
01-09 11:32:06.144  1086  1254 I ASH     : @ 967196.947: tcs3701: stop power rail pending_off timer
01-09 11:32:06.145  1086  1254 D ASH     : @ 967196.947: tcs3701: start power rail timer, state:3
01-09 11:32:06.185  1086  1254 I ASH     : @ 967196.987: tcs3701: stop power rail pending_off timer
01-09 11:32:06.185  1086  1254 D ASH     : @ 967196.987: tcs3701: start power rail timer, state:3
01-09 11:32:06.225  1086  1254 I ASH     : @ 967197.027: tcs3701: stop power rail pending_off timer
01-09 11:32:06.225  1086  1254 D ASH     : @ 967197.027: tcs3701: start power rail timer, state:3
01-09 11:32:06.265  1086  1254 I ASH     : @ 967197.067: tcs3701: stop power rail pending_off timer
01-09 11:32:06.265  1086  1254 D ASH     : @ 967197.067: tcs3701: start power rail timer, state:3
01-09 11:32:06.305  1086  1254 I ASH     : @ 967197.107: tcs3701: stop power rail pending_off timer
01-09 11:32:06.305  1086  1254 D ASH     : @ 967197.107: tcs3701: start power rail timer, state:3
01-09 11:32:06.345  1086  1254 I ASH     : @ 967197.147: tcs3701: stop power rail pending_off timer
01-09 11:32:06.345  1086  1254 D ASH     : @ 967197.147: tcs3701: start power rail timer, state:3
01-09 11:32:06.385  1086  1254 I ASH     : @ 967197.187: tcs3701: stop power rail pending_off timer
01-09 11:32:06.385  1086  1254 D ASH     : @ 967197.187: tcs3701: start power rail timer, state:3
01-09 11:32:06.425  1086  1254 I ASH     : @ 967197.227: tcs3701: stop power rail pending_off timer
01-09 11:32:06.425  1086  1254 D ASH     : @ 967197.227: tcs3701: start power rail timer, state:3
01-09 11:32:06.465  1086  1254 I ASH     : @ 967197.267: tcs3701: stop power rail pending_off timer
01-09 11:32:06.465  1086  1254 D ASH     : @ 967197.267: tcs3701: start power rail timer, state:3
01-09 11:32:06.505  1086  1254 I ASH     : @ 967197.307: tcs3701: stop power rail pending_off timer
01-09 11:32:06.505  1086  1254 D ASH     : @ 967197.307: tcs3701: start power rail timer, state:3
01-09 11:32:06.545  1086  1254 I ASH     : @ 967197.347: tcs3701: stop power rail pending_off timer
01-09 11:32:06.545  1086  1254 D ASH     : @ 967197.347: tcs3701: start power rail timer, state:3
01-09 11:32:06.585  1086  1254 I ASH     : @ 967197.387: tcs3701: stop power rail pending_off timer
01-09 11:32:06.585  1086  1254 D ASH     : @ 967197.387: tcs3701: start power rail timer, state:3
01-09 11:32:06.625  1086  1254 I ASH     : @ 967197.427: tcs3701: stop power rail pending_off timer
01-09 11:32:06.625  1086  1254 D ASH     : @ 967197.427: tcs3701: start power rail timer, state:3
01-09 11:32:06.665  1086  1254 I ASH     : @ 967197.467: tcs3701: stop power rail pending_off timer
01-09 11:32:06.665  1086  1254 D ASH     : @ 967197.467: tcs3701: start power rail timer, state:3
01-09 11:32:06.705  1086  1254 I ASH     : @ 967197.507: tcs3701: stop power rail pending_off timer
01-09 11:32:06.705  1086  1254 D ASH     : @ 967197.507: tcs3701: start power rail timer, state:3
01-09 11:32:06.744  1086  1254 I ASH     : @ 967197.547: tcs3701: stop power rail pending_off timer
01-09 11:32:06.745  1086  1254 D ASH     : @ 967197.547: tcs3701: start power rail timer, state:3
01-09 11:32:06.785  1086  1254 I ASH     : @ 967197.587: tcs3701: stop power rail pending_off timer
01-09 11:32:06.785  1086  1254 D ASH     : @ 967197.587: tcs3701: start power rail timer, state:3
01-09 11:32:06.825  1086  1254 I ASH     : @ 967197.627: tcs3701: stop power rail pending_off timer
01-09 11:32:06.825  1086  1254 D ASH     : @ 967197.627: tcs3701: start power rail timer, state:3
01-09 11:32:06.865  1086  1254 I ASH     : @ 967197.667: tcs3701: stop power rail pending_off timer
01-09 11:32:06.865  1086  1254 D ASH     : @ 967197.667: tcs3701: start power rail timer, state:3
01-09 11:32:06.904  1086  1254 I ASH     : @ 967197.707: tcs3701: stop power rail pending_off timer
01-09 11:32:06.905  1086  1254 D ASH     : @ 967197.707: tcs3701: start power rail timer, state:3
01-09 11:32:06.945  1086  1254 I ASH     : @ 967197.747: tcs3701: stop power rail pending_off timer
01-09 11:32:06.945  1086  1254 D ASH     : @ 967197.747: tcs3701: start power rail timer, state:3
01-09 11:32:06.985  1086  1254 I ASH     : @ 967197.787: tcs3701: stop power rail pending_off timer
01-09 11:32:06.985  1086  1254 D ASH     : @ 967197.787: tcs3701: start power rail timer, state:3
01-09 11:32:07.025  1086  1254 I ASH     : @ 967197.827: tcs3701: stop power rail pending_off timer
01-09 11:32:07.025  1086  1254 D ASH     : @ 967197.827: tcs3701: start power rail timer, state:3
01-09 11:32:07.065  1086  1254 I ASH     : @ 967197.867: tcs3701: stop power rail pending_off timer
01-09 11:32:07.065  1086  1254 D ASH     : @ 967197.867: tcs3701: start power rail timer, state:3
01-09 11:32:07.105  1086  1254 I ASH     : @ 967197.907: tcs3701: stop power rail pending_off timer
01-09 11:32:07.105  1086  1254 D ASH     : @ 967197.907: tcs3701: start power rail timer, state:3
01-09 11:32:07.145  1086  1254 I ASH     : @ 967197.947: tcs3701: stop power rail pending_off timer
01-09 11:32:07.145  1086  1254 D ASH     : @ 967197.947: tcs3701: start power rail timer, state:3
01-09 11:32:07.185  1086  1254 I ASH     : @ 967197.987: tcs3701: stop power rail pending_off timer
01-09 11:32:07.185  1086  1254 D ASH     : @ 967197.987: tcs3701: start power rail timer, state:3
01-09 11:32:07.225  1086  1254 I ASH     : @ 967198.027: tcs3701: stop power rail pending_off timer
01-09 11:32:07.225  1086  1254 D ASH     : @ 967198.027: tcs3701: start power rail timer, state:3
01-09 11:32:07.264  1086  1254 I ASH     : @ 967198.067: tcs3701: stop power rail pending_off timer
01-09 11:32:07.265  1086  1254 D ASH     : @ 967198.067: tcs3701: start power rail timer, state:3
01-09 11:32:07.304  1086  1254 I ASH     : @ 967198.107: tcs3701: stop power rail pending_off timer
01-09 11:32:07.305  1086  1254 D ASH     : @ 967198.107: tcs3701: start power rail timer, state:3
01-09 11:32:07.345  1086  1254 I ASH     : @ 967198.147: tcs3701: stop power rail pending_off timer
01-09 11:32:07.345  1086  1254 D ASH     : @ 967198.147: tcs3701: start power rail timer, state:3
01-09 11:32:07.385  1086  1254 I ASH     : @ 967198.187: tcs3701: stop power rail pending_off timer
01-09 11:32:07.385  1086  1254 D ASH     : @ 967198.187: tcs3701: start power rail timer, state:3
01-09 11:32:07.425  1086  1254 I ASH     : @ 967198.227: tcs3701: stop power rail pending_off timer
01-09 11:32:07.425  1086  1254 D ASH     : @ 967198.227: tcs3701: start power rail timer, state:3
01-09 11:32:07.465  1086  1254 I ASH     : @ 967198.267: tcs3701: stop power rail pending_off timer
01-09 11:32:07.465  1086  1254 D ASH     : @ 967198.267: tcs3701: start power rail timer, state:3
01-09 11:32:07.504  1086  1254 I ASH     : @ 967198.307: tcs3701: stop power rail pending_off timer
01-09 11:32:07.505  1086  1254 D ASH     : @ 967198.307: tcs3701: start power rail timer, state:3
01-09 11:32:07.545  1086  1254 I ASH     : @ 967198.347: tcs3701: stop power rail pending_off timer
01-09 11:32:07.545  1086  1254 D ASH     : @ 967198.347: tcs3701: start power rail timer, state:3
01-09 11:32:07.585  1086  1254 I ASH     : @ 967198.387: tcs3701: stop power rail pending_off timer
01-09 11:32:07.585  1086  1254 D ASH     : @ 967198.387: tcs3701: start power rail timer, state:3
01-09 11:32:07.625  1086  1254 I ASH     : @ 967198.427: tcs3701: stop power rail pending_off timer
01-09 11:32:07.625  1086  1254 D ASH     : @ 967198.427: tcs3701: start power rail timer, state:3
01-09 11:32:07.627 26141 26160 W Unity   : [dashscene] image fills: not drawn — no texture is uploaded from the payload.
01-09 11:32:07.627 26141 26160 W Unity   : UnityEngine.DebugLogHandler:Internal_Log(LogType, LogOption, String, Object)
01-09 11:32:07.627 26141 26160 W Unity   : Driftsys.Dashscene.BrgPainter:Draw(FrameLease)
01-09 11:32:07.627 26141 26160 W Unity   : Driftsys.Dashscene.Samples.DashsceneShowcase:Update()
01-09 11:32:07.627 26141 26160 W Unity   : 
01-09 11:32:07.628 26141 26160 W Unity   : [dashscene] 1 rect(s) affected, first at index 6. The document asked for these and this painter did not draw them.
01-09 11:32:07.628 26141 26160 W Unity   : UnityEngine.DebugLogHandler:Internal_Log(LogType, LogOption, String, Object)
01-09 11:32:07.628 26141 26160 W Unity   : Driftsys.Dashscene.BrgPainter:Draw(FrameLease)
01-09 11:32:07.628 26141 26160 W Unity   : Driftsys.Dashscene.Samples.DashsceneShowcase:Update()
01-09 11:32:07.628 26141 26160 W Unity   : 
01-09 11:32:07.628 26141 26160 I Unity   : [showcase] drew paint: fills, strokes, corners, and one image fill the painter refuses: 16 instance(s), rung ConstantBuffer, refused image fills: not drawn — no texture is uploaded from the payload. 1 rect(s) affected, first at index 6. The document asked for these and this painter did not draw them.
01-09 11:32:07.628 26141 26160 I Unity   : UnityEngine.DebugLogHandler:Internal_Log(LogType, LogOption, String, Object)
01-09 11:32:07.628 26141 26160 I Unity   : Driftsys.Dashscene.Samples.DashsceneShowcase:Update()
01-09 11:32:07.628 26141 26160 I Unity   : 
01-09 11:32:07.665  1086  1254 I ASH     : @ 967198.467: tcs3701: stop power rail pending_off timer
01-09 11:32:07.665  1086  1254 D ASH     : @ 967198.467: tcs3701: start power rail timer, state:3
01-09 11:32:07.704  1086  1254 I ASH     : @ 967198.507: tcs3701: stop power rail pending_off timer
01-09 11:32:07.704  1086  1254 D ASH     : @ 967198.507: tcs3701: start power rail timer, state:3
01-09 11:32:07.744  1086  1254 I ASH     : @ 967198.547: tcs3701: stop power rail pending_off timer
01-09 11:32:07.745  1086  1254 D ASH     : @ 967198.547: tcs3701: start power rail timer, state:3
01-09 11:32:07.785  1086  1254 I ASH     : @ 967198.587: tcs3701: stop power rail pending_off timer
01-09 11:32:07.785  1086  1254 D ASH     : @ 967198.587: tcs3701: start power rail timer, state:3
01-09 11:32:07.824  1086  1254 I ASH     : @ 967198.627: tcs3701: stop power rail pending_off timer
01-09 11:32:07.824  1086  1254 D ASH     : @ 967198.627: tcs3701: start power rail timer, state:3
01-09 11:32:07.865  1086  1254 I ASH     : @ 967198.667: tcs3701: stop power rail pending_off timer
01-09 11:32:07.865  1086  1254 D ASH     : @ 967198.667: tcs3701: start power rail timer, state:3
01-09 11:32:07.905  1086  1254 I ASH     : @ 967198.707: tcs3701: stop power rail pending_off timer
01-09 11:32:07.905  1086  1254 D ASH     : @ 967198.707: tcs3701: start power rail timer, state:3
01-09 11:32:07.945  1086  1254 I ASH     : @ 967198.747: tcs3701: stop power rail pending_off timer
01-09 11:32:07.945  1086  1254 D ASH     : @ 967198.747: tcs3701: start power rail timer, state:3
01-09 11:32:07.985  1086  1254 I ASH     : @ 967198.787: tcs3701: stop power rail pending_off timer
01-09 11:32:07.985  1086  1254 D ASH     : @ 967198.787: tcs3701: start power rail timer, state:3
01-09 11:32:08.025  1086  1254 I ASH     : @ 967198.827: tcs3701: stop power rail pending_off timer
01-09 11:32:08.025  1086  1254 D ASH     : @ 967198.827: tcs3701: start power rail timer, state:3
01-09 11:32:08.065  1086  1254 I ASH     : @ 967198.867: tcs3701: stop power rail pending_off timer
01-09 11:32:08.065  1086  1254 D ASH     : @ 967198.867: tcs3701: start power rail timer, state:3
01-09 11:32:08.105  1086  1254 I ASH     : @ 967198.907: tcs3701: stop power rail pending_off timer
01-09 11:32:08.105  1086  1254 D ASH     : @ 967198.907: tcs3701: start power rail timer, state:3
01-09 11:32:08.144  1086  1254 I ASH     : @ 967198.947: tcs3701: stop power rail pending_off timer
01-09 11:32:08.145  1086  1254 D ASH     : @ 967198.947: tcs3701: start power rail timer, state:3
01-09 11:32:08.185  1086  1254 I ASH     : @ 967198.987: tcs3701: stop power rail pending_off timer
01-09 11:32:08.185  1086  1254 D ASH     : @ 967198.987: tcs3701: start power rail timer, state:3
01-09 11:32:08.225  1086  1254 I ASH     : @ 967199.027: tcs3701: stop power rail pending_off timer
01-09 11:32:08.225  1086  1254 D ASH     : @ 967199.027: tcs3701: start power rail timer, state:3
01-09 11:32:08.265  1086  1254 I ASH     : @ 967199.067: tcs3701: stop power rail pending_off timer
01-09 11:32:08.265  1086  1254 D ASH     : @ 967199.067: tcs3701: start power rail timer, state:3
01-09 11:32:08.305  1086  1254 I ASH     : @ 967199.107: tcs3701: stop power rail pending_off timer
01-09 11:32:08.305  1086  1254 D ASH     : @ 967199.107: tcs3701: start power rail timer, state:3
01-09 11:32:08.345  1086  1254 I ASH     : @ 967199.147: tcs3701: stop power rail pending_off timer
01-09 11:32:08.345  1086  1254 D ASH     : @ 967199.147: tcs3701: start power rail timer, state:3
01-09 11:32:08.385  1086  1254 I ASH     : @ 967199.187: tcs3701: stop power rail pending_off timer
01-09 11:32:08.385  1086  1254 D ASH     : @ 967199.187: tcs3701: start power rail timer, state:3
01-09 11:32:08.425  1086  1254 I ASH     : @ 967199.227: tcs3701: stop power rail pending_off timer
01-09 11:32:08.425  1086  1254 D ASH     : @ 967199.227: tcs3701: start power rail timer, state:3
01-09 11:32:08.465  1086  1254 I ASH     : @ 967199.267: tcs3701: stop power rail pending_off timer
01-09 11:32:08.465  1086  1254 D ASH     : @ 967199.267: tcs3701: start power rail timer, state:3
01-09 11:32:08.505  1086  1254 I ASH     : @ 967199.307: tcs3701: stop power rail pending_off timer
01-09 11:32:08.505  1086  1254 D ASH     : @ 967199.307: tcs3701: start power rail timer, state:3
01-09 11:32:08.545  1086  1254 I ASH     : @ 967199.347: tcs3701: stop power rail pending_off timer
01-09 11:32:08.545  1086  1254 D ASH     : @ 967199.347: tcs3701: start power rail timer, state:3
01-09 11:32:08.585  1086  1254 I ASH     : @ 967199.387: tcs3701: stop power rail pending_off timer
01-09 11:32:08.585  1086  1254 D ASH     : @ 967199.387: tcs3701: start power rail timer, state:3
01-09 11:32:08.625  1086  1254 I ASH     : @ 967199.427: tcs3701: stop power rail pending_off timer
01-09 11:32:08.625  1086  1254 D ASH     : @ 967199.427: tcs3701: start power rail timer, state:3
01-09 11:32:08.665  1086  1254 I ASH     : @ 967199.467: tcs3701: stop power rail pending_off timer
01-09 11:32:08.665  1086  1254 D ASH     : @ 967199.467: tcs3701: start power rail timer, state:3
01-09 11:32:08.705  1086  1254 I ASH     : @ 967199.507: tcs3701: stop power rail pending_off timer
01-09 11:32:08.705  1086  1254 D ASH     : @ 967199.507: tcs3701: start power rail timer, state:3
01-09 11:32:08.745  1086  1254 I ASH     : @ 967199.547: tcs3701: stop power rail pending_off timer
01-09 11:32:08.745  1086  1254 D ASH     : @ 967199.547: tcs3701: start power rail timer, state:3
01-09 11:32:08.785  1086  1254 I ASH     : @ 967199.587: tcs3701: stop power rail pending_off timer
01-09 11:32:08.785  1086  1254 D ASH     : @ 967199.587: tcs3701: start power rail timer, state:3
01-09 11:32:08.824  1086  1254 I ASH     : @ 967199.627: tcs3701: stop power rail pending_off timer
01-09 11:32:08.825  1086  1254 D ASH     : @ 967199.627: tcs3701: start power rail timer, state:3
01-09 11:32:08.865  1086  1254 I ASH     : @ 967199.667: tcs3701: stop power rail pending_off timer
01-09 11:32:08.865  1086  1254 D ASH     : @ 967199.667: tcs3701: start power rail timer, state:3
01-09 11:32:08.905  1086  1254 I ASH     : @ 967199.707: tcs3701: stop power rail pending_off timer
01-09 11:32:08.905  1086  1254 D ASH     : @ 967199.707: tcs3701: start power rail timer, state:3
01-09 11:32:08.945  1086  1254 I ASH     : @ 967199.747: tcs3701: stop power rail pending_off timer
01-09 11:32:08.945  1086  1254 D ASH     : @ 967199.747: tcs3701: start power rail timer, state:3
01-09 11:32:08.985  1086  1254 I ASH     : @ 967199.787: tcs3701: stop power rail pending_off timer
01-09 11:32:08.985  1086  1254 D ASH     : @ 967199.787: tcs3701: start power rail timer, state:3
01-09 11:32:09.024  1086  1254 I ASH     : @ 967199.827: tcs3701: stop power rail pending_off timer
01-09 11:32:09.024  1086  1254 D ASH     : @ 967199.827: tcs3701: start power rail timer, state:3
01-09 11:32:09.065  1086  1254 I ASH     : @ 967199.867: tcs3701: stop power rail pending_off timer
01-09 11:32:09.065  1086  1254 D ASH     : @ 967199.867: tcs3701: start power rail timer, state:3
01-09 11:32:09.105  1086  1254 I ASH     : @ 967199.907: tcs3701: stop power rail pending_off timer
01-09 11:32:09.105  1086  1254 D ASH     : @ 967199.907: tcs3701: start power rail timer, state:3
01-09 11:32:09.144  1086  1254 I ASH     : @ 967199.947: tcs3701: stop power rail pending_off timer
01-09 11:32:09.145  1086  1254 D ASH     : @ 967199.947: tcs3701: start power rail timer, state:3
01-09 11:32:09.185  1086  1254 I ASH     : @ 967199.987: tcs3701: stop power rail pending_off timer
01-09 11:32:09.185  1086  1254 D ASH     : @ 967199.987: tcs3701: start power rail timer, state:3
01-09 11:32:09.225  1086  1254 I ASH     : @ 967200.027: tcs3701: stop power rail pending_off timer
01-09 11:32:09.225  1086  1254 D ASH     : @ 967200.027: tcs3701: start power rail timer, state:3
01-09 11:32:09.264  1086  1254 I ASH     : @ 967200.067: tcs3701: stop power rail pending_off timer
01-09 11:32:09.265  1086  1254 D ASH     : @ 967200.067: tcs3701: start power rail timer, state:3
01-09 11:32:09.305  1086  1254 I ASH     : @ 967200.107: tcs3701: stop power rail pending_off timer
01-09 11:32:09.305  1086  1254 D ASH     : @ 967200.107: tcs3701: start power rail timer, state:3
01-09 11:32:09.345  1086  1254 I ASH     : @ 967200.147: tcs3701: stop power rail pending_off timer
01-09 11:32:09.345  1086  1254 D ASH     : @ 967200.147: tcs3701: start power rail timer, state:3
01-09 11:32:09.385  1086  1254 I ASH     : @ 967200.187: tcs3701: stop power rail pending_off timer
01-09 11:32:09.385  1086  1254 D ASH     : @ 967200.187: tcs3701: start power rail timer, state:3
01-09 11:32:09.425  1086  1254 I ASH     : @ 967200.227: tcs3701: stop power rail pending_off timer
01-09 11:32:09.425  1086  1254 D ASH     : @ 967200.227: tcs3701: start power rail timer, state:3
01-09 11:32:09.464  1086  1254 I ASH     : @ 967200.267: tcs3701: stop power rail pending_off timer
01-09 11:32:09.465  1086  1254 D ASH     : @ 967200.267: tcs3701: start power rail timer, state:3
01-09 11:32:09.505  1086  1254 I ASH     : @ 967200.307: tcs3701: stop power rail pending_off timer
01-09 11:32:09.505  1086  1254 D ASH     : @ 967200.307: tcs3701: start power rail timer, state:3
01-09 11:32:09.544  1086  1254 I ASH     : @ 967200.347: tcs3701: stop power rail pending_off timer
01-09 11:32:09.545  1086  1254 D ASH     : @ 967200.347: tcs3701: start power rail timer, state:3
01-09 11:32:09.585  1086  1254 I ASH     : @ 967200.387: tcs3701: stop power rail pending_off timer
01-09 11:32:09.585  1086  1254 D ASH     : @ 967200.387: tcs3701: start power rail timer, state:3
01-09 11:32:09.625  1086  1254 I ASH     : @ 967200.427: tcs3701: stop power rail pending_off timer
01-09 11:32:09.625  1086  1254 D ASH     : @ 967200.427: tcs3701: start power rail timer, state:3
01-09 11:32:09.665  1086  1254 I ASH     : @ 967200.467: tcs3701: stop power rail pending_off timer
01-09 11:32:09.665  1086  1254 D ASH     : @ 967200.467: tcs3701: start power rail timer, state:3
01-09 11:32:09.705  1086  1254 I ASH     : @ 967200.507: tcs3701: stop power rail pending_off timer
01-09 11:32:09.705  1086  1254 D ASH     : @ 967200.507: tcs3701: start power rail timer, state:3
01-09 11:32:09.745  1086  1254 I ASH     : @ 967200.547: tcs3701: stop power rail pending_off timer
01-09 11:32:09.745  1086  1254 D ASH     : @ 967200.547: tcs3701: start power rail timer, state:3
01-09 11:32:09.785  1086  1254 I ASH     : @ 967200.587: tcs3701: stop power rail pending_off timer
01-09 11:32:09.785  1086  1254 D ASH     : @ 967200.587: tcs3701: start power rail timer, state:3
01-09 11:32:09.825  1086  1254 I ASH     : @ 967200.627: tcs3701: stop power rail pending_off timer
01-09 11:32:09.825  1086  1254 D ASH     : @ 967200.627: tcs3701: start power rail timer, state:3
01-09 11:32:09.864  1086  1254 I ASH     : @ 967200.667: tcs3701: stop power rail pending_off timer
01-09 11:32:09.865  1086  1254 D ASH     : @ 967200.667: tcs3701: start power rail timer, state:3
01-09 11:32:09.905  1086  1254 I ASH     : @ 967200.707: tcs3701: stop power rail pending_off timer
01-09 11:32:09.905  1086  1254 D ASH     : @ 967200.707: tcs3701: start power rail timer, state:3
01-09 11:32:09.945  1086  1254 I ASH     : @ 967200.747: tcs3701: stop power rail pending_off timer
01-09 11:32:09.945  1086  1254 D ASH     : @ 967200.747: tcs3701: start power rail timer, state:3
01-09 11:32:09.984  1086  1254 I ASH     : @ 967200.787: tcs3701: stop power rail pending_off timer
01-09 11:32:09.985  1086  1254 D ASH     : @ 967200.787: tcs3701: start power rail timer, state:3
01-09 11:32:10.025  1086  1254 I ASH     : @ 967200.827: tcs3701: stop power rail pending_off timer
01-09 11:32:10.025  1086  1254 D ASH     : @ 967200.827: tcs3701: start power rail timer, state:3
01-09 11:32:10.065  1086  1254 I ASH     : @ 967200.867: tcs3701: stop power rail pending_off timer
01-09 11:32:10.065  1086  1254 D ASH     : @ 967200.867: tcs3701: start power rail timer, state:3
01-09 11:32:10.105  1086  1254 I ASH     : @ 967200.907: tcs3701: stop power rail pending_off timer
01-09 11:32:10.105  1086  1254 D ASH     : @ 967200.907: tcs3701: start power rail timer, state:3
01-09 11:32:10.145  1086  1254 I ASH     : @ 967200.947: tcs3701: stop power rail pending_off timer
01-09 11:32:10.145  1086  1254 D ASH     : @ 967200.947: tcs3701: start power rail timer, state:3
01-09 11:32:10.185  1086  1254 I ASH     : @ 967200.987: tcs3701: stop power rail pending_off timer
01-09 11:32:10.185  1086  1254 D ASH     : @ 967200.987: tcs3701: start power rail timer, state:3
01-09 11:32:10.224  1086  1254 I ASH     : @ 967201.027: tcs3701: stop power rail pending_off timer
01-09 11:32:10.225  1086  1254 D ASH     : @ 967201.027: tcs3701: start power rail timer, state:3
01-09 11:32:10.265  1086  1254 I ASH     : @ 967201.067: tcs3701: stop power rail pending_off timer
01-09 11:32:10.265  1086  1254 D ASH     : @ 967201.067: tcs3701: start power rail timer, state:3
01-09 11:32:10.305  1086  1254 I ASH     : @ 967201.107: tcs3701: stop power rail pending_off timer
01-09 11:32:10.305  1086  1254 D ASH     : @ 967201.107: tcs3701: start power rail timer, state:3
01-09 11:32:10.345  1086  1254 I ASH     : @ 967201.147: tcs3701: stop power rail pending_off timer
01-09 11:32:10.345  1086  1254 D ASH     : @ 967201.147: tcs3701: start power rail timer, state:3
01-09 11:32:10.385  1086  1254 I ASH     : @ 967201.187: tcs3701: stop power rail pending_off timer
01-09 11:32:10.385  1086  1254 D ASH     : @ 967201.187: tcs3701: start power rail timer, state:3
01-09 11:32:10.425  1086  1254 I ASH     : @ 967201.227: tcs3701: stop power rail pending_off timer
01-09 11:32:10.425  1086  1254 D ASH     : @ 967201.227: tcs3701: start power rail timer, state:3
01-09 11:32:10.464  1086  1254 I ASH     : @ 967201.267: tcs3701: stop power rail pending_off timer
01-09 11:32:10.465  1086  1254 D ASH     : @ 967201.267: tcs3701: start power rail timer, state:3
01-09 11:32:10.505  1086  1254 I ASH     : @ 967201.307: tcs3701: stop power rail pending_off timer
01-09 11:32:10.505  1086  1254 D ASH     : @ 967201.307: tcs3701: start power rail timer, state:3
01-09 11:32:10.545  1086  1254 I ASH     : @ 967201.347: tcs3701: stop power rail pending_off timer
01-09 11:32:10.545  1086  1254 D ASH     : @ 967201.347: tcs3701: start power rail timer, state:3
01-09 11:32:10.585  1086  1254 I ASH     : @ 967201.387: tcs3701: stop power rail pending_off timer
01-09 11:32:10.585  1086  1254 D ASH     : @ 967201.387: tcs3701: start power rail timer, state:3
01-09 11:32:10.624  1086  1254 I ASH     : @ 967201.427: tcs3701: stop power rail pending_off timer
01-09 11:32:10.625  1086  1254 D ASH     : @ 967201.427: tcs3701: start power rail timer, state:3
01-09 11:32:10.665  1086  1254 I ASH     : @ 967201.467: tcs3701: stop power rail pending_off timer
01-09 11:32:10.665  1086  1254 D ASH     : @ 967201.467: tcs3701: start power rail timer, state:3
01-09 11:32:10.705  1086  1254 I ASH     : @ 967201.507: tcs3701: stop power rail pending_off timer
01-09 11:32:10.705  1086  1254 D ASH     : @ 967201.507: tcs3701: start power rail timer, state:3
01-09 11:32:10.744  1086  1254 I ASH     : @ 967201.547: tcs3701: stop power rail pending_off timer
01-09 11:32:10.745  1086  1254 D ASH     : @ 967201.547: tcs3701: start power rail timer, state:3
01-09 11:32:10.785  1086  1254 I ASH     : @ 967201.587: tcs3701: stop power rail pending_off timer
01-09 11:32:10.785  1086  1254 D ASH     : @ 967201.587: tcs3701: start power rail timer, state:3
01-09 11:32:10.824  1086  1254 I ASH     : @ 967201.627: tcs3701: stop power rail pending_off timer
01-09 11:32:10.825  1086  1254 D ASH     : @ 967201.627: tcs3701: start power rail timer, state:3
01-09 11:32:10.865  1086  1254 I ASH     : @ 967201.667: tcs3701: stop power rail pending_off timer
01-09 11:32:10.865  1086  1254 D ASH     : @ 967201.667: tcs3701: start power rail timer, state:3
01-09 11:32:10.905  1086  1254 I ASH     : @ 967201.707: tcs3701: stop power rail pending_off timer
01-09 11:32:10.905  1086  1254 D ASH     : @ 967201.707: tcs3701: start power rail timer, state:3
01-09 11:32:10.944  1086  1254 I ASH     : @ 967201.747: tcs3701: stop power rail pending_off timer
01-09 11:32:10.945  1086  1254 D ASH     : @ 967201.747: tcs3701: start power rail timer, state:3
01-09 11:32:10.985  1086  1254 I ASH     : @ 967201.787: tcs3701: stop power rail pending_off timer
01-09 11:32:10.985  1086  1254 D ASH     : @ 967201.787: tcs3701: start power rail timer, state:3
01-09 11:32:11.025  1086  1254 I ASH     : @ 967201.827: tcs3701: stop power rail pending_off timer
01-09 11:32:11.025  1086  1254 D ASH     : @ 967201.827: tcs3701: start power rail timer, state:3
01-09 11:32:11.065  1086  1254 I ASH     : @ 967201.867: tcs3701: stop power rail pending_off timer
01-09 11:32:11.065  1086  1254 D ASH     : @ 967201.867: tcs3701: start power rail timer, state:3
01-09 11:32:11.105  1086  1254 I ASH     : @ 967201.907: tcs3701: stop power rail pending_off timer
01-09 11:32:11.105  1086  1254 D ASH     : @ 967201.907: tcs3701: start power rail timer, state:3
01-09 11:32:11.145  1086  1254 I ASH     : @ 967201.947: tcs3701: stop power rail pending_off timer
01-09 11:32:11.145  1086  1254 D ASH     : @ 967201.947: tcs3701: start power rail timer, state:3
01-09 11:32:11.185  1086  1254 I ASH     : @ 967201.987: tcs3701: stop power rail pending_off timer
01-09 11:32:11.185  1086  1254 D ASH     : @ 967201.987: tcs3701: start power rail timer, state:3
01-09 11:32:11.225  1086  1254 I ASH     : @ 967202.027: tcs3701: stop power rail pending_off timer
01-09 11:32:11.225  1086  1254 D ASH     : @ 967202.027: tcs3701: start power rail timer, state:3
01-09 11:32:11.265  1086  1254 I ASH     : @ 967202.067: tcs3701: stop power rail pending_off timer
01-09 11:32:11.265  1086  1254 D ASH     : @ 967202.067: tcs3701: start power rail timer, state:3
01-09 11:32:11.305  1086  1254 I ASH     : @ 967202.107: tcs3701: stop power rail pending_off timer
01-09 11:32:11.305  1086  1254 D ASH     : @ 967202.107: tcs3701: start power rail timer, state:3
01-09 11:32:11.344  1086  1254 I ASH     : @ 967202.147: tcs3701: stop power rail pending_off timer
01-09 11:32:11.345  1086  1254 D ASH     : @ 967202.147: tcs3701: start power rail timer, state:3
01-09 11:32:11.385  1086  1254 I ASH     : @ 967202.187: tcs3701: stop power rail pending_off timer
01-09 11:32:11.385  1086  1254 D ASH     : @ 967202.187: tcs3701: start power rail timer, state:3
01-09 11:32:11.425  1086  1254 I ASH     : @ 967202.227: tcs3701: stop power rail pending_off timer
01-09 11:32:11.425  1086  1254 D ASH     : @ 967202.227: tcs3701: start power rail timer, state:3
01-09 11:32:11.465  1086  1254 I ASH     : @ 967202.267: tcs3701: stop power rail pending_off timer
01-09 11:32:11.465  1086  1254 D ASH     : @ 967202.267: tcs3701: start power rail timer, state:3
01-09 11:32:11.505  1086  1254 I ASH     : @ 967202.307: tcs3701: stop power rail pending_off timer
01-09 11:32:11.505  1086  1254 D ASH     : @ 967202.307: tcs3701: start power rail timer, state:3
01-09 11:32:11.545  1086  1254 I ASH     : @ 967202.347: tcs3701: stop power rail pending_off timer
01-09 11:32:11.545  1086  1254 D ASH     : @ 967202.347: tcs3701: start power rail timer, state:3
01-09 11:32:11.585  1086  1254 I ASH     : @ 967202.387: tcs3701: stop power rail pending_off timer
01-09 11:32:11.585  1086  1254 D ASH     : @ 967202.387: tcs3701: start power rail timer, state:3
01-09 11:32:11.625  1086  1254 I ASH     : @ 967202.427: tcs3701: stop power rail pending_off timer
01-09 11:32:11.625  1086  1254 D ASH     : @ 967202.427: tcs3701: start power rail timer, state:3
01-09 11:32:11.665  1086  1254 I ASH     : @ 967202.467: tcs3701: stop power rail pending_off timer
01-09 11:32:11.665  1086  1254 D ASH     : @ 967202.467: tcs3701: start power rail timer, state:3
01-09 11:32:11.704  1086  1254 I ASH     : @ 967202.507: tcs3701: stop power rail pending_off timer
01-09 11:32:11.705  1086  1254 D ASH     : @ 967202.507: tcs3701: start power rail timer, state:3
01-09 11:32:11.745  1086  1254 I ASH     : @ 967202.547: tcs3701: stop power rail pending_off timer
01-09 11:32:11.745  1086  1254 D ASH     : @ 967202.547: tcs3701: start power rail timer, state:3
01-09 11:32:11.785  1086  1254 I ASH     : @ 967202.587: tcs3701: stop power rail pending_off timer
01-09 11:32:11.785  1086  1254 D ASH     : @ 967202.587: tcs3701: start power rail timer, state:3
01-09 11:32:11.825  1086  1254 I ASH     : @ 967202.627: tcs3701: stop power rail pending_off timer
01-09 11:32:11.825  1086  1254 D ASH     : @ 967202.627: tcs3701: start power rail timer, state:3
01-09 11:32:11.865  1086  1254 I ASH     : @ 967202.667: tcs3701: stop power rail pending_off timer
01-09 11:32:11.865  1086  1254 D ASH     : @ 967202.667: tcs3701: start power rail timer, state:3
01-09 11:32:11.905  1086  1254 I ASH     : @ 967202.707: tcs3701: stop power rail pending_off timer
01-09 11:32:11.905  1086  1254 D ASH     : @ 967202.707: tcs3701: start power rail timer, state:3
01-09 11:32:11.944  1086  1254 I ASH     : @ 967202.747: tcs3701: stop power rail pending_off timer
01-09 11:32:11.945  1086  1254 D ASH     : @ 967202.747: tcs3701: start power rail timer, state:3
01-09 11:32:11.985  1086  1254 I ASH     : @ 967202.787: tcs3701: stop power rail pending_off timer
01-09 11:32:11.985  1086  1254 D ASH     : @ 967202.787: tcs3701: start power rail timer, state:3
01-09 11:32:12.025  1086  1254 I ASH     : @ 967202.827: tcs3701: stop power rail pending_off timer
01-09 11:32:12.025  1086  1254 D ASH     : @ 967202.827: tcs3701: start power rail timer, state:3
01-09 11:32:12.065  1086  1254 I ASH     : @ 967202.867: tcs3701: stop power rail pending_off timer
01-09 11:32:12.065  1086  1254 D ASH     : @ 967202.867: tcs3701: start power rail timer, state:3
01-09 11:32:12.105  1086  1254 I ASH     : @ 967202.907: tcs3701: stop power rail pending_off timer
01-09 11:32:12.105  1086  1254 D ASH     : @ 967202.907: tcs3701: start power rail timer, state:3
01-09 11:32:12.144  1086  1254 I ASH     : @ 967202.947: tcs3701: stop power rail pending_off timer
01-09 11:32:12.145  1086  1254 D ASH     : @ 967202.947: tcs3701: start power rail timer, state:3
01-09 11:32:12.185  1086  1254 I ASH     : @ 967202.987: tcs3701: stop power rail pending_off timer
01-09 11:32:12.185  1086  1254 D ASH     : @ 967202.987: tcs3701: start power rail timer, state:3
01-09 11:32:12.225  1086  1254 I ASH     : @ 967203.027: tcs3701: stop power rail pending_off timer
01-09 11:32:12.225  1086  1254 D ASH     : @ 967203.027: tcs3701: start power rail timer, state:3
01-09 11:32:12.265  1086  1254 I ASH     : @ 967203.067: tcs3701: stop power rail pending_off timer
01-09 11:32:12.265  1086  1254 D ASH     : @ 967203.067: tcs3701: start power rail timer, state:3
01-09 11:32:12.305  1086  1254 I ASH     : @ 967203.107: tcs3701: stop power rail pending_off timer
01-09 11:32:12.305  1086  1254 D ASH     : @ 967203.107: tcs3701: start power rail timer, state:3
01-09 11:32:12.345  1086  1254 I ASH     : @ 967203.147: tcs3701: stop power rail pending_off timer
01-09 11:32:12.345  1086  1254 D ASH     : @ 967203.147: tcs3701: start power rail timer, state:3
01-09 11:32:12.385  1086  1254 I ASH     : @ 967203.187: tcs3701: stop power rail pending_off timer
01-09 11:32:12.385  1086  1254 D ASH     : @ 967203.187: tcs3701: start power rail timer, state:3
01-09 11:32:12.425  1086  1254 I ASH     : @ 967203.227: tcs3701: stop power rail pending_off timer
01-09 11:32:12.425  1086  1254 D ASH     : @ 967203.227: tcs3701: start power rail timer, state:3
01-09 11:32:12.465  1086  1254 I ASH     : @ 967203.267: tcs3701: stop power rail pending_off timer
01-09 11:32:12.465  1086  1254 D ASH     : @ 967203.267: tcs3701: start power rail timer, state:3
01-09 11:32:12.504  1086  1254 I ASH     : @ 967203.307: tcs3701: stop power rail pending_off timer
01-09 11:32:12.505  1086  1254 D ASH     : @ 967203.307: tcs3701: start power rail timer, state:3
01-09 11:32:12.544  1086  1254 I ASH     : @ 967203.347: tcs3701: stop power rail pending_off timer
01-09 11:32:12.545  1086  1254 D ASH     : @ 967203.347: tcs3701: start power rail timer, state:3
01-09 11:32:12.585  1086  1254 I ASH     : @ 967203.387: tcs3701: stop power rail pending_off timer
01-09 11:32:12.585  1086  1254 D ASH     : @ 967203.387: tcs3701: start power rail timer, state:3
01-09 11:32:12.625  1086  1254 I ASH     : @ 967203.427: tcs3701: stop power rail pending_off timer
01-09 11:32:12.625  1086  1254 D ASH     : @ 967203.427: tcs3701: start power rail timer, state:3
01-09 11:32:12.664  1086  1254 I ASH     : @ 967203.467: tcs3701: stop power rail pending_off timer
01-09 11:32:12.665  1086  1254 D ASH     : @ 967203.467: tcs3701: start power rail timer, state:3
01-09 11:32:12.705  1086  1254 I ASH     : @ 967203.507: tcs3701: stop power rail pending_off timer
01-09 11:32:12.705  1086  1254 D ASH     : @ 967203.507: tcs3701: start power rail timer, state:3
01-09 11:32:12.745  1086  1254 I ASH     : @ 967203.547: tcs3701: stop power rail pending_off timer
01-09 11:32:12.745  1086  1254 D ASH     : @ 967203.547: tcs3701: start power rail timer, state:3
01-09 11:32:12.785  1086  1254 I ASH     : @ 967203.587: tcs3701: stop power rail pending_off timer
01-09 11:32:12.785  1086  1254 D ASH     : @ 967203.587: tcs3701: start power rail timer, state:3
01-09 11:32:12.825  1086  1254 I ASH     : @ 967203.627: tcs3701: stop power rail pending_off timer
01-09 11:32:12.825  1086  1254 D ASH     : @ 967203.627: tcs3701: start power rail timer, state:3
01-09 11:32:12.865  1086  1254 I ASH     : @ 967203.667: tcs3701: stop power rail pending_off timer
01-09 11:32:12.865  1086  1254 D ASH     : @ 967203.667: tcs3701: start power rail timer, state:3
01-09 11:32:12.905  1086  1254 I ASH     : @ 967203.707: tcs3701: stop power rail pending_off timer
01-09 11:32:12.905  1086  1254 D ASH     : @ 967203.707: tcs3701: start power rail timer, state:3
01-09 11:32:12.944  1086  1254 I ASH     : @ 967203.747: tcs3701: stop power rail pending_off timer
01-09 11:32:12.945  1086  1254 D ASH     : @ 967203.747: tcs3701: start power rail timer, state:3
01-09 11:32:12.985  1086  1254 I ASH     : @ 967203.787: tcs3701: stop power rail pending_off timer
01-09 11:32:12.985  1086  1254 D ASH     : @ 967203.787: tcs3701: start power rail timer, state:3
01-09 11:32:13.025  1086  1254 I ASH     : @ 967203.827: tcs3701: stop power rail pending_off timer
01-09 11:32:13.025  1086  1254 D ASH     : @ 967203.827: tcs3701: start power rail timer, state:3
01-09 11:32:13.065  1086  1254 I ASH     : @ 967203.867: tcs3701: stop power rail pending_off timer
01-09 11:32:13.065  1086  1254 D ASH     : @ 967203.867: tcs3701: start power rail timer, state:3
01-09 11:32:13.105  1086  1254 I ASH     : @ 967203.907: tcs3701: stop power rail pending_off timer
01-09 11:32:13.105  1086  1254 D ASH     : @ 967203.907: tcs3701: start power rail timer, state:3
01-09 11:32:13.145  1086  1254 I ASH     : @ 967203.947: tcs3701: stop power rail pending_off timer
01-09 11:32:13.145  1086  1254 D ASH     : @ 967203.947: tcs3701: start power rail timer, state:3
01-09 11:32:13.185  1086  1254 I ASH     : @ 967203.987: tcs3701: stop power rail pending_off timer
01-09 11:32:13.185  1086  1254 D ASH     : @ 967203.987: tcs3701: start power rail timer, state:3
01-09 11:32:13.225  1086  1254 I ASH     : @ 967204.027: tcs3701: stop power rail pending_off timer
01-09 11:32:13.225  1086  1254 D ASH     : @ 967204.027: tcs3701: start power rail timer, state:3
01-09 11:32:13.265  1086  1254 I ASH     : @ 967204.067: tcs3701: stop power rail pending_off timer
01-09 11:32:13.265  1086  1254 D ASH     : @ 967204.067: tcs3701: start power rail timer, state:3
01-09 11:32:13.305  1086  1254 I ASH     : @ 967204.107: tcs3701: stop power rail pending_off timer
01-09 11:32:13.305  1086  1254 D ASH     : @ 967204.107: tcs3701: start power rail timer, state:3
01-09 11:32:13.344  1086  1254 I ASH     : @ 967204.147: tcs3701: stop power rail pending_off timer
01-09 11:32:13.345  1086  1254 D ASH     : @ 967204.147: tcs3701: start power rail timer, state:3
01-09 11:32:13.385  1086  1254 I ASH     : @ 967204.187: tcs3701: stop power rail pending_off timer
01-09 11:32:13.385  1086  1254 D ASH     : @ 967204.187: tcs3701: start power rail timer, state:3
01-09 11:32:13.425  1086  1254 I ASH     : @ 967204.227: tcs3701: stop power rail pending_off timer
01-09 11:32:13.425  1086  1254 D ASH     : @ 967204.227: tcs3701: start power rail timer, state:3
01-09 11:32:13.464  1086  1254 I ASH     : @ 967204.267: tcs3701: stop power rail pending_off timer
01-09 11:32:13.465  1086  1254 D ASH     : @ 967204.267: tcs3701: start power rail timer, state:3
01-09 11:32:13.505  1086  1254 I ASH     : @ 967204.307: tcs3701: stop power rail pending_off timer
01-09 11:32:13.505  1086  1254 D ASH     : @ 967204.307: tcs3701: start power rail timer, state:3
01-09 11:32:13.544  1086  1254 I ASH     : @ 967204.347: tcs3701: stop power rail pending_off timer
01-09 11:32:13.545  1086  1254 D ASH     : @ 967204.347: tcs3701: start power rail timer, state:3
01-09 11:32:13.584  1086  1254 I ASH     : @ 967204.387: tcs3701: stop power rail pending_off timer
01-09 11:32:13.585  1086  1254 D ASH     : @ 967204.387: tcs3701: start power rail timer, state:3
01-09 11:32:13.625  1086  1254 I ASH     : @ 967204.427: tcs3701: stop power rail pending_off timer
01-09 11:32:13.625  1086  1254 D ASH     : @ 967204.427: tcs3701: start power rail timer, state:3
01-09 11:32:13.664  1086  1254 I ASH     : @ 967204.467: tcs3701: stop power rail pending_off timer
01-09 11:32:13.665  1086  1254 D ASH     : @ 967204.467: tcs3701: start power rail timer, state:3
01-09 11:32:13.705  1086  1254 I ASH     : @ 967204.507: tcs3701: stop power rail pending_off timer
01-09 11:32:13.705  1086  1254 D ASH     : @ 967204.507: tcs3701: start power rail timer, state:3
01-09 11:32:13.744  1086  1254 I ASH     : @ 967204.547: tcs3701: stop power rail pending_off timer
01-09 11:32:13.745  1086  1254 D ASH     : @ 967204.547: tcs3701: start power rail timer, state:3
01-09 11:32:13.785  1086  1254 I ASH     : @ 967204.587: tcs3701: stop power rail pending_off timer
01-09 11:32:13.785  1086  1254 D ASH     : @ 967204.587: tcs3701: start power rail timer, state:3
01-09 11:32:13.825  1086  1254 I ASH     : @ 967204.627: tcs3701: stop power rail pending_off timer
01-09 11:32:13.825  1086  1254 D ASH     : @ 967204.627: tcs3701: start power rail timer, state:3
01-09 11:32:13.864  1086  1254 I ASH     : @ 967204.667: tcs3701: stop power rail pending_off timer
01-09 11:32:13.865  1086  1254 D ASH     : @ 967204.667: tcs3701: start power rail timer, state:3
01-09 11:32:13.905  1086  1254 I ASH     : @ 967204.707: tcs3701: stop power rail pending_off timer
01-09 11:32:13.905  1086  1254 D ASH     : @ 967204.707: tcs3701: start power rail timer, state:3
01-09 11:32:13.944  1086  1254 I ASH     : @ 967204.747: tcs3701: stop power rail pending_off timer
01-09 11:32:13.945  1086  1254 D ASH     : @ 967204.747: tcs3701: start power rail timer, state:3
01-09 11:32:13.984  1086  1254 I ASH     : @ 967204.787: tcs3701: stop power rail pending_off timer
01-09 11:32:13.985  1086  1254 D ASH     : @ 967204.787: tcs3701: start power rail timer, state:3
01-09 11:32:14.025  1086  1254 I ASH     : @ 967204.827: tcs3701: stop power rail pending_off timer
01-09 11:32:14.025  1086  1254 D ASH     : @ 967204.827: tcs3701: start power rail timer, state:3
01-09 11:32:14.065  1086  1254 I ASH     : @ 967204.867: tcs3701: stop power rail pending_off timer
01-09 11:32:14.065  1086  1254 D ASH     : @ 967204.867: tcs3701: start power rail timer, state:3
01-09 11:32:14.104  1086  1254 I ASH     : @ 967204.907: tcs3701: stop power rail pending_off timer
01-09 11:32:14.105  1086  1254 D ASH     : @ 967204.907: tcs3701: start power rail timer, state:3
01-09 11:32:14.145  1086  1254 I ASH     : @ 967204.947: tcs3701: stop power rail pending_off timer
01-09 11:32:14.145  1086  1254 D ASH     : @ 967204.947: tcs3701: start power rail timer, state:3
01-09 11:32:14.185  1086  1254 I ASH     : @ 967204.987: tcs3701: stop power rail pending_off timer
01-09 11:32:14.185  1086  1254 D ASH     : @ 967204.987: tcs3701: start power rail timer, state:3
01-09 11:32:14.225  1086  1254 I ASH     : @ 967205.027: tcs3701: stop power rail pending_off timer
01-09 11:32:14.225  1086  1254 D ASH     : @ 967205.027: tcs3701: start power rail timer, state:3
01-09 11:32:14.265  1086  1254 I ASH     : @ 967205.067: tcs3701: stop power rail pending_off timer
01-09 11:32:14.265  1086  1254 D ASH     : @ 967205.067: tcs3701: start power rail timer, state:3
01-09 11:32:14.304  1086  1254 I ASH     : @ 967205.107: tcs3701: stop power rail pending_off timer
01-09 11:32:14.305  1086  1254 D ASH     : @ 967205.107: tcs3701: start power rail timer, state:3
01-09 11:32:14.344  1086  1254 I ASH     : @ 967205.147: tcs3701: stop power rail pending_off timer
01-09 11:32:14.345  1086  1254 D ASH     : @ 967205.147: tcs3701: start power rail timer, state:3
01-09 11:32:14.385  1086  1254 I ASH     : @ 967205.187: tcs3701: stop power rail pending_off timer
01-09 11:32:14.385  1086  1254 D ASH     : @ 967205.187: tcs3701: start power rail timer, state:3
01-09 11:32:14.425  1086  1254 I ASH     : @ 967205.227: tcs3701: stop power rail pending_off timer
01-09 11:32:14.425  1086  1254 D ASH     : @ 967205.227: tcs3701: start power rail timer, state:3
01-09 11:32:14.465  1086  1254 I ASH     : @ 967205.267: tcs3701: stop power rail pending_off timer
01-09 11:32:14.465  1086  1254 D ASH     : @ 967205.267: tcs3701: start power rail timer, state:3
01-09 11:32:14.505  1086  1254 I ASH     : @ 967205.307: tcs3701: stop power rail pending_off timer
01-09 11:32:14.505  1086  1254 D ASH     : @ 967205.307: tcs3701: start power rail timer, state:3
01-09 11:32:14.544  1086  1254 I ASH     : @ 967205.347: tcs3701: stop power rail pending_off timer
01-09 11:32:14.545  1086  1254 D ASH     : @ 967205.347: tcs3701: start power rail timer, state:3
01-09 11:32:14.585  1086  1254 I ASH     : @ 967205.387: tcs3701: stop power rail pending_off timer
01-09 11:32:14.585  1086  1254 D ASH     : @ 967205.387: tcs3701: start power rail timer, state:3
01-09 11:32:14.625  1086  1254 I ASH     : @ 967205.427: tcs3701: stop power rail pending_off timer
01-09 11:32:14.625  1086  1254 D ASH     : @ 967205.427: tcs3701: start power rail timer, state:3
01-09 11:32:14.664  1086  1254 I ASH     : @ 967205.467: tcs3701: stop power rail pending_off timer
01-09 11:32:14.665  1086  1254 D ASH     : @ 967205.467: tcs3701: start power rail timer, state:3
01-09 11:32:14.704  1086  1254 I ASH     : @ 967205.507: tcs3701: stop power rail pending_off timer
01-09 11:32:14.705  1086  1254 D ASH     : @ 967205.507: tcs3701: start power rail timer, state:3
01-09 11:32:14.745  1086  1254 I ASH     : @ 967205.547: tcs3701: stop power rail pending_off timer
01-09 11:32:14.745  1086  1254 D ASH     : @ 967205.547: tcs3701: start power rail timer, state:3
01-09 11:32:14.785  1086  1254 I ASH     : @ 967205.587: tcs3701: stop power rail pending_off timer
01-09 11:32:14.785  1086  1254 D ASH     : @ 967205.587: tcs3701: start power rail timer, state:3
01-09 11:32:14.825  1086  1254 I ASH     : @ 967205.627: tcs3701: stop power rail pending_off timer
01-09 11:32:14.825  1086  1254 D ASH     : @ 967205.627: tcs3701: start power rail timer, state:3
01-09 11:32:14.865  1086  1254 I ASH     : @ 967205.667: tcs3701: stop power rail pending_off timer
01-09 11:32:14.865  1086  1254 D ASH     : @ 967205.667: tcs3701: start power rail timer, state:3
01-09 11:32:14.905  1086  1254 I ASH     : @ 967205.707: tcs3701: stop power rail pending_off timer
01-09 11:32:14.905  1086  1254 D ASH     : @ 967205.707: tcs3701: start power rail timer, state:3
01-09 11:32:14.945  1086  1254 I ASH     : @ 967205.747: tcs3701: stop power rail pending_off timer
01-09 11:32:14.945  1086  1254 D ASH     : @ 967205.747: tcs3701: start power rail timer, state:3
01-09 11:32:14.985  1086  1254 I ASH     : @ 967205.787: tcs3701: stop power rail pending_off timer
01-09 11:32:14.985  1086  1254 D ASH     : @ 967205.787: tcs3701: start power rail timer, state:3
01-09 11:32:15.025  1086  1254 I ASH     : @ 967205.827: tcs3701: stop power rail pending_off timer
01-09 11:32:15.026  1086  1254 D ASH     : @ 967205.827: tcs3701: start power rail timer, state:3
01-09 11:32:15.065  1086  1254 I ASH     : @ 967205.867: tcs3701: stop power rail pending_off timer
01-09 11:32:15.065  1086  1254 D ASH     : @ 967205.867: tcs3701: start power rail timer, state:3
01-09 11:32:15.105  1086  1254 I ASH     : @ 967205.907: tcs3701: stop power rail pending_off timer
01-09 11:32:15.105  1086  1254 D ASH     : @ 967205.907: tcs3701: start power rail timer, state:3
01-09 11:32:15.145  1086  1254 I ASH     : @ 967205.947: tcs3701: stop power rail pending_off timer
01-09 11:32:15.145  1086  1254 D ASH     : @ 967205.947: tcs3701: start power rail timer, state:3
01-09 11:32:15.185  1086  1254 I ASH     : @ 967205.987: tcs3701: stop power rail pending_off timer
01-09 11:32:15.185  1086  1254 D ASH     : @ 967205.987: tcs3701: start power rail timer, state:3
01-09 11:32:15.225  1086  1254 I ASH     : @ 967206.027: tcs3701: stop power rail pending_off timer
01-09 11:32:15.225  1086  1254 D ASH     : @ 967206.027: tcs3701: start power rail timer, state:3
01-09 11:32:15.265  1086  1254 I ASH     : @ 967206.067: tcs3701: stop power rail pending_off timer
01-09 11:32:15.265  1086  1254 D ASH     : @ 967206.067: tcs3701: start power rail timer, state:3
01-09 11:32:15.305  1086  1254 I ASH     : @ 967206.107: tcs3701: stop power rail pending_off timer
01-09 11:32:15.305  1086  1254 D ASH     : @ 967206.107: tcs3701: start power rail timer, state:3
01-09 11:32:15.345  1086  1254 I ASH     : @ 967206.147: tcs3701: stop power rail pending_off timer
01-09 11:32:15.345  1086  1254 D ASH     : @ 967206.147: tcs3701: start power rail timer, state:3
01-09 11:32:15.385  1086  1254 I ASH     : @ 967206.187: tcs3701: stop power rail pending_off timer
01-09 11:32:15.385  1086  1254 D ASH     : @ 967206.187: tcs3701: start power rail timer, state:3
01-09 11:32:15.425  1086  1254 I ASH     : @ 967206.227: tcs3701: stop power rail pending_off timer
01-09 11:32:15.425  1086  1254 D ASH     : @ 967206.227: tcs3701: start power rail timer, state:3
01-09 11:32:15.465  1086  1254 I ASH     : @ 967206.267: tcs3701: stop power rail pending_off timer
01-09 11:32:15.465  1086  1254 D ASH     : @ 967206.267: tcs3701: start power rail timer, state:3
01-09 11:32:15.505  1086  1254 I ASH     : @ 967206.307: tcs3701: stop power rail pending_off timer
01-09 11:32:15.505  1086  1254 D ASH     : @ 967206.307: tcs3701: start power rail timer, state:3
01-09 11:32:15.545  1086  1254 I ASH     : @ 967206.347: tcs3701: stop power rail pending_off timer
01-09 11:32:15.545  1086  1254 D ASH     : @ 967206.347: tcs3701: start power rail timer, state:3
01-09 11:32:15.585  1086  1254 I ASH     : @ 967206.387: tcs3701: stop power rail pending_off timer
01-09 11:32:15.585  1086  1254 D ASH     : @ 967206.387: tcs3701: start power rail timer, state:3
01-09 11:32:15.601 26141 26160 I Unity   : [showcase] frame cost — paint: fills, strokes, corners, and one image fill the painter refuses at 1080x2340 over 240 frames — tick 0.01 ms, draw mean 0.19 p50 0.18 p95 0.23 max 1.08 ms (5033.3 fps if unpaced)
01-09 11:32:15.601 26141 26160 I Unity   : UnityEngine.DebugLogHandler:Internal_Log(LogType, LogOption, String, Object)
01-09 11:32:15.601 26141 26160 I Unity   : Driftsys.Dashscene.Samples.DashsceneShowcase:Update()
01-09 11:32:15.601 26141 26160 I Unity   : 
01-09 11:32:15.625  1086  1254 I ASH     : @ 967206.427: tcs3701: stop power rail pending_off timer
01-09 11:32:15.625  1086  1254 D ASH     : @ 967206.427: tcs3701: start power rail timer, state:3
01-09 11:32:15.665  1086  1254 I ASH     : @ 967206.467: tcs3701: stop power rail pending_off timer
01-09 11:32:15.665  1086  1254 D ASH     : @ 967206.467: tcs3701: start power rail timer, state:3
01-09 11:32:15.705  1086  1254 I ASH     : @ 967206.507: tcs3701: stop power rail pending_off timer
01-09 11:32:15.705  1086  1254 D ASH     : @ 967206.507: tcs3701: start power rail timer, state:3
01-09 11:32:15.745  1086  1254 I ASH     : @ 967206.547: tcs3701: stop power rail pending_off timer
01-09 11:32:15.745  1086  1254 D ASH     : @ 967206.547: tcs3701: start power rail timer, state:3
01-09 11:32:15.784  1086  1254 I ASH     : @ 967206.587: tcs3701: stop power rail pending_off timer
01-09 11:32:15.785  1086  1254 D ASH     : @ 967206.587: tcs3701: start power rail timer, state:3
01-09 11:32:15.825  1086  1254 I ASH     : @ 967206.627: tcs3701: stop power rail pending_off timer
01-09 11:32:15.825  1086  1254 D ASH     : @ 967206.627: tcs3701: start power rail timer, state:3
01-09 11:32:15.865  1086  1254 I ASH     : @ 967206.667: tcs3701: stop power rail pending_off timer
01-09 11:32:15.865  1086  1254 D ASH     : @ 967206.667: tcs3701: start power rail timer, state:3
01-09 11:32:15.905  1086  1254 I ASH     : @ 967206.707: tcs3701: stop power rail pending_off timer
01-09 11:32:15.905  1086  1254 D ASH     : @ 967206.707: tcs3701: start power rail timer, state:3
01-09 11:32:15.945  1086  1254 I ASH     : @ 967206.747: tcs3701: stop power rail pending_off timer
01-09 11:32:15.945  1086  1254 D ASH     : @ 967206.747: tcs3701: start power rail timer, state:3
01-09 11:32:15.985  1086  1254 I ASH     : @ 967206.787: tcs3701: stop power rail pending_off timer
01-09 11:32:15.985  1086  1254 D ASH     : @ 967206.787: tcs3701: start power rail timer, state:3
01-09 11:32:16.025  1086  1254 I ASH     : @ 967206.827: tcs3701: stop power rail pending_off timer
01-09 11:32:16.025  1086  1254 D ASH     : @ 967206.827: tcs3701: start power rail timer, state:3
01-09 11:32:16.065  1086  1254 I ASH     : @ 967206.867: tcs3701: stop power rail pending_off timer
01-09 11:32:16.065  1086  1254 D ASH     : @ 967206.867: tcs3701: start power rail timer, state:3
01-09 11:32:16.105  1086  1254 I ASH     : @ 967206.907: tcs3701: stop power rail pending_off timer
01-09 11:32:16.105  1086  1254 D ASH     : @ 967206.907: tcs3701: start power rail timer, state:3
01-09 11:32:16.145  1086  1254 I ASH     : @ 967206.947: tcs3701: stop power rail pending_off timer
01-09 11:32:16.145  1086  1254 D ASH     : @ 967206.947: tcs3701: start power rail timer, state:3
01-09 11:32:16.184  1086  1254 I ASH     : @ 967206.987: tcs3701: stop power rail pending_off timer
01-09 11:32:16.185  1086  1254 D ASH     : @ 967206.987: tcs3701: start power rail timer, state:3
01-09 11:32:16.225  1086  1254 I ASH     : @ 967207.027: tcs3701: stop power rail pending_off timer
01-09 11:32:16.225  1086  1254 D ASH     : @ 967207.027: tcs3701: start power rail timer, state:3
01-09 11:32:16.265  1086  1254 I ASH     : @ 967207.067: tcs3701: stop power rail pending_off timer
01-09 11:32:16.265  1086  1254 D ASH     : @ 967207.067: tcs3701: start power rail timer, state:3
01-09 11:32:16.305  1086  1254 I ASH     : @ 967207.107: tcs3701: stop power rail pending_off timer
01-09 11:32:16.305  1086  1254 D ASH     : @ 967207.107: tcs3701: start power rail timer, state:3
01-09 11:32:16.345  1086  1254 I ASH     : @ 967207.147: tcs3701: stop power rail pending_off timer
01-09 11:32:16.345  1086  1254 D ASH     : @ 967207.147: tcs3701: start power rail timer, state:3
01-09 11:32:16.385  1086  1254 I ASH     : @ 967207.187: tcs3701: stop power rail pending_off timer
01-09 11:32:16.385  1086  1254 D ASH     : @ 967207.187: tcs3701: start power rail timer, state:3
01-09 11:32:16.425  1086  1254 I ASH     : @ 967207.227: tcs3701: stop power rail pending_off timer
01-09 11:32:16.425  1086  1254 D ASH     : @ 967207.227: tcs3701: start power rail timer, state:3
01-09 11:32:16.465  1086  1254 I ASH     : @ 967207.267: tcs3701: stop power rail pending_off timer
01-09 11:32:16.465  1086  1254 D ASH     : @ 967207.267: tcs3701: start power rail timer, state:3
01-09 11:32:16.505  1086  1254 I ASH     : @ 967207.307: tcs3701: stop power rail pending_off timer
01-09 11:32:16.505  1086  1254 D ASH     : @ 967207.307: tcs3701: start power rail timer, state:3
01-09 11:32:16.545  1086  1254 I ASH     : @ 967207.347: tcs3701: stop power rail pending_off timer
01-09 11:32:16.545  1086  1254 D ASH     : @ 967207.347: tcs3701: start power rail timer, state:3
01-09 11:32:16.584  1086  1254 I ASH     : @ 967207.387: tcs3701: stop power rail pending_off timer
01-09 11:32:16.585  1086  1254 D ASH     : @ 967207.387: tcs3701: start power rail timer, state:3
01-09 11:32:16.625  1086  1254 I ASH     : @ 967207.427: tcs3701: stop power rail pending_off timer
01-09 11:32:16.625  1086  1254 D ASH     : @ 967207.427: tcs3701: start power rail timer, state:3
01-09 11:32:16.665  1086  1254 I ASH     : @ 967207.467: tcs3701: stop power rail pending_off timer
01-09 11:32:16.665  1086  1254 D ASH     : @ 967207.467: tcs3701: start power rail timer, state:3
01-09 11:32:16.705  1086  1254 I ASH     : @ 967207.507: tcs3701: stop power rail pending_off timer
01-09 11:32:16.705  1086  1254 D ASH     : @ 967207.507: tcs3701: start power rail timer, state:3
01-09 11:32:16.745  1086  1254 I ASH     : @ 967207.547: tcs3701: stop power rail pending_off timer
01-09 11:32:16.745  1086  1254 D ASH     : @ 967207.547: tcs3701: start power rail timer, state:3
01-09 11:32:16.785  1086  1254 I ASH     : @ 967207.587: tcs3701: stop power rail pending_off timer
01-09 11:32:16.785  1086  1254 D ASH     : @ 967207.587: tcs3701: start power rail timer, state:3
01-09 11:32:16.825  1086  1254 I ASH     : @ 967207.627: tcs3701: stop power rail pending_off timer
01-09 11:32:16.825  1086  1254 D ASH     : @ 967207.627: tcs3701: start power rail timer, state:3
01-09 11:32:16.865  1086  1254 I ASH     : @ 967207.667: tcs3701: stop power rail pending_off timer
01-09 11:32:16.865  1086  1254 D ASH     : @ 967207.667: tcs3701: start power rail timer, state:3
01-09 11:32:16.904  1086  1254 I ASH     : @ 967207.707: tcs3701: stop power rail pending_off timer
01-09 11:32:16.905  1086  1254 D ASH     : @ 967207.707: tcs3701: start power rail timer, state:3
01-09 11:32:16.945  1086  1254 I ASH     : @ 967207.747: tcs3701: stop power rail pending_off timer
01-09 11:32:16.945  1086  1254 D ASH     : @ 967207.747: tcs3701: start power rail timer, state:3
01-09 11:32:16.985  1086  1254 I ASH     : @ 967207.787: tcs3701: stop power rail pending_off timer
01-09 11:32:16.985  1086  1254 D ASH     : @ 967207.787: tcs3701: start power rail timer, state:3
01-09 11:32:17.025  1086  1254 I ASH     : @ 967207.827: tcs3701: stop power rail pending_off timer
01-09 11:32:17.025  1086  1254 D ASH     : @ 967207.827: tcs3701: start power rail timer, state:3
01-09 11:32:17.065  1086  1254 I ASH     : @ 967207.867: tcs3701: stop power rail pending_off timer
01-09 11:32:17.065  1086  1254 D ASH     : @ 967207.867: tcs3701: start power rail timer, state:3
01-09 11:32:17.105  1086  1254 I ASH     : @ 967207.907: tcs3701: stop power rail pending_off timer
01-09 11:32:17.105  1086  1254 D ASH     : @ 967207.907: tcs3701: start power rail timer, state:3
01-09 11:32:17.145  1086  1254 I ASH     : @ 967207.947: tcs3701: stop power rail pending_off timer
01-09 11:32:17.145  1086  1254 D ASH     : @ 967207.947: tcs3701: start power rail timer, state:3
01-09 11:32:17.185  1086  1254 I ASH     : @ 967207.987: tcs3701: stop power rail pending_off timer
01-09 11:32:17.185  1086  1254 D ASH     : @ 967207.987: tcs3701: start power rail timer, state:3
01-09 11:32:17.225  1086  1254 I ASH     : @ 967208.027: tcs3701: stop power rail pending_off timer
01-09 11:32:17.225  1086  1254 D ASH     : @ 967208.027: tcs3701: start power rail timer, state:3
01-09 11:32:17.265  1086  1254 I ASH     : @ 967208.067: tcs3701: stop power rail pending_off timer
01-09 11:32:17.265  1086  1254 D ASH     : @ 967208.067: tcs3701: start power rail timer, state:3
01-09 11:32:17.305  1086  1254 I ASH     : @ 967208.107: tcs3701: stop power rail pending_off timer
01-09 11:32:17.305  1086  1254 D ASH     : @ 967208.107: tcs3701: start power rail timer, state:3
01-09 11:32:17.345  1086  1254 I ASH     : @ 967208.147: tcs3701: stop power rail pending_off timer
01-09 11:32:17.345  1086  1254 D ASH     : @ 967208.147: tcs3701: start power rail timer, state:3
01-09 11:32:17.385  1086  1254 I ASH     : @ 967208.187: tcs3701: stop power rail pending_off timer
01-09 11:32:17.385  1086  1254 D ASH     : @ 967208.187: tcs3701: start power rail timer, state:3
01-09 11:32:17.425  1086  1254 I ASH     : @ 967208.227: tcs3701: stop power rail pending_off timer
01-09 11:32:17.425  1086  1254 D ASH     : @ 967208.227: tcs3701: start power rail timer, state:3
01-09 11:32:17.465  1086  1254 I ASH     : @ 967208.267: tcs3701: stop power rail pending_off timer
01-09 11:32:17.465  1086  1254 D ASH     : @ 967208.267: tcs3701: start power rail timer, state:3
01-09 11:32:17.505  1086  1254 I ASH     : @ 967208.307: tcs3701: stop power rail pending_off timer
01-09 11:32:17.505  1086  1254 D ASH     : @ 967208.307: tcs3701: start power rail timer, state:3
01-09 11:32:17.545  1086  1254 I ASH     : @ 967208.347: tcs3701: stop power rail pending_off timer
01-09 11:32:17.545  1086  1254 D ASH     : @ 967208.347: tcs3701: start power rail timer, state:3
01-09 11:32:17.585  1086  1254 I ASH     : @ 967208.387: tcs3701: stop power rail pending_off timer
01-09 11:32:17.585  1086  1254 D ASH     : @ 967208.387: tcs3701: start power rail timer, state:3
01-09 11:32:17.625  1086  1254 I ASH     : @ 967208.427: tcs3701: stop power rail pending_off timer
01-09 11:32:17.625  1086  1254 D ASH     : @ 967208.427: tcs3701: start power rail timer, state:3
01-09 11:32:17.664  1086  1254 I ASH     : @ 967208.467: tcs3701: stop power rail pending_off timer
01-09 11:32:17.665  1086  1254 D ASH     : @ 967208.467: tcs3701: start power rail timer, state:3
01-09 11:32:17.705  1086  1254 I ASH     : @ 967208.507: tcs3701: stop power rail pending_off timer
01-09 11:32:17.705  1086  1254 D ASH     : @ 967208.507: tcs3701: start power rail timer, state:3
01-09 11:32:17.745  1086  1254 I ASH     : @ 967208.547: tcs3701: stop power rail pending_off timer
01-09 11:32:17.745  1086  1254 D ASH     : @ 967208.547: tcs3701: start power rail timer, state:3
01-09 11:32:17.785  1086  1254 I ASH     : @ 967208.587: tcs3701: stop power rail pending_off timer
01-09 11:32:17.785  1086  1254 D ASH     : @ 967208.587: tcs3701: start power rail timer, state:3
01-09 11:32:17.824  1086  1254 I ASH     : @ 967208.627: tcs3701: stop power rail pending_off timer
01-09 11:32:17.825  1086  1254 D ASH     : @ 967208.627: tcs3701: start power rail timer, state:3
01-09 11:32:17.865  1086  1254 I ASH     : @ 967208.667: tcs3701: stop power rail pending_off timer
01-09 11:32:17.865  1086  1254 D ASH     : @ 967208.667: tcs3701: start power rail timer, state:3
01-09 11:32:17.904  1086  1254 I ASH     : @ 967208.707: tcs3701: stop power rail pending_off timer
01-09 11:32:17.905  1086  1254 D ASH     : @ 967208.707: tcs3701: start power rail timer, state:3
01-09 11:32:17.945  1086  1254 I ASH     : @ 967208.747: tcs3701: stop power rail pending_off timer
01-09 11:32:17.945  1086  1254 D ASH     : @ 967208.747: tcs3701: start power rail timer, state:3
01-09 11:32:17.985  1086  1254 I ASH     : @ 967208.787: tcs3701: stop power rail pending_off timer
01-09 11:32:17.985  1086  1254 D ASH     : @ 967208.787: tcs3701: start power rail timer, state:3
01-09 11:32:18.025  1086  1254 I ASH     : @ 967208.827: tcs3701: stop power rail pending_off timer
01-09 11:32:18.025  1086  1254 D ASH     : @ 967208.827: tcs3701: start power rail timer, state:3
01-09 11:32:18.065  1086  1254 I ASH     : @ 967208.867: tcs3701: stop power rail pending_off timer
01-09 11:32:18.065  1086  1254 D ASH     : @ 967208.867: tcs3701: start power rail timer, state:3
01-09 11:32:18.105  1086  1254 I ASH     : @ 967208.907: tcs3701: stop power rail pending_off timer
01-09 11:32:18.105  1086  1254 D ASH     : @ 967208.907: tcs3701: start power rail timer, state:3
01-09 11:32:18.144  1086  1254 I ASH     : @ 967208.947: tcs3701: stop power rail pending_off timer
01-09 11:32:18.145  1086  1254 D ASH     : @ 967208.947: tcs3701: start power rail timer, state:3
01-09 11:32:18.184  1086  1254 I ASH     : @ 967208.987: tcs3701: stop power rail pending_off timer
01-09 11:32:18.185  1086  1254 D ASH     : @ 967208.987: tcs3701: start power rail timer, state:3
01-09 11:32:18.225  1086  1254 I ASH     : @ 967209.027: tcs3701: stop power rail pending_off timer
01-09 11:32:18.225  1086  1254 D ASH     : @ 967209.027: tcs3701: start power rail timer, state:3
01-09 11:32:18.264  1086  1254 I ASH     : @ 967209.067: tcs3701: stop power rail pending_off timer
01-09 11:32:18.265  1086  1254 D ASH     : @ 967209.067: tcs3701: start power rail timer, state:3
01-09 11:32:18.305  1086  1254 I ASH     : @ 967209.107: tcs3701: stop power rail pending_off timer
01-09 11:32:18.305  1086  1254 D ASH     : @ 967209.107: tcs3701: start power rail timer, state:3
01-09 11:32:18.345  1086  1254 I ASH     : @ 967209.147: tcs3701: stop power rail pending_off timer
01-09 11:32:18.345  1086  1254 D ASH     : @ 967209.147: tcs3701: start power rail timer, state:3
01-09 11:32:18.385  1086  1254 I ASH     : @ 967209.187: tcs3701: stop power rail pending_off timer
01-09 11:32:18.385  1086  1254 D ASH     : @ 967209.187: tcs3701: start power rail timer, state:3
01-09 11:32:18.425  1086  1254 I ASH     : @ 967209.227: tcs3701: stop power rail pending_off timer
01-09 11:32:18.425  1086  1254 D ASH     : @ 967209.227: tcs3701: start power rail timer, state:3
01-09 11:32:18.465  1086  1254 I ASH     : @ 967209.267: tcs3701: stop power rail pending_off timer
01-09 11:32:18.465  1086  1254 D ASH     : @ 967209.267: tcs3701: start power rail timer, state:3
01-09 11:32:18.505  1086  1254 I ASH     : @ 967209.307: tcs3701: stop power rail pending_off timer
01-09 11:32:18.505  1086  1254 D ASH     : @ 967209.307: tcs3701: start power rail timer, state:3
01-09 11:32:18.545  1086  1254 I ASH     : @ 967209.347: tcs3701: stop power rail pending_off timer
01-09 11:32:18.545  1086  1254 D ASH     : @ 967209.347: tcs3701: start power rail timer, state:3
01-09 11:32:18.585  1086  1254 I ASH     : @ 967209.387: tcs3701: stop power rail pending_off timer
01-09 11:32:18.585  1086  1254 D ASH     : @ 967209.387: tcs3701: start power rail timer, state:3
01-09 11:32:18.625  1086  1254 I ASH     : @ 967209.427: tcs3701: stop power rail pending_off timer
01-09 11:32:18.625  1086  1254 D ASH     : @ 967209.427: tcs3701: start power rail timer, state:3
01-09 11:32:18.665  1086  1254 I ASH     : @ 967209.467: tcs3701: stop power rail pending_off timer
01-09 11:32:18.665  1086  1254 D ASH     : @ 967209.467: tcs3701: start power rail timer, state:3
01-09 11:32:18.705  1086  1254 I ASH     : @ 967209.507: tcs3701: stop power rail pending_off timer
01-09 11:32:18.705  1086  1254 D ASH     : @ 967209.507: tcs3701: start power rail timer, state:3
01-09 11:32:18.746  1086  1254 I ASH     : @ 967209.547: tcs3701: stop power rail pending_off timer
01-09 11:32:18.746  1086  1254 D ASH     : @ 967209.547: tcs3701: start power rail timer, state:3
01-09 11:32:18.785  1086  1254 I ASH     : @ 967209.587: tcs3701: stop power rail pending_off timer
01-09 11:32:18.785  1086  1254 D ASH     : @ 967209.587: tcs3701: start power rail timer, state:3
01-09 11:32:18.825  1086  1254 I ASH     : @ 967209.627: tcs3701: stop power rail pending_off timer
01-09 11:32:18.825  1086  1254 D ASH     : @ 967209.627: tcs3701: start power rail timer, state:3
01-09 11:32:18.865  1086  1254 I ASH     : @ 967209.667: tcs3701: stop power rail pending_off timer
01-09 11:32:18.865  1086  1254 D ASH     : @ 967209.667: tcs3701: start power rail timer, state:3
01-09 11:32:18.905  1086  1254 I ASH     : @ 967209.707: tcs3701: stop power rail pending_off timer
01-09 11:32:18.905  1086  1254 D ASH     : @ 967209.707: tcs3701: start power rail timer, state:3
01-09 11:32:18.945  1086  1254 I ASH     : @ 967209.747: tcs3701: stop power rail pending_off timer
01-09 11:32:18.945  1086  1254 D ASH     : @ 967209.747: tcs3701: start power rail timer, state:3
01-09 11:32:18.985  1086  1254 I ASH     : @ 967209.787: tcs3701: stop power rail pending_off timer
01-09 11:32:18.985  1086  1254 D ASH     : @ 967209.787: tcs3701: start power rail timer, state:3
01-09 11:32:19.024  1086  1254 I ASH     : @ 967209.827: tcs3701: stop power rail pending_off timer
01-09 11:32:19.025  1086  1254 D ASH     : @ 967209.827: tcs3701: start power rail timer, state:3
01-09 11:32:19.065  1086  1254 I ASH     : @ 967209.867: tcs3701: stop power rail pending_off timer
01-09 11:32:19.065  1086  1254 D ASH     : @ 967209.867: tcs3701: start power rail timer, state:3
01-09 11:32:19.105  1086  1254 I ASH     : @ 967209.907: tcs3701: stop power rail pending_off timer
01-09 11:32:19.105  1086  1254 D ASH     : @ 967209.907: tcs3701: start power rail timer, state:3
01-09 11:32:19.145  1086  1254 I ASH     : @ 967209.947: tcs3701: stop power rail pending_off timer
01-09 11:32:19.145  1086  1254 D ASH     : @ 967209.947: tcs3701: start power rail timer, state:3
01-09 11:32:19.185  1086  1254 I ASH     : @ 967209.987: tcs3701: stop power rail pending_off timer
01-09 11:32:19.185  1086  1254 D ASH     : @ 967209.987: tcs3701: start power rail timer, state:3
01-09 11:32:19.224  1086  1254 I ASH     : @ 967210.027: tcs3701: stop power rail pending_off timer
01-09 11:32:19.225  1086  1254 D ASH     : @ 967210.027: tcs3701: start power rail timer, state:3
01-09 11:32:19.265  1086  1254 I ASH     : @ 967210.067: tcs3701: stop power rail pending_off timer
01-09 11:32:19.265  1086  1254 D ASH     : @ 967210.067: tcs3701: start power rail timer, state:3
01-09 11:32:19.305  1086  1254 I ASH     : @ 967210.107: tcs3701: stop power rail pending_off timer
01-09 11:32:19.305  1086  1254 D ASH     : @ 967210.107: tcs3701: start power rail timer, state:3
01-09 11:32:19.345  1086  1254 I ASH     : @ 967210.147: tcs3701: stop power rail pending_off timer
01-09 11:32:19.345  1086  1254 D ASH     : @ 967210.147: tcs3701: start power rail timer, state:3
01-09 11:32:19.385  1086  1254 I ASH     : @ 967210.187: tcs3701: stop power rail pending_off timer
01-09 11:32:19.385  1086  1254 D ASH     : @ 967210.187: tcs3701: start power rail timer, state:3
01-09 11:32:19.425  1086  1254 I ASH     : @ 967210.227: tcs3701: stop power rail pending_off timer
01-09 11:32:19.425  1086  1254 D ASH     : @ 967210.227: tcs3701: start power rail timer, state:3
01-09 11:32:19.465  1086  1254 I ASH     : @ 967210.267: tcs3701: stop power rail pending_off timer
01-09 11:32:19.465  1086  1254 D ASH     : @ 967210.267: tcs3701: start power rail timer, state:3
01-09 11:32:19.505  1086  1254 I ASH     : @ 967210.307: tcs3701: stop power rail pending_off timer
01-09 11:32:19.506  1086  1254 D ASH     : @ 967210.307: tcs3701: start power rail timer, state:3
01-09 11:32:19.544  1086  1254 I ASH     : @ 967210.347: tcs3701: stop power rail pending_off timer
01-09 11:32:19.545  1086  1254 D ASH     : @ 967210.347: tcs3701: start power rail timer, state:3
01-09 11:32:19.585  1086  1254 I ASH     : @ 967210.387: tcs3701: stop power rail pending_off timer
01-09 11:32:19.585  1086  1254 D ASH     : @ 967210.387: tcs3701: start power rail timer, state:3
01-09 11:32:19.625  1086  1254 I ASH     : @ 967210.427: tcs3701: stop power rail pending_off timer
01-09 11:32:19.625  2565  2565 D DLObserver: onReceive(); android.intent.action.BATTERY_CHANGED
01-09 11:32:19.625  1086  1254 D ASH     : @ 967210.427: tcs3701: start power rail timer, state:3
01-09 11:32:19.625  2565  2565 D DLObserver: plugged=1
01-09 11:32:19.628  2565  2565 I ReverseChargingControl: handleIntentForReverseCharging(): rtx=0 wlc=0 plgac=1 ac=1 acrtx=0 extra=1 this=com.google.android.systemui.reversecharging.ReverseChargingController@6510945
01-09 11:32:19.628  2565  2565 D PowerNotificationWarningsGoogleImpl: onReceive: android.intent.action.BATTERY_CHANGED
01-09 11:32:19.628  2565  2565 D BatteryDefenderNotification: isPlugged: true | isBatteryDefender: false | defenderEnabled: false | isCharged: true | isPluggedInDock: false
01-09 11:32:19.628  2565  2565 D IncompatibleChargerNotification: dispatchIntent: android.intent.action.BATTERY_CHANGED
01-09 11:32:19.632  2837  2837 V DeviceStatisticsService: chargerType=1 batteryLevel=100 totalBatteryCapacity=4129000
01-09 11:32:19.635  2565  4448 D PowerUI : can't show warning due to - plugged: true status unknown: false
01-09 11:32:19.665  1086  1254 I ASH     : @ 967210.467: tcs3701: stop power rail pending_off timer
01-09 11:32:19.665  1086  1254 D ASH     : @ 967210.467: tcs3701: start power rail timer, state:3
01-09 11:32:19.705  1086  1254 I ASH     : @ 967210.507: tcs3701: stop power rail pending_off timer
01-09 11:32:19.705  1086  1254 D ASH     : @ 967210.507: tcs3701: start power rail timer, state:3
01-09 11:32:19.745  1086  1254 I ASH     : @ 967210.547: tcs3701: stop power rail pending_off timer
01-09 11:32:19.745  1086  1254 D ASH     : @ 967210.547: tcs3701: start power rail timer, state:3
01-09 11:32:19.785  1086  1254 I ASH     : @ 967210.587: tcs3701: stop power rail pending_off timer
01-09 11:32:19.785  1086  1254 D ASH     : @ 967210.587: tcs3701: start power rail timer, state:3
01-09 11:32:19.824  1086  1254 I ASH     : @ 967210.627: tcs3701: stop power rail pending_off timer
01-09 11:32:19.825  1086  1254 D ASH     : @ 967210.627: tcs3701: start power rail timer, state:3
01-09 11:32:19.865  1086  1254 I ASH     : @ 967210.667: tcs3701: stop power rail pending_off timer
01-09 11:32:19.865  1086  1254 D ASH     : @ 967210.667: tcs3701: start power rail timer, state:3
01-09 11:32:19.905  1086  1254 I ASH     : @ 967210.707: tcs3701: stop power rail pending_off timer
01-09 11:32:19.905  1086  1254 D ASH     : @ 967210.707: tcs3701: start power rail timer, state:3
01-09 11:32:19.945  1086  1254 I ASH     : @ 967210.747: tcs3701: stop power rail pending_off timer
01-09 11:32:19.945  1086  1254 D ASH     : @ 967210.747: tcs3701: start power rail timer, state:3
01-09 11:32:19.985  1086  1254 I ASH     : @ 967210.787: tcs3701: stop power rail pending_off timer
01-09 11:32:19.985  1086  1254 D ASH     : @ 967210.787: tcs3701: start power rail timer, state:3
01-09 11:32:20.024  1086  1254 I ASH     : @ 967210.827: tcs3701: stop power rail pending_off timer
01-09 11:32:20.025  1086  1254 D ASH     : @ 967210.827: tcs3701: start power rail timer, state:3
01-09 11:32:20.065  1086  1254 I ASH     : @ 967210.867: tcs3701: stop power rail pending_off timer
01-09 11:32:20.065  1086  1254 D ASH     : @ 967210.867: tcs3701: start power rail timer, state:3
01-09 11:32:20.066  1122  1183 D rlsservice: MonitorDisplayStatus client num 0, display status 1, sensor status 0
01-09 11:32:20.105  1086  1254 I ASH     : @ 967210.907: tcs3701: stop power rail pending_off timer
01-09 11:32:20.105  1086  1254 D ASH     : @ 967210.907: tcs3701: start power rail timer, state:3
01-09 11:32:20.145  1086  1254 I ASH     : @ 967210.947: tcs3701: stop power rail pending_off timer
01-09 11:32:20.145  1086  1254 D ASH     : @ 967210.947: tcs3701: start power rail timer, state:3
01-09 11:32:20.185  1086  1254 I ASH     : @ 967210.987: tcs3701: stop power rail pending_off timer
01-09 11:32:20.185  1086  1254 D ASH     : @ 967210.987: tcs3701: start power rail timer, state:3
01-09 11:32:20.225  1086  1254 I ASH     : @ 967211.027: tcs3701: stop power rail pending_off timer
01-09 11:32:20.225  1086  1254 D ASH     : @ 967211.027: tcs3701: start power rail timer, state:3
01-09 11:32:20.265  1086  1254 I ASH     : @ 967211.067: tcs3701: stop power rail pending_off timer
01-09 11:32:20.265  1086  1254 D ASH     : @ 967211.067: tcs3701: start power rail timer, state:3
01-09 11:32:20.305  1086  1254 I ASH     : @ 967211.107: tcs3701: stop power rail pending_off timer
01-09 11:32:20.305  1086  1254 D ASH     : @ 967211.107: tcs3701: start power rail timer, state:3
01-09 11:32:20.344  1086  1254 I ASH     : @ 967211.147: tcs3701: stop power rail pending_off timer
01-09 11:32:20.345  1086  1254 D ASH     : @ 967211.147: tcs3701: start power rail timer, state:3
01-09 11:32:20.385  1086  1254 I ASH     : @ 967211.187: tcs3701: stop power rail pending_off timer
01-09 11:32:20.385  1086  1254 D ASH     : @ 967211.187: tcs3701: start power rail timer, state:3
01-09 11:32:20.425  1086  1254 I ASH     : @ 967211.227: tcs3701: stop power rail pending_off timer
01-09 11:32:20.425  1086  1254 D ASH     : @ 967211.227: tcs3701: start power rail timer, state:3
01-09 11:32:20.465  1086  1254 I ASH     : @ 967211.267: tcs3701: stop power rail pending_off timer
01-09 11:32:20.465  1086  1254 D ASH     : @ 967211.267: tcs3701: start power rail timer, state:3
01-09 11:32:20.505  1086  1254 I ASH     : @ 967211.307: tcs3701: stop power rail pending_off timer
01-09 11:32:20.505  1086  1254 D ASH     : @ 967211.307: tcs3701: start power rail timer, state:3
01-09 11:32:20.545  1086  1254 I ASH     : @ 967211.347: tcs3701: stop power rail pending_off timer
01-09 11:32:20.545  1086  1254 D ASH     : @ 967211.347: tcs3701: start power rail timer, state:3
01-09 11:32:20.585  1086  1254 I ASH     : @ 967211.387: tcs3701: stop power rail pending_off timer
01-09 11:32:20.585  1086  1254 D ASH     : @ 967211.387: tcs3701: start power rail timer, state:3
01-09 11:32:20.625  1086  1254 I ASH     : @ 967211.427: tcs3701: stop power rail pending_off timer
01-09 11:32:20.625  1086  1254 D ASH     : @ 967211.427: tcs3701: start power rail timer, state:3
01-09 11:32:20.665  1086  1254 I ASH     : @ 967211.467: tcs3701: stop power rail pending_off timer
01-09 11:32:20.665  1086  1254 D ASH     : @ 967211.467: tcs3701: start power rail timer, state:3
01-09 11:32:20.704  1086  1254 I ASH     : @ 967211.507: tcs3701: stop power rail pending_off timer
01-09 11:32:20.705  1086  1254 D ASH     : @ 967211.507: tcs3701: start power rail timer, state:3
01-09 11:32:20.745  1086  1254 I ASH     : @ 967211.547: tcs3701: stop power rail pending_off timer
01-09 11:32:20.745  1086  1254 D ASH     : @ 967211.547: tcs3701: start power rail timer, state:3
01-09 11:32:20.785  1086  1254 I ASH     : @ 967211.587: tcs3701: stop power rail pending_off timer
01-09 11:32:20.785  1086  1254 D ASH     : @ 967211.587: tcs3701: start power rail timer, state:3
01-09 11:32:20.825  1086  1254 I ASH     : @ 967211.627: tcs3701: stop power rail pending_off timer
01-09 11:32:20.825  1086  1254 D ASH     : @ 967211.627: tcs3701: start power rail timer, state:3
01-09 11:32:20.865  1086  1254 I ASH     : @ 967211.667: tcs3701: stop power rail pending_off timer
01-09 11:32:20.865  1086  1254 D ASH     : @ 967211.667: tcs3701: start power rail timer, state:3
01-09 11:32:20.904  1086  1254 I ASH     : @ 967211.707: tcs3701: stop power rail pending_off timer
01-09 11:32:20.905  1086  1254 D ASH     : @ 967211.707: tcs3701: start power rail timer, state:3
01-09 11:32:20.945  1086  1254 I ASH     : @ 967211.747: tcs3701: stop power rail pending_off timer
01-09 11:32:20.945  1086  1254 D ASH     : @ 967211.747: tcs3701: start power rail timer, state:3
01-09 11:32:20.985  1086  1254 I ASH     : @ 967211.787: tcs3701: stop power rail pending_off timer
01-09 11:32:20.985  1086  1254 D ASH     : @ 967211.787: tcs3701: start power rail timer, state:3
01-09 11:32:21.024  1086  1254 I ASH     : @ 967211.827: tcs3701: stop power rail pending_off timer
01-09 11:32:21.025  1086  1254 D ASH     : @ 967211.827: tcs3701: start power rail timer, state:3
01-09 11:32:21.065  1086  1254 I ASH     : @ 967211.867: tcs3701: stop power rail pending_off timer
01-09 11:32:21.065  1086  1254 D ASH     : @ 967211.867: tcs3701: start power rail timer, state:3
01-09 11:32:21.105  1086  1254 I ASH     : @ 967211.907: tcs3701: stop power rail pending_off timer
01-09 11:32:21.105  1086  1254 D ASH     : @ 967211.907: tcs3701: start power rail timer, state:3
01-09 11:32:21.145  1086  1254 I ASH     : @ 967211.947: tcs3701: stop power rail pending_off timer
01-09 11:32:21.145  1086  1254 D ASH     : @ 967211.947: tcs3701: start power rail timer, state:3
01-09 11:32:21.184  1086  1254 I ASH     : @ 967211.987: tcs3701: stop power rail pending_off timer
01-09 11:32:21.185  1086  1254 D ASH     : @ 967211.987: tcs3701: start power rail timer, state:3
01-09 11:32:21.208  2909  3101 D EuiccConnector: handleMessage: E msg.what=3
01-09 11:32:21.208  2909  3101 D EuiccConnector: processMsg: ConnectedState
01-09 11:32:21.212 22152 22152 I EuiccGoogle: [2] EuiccServiceImpl.onDestroy: onDestroy: EuiccService on destroy.
01-09 11:32:21.214  2909  3101 D EuiccConnector: transitionTo: destState=AvailableState
01-09 11:32:21.215  2909  3101 D EuiccConnector: handleMessage: new destination call exit/enter
01-09 11:32:21.215  2909  3101 D EuiccConnector: setupTempStateStackWithStatesToEnter: X mTempStateStackCount=2,curStateInfo: null
01-09 11:32:21.215  2909  3101 D EuiccConnector: invokeExitMethods: ConnectedState
01-09 11:32:21.215  2909  3101 D EuiccConnector: invokeExitMethods: DisconnectedState
01-09 11:32:21.215  2909  3101 D EuiccConnector: moveTempStackToStateStack: i=1,j=0
01-09 11:32:21.215  2909  3101 D EuiccConnector: moveTempStackToStateStack: i=0,j=1
01-09 11:32:21.215  2909  3101 D EuiccConnector: moveTempStackToStateStack: X mStateStackTop=1,startingIndex=0,Top=AvailableState
01-09 11:32:21.215  2909  3101 D EuiccConnector: invokeEnterMethods: UnavailableState
01-09 11:32:21.215  2909  3101 D EuiccConnector: invokeEnterMethods: AvailableState
01-09 11:32:21.215  2909  3101 D EuiccConnector: handleMessage: X
01-09 11:32:21.225  1086  1254 I ASH     : @ 967212.027: tcs3701: stop power rail pending_off timer
01-09 11:32:21.225  1086  1254 D ASH     : @ 967212.027: tcs3701: start power rail timer, state:3
01-09 11:32:21.265  1086  1254 I ASH     : @ 967212.067: tcs3701: stop power rail pending_off timer
01-09 11:32:21.265  1086  1254 D ASH     : @ 967212.067: tcs3701: start power rail timer, state:3
01-09 11:32:21.304  1086  1254 I ASH     : @ 967212.107: tcs3701: stop power rail pending_off timer
01-09 11:32:21.305  1086  1254 D ASH     : @ 967212.107: tcs3701: start power rail timer, state:3
01-09 11:32:21.345  1086  1254 I ASH     : @ 967212.147: tcs3701: stop power rail pending_off timer
01-09 11:32:21.345  1086  1254 D ASH     : @ 967212.147: tcs3701: start power rail timer, state:3
01-09 11:32:21.385  1086  1254 I ASH     : @ 967212.187: tcs3701: stop power rail pending_off timer
01-09 11:32:21.385  1086  1254 D ASH     : @ 967212.187: tcs3701: start power rail timer, state:3
01-09 11:32:21.424  1086  1254 I ASH     : @ 967212.227: tcs3701: stop power rail pending_off timer
01-09 11:32:21.425  1086  1254 D ASH     : @ 967212.227: tcs3701: start power rail timer, state:3
01-09 11:32:21.465  1086  1254 I ASH     : @ 967212.267: tcs3701: stop power rail pending_off timer
01-09 11:32:21.465  1086  1254 D ASH     : @ 967212.267: tcs3701: start power rail timer, state:3
01-09 11:32:21.505  1086  1254 I ASH     : @ 967212.307: tcs3701: stop power rail pending_off timer
01-09 11:32:21.505  1086  1254 D ASH     : @ 967212.307: tcs3701: start power rail timer, state:3
01-09 11:32:21.545  1086  1254 I ASH     : @ 967212.347: tcs3701: stop power rail pending_off timer
01-09 11:32:21.546  1086  1254 D ASH     : @ 967212.347: tcs3701: start power rail timer, state:3
01-09 11:32:21.585  1086  1254 I ASH     : @ 967212.387: tcs3701: stop power rail pending_off timer
01-09 11:32:21.585  1086  1254 D ASH     : @ 967212.387: tcs3701: start power rail timer, state:3
01-09 11:32:21.624  1086  1254 I ASH     : @ 967212.427: tcs3701: stop power rail pending_off timer
01-09 11:32:21.625  1086  1254 D ASH     : @ 967212.427: tcs3701: start power rail timer, state:3
01-09 11:32:21.664  1086  1254 I ASH     : @ 967212.467: tcs3701: stop power rail pending_off timer
01-09 11:32:21.665  1086  1254 D ASH     : @ 967212.467: tcs3701: start power rail timer, state:3
01-09 11:32:21.673 26141 26160 I Unity   : [showcase] drew layout: a variant set, at rest — nothing here can switch it: 2 instance(s), rung ConstantBuffer
01-09 11:32:21.673 26141 26160 I Unity   : UnityEngine.DebugLogHandler:Internal_Log(LogType, LogOption, String, Object)
01-09 11:32:21.673 26141 26160 I Unity   : Driftsys.Dashscene.Samples.DashsceneShowcase:Update()
01-09 11:32:21.673 26141 26160 I Unity   : 
01-09 11:32:21.705  1086  1254 I ASH     : @ 967212.507: tcs3701: stop power rail pending_off timer
01-09 11:32:21.705  1086  1254 D ASH     : @ 967212.507: tcs3701: start power rail timer, state:3
01-09 11:32:21.745  1086  1254 I ASH     : @ 967212.547: tcs3701: stop power rail pending_off timer
01-09 11:32:21.745  1086  1254 D ASH     : @ 967212.547: tcs3701: start power rail timer, state:3
01-09 11:32:21.784  1086  1254 I ASH     : @ 967212.587: tcs3701: stop power rail pending_off timer
01-09 11:32:21.785  1086  1254 D ASH     : @ 967212.587: tcs3701: start power rail timer, state:3
01-09 11:32:21.825  1086  1254 I ASH     : @ 967212.627: tcs3701: stop power rail pending_off timer
01-09 11:32:21.825  1086  1254 D ASH     : @ 967212.627: tcs3701: start power rail timer, state:3
01-09 11:32:21.865  1086  1254 I ASH     : @ 967212.667: tcs3701: stop power rail pending_off timer
01-09 11:32:21.865  1086  1254 D ASH     : @ 967212.667: tcs3701: start power rail timer, state:3
01-09 11:32:21.904  1086  1254 I ASH     : @ 967212.707: tcs3701: stop power rail pending_off timer
01-09 11:32:21.905  1086  1254 D ASH     : @ 967212.707: tcs3701: start power rail timer, state:3
01-09 11:32:21.945  1086  1254 I ASH     : @ 967212.747: tcs3701: stop power rail pending_off timer
01-09 11:32:21.945  1086  1254 D ASH     : @ 967212.747: tcs3701: start power rail timer, state:3
01-09 11:32:21.985  1086  1254 I ASH     : @ 967212.787: tcs3701: stop power rail pending_off timer
01-09 11:32:21.985  1086  1254 D ASH     : @ 967212.787: tcs3701: start power rail timer, state:3
01-09 11:32:22.025  1086  1254 I ASH     : @ 967212.827: tcs3701: stop power rail pending_off timer
01-09 11:32:22.025  1086  1254 D ASH     : @ 967212.827: tcs3701: start power rail timer, state:3
01-09 11:32:22.065  1086  1254 I ASH     : @ 967212.867: tcs3701: stop power rail pending_off timer
01-09 11:32:22.065  1086  1254 D ASH     : @ 967212.867: tcs3701: start power rail timer, state:3
01-09 11:32:22.105  1086  1254 I ASH     : @ 967212.907: tcs3701: stop power rail pending_off timer
01-09 11:32:22.105  1086  1254 D ASH     : @ 967212.907: tcs3701: start power rail timer, state:3
01-09 11:32:22.145  1086  1254 I ASH     : @ 967212.947: tcs3701: stop power rail pending_off timer
01-09 11:32:22.145  1086  1254 D ASH     : @ 967212.947: tcs3701: start power rail timer, state:3
01-09 11:32:22.185  1086  1254 I ASH     : @ 967212.987: tcs3701: stop power rail pending_off timer
01-09 11:32:22.185  1086  1254 D ASH     : @ 967212.987: tcs3701: start power rail timer, state:3
01-09 11:32:22.225  1086  1254 I ASH     : @ 967213.027: tcs3701: stop power rail pending_off timer
01-09 11:32:22.225  1086  1254 D ASH     : @ 967213.027: tcs3701: start power rail timer, state:3
01-09 11:32:22.265  1086  1254 I ASH     : @ 967213.067: tcs3701: stop power rail pending_off timer
01-09 11:32:22.265  1086  1254 D ASH     : @ 967213.067: tcs3701: start power rail timer, state:3
01-09 11:32:22.305  1086  1254 I ASH     : @ 967213.107: tcs3701: stop power rail pending_off timer
01-09 11:32:22.305  1086  1254 D ASH     : @ 967213.107: tcs3701: start power rail timer, state:3
01-09 11:32:22.345  1086  1254 I ASH     : @ 967213.147: tcs3701: stop power rail pending_off timer
01-09 11:32:22.345  1086  1254 D ASH     : @ 967213.147: tcs3701: start power rail timer, state:3
01-09 11:32:22.385  1086  1254 I ASH     : @ 967213.187: tcs3701: stop power rail pending_off timer
01-09 11:32:22.385  1086  1254 D ASH     : @ 967213.187: tcs3701: start power rail timer, state:3
01-09 11:32:22.425  1086  1254 I ASH     : @ 967213.227: tcs3701: stop power rail pending_off timer
01-09 11:32:22.425  1086  1254 D ASH     : @ 967213.227: tcs3701: start power rail timer, state:3
01-09 11:32:22.465  1086  1254 I ASH     : @ 967213.267: tcs3701: stop power rail pending_off timer
01-09 11:32:22.465  1086  1254 D ASH     : @ 967213.267: tcs3701: start power rail timer, state:3
01-09 11:32:22.504  1086  1254 I ASH     : @ 967213.307: tcs3701: stop power rail pending_off timer
01-09 11:32:22.504  1086  1254 D ASH     : @ 967213.307: tcs3701: start power rail timer, state:3
01-09 11:32:22.545  1086  1254 I ASH     : @ 967213.347: tcs3701: stop power rail pending_off timer
01-09 11:32:22.545  1086  1254 D ASH     : @ 967213.347: tcs3701: start power rail timer, state:3
01-09 11:32:22.584  1086  1254 I ASH     : @ 967213.387: tcs3701: stop power rail pending_off timer
01-09 11:32:22.585  1086  1254 D ASH     : @ 967213.387: tcs3701: start power rail timer, state:3
01-09 11:32:22.625  1086  1254 I ASH     : @ 967213.427: tcs3701: stop power rail pending_off timer
01-09 11:32:22.625  1086  1254 D ASH     : @ 967213.427: tcs3701: start power rail timer, state:3
01-09 11:32:22.665  1086  1254 I ASH     : @ 967213.467: tcs3701: stop power rail pending_off timer
01-09 11:32:22.665  1086  1254 D ASH     : @ 967213.467: tcs3701: start power rail timer, state:3
01-09 11:32:22.705  1086  1254 I ASH     : @ 967213.507: tcs3701: stop power rail pending_off timer
01-09 11:32:22.705  1086  1254 D ASH     : @ 967213.507: tcs3701: start power rail timer, state:3
01-09 11:32:22.745  1086  1254 I ASH     : @ 967213.547: tcs3701: stop power rail pending_off timer
01-09 11:32:22.745  1086  1254 D ASH     : @ 967213.547: tcs3701: start power rail timer, state:3
01-09 11:32:22.785  1086  1254 I ASH     : @ 967213.587: tcs3701: stop power rail pending_off timer
01-09 11:32:22.785  1086  1254 D ASH     : @ 967213.587: tcs3701: start power rail timer, state:3
01-09 11:32:22.825  1086  1254 I ASH     : @ 967213.627: tcs3701: stop power rail pending_off timer
01-09 11:32:22.825  1086  1254 D ASH     : @ 967213.627: tcs3701: start power rail timer, state:3
01-09 11:32:22.864  1086  1254 I ASH     : @ 967213.667: tcs3701: stop power rail pending_off timer
01-09 11:32:22.864  1086  1254 D ASH     : @ 967213.667: tcs3701: start power rail timer, state:3
01-09 11:32:22.904  1086  1254 I ASH     : @ 967213.707: tcs3701: stop power rail pending_off timer
01-09 11:32:22.905  1086  1254 D ASH     : @ 967213.707: tcs3701: start power rail timer, state:3
01-09 11:32:22.945  1086  1254 I ASH     : @ 967213.747: tcs3701: stop power rail pending_off timer
01-09 11:32:22.945  1086  1254 D ASH     : @ 967213.747: tcs3701: start power rail timer, state:3
01-09 11:32:22.985  1086  1254 I ASH     : @ 967213.787: tcs3701: stop power rail pending_off timer
01-09 11:32:22.985  1086  1254 D ASH     : @ 967213.787: tcs3701: start power rail timer, state:3
01-09 11:32:23.025  1086  1254 I ASH     : @ 967213.827: tcs3701: stop power rail pending_off timer
01-09 11:32:23.025  1086  1254 D ASH     : @ 967213.827: tcs3701: start power rail timer, state:3
01-09 11:32:23.064  1086  1254 I ASH     : @ 967213.867: tcs3701: stop power rail pending_off timer
01-09 11:32:23.065  1086  1254 D ASH     : @ 967213.867: tcs3701: start power rail timer, state:3
01-09 11:32:23.105  1086  1254 I ASH     : @ 967213.907: tcs3701: stop power rail pending_off timer
01-09 11:32:23.105  1086  1254 D ASH     : @ 967213.907: tcs3701: start power rail timer, state:3
01-09 11:32:23.145  1086  1254 I ASH     : @ 967213.947: tcs3701: stop power rail pending_off timer
01-09 11:32:23.145  1086  1254 D ASH     : @ 967213.947: tcs3701: start power rail timer, state:3
01-09 11:32:23.185  1086  1254 I ASH     : @ 967213.987: tcs3701: stop power rail pending_off timer
01-09 11:32:23.185  1086  1254 D ASH     : @ 967213.987: tcs3701: start power rail timer, state:3
01-09 11:32:23.225  1086  1254 I ASH     : @ 967214.027: tcs3701: stop power rail pending_off timer
01-09 11:32:23.225  1086  1254 D ASH     : @ 967214.027: tcs3701: start power rail timer, state:3
01-09 11:32:23.265  1086  1254 I ASH     : @ 967214.067: tcs3701: stop power rail pending_off timer
01-09 11:32:23.265  1086  1254 D ASH     : @ 967214.067: tcs3701: start power rail timer, state:3
01-09 11:32:23.304  1086  1254 I ASH     : @ 967214.107: tcs3701: stop power rail pending_off timer
01-09 11:32:23.305  1086  1254 D ASH     : @ 967214.107: tcs3701: start power rail timer, state:3
01-09 11:32:23.345  1086  1254 I ASH     : @ 967214.147: tcs3701: stop power rail pending_off timer
01-09 11:32:23.345  1086  1254 D ASH     : @ 967214.147: tcs3701: start power rail timer, state:3
01-09 11:32:23.385  1086  1254 I ASH     : @ 967214.187: tcs3701: stop power rail pending_off timer
01-09 11:32:23.385  1086  1254 D ASH     : @ 967214.187: tcs3701: start power rail timer, state:3
01-09 11:32:23.425  1086  1254 I ASH     : @ 967214.227: tcs3701: stop power rail pending_off timer
01-09 11:32:23.425  1086  1254 D ASH     : @ 967214.227: tcs3701: start power rail timer, state:3
01-09 11:32:23.465  1086  1254 I ASH     : @ 967214.267: tcs3701: stop power rail pending_off timer
01-09 11:32:23.465  1086  1254 D ASH     : @ 967214.267: tcs3701: start power rail timer, state:3
01-09 11:32:23.505  1086  1254 I ASH     : @ 967214.307: tcs3701: stop power rail pending_off timer
01-09 11:32:23.505  1086  1254 D ASH     : @ 967214.307: tcs3701: start power rail timer, state:3
01-09 11:32:23.545  1086  1254 I ASH     : @ 967214.347: tcs3701: stop power rail pending_off timer
01-09 11:32:23.545  1086  1254 D ASH     : @ 967214.347: tcs3701: start power rail timer, state:3
01-09 11:32:23.585  1086  1254 I ASH     : @ 967214.387: tcs3701: stop power rail pending_off timer
01-09 11:32:23.585  1086  1254 D ASH     : @ 967214.387: tcs3701: start power rail timer, state:3
01-09 11:32:23.625  1086  1254 I ASH     : @ 967214.427: tcs3701: stop power rail pending_off timer
01-09 11:32:23.625  1086  1254 D ASH     : @ 967214.427: tcs3701: start power rail timer, state:3
01-09 11:32:23.665  1086  1254 I ASH     : @ 967214.467: tcs3701: stop power rail pending_off timer
01-09 11:32:23.665  1086  1254 D ASH     : @ 967214.467: tcs3701: start power rail timer, state:3
01-09 11:32:23.704  1086  1254 I ASH     : @ 967214.507: tcs3701: stop power rail pending_off timer
01-09 11:32:23.705  1086  1254 D ASH     : @ 967214.507: tcs3701: start power rail timer, state:3
01-09 11:32:23.745  1086  1254 I ASH     : @ 967214.547: tcs3701: stop power rail pending_off timer
01-09 11:32:23.745  1086  1254 D ASH     : @ 967214.547: tcs3701: start power rail timer, state:3
01-09 11:32:23.785  1086  1254 I ASH     : @ 967214.587: tcs3701: stop power rail pending_off timer
01-09 11:32:23.785  1086  1254 D ASH     : @ 967214.587: tcs3701: start power rail timer, state:3
01-09 11:32:23.825  1086  1254 I ASH     : @ 967214.627: tcs3701: stop power rail pending_off timer
01-09 11:32:23.825  1086  1254 D ASH     : @ 967214.627: tcs3701: start power rail timer, state:3
01-09 11:32:23.865  1086  1254 I ASH     : @ 967214.667: tcs3701: stop power rail pending_off timer
01-09 11:32:23.865  1086  1254 D ASH     : @ 967214.667: tcs3701: start power rail timer, state:3
01-09 11:32:23.904  1086  1254 I ASH     : @ 967214.707: tcs3701: stop power rail pending_off timer
01-09 11:32:23.905  1086  1254 D ASH     : @ 967214.707: tcs3701: start power rail timer, state:3
01-09 11:32:23.945  1086  1254 I ASH     : @ 967214.747: tcs3701: stop power rail pending_off timer
01-09 11:32:23.945  1086  1254 D ASH     : @ 967214.747: tcs3701: start power rail timer, state:3
01-09 11:32:23.985  1086  1254 I ASH     : @ 967214.787: tcs3701: stop power rail pending_off timer
01-09 11:32:23.985  1086  1254 D ASH     : @ 967214.787: tcs3701: start power rail timer, state:3
01-09 11:32:24.025  1086  1254 I ASH     : @ 967214.827: tcs3701: stop power rail pending_off timer
01-09 11:32:24.025  1086  1254 D ASH     : @ 967214.827: tcs3701: start power rail timer, state:3
01-09 11:32:24.065  1086  1254 I ASH     : @ 967214.867: tcs3701: stop power rail pending_off timer
01-09 11:32:24.065  1086  1254 D ASH     : @ 967214.867: tcs3701: start power rail timer, state:3
01-09 11:32:24.105  1086  1254 I ASH     : @ 967214.907: tcs3701: stop power rail pending_off timer
01-09 11:32:24.105  1086  1254 D ASH     : @ 967214.907: tcs3701: start power rail timer, state:3
01-09 11:32:24.145  1086  1254 I ASH     : @ 967214.947: tcs3701: stop power rail pending_off timer
01-09 11:32:24.145  1086  1254 D ASH     : @ 967214.947: tcs3701: start power rail timer, state:3
01-09 11:32:24.185  1086  1254 I ASH     : @ 967214.987: tcs3701: stop power rail pending_off timer
01-09 11:32:24.185  1086  1254 D ASH     : @ 967214.987: tcs3701: start power rail timer, state:3
01-09 11:32:24.225  1086  1254 I ASH     : @ 967215.027: tcs3701: stop power rail pending_off timer
01-09 11:32:24.225  1086  1254 D ASH     : @ 967215.027: tcs3701: start power rail timer, state:3
01-09 11:32:24.265  1086  1254 I ASH     : @ 967215.067: tcs3701: stop power rail pending_off timer
01-09 11:32:24.265  1086  1254 D ASH     : @ 967215.067: tcs3701: start power rail timer, state:3
01-09 11:32:24.305  1086  1254 I ASH     : @ 967215.107: tcs3701: stop power rail pending_off timer
01-09 11:32:24.305  1086  1254 D ASH     : @ 967215.107: tcs3701: start power rail timer, state:3
01-09 11:32:24.345  1086  1254 I ASH     : @ 967215.147: tcs3701: stop power rail pending_off timer
01-09 11:32:24.345  1086  1254 D ASH     : @ 967215.147: tcs3701: start power rail timer, state:3
01-09 11:32:24.385  1086  1254 I ASH     : @ 967215.187: tcs3701: stop power rail pending_off timer
01-09 11:32:24.385  1086  1254 D ASH     : @ 967215.187: tcs3701: start power rail timer, state:3
01-09 11:32:24.425  1086  1254 I ASH     : @ 967215.227: tcs3701: stop power rail pending_off timer
01-09 11:32:24.425  1086  1254 D ASH     : @ 967215.227: tcs3701: start power rail timer, state:3
01-09 11:32:24.465  1086  1254 I ASH     : @ 967215.267: tcs3701: stop power rail pending_off timer
01-09 11:32:24.465  1086  1254 D ASH     : @ 967215.267: tcs3701: start power rail timer, state:3
01-09 11:32:24.505  1086  1254 I ASH     : @ 967215.307: tcs3701: stop power rail pending_off timer
01-09 11:32:24.505  1086  1254 D ASH     : @ 967215.307: tcs3701: start power rail timer, state:3
01-09 11:32:24.545  1086  1254 I ASH     : @ 967215.347: tcs3701: stop power rail pending_off timer
01-09 11:32:24.545  1086  1254 D ASH     : @ 967215.347: tcs3701: start power rail timer, state:3
01-09 11:32:24.585  1086  1254 I ASH     : @ 967215.387: tcs3701: stop power rail pending_off timer
01-09 11:32:24.585  1086  1254 D ASH     : @ 967215.387: tcs3701: start power rail timer, state:3
01-09 11:32:24.625  1086  1254 I ASH     : @ 967215.427: tcs3701: stop power rail pending_off timer
01-09 11:32:24.625  1086  1254 D ASH     : @ 967215.427: tcs3701: start power rail timer, state:3
01-09 11:32:24.665  1086  1254 I ASH     : @ 967215.467: tcs3701: stop power rail pending_off timer
01-09 11:32:24.666  1086  1254 D ASH     : @ 967215.467: tcs3701: start power rail timer, state:3
01-09 11:32:24.705  1086  1254 I ASH     : @ 967215.507: tcs3701: stop power rail pending_off timer
01-09 11:32:24.705  1086  1254 D ASH     : @ 967215.507: tcs3701: start power rail timer, state:3
01-09 11:32:24.745  1086  1254 I ASH     : @ 967215.547: tcs3701: stop power rail pending_off timer
01-09 11:32:24.745  1086  1254 D ASH     : @ 967215.547: tcs3701: start power rail timer, state:3
01-09 11:32:24.784  1086  1254 I ASH     : @ 967215.587: tcs3701: stop power rail pending_off timer
01-09 11:32:24.785  1086  1254 D ASH     : @ 967215.587: tcs3701: start power rail timer, state:3
01-09 11:32:24.825  1086  1254 I ASH     : @ 967215.627: tcs3701: stop power rail pending_off timer
01-09 11:32:24.825  1086  1254 D ASH     : @ 967215.627: tcs3701: start power rail timer, state:3
01-09 11:32:24.866  1086  1254 I ASH     : @ 967215.667: tcs3701: stop power rail pending_off timer
01-09 11:32:24.866  1086  1254 D ASH     : @ 967215.667: tcs3701: start power rail timer, state:3
01-09 11:32:24.905  1086  1254 I ASH     : @ 967215.707: tcs3701: stop power rail pending_off timer
01-09 11:32:24.905  1086  1254 D ASH     : @ 967215.707: tcs3701: start power rail timer, state:3
01-09 11:32:24.945  1086  1254 I ASH     : @ 967215.747: tcs3701: stop power rail pending_off timer
01-09 11:32:24.945  1086  1254 D ASH     : @ 967215.747: tcs3701: start power rail timer, state:3
01-09 11:32:24.985  1086  1254 I ASH     : @ 967215.787: tcs3701: stop power rail pending_off timer
01-09 11:32:24.985  1086  1254 D ASH     : @ 967215.787: tcs3701: start power rail timer, state:3
01-09 11:32:25.025  1086  1254 I ASH     : @ 967215.827: tcs3701: stop power rail pending_off timer
01-09 11:32:25.025  1086  1254 D ASH     : @ 967215.827: tcs3701: start power rail timer, state:3
01-09 11:32:25.065  1086  1254 I ASH     : @ 967215.867: tcs3701: stop power rail pending_off timer
01-09 11:32:25.065  1086  1254 D ASH     : @ 967215.867: tcs3701: start power rail timer, state:3
01-09 11:32:25.104  1086  1254 I ASH     : @ 967215.907: tcs3701: stop power rail pending_off timer
01-09 11:32:25.105  1086  1254 D ASH     : @ 967215.907: tcs3701: start power rail timer, state:3
01-09 11:32:25.145  1086  1254 I ASH     : @ 967215.947: tcs3701: stop power rail pending_off timer
01-09 11:32:25.145  1086  1254 D ASH     : @ 967215.947: tcs3701: start power rail timer, state:3
01-09 11:32:25.185  1086  1254 I ASH     : @ 967215.987: tcs3701: stop power rail pending_off timer
01-09 11:32:25.185  1086  1254 D ASH     : @ 967215.987: tcs3701: start power rail timer, state:3
01-09 11:32:25.225  1086  1254 I ASH     : @ 967216.027: tcs3701: stop power rail pending_off timer
01-09 11:32:25.225  1086  1254 D ASH     : @ 967216.027: tcs3701: start power rail timer, state:3
01-09 11:32:25.265  1086  1254 I ASH     : @ 967216.067: tcs3701: stop power rail pending_off timer
01-09 11:32:25.265  1086  1254 D ASH     : @ 967216.067: tcs3701: start power rail timer, state:3
01-09 11:32:25.305  1086  1254 I ASH     : @ 967216.107: tcs3701: stop power rail pending_off timer
01-09 11:32:25.305  1086  1254 D ASH     : @ 967216.107: tcs3701: start power rail timer, state:3
01-09 11:32:25.345  1086  1254 I ASH     : @ 967216.147: tcs3701: stop power rail pending_off timer
01-09 11:32:25.345  1086  1254 D ASH     : @ 967216.147: tcs3701: start power rail timer, state:3
01-09 11:32:25.385  1086  1254 I ASH     : @ 967216.187: tcs3701: stop power rail pending_off timer
01-09 11:32:25.385  1086  1254 D ASH     : @ 967216.187: tcs3701: start power rail timer, state:3
01-09 11:32:25.425  1086  1254 I ASH     : @ 967216.227: tcs3701: stop power rail pending_off timer
01-09 11:32:25.425  1086  1254 D ASH     : @ 967216.227: tcs3701: start power rail timer, state:3
01-09 11:32:25.465  1086  1254 I ASH     : @ 967216.267: tcs3701: stop power rail pending_off timer
01-09 11:32:25.465  1086  1254 D ASH     : @ 967216.267: tcs3701: start power rail timer, state:3
01-09 11:32:25.504  1086  1254 I ASH     : @ 967216.307: tcs3701: stop power rail pending_off timer
01-09 11:32:25.505  1086  1254 D ASH     : @ 967216.307: tcs3701: start power rail timer, state:3
01-09 11:32:25.545  1086  1254 I ASH     : @ 967216.347: tcs3701: stop power rail pending_off timer
01-09 11:32:25.545  1086  1254 D ASH     : @ 967216.347: tcs3701: start power rail timer, state:3
01-09 11:32:25.585  1086  1254 I ASH     : @ 967216.387: tcs3701: stop power rail pending_off timer
01-09 11:32:25.585  1086  1254 D ASH     : @ 967216.387: tcs3701: start power rail timer, state:3
01-09 11:32:25.625  1086  1254 I ASH     : @ 967216.427: tcs3701: stop power rail pending_off timer
01-09 11:32:25.625  1086  1254 D ASH     : @ 967216.427: tcs3701: start power rail timer, state:3
01-09 11:32:25.665  1086  1254 I ASH     : @ 967216.467: tcs3701: stop power rail pending_off timer
01-09 11:32:25.665  1086  1254 D ASH     : @ 967216.467: tcs3701: start power rail timer, state:3
01-09 11:32:25.705  1086  1254 I ASH     : @ 967216.507: tcs3701: stop power rail pending_off timer
01-09 11:32:25.705  1086  1254 D ASH     : @ 967216.507: tcs3701: start power rail timer, state:3
01-09 11:32:25.745  1086  1254 I ASH     : @ 967216.547: tcs3701: stop power rail pending_off timer
01-09 11:32:25.745  1086  1254 D ASH     : @ 967216.547: tcs3701: start power rail timer, state:3
01-09 11:32:25.785  1086  1254 I ASH     : @ 967216.587: tcs3701: stop power rail pending_off timer
01-09 11:32:25.785  1086  1254 D ASH     : @ 967216.587: tcs3701: start power rail timer, state:3
01-09 11:32:25.825  1086  1254 I ASH     : @ 967216.627: tcs3701: stop power rail pending_off timer
01-09 11:32:25.825  1086  1254 D ASH     : @ 967216.627: tcs3701: start power rail timer, state:3
01-09 11:32:25.865  1086  1254 I ASH     : @ 967216.667: tcs3701: stop power rail pending_off timer
01-09 11:32:25.865  1086  1254 D ASH     : @ 967216.667: tcs3701: start power rail timer, state:3
01-09 11:32:25.905  1086  1254 I ASH     : @ 967216.707: tcs3701: stop power rail pending_off timer
01-09 11:32:25.905  1086  1254 D ASH     : @ 967216.707: tcs3701: start power rail timer, state:3
01-09 11:32:25.945  1086  1254 I ASH     : @ 967216.747: tcs3701: stop power rail pending_off timer
01-09 11:32:25.945  1086  1254 D ASH     : @ 967216.747: tcs3701: start power rail timer, state:3
01-09 11:32:25.985  1086  1254 I ASH     : @ 967216.787: tcs3701: stop power rail pending_off timer
01-09 11:32:25.985  1086  1254 D ASH     : @ 967216.787: tcs3701: start power rail timer, state:3
01-09 11:32:26.025  1086  1254 I ASH     : @ 967216.827: tcs3701: stop power rail pending_off timer
01-09 11:32:26.025  1086  1254 D ASH     : @ 967216.827: tcs3701: start power rail timer, state:3
01-09 11:32:26.065  1086  1254 I ASH     : @ 967216.867: tcs3701: stop power rail pending_off timer
01-09 11:32:26.065  1086  1254 D ASH     : @ 967216.867: tcs3701: start power rail timer, state:3
01-09 11:32:26.105  1086  1254 I ASH     : @ 967216.907: tcs3701: stop power rail pending_off timer
01-09 11:32:26.105  1086  1254 D ASH     : @ 967216.907: tcs3701: start power rail timer, state:3
01-09 11:32:26.145  1086  1254 I ASH     : @ 967216.947: tcs3701: stop power rail pending_off timer
01-09 11:32:26.145  1086  1254 D ASH     : @ 967216.947: tcs3701: start power rail timer, state:3
01-09 11:32:26.185  1086  1254 I ASH     : @ 967216.987: tcs3701: stop power rail pending_off timer
01-09 11:32:26.185  1086  1254 D ASH     : @ 967216.987: tcs3701: start power rail timer, state:3
01-09 11:32:26.225  1086  1254 I ASH     : @ 967217.027: tcs3701: stop power rail pending_off timer
01-09 11:32:26.225  1086  1254 D ASH     : @ 967217.027: tcs3701: start power rail timer, state:3
01-09 11:32:26.265  1086  1254 I ASH     : @ 967217.067: tcs3701: stop power rail pending_off timer
01-09 11:32:26.265  1086  1254 D ASH     : @ 967217.067: tcs3701: start power rail timer, state:3
01-09 11:32:26.305  1086  1254 I ASH     : @ 967217.107: tcs3701: stop power rail pending_off timer
01-09 11:32:26.305  1086  1254 D ASH     : @ 967217.107: tcs3701: start power rail timer, state:3
01-09 11:32:26.345  1086  1254 I ASH     : @ 967217.147: tcs3701: stop power rail pending_off timer
01-09 11:32:26.345  1086  1254 D ASH     : @ 967217.147: tcs3701: start power rail timer, state:3
01-09 11:32:26.385  1086  1254 I ASH     : @ 967217.187: tcs3701: stop power rail pending_off timer
01-09 11:32:26.385  1086  1254 D ASH     : @ 967217.187: tcs3701: start power rail timer, state:3
01-09 11:32:26.425  1086  1254 I ASH     : @ 967217.227: tcs3701: stop power rail pending_off timer
01-09 11:32:26.425  1086  1254 D ASH     : @ 967217.227: tcs3701: start power rail timer, state:3
01-09 11:32:26.465  1086  1254 I ASH     : @ 967217.267: tcs3701: stop power rail pending_off timer
01-09 11:32:26.465  1086  1254 D ASH     : @ 967217.267: tcs3701: start power rail timer, state:3
01-09 11:32:26.505  1086  1254 I ASH     : @ 967217.307: tcs3701: stop power rail pending_off timer
01-09 11:32:26.505  1086  1254 D ASH     : @ 967217.307: tcs3701: start power rail timer, state:3
01-09 11:32:26.544  1086  1254 I ASH     : @ 967217.347: tcs3701: stop power rail pending_off timer
01-09 11:32:26.545  1086  1254 D ASH     : @ 967217.347: tcs3701: start power rail timer, state:3
01-09 11:32:26.585  1086  1254 I ASH     : @ 967217.387: tcs3701: stop power rail pending_off timer
01-09 11:32:26.585  1086  1254 D ASH     : @ 967217.387: tcs3701: start power rail timer, state:3
01-09 11:32:26.624  1086  1254 I ASH     : @ 967217.427: tcs3701: stop power rail pending_off timer
01-09 11:32:26.625  1086  1254 D ASH     : @ 967217.427: tcs3701: start power rail timer, state:3
01-09 11:32:26.665  1086  1254 I ASH     : @ 967217.467: tcs3701: stop power rail pending_off timer
01-09 11:32:26.665  1086  1254 D ASH     : @ 967217.467: tcs3701: start power rail timer, state:3
01-09 11:32:26.705  1086  1254 I ASH     : @ 967217.507: tcs3701: stop power rail pending_off timer
01-09 11:32:26.705  1086  1254 D ASH     : @ 967217.507: tcs3701: start power rail timer, state:3
01-09 11:32:26.745  1086  1254 I ASH     : @ 967217.547: tcs3701: stop power rail pending_off timer
01-09 11:32:26.745  1086  1254 D ASH     : @ 967217.547: tcs3701: start power rail timer, state:3
01-09 11:32:26.785  1086  1254 I ASH     : @ 967217.587: tcs3701: stop power rail pending_off timer
01-09 11:32:26.785  1086  1254 D ASH     : @ 967217.587: tcs3701: start power rail timer, state:3
01-09 11:32:26.825  1086  1254 I ASH     : @ 967217.627: tcs3701: stop power rail pending_off timer
01-09 11:32:26.825  1086  1254 D ASH     : @ 967217.627: tcs3701: start power rail timer, state:3
01-09 11:32:26.865  1086  1254 I ASH     : @ 967217.667: tcs3701: stop power rail pending_off timer
01-09 11:32:26.865  1086  1254 D ASH     : @ 967217.667: tcs3701: start power rail timer, state:3
01-09 11:32:26.905  1086  1254 I ASH     : @ 967217.707: tcs3701: stop power rail pending_off timer
01-09 11:32:26.905  1086  1254 D ASH     : @ 967217.707: tcs3701: start power rail timer, state:3
01-09 11:32:26.945  1086  1254 I ASH     : @ 967217.747: tcs3701: stop power rail pending_off timer
01-09 11:32:26.945  1086  1254 D ASH     : @ 967217.747: tcs3701: start power rail timer, state:3
01-09 11:32:26.985  1086  1254 I ASH     : @ 967217.787: tcs3701: stop power rail pending_off timer
01-09 11:32:26.985  1086  1254 D ASH     : @ 967217.787: tcs3701: start power rail timer, state:3
01-09 11:32:27.025  1086  1254 I ASH     : @ 967217.827: tcs3701: stop power rail pending_off timer
01-09 11:32:27.025  1086  1254 D ASH     : @ 967217.827: tcs3701: start power rail timer, state:3
01-09 11:32:27.065  1086  1254 I ASH     : @ 967217.867: tcs3701: stop power rail pending_off timer
01-09 11:32:27.065  1086  1254 D ASH     : @ 967217.867: tcs3701: start power rail timer, state:3
01-09 11:32:27.105  1086  1254 I ASH     : @ 967217.907: tcs3701: stop power rail pending_off timer
01-09 11:32:27.105  1086  1254 D ASH     : @ 967217.907: tcs3701: start power rail timer, state:3
01-09 11:32:27.144  1086  1254 I ASH     : @ 967217.947: tcs3701: stop power rail pending_off timer
01-09 11:32:27.145  1086  1254 D ASH     : @ 967217.947: tcs3701: start power rail timer, state:3
01-09 11:32:27.185  1086  1254 I ASH     : @ 967217.987: tcs3701: stop power rail pending_off timer
01-09 11:32:27.185  1086  1254 D ASH     : @ 967217.987: tcs3701: start power rail timer, state:3
01-09 11:32:27.225  1086  1254 I ASH     : @ 967218.027: tcs3701: stop power rail pending_off timer
01-09 11:32:27.225  1086  1254 D ASH     : @ 967218.027: tcs3701: start power rail timer, state:3
01-09 11:32:27.265  1086  1254 I ASH     : @ 967218.067: tcs3701: stop power rail pending_off timer
01-09 11:32:27.265  1086  1254 D ASH     : @ 967218.067: tcs3701: start power rail timer, state:3
01-09 11:32:27.305  1086  1254 I ASH     : @ 967218.107: tcs3701: stop power rail pending_off timer
01-09 11:32:27.305  1086  1254 D ASH     : @ 967218.107: tcs3701: start power rail timer, state:3
01-09 11:32:27.345  1086  1254 I ASH     : @ 967218.147: tcs3701: stop power rail pending_off timer
01-09 11:32:27.345  1086  1254 D ASH     : @ 967218.147: tcs3701: start power rail timer, state:3
01-09 11:32:27.385  1086  1254 I ASH     : @ 967218.187: tcs3701: stop power rail pending_off timer
01-09 11:32:27.385  1086  1254 D ASH     : @ 967218.187: tcs3701: start power rail timer, state:3
01-09 11:32:27.425  1086  1254 I ASH     : @ 967218.227: tcs3701: stop power rail pending_off timer
01-09 11:32:27.425  1086  1254 D ASH     : @ 967218.227: tcs3701: start power rail timer, state:3
01-09 11:32:27.465  1086  1254 I ASH     : @ 967218.267: tcs3701: stop power rail pending_off timer
01-09 11:32:27.465  1086  1254 D ASH     : @ 967218.267: tcs3701: start power rail timer, state:3
01-09 11:32:27.505  1086  1254 I ASH     : @ 967218.307: tcs3701: stop power rail pending_off timer
01-09 11:32:27.505  1086  1254 D ASH     : @ 967218.307: tcs3701: start power rail timer, state:3
01-09 11:32:27.545  1086  1254 I ASH     : @ 967218.347: tcs3701: stop power rail pending_off timer
01-09 11:32:27.545  1086  1254 D ASH     : @ 967218.347: tcs3701: start power rail timer, state:3
01-09 11:32:27.585  1086  1254 I ASH     : @ 967218.387: tcs3701: stop power rail pending_off timer
01-09 11:32:27.585  1086  1254 D ASH     : @ 967218.387: tcs3701: start power rail timer, state:3
01-09 11:32:27.625  1086  1254 I ASH     : @ 967218.427: tcs3701: stop power rail pending_off timer
01-09 11:32:27.625  1086  1254 D ASH     : @ 967218.427: tcs3701: start power rail timer, state:3
01-09 11:32:27.665  1086  1254 I ASH     : @ 967218.467: tcs3701: stop power rail pending_off timer
01-09 11:32:27.665  1086  1254 D ASH     : @ 967218.467: tcs3701: start power rail timer, state:3
01-09 11:32:27.705  1086  1254 I ASH     : @ 967218.507: tcs3701: stop power rail pending_off timer
01-09 11:32:27.705  1086  1254 D ASH     : @ 967218.507: tcs3701: start power rail timer, state:3
01-09 11:32:27.745  1086  1254 I ASH     : @ 967218.547: tcs3701: stop power rail pending_off timer
01-09 11:32:27.745  1086  1254 D ASH     : @ 967218.547: tcs3701: start power rail timer, state:3
01-09 11:32:27.785  1086  1254 I ASH     : @ 967218.587: tcs3701: stop power rail pending_off timer
01-09 11:32:27.785  1086  1254 D ASH     : @ 967218.587: tcs3701: start power rail timer, state:3
01-09 11:32:27.825  1086  1254 I ASH     : @ 967218.627: tcs3701: stop power rail pending_off timer
01-09 11:32:27.825  1086  1254 D ASH     : @ 967218.627: tcs3701: start power rail timer, state:3
01-09 11:32:27.865  1086  1254 I ASH     : @ 967218.667: tcs3701: stop power rail pending_off timer
01-09 11:32:27.865  1086  1254 D ASH     : @ 967218.667: tcs3701: start power rail timer, state:3
01-09 11:32:27.905  1086  1254 I ASH     : @ 967218.707: tcs3701: stop power rail pending_off timer
01-09 11:32:27.905  1086  1254 D ASH     : @ 967218.707: tcs3701: start power rail timer, state:3
01-09 11:32:27.945  1086  1254 I ASH     : @ 967218.747: tcs3701: stop power rail pending_off timer
01-09 11:32:27.945  1086  1254 D ASH     : @ 967218.747: tcs3701: start power rail timer, state:3
01-09 11:32:27.985  1086  1254 I ASH     : @ 967218.787: tcs3701: stop power rail pending_off timer
01-09 11:32:27.986  1086  1254 D ASH     : @ 967218.787: tcs3701: start power rail timer, state:3
01-09 11:32:28.025  1086  1254 I ASH     : @ 967218.827: tcs3701: stop power rail pending_off timer
01-09 11:32:28.025  1086  1254 D ASH     : @ 967218.827: tcs3701: start power rail timer, state:3
01-09 11:32:28.065  1086  1254 I ASH     : @ 967218.867: tcs3701: stop power rail pending_off timer
01-09 11:32:28.065  1086  1254 D ASH     : @ 967218.867: tcs3701: start power rail timer, state:3
01-09 11:32:28.105  1086  1254 I ASH     : @ 967218.907: tcs3701: stop power rail pending_off timer
01-09 11:32:28.105  1086  1254 D ASH     : @ 967218.907: tcs3701: start power rail timer, state:3
01-09 11:32:28.144  1086  1254 I ASH     : @ 967218.947: tcs3701: stop power rail pending_off timer
01-09 11:32:28.145  1086  1254 D ASH     : @ 967218.947: tcs3701: start power rail timer, state:3
01-09 11:32:28.185  1086  1254 I ASH     : @ 967218.987: tcs3701: stop power rail pending_off timer
01-09 11:32:28.185  1086  1254 D ASH     : @ 967218.987: tcs3701: start power rail timer, state:3
01-09 11:32:28.225  1086  1254 I ASH     : @ 967219.027: tcs3701: stop power rail pending_off timer
01-09 11:32:28.225  1086  1254 D ASH     : @ 967219.027: tcs3701: start power rail timer, state:3
01-09 11:32:28.265  1086  1254 I ASH     : @ 967219.067: tcs3701: stop power rail pending_off timer
01-09 11:32:28.265  1086  1254 D ASH     : @ 967219.067: tcs3701: start power rail timer, state:3
01-09 11:32:28.305  1086  1254 I ASH     : @ 967219.107: tcs3701: stop power rail pending_off timer
01-09 11:32:28.305  1086  1254 D ASH     : @ 967219.107: tcs3701: start power rail timer, state:3
01-09 11:32:28.345  1086  1254 I ASH     : @ 967219.147: tcs3701: stop power rail pending_off timer
01-09 11:32:28.345  1086  1254 D ASH     : @ 967219.147: tcs3701: start power rail timer, state:3
01-09 11:32:28.385  1086  1254 I ASH     : @ 967219.187: tcs3701: stop power rail pending_off timer
01-09 11:32:28.385  1086  1254 D ASH     : @ 967219.187: tcs3701: start power rail timer, state:3
01-09 11:32:28.425  1086  1254 I ASH     : @ 967219.227: tcs3701: stop power rail pending_off timer
01-09 11:32:28.425  1086  1254 D ASH     : @ 967219.227: tcs3701: start power rail timer, state:3
01-09 11:32:28.464  1086  1254 I ASH     : @ 967219.267: tcs3701: stop power rail pending_off timer
01-09 11:32:28.465  1086  1254 D ASH     : @ 967219.267: tcs3701: start power rail timer, state:3
01-09 11:32:28.505  1086  1254 I ASH     : @ 967219.307: tcs3701: stop power rail pending_off timer
01-09 11:32:28.505  1086  1254 D ASH     : @ 967219.307: tcs3701: start power rail timer, state:3
01-09 11:32:28.545  1086  1254 I ASH     : @ 967219.347: tcs3701: stop power rail pending_off timer
01-09 11:32:28.545  1086  1254 D ASH     : @ 967219.347: tcs3701: start power rail timer, state:3
01-09 11:32:28.585  1086  1254 I ASH     : @ 967219.387: tcs3701: stop power rail pending_off timer
01-09 11:32:28.585  1086  1254 D ASH     : @ 967219.387: tcs3701: start power rail timer, state:3
01-09 11:32:28.625  1086  1254 I ASH     : @ 967219.427: tcs3701: stop power rail pending_off timer
01-09 11:32:28.625  1086  1254 D ASH     : @ 967219.427: tcs3701: start power rail timer, state:3
01-09 11:32:28.665  1086  1254 I ASH     : @ 967219.467: tcs3701: stop power rail pending_off timer
01-09 11:32:28.665  1086  1254 D ASH     : @ 967219.467: tcs3701: start power rail timer, state:3
01-09 11:32:28.705  1086  1254 I ASH     : @ 967219.507: tcs3701: stop power rail pending_off timer
01-09 11:32:28.705  1086  1254 D ASH     : @ 967219.507: tcs3701: start power rail timer, state:3
01-09 11:32:28.745  1086  1254 I ASH     : @ 967219.547: tcs3701: stop power rail pending_off timer
01-09 11:32:28.745  1086  1254 D ASH     : @ 967219.547: tcs3701: start power rail timer, state:3
01-09 11:32:28.785  1086  1254 I ASH     : @ 967219.587: tcs3701: stop power rail pending_off timer
01-09 11:32:28.785  1086  1254 D ASH     : @ 967219.587: tcs3701: start power rail timer, state:3
01-09 11:32:28.825  1086  1254 I ASH     : @ 967219.627: tcs3701: stop power rail pending_off timer
01-09 11:32:28.825  1086  1254 D ASH     : @ 967219.627: tcs3701: start power rail timer, state:3
01-09 11:32:28.864  1086  1254 I ASH     : @ 967219.667: tcs3701: stop power rail pending_off timer
01-09 11:32:28.865  1086  1254 D ASH     : @ 967219.667: tcs3701: start power rail timer, state:3
01-09 11:32:28.905  1086  1254 I ASH     : @ 967219.707: tcs3701: stop power rail pending_off timer
01-09 11:32:28.905  1086  1254 D ASH     : @ 967219.707: tcs3701: start power rail timer, state:3
01-09 11:32:28.945  1086  1254 I ASH     : @ 967219.747: tcs3701: stop power rail pending_off timer
01-09 11:32:28.945  1086  1254 D ASH     : @ 967219.747: tcs3701: start power rail timer, state:3
01-09 11:32:28.985  1086  1254 I ASH     : @ 967219.787: tcs3701: stop power rail pending_off timer
01-09 11:32:28.985  1086  1254 D ASH     : @ 967219.787: tcs3701: start power rail timer, state:3
01-09 11:32:29.025  1086  1254 I ASH     : @ 967219.827: tcs3701: stop power rail pending_off timer
01-09 11:32:29.025  1086  1254 D ASH     : @ 967219.827: tcs3701: start power rail timer, state:3
01-09 11:32:29.065  1086  1254 I ASH     : @ 967219.867: tcs3701: stop power rail pending_off timer
01-09 11:32:29.065  1086  1254 D ASH     : @ 967219.867: tcs3701: start power rail timer, state:3
01-09 11:32:29.105  1086  1254 I ASH     : @ 967219.907: tcs3701: stop power rail pending_off timer
01-09 11:32:29.105  1086  1254 D ASH     : @ 967219.907: tcs3701: start power rail timer, state:3
01-09 11:32:29.145  1086  1254 I ASH     : @ 967219.947: tcs3701: stop power rail pending_off timer
01-09 11:32:29.145  1086  1254 D ASH     : @ 967219.947: tcs3701: start power rail timer, state:3
01-09 11:32:29.185  1086  1254 I ASH     : @ 967219.987: tcs3701: stop power rail pending_off timer
01-09 11:32:29.185  1086  1254 D ASH     : @ 967219.987: tcs3701: start power rail timer, state:3
01-09 11:32:29.224  1086  1254 I ASH     : @ 967220.027: tcs3701: stop power rail pending_off timer
01-09 11:32:29.225  1086  1254 D ASH     : @ 967220.027: tcs3701: start power rail timer, state:3
01-09 11:32:29.265  1086  1254 I ASH     : @ 967220.067: tcs3701: stop power rail pending_off timer
01-09 11:32:29.265  1086  1254 D ASH     : @ 967220.067: tcs3701: start power rail timer, state:3
01-09 11:32:29.304  1086  1254 I ASH     : @ 967220.107: tcs3701: stop power rail pending_off timer
01-09 11:32:29.305  1086  1254 D ASH     : @ 967220.107: tcs3701: start power rail timer, state:3
01-09 11:32:29.345  1086  1254 I ASH     : @ 967220.147: tcs3701: stop power rail pending_off timer
01-09 11:32:29.345  1086  1254 D ASH     : @ 967220.147: tcs3701: start power rail timer, state:3
01-09 11:32:29.385  1086  1254 I ASH     : @ 967220.187: tcs3701: stop power rail pending_off timer
01-09 11:32:29.385  1086  1254 D ASH     : @ 967220.187: tcs3701: start power rail timer, state:3
01-09 11:32:29.425  1086  1254 I ASH     : @ 967220.227: tcs3701: stop power rail pending_off timer
01-09 11:32:29.425  1086  1254 D ASH     : @ 967220.227: tcs3701: start power rail timer, state:3
01-09 11:32:29.464  1086  1254 I ASH     : @ 967220.267: tcs3701: stop power rail pending_off timer
01-09 11:32:29.465  1086  1254 D ASH     : @ 967220.267: tcs3701: start power rail timer, state:3
01-09 11:32:29.505  1086  1254 I ASH     : @ 967220.307: tcs3701: stop power rail pending_off timer
01-09 11:32:29.505  1086  1254 D ASH     : @ 967220.307: tcs3701: start power rail timer, state:3
01-09 11:32:29.545  1086  1254 I ASH     : @ 967220.347: tcs3701: stop power rail pending_off timer
01-09 11:32:29.545  1086  1254 D ASH     : @ 967220.347: tcs3701: start power rail timer, state:3
01-09 11:32:29.585  1086  1254 I ASH     : @ 967220.387: tcs3701: stop power rail pending_off timer
01-09 11:32:29.585  1086  1254 D ASH     : @ 967220.387: tcs3701: start power rail timer, state:3
01-09 11:32:29.625  1086  1254 I ASH     : @ 967220.427: tcs3701: stop power rail pending_off timer
01-09 11:32:29.625  1086  1254 D ASH     : @ 967220.427: tcs3701: start power rail timer, state:3
01-09 11:32:29.649 26141 26160 I Unity   : [showcase] frame cost — layout: a variant set, at rest — nothing here can switch it at 1080x2340 over 240 frames — tick 0.01 ms, draw mean 0.17 p50 0.17 p95 0.21 max 0.24 ms (5543.2 fps if unpaced)
01-09 11:32:29.649 26141 26160 I Unity   : UnityEngine.DebugLogHandler:Internal_Log(LogType, LogOption, String, Object)
01-09 11:32:29.649 26141 26160 I Unity   : Driftsys.Dashscene.Samples.DashsceneShowcase:Update()
01-09 11:32:29.649 26141 26160 I Unity   : 
01-09 11:32:29.665  1086  1254 I ASH     : @ 967220.467: tcs3701: stop power rail pending_off timer
01-09 11:32:29.665  1086  1254 D ASH     : @ 967220.467: tcs3701: start power rail timer, state:3
01-09 11:32:29.705  1086  1254 I ASH     : @ 967220.507: tcs3701: stop power rail pending_off timer
01-09 11:32:29.705  1086  1254 D ASH     : @ 967220.507: tcs3701: start power rail timer, state:3
01-09 11:32:29.745  1086  1254 I ASH     : @ 967220.547: tcs3701: stop power rail pending_off timer
01-09 11:32:29.745  1086  1254 D ASH     : @ 967220.547: tcs3701: start power rail timer, state:3
01-09 11:32:29.785  1086  1254 I ASH     : @ 967220.587: tcs3701: stop power rail pending_off timer
01-09 11:32:29.785  1086  1254 D ASH     : @ 967220.587: tcs3701: start power rail timer, state:3
01-09 11:32:29.825  1086  1254 I ASH     : @ 967220.627: tcs3701: stop power rail pending_off timer
01-09 11:32:29.825  1086  1254 D ASH     : @ 967220.627: tcs3701: start power rail timer, state:3
01-09 11:32:29.865  1086  1254 I ASH     : @ 967220.667: tcs3701: stop power rail pending_off timer
01-09 11:32:29.865  1086  1254 D ASH     : @ 967220.667: tcs3701: start power rail timer, state:3
01-09 11:32:29.905  1086  1254 I ASH     : @ 967220.707: tcs3701: stop power rail pending_off timer
01-09 11:32:29.905  1086  1254 D ASH     : @ 967220.707: tcs3701: start power rail timer, state:3
01-09 11:32:29.945  1086  1254 I ASH     : @ 967220.747: tcs3701: stop power rail pending_off timer
01-09 11:32:29.945  1086  1254 D ASH     : @ 967220.747: tcs3701: start power rail timer, state:3
01-09 11:32:29.985  1086  1254 I ASH     : @ 967220.787: tcs3701: stop power rail pending_off timer
01-09 11:32:29.985  1086  1254 D ASH     : @ 967220.787: tcs3701: start power rail timer, state:3
01-09 11:32:30.025  1086  1254 I ASH     : @ 967220.827: tcs3701: stop power rail pending_off timer
01-09 11:32:30.025  1086  1254 D ASH     : @ 967220.827: tcs3701: start power rail timer, state:3
01-09 11:32:30.065  1086  1254 I ASH     : @ 967220.867: tcs3701: stop power rail pending_off timer
01-09 11:32:30.065  1086  1254 D ASH     : @ 967220.867: tcs3701: start power rail timer, state:3
01-09 11:32:30.105  1086  1254 I ASH     : @ 967220.907: tcs3701: stop power rail pending_off timer
01-09 11:32:30.105  1086  1254 D ASH     : @ 967220.907: tcs3701: start power rail timer, state:3
01-09 11:32:30.145  1086  1254 I ASH     : @ 967220.947: tcs3701: stop power rail pending_off timer
01-09 11:32:30.145  1086  1254 D ASH     : @ 967220.947: tcs3701: start power rail timer, state:3
01-09 11:32:30.185  1086  1254 I ASH     : @ 967220.987: tcs3701: stop power rail pending_off timer
01-09 11:32:30.185  1086  1254 D ASH     : @ 967220.987: tcs3701: start power rail timer, state:3
01-09 11:32:30.225  1086  1254 I ASH     : @ 967221.027: tcs3701: stop power rail pending_off timer
01-09 11:32:30.225  1086  1254 D ASH     : @ 967221.027: tcs3701: start power rail timer, state:3
01-09 11:32:30.265  1086  1254 I ASH     : @ 967221.067: tcs3701: stop power rail pending_off timer
01-09 11:32:30.265  1086  1254 D ASH     : @ 967221.067: tcs3701: start power rail timer, state:3
01-09 11:32:30.305  1086  1254 I ASH     : @ 967221.107: tcs3701: stop power rail pending_off timer
01-09 11:32:30.305  1086  1254 D ASH     : @ 967221.107: tcs3701: start power rail timer, state:3
01-09 11:32:30.344  1086  1254 I ASH     : @ 967221.147: tcs3701: stop power rail pending_off timer
01-09 11:32:30.345  1086  1254 D ASH     : @ 967221.147: tcs3701: start power rail timer, state:3
01-09 11:32:30.385  1086  1254 I ASH     : @ 967221.187: tcs3701: stop power rail pending_off timer
01-09 11:32:30.385  1086  1254 D ASH     : @ 967221.187: tcs3701: start power rail timer, state:3
01-09 11:32:30.425  1086  1254 I ASH     : @ 967221.227: tcs3701: stop power rail pending_off timer
01-09 11:32:30.425  1086  1254 D ASH     : @ 967221.227: tcs3701: start power rail timer, state:3
01-09 11:32:30.465  1086  1254 I ASH     : @ 967221.267: tcs3701: stop power rail pending_off timer
01-09 11:32:30.465  1086  1254 D ASH     : @ 967221.267: tcs3701: start power rail timer, state:3
01-09 11:32:30.505  1086  1254 I ASH     : @ 967221.307: tcs3701: stop power rail pending_off timer
01-09 11:32:30.505  1086  1254 D ASH     : @ 967221.307: tcs3701: start power rail timer, state:3
01-09 11:32:30.545  1086  1254 I ASH     : @ 967221.347: tcs3701: stop power rail pending_off timer
01-09 11:32:30.545  1086  1254 D ASH     : @ 967221.347: tcs3701: start power rail timer, state:3
01-09 11:32:30.585  1086  1254 I ASH     : @ 967221.387: tcs3701: stop power rail pending_off timer
01-09 11:32:30.585  1086  1254 D ASH     : @ 967221.387: tcs3701: start power rail timer, state:3
01-09 11:32:30.625  1086  1254 I ASH     : @ 967221.427: tcs3701: stop power rail pending_off timer
01-09 11:32:30.625  1086  1254 D ASH     : @ 967221.427: tcs3701: start power rail timer, state:3
01-09 11:32:30.665  1086  1254 I ASH     : @ 967221.467: tcs3701: stop power rail pending_off timer
01-09 11:32:30.665  1086  1254 D ASH     : @ 967221.467: tcs3701: start power rail timer, state:3
01-09 11:32:30.705  1086  1254 I ASH     : @ 967221.507: tcs3701: stop power rail pending_off timer
01-09 11:32:30.705  1086  1254 D ASH     : @ 967221.507: tcs3701: start power rail timer, state:3
01-09 11:32:30.744  1086  1254 I ASH     : @ 967221.547: tcs3701: stop power rail pending_off timer
01-09 11:32:30.745  1086  1254 D ASH     : @ 967221.547: tcs3701: start power rail timer, state:3
01-09 11:32:30.785  1086  1254 I ASH     : @ 967221.587: tcs3701: stop power rail pending_off timer
01-09 11:32:30.785  1086  1254 D ASH     : @ 967221.587: tcs3701: start power rail timer, state:3
01-09 11:32:30.825  1086  1254 I ASH     : @ 967221.627: tcs3701: stop power rail pending_off timer
01-09 11:32:30.825  1086  1254 D ASH     : @ 967221.627: tcs3701: start power rail timer, state:3
01-09 11:32:30.864  1086  1254 I ASH     : @ 967221.667: tcs3701: stop power rail pending_off timer
01-09 11:32:30.865  1086  1254 D ASH     : @ 967221.667: tcs3701: start power rail timer, state:3
01-09 11:32:30.904  1086  1254 I ASH     : @ 967221.707: tcs3701: stop power rail pending_off timer
01-09 11:32:30.905  1086  1254 D ASH     : @ 967221.707: tcs3701: start power rail timer, state:3
01-09 11:32:30.945  1086  1254 I ASH     : @ 967221.747: tcs3701: stop power rail pending_off timer
01-09 11:32:30.945  1086  1254 D ASH     : @ 967221.747: tcs3701: start power rail timer, state:3
01-09 11:32:30.985  1086  1254 I ASH     : @ 967221.787: tcs3701: stop power rail pending_off timer
01-09 11:32:30.985  1086  1254 D ASH     : @ 967221.787: tcs3701: start power rail timer, state:3
01-09 11:32:31.025  1086  1254 I ASH     : @ 967221.827: tcs3701: stop power rail pending_off timer
01-09 11:32:31.025  1086  1254 D ASH     : @ 967221.827: tcs3701: start power rail timer, state:3
01-09 11:32:31.064  1086  1254 I ASH     : @ 967221.867: tcs3701: stop power rail pending_off timer
01-09 11:32:31.065  1086  1254 D ASH     : @ 967221.867: tcs3701: start power rail timer, state:3
01-09 11:32:31.104  1086  1254 I ASH     : @ 967221.907: tcs3701: stop power rail pending_off timer
01-09 11:32:31.105  1086  1254 D ASH     : @ 967221.907: tcs3701: start power rail timer, state:3
01-09 11:32:31.144  1086  1254 I ASH     : @ 967221.947: tcs3701: stop power rail pending_off timer
01-09 11:32:31.145  1086  1254 D ASH     : @ 967221.947: tcs3701: start power rail timer, state:3
01-09 11:32:31.185  1086  1254 I ASH     : @ 967221.987: tcs3701: stop power rail pending_off timer
01-09 11:32:31.185  1086  1254 D ASH     : @ 967221.987: tcs3701: start power rail timer, state:3
01-09 11:32:31.223  1785  2388 D ActivityManager: freezing 22152 com.google.android.euicc
01-09 11:32:31.225  1086  1254 I ASH     : @ 967222.027: tcs3701: stop power rail pending_off timer
01-09 11:32:31.225  1086  1254 D ASH     : @ 967222.027: tcs3701: start power rail timer, state:3
01-09 11:32:31.265  1086  1254 I ASH     : @ 967222.067: tcs3701: stop power rail pending_off timer
01-09 11:32:31.265  1086  1254 D ASH     : @ 967222.067: tcs3701: start power rail timer, state:3
01-09 11:32:31.305  1086  1254 I ASH     : @ 967222.107: tcs3701: stop power rail pending_off timer
01-09 11:32:31.305  1086  1254 D ASH     : @ 967222.107: tcs3701: start power rail timer, state:3
01-09 11:32:31.345  1086  1254 I ASH     : @ 967222.147: tcs3701: stop power rail pending_off timer
01-09 11:32:31.345  1086  1254 D ASH     : @ 967222.147: tcs3701: start power rail timer, state:3
01-09 11:32:31.385  1086  1254 I ASH     : @ 967222.187: tcs3701: stop power rail pending_off timer
01-09 11:32:31.385  1086  1254 D ASH     : @ 967222.187: tcs3701: start power rail timer, state:3
01-09 11:32:31.425  1086  1254 I ASH     : @ 967222.227: tcs3701: stop power rail pending_off timer
01-09 11:32:31.425  1086  1254 D ASH     : @ 967222.227: tcs3701: start power rail timer, state:3
01-09 11:32:31.465  1086  1254 I ASH     : @ 967222.267: tcs3701: stop power rail pending_off timer
01-09 11:32:31.465  1086  1254 D ASH     : @ 967222.267: tcs3701: start power rail timer, state:3
01-09 11:32:31.505  1086  1254 I ASH     : @ 967222.307: tcs3701: stop power rail pending_off timer
01-09 11:32:31.505  1086  1254 D ASH     : @ 967222.307: tcs3701: start power rail timer, state:3
01-09 11:32:31.545  1086  1254 I ASH     : @ 967222.347: tcs3701: stop power rail pending_off timer
01-09 11:32:31.545  1086  1254 D ASH     : @ 967222.347: tcs3701: start power rail timer, state:3
01-09 11:32:31.585  1086  1254 I ASH     : @ 967222.387: tcs3701: stop power rail pending_off timer
01-09 11:32:31.585  1086  1254 D ASH     : @ 967222.387: tcs3701: start power rail timer, state:3
01-09 11:32:31.625  1086  1254 I ASH     : @ 967222.427: tcs3701: stop power rail pending_off timer
01-09 11:32:31.625  1086  1254 D ASH     : @ 967222.427: tcs3701: start power rail timer, state:3
01-09 11:32:31.665  1086  1254 I ASH     : @ 967222.467: tcs3701: stop power rail pending_off timer
01-09 11:32:31.665  1086  1254 D ASH     : @ 967222.467: tcs3701: start power rail timer, state:3
01-09 11:32:31.705  1086  1254 I ASH     : @ 967222.507: tcs3701: stop power rail pending_off timer
01-09 11:32:31.705  1086  1254 D ASH     : @ 967222.507: tcs3701: start power rail timer, state:3
01-09 11:32:31.745  1086  1254 I ASH     : @ 967222.547: tcs3701: stop power rail pending_off timer
01-09 11:32:31.745  1086  1254 D ASH     : @ 967222.547: tcs3701: start power rail timer, state:3
01-09 11:32:31.785  1086  1254 I ASH     : @ 967222.587: tcs3701: stop power rail pending_off timer
01-09 11:32:31.785  1086  1254 D ASH     : @ 967222.587: tcs3701: start power rail timer, state:3
01-09 11:32:31.825  1086  1254 I ASH     : @ 967222.627: tcs3701: stop power rail pending_off timer
01-09 11:32:31.825  1086  1254 D ASH     : @ 967222.627: tcs3701: start power rail timer, state:3
01-09 11:32:31.864  1086  1254 I ASH     : @ 967222.667: tcs3701: stop power rail pending_off timer
01-09 11:32:31.865  1086  1254 D ASH     : @ 967222.667: tcs3701: start power rail timer, state:3
01-09 11:32:31.905  1086  1254 I ASH     : @ 967222.707: tcs3701: stop power rail pending_off timer
01-09 11:32:31.905  1086  1254 D ASH     : @ 967222.707: tcs3701: start power rail timer, state:3
01-09 11:32:31.945  1086  1254 I ASH     : @ 967222.747: tcs3701: stop power rail pending_off timer
01-09 11:32:31.945  1086  1254 D ASH     : @ 967222.747: tcs3701: start power rail timer, state:3
01-09 11:32:31.985  1086  1254 I ASH     : @ 967222.787: tcs3701: stop power rail pending_off timer
01-09 11:32:31.985  1086  1254 D ASH     : @ 967222.787: tcs3701: start power rail timer, state:3
01-09 11:32:32.025  1086  1254 I ASH     : @ 967222.827: tcs3701: stop power rail pending_off timer
01-09 11:32:32.025  1086  1254 D ASH     : @ 967222.827: tcs3701: start power rail timer, state:3
01-09 11:32:32.065  1086  1254 I ASH     : @ 967222.867: tcs3701: stop power rail pending_off timer
01-09 11:32:32.065  1086  1254 D ASH     : @ 967222.867: tcs3701: start power rail timer, state:3
01-09 11:32:32.105  1086  1254 I ASH     : @ 967222.907: tcs3701: stop power rail pending_off timer
01-09 11:32:32.105  1086  1254 D ASH     : @ 967222.907: tcs3701: start power rail timer, state:3
01-09 11:32:32.145  1086  1254 I ASH     : @ 967222.947: tcs3701: stop power rail pending_off timer
01-09 11:32:32.145  1086  1254 D ASH     : @ 967222.947: tcs3701: start power rail timer, state:3
01-09 11:32:32.185  1086  1254 I ASH     : @ 967222.987: tcs3701: stop power rail pending_off timer
01-09 11:32:32.185  1086  1254 D ASH     : @ 967222.987: tcs3701: start power rail timer, state:3
01-09 11:32:32.225  1086  1254 I ASH     : @ 967223.027: tcs3701: stop power rail pending_off timer
01-09 11:32:32.225  1086  1254 D ASH     : @ 967223.027: tcs3701: start power rail timer, state:3
01-09 11:32:32.265  1086  1254 I ASH     : @ 967223.067: tcs3701: stop power rail pending_off timer
01-09 11:32:32.265  1086  1254 D ASH     : @ 967223.067: tcs3701: start power rail timer, state:3
01-09 11:32:32.304  1086  1254 I ASH     : @ 967223.107: tcs3701: stop power rail pending_off timer
01-09 11:32:32.305  1086  1254 D ASH     : @ 967223.107: tcs3701: start power rail timer, state:3
01-09 11:32:32.345  1086  1254 I ASH     : @ 967223.147: tcs3701: stop power rail pending_off timer
01-09 11:32:32.345  1086  1254 D ASH     : @ 967223.147: tcs3701: start power rail timer, state:3
01-09 11:32:32.385  1086  1254 I ASH     : @ 967223.187: tcs3701: stop power rail pending_off timer
01-09 11:32:32.385  1086  1254 D ASH     : @ 967223.187: tcs3701: start power rail timer, state:3
01-09 11:32:32.425  1086  1254 I ASH     : @ 967223.227: tcs3701: stop power rail pending_off timer
01-09 11:32:32.425  1086  1254 D ASH     : @ 967223.227: tcs3701: start power rail timer, state:3
01-09 11:32:32.465  1086  1254 I ASH     : @ 967223.267: tcs3701: stop power rail pending_off timer
01-09 11:32:32.465  1086  1254 D ASH     : @ 967223.267: tcs3701: start power rail timer, state:3
01-09 11:32:32.505  1086  1254 I ASH     : @ 967223.307: tcs3701: stop power rail pending_off timer
01-09 11:32:32.505  1086  1254 D ASH     : @ 967223.307: tcs3701: start power rail timer, state:3
01-09 11:32:32.545  1086  1254 I ASH     : @ 967223.347: tcs3701: stop power rail pending_off timer
01-09 11:32:32.545  1086  1254 D ASH     : @ 967223.347: tcs3701: start power rail timer, state:3
01-09 11:32:32.585  1086  1254 I ASH     : @ 967223.387: tcs3701: stop power rail pending_off timer
01-09 11:32:32.585  1086  1254 D ASH     : @ 967223.387: tcs3701: start power rail timer, state:3
01-09 11:32:32.625  1086  1254 I ASH     : @ 967223.427: tcs3701: stop power rail pending_off timer
01-09 11:32:32.625  1086  1254 D ASH     : @ 967223.427: tcs3701: start power rail timer, state:3
01-09 11:32:32.665  1086  1254 I ASH     : @ 967223.467: tcs3701: stop power rail pending_off timer
01-09 11:32:32.665  1086  1254 D ASH     : @ 967223.467: tcs3701: start power rail timer, state:3
01-09 11:32:32.705  1086  1254 I ASH     : @ 967223.507: tcs3701: stop power rail pending_off timer
01-09 11:32:32.705  1086  1254 D ASH     : @ 967223.507: tcs3701: start power rail timer, state:3
01-09 11:32:32.745  1086  1254 I ASH     : @ 967223.547: tcs3701: stop power rail pending_off timer
01-09 11:32:32.745  1086  1254 D ASH     : @ 967223.547: tcs3701: start power rail timer, state:3
01-09 11:32:32.785  1086  1254 I ASH     : @ 967223.587: tcs3701: stop power rail pending_off timer
01-09 11:32:32.785  1086  1254 D ASH     : @ 967223.587: tcs3701: start power rail timer, state:3
01-09 11:32:32.825  1086  1254 I ASH     : @ 967223.627: tcs3701: stop power rail pending_off timer
01-09 11:32:32.825  1086  1254 D ASH     : @ 967223.627: tcs3701: start power rail timer, state:3
01-09 11:32:32.865  1086  1254 I ASH     : @ 967223.667: tcs3701: stop power rail pending_off timer
01-09 11:32:32.865  1086  1254 D ASH     : @ 967223.667: tcs3701: start power rail timer, state:3
01-09 11:32:32.905  1086  1254 I ASH     : @ 967223.707: tcs3701: stop power rail pending_off timer
01-09 11:32:32.905  1086  1254 D ASH     : @ 967223.707: tcs3701: start power rail timer, state:3
01-09 11:32:32.944  1086  1254 I ASH     : @ 967223.747: tcs3701: stop power rail pending_off timer
01-09 11:32:32.945  1086  1254 D ASH     : @ 967223.747: tcs3701: start power rail timer, state:3
01-09 11:32:32.984  1086  1254 I ASH     : @ 967223.787: tcs3701: stop power rail pending_off timer
01-09 11:32:32.985  1086  1254 D ASH     : @ 967223.787: tcs3701: start power rail timer, state:3
01-09 11:32:33.025  1086  1254 I ASH     : @ 967223.827: tcs3701: stop power rail pending_off timer
01-09 11:32:33.025  1086  1254 D ASH     : @ 967223.827: tcs3701: start power rail timer, state:3
01-09 11:32:33.065  1086  1254 I ASH     : @ 967223.867: tcs3701: stop power rail pending_off timer
01-09 11:32:33.065  1086  1254 D ASH     : @ 967223.867: tcs3701: start power rail timer, state:3
01-09 11:32:33.105  1086  1254 I ASH     : @ 967223.907: tcs3701: stop power rail pending_off timer
01-09 11:32:33.105  1086  1254 D ASH     : @ 967223.907: tcs3701: start power rail timer, state:3
01-09 11:32:33.145  1086  1254 I ASH     : @ 967223.947: tcs3701: stop power rail pending_off timer
01-09 11:32:33.145  1086  1254 D ASH     : @ 967223.947: tcs3701: start power rail timer, state:3
01-09 11:32:33.185  1086  1254 I ASH     : @ 967223.987: tcs3701: stop power rail pending_off timer
01-09 11:32:33.185  1086  1254 D ASH     : @ 967223.987: tcs3701: start power rail timer, state:3
01-09 11:32:33.225  1086  1254 I ASH     : @ 967224.027: tcs3701: stop power rail pending_off timer
01-09 11:32:33.225  1086  1254 D ASH     : @ 967224.027: tcs3701: start power rail timer, state:3
01-09 11:32:33.265  1086  1254 I ASH     : @ 967224.067: tcs3701: stop power rail pending_off timer
01-09 11:32:33.265  1086  1254 D ASH     : @ 967224.067: tcs3701: start power rail timer, state:3
01-09 11:32:33.304  1086  1254 I ASH     : @ 967224.107: tcs3701: stop power rail pending_off timer
01-09 11:32:33.305  1086  1254 D ASH     : @ 967224.107: tcs3701: start power rail timer, state:3
01-09 11:32:33.345  1086  1254 I ASH     : @ 967224.147: tcs3701: stop power rail pending_off timer
01-09 11:32:33.345  1086  1254 D ASH     : @ 967224.147: tcs3701: start power rail timer, state:3
01-09 11:32:33.384  1086  1254 I ASH     : @ 967224.187: tcs3701: stop power rail pending_off timer
01-09 11:32:33.385  1086  1254 D ASH     : @ 967224.187: tcs3701: start power rail timer, state:3
01-09 11:32:33.425  1086  1254 I ASH     : @ 967224.227: tcs3701: stop power rail pending_off timer
01-09 11:32:33.425  1086  1254 D ASH     : @ 967224.227: tcs3701: start power rail timer, state:3
01-09 11:32:33.465  1086  1254 I ASH     : @ 967224.267: tcs3701: stop power rail pending_off timer
01-09 11:32:33.465  1086  1254 D ASH     : @ 967224.267: tcs3701: start power rail timer, state:3
01-09 11:32:33.505  1086  1254 I ASH     : @ 967224.307: tcs3701: stop power rail pending_off timer
01-09 11:32:33.505  1086  1254 D ASH     : @ 967224.307: tcs3701: start power rail timer, state:3
01-09 11:32:33.545  1086  1254 I ASH     : @ 967224.347: tcs3701: stop power rail pending_off timer
01-09 11:32:33.545  1086  1254 D ASH     : @ 967224.347: tcs3701: start power rail timer, state:3
01-09 11:32:33.585  1086  1254 I ASH     : @ 967224.387: tcs3701: stop power rail pending_off timer
01-09 11:32:33.585  1086  1254 D ASH     : @ 967224.387: tcs3701: start power rail timer, state:3
01-09 11:32:33.625  1086  1254 I ASH     : @ 967224.427: tcs3701: stop power rail pending_off timer
01-09 11:32:33.625  1086  1254 D ASH     : @ 967224.427: tcs3701: start power rail timer, state:3
01-09 11:32:33.665  1086  1254 I ASH     : @ 967224.467: tcs3701: stop power rail pending_off timer
01-09 11:32:33.665  1086  1254 D ASH     : @ 967224.467: tcs3701: start power rail timer, state:3
01-09 11:32:33.704  1086  1254 I ASH     : @ 967224.507: tcs3701: stop power rail pending_off timer
01-09 11:32:33.705  1086  1254 D ASH     : @ 967224.507: tcs3701: start power rail timer, state:3
01-09 11:32:33.745  1086  1254 I ASH     : @ 967224.547: tcs3701: stop power rail pending_off timer
01-09 11:32:33.745  1086  1254 D ASH     : @ 967224.547: tcs3701: start power rail timer, state:3
01-09 11:32:33.784  1086  1254 I ASH     : @ 967224.587: tcs3701: stop power rail pending_off timer
01-09 11:32:33.785  1086  1254 D ASH     : @ 967224.587: tcs3701: start power rail timer, state:3
01-09 11:32:33.825  1086  1254 I ASH     : @ 967224.627: tcs3701: stop power rail pending_off timer
01-09 11:32:33.825  1086  1254 D ASH     : @ 967224.627: tcs3701: start power rail timer, state:3
01-09 11:32:33.865  1086  1254 I ASH     : @ 967224.667: tcs3701: stop power rail pending_off timer
01-09 11:32:33.865  1086  1254 D ASH     : @ 967224.667: tcs3701: start power rail timer, state:3
01-09 11:32:33.905  1086  1254 I ASH     : @ 967224.707: tcs3701: stop power rail pending_off timer
01-09 11:32:33.905  1086  1254 D ASH     : @ 967224.707: tcs3701: start power rail timer, state:3
01-09 11:32:33.945  1086  1254 I ASH     : @ 967224.747: tcs3701: stop power rail pending_off timer
01-09 11:32:33.945  1086  1254 D ASH     : @ 967224.747: tcs3701: start power rail timer, state:3
01-09 11:32:33.985  1086  1254 I ASH     : @ 967224.787: tcs3701: stop power rail pending_off timer
01-09 11:32:33.985  1086  1254 D ASH     : @ 967224.787: tcs3701: start power rail timer, state:3
01-09 11:32:34.025  1086  1254 I ASH     : @ 967224.827: tcs3701: stop power rail pending_off timer
01-09 11:32:34.025  1086  1254 D ASH     : @ 967224.827: tcs3701: start power rail timer, state:3
01-09 11:32:34.065  1086  1254 I ASH     : @ 967224.867: tcs3701: stop power rail pending_off timer
01-09 11:32:34.065  1086  1254 D ASH     : @ 967224.867: tcs3701: start power rail timer, state:3
01-09 11:32:34.105  1086  1254 I ASH     : @ 967224.907: tcs3701: stop power rail pending_off timer
01-09 11:32:34.105  1086  1254 D ASH     : @ 967224.907: tcs3701: start power rail timer, state:3
01-09 11:32:34.145  1086  1254 I ASH     : @ 967224.947: tcs3701: stop power rail pending_off timer
01-09 11:32:34.145  1086  1254 D ASH     : @ 967224.947: tcs3701: start power rail timer, state:3
01-09 11:32:34.185  1086  1254 I ASH     : @ 967224.987: tcs3701: stop power rail pending_off timer
01-09 11:32:34.185  1086  1254 D ASH     : @ 967224.987: tcs3701: start power rail timer, state:3
01-09 11:32:34.225  1086  1254 I ASH     : @ 967225.027: tcs3701: stop power rail pending_off timer
01-09 11:32:34.225  1086  1254 D ASH     : @ 967225.027: tcs3701: start power rail timer, state:3
01-09 11:32:34.265  1086  1254 I ASH     : @ 967225.067: tcs3701: stop power rail pending_off timer
01-09 11:32:34.265  1086  1254 D ASH     : @ 967225.067: tcs3701: start power rail timer, state:3
01-09 11:32:34.305  1086  1254 I ASH     : @ 967225.107: tcs3701: stop power rail pending_off timer
01-09 11:32:34.305  1086  1254 D ASH     : @ 967225.107: tcs3701: start power rail timer, state:3
01-09 11:32:34.345  1086  1254 I ASH     : @ 967225.147: tcs3701: stop power rail pending_off timer
01-09 11:32:34.345  1086  1254 D ASH     : @ 967225.147: tcs3701: start power rail timer, state:3
01-09 11:32:34.385  1086  1254 I ASH     : @ 967225.187: tcs3701: stop power rail pending_off timer
01-09 11:32:34.385  1086  1254 D ASH     : @ 967225.187: tcs3701: start power rail timer, state:3
01-09 11:32:34.425  1086  1254 I ASH     : @ 967225.227: tcs3701: stop power rail pending_off timer
01-09 11:32:34.425  1086  1254 D ASH     : @ 967225.227: tcs3701: start power rail timer, state:3
01-09 11:32:34.464  1086  1254 I ASH     : @ 967225.267: tcs3701: stop power rail pending_off timer
01-09 11:32:34.465  1086  1254 D ASH     : @ 967225.267: tcs3701: start power rail timer, state:3
01-09 11:32:34.505  1086  1254 I ASH     : @ 967225.307: tcs3701: stop power rail pending_off timer
01-09 11:32:34.505  1086  1254 D ASH     : @ 967225.307: tcs3701: start power rail timer, state:3
01-09 11:32:34.545  1086  1254 I ASH     : @ 967225.347: tcs3701: stop power rail pending_off timer
01-09 11:32:34.545  1086  1254 D ASH     : @ 967225.347: tcs3701: start power rail timer, state:3
01-09 11:32:34.584  1086  1254 I ASH     : @ 967225.387: tcs3701: stop power rail pending_off timer
01-09 11:32:34.585  1086  1254 D ASH     : @ 967225.387: tcs3701: start power rail timer, state:3
01-09 11:32:34.625  1086  1254 I ASH     : @ 967225.427: tcs3701: stop power rail pending_off timer
01-09 11:32:34.625  1086  1254 D ASH     : @ 967225.427: tcs3701: start power rail timer, state:3
01-09 11:32:34.665  1086  1254 I ASH     : @ 967225.467: tcs3701: stop power rail pending_off timer
01-09 11:32:34.665  1086  1254 D ASH     : @ 967225.467: tcs3701: start power rail timer, state:3
01-09 11:32:34.705  1086  1254 I ASH     : @ 967225.507: tcs3701: stop power rail pending_off timer
01-09 11:32:34.705  1086  1254 D ASH     : @ 967225.507: tcs3701: start power rail timer, state:3
01-09 11:32:34.745  1086  1254 I ASH     : @ 967225.547: tcs3701: stop power rail pending_off timer
01-09 11:32:34.745  1086  1254 D ASH     : @ 967225.547: tcs3701: start power rail timer, state:3
01-09 11:32:34.785  1086  1254 I ASH     : @ 967225.587: tcs3701: stop power rail pending_off timer
01-09 11:32:34.785  1086  1254 D ASH     : @ 967225.587: tcs3701: start power rail timer, state:3
01-09 11:32:34.825  1086  1254 I ASH     : @ 967225.627: tcs3701: stop power rail pending_off timer
01-09 11:32:34.825  1086  1254 D ASH     : @ 967225.627: tcs3701: start power rail timer, state:3
01-09 11:32:34.865  1086  1254 I ASH     : @ 967225.667: tcs3701: stop power rail pending_off timer
01-09 11:32:34.865  1086  1254 D ASH     : @ 967225.667: tcs3701: start power rail timer, state:3
01-09 11:32:34.905  1086  1254 I ASH     : @ 967225.707: tcs3701: stop power rail pending_off timer
01-09 11:32:34.905  1086  1254 D ASH     : @ 967225.707: tcs3701: start power rail timer, state:3
01-09 11:32:34.944  1086  1254 I ASH     : @ 967225.747: tcs3701: stop power rail pending_off timer
01-09 11:32:34.945  1086  1254 D ASH     : @ 967225.747: tcs3701: start power rail timer, state:3
01-09 11:32:34.984  1086  1254 I ASH     : @ 967225.787: tcs3701: stop power rail pending_off timer
01-09 11:32:34.985  1086  1254 D ASH     : @ 967225.787: tcs3701: start power rail timer, state:3
01-09 11:32:35.025  1086  1254 I ASH     : @ 967225.827: tcs3701: stop power rail pending_off timer
01-09 11:32:35.025  1086  1254 D ASH     : @ 967225.827: tcs3701: start power rail timer, state:3
01-09 11:32:35.065  1086  1254 I ASH     : @ 967225.867: tcs3701: stop power rail pending_off timer
01-09 11:32:35.065  1086  1254 D ASH     : @ 967225.867: tcs3701: start power rail timer, state:3
01-09 11:32:35.105  1086  1254 I ASH     : @ 967225.907: tcs3701: stop power rail pending_off timer
01-09 11:32:35.105  1086  1254 D ASH     : @ 967225.907: tcs3701: start power rail timer, state:3
01-09 11:32:35.145  1086  1254 I ASH     : @ 967225.947: tcs3701: stop power rail pending_off timer
01-09 11:32:35.146  1086  1254 D ASH     : @ 967225.947: tcs3701: start power rail timer, state:3
01-09 11:32:35.184  1086  1254 I ASH     : @ 967225.987: tcs3701: stop power rail pending_off timer
01-09 11:32:35.185  1086  1254 D ASH     : @ 967225.987: tcs3701: start power rail timer, state:3
01-09 11:32:35.225  1086  1254 I ASH     : @ 967226.027: tcs3701: stop power rail pending_off timer
01-09 11:32:35.225  1086  1254 D ASH     : @ 967226.027: tcs3701: start power rail timer, state:3
01-09 11:32:35.265  1086  1254 I ASH     : @ 967226.067: tcs3701: stop power rail pending_off timer
01-09 11:32:35.265  1086  1254 D ASH     : @ 967226.067: tcs3701: start power rail timer, state:3
01-09 11:32:35.305  1086  1254 I ASH     : @ 967226.107: tcs3701: stop power rail pending_off timer
01-09 11:32:35.305  1086  1254 D ASH     : @ 967226.107: tcs3701: start power rail timer, state:3
01-09 11:32:35.345  1086  1254 I ASH     : @ 967226.147: tcs3701: stop power rail pending_off timer
01-09 11:32:35.345  1086  1254 D ASH     : @ 967226.147: tcs3701: start power rail timer, state:3
01-09 11:32:35.385  1086  1254 I ASH     : @ 967226.187: tcs3701: stop power rail pending_off timer
01-09 11:32:35.385  1086  1254 D ASH     : @ 967226.187: tcs3701: start power rail timer, state:3
01-09 11:32:35.425  1086  1254 I ASH     : @ 967226.227: tcs3701: stop power rail pending_off timer
01-09 11:32:35.425  1086  1254 D ASH     : @ 967226.227: tcs3701: start power rail timer, state:3
01-09 11:32:35.465  1086  1254 I ASH     : @ 967226.267: tcs3701: stop power rail pending_off timer
01-09 11:32:35.465  1086  1254 D ASH     : @ 967226.267: tcs3701: start power rail timer, state:3
01-09 11:32:35.505  1086  1254 I ASH     : @ 967226.307: tcs3701: stop power rail pending_off timer
01-09 11:32:35.505  1086  1254 D ASH     : @ 967226.307: tcs3701: start power rail timer, state:3
01-09 11:32:35.545  1086  1254 I ASH     : @ 967226.347: tcs3701: stop power rail pending_off timer
01-09 11:32:35.545  1086  1254 D ASH     : @ 967226.347: tcs3701: start power rail timer, state:3
01-09 11:32:35.585  1086  1254 I ASH     : @ 967226.387: tcs3701: stop power rail pending_off timer
01-09 11:32:35.585  1086  1254 D ASH     : @ 967226.387: tcs3701: start power rail timer, state:3
01-09 11:32:35.625  1086  1254 I ASH     : @ 967226.427: tcs3701: stop power rail pending_off timer
01-09 11:32:35.625  1086  1254 D ASH     : @ 967226.427: tcs3701: start power rail timer, state:3
01-09 11:32:35.665  1086  1254 I ASH     : @ 967226.467: tcs3701: stop power rail pending_off timer
01-09 11:32:35.665  1086  1254 D ASH     : @ 967226.467: tcs3701: start power rail timer, state:3
01-09 11:32:35.705  1086  1254 I ASH     : @ 967226.507: tcs3701: stop power rail pending_off timer
01-09 11:32:35.705  1086  1254 D ASH     : @ 967226.507: tcs3701: start power rail timer, state:3
01-09 11:32:35.745  1086  1254 I ASH     : @ 967226.547: tcs3701: stop power rail pending_off timer
01-09 11:32:35.745  1086  1254 D ASH     : @ 967226.547: tcs3701: start power rail timer, state:3
01-09 11:32:35.755 26141 26160 I Unity   : [showcase] drew layout: the variant shelf: 3 instance(s), rung ConstantBuffer
01-09 11:32:35.755 26141 26160 I Unity   : UnityEngine.DebugLogHandler:Internal_Log(LogType, LogOption, String, Object)
01-09 11:32:35.755 26141 26160 I Unity   : Driftsys.Dashscene.Samples.DashsceneShowcase:Update()
01-09 11:32:35.755 26141 26160 I Unity   : 
01-09 11:32:35.755 26141 26160 I Unity   : [showcase] all 6 entries drew (3 scene(s), 3 document(s))
01-09 11:32:35.755 26141 26160 I Unity   : UnityEngine.DebugLogHandler:Internal_Log(LogType, LogOption, String, Object)
01-09 11:32:35.755 26141 26160 I Unity   : Driftsys.Dashscene.Samples.DashsceneShowcase:AnnounceIfEveryEntryHasDrawn()
01-09 11:32:35.755 26141 26160 I Unity   : Driftsys.Dashscene.Samples.DashsceneShowcase:Update()
01-09 11:32:35.755 26141 26160 I Unity   : 
01-09 11:32:35.785  1086  1254 I ASH     : @ 967226.587: tcs3701: stop power rail pending_off timer
01-09 11:32:35.785  1086  1254 D ASH     : @ 967226.587: tcs3701: start power rail timer, state:3
01-09 11:32:35.825  1086  1254 I ASH     : @ 967226.627: tcs3701: stop power rail pending_off timer
01-09 11:32:35.825  1086  1254 D ASH     : @ 967226.627: tcs3701: start power rail timer, state:3
01-09 11:32:35.865  1086  1254 I ASH     : @ 967226.667: tcs3701: stop power rail pending_off timer
01-09 11:32:35.865  1086  1254 D ASH     : @ 967226.667: tcs3701: start power rail timer, state:3
01-09 11:32:35.905  1086  1254 I ASH     : @ 967226.707: tcs3701: stop power rail pending_off timer
01-09 11:32:35.905  1086  1254 D ASH     : @ 967226.707: tcs3701: start power rail timer, state:3
01-09 11:32:35.944  1086  1254 I ASH     : @ 967226.747: tcs3701: stop power rail pending_off timer
01-09 11:32:35.944  1086  1254 D ASH     : @ 967226.747: tcs3701: start power rail timer, state:3
01-09 11:32:35.984  1086  1254 I ASH     : @ 967226.787: tcs3701: stop power rail pending_off timer
01-09 11:32:35.985  1086  1254 D ASH     : @ 967226.787: tcs3701: start power rail timer, state:3
01-09 11:32:36.025  1086  1254 I ASH     : @ 967226.827: tcs3701: stop power rail pending_off timer
01-09 11:32:36.025  1086  1254 D ASH     : @ 967226.827: tcs3701: start power rail timer, state:3
01-09 11:32:36.065  1086  1254 I ASH     : @ 967226.867: tcs3701: stop power rail pending_off timer
01-09 11:32:36.065  1086  1254 D ASH     : @ 967226.867: tcs3701: start power rail timer, state:3
01-09 11:32:36.105  1086  1254 I ASH     : @ 967226.907: tcs3701: stop power rail pending_off timer
01-09 11:32:36.105  1086  1254 D ASH     : @ 967226.907: tcs3701: start power rail timer, state:3
01-09 11:32:36.145  1086  1254 I ASH     : @ 967226.947: tcs3701: stop power rail pending_off timer
01-09 11:32:36.145  1086  1254 D ASH     : @ 967226.947: tcs3701: start power rail timer, state:3
01-09 11:32:36.185  1086  1254 I ASH     : @ 967226.987: tcs3701: stop power rail pending_off timer
01-09 11:32:36.185  1086  1254 D ASH     : @ 967226.987: tcs3701: start power rail timer, state:3
01-09 11:32:36.225  1086  1254 I ASH     : @ 967227.027: tcs3701: stop power rail pending_off timer
01-09 11:32:36.225  1086  1254 D ASH     : @ 967227.027: tcs3701: start power rail timer, state:3
01-09 11:32:36.265  1086  1254 I ASH     : @ 967227.067: tcs3701: stop power rail pending_off timer
01-09 11:32:36.265  1086  1254 D ASH     : @ 967227.067: tcs3701: start power rail timer, state:3
01-09 11:32:36.304  1086  1254 I ASH     : @ 967227.107: tcs3701: stop power rail pending_off timer
01-09 11:32:36.304  1086  1254 D ASH     : @ 967227.107: tcs3701: start power rail timer, state:3
01-09 11:32:36.345  1086  1254 I ASH     : @ 967227.147: tcs3701: stop power rail pending_off timer
01-09 11:32:36.345  1086  1254 D ASH     : @ 967227.147: tcs3701: start power rail timer, state:3
01-09 11:32:36.385  1086  1254 I ASH     : @ 967227.187: tcs3701: stop power rail pending_off timer
01-09 11:32:36.385  1086  1254 D ASH     : @ 967227.187: tcs3701: start power rail timer, state:3
01-09 11:32:36.425  1086  1254 I ASH     : @ 967227.227: tcs3701: stop power rail pending_off timer
01-09 11:32:36.425  1086  1254 D ASH     : @ 967227.227: tcs3701: start power rail timer, state:3
01-09 11:32:36.465  1086  1254 I ASH     : @ 967227.267: tcs3701: stop power rail pending_off timer
01-09 11:32:36.465  1086  1254 D ASH     : @ 967227.267: tcs3701: start power rail timer, state:3
01-09 11:32:36.504  1086  1254 I ASH     : @ 967227.307: tcs3701: stop power rail pending_off timer
01-09 11:32:36.505  1086  1254 D ASH     : @ 967227.307: tcs3701: start power rail timer, state:3
01-09 11:32:36.544  1086  1254 I ASH     : @ 967227.347: tcs3701: stop power rail pending_off timer
01-09 11:32:36.545  1086  1254 D ASH     : @ 967227.347: tcs3701: start power rail timer, state:3
01-09 11:32:36.584  1086  1254 I ASH     : @ 967227.387: tcs3701: stop power rail pending_off timer
01-09 11:32:36.585  1086  1254 D ASH     : @ 967227.387: tcs3701: start power rail timer, state:3
01-09 11:32:36.625  1086  1254 I ASH     : @ 967227.427: tcs3701: stop power rail pending_off timer
01-09 11:32:36.625  1086  1254 D ASH     : @ 967227.427: tcs3701: start power rail timer, state:3
01-09 11:32:36.665  1086  1254 I ASH     : @ 967227.467: tcs3701: stop power rail pending_off timer
01-09 11:32:36.665  1086  1254 D ASH     : @ 967227.467: tcs3701: start power rail timer, state:3
01-09 11:32:36.705  1086  1254 I ASH     : @ 967227.507: tcs3701: stop power rail pending_off timer
01-09 11:32:36.705  1086  1254 D ASH     : @ 967227.507: tcs3701: start power rail timer, state:3
01-09 11:32:36.745  1086  1254 I ASH     : @ 967227.547: tcs3701: stop power rail pending_off timer
01-09 11:32:36.745  1086  1254 D ASH     : @ 967227.547: tcs3701: start power rail timer, state:3
01-09 11:32:36.784  1086  1254 I ASH     : @ 967227.587: tcs3701: stop power rail pending_off timer
01-09 11:32:36.784  1086  1254 D ASH     : @ 967227.587: tcs3701: start power rail timer, state:3
01-09 11:32:36.825  1086  1254 I ASH     : @ 967227.627: tcs3701: stop power rail pending_off timer
01-09 11:32:36.825  1086  1254 D ASH     : @ 967227.627: tcs3701: start power rail timer, state:3
01-09 11:32:36.865  1086  1254 I ASH     : @ 967227.667: tcs3701: stop power rail pending_off timer
01-09 11:32:36.865  1086  1254 D ASH     : @ 967227.667: tcs3701: start power rail timer, state:3
01-09 11:32:36.904  1086  1254 I ASH     : @ 967227.707: tcs3701: stop power rail pending_off timer
01-09 11:32:36.905  1086  1254 D ASH     : @ 967227.707: tcs3701: start power rail timer, state:3
01-09 11:32:36.944  1086  1254 I ASH     : @ 967227.747: tcs3701: stop power rail pending_off timer
01-09 11:32:36.945  1086  1254 D ASH     : @ 967227.747: tcs3701: start power rail timer, state:3
01-09 11:32:36.985  1086  1254 I ASH     : @ 967227.787: tcs3701: stop power rail pending_off timer
01-09 11:32:36.985  1086  1254 D ASH     : @ 967227.787: tcs3701: start power rail timer, state:3
01-09 11:32:37.025  1086  1254 I ASH     : @ 967227.827: tcs3701: stop power rail pending_off timer
01-09 11:32:37.025  1086  1254 D ASH     : @ 967227.827: tcs3701: start power rail timer, state:3
01-09 11:32:37.064  1086  1254 I ASH     : @ 967227.867: tcs3701: stop power rail pending_off timer
01-09 11:32:37.065  1086  1254 D ASH     : @ 967227.867: tcs3701: start power rail timer, state:3
01-09 11:32:37.105  1086  1254 I ASH     : @ 967227.907: tcs3701: stop power rail pending_off timer
01-09 11:32:37.105  1086  1254 D ASH     : @ 967227.907: tcs3701: start power rail timer, state:3
01-09 11:32:37.145  1086  1254 I ASH     : @ 967227.947: tcs3701: stop power rail pending_off timer
01-09 11:32:37.145  1086  1254 D ASH     : @ 967227.947: tcs3701: start power rail timer, state:3
01-09 11:32:37.184  1086  1254 I ASH     : @ 967227.987: tcs3701: stop power rail pending_off timer
01-09 11:32:37.185  1086  1254 D ASH     : @ 967227.987: tcs3701: start power rail timer, state:3
01-09 11:32:37.225  1086  1254 I ASH     : @ 967228.027: tcs3701: stop power rail pending_off timer
01-09 11:32:37.225  1086  1254 D ASH     : @ 967228.027: tcs3701: start power rail timer, state:3
01-09 11:32:37.265  1086  1254 I ASH     : @ 967228.067: tcs3701: stop power rail pending_off timer
01-09 11:32:37.265  1086  1254 D ASH     : @ 967228.067: tcs3701: start power rail timer, state:3
01-09 11:32:37.304  1086  1254 I ASH     : @ 967228.107: tcs3701: stop power rail pending_off timer
01-09 11:32:37.305  1086  1254 D ASH     : @ 967228.107: tcs3701: start power rail timer, state:3
01-09 11:32:37.345  1086  1254 I ASH     : @ 967228.147: tcs3701: stop power rail pending_off timer
01-09 11:32:37.345  1086  1254 D ASH     : @ 967228.147: tcs3701: start power rail timer, state:3
01-09 11:32:37.385  1086  1254 I ASH     : @ 967228.187: tcs3701: stop power rail pending_off timer
01-09 11:32:37.385  1086  1254 D ASH     : @ 967228.187: tcs3701: start power rail timer, state:3
01-09 11:32:37.424  1086  1254 I ASH     : @ 967228.227: tcs3701: stop power rail pending_off timer
01-09 11:32:37.425  1086  1254 D ASH     : @ 967228.227: tcs3701: start power rail timer, state:3
01-09 11:32:37.465  1086  1254 I ASH     : @ 967228.267: tcs3701: stop power rail pending_off timer
01-09 11:32:37.465  1086  1254 D ASH     : @ 967228.267: tcs3701: start power rail timer, state:3
01-09 11:32:37.504  1086  1254 I ASH     : @ 967228.307: tcs3701: stop power rail pending_off timer
01-09 11:32:37.505  1086  1254 D ASH     : @ 967228.307: tcs3701: start power rail timer, state:3
01-09 11:32:37.545  1086  1254 I ASH     : @ 967228.347: tcs3701: stop power rail pending_off timer
01-09 11:32:37.545  1086  1254 D ASH     : @ 967228.347: tcs3701: start power rail timer, state:3
01-09 11:32:37.585  1086  1254 I ASH     : @ 967228.387: tcs3701: stop power rail pending_off timer
01-09 11:32:37.585  1086  1254 D ASH     : @ 967228.387: tcs3701: start power rail timer, state:3
01-09 11:32:37.625  1086  1254 I ASH     : @ 967228.427: tcs3701: stop power rail pending_off timer
01-09 11:32:37.625  1086  1254 D ASH     : @ 967228.427: tcs3701: start power rail timer, state:3
01-09 11:32:37.665  1086  1254 I ASH     : @ 967228.467: tcs3701: stop power rail pending_off timer
01-09 11:32:37.665  1086  1254 D ASH     : @ 967228.467: tcs3701: start power rail timer, state:3
01-09 11:32:37.705  1086  1254 I ASH     : @ 967228.507: tcs3701: stop power rail pending_off timer
01-09 11:32:37.705  1086  1254 D ASH     : @ 967228.507: tcs3701: start power rail timer, state:3
01-09 11:32:37.745  1086  1254 I ASH     : @ 967228.547: tcs3701: stop power rail pending_off timer
01-09 11:32:37.745  1086  1254 D ASH     : @ 967228.547: tcs3701: start power rail timer, state:3
01-09 11:32:37.785  1086  1254 I ASH     : @ 967228.587: tcs3701: stop power rail pending_off timer
01-09 11:32:37.785  1086  1254 D ASH     : @ 967228.587: tcs3701: start power rail timer, state:3
01-09 11:32:37.825  1086  1254 I ASH     : @ 967228.627: tcs3701: stop power rail pending_off timer
01-09 11:32:37.825  1086  1254 D ASH     : @ 967228.627: tcs3701: start power rail timer, state:3
01-09 11:32:37.865  1086  1254 I ASH     : @ 967228.667: tcs3701: stop power rail pending_off timer
01-09 11:32:37.865  1086  1254 D ASH     : @ 967228.667: tcs3701: start power rail timer, state:3
01-09 11:32:37.904  1086  1254 I ASH     : @ 967228.707: tcs3701: stop power rail pending_off timer
01-09 11:32:37.905  1086  1254 D ASH     : @ 967228.707: tcs3701: start power rail timer, state:3
01-09 11:32:37.945  1086  1254 I ASH     : @ 967228.747: tcs3701: stop power rail pending_off timer
01-09 11:32:37.945  1086  1254 D ASH     : @ 967228.747: tcs3701: start power rail timer, state:3
01-09 11:32:37.985  1086  1254 I ASH     : @ 967228.787: tcs3701: stop power rail pending_off timer
01-09 11:32:37.985  1086  1254 D ASH     : @ 967228.787: tcs3701: start power rail timer, state:3
01-09 11:32:38.025  1086  1254 I ASH     : @ 967228.827: tcs3701: stop power rail pending_off timer
01-09 11:32:38.025  1086  1254 D ASH     : @ 967228.827: tcs3701: start power rail timer, state:3
01-09 11:32:38.065  1086  1254 I ASH     : @ 967228.867: tcs3701: stop power rail pending_off timer
01-09 11:32:38.065  1086  1254 D ASH     : @ 967228.867: tcs3701: start power rail timer, state:3
01-09 11:32:38.105  1086  1254 I ASH     : @ 967228.907: tcs3701: stop power rail pending_off timer
01-09 11:32:38.105  1086  1254 D ASH     : @ 967228.907: tcs3701: start power rail timer, state:3
01-09 11:32:38.145  1086  1254 I ASH     : @ 967228.947: tcs3701: stop power rail pending_off timer
01-09 11:32:38.146  1086  1254 D ASH     : @ 967228.947: tcs3701: start power rail timer, state:3
01-09 11:32:38.185  1086  1254 I ASH     : @ 967228.987: tcs3701: stop power rail pending_off timer
01-09 11:32:38.185  1086  1254 D ASH     : @ 967228.987: tcs3701: start power rail timer, state:3
01-09 11:32:38.225  1086  1254 I ASH     : @ 967229.027: tcs3701: stop power rail pending_off timer
01-09 11:32:38.225  1086  1254 D ASH     : @ 967229.027: tcs3701: start power rail timer, state:3
01-09 11:32:38.264  1086  1254 I ASH     : @ 967229.067: tcs3701: stop power rail pending_off timer
01-09 11:32:38.265  1086  1254 D ASH     : @ 967229.067: tcs3701: start power rail timer, state:3
01-09 11:32:38.305  1086  1254 I ASH     : @ 967229.107: tcs3701: stop power rail pending_off timer
01-09 11:32:38.305  1086  1254 D ASH     : @ 967229.107: tcs3701: start power rail timer, state:3
01-09 11:32:38.344  1086  1254 I ASH     : @ 967229.147: tcs3701: stop power rail pending_off timer
01-09 11:32:38.345  1086  1254 D ASH     : @ 967229.147: tcs3701: start power rail timer, state:3
01-09 11:32:38.385  1086  1254 I ASH     : @ 967229.187: tcs3701: stop power rail pending_off timer
01-09 11:32:38.385  1086  1254 D ASH     : @ 967229.187: tcs3701: start power rail timer, state:3
01-09 11:32:38.425  1086  1254 I ASH     : @ 967229.227: tcs3701: stop power rail pending_off timer
01-09 11:32:38.425  1086  1254 D ASH     : @ 967229.227: tcs3701: start power rail timer, state:3
01-09 11:32:38.465  1086  1254 I ASH     : @ 967229.267: tcs3701: stop power rail pending_off timer
01-09 11:32:38.465  1086  1254 D ASH     : @ 967229.267: tcs3701: start power rail timer, state:3
01-09 11:32:38.505  1086  1254 I ASH     : @ 967229.307: tcs3701: stop power rail pending_off timer
01-09 11:32:38.505  1086  1254 D ASH     : @ 967229.307: tcs3701: start power rail timer, state:3
01-09 11:32:38.544  1086  1254 I ASH     : @ 967229.347: tcs3701: stop power rail pending_off timer
01-09 11:32:38.545  1086  1254 D ASH     : @ 967229.347: tcs3701: start power rail timer, state:3
01-09 11:32:38.584  1086  1254 I ASH     : @ 967229.387: tcs3701: stop power rail pending_off timer
01-09 11:32:38.585  1086  1254 D ASH     : @ 967229.387: tcs3701: start power rail timer, state:3
01-09 11:32:38.625  1086  1254 I ASH     : @ 967229.427: tcs3701: stop power rail pending_off timer
01-09 11:32:38.625  1086  1254 D ASH     : @ 967229.427: tcs3701: start power rail timer, state:3
01-09 11:32:38.665  1086  1254 I ASH     : @ 967229.467: tcs3701: stop power rail pending_off timer
01-09 11:32:38.665  1086  1254 D ASH     : @ 967229.467: tcs3701: start power rail timer, state:3
01-09 11:32:38.705  1086  1254 I ASH     : @ 967229.507: tcs3701: stop power rail pending_off timer
01-09 11:32:38.705  1086  1254 D ASH     : @ 967229.507: tcs3701: start power rail timer, state:3
01-09 11:32:38.745  1086  1254 I ASH     : @ 967229.547: tcs3701: stop power rail pending_off timer
01-09 11:32:38.745  1086  1254 D ASH     : @ 967229.547: tcs3701: start power rail timer, state:3
01-09 11:32:38.785  1086  1254 I ASH     : @ 967229.587: tcs3701: stop power rail pending_off timer
01-09 11:32:38.785  1086  1254 D ASH     : @ 967229.587: tcs3701: start power rail timer, state:3
01-09 11:32:38.825  1086  1254 I ASH     : @ 967229.627: tcs3701: stop power rail pending_off timer
01-09 11:32:38.825  1086  1254 D ASH     : @ 967229.627: tcs3701: start power rail timer, state:3
01-09 11:32:38.865  1086  1254 I ASH     : @ 967229.667: tcs3701: stop power rail pending_off timer
01-09 11:32:38.865  1086  1254 D ASH     : @ 967229.667: tcs3701: start power rail timer, state:3
01-09 11:32:38.905  1086  1254 I ASH     : @ 967229.707: tcs3701: stop power rail pending_off timer
01-09 11:32:38.905  1086  1254 D ASH     : @ 967229.707: tcs3701: start power rail timer, state:3
01-09 11:32:38.945  1086  1254 I ASH     : @ 967229.747: tcs3701: stop power rail pending_off timer
01-09 11:32:38.945  1086  1254 D ASH     : @ 967229.747: tcs3701: start power rail timer, state:3
01-09 11:32:38.985  1086  1254 I ASH     : @ 967229.787: tcs3701: stop power rail pending_off timer
01-09 11:32:38.985  1086  1254 D ASH     : @ 967229.787: tcs3701: start power rail timer, state:3
01-09 11:32:39.025  1086  1254 I ASH     : @ 967229.827: tcs3701: stop power rail pending_off timer
01-09 11:32:39.025  1086  1254 D ASH     : @ 967229.827: tcs3701: start power rail timer, state:3
01-09 11:32:39.065  1086  1254 I ASH     : @ 967229.867: tcs3701: stop power rail pending_off timer
01-09 11:32:39.065  1086  1254 D ASH     : @ 967229.867: tcs3701: start power rail timer, state:3
01-09 11:32:39.105  1086  1254 I ASH     : @ 967229.907: tcs3701: stop power rail pending_off timer
01-09 11:32:39.105  1086  1254 D ASH     : @ 967229.907: tcs3701: start power rail timer, state:3
01-09 11:32:39.144  1086  1254 I ASH     : @ 967229.947: tcs3701: stop power rail pending_off timer
01-09 11:32:39.145  1086  1254 D ASH     : @ 967229.947: tcs3701: start power rail timer, state:3
01-09 11:32:39.185  1086  1254 I ASH     : @ 967229.987: tcs3701: stop power rail pending_off timer
01-09 11:32:39.185  1086  1254 D ASH     : @ 967229.987: tcs3701: start power rail timer, state:3
01-09 11:32:39.225  1086  1254 I ASH     : @ 967230.027: tcs3701: stop power rail pending_off timer
01-09 11:32:39.225  1086  1254 D ASH     : @ 967230.027: tcs3701: start power rail timer, state:3
01-09 11:32:39.265  1086  1254 I ASH     : @ 967230.067: tcs3701: stop power rail pending_off timer
01-09 11:32:39.265  1086  1254 D ASH     : @ 967230.067: tcs3701: start power rail timer, state:3
01-09 11:32:39.304  1086  1254 I ASH     : @ 967230.107: tcs3701: stop power rail pending_off timer
01-09 11:32:39.305  1086  1254 D ASH     : @ 967230.107: tcs3701: start power rail timer, state:3
01-09 11:32:39.345  1086  1254 I ASH     : @ 967230.147: tcs3701: stop power rail pending_off timer
01-09 11:32:39.345  1086  1254 D ASH     : @ 967230.147: tcs3701: start power rail timer, state:3
01-09 11:32:39.385  1086  1254 I ASH     : @ 967230.187: tcs3701: stop power rail pending_off timer
01-09 11:32:39.385  1086  1254 D ASH     : @ 967230.187: tcs3701: start power rail timer, state:3
01-09 11:32:39.425  1086  1254 I ASH     : @ 967230.227: tcs3701: stop power rail pending_off timer
01-09 11:32:39.425  1086  1254 D ASH     : @ 967230.227: tcs3701: start power rail timer, state:3
01-09 11:32:39.465  1086  1254 I ASH     : @ 967230.267: tcs3701: stop power rail pending_off timer
01-09 11:32:39.465  1086  1254 D ASH     : @ 967230.267: tcs3701: start power rail timer, state:3
01-09 11:32:39.505  1086  1254 I ASH     : @ 967230.307: tcs3701: stop power rail pending_off timer
01-09 11:32:39.505  1086  1254 D ASH     : @ 967230.307: tcs3701: start power rail timer, state:3
01-09 11:32:39.544  1086  1254 I ASH     : @ 967230.347: tcs3701: stop power rail pending_off timer
01-09 11:32:39.545  1086  1254 D ASH     : @ 967230.347: tcs3701: start power rail timer, state:3
01-09 11:32:39.585  1086  1254 I ASH     : @ 967230.387: tcs3701: stop power rail pending_off timer
01-09 11:32:39.585  1086  1254 D ASH     : @ 967230.387: tcs3701: start power rail timer, state:3
01-09 11:32:39.625  1086  1254 I ASH     : @ 967230.427: tcs3701: stop power rail pending_off timer
01-09 11:32:39.625  1086  1254 D ASH     : @ 967230.427: tcs3701: start power rail timer, state:3
01-09 11:32:39.665  1086  1254 I ASH     : @ 967230.467: tcs3701: stop power rail pending_off timer
01-09 11:32:39.665  1086  1254 D ASH     : @ 967230.467: tcs3701: start power rail timer, state:3
01-09 11:32:39.704  1086  1254 I ASH     : @ 967230.507: tcs3701: stop power rail pending_off timer
01-09 11:32:39.705  1086  1254 D ASH     : @ 967230.507: tcs3701: start power rail timer, state:3
01-09 11:32:39.745  1086  1254 I ASH     : @ 967230.547: tcs3701: stop power rail pending_off timer
01-09 11:32:39.745  1086  1254 D ASH     : @ 967230.547: tcs3701: start power rail timer, state:3
01-09 11:32:39.785  1086  1254 I ASH     : @ 967230.587: tcs3701: stop power rail pending_off timer
01-09 11:32:39.785  1086  1254 D ASH     : @ 967230.587: tcs3701: start power rail timer, state:3
01-09 11:32:39.825  1086  1254 I ASH     : @ 967230.627: tcs3701: stop power rail pending_off timer
01-09 11:32:39.825  1086  1254 D ASH     : @ 967230.627: tcs3701: start power rail timer, state:3
01-09 11:32:39.865  1086  1254 I ASH     : @ 967230.667: tcs3701: stop power rail pending_off timer
01-09 11:32:39.865  1086  1254 D ASH     : @ 967230.667: tcs3701: start power rail timer, state:3
01-09 11:32:39.905  1086  1254 I ASH     : @ 967230.707: tcs3701: stop power rail pending_off timer
01-09 11:32:39.905  1086  1254 D ASH     : @ 967230.707: tcs3701: start power rail timer, state:3
01-09 11:32:39.944  1086  1254 I ASH     : @ 967230.747: tcs3701: stop power rail pending_off timer
01-09 11:32:39.945  1086  1254 D ASH     : @ 967230.747: tcs3701: start power rail timer, state:3
01-09 11:32:39.985  1086  1254 I ASH     : @ 967230.787: tcs3701: stop power rail pending_off timer
01-09 11:32:39.985  1086  1254 D ASH     : @ 967230.787: tcs3701: start power rail timer, state:3
01-09 11:32:40.024  1086  1254 I ASH     : @ 967230.827: tcs3701: stop power rail pending_off timer
01-09 11:32:40.025  1086  1254 D ASH     : @ 967230.827: tcs3701: start power rail timer, state:3
01-09 11:32:40.064  1086  1254 I ASH     : @ 967230.867: tcs3701: stop power rail pending_off timer
01-09 11:32:40.065  1086  1254 D ASH     : @ 967230.867: tcs3701: start power rail timer, state:3
01-09 11:32:40.105  1086  1254 I ASH     : @ 967230.907: tcs3701: stop power rail pending_off timer
01-09 11:32:40.105  1086  1254 D ASH     : @ 967230.907: tcs3701: start power rail timer, state:3
01-09 11:32:40.145  1086  1254 I ASH     : @ 967230.947: tcs3701: stop power rail pending_off timer
01-09 11:32:40.145  1086  1254 D ASH     : @ 967230.947: tcs3701: start power rail timer, state:3
01-09 11:32:40.185  1086  1254 I ASH     : @ 967230.987: tcs3701: stop power rail pending_off timer
01-09 11:32:40.185  1086  1254 D ASH     : @ 967230.987: tcs3701: start power rail timer, state:3
01-09 11:32:40.225  1086  1254 I ASH     : @ 967231.027: tcs3701: stop power rail pending_off timer
01-09 11:32:40.225  1086  1254 D ASH     : @ 967231.027: tcs3701: start power rail timer, state:3
01-09 11:32:40.265  1086  1254 I ASH     : @ 967231.067: tcs3701: stop power rail pending_off timer
01-09 11:32:40.265  1086  1254 D ASH     : @ 967231.067: tcs3701: start power rail timer, state:3
01-09 11:32:40.305  1086  1254 I ASH     : @ 967231.107: tcs3701: stop power rail pending_off timer
01-09 11:32:40.305  1086  1254 D ASH     : @ 967231.107: tcs3701: start power rail timer, state:3
01-09 11:32:40.345  1086  1254 I ASH     : @ 967231.147: tcs3701: stop power rail pending_off timer
01-09 11:32:40.345  1086  1254 D ASH     : @ 967231.147: tcs3701: start power rail timer, state:3
01-09 11:32:40.385  1086  1254 I ASH     : @ 967231.187: tcs3701: stop power rail pending_off timer
01-09 11:32:40.385  1086  1254 D ASH     : @ 967231.187: tcs3701: start power rail timer, state:3
01-09 11:32:40.424  1086  1254 I ASH     : @ 967231.227: tcs3701: stop power rail pending_off timer
01-09 11:32:40.425  1086  1254 D ASH     : @ 967231.227: tcs3701: start power rail timer, state:3
01-09 11:32:40.464  1086  1254 I ASH     : @ 967231.267: tcs3701: stop power rail pending_off timer
01-09 11:32:40.465  1086  1254 D ASH     : @ 967231.267: tcs3701: start power rail timer, state:3
01-09 11:32:40.505  1086  1254 I ASH     : @ 967231.307: tcs3701: stop power rail pending_off timer
01-09 11:32:40.505  1086  1254 D ASH     : @ 967231.307: tcs3701: start power rail timer, state:3
01-09 11:32:40.544  1086  1254 I ASH     : @ 967231.347: tcs3701: stop power rail pending_off timer
01-09 11:32:40.545  1086  1254 D ASH     : @ 967231.347: tcs3701: start power rail timer, state:3
01-09 11:32:40.585  1086  1254 I ASH     : @ 967231.387: tcs3701: stop power rail pending_off timer
01-09 11:32:40.585  1086  1254 D ASH     : @ 967231.387: tcs3701: start power rail timer, state:3
01-09 11:32:40.624  1086  1254 I ASH     : @ 967231.427: tcs3701: stop power rail pending_off timer
01-09 11:32:40.625  1086  1254 D ASH     : @ 967231.427: tcs3701: start power rail timer, state:3
01-09 11:32:40.665  1086  1254 I ASH     : @ 967231.467: tcs3701: stop power rail pending_off timer
01-09 11:32:40.665  1086  1254 D ASH     : @ 967231.467: tcs3701: start power rail timer, state:3
01-09 11:32:40.705  1086  1254 I ASH     : @ 967231.507: tcs3701: stop power rail pending_off timer
01-09 11:32:40.705  1086  1254 D ASH     : @ 967231.507: tcs3701: start power rail timer, state:3
01-09 11:32:40.745  1086  1254 I ASH     : @ 967231.547: tcs3701: stop power rail pending_off timer
01-09 11:32:40.745  1086  1254 D ASH     : @ 967231.547: tcs3701: start power rail timer, state:3
01-09 11:32:40.784  1086  1254 I ASH     : @ 967231.587: tcs3701: stop power rail pending_off timer
01-09 11:32:40.785  1086  1254 D ASH     : @ 967231.587: tcs3701: start power rail timer, state:3
01-09 11:32:40.825  1086  1254 I ASH     : @ 967231.627: tcs3701: stop power rail pending_off timer
01-09 11:32:40.825  1086  1254 D ASH     : @ 967231.627: tcs3701: start power rail timer, state:3
01-09 11:32:40.865  1086  1254 I ASH     : @ 967231.667: tcs3701: stop power rail pending_off timer
01-09 11:32:40.865  1086  1254 D ASH     : @ 967231.667: tcs3701: start power rail timer, state:3
01-09 11:32:40.905  1086  1254 I ASH     : @ 967231.707: tcs3701: stop power rail pending_off timer
01-09 11:32:40.905  1086  1254 D ASH     : @ 967231.707: tcs3701: start power rail timer, state:3
01-09 11:32:40.945  1086  1254 I ASH     : @ 967231.747: tcs3701: stop power rail pending_off timer
01-09 11:32:40.945  1086  1254 D ASH     : @ 967231.747: tcs3701: start power rail timer, state:3
01-09 11:32:40.985  1086  1254 I ASH     : @ 967231.787: tcs3701: stop power rail pending_off timer
01-09 11:32:40.985  1086  1254 D ASH     : @ 967231.787: tcs3701: start power rail timer, state:3
01-09 11:32:41.024  1086  1254 I ASH     : @ 967231.827: tcs3701: stop power rail pending_off timer
01-09 11:32:41.025  1086  1254 D ASH     : @ 967231.827: tcs3701: start power rail timer, state:3
01-09 11:32:41.065  1086  1254 I ASH     : @ 967231.867: tcs3701: stop power rail pending_off timer
01-09 11:32:41.065  1086  1254 D ASH     : @ 967231.867: tcs3701: start power rail timer, state:3
01-09 11:32:41.105  1086  1254 I ASH     : @ 967231.907: tcs3701: stop power rail pending_off timer
01-09 11:32:41.105  1086  1254 D ASH     : @ 967231.907: tcs3701: start power rail timer, state:3
01-09 11:32:41.144  1086  1254 I ASH     : @ 967231.947: tcs3701: stop power rail pending_off timer
01-09 11:32:41.145  1086  1254 D ASH     : @ 967231.947: tcs3701: start power rail timer, state:3
01-09 11:32:41.185  1086  1254 I ASH     : @ 967231.987: tcs3701: stop power rail pending_off timer
01-09 11:32:41.185  1086  1254 D ASH     : @ 967231.987: tcs3701: start power rail timer, state:3
01-09 11:32:41.224  1086  1254 I ASH     : @ 967232.027: tcs3701: stop power rail pending_off timer
01-09 11:32:41.225  1086  1254 D ASH     : @ 967232.027: tcs3701: start power rail timer, state:3
01-09 11:32:41.265  1086  1254 I ASH     : @ 967232.067: tcs3701: stop power rail pending_off timer
01-09 11:32:41.265  1086  1254 D ASH     : @ 967232.067: tcs3701: start power rail timer, state:3
01-09 11:32:41.305  1086  1254 I ASH     : @ 967232.107: tcs3701: stop power rail pending_off timer
01-09 11:32:41.305  1086  1254 D ASH     : @ 967232.107: tcs3701: start power rail timer, state:3
01-09 11:32:41.345  1086  1254 I ASH     : @ 967232.147: tcs3701: stop power rail pending_off timer
01-09 11:32:41.345  1086  1254 D ASH     : @ 967232.147: tcs3701: start power rail timer, state:3
01-09 11:32:41.385  1086  1254 I ASH     : @ 967232.187: tcs3701: stop power rail pending_off timer
01-09 11:32:41.385  1086  1254 D ASH     : @ 967232.187: tcs3701: start power rail timer, state:3
01-09 11:32:41.425  1086  1254 I ASH     : @ 967232.227: tcs3701: stop power rail pending_off timer
01-09 11:32:41.425  1086  1254 D ASH     : @ 967232.227: tcs3701: start power rail timer, state:3
01-09 11:32:41.465  1086  1254 I ASH     : @ 967232.267: tcs3701: stop power rail pending_off timer
01-09 11:32:41.465  1086  1254 D ASH     : @ 967232.267: tcs3701: start power rail timer, state:3
01-09 11:32:41.505  1086  1254 I ASH     : @ 967232.307: tcs3701: stop power rail pending_off timer
01-09 11:32:41.505  1086  1254 D ASH     : @ 967232.307: tcs3701: start power rail timer, state:3
01-09 11:32:41.545  1086  1254 I ASH     : @ 967232.347: tcs3701: stop power rail pending_off timer
01-09 11:32:41.545  1086  1254 D ASH     : @ 967232.347: tcs3701: start power rail timer, state:3
01-09 11:32:41.584  1086  1254 I ASH     : @ 967232.387: tcs3701: stop power rail pending_off timer
01-09 11:32:41.585  1086  1254 D ASH     : @ 967232.387: tcs3701: start power rail timer, state:3
01-09 11:32:41.625  1086  1254 I ASH     : @ 967232.427: tcs3701: stop power rail pending_off timer
01-09 11:32:41.625  1086  1254 D ASH     : @ 967232.427: tcs3701: start power rail timer, state:3
01-09 11:32:41.665  1086  1254 I ASH     : @ 967232.467: tcs3701: stop power rail pending_off timer
01-09 11:32:41.665  1086  1254 D ASH     : @ 967232.467: tcs3701: start power rail timer, state:3
01-09 11:32:41.705  1086  1254 I ASH     : @ 967232.507: tcs3701: stop power rail pending_off timer
01-09 11:32:41.705  1086  1254 D ASH     : @ 967232.507: tcs3701: start power rail timer, state:3
01-09 11:32:41.745  1086  1254 I ASH     : @ 967232.547: tcs3701: stop power rail pending_off timer
01-09 11:32:41.745  1086  1254 D ASH     : @ 967232.547: tcs3701: start power rail timer, state:3
01-09 11:32:41.785  1086  1254 I ASH     : @ 967232.587: tcs3701: stop power rail pending_off timer
01-09 11:32:41.785  1086  1254 D ASH     : @ 967232.587: tcs3701: start power rail timer, state:3
01-09 11:32:41.825  1086  1254 I ASH     : @ 967232.627: tcs3701: stop power rail pending_off timer
01-09 11:32:41.825  1086  1254 D ASH     : @ 967232.627: tcs3701: start power rail timer, state:3
01-09 11:32:41.865  1086  1254 I ASH     : @ 967232.667: tcs3701: stop power rail pending_off timer
01-09 11:32:41.865  1086  1254 D ASH     : @ 967232.667: tcs3701: start power rail timer, state:3
01-09 11:32:41.905  1086  1254 I ASH     : @ 967232.707: tcs3701: stop power rail pending_off timer
01-09 11:32:41.905  1086  1254 D ASH     : @ 967232.707: tcs3701: start power rail timer, state:3
01-09 11:32:41.945  1086  1254 I ASH     : @ 967232.747: tcs3701: stop power rail pending_off timer
01-09 11:32:41.945  1086  1254 D ASH     : @ 967232.747: tcs3701: start power rail timer, state:3
01-09 11:32:41.984  1086  1254 I ASH     : @ 967232.787: tcs3701: stop power rail pending_off timer
01-09 11:32:41.985  1086  1254 D ASH     : @ 967232.787: tcs3701: start power rail timer, state:3
01-09 11:32:42.025  1086  1254 I ASH     : @ 967232.827: tcs3701: stop power rail pending_off timer
01-09 11:32:42.025  1086  1254 D ASH     : @ 967232.827: tcs3701: start power rail timer, state:3
01-09 11:32:42.065  1086  1254 I ASH     : @ 967232.867: tcs3701: stop power rail pending_off timer
01-09 11:32:42.065  1086  1254 D ASH     : @ 967232.867: tcs3701: start power rail timer, state:3
01-09 11:32:42.105  1086  1254 I ASH     : @ 967232.907: tcs3701: stop power rail pending_off timer
01-09 11:32:42.105  1086  1254 D ASH     : @ 967232.907: tcs3701: start power rail timer, state:3
01-09 11:32:42.145  1086  1254 I ASH     : @ 967232.947: tcs3701: stop power rail pending_off timer
01-09 11:32:42.145  1086  1254 D ASH     : @ 967232.947: tcs3701: start power rail timer, state:3
01-09 11:32:42.184  1086  1254 I ASH     : @ 967232.987: tcs3701: stop power rail pending_off timer
01-09 11:32:42.185  1086  1254 D ASH     : @ 967232.987: tcs3701: start power rail timer, state:3
01-09 11:32:42.225  1086  1254 I ASH     : @ 967233.027: tcs3701: stop power rail pending_off timer
01-09 11:32:42.225  1086  1254 D ASH     : @ 967233.027: tcs3701: start power rail timer, state:3
01-09 11:32:42.264  1086  1254 I ASH     : @ 967233.067: tcs3701: stop power rail pending_off timer
01-09 11:32:42.265  1086  1254 D ASH     : @ 967233.067: tcs3701: start power rail timer, state:3
01-09 11:32:42.304  1086  1254 I ASH     : @ 967233.107: tcs3701: stop power rail pending_off timer
01-09 11:32:42.305  1086  1254 D ASH     : @ 967233.107: tcs3701: start power rail timer, state:3
01-09 11:32:42.345  1086  1254 I ASH     : @ 967233.147: tcs3701: stop power rail pending_off timer
01-09 11:32:42.345  1086  1254 D ASH     : @ 967233.147: tcs3701: start power rail timer, state:3
01-09 11:32:42.384  1086  1254 I ASH     : @ 967233.187: tcs3701: stop power rail pending_off timer
01-09 11:32:42.385  1086  1254 D ASH     : @ 967233.187: tcs3701: start power rail timer, state:3
01-09 11:32:42.425  1086  1254 I ASH     : @ 967233.227: tcs3701: stop power rail pending_off timer
01-09 11:32:42.425  1086  1254 D ASH     : @ 967233.227: tcs3701: start power rail timer, state:3
01-09 11:32:42.465  1086  1254 I ASH     : @ 967233.267: tcs3701: stop power rail pending_off timer
01-09 11:32:42.465  1086  1254 D ASH     : @ 967233.267: tcs3701: start power rail timer, state:3
01-09 11:32:42.505  1086  1254 I ASH     : @ 967233.307: tcs3701: stop power rail pending_off timer
01-09 11:32:42.505  1086  1254 D ASH     : @ 967233.307: tcs3701: start power rail timer, state:3
01-09 11:32:42.545  1086  1254 I ASH     : @ 967233.347: tcs3701: stop power rail pending_off timer
01-09 11:32:42.545  1086  1254 D ASH     : @ 967233.347: tcs3701: start power rail timer, state:3
01-09 11:32:42.585  1086  1254 I ASH     : @ 967233.387: tcs3701: stop power rail pending_off timer
01-09 11:32:42.585  1086  1254 D ASH     : @ 967233.387: tcs3701: start power rail timer, state:3
01-09 11:32:42.624  1086  1254 I ASH     : @ 967233.427: tcs3701: stop power rail pending_off timer
01-09 11:32:42.625  1086  1254 D ASH     : @ 967233.427: tcs3701: start power rail timer, state:3
01-09 11:32:42.664  1086  1254 I ASH     : @ 967233.467: tcs3701: stop power rail pending_off timer
01-09 11:32:42.665  1086  1254 D ASH     : @ 967233.467: tcs3701: start power rail timer, state:3
01-09 11:32:42.705  1086  1254 I ASH     : @ 967233.507: tcs3701: stop power rail pending_off timer
01-09 11:32:42.705  1086  1254 D ASH     : @ 967233.507: tcs3701: start power rail timer, state:3
01-09 11:32:42.744  1086  1254 I ASH     : @ 967233.547: tcs3701: stop power rail pending_off timer
01-09 11:32:42.745  1086  1254 D ASH     : @ 967233.547: tcs3701: start power rail timer, state:3
01-09 11:32:42.785  1086  1254 I ASH     : @ 967233.587: tcs3701: stop power rail pending_off timer
01-09 11:32:42.785  1086  1254 D ASH     : @ 967233.587: tcs3701: start power rail timer, state:3
01-09 11:32:42.825  1086  1254 I ASH     : @ 967233.627: tcs3701: stop power rail pending_off timer
01-09 11:32:42.825  1086  1254 D ASH     : @ 967233.627: tcs3701: start power rail timer, state:3
01-09 11:32:42.865  1086  1254 I ASH     : @ 967233.667: tcs3701: stop power rail pending_off timer
01-09 11:32:42.865  1086  1254 D ASH     : @ 967233.667: tcs3701: start power rail timer, state:3
01-09 11:32:42.905  1086  1254 I ASH     : @ 967233.707: tcs3701: stop power rail pending_off timer
01-09 11:32:42.905  1086  1254 D ASH     : @ 967233.707: tcs3701: start power rail timer, state:3
01-09 11:32:42.945  1086  1254 I ASH     : @ 967233.747: tcs3701: stop power rail pending_off timer
01-09 11:32:42.945  1086  1254 D ASH     : @ 967233.747: tcs3701: start power rail timer, state:3
01-09 11:32:42.985  1086  1254 I ASH     : @ 967233.787: tcs3701: stop power rail pending_off timer
01-09 11:32:42.985  1086  1254 D ASH     : @ 967233.787: tcs3701: start power rail timer, state:3
01-09 11:32:43.025  1086  1254 I ASH     : @ 967233.827: tcs3701: stop power rail pending_off timer
01-09 11:32:43.025  1086  1254 D ASH     : @ 967233.827: tcs3701: start power rail timer, state:3
01-09 11:32:43.065  1086  1254 I ASH     : @ 967233.867: tcs3701: stop power rail pending_off timer
01-09 11:32:43.065  1086  1254 D ASH     : @ 967233.867: tcs3701: start power rail timer, state:3
01-09 11:32:43.105  1086  1254 I ASH     : @ 967233.907: tcs3701: stop power rail pending_off timer
01-09 11:32:43.105  1086  1254 D ASH     : @ 967233.907: tcs3701: start power rail timer, state:3
01-09 11:32:43.144  1086  1254 I ASH     : @ 967233.947: tcs3701: stop power rail pending_off timer
01-09 11:32:43.145  1086  1254 D ASH     : @ 967233.947: tcs3701: start power rail timer, state:3
01-09 11:32:43.185  1086  1254 I ASH     : @ 967233.987: tcs3701: stop power rail pending_off timer
01-09 11:32:43.185  1086  1254 D ASH     : @ 967233.987: tcs3701: start power rail timer, state:3
01-09 11:32:43.225  1086  1254 I ASH     : @ 967234.027: tcs3701: stop power rail pending_off timer
01-09 11:32:43.225  1086  1254 D ASH     : @ 967234.027: tcs3701: start power rail timer, state:3
01-09 11:32:43.265  1086  1254 I ASH     : @ 967234.067: tcs3701: stop power rail pending_off timer
01-09 11:32:43.265  1086  1254 D ASH     : @ 967234.067: tcs3701: start power rail timer, state:3
01-09 11:32:43.305  1086  1254 I ASH     : @ 967234.107: tcs3701: stop power rail pending_off timer
01-09 11:32:43.305  1086  1254 D ASH     : @ 967234.107: tcs3701: start power rail timer, state:3
01-09 11:32:43.345  1086  1254 I ASH     : @ 967234.147: tcs3701: stop power rail pending_off timer
01-09 11:32:43.345  1086  1254 D ASH     : @ 967234.147: tcs3701: start power rail timer, state:3
01-09 11:32:43.385  1086  1254 I ASH     : @ 967234.187: tcs3701: stop power rail pending_off timer
01-09 11:32:43.385  1086  1254 D ASH     : @ 967234.187: tcs3701: start power rail timer, state:3
01-09 11:32:43.424  1086  1254 I ASH     : @ 967234.227: tcs3701: stop power rail pending_off timer
01-09 11:32:43.425  1086  1254 D ASH     : @ 967234.227: tcs3701: start power rail timer, state:3
01-09 11:32:43.465  1086  1254 I ASH     : @ 967234.267: tcs3701: stop power rail pending_off timer
01-09 11:32:43.465  1086  1254 D ASH     : @ 967234.267: tcs3701: start power rail timer, state:3
01-09 11:32:43.505  1086  1254 I ASH     : @ 967234.307: tcs3701: stop power rail pending_off timer
01-09 11:32:43.505  1086  1254 D ASH     : @ 967234.307: tcs3701: start power rail timer, state:3
01-09 11:32:43.545  1086  1254 I ASH     : @ 967234.347: tcs3701: stop power rail pending_off timer
01-09 11:32:43.545  1086  1254 D ASH     : @ 967234.347: tcs3701: start power rail timer, state:3
01-09 11:32:43.585  1086  1254 I ASH     : @ 967234.387: tcs3701: stop power rail pending_off timer
01-09 11:32:43.585  1086  1254 D ASH     : @ 967234.387: tcs3701: start power rail timer, state:3
01-09 11:32:43.624  1086  1254 I ASH     : @ 967234.427: tcs3701: stop power rail pending_off timer
01-09 11:32:43.625  1086  1254 D ASH     : @ 967234.427: tcs3701: start power rail timer, state:3
01-09 11:32:43.665  1086  1254 I ASH     : @ 967234.467: tcs3701: stop power rail pending_off timer
01-09 11:32:43.665  1086  1254 D ASH     : @ 967234.467: tcs3701: start power rail timer, state:3
01-09 11:32:43.705  1086  1254 I ASH     : @ 967234.507: tcs3701: stop power rail pending_off timer
01-09 11:32:43.705  1086  1254 D ASH     : @ 967234.507: tcs3701: start power rail timer, state:3
01-09 11:32:43.729 26141 26160 I Unity   : [showcase] frame cost — layout: the variant shelf at 1080x2340 over 240 frames — tick 0.01 ms, draw mean 0.17 p50 0.17 p95 0.22 max 0.27 ms (5483.3 fps if unpaced)
01-09 11:32:43.729 26141 26160 I Unity   : UnityEngine.DebugLogHandler:Internal_Log(LogType, LogOption, String, Object)
01-09 11:32:43.729 26141 26160 I Unity   : Driftsys.Dashscene.Samples.DashsceneShowcase:Update()
01-09 11:32:43.729 26141 26160 I Unity   : 
01-09 11:32:43.745  1086  1254 I ASH     : @ 967234.547: tcs3701: stop power rail pending_off timer
01-09 11:32:43.745  1086  1254 D ASH     : @ 967234.547: tcs3701: start power rail timer, state:3
01-09 11:32:43.784  1086  1254 I ASH     : @ 967234.587: tcs3701: stop power rail pending_off timer
01-09 11:32:43.785  1086  1254 D ASH     : @ 967234.587: tcs3701: start power rail timer, state:3
01-09 11:32:43.825  1086  1254 I ASH     : @ 967234.627: tcs3701: stop power rail pending_off timer
01-09 11:32:43.825  1086  1254 D ASH     : @ 967234.627: tcs3701: start power rail timer, state:3
01-09 11:32:43.865  1086  1254 I ASH     : @ 967234.667: tcs3701: stop power rail pending_off timer
01-09 11:32:43.865  1086  1254 D ASH     : @ 967234.667: tcs3701: start power rail timer, state:3
01-09 11:32:43.905  1086  1254 I ASH     : @ 967234.707: tcs3701: stop power rail pending_off timer
01-09 11:32:43.905  1086  1254 D ASH     : @ 967234.707: tcs3701: start power rail timer, state:3
01-09 11:32:43.944  1086  1254 I ASH     : @ 967234.747: tcs3701: stop power rail pending_off timer
01-09 11:32:43.945  1086  1254 D ASH     : @ 967234.747: tcs3701: start power rail timer, state:3
01-09 11:32:43.984  1086  1254 I ASH     : @ 967234.787: tcs3701: stop power rail pending_off timer
01-09 11:32:43.985  1086  1254 D ASH     : @ 967234.787: tcs3701: start power rail timer, state:3
01-09 11:32:44.025  1086  1254 I ASH     : @ 967234.827: tcs3701: stop power rail pending_off timer
01-09 11:32:44.025  1086  1254 D ASH     : @ 967234.827: tcs3701: start power rail timer, state:3
01-09 11:32:44.065  1086  1254 I ASH     : @ 967234.867: tcs3701: stop power rail pending_off timer
01-09 11:32:44.065  1086  1254 D ASH     : @ 967234.867: tcs3701: start power rail timer, state:3
01-09 11:32:44.105  1086  1254 I ASH     : @ 967234.907: tcs3701: stop power rail pending_off timer
01-09 11:32:44.105  1086  1254 D ASH     : @ 967234.907: tcs3701: start power rail timer, state:3
01-09 11:32:44.144  1086  1254 I ASH     : @ 967234.947: tcs3701: stop power rail pending_off timer
01-09 11:32:44.145  1086  1254 D ASH     : @ 967234.947: tcs3701: start power rail timer, state:3
01-09 11:32:44.185  1086  1254 I ASH     : @ 967234.987: tcs3701: stop power rail pending_off timer
01-09 11:32:44.185  1086  1254 D ASH     : @ 967234.987: tcs3701: start power rail timer, state:3
01-09 11:32:44.224  1086  1254 I ASH     : @ 967235.027: tcs3701: stop power rail pending_off timer
01-09 11:32:44.225  1086  1254 D ASH     : @ 967235.027: tcs3701: start power rail timer, state:3
01-09 11:32:44.265  1086  1254 I ASH     : @ 967235.067: tcs3701: stop power rail pending_off timer
01-09 11:32:44.265  1086  1254 D ASH     : @ 967235.067: tcs3701: start power rail timer, state:3
01-09 11:32:44.305  1086  1254 I ASH     : @ 967235.107: tcs3701: stop power rail pending_off timer
01-09 11:32:44.305  1086  1254 D ASH     : @ 967235.107: tcs3701: start power rail timer, state:3
01-09 11:32:44.344  1086  1254 I ASH     : @ 967235.147: tcs3701: stop power rail pending_off timer
01-09 11:32:44.345  1086  1254 D ASH     : @ 967235.147: tcs3701: start power rail timer, state:3
01-09 11:32:44.385  1086  1254 I ASH     : @ 967235.187: tcs3701: stop power rail pending_off timer
01-09 11:32:44.385  1086  1254 D ASH     : @ 967235.187: tcs3701: start power rail timer, state:3
01-09 11:32:44.425  1086  1254 I ASH     : @ 967235.227: tcs3701: stop power rail pending_off timer
01-09 11:32:44.425  1086  1254 D ASH     : @ 967235.227: tcs3701: start power rail timer, state:3
01-09 11:32:44.465  1086  1254 I ASH     : @ 967235.267: tcs3701: stop power rail pending_off timer
01-09 11:32:44.465  1086  1254 D ASH     : @ 967235.267: tcs3701: start power rail timer, state:3
01-09 11:32:44.505  1086  1254 I ASH     : @ 967235.307: tcs3701: stop power rail pending_off timer
01-09 11:32:44.505  1086  1254 D ASH     : @ 967235.307: tcs3701: start power rail timer, state:3
01-09 11:32:44.544  1086  1254 I ASH     : @ 967235.347: tcs3701: stop power rail pending_off timer
01-09 11:32:44.545  1086  1254 D ASH     : @ 967235.347: tcs3701: start power rail timer, state:3
01-09 11:32:44.585  1086  1254 I ASH     : @ 967235.387: tcs3701: stop power rail pending_off timer
01-09 11:32:44.585  1086  1254 D ASH     : @ 967235.387: tcs3701: start power rail timer, state:3
01-09 11:32:44.625  1086  1254 I ASH     : @ 967235.427: tcs3701: stop power rail pending_off timer
01-09 11:32:44.625  1086  1254 D ASH     : @ 967235.427: tcs3701: start power rail timer, state:3
01-09 11:32:44.665  1086  1254 I ASH     : @ 967235.467: tcs3701: stop power rail pending_off timer
01-09 11:32:44.665  1086  1254 D ASH     : @ 967235.467: tcs3701: start power rail timer, state:3
01-09 11:32:44.705  1086  1254 I ASH     : @ 967235.507: tcs3701: stop power rail pending_off timer
01-09 11:32:44.705  1086  1254 D ASH     : @ 967235.507: tcs3701: start power rail timer, state:3
01-09 11:32:44.745  1086  1254 I ASH     : @ 967235.547: tcs3701: stop power rail pending_off timer
01-09 11:32:44.745  1086  1254 D ASH     : @ 967235.547: tcs3701: start power rail timer, state:3
01-09 11:32:44.785  1086  1254 I ASH     : @ 967235.587: tcs3701: stop power rail pending_off timer
01-09 11:32:44.785  1086  1254 D ASH     : @ 967235.587: tcs3701: start power rail timer, state:3
01-09 11:32:44.825  1086  1254 I ASH     : @ 967235.627: tcs3701: stop power rail pending_off timer
01-09 11:32:44.825  1086  1254 D ASH     : @ 967235.627: tcs3701: start power rail timer, state:3
01-09 11:32:44.865  1086  1254 I ASH     : @ 967235.667: tcs3701: stop power rail pending_off timer
01-09 11:32:44.865  1086  1254 D ASH     : @ 967235.667: tcs3701: start power rail timer, state:3
01-09 11:32:44.905  1086  1254 I ASH     : @ 967235.707: tcs3701: stop power rail pending_off timer
01-09 11:32:44.905  1086  1254 D ASH     : @ 967235.707: tcs3701: start power rail timer, state:3
01-09 11:32:44.944  1086  1254 I ASH     : @ 967235.747: tcs3701: stop power rail pending_off timer
01-09 11:32:44.945  1086  1254 D ASH     : @ 967235.747: tcs3701: start power rail timer, state:3
01-09 11:32:44.985  1086  1254 I ASH     : @ 967235.787: tcs3701: stop power rail pending_off timer
01-09 11:32:44.985  1086  1254 D ASH     : @ 967235.787: tcs3701: start power rail timer, state:3
01-09 11:32:45.025  1086  1254 I ASH     : @ 967235.827: tcs3701: stop power rail pending_off timer
01-09 11:32:45.025  1086  1254 D ASH     : @ 967235.827: tcs3701: start power rail timer, state:3
01-09 11:32:45.065  1086  1254 I ASH     : @ 967235.867: tcs3701: stop power rail pending_off timer
01-09 11:32:45.065  1086  1254 D ASH     : @ 967235.867: tcs3701: start power rail timer, state:3
01-09 11:32:45.105  1086  1254 I ASH     : @ 967235.907: tcs3701: stop power rail pending_off timer
01-09 11:32:45.105  1086  1254 D ASH     : @ 967235.907: tcs3701: start power rail timer, state:3
01-09 11:32:45.145  1086  1254 I ASH     : @ 967235.947: tcs3701: stop power rail pending_off timer
01-09 11:32:45.145  1086  1254 D ASH     : @ 967235.947: tcs3701: start power rail timer, state:3
01-09 11:32:45.185  1086  1254 I ASH     : @ 967235.987: tcs3701: stop power rail pending_off timer
01-09 11:32:45.185  1086  1254 D ASH     : @ 967235.987: tcs3701: start power rail timer, state:3
01-09 11:32:45.225  1086  1254 I ASH     : @ 967236.027: tcs3701: stop power rail pending_off timer
01-09 11:32:45.225  1086  1254 D ASH     : @ 967236.027: tcs3701: start power rail timer, state:3
01-09 11:32:45.265  1086  1254 I ASH     : @ 967236.067: tcs3701: stop power rail pending_off timer
01-09 11:32:45.265  1086  1254 D ASH     : @ 967236.067: tcs3701: start power rail timer, state:3
01-09 11:32:45.305  1086  1254 I ASH     : @ 967236.107: tcs3701: stop power rail pending_off timer
01-09 11:32:45.305  1086  1254 D ASH     : @ 967236.107: tcs3701: start power rail timer, state:3
01-09 11:32:45.345  1086  1254 I ASH     : @ 967236.147: tcs3701: stop power rail pending_off timer
01-09 11:32:45.345  1086  1254 D ASH     : @ 967236.147: tcs3701: start power rail timer, state:3
01-09 11:32:45.385  1086  1254 I ASH     : @ 967236.187: tcs3701: stop power rail pending_off timer
01-09 11:32:45.385  1086  1254 D ASH     : @ 967236.187: tcs3701: start power rail timer, state:3
01-09 11:32:45.425  1086  1254 I ASH     : @ 967236.227: tcs3701: stop power rail pending_off timer
01-09 11:32:45.425  1086  1254 D ASH     : @ 967236.227: tcs3701: start power rail timer, state:3
01-09 11:32:45.465  1086  1254 I ASH     : @ 967236.267: tcs3701: stop power rail pending_off timer
01-09 11:32:45.465  1086  1254 D ASH     : @ 967236.267: tcs3701: start power rail timer, state:3
01-09 11:32:45.505  1086  1254 I ASH     : @ 967236.307: tcs3701: stop power rail pending_off timer
01-09 11:32:45.505  1086  1254 D ASH     : @ 967236.307: tcs3701: start power rail timer, state:3
01-09 11:32:45.545  1086  1254 I ASH     : @ 967236.347: tcs3701: stop power rail pending_off timer
01-09 11:32:45.545  1086  1254 D ASH     : @ 967236.347: tcs3701: start power rail timer, state:3
01-09 11:32:45.585  1086  1254 I ASH     : @ 967236.387: tcs3701: stop power rail pending_off timer
01-09 11:32:45.585  1086  1254 D ASH     : @ 967236.387: tcs3701: start power rail timer, state:3
01-09 11:32:45.625  1086  1254 I ASH     : @ 967236.427: tcs3701: stop power rail pending_off timer
01-09 11:32:45.625  1086  1254 D ASH     : @ 967236.427: tcs3701: start power rail timer, state:3
01-09 11:32:45.664  1086  1254 I ASH     : @ 967236.467: tcs3701: stop power rail pending_off timer
01-09 11:32:45.665  1086  1254 D ASH     : @ 967236.467: tcs3701: start power rail timer, state:3
01-09 11:32:45.705  1086  1254 I ASH     : @ 967236.507: tcs3701: stop power rail pending_off timer
01-09 11:32:45.705  1086  1254 D ASH     : @ 967236.507: tcs3701: start power rail timer, state:3
01-09 11:32:45.745  1086  1254 I ASH     : @ 967236.547: tcs3701: stop power rail pending_off timer
01-09 11:32:45.745  1086  1254 D ASH     : @ 967236.547: tcs3701: start power rail timer, state:3
01-09 11:32:45.784  1086  1254 I ASH     : @ 967236.587: tcs3701: stop power rail pending_off timer
01-09 11:32:45.785  1086  1254 D ASH     : @ 967236.587: tcs3701: start power rail timer, state:3
01-09 11:32:45.825  1086  1254 I ASH     : @ 967236.627: tcs3701: stop power rail pending_off timer
01-09 11:32:45.825  1086  1254 D ASH     : @ 967236.627: tcs3701: start power rail timer, state:3
01-09 11:32:45.865  1086  1254 I ASH     : @ 967236.667: tcs3701: stop power rail pending_off timer
01-09 11:32:45.865  1086  1254 D ASH     : @ 967236.667: tcs3701: start power rail timer, state:3
01-09 11:32:45.904  1086  1254 I ASH     : @ 967236.707: tcs3701: stop power rail pending_off timer
01-09 11:32:45.905  1086  1254 D ASH     : @ 967236.707: tcs3701: start power rail timer, state:3
01-09 11:32:45.945  1086  1254 I ASH     : @ 967236.747: tcs3701: stop power rail pending_off timer
01-09 11:32:45.945  1086  1254 D ASH     : @ 967236.747: tcs3701: start power rail timer, state:3
01-09 11:32:45.984  1086  1254 I ASH     : @ 967236.787: tcs3701: stop power rail pending_off timer
01-09 11:32:45.985  1086  1254 D ASH     : @ 967236.787: tcs3701: start power rail timer, state:3
01-09 11:32:46.025  1086  1254 I ASH     : @ 967236.827: tcs3701: stop power rail pending_off timer
01-09 11:32:46.025  1086  1254 D ASH     : @ 967236.827: tcs3701: start power rail timer, state:3
01-09 11:32:46.065  1086  1254 I ASH     : @ 967236.867: tcs3701: stop power rail pending_off timer
01-09 11:32:46.065  1086  1254 D ASH     : @ 967236.867: tcs3701: start power rail timer, state:3
01-09 11:32:46.105  1086  1254 I ASH     : @ 967236.907: tcs3701: stop power rail pending_off timer
01-09 11:32:46.105  1086  1254 D ASH     : @ 967236.907: tcs3701: start power rail timer, state:3
01-09 11:32:46.145  1086  1254 I ASH     : @ 967236.947: tcs3701: stop power rail pending_off timer
01-09 11:32:46.145  1086  1254 D ASH     : @ 967236.947: tcs3701: start power rail timer, state:3
01-09 11:32:46.185  1086  1254 I ASH     : @ 967236.987: tcs3701: stop power rail pending_off timer
01-09 11:32:46.185  1086  1254 D ASH     : @ 967236.987: tcs3701: start power rail timer, state:3
01-09 11:32:46.225  1086  1254 I ASH     : @ 967237.027: tcs3701: stop power rail pending_off timer
01-09 11:32:46.225  1086  1254 D ASH     : @ 967237.027: tcs3701: start power rail timer, state:3
01-09 11:32:46.265  1086  1254 I ASH     : @ 967237.067: tcs3701: stop power rail pending_off timer
01-09 11:32:46.265  1086  1254 D ASH     : @ 967237.067: tcs3701: start power rail timer, state:3
01-09 11:32:46.305  1086  1254 I ASH     : @ 967237.107: tcs3701: stop power rail pending_off timer
01-09 11:32:46.305  1086  1254 D ASH     : @ 967237.107: tcs3701: start power rail timer, state:3
01-09 11:32:46.345  1086  1254 I ASH     : @ 967237.147: tcs3701: stop power rail pending_off timer
01-09 11:32:46.345  1086  1254 D ASH     : @ 967237.147: tcs3701: start power rail timer, state:3
01-09 11:32:46.386  1086  1254 I ASH     : @ 967237.187: tcs3701: stop power rail pending_off timer
01-09 11:32:46.386  1086  1254 D ASH     : @ 967237.187: tcs3701: start power rail timer, state:3
01-09 11:32:46.425  1086  1254 I ASH     : @ 967237.227: tcs3701: stop power rail pending_off timer
01-09 11:32:46.425  1086  1254 D ASH     : @ 967237.227: tcs3701: start power rail timer, state:3
01-09 11:32:46.465  1086  1254 I ASH     : @ 967237.267: tcs3701: stop power rail pending_off timer
01-09 11:32:46.465  1086  1254 D ASH     : @ 967237.267: tcs3701: start power rail timer, state:3
01-09 11:32:46.505  1086  1254 I ASH     : @ 967237.307: tcs3701: stop power rail pending_off timer
01-09 11:32:46.505  1086  1254 D ASH     : @ 967237.307: tcs3701: start power rail timer, state:3
01-09 11:32:46.545  1086  1254 I ASH     : @ 967237.347: tcs3701: stop power rail pending_off timer
01-09 11:32:46.545  1086  1254 D ASH     : @ 967237.347: tcs3701: start power rail timer, state:3
01-09 11:32:46.585  1086  1254 I ASH     : @ 967237.387: tcs3701: stop power rail pending_off timer
01-09 11:32:46.585  1086  1254 D ASH     : @ 967237.387: tcs3701: start power rail timer, state:3
01-09 11:32:46.625  1086  1254 I ASH     : @ 967237.427: tcs3701: stop power rail pending_off timer
01-09 11:32:46.625  1086  1254 D ASH     : @ 967237.427: tcs3701: start power rail timer, state:3
01-09 11:32:46.665  1086  1254 I ASH     : @ 967237.467: tcs3701: stop power rail pending_off timer
01-09 11:32:46.665  1086  1254 D ASH     : @ 967237.467: tcs3701: start power rail timer, state:3
01-09 11:32:46.705  1086  1254 I ASH     : @ 967237.507: tcs3701: stop power rail pending_off timer
01-09 11:32:46.705  1086  1254 D ASH     : @ 967237.507: tcs3701: start power rail timer, state:3
01-09 11:32:46.745  1086  1254 I ASH     : @ 967237.547: tcs3701: stop power rail pending_off timer
01-09 11:32:46.745  1086  1254 D ASH     : @ 967237.547: tcs3701: start power rail timer, state:3
01-09 11:32:46.785  1086  1254 I ASH     : @ 967237.587: tcs3701: stop power rail pending_off timer
01-09 11:32:46.785  1086  1254 D ASH     : @ 967237.587: tcs3701: start power rail timer, state:3
01-09 11:32:46.825  1086  1254 I ASH     : @ 967237.627: tcs3701: stop power rail pending_off timer
01-09 11:32:46.825  1086  1254 D ASH     : @ 967237.627: tcs3701: start power rail timer, state:3
01-09 11:32:46.865  1086  1254 I ASH     : @ 967237.667: tcs3701: stop power rail pending_off timer
01-09 11:32:46.865  1086  1254 D ASH     : @ 967237.667: tcs3701: start power rail timer, state:3
01-09 11:32:46.905  1086  1254 I ASH     : @ 967237.707: tcs3701: stop power rail pending_off timer
01-09 11:32:46.905  1086  1254 D ASH     : @ 967237.707: tcs3701: start power rail timer, state:3
01-09 11:32:46.945  1086  1254 I ASH     : @ 967237.747: tcs3701: stop power rail pending_off timer
01-09 11:32:46.945  1086  1254 D ASH     : @ 967237.747: tcs3701: start power rail timer, state:3
01-09 11:32:46.985  1086  1254 I ASH     : @ 967237.787: tcs3701: stop power rail pending_off timer
01-09 11:32:46.985  1086  1254 D ASH     : @ 967237.787: tcs3701: start power rail timer, state:3
01-09 11:32:47.025  1086  1254 I ASH     : @ 967237.827: tcs3701: stop power rail pending_off timer
01-09 11:32:47.025  1086  1254 D ASH     : @ 967237.827: tcs3701: start power rail timer, state:3
01-09 11:32:47.065  1086  1254 I ASH     : @ 967237.867: tcs3701: stop power rail pending_off timer
01-09 11:32:47.065  1086  1254 D ASH     : @ 967237.867: tcs3701: start power rail timer, state:3
01-09 11:32:47.104  1086  1254 I ASH     : @ 967237.907: tcs3701: stop power rail pending_off timer
01-09 11:32:47.105  1086  1254 D ASH     : @ 967237.907: tcs3701: start power rail timer, state:3
01-09 11:32:47.145  1086  1254 I ASH     : @ 967237.947: tcs3701: stop power rail pending_off timer
01-09 11:32:47.145  1086  1254 D ASH     : @ 967237.947: tcs3701: start power rail timer, state:3
01-09 11:32:47.185  1086  1254 I ASH     : @ 967237.987: tcs3701: stop power rail pending_off timer
01-09 11:32:47.185  1086  1254 D ASH     : @ 967237.987: tcs3701: start power rail timer, state:3
01-09 11:32:47.225  1086  1254 I ASH     : @ 967238.027: tcs3701: stop power rail pending_off timer
01-09 11:32:47.225  1086  1254 D ASH     : @ 967238.027: tcs3701: start power rail timer, state:3
01-09 11:32:47.265  1086  1254 I ASH     : @ 967238.067: tcs3701: stop power rail pending_off timer
01-09 11:32:47.265  1086  1254 D ASH     : @ 967238.067: tcs3701: start power rail timer, state:3
01-09 11:32:47.305  1086  1254 I ASH     : @ 967238.107: tcs3701: stop power rail pending_off timer
01-09 11:32:47.305  1086  1254 D ASH     : @ 967238.107: tcs3701: start power rail timer, state:3
01-09 11:32:47.345  1086  1254 I ASH     : @ 967238.147: tcs3701: stop power rail pending_off timer
01-09 11:32:47.345  1086  1254 D ASH     : @ 967238.147: tcs3701: start power rail timer, state:3
01-09 11:32:47.385  1086  1254 I ASH     : @ 967238.187: tcs3701: stop power rail pending_off timer
01-09 11:32:47.385  1086  1254 D ASH     : @ 967238.187: tcs3701: start power rail timer, state:3
01-09 11:32:47.425  1086  1254 I ASH     : @ 967238.227: tcs3701: stop power rail pending_off timer
01-09 11:32:47.425  1086  1254 D ASH     : @ 967238.227: tcs3701: start power rail timer, state:3
01-09 11:32:47.465  1086  1254 I ASH     : @ 967238.267: tcs3701: stop power rail pending_off timer
01-09 11:32:47.465  1086  1254 D ASH     : @ 967238.267: tcs3701: start power rail timer, state:3
01-09 11:32:47.505  1086  1254 I ASH     : @ 967238.307: tcs3701: stop power rail pending_off timer
01-09 11:32:47.505  1086  1254 D ASH     : @ 967238.307: tcs3701: start power rail timer, state:3
01-09 11:32:47.545  1086  1254 I ASH     : @ 967238.347: tcs3701: stop power rail pending_off timer
01-09 11:32:47.545  1086  1254 D ASH     : @ 967238.347: tcs3701: start power rail timer, state:3
01-09 11:32:47.585  1086  1254 I ASH     : @ 967238.387: tcs3701: stop power rail pending_off timer
01-09 11:32:47.585  1086  1254 D ASH     : @ 967238.387: tcs3701: start power rail timer, state:3
01-09 11:32:47.625  1086  1254 I ASH     : @ 967238.427: tcs3701: stop power rail pending_off timer
01-09 11:32:47.625  1086  1254 D ASH     : @ 967238.427: tcs3701: start power rail timer, state:3
01-09 11:32:47.665  1086  1254 I ASH     : @ 967238.467: tcs3701: stop power rail pending_off timer
01-09 11:32:47.665  1086  1254 D ASH     : @ 967238.467: tcs3701: start power rail timer, state:3
01-09 11:32:47.705  1086  1254 I ASH     : @ 967238.507: tcs3701: stop power rail pending_off timer
01-09 11:32:47.705  1086  1254 D ASH     : @ 967238.507: tcs3701: start power rail timer, state:3
01-09 11:32:47.745  1086  1254 I ASH     : @ 967238.547: tcs3701: stop power rail pending_off timer
01-09 11:32:47.745  1086  1254 D ASH     : @ 967238.547: tcs3701: start power rail timer, state:3
01-09 11:32:47.785  1086  1254 I ASH     : @ 967238.587: tcs3701: stop power rail pending_off timer
01-09 11:32:47.785  1086  1254 D ASH     : @ 967238.587: tcs3701: start power rail timer, state:3
01-09 11:32:47.825  1086  1254 I ASH     : @ 967238.627: tcs3701: stop power rail pending_off timer
01-09 11:32:47.825  1086  1254 D ASH     : @ 967238.627: tcs3701: start power rail timer, state:3
01-09 11:32:47.864  1086  1254 I ASH     : @ 967238.667: tcs3701: stop power rail pending_off timer
01-09 11:32:47.865  1086  1254 D ASH     : @ 967238.667: tcs3701: start power rail timer, state:3
01-09 11:32:47.905  1086  1254 I ASH     : @ 967238.707: tcs3701: stop power rail pending_off timer
01-09 11:32:47.905  1086  1254 D ASH     : @ 967238.707: tcs3701: start power rail timer, state:3
01-09 11:32:47.945  1086  1254 I ASH     : @ 967238.747: tcs3701: stop power rail pending_off timer
01-09 11:32:47.945  1086  1254 D ASH     : @ 967238.747: tcs3701: start power rail timer, state:3
01-09 11:32:47.984  1086  1254 I ASH     : @ 967238.787: tcs3701: stop power rail pending_off timer
01-09 11:32:47.985  1086  1254 D ASH     : @ 967238.787: tcs3701: start power rail timer, state:3
01-09 11:32:48.025  1086  1254 I ASH     : @ 967238.827: tcs3701: stop power rail pending_off timer
01-09 11:32:48.025  1086  1254 D ASH     : @ 967238.827: tcs3701: start power rail timer, state:3
01-09 11:32:48.064  1086  1254 I ASH     : @ 967238.867: tcs3701: stop power rail pending_off timer
01-09 11:32:48.065  1086  1254 D ASH     : @ 967238.867: tcs3701: start power rail timer, state:3
01-09 11:32:48.105  1086  1254 I ASH     : @ 967238.907: tcs3701: stop power rail pending_off timer
01-09 11:32:48.105  1086  1254 D ASH     : @ 967238.907: tcs3701: start power rail timer, state:3
01-09 11:32:48.145  1086  1254 I ASH     : @ 967238.947: tcs3701: stop power rail pending_off timer
01-09 11:32:48.145  1086  1254 D ASH     : @ 967238.947: tcs3701: start power rail timer, state:3
01-09 11:32:48.185  1086  1254 I ASH     : @ 967238.987: tcs3701: stop power rail pending_off timer
01-09 11:32:48.185  1086  1254 D ASH     : @ 967238.987: tcs3701: start power rail timer, state:3
01-09 11:32:48.225  1086  1254 I ASH     : @ 967239.027: tcs3701: stop power rail pending_off timer
01-09 11:32:48.225  1086  1254 D ASH     : @ 967239.027: tcs3701: start power rail timer, state:3
01-09 11:32:48.265  1086  1254 I ASH     : @ 967239.067: tcs3701: stop power rail pending_off timer
01-09 11:32:48.265  1086  1254 D ASH     : @ 967239.067: tcs3701: start power rail timer, state:3
01-09 11:32:48.305  1086  1254 I ASH     : @ 967239.107: tcs3701: stop power rail pending_off timer
01-09 11:32:48.305  1086  1254 D ASH     : @ 967239.107: tcs3701: start power rail timer, state:3
01-09 11:32:48.345  1086  1254 I ASH     : @ 967239.147: tcs3701: stop power rail pending_off timer
01-09 11:32:48.345  1086  1254 D ASH     : @ 967239.147: tcs3701: start power rail timer, state:3
01-09 11:32:48.385  1086  1254 I ASH     : @ 967239.187: tcs3701: stop power rail pending_off timer
01-09 11:32:48.385  1086  1254 D ASH     : @ 967239.187: tcs3701: start power rail timer, state:3
01-09 11:32:48.425  1086  1254 I ASH     : @ 967239.227: tcs3701: stop power rail pending_off timer
01-09 11:32:48.425  1086  1254 D ASH     : @ 967239.227: tcs3701: start power rail timer, state:3
01-09 11:32:48.465  1086  1254 I ASH     : @ 967239.267: tcs3701: stop power rail pending_off timer
01-09 11:32:48.465  1086  1254 D ASH     : @ 967239.267: tcs3701: start power rail timer, state:3
01-09 11:32:48.505  1086  1254 I ASH     : @ 967239.307: tcs3701: stop power rail pending_off timer
01-09 11:32:48.505  1086  1254 D ASH     : @ 967239.307: tcs3701: start power rail timer, state:3
01-09 11:32:48.545  1086  1254 I ASH     : @ 967239.347: tcs3701: stop power rail pending_off timer
01-09 11:32:48.545  1086  1254 D ASH     : @ 967239.347: tcs3701: start power rail timer, state:3
01-09 11:32:48.585  1086  1254 I ASH     : @ 967239.387: tcs3701: stop power rail pending_off timer
01-09 11:32:48.585  1086  1254 D ASH     : @ 967239.387: tcs3701: start power rail timer, state:3
01-09 11:32:48.624  1086  1254 I ASH     : @ 967239.427: tcs3701: stop power rail pending_off timer
01-09 11:32:48.625  1086  1254 D ASH     : @ 967239.427: tcs3701: start power rail timer, state:3
01-09 11:32:48.665  1086  1254 I ASH     : @ 967239.467: tcs3701: stop power rail pending_off timer
01-09 11:32:48.665  1086  1254 D ASH     : @ 967239.467: tcs3701: start power rail timer, state:3
01-09 11:32:48.705  1086  1254 I ASH     : @ 967239.507: tcs3701: stop power rail pending_off timer
01-09 11:32:48.705  1086  1254 D ASH     : @ 967239.507: tcs3701: start power rail timer, state:3
01-09 11:32:48.745  1086  1254 I ASH     : @ 967239.547: tcs3701: stop power rail pending_off timer
01-09 11:32:48.745  1086  1254 D ASH     : @ 967239.547: tcs3701: start power rail timer, state:3
01-09 11:32:48.785  1086  1254 I ASH     : @ 967239.587: tcs3701: stop power rail pending_off timer
01-09 11:32:48.785  1086  1254 D ASH     : @ 967239.587: tcs3701: start power rail timer, state:3
01-09 11:32:48.825  1086  1254 I ASH     : @ 967239.627: tcs3701: stop power rail pending_off timer
01-09 11:32:48.825  1086  1254 D ASH     : @ 967239.627: tcs3701: start power rail timer, state:3
01-09 11:32:48.864  1086  1254 I ASH     : @ 967239.667: tcs3701: stop power rail pending_off timer
01-09 11:32:48.865  1086  1254 D ASH     : @ 967239.667: tcs3701: start power rail timer, state:3
01-09 11:32:48.906  1086  1254 I ASH     : @ 967239.707: tcs3701: stop power rail pending_off timer
01-09 11:32:48.906  1086  1254 D ASH     : @ 967239.707: tcs3701: start power rail timer, state:3
01-09 11:32:48.945  1086  1254 I ASH     : @ 967239.747: tcs3701: stop power rail pending_off timer
01-09 11:32:48.945  1086  1254 D ASH     : @ 967239.747: tcs3701: start power rail timer, state:3
01-09 11:32:48.985  1086  1254 I ASH     : @ 967239.787: tcs3701: stop power rail pending_off timer
01-09 11:32:48.985  1086  1254 D ASH     : @ 967239.787: tcs3701: start power rail timer, state:3
01-09 11:32:49.025  1086  1254 I ASH     : @ 967239.827: tcs3701: stop power rail pending_off timer
01-09 11:32:49.025  1086  1254 D ASH     : @ 967239.827: tcs3701: start power rail timer, state:3
01-09 11:32:49.065  1086  1254 I ASH     : @ 967239.867: tcs3701: stop power rail pending_off timer
01-09 11:32:49.065  1086  1254 D ASH     : @ 967239.867: tcs3701: start power rail timer, state:3
01-09 11:32:49.105  1086  1254 I ASH     : @ 967239.907: tcs3701: stop power rail pending_off timer
01-09 11:32:49.105  1086  1254 D ASH     : @ 967239.907: tcs3701: start power rail timer, state:3
01-09 11:32:49.145  1086  1254 I ASH     : @ 967239.947: tcs3701: stop power rail pending_off timer
01-09 11:32:49.145  1086  1254 D ASH     : @ 967239.947: tcs3701: start power rail timer, state:3
01-09 11:32:49.185  1086  1254 I ASH     : @ 967239.987: tcs3701: stop power rail pending_off timer
01-09 11:32:49.185  1086  1254 D ASH     : @ 967239.987: tcs3701: start power rail timer, state:3
01-09 11:32:49.225  1086  1254 I ASH     : @ 967240.027: tcs3701: stop power rail pending_off timer
01-09 11:32:49.225  1086  1254 D ASH     : @ 967240.027: tcs3701: start power rail timer, state:3
01-09 11:32:49.265  1086  1254 I ASH     : @ 967240.067: tcs3701: stop power rail pending_off timer
01-09 11:32:49.265  1086  1254 D ASH     : @ 967240.067: tcs3701: start power rail timer, state:3
01-09 11:32:49.305  1086  1254 I ASH     : @ 967240.107: tcs3701: stop power rail pending_off timer
01-09 11:32:49.305  1086  1254 D ASH     : @ 967240.107: tcs3701: start power rail timer, state:3
01-09 11:32:49.345  1086  1254 I ASH     : @ 967240.147: tcs3701: stop power rail pending_off timer
01-09 11:32:49.345  1086  1254 D ASH     : @ 967240.147: tcs3701: start power rail timer, state:3
01-09 11:32:49.385  1086  1254 I ASH     : @ 967240.187: tcs3701: stop power rail pending_off timer
01-09 11:32:49.385  1086  1254 D ASH     : @ 967240.187: tcs3701: start power rail timer, state:3
01-09 11:32:49.425  1086  1254 I ASH     : @ 967240.227: tcs3701: stop power rail pending_off timer
01-09 11:32:49.425  1086  1254 D ASH     : @ 967240.227: tcs3701: start power rail timer, state:3
01-09 11:32:49.465  1086  1254 I ASH     : @ 967240.267: tcs3701: stop power rail pending_off timer
01-09 11:32:49.465  1086  1254 D ASH     : @ 967240.267: tcs3701: start power rail timer, state:3
01-09 11:32:49.505  1086  1254 I ASH     : @ 967240.307: tcs3701: stop power rail pending_off timer
01-09 11:32:49.505  1086  1254 D ASH     : @ 967240.307: tcs3701: start power rail timer, state:3
01-09 11:32:49.545  1086  1254 I ASH     : @ 967240.347: tcs3701: stop power rail pending_off timer
01-09 11:32:49.545  1086  1254 D ASH     : @ 967240.347: tcs3701: start power rail timer, state:3
01-09 11:32:49.585  1086  1254 I ASH     : @ 967240.387: tcs3701: stop power rail pending_off timer
01-09 11:32:49.585  1086  1254 D ASH     : @ 967240.387: tcs3701: start power rail timer, state:3
01-09 11:32:49.625  1086  1254 I ASH     : @ 967240.427: tcs3701: stop power rail pending_off timer
01-09 11:32:49.625  1086  1254 D ASH     : @ 967240.427: tcs3701: start power rail timer, state:3
01-09 11:32:49.665  1086  1254 I ASH     : @ 967240.467: tcs3701: stop power rail pending_off timer
01-09 11:32:49.665  1086  1254 D ASH     : @ 967240.467: tcs3701: start power rail timer, state:3
01-09 11:32:49.705  1086  1254 I ASH     : @ 967240.507: tcs3701: stop power rail pending_off timer
01-09 11:32:49.705  1086  1254 D ASH     : @ 967240.507: tcs3701: start power rail timer, state:3
01-09 11:32:49.745  1086  1254 I ASH     : @ 967240.547: tcs3701: stop power rail pending_off timer
01-09 11:32:49.745  1086  1254 D ASH     : @ 967240.547: tcs3701: start power rail timer, state:3
01-09 11:32:49.784  1086  1254 I ASH     : @ 967240.587: tcs3701: stop power rail pending_off timer
01-09 11:32:49.785  1086  1254 D ASH     : @ 967240.587: tcs3701: start power rail timer, state:3
01-09 11:32:49.825  1086  1254 I ASH     : @ 967240.627: tcs3701: stop power rail pending_off timer
01-09 11:32:49.825  1086  1254 D ASH     : @ 967240.627: tcs3701: start power rail timer, state:3
01-09 11:32:49.846 26141 26160 W Unity   : [dashscene] shadows: not drawn — this painter emits no shadow instance.
01-09 11:32:49.846 26141 26160 W Unity   : UnityEngine.DebugLogHandler:Internal_Log(LogType, LogOption, String, Object)
01-09 11:32:49.846 26141 26160 W Unity   : Driftsys.Dashscene.BrgPainter:Draw(FrameLease)
01-09 11:32:49.846 26141 26160 W Unity   : Driftsys.Dashscene.Samples.DashsceneShowcase:Update()
01-09 11:32:49.846 26141 26160 W Unity   : 
01-09 11:32:49.846 26141 26160 W Unity   : [dashscene] backdrop blurs: not drawn, and not fixable by adding a pass — a backdrop reads what the painter itself composited, and this painter's target also holds the engine's scene.
01-09 11:32:49.846 26141 26160 W Unity   : UnityEngine.DebugLogHandler:Internal_Log(LogType, LogOption, String, Object)
01-09 11:32:49.846 26141 26160 W Unity   : Driftsys.Dashscene.BrgPainter:Draw(FrameLease)
01-09 11:32:49.846 26141 26160 W Unity   : Driftsys.Dashscene.Samples.DashsceneShowcase:Update()
01-09 11:32:49.846 26141 26160 W Unity   : 
01-09 11:32:49.846 26141 26160 W Unity   : [dashscene] image fills: not drawn — no texture is uploaded from the payload.
01-09 11:32:49.846 26141 26160 W Unity   : UnityEngine.DebugLogHandler:Internal_Log(LogType, LogOption, String, Object)
01-09 11:32:49.846 26141 26160 W Unity   : Driftsys.Dashscene.BrgPainter:Draw(FrameLease)
01-09 11:32:49.846 26141 26160 W Unity   : Driftsys.Dashscene.Samples.DashsceneShowcase:Update()
01-09 11:32:49.846 26141 26160 W Unity   : 
01-09 11:32:49.848 26141 26160 W Unity   : [dashscene] baked vector nodes: not drawn — their outline is a coverage field rather than the parametric rounded box shaded here.
01-09 11:32:49.848 26141 26160 W Unity   : UnityEngine.DebugLogHandler:Internal_Log(LogType, LogOption, String, Object)
01-09 11:32:49.848 26141 26160 W Unity   : Driftsys.Dashscene.BrgPainter:Draw(FrameLease)
01-09 11:32:49.848 26141 26160 W Unity   : Driftsys.Dashscene.Samples.DashsceneShowcase:Update()
01-09 11:32:49.848 26141 26160 W Unity   : 
01-09 11:32:49.848 26141 26160 W Unity   : [dashscene] render-target groups: not composited — a translucent group's overlapping children are drawn twice.
01-09 11:32:49.848 26141 26160 W Unity   : UnityEngine.DebugLogHandler:Internal_Log(LogType, LogOption, String, Object)
01-09 11:32:49.848 26141 26160 W Unity   : Driftsys.Dashscene.BrgPainter:Draw(FrameLease)
01-09 11:32:49.848 26141 26160 W Unity   : Driftsys.Dashscene.Samples.DashsceneShowcase:Update()
01-09 11:32:49.848 26141 26160 W Unity   : 
01-09 11:32:49.849 26141 26160 W Unity   : [dashscene] 9 rect(s) affected, first at index 2. The document asked for these and this painter did not draw them.
01-09 11:32:49.849 26141 26160 W Unity   : UnityEngine.DebugLogHandler:Internal_Log(LogType, LogOption, String, Object)
01-09 11:32:49.849 26141 26160 W Unity   : Driftsys.Dashscene.BrgPainter:Draw(FrameLease)
01-09 11:32:49.849 26141 26160 W Unity   : Driftsys.Dashscene.Samples.DashsceneShowcase:Update()
01-09 11:32:49.849 26141 26160 W Unity   : 
01-09 11:32:49.849 26141 26160 I Unity   : [showcase] drew scene surfaces: 56 instance(s), rung ConstantBuffer, refused shadows: not drawn — this painter emits no shadow instance. backdrop blurs: not drawn, and not fixable by adding a pass — a backdrop reads what the painter itself composited, and this painter's target also holds the engine's scene. image fills: not drawn — no texture is uploaded from the payload. baked vector nodes: not drawn — their outline is a coverage field rather than the parametric rounded box shaded here. render-target groups: not composited — a translucent group's overlapping children are drawn twice. 9 rect(s) affected, first at index 2. The document asked for these and this painter did not draw them.
01-09 11:32:49.849 26141 26160 I Unity   : UnityEngine.DebugLogHandler:Internal_Log(LogType, LogOption, String, Object)
01-09 11:32:49.849 26141 26160 I Unity   : Driftsys.Dashscene.Samples.DashsceneShowcase:Update()
01-09 11:32:49.849 26141 26160 I Unity   : 
01-09 11:32:49.865  1086  1254 I ASH     : @ 967240.667: tcs3701: stop power rail pending_off timer
01-09 11:32:49.865  1086  1254 D ASH     : @ 967240.667: tcs3701: start power rail timer, state:3
01-09 11:32:49.904  1086  1254 I ASH     : @ 967240.707: tcs3701: stop power rail pending_off timer
01-09 11:32:49.905  1086  1254 D ASH     : @ 967240.707: tcs3701: start power rail timer, state:3
01-09 11:32:49.945  1086  1254 I ASH     : @ 967240.747: tcs3701: stop power rail pending_off timer
01-09 11:32:49.945  1086  1254 D ASH     : @ 967240.747: tcs3701: start power rail timer, state:3
01-09 11:32:49.985  1086  1254 I ASH     : @ 967240.787: tcs3701: stop power rail pending_off timer
01-09 11:32:49.985  1086  1254 D ASH     : @ 967240.787: tcs3701: start power rail timer, state:3
01-09 11:32:50.025  1086  1254 I ASH     : @ 967240.827: tcs3701: stop power rail pending_off timer
01-09 11:32:50.025  1086  1254 D ASH     : @ 967240.827: tcs3701: start power rail timer, state:3
01-09 11:32:50.065  1086  1254 I ASH     : @ 967240.867: tcs3701: stop power rail pending_off timer
01-09 11:32:50.065  1086  1254 D ASH     : @ 967240.867: tcs3701: start power rail timer, state:3
01-09 11:32:50.066  1122  1183 D rlsservice: MonitorDisplayStatus client num 0, display status 1, sensor status 0
01-09 11:32:50.104  1086  1254 I ASH     : @ 967240.907: tcs3701: stop power rail pending_off timer
01-09 11:32:50.104  1086  1254 D ASH     : @ 967240.907: tcs3701: start power rail timer, state:3
01-09 11:32:50.144  1086  1254 I ASH     : @ 967240.947: tcs3701: stop power rail pending_off timer
01-09 11:32:50.145  1086  1254 D ASH     : @ 967240.947: tcs3701: start power rail timer, state:3
01-09 11:32:50.185  1086  1254 I ASH     : @ 967240.987: tcs3701: stop power rail pending_off timer
01-09 11:32:50.185  1086  1254 D ASH     : @ 967240.987: tcs3701: start power rail timer, state:3
01-09 11:32:50.225  1086  1254 I ASH     : @ 967241.027: tcs3701: stop power rail pending_off timer
01-09 11:32:50.225  1086  1254 D ASH     : @ 967241.027: tcs3701: start power rail timer, state:3
01-09 11:32:50.265  1086  1254 I ASH     : @ 967241.067: tcs3701: stop power rail pending_off timer
01-09 11:32:50.265  1086  1254 D ASH     : @ 967241.067: tcs3701: start power rail timer, state:3
01-09 11:32:50.304  1086  1254 I ASH     : @ 967241.107: tcs3701: stop power rail pending_off timer
01-09 11:32:50.305  1086  1254 D ASH     : @ 967241.107: tcs3701: start power rail timer, state:3
01-09 11:32:50.345  1086  1254 I ASH     : @ 967241.147: tcs3701: stop power rail pending_off timer
01-09 11:32:50.345  1086  1254 D ASH     : @ 967241.147: tcs3701: start power rail timer, state:3
01-09 11:32:50.385  1086  1254 I ASH     : @ 967241.187: tcs3701: stop power rail pending_off timer
01-09 11:32:50.385  1086  1254 D ASH     : @ 967241.187: tcs3701: start power rail timer, state:3
01-09 11:32:50.425  1086  1254 I ASH     : @ 967241.227: tcs3701: stop power rail pending_off timer
01-09 11:32:50.425  1086  1254 D ASH     : @ 967241.227: tcs3701: start power rail timer, state:3
01-09 11:32:50.464  1086  1254 I ASH     : @ 967241.267: tcs3701: stop power rail pending_off timer
01-09 11:32:50.465  1086  1254 D ASH     : @ 967241.267: tcs3701: start power rail timer, state:3
01-09 11:32:50.505  1086  1254 I ASH     : @ 967241.307: tcs3701: stop power rail pending_off timer
01-09 11:32:50.505  1086  1254 D ASH     : @ 967241.307: tcs3701: start power rail timer, state:3
01-09 11:32:50.544  1086  1254 I ASH     : @ 967241.347: tcs3701: stop power rail pending_off timer
01-09 11:32:50.545  1086  1254 D ASH     : @ 967241.347: tcs3701: start power rail timer, state:3
01-09 11:32:50.585  1086  1254 I ASH     : @ 967241.387: tcs3701: stop power rail pending_off timer
01-09 11:32:50.585  1086  1254 D ASH     : @ 967241.387: tcs3701: start power rail timer, state:3
01-09 11:32:50.624  1086  1254 I ASH     : @ 967241.427: tcs3701: stop power rail pending_off timer
01-09 11:32:50.624  1086  1254 D ASH     : @ 967241.427: tcs3701: start power rail timer, state:3
01-09 11:32:50.664  1086  1254 I ASH     : @ 967241.467: tcs3701: stop power rail pending_off timer
01-09 11:32:50.665  1086  1254 D ASH     : @ 967241.467: tcs3701: start power rail timer, state:3
01-09 11:32:50.705  1086  1254 I ASH     : @ 967241.507: tcs3701: stop power rail pending_off timer
01-09 11:32:50.705  1086  1254 D ASH     : @ 967241.507: tcs3701: start power rail timer, state:3
01-09 11:32:50.745  1086  1254 I ASH     : @ 967241.547: tcs3701: stop power rail pending_off timer
01-09 11:32:50.745  1086  1254 D ASH     : @ 967241.547: tcs3701: start power rail timer, state:3
01-09 11:32:50.785  1086  1254 I ASH     : @ 967241.587: tcs3701: stop power rail pending_off timer
01-09 11:32:50.785  1086  1254 D ASH     : @ 967241.587: tcs3701: start power rail timer, state:3
01-09 11:32:50.824  1086  1254 I ASH     : @ 967241.627: tcs3701: stop power rail pending_off timer
01-09 11:32:50.825  1086  1254 D ASH     : @ 967241.627: tcs3701: start power rail timer, state:3
01-09 11:32:50.864  1086  1254 I ASH     : @ 967241.667: tcs3701: stop power rail pending_off timer
01-09 11:32:50.865  1086  1254 D ASH     : @ 967241.667: tcs3701: start power rail timer, state:3
01-09 11:32:50.904  1086  1254 I ASH     : @ 967241.707: tcs3701: stop power rail pending_off timer
01-09 11:32:50.904  1086  1254 D ASH     : @ 967241.707: tcs3701: start power rail timer, state:3
01-09 11:32:50.945  1086  1254 I ASH     : @ 967241.747: tcs3701: stop power rail pending_off timer
01-09 11:32:50.945  1086  1254 D ASH     : @ 967241.747: tcs3701: start power rail timer, state:3
01-09 11:32:50.984  1086  1254 I ASH     : @ 967241.787: tcs3701: stop power rail pending_off timer
01-09 11:32:50.984  1086  1254 D ASH     : @ 967241.787: tcs3701: start power rail timer, state:3
01-09 11:32:51.025  1086  1254 I ASH     : @ 967241.827: tcs3701: stop power rail pending_off timer
01-09 11:32:51.025  1086  1254 D ASH     : @ 967241.827: tcs3701: start power rail timer, state:3
01-09 11:32:51.065  1086  1254 I ASH     : @ 967241.867: tcs3701: stop power rail pending_off timer
01-09 11:32:51.065  1086  1254 D ASH     : @ 967241.867: tcs3701: start power rail timer, state:3
01-09 11:32:51.105  1086  1254 I ASH     : @ 967241.907: tcs3701: stop power rail pending_off timer
01-09 11:32:51.105  1086  1254 D ASH     : @ 967241.907: tcs3701: start power rail timer, state:3
01-09 11:32:51.145  1086  1254 I ASH     : @ 967241.947: tcs3701: stop power rail pending_off timer
01-09 11:32:51.145  1086  1254 D ASH     : @ 967241.947: tcs3701: start power rail timer, state:3
01-09 11:32:51.185  1086  1254 I ASH     : @ 967241.987: tcs3701: stop power rail pending_off timer
01-09 11:32:51.185  1086  1254 D ASH     : @ 967241.987: tcs3701: start power rail timer, state:3
01-09 11:32:51.224  1086  1254 I ASH     : @ 967242.027: tcs3701: stop power rail pending_off timer
01-09 11:32:51.224  1086  1254 D ASH     : @ 967242.027: tcs3701: start power rail timer, state:3
01-09 11:32:51.264  1086  1254 I ASH     : @ 967242.067: tcs3701: stop power rail pending_off timer
01-09 11:32:51.265  1086  1254 D ASH     : @ 967242.067: tcs3701: start power rail timer, state:3
01-09 11:32:51.305  1086  1254 I ASH     : @ 967242.107: tcs3701: stop power rail pending_off timer
01-09 11:32:51.305  1086  1254 D ASH     : @ 967242.107: tcs3701: start power rail timer, state:3
01-09 11:32:51.345  1086  1254 I ASH     : @ 967242.147: tcs3701: stop power rail pending_off timer
01-09 11:32:51.345  1086  1254 D ASH     : @ 967242.147: tcs3701: start power rail timer, state:3
01-09 11:32:51.384  1086  1254 I ASH     : @ 967242.187: tcs3701: stop power rail pending_off timer
01-09 11:32:51.385  1086  1254 D ASH     : @ 967242.187: tcs3701: start power rail timer, state:3
01-09 11:32:51.425  1086  1254 I ASH     : @ 967242.227: tcs3701: stop power rail pending_off timer
01-09 11:32:51.425  1086  1254 D ASH     : @ 967242.227: tcs3701: start power rail timer, state:3
01-09 11:32:51.465  1086  1254 I ASH     : @ 967242.267: tcs3701: stop power rail pending_off timer
01-09 11:32:51.465  1086  1254 D ASH     : @ 967242.267: tcs3701: start power rail timer, state:3
01-09 11:32:51.505  1086  1254 I ASH     : @ 967242.307: tcs3701: stop power rail pending_off timer
01-09 11:32:51.505  1086  1254 D ASH     : @ 967242.307: tcs3701: start power rail timer, state:3
01-09 11:32:51.545  1086  1254 I ASH     : @ 967242.347: tcs3701: stop power rail pending_off timer
01-09 11:32:51.545  1086  1254 D ASH     : @ 967242.347: tcs3701: start power rail timer, state:3
01-09 11:32:51.584  1086  1254 I ASH     : @ 967242.387: tcs3701: stop power rail pending_off timer
01-09 11:32:51.585  1086  1254 D ASH     : @ 967242.387: tcs3701: start power rail timer, state:3
01-09 11:32:51.625  1086  1254 I ASH     : @ 967242.427: tcs3701: stop power rail pending_off timer
01-09 11:32:51.625  1086  1254 D ASH     : @ 967242.427: tcs3701: start power rail timer, state:3
01-09 11:32:51.665  1086  1254 I ASH     : @ 967242.467: tcs3701: stop power rail pending_off timer
01-09 11:32:51.665  1086  1254 D ASH     : @ 967242.467: tcs3701: start power rail timer, state:3
01-09 11:32:51.705  1086  1254 I ASH     : @ 967242.507: tcs3701: stop power rail pending_off timer
01-09 11:32:51.705  1086  1254 D ASH     : @ 967242.507: tcs3701: start power rail timer, state:3
01-09 11:32:51.744  1086  1254 I ASH     : @ 967242.547: tcs3701: stop power rail pending_off timer
01-09 11:32:51.745  1086  1254 D ASH     : @ 967242.547: tcs3701: start power rail timer, state:3
01-09 11:32:51.785  1086  1254 I ASH     : @ 967242.587: tcs3701: stop power rail pending_off timer
01-09 11:32:51.785  1086  1254 D ASH     : @ 967242.587: tcs3701: start power rail timer, state:3
01-09 11:32:51.825  1086  1254 I ASH     : @ 967242.627: tcs3701: stop power rail pending_off timer
01-09 11:32:51.825  1086  1254 D ASH     : @ 967242.627: tcs3701: start power rail timer, state:3
01-09 11:32:51.865  1086  1254 I ASH     : @ 967242.667: tcs3701: stop power rail pending_off timer
01-09 11:32:51.865  1086  1254 D ASH     : @ 967242.667: tcs3701: start power rail timer, state:3
01-09 11:32:51.905  1086  1254 I ASH     : @ 967242.707: tcs3701: stop power rail pending_off timer
01-09 11:32:51.905  1086  1254 D ASH     : @ 967242.707: tcs3701: start power rail timer, state:3
01-09 11:32:51.944  1086  1254 I ASH     : @ 967242.747: tcs3701: stop power rail pending_off timer
01-09 11:32:51.945  1086  1254 D ASH     : @ 967242.747: tcs3701: start power rail timer, state:3
01-09 11:32:51.984  1086  1254 I ASH     : @ 967242.787: tcs3701: stop power rail pending_off timer
01-09 11:32:51.985  1086  1254 D ASH     : @ 967242.787: tcs3701: start power rail timer, state:3
01-09 11:32:52.025  1086  1254 I ASH     : @ 967242.827: tcs3701: stop power rail pending_off timer
01-09 11:32:52.025  1086  1254 D ASH     : @ 967242.827: tcs3701: start power rail timer, state:3
01-09 11:32:52.065  1086  1254 I ASH     : @ 967242.867: tcs3701: stop power rail pending_off timer
01-09 11:32:52.065  1086  1254 D ASH     : @ 967242.867: tcs3701: start power rail timer, state:3
01-09 11:32:52.105  1086  1254 I ASH     : @ 967242.907: tcs3701: stop power rail pending_off timer
01-09 11:32:52.105  1086  1254 D ASH     : @ 967242.907: tcs3701: start power rail timer, state:3
01-09 11:32:52.145  1086  1254 I ASH     : @ 967242.947: tcs3701: stop power rail pending_off timer
01-09 11:32:52.145  1086  1254 D ASH     : @ 967242.947: tcs3701: start power rail timer, state:3
01-09 11:32:52.185  1086  1254 I ASH     : @ 967242.987: tcs3701: stop power rail pending_off timer
01-09 11:32:52.185  1086  1254 D ASH     : @ 967242.987: tcs3701: start power rail timer, state:3
01-09 11:32:52.225  1086  1254 I ASH     : @ 967243.027: tcs3701: stop power rail pending_off timer
01-09 11:32:52.225  1086  1254 D ASH     : @ 967243.027: tcs3701: start power rail timer, state:3
01-09 11:32:52.265  1086  1254 I ASH     : @ 967243.067: tcs3701: stop power rail pending_off timer
01-09 11:32:52.265  1086  1254 D ASH     : @ 967243.067: tcs3701: start power rail timer, state:3
01-09 11:32:52.305  1086  1254 I ASH     : @ 967243.107: tcs3701: stop power rail pending_off timer
01-09 11:32:52.306  1086  1254 D ASH     : @ 967243.107: tcs3701: start power rail timer, state:3
01-09 11:32:52.344  1086  1254 I ASH     : @ 967243.147: tcs3701: stop power rail pending_off timer
01-09 11:32:52.345  1086  1254 D ASH     : @ 967243.147: tcs3701: start power rail timer, state:3
01-09 11:32:52.385  1086  1254 I ASH     : @ 967243.187: tcs3701: stop power rail pending_off timer
01-09 11:32:52.385  1086  1254 D ASH     : @ 967243.187: tcs3701: start power rail timer, state:3
01-09 11:32:52.425  1086  1254 I ASH     : @ 967243.227: tcs3701: stop power rail pending_off timer
01-09 11:32:52.425  1086  1254 D ASH     : @ 967243.227: tcs3701: start power rail timer, state:3
01-09 11:32:52.465  1086  1254 I ASH     : @ 967243.267: tcs3701: stop power rail pending_off timer
01-09 11:32:52.465  1086  1254 D ASH     : @ 967243.267: tcs3701: start power rail timer, state:3
01-09 11:32:52.505  1086  1254 I ASH     : @ 967243.307: tcs3701: stop power rail pending_off timer
01-09 11:32:52.505  1086  1254 D ASH     : @ 967243.307: tcs3701: start power rail timer, state:3
01-09 11:32:52.545  1086  1254 I ASH     : @ 967243.347: tcs3701: stop power rail pending_off timer
01-09 11:32:52.545  1086  1254 D ASH     : @ 967243.347: tcs3701: start power rail timer, state:3
01-09 11:32:52.585  1086  1254 I ASH     : @ 967243.387: tcs3701: stop power rail pending_off timer
01-09 11:32:52.585  1086  1254 D ASH     : @ 967243.387: tcs3701: start power rail timer, state:3
01-09 11:32:52.625  1086  1254 I ASH     : @ 967243.427: tcs3701: stop power rail pending_off timer
01-09 11:32:52.625  1086  1254 D ASH     : @ 967243.427: tcs3701: start power rail timer, state:3
01-09 11:32:52.665  1086  1254 I ASH     : @ 967243.467: tcs3701: stop power rail pending_off timer
01-09 11:32:52.665  1086  1254 D ASH     : @ 967243.467: tcs3701: start power rail timer, state:3
01-09 11:32:52.704  1086  1254 I ASH     : @ 967243.507: tcs3701: stop power rail pending_off timer
01-09 11:32:52.705  1086  1254 D ASH     : @ 967243.507: tcs3701: start power rail timer, state:3
01-09 11:32:52.744  1086  1254 I ASH     : @ 967243.547: tcs3701: stop power rail pending_off timer
01-09 11:32:52.745  1086  1254 D ASH     : @ 967243.547: tcs3701: start power rail timer, state:3
01-09 11:32:52.785  1086  1254 I ASH     : @ 967243.587: tcs3701: stop power rail pending_off timer
01-09 11:32:52.785  1086  1254 D ASH     : @ 967243.587: tcs3701: start power rail timer, state:3
01-09 11:32:52.825  1086  1254 I ASH     : @ 967243.627: tcs3701: stop power rail pending_off timer
01-09 11:32:52.825  1086  1254 D ASH     : @ 967243.627: tcs3701: start power rail timer, state:3
01-09 11:32:52.865  1086  1254 I ASH     : @ 967243.667: tcs3701: stop power rail pending_off timer
01-09 11:32:52.865  1086  1254 D ASH     : @ 967243.667: tcs3701: start power rail timer, state:3
01-09 11:32:52.905  1086  1254 I ASH     : @ 967243.707: tcs3701: stop power rail pending_off timer
01-09 11:32:52.905  1086  1254 D ASH     : @ 967243.707: tcs3701: start power rail timer, state:3
01-09 11:32:52.945  1086  1254 I ASH     : @ 967243.747: tcs3701: stop power rail pending_off timer
01-09 11:32:52.945  1086  1254 D ASH     : @ 967243.747: tcs3701: start power rail timer, state:3
01-09 11:32:52.985  1086  1254 I ASH     : @ 967243.787: tcs3701: stop power rail pending_off timer
01-09 11:32:52.985  1086  1254 D ASH     : @ 967243.787: tcs3701: start power rail timer, state:3
01-09 11:32:53.025  1086  1254 I ASH     : @ 967243.827: tcs3701: stop power rail pending_off timer
01-09 11:32:53.025  1086  1254 D ASH     : @ 967243.827: tcs3701: start power rail timer, state:3
01-09 11:32:53.064  1086  1254 I ASH     : @ 967243.867: tcs3701: stop power rail pending_off timer
01-09 11:32:53.065  1086  1254 D ASH     : @ 967243.867: tcs3701: start power rail timer, state:3
01-09 11:32:53.105  1086  1254 I ASH     : @ 967243.907: tcs3701: stop power rail pending_off timer
01-09 11:32:53.105  1086  1254 D ASH     : @ 967243.907: tcs3701: start power rail timer, state:3
01-09 11:32:53.144  1086  1254 I ASH     : @ 967243.947: tcs3701: stop power rail pending_off timer
01-09 11:32:53.145  1086  1254 D ASH     : @ 967243.947: tcs3701: start power rail timer, state:3
01-09 11:32:53.185  1086  1254 I ASH     : @ 967243.987: tcs3701: stop power rail pending_off timer
01-09 11:32:53.185  1086  1254 D ASH     : @ 967243.987: tcs3701: start power rail timer, state:3
01-09 11:32:53.225  1086  1254 I ASH     : @ 967244.027: tcs3701: stop power rail pending_off timer
01-09 11:32:53.225  1086  1254 D ASH     : @ 967244.027: tcs3701: start power rail timer, state:3
01-09 11:32:53.265  1086  1254 I ASH     : @ 967244.067: tcs3701: stop power rail pending_off timer
01-09 11:32:53.265  1086  1254 D ASH     : @ 967244.067: tcs3701: start power rail timer, state:3
01-09 11:32:53.304  1086  1254 I ASH     : @ 967244.107: tcs3701: stop power rail pending_off timer
01-09 11:32:53.305  1086  1254 D ASH     : @ 967244.107: tcs3701: start power rail timer, state:3
01-09 11:32:53.345  1086  1254 I ASH     : @ 967244.147: tcs3701: stop power rail pending_off timer
01-09 11:32:53.345  1086  1254 D ASH     : @ 967244.147: tcs3701: start power rail timer, state:3
01-09 11:32:53.384  1086  1254 I ASH     : @ 967244.187: tcs3701: stop power rail pending_off timer
01-09 11:32:53.385  1086  1254 D ASH     : @ 967244.187: tcs3701: start power rail timer, state:3
01-09 11:32:53.425  1086  1254 I ASH     : @ 967244.227: tcs3701: stop power rail pending_off timer
01-09 11:32:53.425  1086  1254 D ASH     : @ 967244.227: tcs3701: start power rail timer, state:3
01-09 11:32:53.464  1086  1254 I ASH     : @ 967244.267: tcs3701: stop power rail pending_off timer
01-09 11:32:53.465  1086  1254 D ASH     : @ 967244.267: tcs3701: start power rail timer, state:3
