--------- beginning of main
01-09 11:29:49.389  1785  3815 I ImeTracker: com.driftsys.dashscene.showcase:a8d37d2e: onRequestHide at ORIGIN_SERVER_HIDE_INPUT reason HIDE_REMOVE_CLIENT
01-09 11:29:49.389  1785  3815 I ImeTracker: com.driftsys.dashscene.showcase:a8d37d2e: onCancelled at PHASE_SERVER_SHOULD_HIDE
01-09 11:29:49.389  1086  1086 I sensors-hal: [hal]batch_physical_sensor:314, android.sensor.accelerometer/11, period=200000000, max_latency=2000000000
01-09 11:29:49.389  1086  1086 I sensors-hal: [sensor]set_config:64, sample_period_ns is adjusted to 200000000 based on min/max delay_ns
01-09 11:29:49.389  1086  1086 I sensors-hal: [hal]batch_physical_sensor:323, android.sensor.accelerometer/11, period=200000000, max_latency=2000000000 request completed
--------- beginning of system
01-09 11:29:49.390  1785  4031 I WindowManager: WIN DEATH: Window{63cf96a u0 com.driftsys.dashscene.showcase/com.unity3d.player.UnityPlayerActivity}
01-09 11:29:49.390  1041  1041 I Zygote  : Process 25765 exited due to signal 9 (Killed)
01-09 11:29:49.390  1785  4031 W InputManager-JNI: Input channel object '63cf96a com.driftsys.dashscene.showcase/com.unity3d.player.UnityPlayerActivity (client)' was disposed without first being removed with the input manager!
01-09 11:29:49.391  1785  4029 D ActivityManager: sync unfroze 22152 com.google.android.euicc for 6
01-09 11:29:49.392  1785  3765 V ActivityManager: Got obituary of 25765:com.driftsys.dashscene.showcase
01-09 11:29:49.392  2909  3101 D EuiccConnector: transitionTo: destState=DisconnectedState
01-09 11:29:49.392  2909  3101 D EuiccConnector: moveDeferredMessageAtFrontOfQueue; what=103
01-09 11:29:49.392  2909  3101 D EuiccConnector: handleMessage: new destination call exit/enter
01-09 11:29:49.392  2909  3101 D EuiccConnector: setupTempStateStackWithStatesToEnter: X mTempStateStackCount=1,curStateInfo: null
01-09 11:29:49.392  2909  3101 D EuiccConnector: invokeExitMethods: BindingState
01-09 11:29:49.392  2909  3101 D EuiccConnector: moveTempStackToStateStack: i=0,j=0
01-09 11:29:49.392  2909  3101 D EuiccConnector: moveTempStackToStateStack: X mStateStackTop=0,startingIndex=0,Top=DisconnectedState
01-09 11:29:49.392  2909  3101 D EuiccConnector: invokeEnterMethods: DisconnectedState
01-09 11:29:49.392  2909  3101 D EuiccConnector: handleMessage: X
01-09 11:29:49.392  2909  3101 D EuiccConnector: handleMessage: E msg.what=103
01-09 11:29:49.392  2909  3101 D EuiccConnector: processMsg: DisconnectedState
01-09 11:29:49.392  2909  3101 D EuiccConnector: deferMessage: msg=103
01-09 11:29:49.393  2909  3101 D EuiccConnector: handleMessage: X
01-09 11:29:49.393  1785  2098 W ActivityManager: setHasOverlayUi called on unknown pid: 25765
01-09 11:29:49.399  2565  2565 I NoBackGesture: Config changed: newConfig={1.0 ?mcc0mnc [en_US] ldltr sw370dp w851dp h341dp 440dpi nrml long hdr widecg land night finger -keyb/v/h -nav/h winConfig={ mBounds=Rect(0, 0 - 2340, 1080) mAppBounds=Rect(0, 63 - 2340, 1014) mMaxBounds=Rect(0, 0 - 2340, 1080) mDisplayRotation=ROTATION_0 mWindowingMode=fullscreen mDisplayWindowingMode=fullscreen mActivityType=undefined mAlwaysOnTop=undefined mRotation=ROTATION_0} s.1356 fontWeightAdjustment=0} lastReportedConfig={1.0 ?mcc0mnc [en_US] ldltr sw370dp w851dp h341dp 440dpi nrml long hdr widecg land night finger -keyb/v/h -nav/h winConfig={ mBounds=Rect(0, 0 - 2340, 1080) mAppBounds=Rect(0, 63 - 2340, 1014) mMaxBounds=Rect(0, 0 - 2340, 1080) mDisplayRotation=ROTATION_0 mWindowingMode=fullscreen mDisplayWindowingMode=fullscreen mActivityType=undefined mAlwaysOnTop=undefined mRotation=ROTATION_0} s.1356 fontWeightAdjustment=0}
01-09 11:29:49.417  3685  3685 D RegisteredNfcFServicesCache: Service unchanged, not updating
01-09 11:29:49.418  2830  2889 D SecureElementService: getReaders() for com.android.nfc
01-09 11:29:49.418 22152 22152 I EuiccGoogle: [2] EuiccServiceImpl.onCreate: onCreate Single-SIM mode: simCardState is 1
01-09 11:29:49.419  1785  6894 W ActivityManager: Unable to start service Intent { act=com.android.launcher3.WINDOW_OVERLAY dat=app://com.google.android.apps.nexuslauncher:10227/... pkg=com.google.android.googlequicksearchbox } U=0: not found
01-09 11:29:49.420 22152 22152 I EuiccGoogle: [2] Partner.getResourceEntry$ar$ds$ar$class_merging$ar$class_merging: Partner app=com.google.android.euiccoverlay, Resource name=esim_supported_countries, type=string, id = 0
01-09 11:29:49.421 22152 22152 I EuiccGoogle: [2] Partner.getResourceEntry$ar$ds$ar$class_merging$ar$class_merging: Partner app=com.google.android.euiccoverlay, Resource name=esim_unsupported_countries, type=string, id = 2131689520
01-09 11:29:49.424  2909  3101 D EuiccConnector: handleMessage: E msg.what=4
01-09 11:29:49.425  2909  3101 D EuiccConnector: processMsg: DisconnectedState
01-09 11:29:49.425  2909  3101 D EuiccConnector: transitionTo: destState=ConnectedState
01-09 11:29:49.425  1086  1254 I ASH     : @ 967060.227: tcs3701: stop power rail pending_off timer
01-09 11:29:49.425  2909  3101 D EuiccConnector: handleMessage: new destination call exit/enter
01-09 11:29:49.425  1086  1254 D ASH     : @ 967060.227: tcs3701: start power rail timer, state:3
01-09 11:29:49.425  2909  3101 D EuiccConnector: setupTempStateStackWithStatesToEnter: X mTempStateStackCount=1,curStateInfo: state=DisconnectedState,active=true,parent=null
01-09 11:29:49.425  2909  3101 D EuiccConnector: moveTempStackToStateStack: i=0,j=1
01-09 11:29:49.425  2909  3101 D EuiccConnector: moveTempStackToStateStack: X mStateStackTop=1,startingIndex=1,Top=ConnectedState
01-09 11:29:49.425  2909  3101 D EuiccConnector: invokeEnterMethods: ConnectedState
01-09 11:29:49.425  2909  3101 D EuiccConnector: moveDeferredMessageAtFrontOfQueue; what=103
01-09 11:29:49.425  2909  3101 D EuiccConnector: handleMessage: X
01-09 11:29:49.425  2909  3101 D EuiccConnector: handleMessage: E msg.what=103
01-09 11:29:49.425  2909  3101 D EuiccConnector: processMsg: ConnectedState
01-09 11:29:49.425  2909  3101 D EuiccConnector: handleMessage: X
01-09 11:29:49.426 22152 25982 I EuiccGoogle: [107] EuiccServiceImpl.onGetEuiccProfileInfoList: onGetEuiccProfileInfoList: slotId = -1
01-09 11:29:49.430 22152 25982 W EuiccGoogle: [107] EuiccServiceImpl.onGetEuiccProfileInfoList: slotId=-1. No eUICC is active. Return null.
01-09 11:29:49.432  2992  3795 E OpenGLRenderer: Unable to match the desired swap behavior.
01-09 11:29:49.432  2992  3053 I ImeTracker: com.google.android.apps.nexuslauncher:bdccb010: onRequestHide at ORIGIN_CLIENT_HIDE_SOFT_INPUT reason HIDE_SOFT_INPUT
01-09 11:29:49.432  2992  3053 I ImeTracker: com.google.android.apps.nexuslauncher:bdccb010: onFailed at PHASE_CLIENT_VIEW_SERVED
01-09 11:29:49.433  2909  3101 D EuiccConnector: handleMessage: E msg.what=6
01-09 11:29:49.433  2909  3101 D EuiccConnector: processMsg: ConnectedState
01-09 11:29:49.433  2909  3101 D EuiccConnector: handleMessage: X
01-09 11:29:49.441  1785  4029 W ActivityTaskManager: callingPackage for (uid=2000, pid=25983) has no WPC
01-09 11:29:49.442  1785  4029 D CompatibilityChangeReporter: Compat change id reported: 265464455; UID 10273; state: DISABLED
01-09 11:29:49.443  1785  4029 D CompatibilityChangeReporter: Compat change id reported: 265452344; UID 10273; state: DISABLED
01-09 11:29:49.443  1785  4029 D CompatibilityChangeReporter: Compat change id reported: 266124927; UID 10273; state: DISABLED
01-09 11:29:49.444  1785  4029 D CompatibilityChangeReporter: Compat change id reported: 265451093; UID 10273; state: DISABLED
01-09 11:29:49.444  1785  4029 D CompatibilityChangeReporter: Compat change id reported: 265456536; UID 10273; state: DISABLED
01-09 11:29:49.444  1785  4029 D CompatibilityChangeReporter: Compat change id reported: 255940284; UID 10273; state: DISABLED
01-09 11:29:49.444  1785  4029 D CompatibilityChangeReporter: Compat change id reported: 236283604; UID 10273; state: DISABLED
01-09 11:29:49.444  1785  4029 D CompatibilityChangeReporter: Compat change id reported: 263959004; UID 10273; state: DISABLED
01-09 11:29:49.444  1785  4029 D CompatibilityChangeReporter: Compat change id reported: 264304459; UID 10273; state: DISABLED
01-09 11:29:49.445  1785  4029 D CompatibilityChangeReporter: Compat change id reported: 264301586; UID 10273; state: DISABLED
01-09 11:29:49.445  1785  4029 D CompatibilityChangeReporter: Compat change id reported: 254631730; UID 10273; state: DISABLED
01-09 11:29:49.445  1785  4029 D CompatibilityChangeReporter: Compat change id reported: 273509367; UID 10273; state: DISABLED
01-09 11:29:49.445  1785  4029 D CompatibilityChangeReporter: Compat change id reported: 263259275; UID 10273; state: DISABLED
01-09 11:29:49.445  1785  4029 D CompatibilityChangeReporter: Compat change id reported: 174042980; UID 10273; state: DISABLED
01-09 11:29:49.445  1785  4029 D CompatibilityChangeReporter: Compat change id reported: 174042936; UID 10273; state: DISABLED
01-09 11:29:49.445  1785  4029 D CompatibilityChangeReporter: Compat change id reported: 181136395; UID 10273; state: DISABLED
01-09 11:29:49.447  1785  4029 D CompatibilityChangeReporter: Compat change id reported: 194480991; UID 10273; state: ENABLED
01-09 11:29:49.453  1785  4029 D CompatibilityChangeReporter: Compat change id reported: 205907456; UID 10273; state: ENABLED
01-09 11:29:49.455  1785  3646 W AppSearchIcing: icing-search-engine.cc:283: Error: 5, Message: Document (com.google.android.googlequicksearchbox$OneSearchZeroStateGoogleSuggestions/default, zp) not found.
01-09 11:29:49.455  1785  4029 I ActivityTaskManager: Add Task{7ad6226 #82 type=standard A=10273:com.driftsys.dashscene.showcase} to hidden list because adding Task{a9f06f5 #83 type=standard A=10273:com.driftsys.dashscene.showcase}
01-09 11:29:49.456  2992  3926 E OneSearchSuggestProvider: Failed to fetch suggestions from AppSearch, fallback to AGA
01-09 11:29:49.456  2992  3926 E OneSearchSuggestProvider: java.util.concurrent.CompletionException: java.util.NoSuchElementException: No value present
01-09 11:29:49.456  2992  3926 E OneSearchSuggestProvider: 	at java.util.concurrent.CompletableFuture.encodeThrowable(CompletableFuture.java:308)
01-09 11:29:49.456  2992  3926 E OneSearchSuggestProvider: 	at java.util.concurrent.CompletableFuture.completeThrowable(CompletableFuture.java:323)
01-09 11:29:49.456  2992  3926 E OneSearchSuggestProvider: 	at java.util.concurrent.CompletableFuture$UniAccept.tryFire(CompletableFuture.java:684)
01-09 11:29:49.456  2992  3926 E OneSearchSuggestProvider: 	at java.util.concurrent.CompletableFuture.postComplete(CompletableFuture.java:486)
01-09 11:29:49.456  2992  3926 E OneSearchSuggestProvider: 	at java.util.concurrent.CompletableFuture.completeExceptionally(CompletableFuture.java:2138)
01-09 11:29:49.456  2992  3926 E OneSearchSuggestProvider: 	at com.google.android.apps.nexuslauncher.allapps.H0.onResult(Unknown Source:59)
01-09 11:29:49.456  2992  3926 E OneSearchSuggestProvider: 	at android.app.appsearch.SearchSessionUtil$1.lambda$onResult$0(SearchSessionUtil.java:129)
01-09 11:29:49.456  2992  3926 E OneSearchSuggestProvider: 	at android.app.appsearch.SearchSessionUtil$1.$r8$lambda$_nlk9WiPjSfaAsqKYmp0aPvSRC0(SearchSessionUtil.java:1)
01-09 11:29:49.456  2992  3926 E OneSearchSuggestProvider: 	at android.app.appsearch.SearchSessionUtil$1$$ExternalSyntheticLambda0.run(R8$$SyntheticClass:13)
01-09 11:29:49.456  2992  3926 E OneSearchSuggestProvider: 	at android.os.Handler.handleCallback(Handler.java:958)
01-09 11:29:49.456  2992  3926 E OneSearchSuggestProvider: 	at android.os.Handler.dispatchMessage(Handler.java:99)
01-09 11:29:49.456  2992  3926 E OneSearchSuggestProvider: 	at android.os.Looper.loopOnce(Looper.java:205)
01-09 11:29:49.456  2992  3926 E OneSearchSuggestProvider: 	at android.os.Looper.loop(Looper.java:294)
01-09 11:29:49.456  2992  3926 E OneSearchSuggestProvider: 	at android.os.HandlerThread.run(HandlerThread.java:67)
01-09 11:29:49.456  2992  3926 E OneSearchSuggestProvider: Caused by: java.util.NoSuchElementException: No value present
01-09 11:29:49.456  2992  3926 E OneSearchSuggestProvider: 	at java.util.Optional.get(Optional.java:144)
01-09 11:29:49.456  2992  3926 E OneSearchSuggestProvider: 	at com.google.android.apps.nexuslauncher.allapps.H0.onResult(Unknown Source:16)
01-09 11:29:49.456  2992  3926 E OneSearchSuggestProvider: 	... 8 more
01-09 11:29:49.456  2992  3926 D OneSearchSuggestProvider: Established or reuse existing binder channel authority=com.google.android.googlequicksearchbox
01-09 11:29:49.457  2565  2602 W Parcel  : Expecting binder but got null!
01-09 11:29:49.458  2992 25970 E OneSearchSuggestProvider: Unable to get suggestions from AGA
01-09 11:29:49.458  2992 25970 E OneSearchSuggestProvider: io.grpc.StatusRuntimeException: UNIMPLEMENTED: bindService(Intent { act=grpc.io.action.BIND cmp=com.google.android.googlequicksearchbox/com.google.android.apps.search.googleapp.search.suggest.plugins.onesearch.server.OneSearchSuggestService }) returned false
01-09 11:29:49.458  2992 25970 E OneSearchSuggestProvider: 	at S2.d.a(Unknown Source:68)
01-09 11:29:49.458  2992 25970 E OneSearchSuggestProvider: 	at io.grpc.internal.p.b(Unknown Source:32)
01-09 11:29:49.458  2992 25970 E OneSearchSuggestProvider: 	at io.grpc.internal.p.a(Unknown Source:14)
01-09 11:29:49.458  2992 25970 E OneSearchSuggestProvider: 	at io.grpc.internal.C.run(Unknown Source:6)
01-09 11:29:49.458  2992 25970 E OneSearchSuggestProvider: 	at io.grpc.internal.y2.run(Unknown Source:18)
01-09 11:29:49.458  2992 25970 E OneSearchSuggestProvider: 	at java.util.concurrent.ThreadPoolExecutor.runWorker(ThreadPoolExecutor.java:1145)
01-09 11:29:49.458  2992 25970 E OneSearchSuggestProvider: 	at java.util.concurrent.ThreadPoolExecutor$Worker.run(ThreadPoolExecutor.java:644)
01-09 11:29:49.458  2992 25970 E OneSearchSuggestProvider: 	at java.lang.Thread.run(Thread.java:1012)
01-09 11:29:49.458  1785  4029 I ActivityTaskManager: START u0 {flg=0x10000000 cmp=com.driftsys.dashscene.showcase/com.unity3d.player.UnityPlayerActivity} with LAUNCH_SINGLE_TASK from uid 2000 (BAL_ALLOW_PERMISSION) result code=0
01-09 11:29:49.459  1785  6894 D CompatibilityChangeReporter: Compat change id reported: 168419799; UID 10273; state: DISABLED
01-09 11:29:49.459  1785  6894 D CompatibilityChangeReporter: Compat change id reported: 273564678; UID 10273; state: DISABLED
01-09 11:29:49.466  1086  1086 W sensors@2.0-ser: type=1400 audit(0.0:3134): avc:  denied  { read write } for  name="diag" dev="tmpfs" ino=11419 scontext=u:r:hal_sensors_default:s0 tcontext=u:object_r:diag_device:s0 tclass=chr_file permissive=0
01-09 11:29:49.466  1086  1086 W sensors@2.0-ser: type=1400 audit(0.0:3135): avc:  denied  { read write } for  name="diag" dev="tmpfs" ino=11419 scontext=u:r:hal_sensors_default:s0 tcontext=u:object_r:diag_device:s0 tclass=chr_file permissive=0
01-09 11:29:49.462  2658  2658 I WallpaperService: engine resumed
01-09 11:29:49.464  1086  1086 I sensors-hal: [hal]batch_physical_sensor:314, android.sensor.gyroscope/41, period=20000000, max_latency=0
01-09 11:29:49.464  1086  1086 I sensors-hal: [sensor]set_config:64, sample_period_ns is adjusted to 20000000 based on min/max delay_ns
01-09 11:29:49.464  1086  1086 I sensors-hal: [hal]batch_physical_sensor:323, android.sensor.gyroscope/41, period=20000000, max_latency=0 request completed
01-09 11:29:49.464  1086  1086 I sensors-hal: [hal]activate_physical_sensor:251, android.sensor.gyroscope/41 en=1
01-09 11:29:49.464  1086  1086 I sensors-hal: [ssc_utils]get_qmi_debug_flag:243, support_qmi_debug : false
01-09 11:29:49.464  1086  1254 I ASH     : @ 967060.267: tcs3701: stop power rail pending_off timer
01-09 11:29:49.464  1086  1254 D ASH     : @ 967060.267: tcs3701: start power rail timer, state:3
01-09 11:29:49.466  1785  2098 D CompatibilityChangeReporter: Compat change id reported: 135634846; UID 10273; state: DISABLED
01-09 11:29:49.467  1785  2098 D CompatibilityChangeReporter: Compat change id reported: 177438394; UID 10273; state: DISABLED
01-09 11:29:49.467  1785  2098 D CompatibilityChangeReporter: Compat change id reported: 135772972; UID 10273; state: DISABLED
01-09 11:29:49.467  1785  2098 D CompatibilityChangeReporter: Compat change id reported: 135754954; UID 10273; state: ENABLED
01-09 11:29:49.467  1785  2125 D CompatibilityChangeReporter: Compat change id reported: 143937733; UID 10273; state: ENABLED
01-09 11:29:49.467  2565  2599 E OpenGLRenderer: Unable to match the desired swap behavior.
01-09 11:29:49.469  1086  1086 D Diag_Lib:  Diag_LSM_Init: Failed to open handle to diag driver, error = 13
01-09 11:29:49.469  1086  1086 D Diag_Lib:  Diag_LSM_Init: Failed to open handle to diag driver, error = 13
01-09 11:29:49.469  1086  1086 I sensors-hal: [ssc_sensor]update_handle:560, handle=331, type=33, wakeup=0, hwid=0, base=331
01-09 11:29:49.469  1086  1086 I sensors-hal: [sensor]set_config:64, sample_period_ns is adjusted to 1000000000 based on min/max delay_ns
01-09 11:29:49.469  1086  1086 I sensors-hal: [ssc_utils]get_qmi_debug_flag:243, support_qmi_debug : false
01-09 11:29:49.470  3591  3823 I AiAiEcho: Predicting[0]: 
01-09 11:29:49.470  3591  3823 I AiAiEcho: EchoTargets: 
01-09 11:29:49.470  3591  3823 I AiAiEcho: Filtered by AiAi flag check: 
01-09 11:29:49.470  3591  3823 I AiAiEcho: Ranked targets strategy: SORT, count: 0, ranking metadata: 
01-09 11:29:49.471  3591  3823 I AiAiEcho: #postPredictionTargets: Sending updates to UISurface home with targets# 0 (types=[])
01-09 11:29:49.472  1041  1041 D Zygote  : Forked child process 25993
01-09 11:29:49.473  1785  2125 I ActivityManager: Start proc 25993:com.driftsys.dashscene.showcase/u0a273 for next-top-activity {com.driftsys.dashscene.showcase/com.unity3d.player.UnityPlayerActivity}
01-09 11:29:49.473  1086  1086 I sensors-hal: [ssc_utils]get_qmi_debug_flag:243, support_qmi_debug : false
01-09 11:29:49.474  1086 25992 I sensors-hal: [ssc_sensor]ssc_conn_resp_cb:686, resp_value = 0
01-09 11:29:49.479  1086  1086 I sensors-hal: [hal]activate_physical_sensor:262, android.sensor.gyroscope/41 en=1 completed
01-09 11:29:49.481  2658  6750 W OpenGLRenderer: Surface doesn't have any previously queued frames, nothing to readback from
01-09 11:29:49.483  1086 25995 I sensors-hal: [ssc_sensor]ssc_conn_resp_cb:686, resp_value = 0
01-09 11:29:49.485  2658  2658 I WallpaperService: engine surface changed
01-09 11:29:49.488  2992  2992 D SearchTargetUtil:  query= size=0
01-09 11:29:49.490  1785  2380 D CompatibilityChangeReporter: Compat change id reported: 265195908; UID 10273; state: ENABLED
01-09 11:29:49.491 25993 25993 I hscene.showcase: Using CollectorTypeCC GC.
01-09 11:29:49.497 25993 25993 E hscene.showcase: Not starting debugger since process cannot load the jdwp agent.
01-09 11:29:49.504  1086  1254 I ASH     : @ 967060.307: tcs3701: stop power rail pending_off timer
01-09 11:29:49.505  1086  1254 D ASH     : @ 967060.307: tcs3701: start power rail timer, state:3
01-09 11:29:49.508 25993 25993 D CompatibilityChangeReporter: Compat change id reported: 171979766; UID 10273; state: ENABLED
01-09 11:29:49.509 25993 25993 D CompatibilityChangeReporter: Compat change id reported: 242716250; UID 10273; state: ENABLED
01-09 11:29:49.509  1785  2096 V GameManagerService: Game power mode ON (process state was changed to foreground)
01-09 11:29:49.510  1785  2095 V WindowManager: Sent Transition #132 createdAt=01-09 11:29:49.299 via request=TransitionRequestInfo { type = CHANGE, triggerTask = null, remoteTransition = null, displayChange = null }
01-09 11:29:49.510  1785  2095 V WindowManager:     startWCT=WindowContainerTransaction { changes = {} hops = [] errorCallbackToken=null taskFragmentOrganizer=null }
01-09 11:29:49.511  1785  2095 V WindowManager:     info={id=132 t=CHANGE f=0x0 trk=1 r=[0@Point(0, 0)] c=[{WCT{RemoteToken{95c9930 Task{a9f06f5 #83 type=standard A=10273:com.driftsys.dashscene.showcase}}} m=OPEN f=MOVE_TO_TOP leash=Surface(name=Task=83)/@0x11862e2 sb=Rect(0, 0 - 2340, 1080) eb=Rect(0, 0 - 2340, 1080) d=0},{WCT{RemoteToken{9c98cf1 Task{7ad6226 #82 type=standard A=10273:com.driftsys.dashscene.showcase}}} m=CLOSE f=NONE leash=Surface(name=Task=82)/@0xdc27e75 sb=Rect(0, 0 - 2340, 1080) eb=Rect(0, 0 - 2340, 1080) d=0},{WCT{RemoteToken{22b1238 Display{#0 state=ON size=2340x1080 ROTATION_0}}} m=CHANGE f=IS_DISPLAY leash=Surface(name=WindowedMagnification:0:31)/@0x1d75080 sb=Rect(0, 0 - 2340, 1080) eb=Rect(0, 0 - 2340, 1080) d=0}]}
01-09 11:29:49.512  2565  2589 V WindowManagerShell: onTransitionReady android.os.BinderProxy@6c14bda: {id=132 t=CHANGE f=0x0 trk=1 r=[0@Point(0, 0)] c=[{WCT{android.window.IWindowContainerToken$Stub$Proxy@c4178ee} m=OPEN f=MOVE_TO_TOP leash=Surface(name=Task=83)/@0x3ed0084 sb=Rect(0, 0 - 2340, 1080) eb=Rect(0, 0 - 2340, 1080) d=0},{WCT{android.window.IWindowContainerToken$Stub$Proxy@cd318f} m=CLOSE f=NONE leash=Surface(name=Task=82)/@0xc29a06d sb=Rect(0, 0 - 2340, 1080) eb=Rect(0, 0 - 2340, 1080) d=0},{WCT{android.window.IWindowContainerToken$Stub$Proxy@11dc1c} m=CHANGE f=IS_DISPLAY leash=Surface(name=WindowedMagnification:0:31)/@0xde8b4a2 sb=Rect(0, 0 - 2340, 1080) eb=Rect(0, 0 - 2340, 1080) d=0 snapshot=Surface(name=transition snapshot: Display{#0 state=ON size=2340x1080 ROTATION_0})/@0xa6a7533}]}
01-09 11:29:49.512  2565  2589 V WindowManagerShell: Playing animation for (#132)android.os.BinderProxy@6c14bda@1
01-09 11:29:49.512  2565  2589 V WindowManagerShell:  try handler com.android.wm.shell.transition.DefaultMixedHandler@83c3803
01-09 11:29:49.512  2565  2589 V WindowManagerShell:  try handler com.android.wm.shell.keyguard.KeyguardTransitionHandler@6f380
01-09 11:29:49.512  2565  2589 V WindowManagerShell:  try handler com.android.wm.shell.activityembedding.ActivityEmbeddingController@626ddb9
01-09 11:29:49.512  2565  2589 V WindowManagerShell:  try handler com.android.wm.shell.recents.RecentsTransitionHandler@c30f5fe
01-09 11:29:49.512  2565  2589 V ShellRecents: RecentsTransitionHandler.startAnimation: no controller found
01-09 11:29:49.512  2565  2589 V WindowManagerShell:  try handler com.android.wm.shell.pip.PipTransition@c40515f
01-09 11:29:49.512  2565  2589 V WindowManagerShell:  try handler com.android.wm.shell.splitscreen.StageCoordinator@ea7c7ac
01-09 11:29:49.512  2565  2589 V WindowManagerShell:  try handler com.android.wm.shell.transition.RemoteTransitionHandler@74e9c75
01-09 11:29:49.513  2565  2589 V WindowManagerShell:  try handler com.android.wm.shell.transition.DefaultTransitionHandler@3fbc6d6
01-09 11:29:49.513  2565  2589 V WindowManagerShell: start default transition animation, info = {id=132 t=CHANGE f=0x0 trk=1 r=[0@Point(0, 0)] c=[{WCT{android.window.IWindowContainerToken$Stub$Proxy@c4178ee} m=OPEN f=MOVE_TO_TOP leash=Surface(name=Task=83)/@0x3ed0084 sb=Rect(0, 0 - 2340, 1080) eb=Rect(0, 0 - 2340, 1080) d=0},{WCT{android.window.IWindowContainerToken$Stub$Proxy@cd318f} m=CLOSE f=NONE leash=Surface(name=Task=82)/@0xc29a06d sb=Rect(0, 0 - 2340, 1080) eb=Rect(0, 0 - 2340, 1080) d=0},{WCT{android.window.IWindowContainerToken$Stub$Proxy@11dc1c} m=CHANGE f=IS_DISPLAY leash=Surface(name=WindowedMagnification:0:31)/@0xde8b4a2 sb=Rect(0, 0 - 2340, 1080) eb=Rect(0, 0 - 2340, 1080) d=0 snapshot=Surface(name=transition snapshot: Display{#0 state=ON size=2340x1080 ROTATION_0})/@0xa6a7533}]}
01-09 11:29:49.513  2565  2589 V WindowManagerShell: Display is changing, resolve the animation hint.
01-09 11:29:49.515  2565  2589 V WindowManagerShell: loadAnimation: anim=null animAttr=0x0 type=CHANGE isEntrance=true
01-09 11:29:49.515  2565  2589 V WindowManagerShell:  animated by com.android.wm.shell.transition.DefaultTransitionHandler@3fbc6d6
01-09 11:29:49.518 25993 25993 D nativeloader: Configuring clns-4 for other apk /data/app/~~oEU8viRz7TkF5ixV7iY-uA==/com.driftsys.dashscene.showcase-pX_QHPMS2-fHUMbXXhEXwA==/base.apk. target_sdk_version=36, uses_libraries=, library_path=/data/app/~~oEU8viRz7TkF5ixV7iY-uA==/com.driftsys.dashscene.showcase-pX_QHPMS2-fHUMbXXhEXwA==/lib/arm64:/data/app/~~oEU8viRz7TkF5ixV7iY-uA==/com.driftsys.dashscene.showcase-pX_QHPMS2-fHUMbXXhEXwA==/base.apk!/lib/arm64-v8a, permitted_path=/data:/mnt/expand:/data/user/0/com.driftsys.dashscene.showcase
01-09 11:29:49.526 25993 25993 V GraphicsEnvironment: Currently set values for:
01-09 11:29:49.526 25993 25993 V GraphicsEnvironment:   angle_gl_driver_selection_pkgs=[]
01-09 11:29:49.526 25993 25993 V GraphicsEnvironment:   angle_gl_driver_selection_values=[]
01-09 11:29:49.527 25993 25993 V GraphicsEnvironment: ANGLE GameManagerService for com.driftsys.dashscene.showcase: false
01-09 11:29:49.527 25993 25993 V GraphicsEnvironment: com.driftsys.dashscene.showcase is not listed in per-application setting
01-09 11:29:49.527 25993 25993 V GraphicsEnvironment: Updatable production driver is not supported on the device.
01-09 11:29:49.530  1785  4029 I ActivityManager: Flag disabled. Ignoring finishAttachApplication from uid: 10273. pid: 25993
01-09 11:29:49.544  1086  1254 I ASH     : @ 967060.347: tcs3701: stop power rail pending_off timer
01-09 11:29:49.544  1086  1254 D ASH     : @ 967060.347: tcs3701: start power rail timer, state:3
01-09 11:29:49.554 25993 25993 I IL2CPP  : JNI_OnLoad
01-09 11:29:49.554 25993 25993 V Unity   : Context Type: ActivityOrService
01-09 11:29:49.560 25993 25993 D CompatibilityChangeReporter: Compat change id reported: 237531167; UID 10273; state: DISABLED
01-09 11:29:49.561  1785  4029 W WindowManager: Failed looking up window session=Session{9434e1d 25993:u0a10273} callers=com.android.server.wm.WindowManagerService.windowForClientLocked:6034 com.android.server.wm.Session.updateRequestedVisibleTypes:690 android.view.IWindowSession$Stub.onTransact:1034 
01-09 11:29:49.576  1785  2761 D CoreBackPreview: Window{5ce9263 u0 com.driftsys.dashscene.showcase/com.unity3d.player.UnityPlayerActivity}: Setting back callback OnBackInvokedCallbackInfo{mCallback=android.window.IOnBackInvokedCallback$Stub$Proxy@fe95bde, mPriority=-1, mIsAnimationCallback=false}
01-09 11:29:49.581  1785  3765 D CoreBackPreview: Window{5ce9263 u0 com.driftsys.dashscene.showcase/com.unity3d.player.UnityPlayerActivity}: Setting back callback OnBackInvokedCallbackInfo{mCallback=android.window.IOnBackInvokedCallback$Stub$Proxy@36259b7, mPriority=1, mIsAnimationCallback=false}
01-09 11:29:49.582   665  2607 I BpBinder: onLastStrongRef automatically unlinking death recipients: 
01-09 11:29:49.584  1086  1254 I ASH     : @ 967060.387: tcs3701: stop power rail pending_off timer
01-09 11:29:49.584  1086  1254 D ASH     : @ 967060.387: tcs3701: start power rail timer, state:3
01-09 11:29:49.590 25993 25993 W AdrenoUtils: <ReadGpuID_from_sysfs:197>: Failed to open /sys/class/kgsl/kgsl-3d0/gpu_model
01-09 11:29:49.590 25993 25993 W AdrenoUtils: <ReadGpuID:221>: Failed to read chip ID from gpu_model. Fallback to use the GSL path
01-09 11:29:49.590 25993 26012 I Unity   : MemoryManager: Using 'Dynamic Heap' Allocator.
01-09 11:29:49.609  1785  2095 I ActivityTaskManager: Displayed com.driftsys.dashscene.showcase/com.unity3d.player.UnityPlayerActivity for user 0: +165ms
01-09 11:29:49.613 25993 26012 I Unity   : SystemInfo CPU = ARM64 FP ASIMD AES, Cores = 8, Memory = 7461mb
01-09 11:29:49.613 25993 26012 I Unity   : SystemInfo ARM big.LITTLE configuration: 2 big (mask: 0xc0), 6 little (mask: 0x3f)
01-09 11:29:49.613 25993 26012 I Unity   : ApplicationInfo 'com.driftsys.dashscene.showcase', Version '1.0', Min API Level '33', Target API Level '36'
01-09 11:29:49.613 25993 26012 I Unity   : Built from '6000.3/staging' branch, Version '6000.3.23f1 (09d2ecc7fb28)', Build type 'Release', Scripting Backend 'il2cpp', CPU 'arm64-v8a', Stripping 'Enabled'
01-09 11:29:49.613 25993 26012 I Unity   : Device Model 'Google Pixel 5', OS 'Android OS 14 (API 34)'
01-09 11:29:49.616  2565  2599 E OpenGLRenderer: Unable to match the desired swap behavior.
01-09 11:29:49.624  1785  2761 D CompatibilityChangeReporter: Compat change id reported: 214016041; UID 10273; state: ENABLED
01-09 11:29:49.624  1785  2761 I ImeTracker: com.driftsys.dashscene.showcase:936e1cb5: onRequestHide at ORIGIN_SERVER_HIDE_INPUT reason HIDE_UNSPECIFIED_WINDOW
01-09 11:29:49.624  1785  2761 I ImeTracker: com.driftsys.dashscene.showcase:936e1cb5: onCancelled at PHASE_SERVER_SHOULD_HIDE
01-09 11:29:49.625  1086  1254 I ASH     : @ 967060.427: tcs3701: stop power rail pending_off timer
01-09 11:29:49.625  1086  1254 D ASH     : @ 967060.427: tcs3701: start power rail timer, state:3
01-09 11:29:49.627  3450  3450 I GoogleInputMethodService: GoogleInputMethodService.onFinishInput():3227 
01-09 11:29:49.630  3450  3450 I GoogleInputMethodService: GoogleInputMethodService.updateDeviceLockedStatus():2087 repeatCheckTimes = 0, unlocked = true
01-09 11:29:49.630  3450  3450 I GoogleInputMethodService: GoogleInputMethodService.onStartInput():1877 onStartInput(EditorInfo{inputType=0x0(NULL) imeOptions=0x0 privateImeOptions=null actionName=UNSPECIFIED actionLabel=null actionId=0 initialSelStart=-1 initialSelEnd=-1 initialCapsMode=0x0 hintText=null label=null packageName=com.driftsys.dashscene.showcase fieldId=0 fieldName=null extras=null}, false)
01-09 11:29:49.630  3450  3450 I GoogleInputMethodService: GoogleInputMethodService.shouldHideHeaderOnInitialState():4008 ShouldHideHeaderOnInitialState = false
01-09 11:29:49.632  3450  3450 I GoogleInputMethodService: GoogleInputMethodService.updateDeviceLockedStatus():2087 repeatCheckTimes = 2, unlocked = true
01-09 11:29:49.636  1785  2208 V DisplayPowerController2[0]: Brightness [1.0] reason changing to: 'manual', previous reason: 'manual [ dim ]'.
01-09 11:29:49.637  1785  2208 I DisplayPowerController2[0]: BrightnessEvent: disp=0, physDisp=local:4630946523002478721, brt=1.0, initBrt=0.05, rcmdBrt=NaN, preBrt=NaN, lux=0.0, preLux=0.0, hbmMax=1.0, hbmMode=off, rbcStrength=50, thrmMax=1.0, powerFactor=1.0, wasShortTermModelActive=false, flags=, reason=manual, autoBrightness=false, strategy=InvalidBrightnessStrategy
01-09 11:29:49.647  2565  2589 V WindowManagerShell: Transition animation finished (aborted=false), notifying core (#132)android.os.BinderProxy@6c14bda@1
01-09 11:29:49.648  1785  2095 V WindowManager: Finish Transition #132: created at 01-09 11:29:49.299 collect-started=0.067ms request-sent=0.167ms started=21.348ms ready=207.772ms sent=210.509ms finished=348.616ms
01-09 11:29:49.649  2658  2658 I WallpaperService: engine paused
01-09 11:29:49.650  1086  1086 I sensors-hal: [hal]activate_physical_sensor:251, android.sensor.gyroscope/41 en=0
01-09 11:29:49.653  1086  1086 D Diag_Lib: diag: Diag_LSM_DeInit: invoked for pid: 1086
01-09 11:29:49.653  1086  1086 D Diag_Lib: diag: Diag_LSM_DeInit: done for pid: 1086
01-09 11:29:49.655  2565  2589 V WindowManagerShell: Track 1 became idle
01-09 11:29:49.655  2565  2589 V WindowManagerShell: All active transition animations finished
01-09 11:29:49.655  1086  1086 D Diag_Lib: diag: Diag_LSM_DeInit: invoked for pid: 1086
01-09 11:29:49.655  1086  1086 D Diag_Lib: diag: Diag_LSM_DeInit: done for pid: 1086
01-09 11:29:49.655  1086  1086 I sensors-hal: [hal]activate_physical_sensor:262, android.sensor.gyroscope/41 en=0 completed
01-09 11:29:49.657  2193  2195 I pixel-thermal: skin-therm-monitor:33.047 raw data: skin-therm-monitor:33047 
01-09 11:29:49.658  2193  2195 I pixel-thermal: cellular-emergency:33.05 raw data: cellular-emergency:33050 
01-09 11:29:49.660  2193  2195 I pixel-thermal: panel-audio-therm:33.041 raw data: panel-audio-therm:33041 
01-09 11:29:49.660  2193  2195 I pixel-thermal: usbc-virt-monitor:-274 raw data: usbc-virt-monitor:-274000 
01-09 11:29:49.660  2992  3053 I ImeTracker: com.google.android.apps.nexuslauncher:caf7c4dd: onRequestHide at ORIGIN_CLIENT_HIDE_SOFT_INPUT reason HIDE_SOFT_INPUT
01-09 11:29:49.660  2992  3926 D OneSearchSuggestProvider: Shut down the binder channel
01-09 11:29:49.660  2992  3053 I ImeTracker: com.google.android.apps.nexuslauncher:caf7c4dd: onFailed at PHASE_CLIENT_VIEW_SERVED
01-09 11:29:49.661   665   665 E BpTransactionCompletedListener: Failed to transact (-32)
01-09 11:29:49.661   665   665 E BpTransactionCompletedListener: Failed to transact (-32)
01-09 11:29:49.664  1086  1254 I ASH     : @ 967060.467: tcs3701: stop power rail pending_off timer
01-09 11:29:49.664  1086  1254 D ASH     : @ 967060.467: tcs3701: start power rail timer, state:3
01-09 11:29:49.704  1086  1254 I ASH     : @ 967060.507: tcs3701: stop power rail pending_off timer
01-09 11:29:49.704  1086  1254 D ASH     : @ 967060.507: tcs3701: start power rail timer, state:3
01-09 11:29:49.707 25993 26012 I Unity   : Company Name: driftsys
01-09 11:29:49.707 25993 26012 I Unity   : Product Name: DashsceneShowcase
01-09 11:29:49.709 25993 26012 I AdrenoGLES-0: QUALCOMM build                   : 4783c89, I46ff5fc46f
01-09 11:29:49.709 25993 26012 I AdrenoGLES-0: Build Date                       : 11/30/20
01-09 11:29:49.709 25993 26012 I AdrenoGLES-0: OpenGL ES Shader Compiler Version: EV031.31.04.01
01-09 11:29:49.709 25993 26012 I AdrenoGLES-0: Local Branch                     : QPR2
01-09 11:29:49.709 25993 26012 I AdrenoGLES-0: Remote Branch                    : 
01-09 11:29:49.709 25993 26012 I AdrenoGLES-0: Remote Branch                    : 
01-09 11:29:49.709 25993 26012 I AdrenoGLES-0: Reconstruct Branch               : 
01-09 11:29:49.709 25993 26012 I AdrenoGLES-0: Build Config                     : S P 10.0.4 AArch64
01-09 11:29:49.709 25993 26012 I AdrenoGLES-0: Driver Path                      : /vendor/lib64/egl/libGLESv2_adreno.so
01-09 11:29:49.712 25993 26012 I AdrenoGLES-0: PFP: 0x016dd093, ME: 0x00000000
01-09 11:29:49.744  1086  1254 I ASH     : @ 967060.547: tcs3701: stop power rail pending_off timer
01-09 11:29:49.744  1086  1254 D ASH     : @ 967060.547: tcs3701: start power rail timer, state:3
01-09 11:29:49.784  1086  1254 I ASH     : @ 967060.587: tcs3701: stop power rail pending_off timer
01-09 11:29:49.784  1086  1254 D ASH     : @ 967060.587: tcs3701: start power rail timer, state:3
01-09 11:29:49.824  1086  1254 I ASH     : @ 967060.627: tcs3701: stop power rail pending_off timer
01-09 11:29:49.824  1086  1254 D ASH     : @ 967060.627: tcs3701: start power rail timer, state:3
01-09 11:29:49.864  1086  1254 I ASH     : @ 967060.667: tcs3701: stop power rail pending_off timer
01-09 11:29:49.865  1086  1254 D ASH     : @ 967060.667: tcs3701: start power rail timer, state:3
01-09 11:29:49.868  1086  1086 I sensors-hal: [hal]batch_physical_sensor:314, android.sensor.accelerometer/11, period=200000000, max_latency=0
01-09 11:29:49.869  1086  1086 I sensors-hal: [sensor]set_config:64, sample_period_ns is adjusted to 200000000 based on min/max delay_ns
01-09 11:29:49.869  1086  1086 I sensors-hal: [hal]batch_physical_sensor:323, android.sensor.accelerometer/11, period=200000000, max_latency=0 request completed
01-09 11:29:49.869  1086  1086 I sensors-hal: [hal]flush_physical_sensor:355, android.sensor.accelerometer/11
01-09 11:29:49.869  1086  1086 I sensors-hal: [hal]flush_physical_sensor:361, android.sensor.accelerometer/11 completed
01-09 11:29:49.870  1086  1086 I sensors-hal: [hal]batch_physical_sensor:314, android.sensor.accelerometer/11, period=20000000, max_latency=0
01-09 11:29:49.870  1086  1086 I sensors-hal: [sensor]set_config:64, sample_period_ns is adjusted to 20000000 based on min/max delay_ns
01-09 11:29:49.870  1086  1086 I sensors-hal: [hal]batch_physical_sensor:323, android.sensor.accelerometer/11, period=20000000, max_latency=0 request completed
01-09 11:29:49.870  1086 24676 I sensors-hal: [ssc_sensor]ssc_conn_resp_cb:686, resp_value = 0
01-09 11:29:49.871  1086 24676 I sensors-hal: [ssc_sensor]ssc_conn_resp_cb:686, resp_value = 0
01-09 11:29:49.871  1086 24676 I sensors-hal: [ssc_sensor]ssc_conn_resp_cb:686, resp_value = 0
01-09 11:29:49.882  1785  3765 D CompatibilityChangeReporter: Compat change id reported: 161145287; UID 10273; state: ENABLED
01-09 11:29:49.885 25993 26012 V MediaRouter: Selecting route: RouteInfo{ name=Phone, description=null, status=null, category=RouteCategory{ name=System types=ROUTE_TYPE_LIVE_AUDIO ROUTE_TYPE_LIVE_VIDEO  groupable=false }, supportedTypes=ROUTE_TYPE_LIVE_AUDIO ROUTE_TYPE_LIVE_VIDEO , presentationDisplay=null }
01-09 11:29:49.885 25993 26012 I MediaRouter: Skip setBluetoothA2dpOn(): types=8388615, isPlaybackActive()=false, BT route=null
01-09 11:29:49.905  1086  1254 I ASH     : @ 967060.707: tcs3701: stop power rail pending_off timer
01-09 11:29:49.905  1086  1254 D ASH     : @ 967060.707: tcs3701: start power rail timer, state:3
01-09 11:29:49.918  1785  3765 W InputManager-JNI: Input channel object '830ff18 Splash Screen com.driftsys.dashscene.showcase (client)' was disposed without first being removed with the input manager!
01-09 11:29:49.918  1086  2781 I sensors-hal: [ssc_utils]get_qmi_debug_flag:243, support_qmi_debug : false
01-09 11:29:49.923  1086  1254 I ASH     : @ 967060.726: tcs3701: stop power rail pending_off timer
01-09 11:29:49.923  1086  1254 I ASH     : @ 967060.726: tcs3701: display status: 1
01-09 11:29:49.923  1086  1254 I ASH     : @ 967060.726: tcs3701: display brightness: 121
01-09 11:29:49.923  1086  1254 I ASH     : @ 967060.726: tcs3701: display refresh_rate: 60
01-09 11:29:49.926  1086  1254 D ASH     : @ 967060.729: tcs3701: start power rail timer, state:3
01-09 11:29:49.944  1086  1254 I ASH     : @ 967060.747: tcs3701: stop power rail pending_off timer
01-09 11:29:49.945  1086  1254 D ASH     : @ 967060.747: tcs3701: start power rail timer, state:3
01-09 11:29:49.950  1785  2095 I ActivityTaskManager: Fully drawn com.driftsys.dashscene.showcase/com.unity3d.player.UnityPlayerActivity: +509ms
01-09 11:29:49.968  1086  2781 I sensors-hal: [ssc_utils]get_qmi_debug_flag:243, support_qmi_debug : false
01-09 11:29:49.973  1086  1254 I ASH     : @ 967060.776: tcs3701: stop power rail pending_off timer
01-09 11:29:49.973  1086  1254 I ASH     : @ 967060.776: tcs3701: display status: 1
01-09 11:29:49.973  1086  1254 I ASH     : @ 967060.776: tcs3701: display brightness: 142
01-09 11:29:49.973  1086  1254 I ASH     : @ 967060.776: tcs3701: display refresh_rate: 60
01-09 11:29:49.977  1086  1254 D ASH     : @ 967060.779: tcs3701: start power rail timer, state:3
01-09 11:29:49.985  1086  1254 I ASH     : @ 967060.787: tcs3701: stop power rail pending_off timer
01-09 11:29:49.985  1086  1254 D ASH     : @ 967060.787: tcs3701: start power rail timer, state:3
01-09 11:29:50.018  1086  2781 I sensors-hal: [ssc_utils]get_qmi_debug_flag:243, support_qmi_debug : false
01-09 11:29:50.024  1086  1254 I ASH     : @ 967060.827: tcs3701: stop power rail pending_off timer
01-09 11:29:50.024  1086  1254 I ASH     : @ 967060.827: tcs3701: display status: 1
01-09 11:29:50.024  1086  1254 I ASH     : @ 967060.827: tcs3701: display brightness: 168
01-09 11:29:50.024  1086  1254 I ASH     : @ 967060.827: tcs3701: display refresh_rate: 60
01-09 11:29:50.027  1086  1254 D ASH     : @ 967060.830: tcs3701: start power rail timer, state:3
01-09 11:29:50.027  1086  1254 I ASH     : @ 967060.830: tcs3701: stop power rail pending_off timer
01-09 11:29:50.027  1086  1254 D ASH     : @ 967060.830: tcs3701: start power rail timer, state:3
01-09 11:29:50.061  1122  1183 D rlsservice: MonitorDisplayStatus client num 0, display status 1, sensor status 0
01-09 11:29:50.066  1086  1254 I ASH     : @ 967060.867: tcs3701: stop power rail pending_off timer
01-09 11:29:50.066  1086  1254 D ASH     : @ 967060.867: tcs3701: start power rail timer, state:3
01-09 11:29:50.104  1086  1254 I ASH     : @ 967060.907: tcs3701: stop power rail pending_off timer
01-09 11:29:50.104  1086  1254 D ASH     : @ 967060.907: tcs3701: start power rail timer, state:3
01-09 11:29:50.144  1086  1254 I ASH     : @ 967060.947: tcs3701: stop power rail pending_off timer
01-09 11:29:50.144  1086  1254 D ASH     : @ 967060.947: tcs3701: start power rail timer, state:3
01-09 11:29:50.185  1086  1254 I ASH     : @ 967060.987: tcs3701: stop power rail pending_off timer
01-09 11:29:50.185  1086  1254 D ASH     : @ 967060.987: tcs3701: start power rail timer, state:3
01-09 11:29:50.225  1086  1254 I ASH     : @ 967061.027: tcs3701: stop power rail pending_off timer
01-09 11:29:50.225  1086  1254 D ASH     : @ 967061.027: tcs3701: start power rail timer, state:3
01-09 11:29:50.264  1086  1254 I ASH     : @ 967061.067: tcs3701: stop power rail pending_off timer
01-09 11:29:50.264  1086  1254 D ASH     : @ 967061.067: tcs3701: start power rail timer, state:3
01-09 11:29:50.305  1086  1254 I ASH     : @ 967061.107: tcs3701: stop power rail pending_off timer
01-09 11:29:50.305  1086  1254 D ASH     : @ 967061.107: tcs3701: start power rail timer, state:3
01-09 11:29:50.344  1086  1254 I ASH     : @ 967061.147: tcs3701: stop power rail pending_off timer
01-09 11:29:50.345  1086  1254 D ASH     : @ 967061.147: tcs3701: start power rail timer, state:3
01-09 11:29:50.385  1086  1254 I ASH     : @ 967061.187: tcs3701: stop power rail pending_off timer
01-09 11:29:50.385  1086  1254 D ASH     : @ 967061.187: tcs3701: start power rail timer, state:3
01-09 11:29:50.424  1086  1254 I ASH     : @ 967061.227: tcs3701: stop power rail pending_off timer
01-09 11:29:50.425  1086  1254 D ASH     : @ 967061.227: tcs3701: start power rail timer, state:3
01-09 11:29:50.464  1086  1254 I ASH     : @ 967061.267: tcs3701: stop power rail pending_off timer
01-09 11:29:50.464  1086  1254 D ASH     : @ 967061.267: tcs3701: start power rail timer, state:3
01-09 11:29:50.504  1086  1254 I ASH     : @ 967061.307: tcs3701: stop power rail pending_off timer
01-09 11:29:50.505  1086  1254 D ASH     : @ 967061.307: tcs3701: start power rail timer, state:3
01-09 11:29:50.545  1086  1254 I ASH     : @ 967061.347: tcs3701: stop power rail pending_off timer
01-09 11:29:50.545  1086  1254 D ASH     : @ 967061.347: tcs3701: start power rail timer, state:3
01-09 11:29:50.584  1086  1254 I ASH     : @ 967061.387: tcs3701: stop power rail pending_off timer
01-09 11:29:50.585  1086  1254 D ASH     : @ 967061.387: tcs3701: start power rail timer, state:3
01-09 11:29:50.625  1086  1254 I ASH     : @ 967061.427: tcs3701: stop power rail pending_off timer
01-09 11:29:50.625  1086  1254 D ASH     : @ 967061.427: tcs3701: start power rail timer, state:3
01-09 11:29:50.665  1086  1254 I ASH     : @ 967061.467: tcs3701: stop power rail pending_off timer
01-09 11:29:50.665  1086  1254 D ASH     : @ 967061.467: tcs3701: start power rail timer, state:3
01-09 11:29:50.705  1086  1254 I ASH     : @ 967061.507: tcs3701: stop power rail pending_off timer
01-09 11:29:50.705  1086  1254 D ASH     : @ 967061.507: tcs3701: start power rail timer, state:3
01-09 11:29:50.745  1086  1254 I ASH     : @ 967061.547: tcs3701: stop power rail pending_off timer
01-09 11:29:50.745  1086  1254 D ASH     : @ 967061.547: tcs3701: start power rail timer, state:3
01-09 11:29:50.784  1086  1254 I ASH     : @ 967061.587: tcs3701: stop power rail pending_off timer
01-09 11:29:50.784  1086  1254 D ASH     : @ 967061.587: tcs3701: start power rail timer, state:3
01-09 11:29:50.825  1086  1254 I ASH     : @ 967061.627: tcs3701: stop power rail pending_off timer
01-09 11:29:50.825  1086  1254 D ASH     : @ 967061.627: tcs3701: start power rail timer, state:3
01-09 11:29:50.864  1086  1254 I ASH     : @ 967061.667: tcs3701: stop power rail pending_off timer
01-09 11:29:50.865  1086  1254 D ASH     : @ 967061.667: tcs3701: start power rail timer, state:3
01-09 11:29:50.905  1086  1254 I ASH     : @ 967061.707: tcs3701: stop power rail pending_off timer
01-09 11:29:50.905  1086  1254 D ASH     : @ 967061.707: tcs3701: start power rail timer, state:3
01-09 11:29:50.944  1086  1254 I ASH     : @ 967061.747: tcs3701: stop power rail pending_off timer
01-09 11:29:50.944  1086  1254 D ASH     : @ 967061.747: tcs3701: start power rail timer, state:3
01-09 11:29:50.984  1086  1254 I ASH     : @ 967061.787: tcs3701: stop power rail pending_off timer
01-09 11:29:50.985  1086  1254 D ASH     : @ 967061.787: tcs3701: start power rail timer, state:3
01-09 11:29:51.025  1086  1254 I ASH     : @ 967061.827: tcs3701: stop power rail pending_off timer
01-09 11:29:51.025  1086  1254 D ASH     : @ 967061.827: tcs3701: start power rail timer, state:3
01-09 11:29:51.064  1086  1254 I ASH     : @ 967061.867: tcs3701: stop power rail pending_off timer
01-09 11:29:51.065  1086  1254 D ASH     : @ 967061.867: tcs3701: start power rail timer, state:3
01-09 11:29:51.105  1086  1254 I ASH     : @ 967061.907: tcs3701: stop power rail pending_off timer
01-09 11:29:51.105  1086  1254 D ASH     : @ 967061.907: tcs3701: start power rail timer, state:3
01-09 11:29:51.144  1086  1254 I ASH     : @ 967061.947: tcs3701: stop power rail pending_off timer
01-09 11:29:51.144  1086  1254 D ASH     : @ 967061.947: tcs3701: start power rail timer, state:3
01-09 11:29:51.184  1086  1254 I ASH     : @ 967061.987: tcs3701: stop power rail pending_off timer
01-09 11:29:51.184  1086  1254 D ASH     : @ 967061.987: tcs3701: start power rail timer, state:3
01-09 11:29:51.225  1086  1254 I ASH     : @ 967062.027: tcs3701: stop power rail pending_off timer
01-09 11:29:51.225  1086  1254 D ASH     : @ 967062.027: tcs3701: start power rail timer, state:3
01-09 11:29:51.265  1086  1254 I ASH     : @ 967062.067: tcs3701: stop power rail pending_off timer
01-09 11:29:51.265  1086  1254 D ASH     : @ 967062.067: tcs3701: start power rail timer, state:3
01-09 11:29:51.304  1086  1254 I ASH     : @ 967062.107: tcs3701: stop power rail pending_off timer
01-09 11:29:51.304  1086  1254 D ASH     : @ 967062.107: tcs3701: start power rail timer, state:3
01-09 11:29:51.345  1086  1254 I ASH     : @ 967062.147: tcs3701: stop power rail pending_off timer
01-09 11:29:51.345  1086  1254 D ASH     : @ 967062.147: tcs3701: start power rail timer, state:3
01-09 11:29:51.385  1086  1254 I ASH     : @ 967062.187: tcs3701: stop power rail pending_off timer
01-09 11:29:51.385  1086  1254 D ASH     : @ 967062.187: tcs3701: start power rail timer, state:3
01-09 11:29:51.425  1086  1254 I ASH     : @ 967062.227: tcs3701: stop power rail pending_off timer
01-09 11:29:51.425  1086  1254 D ASH     : @ 967062.227: tcs3701: start power rail timer, state:3
01-09 11:29:51.464  2658  6750 W OpenGLRenderer: Surface doesn't have any previously queued frames, nothing to readback from
01-09 11:29:51.465  1086  1254 I ASH     : @ 967062.267: tcs3701: stop power rail pending_off timer
01-09 11:29:51.465  1086  1254 D ASH     : @ 967062.267: tcs3701: start power rail timer, state:3
01-09 11:29:51.505  1086  1254 I ASH     : @ 967062.307: tcs3701: stop power rail pending_off timer
01-09 11:29:51.505  1086  1254 D ASH     : @ 967062.307: tcs3701: start power rail timer, state:3
01-09 11:29:51.544  1086  1254 I ASH     : @ 967062.347: tcs3701: stop power rail pending_off timer
01-09 11:29:51.545  1086  1254 D ASH     : @ 967062.347: tcs3701: start power rail timer, state:3
01-09 11:29:51.585  1086  1254 I ASH     : @ 967062.387: tcs3701: stop power rail pending_off timer
01-09 11:29:51.585  1086  1254 D ASH     : @ 967062.387: tcs3701: start power rail timer, state:3
01-09 11:29:51.625  1086  1254 I ASH     : @ 967062.427: tcs3701: stop power rail pending_off timer
01-09 11:29:51.625  1086  1254 D ASH     : @ 967062.427: tcs3701: start power rail timer, state:3
01-09 11:29:51.665  1086  1254 I ASH     : @ 967062.467: tcs3701: stop power rail pending_off timer
01-09 11:29:51.665  1086  1254 D ASH     : @ 967062.467: tcs3701: start power rail timer, state:3
01-09 11:29:51.704  1086  1254 I ASH     : @ 967062.507: tcs3701: stop power rail pending_off timer
01-09 11:29:51.705  1086  1254 D ASH     : @ 967062.507: tcs3701: start power rail timer, state:3
01-09 11:29:51.745  1086  1254 I ASH     : @ 967062.547: tcs3701: stop power rail pending_off timer
01-09 11:29:51.745  1086  1254 D ASH     : @ 967062.547: tcs3701: start power rail timer, state:3
01-09 11:29:51.784  1086  1254 I ASH     : @ 967062.587: tcs3701: stop power rail pending_off timer
01-09 11:29:51.785  1086  1254 D ASH     : @ 967062.587: tcs3701: start power rail timer, state:3
01-09 11:29:51.825  1086  1254 I ASH     : @ 967062.627: tcs3701: stop power rail pending_off timer
01-09 11:29:51.825  1086  1254 D ASH     : @ 967062.627: tcs3701: start power rail timer, state:3
01-09 11:29:51.865  1086  1254 I ASH     : @ 967062.667: tcs3701: stop power rail pending_off timer
01-09 11:29:51.865  1086  1254 D ASH     : @ 967062.667: tcs3701: start power rail timer, state:3
01-09 11:29:51.904  1086  1254 I ASH     : @ 967062.707: tcs3701: stop power rail pending_off timer
01-09 11:29:51.904  1086  1254 D ASH     : @ 967062.707: tcs3701: start power rail timer, state:3
01-09 11:29:51.944  1086  1254 I ASH     : @ 967062.747: tcs3701: stop power rail pending_off timer
01-09 11:29:51.944  1086  1254 D ASH     : @ 967062.747: tcs3701: start power rail timer, state:3
01-09 11:29:51.985  1086  1254 I ASH     : @ 967062.787: tcs3701: stop power rail pending_off timer
01-09 11:29:51.985  1086  1254 D ASH     : @ 967062.787: tcs3701: start power rail timer, state:3
01-09 11:29:52.006 25993 26012 I Unity   : [showcase] entries: 6 (3 scene(s), 3 document(s))
01-09 11:29:52.006 25993 26012 I Unity   : UnityEngine.DebugLogHandler:Internal_Log(LogType, LogOption, String, Object)
01-09 11:29:52.006 25993 26012 I Unity   : Driftsys.Dashscene.Samples.DashsceneShowcase:Awake()
01-09 11:29:52.006 25993 26012 I Unity   : 
01-09 11:29:52.006 25993 26012 I IL2CPP  : Locale en-US
01-09 11:29:52.007 25993 26012 I Unity   : [showcase] drawable: 2340x1080 px, document framing 400
01-09 11:29:52.007 25993 26012 I Unity   : UnityEngine.DebugLogHandler:Internal_Log(LogType, LogOption, String, Object)
01-09 11:29:52.007 25993 26012 I Unity   : Driftsys.Dashscene.Samples.DashsceneShowcase:Awake()
01-09 11:29:52.007 25993 26012 I Unity   : 
01-09 11:29:52.025  1086  1254 I ASH     : @ 967062.827: tcs3701: stop power rail pending_off timer
01-09 11:29:52.025  1086  1254 D ASH     : @ 967062.827: tcs3701: start power rail timer, state:3
01-09 11:29:52.047  1785  4031 W SensorService: sensor 0000000b already enabled in connection 0xb4000070229af9f0 (ignoring)
01-09 11:29:52.048  1086  1086 I sensors-hal: [hal]batch_physical_sensor:314, android.sensor.accelerometer/11, period=200000000, max_latency=0
01-09 11:29:52.048  1086  1086 I sensors-hal: [sensor]set_config:64, sample_period_ns is adjusted to 200000000 based on min/max delay_ns
01-09 11:29:52.048  1086  1086 I sensors-hal: [hal]batch_physical_sensor:323, android.sensor.accelerometer/11, period=200000000, max_latency=0 request completed
01-09 11:29:52.048  1086  1086 I sensors-hal: [hal]flush_physical_sensor:355, android.sensor.accelerometer/11
01-09 11:29:52.048  1086  1086 I sensors-hal: [hal]flush_physical_sensor:361, android.sensor.accelerometer/11 completed
01-09 11:29:52.049  1086  1086 I sensors-hal: [hal]batch_physical_sensor:314, android.sensor.accelerometer/11, period=20000000, max_latency=0
01-09 11:29:52.049  1086  1086 I sensors-hal: [sensor]set_config:64, sample_period_ns is adjusted to 20000000 based on min/max delay_ns
01-09 11:29:52.049  1086  1086 I sensors-hal: [hal]batch_physical_sensor:323, android.sensor.accelerometer/11, period=20000000, max_latency=0 request completed
01-09 11:29:52.049  1086 24676 I sensors-hal: [ssc_sensor]ssc_conn_resp_cb:686, resp_value = 0
01-09 11:29:52.049  1086 24676 I sensors-hal: [ssc_sensor]ssc_conn_resp_cb:686, resp_value = 0
01-09 11:29:52.050  1086 24676 I sensors-hal: [ssc_sensor]ssc_conn_resp_cb:686, resp_value = 0
01-09 11:29:52.064  1086  1254 I ASH     : @ 967062.867: tcs3701: stop power rail pending_off timer
01-09 11:29:52.064  1086  1254 D ASH     : @ 967062.867: tcs3701: start power rail timer, state:3
01-09 11:29:52.087 25993 26012 W Unity   : [dashscene] shadows: not drawn — this painter emits no shadow instance.
01-09 11:29:52.087 25993 26012 W Unity   : UnityEngine.DebugLogHandler:Internal_Log(LogType, LogOption, String, Object)
01-09 11:29:52.087 25993 26012 W Unity   : Driftsys.Dashscene.BrgPainter:Draw(FrameLease)
01-09 11:29:52.087 25993 26012 W Unity   : Driftsys.Dashscene.Samples.DashsceneShowcase:Update()
01-09 11:29:52.087 25993 26012 W Unity   : 
01-09 11:29:52.088 25993 26012 W Unity   : [dashscene] backdrop blurs: not drawn, and not fixable by adding a pass — a backdrop reads what the painter itself composited, and this painter's target also holds the engine's scene.
01-09 11:29:52.088 25993 26012 W Unity   : UnityEngine.DebugLogHandler:Internal_Log(LogType, LogOption, String, Object)
01-09 11:29:52.088 25993 26012 W Unity   : Driftsys.Dashscene.BrgPainter:Draw(FrameLease)
01-09 11:29:52.088 25993 26012 W Unity   : Driftsys.Dashscene.Samples.DashsceneShowcase:Update()
01-09 11:29:52.088 25993 26012 W Unity   : 
01-09 11:29:52.088 25993 26012 W Unity   : [dashscene] image fills: not drawn — no texture is uploaded from the payload.
01-09 11:29:52.088 25993 26012 W Unity   : UnityEngine.DebugLogHandler:Internal_Log(LogType, LogOption, String, Object)
01-09 11:29:52.088 25993 26012 W Unity   : Driftsys.Dashscene.BrgPainter:Draw(FrameLease)
01-09 11:29:52.088 25993 26012 W Unity   : Driftsys.Dashscene.Samples.DashsceneShowcase:Update()
01-09 11:29:52.088 25993 26012 W Unity   : 
01-09 11:29:52.088 25993 26012 W Unity   : [dashscene] baked vector nodes: not drawn — their outline is a coverage field rather than the parametric rounded box shaded here.
01-09 11:29:52.088 25993 26012 W Unity   : UnityEngine.DebugLogHandler:Internal_Log(LogType, LogOption, String, Object)
01-09 11:29:52.088 25993 26012 W Unity   : Driftsys.Dashscene.BrgPainter:Draw(FrameLease)
01-09 11:29:52.088 25993 26012 W Unity   : Driftsys.Dashscene.Samples.DashsceneShowcase:Update()
01-09 11:29:52.088 25993 26012 W Unity   : 
01-09 11:29:52.088 25993 26012 W Unity   : [dashscene] render-target groups: not composited — a translucent group's overlapping children are drawn twice.
01-09 11:29:52.088 25993 26012 W Unity   : UnityEngine.DebugLogHandler:Internal_Log(LogType, LogOption, String, Object)
01-09 11:29:52.088 25993 26012 W Unity   : Driftsys.Dashscene.BrgPainter:Draw(FrameLease)
01-09 11:29:52.088 25993 26012 W Unity   : Driftsys.Dashscene.Samples.DashsceneShowcase:Update()
01-09 11:29:52.088 25993 26012 W Unity   : 
01-09 11:29:52.088 25993 26012 W Unity   : [dashscene] 9 rect(s) affected, first at index 2. The document asked for these and this painter did not draw them.
01-09 11:29:52.088 25993 26012 W Unity   : UnityEngine.DebugLogHandler:Internal_Log(LogType, LogOption, String, Object)
01-09 11:29:52.088 25993 26012 W Unity   : Driftsys.Dashscene.BrgPainter:Draw(FrameLease)
01-09 11:29:52.088 25993 26012 W Unity   : Driftsys.Dashscene.Samples.DashsceneShowcase:Update()
01-09 11:29:52.088 25993 26012 W Unity   : 
01-09 11:29:52.090 25993 26012 I Unity   : [showcase] drew scene surfaces: 56 instance(s), rung ConstantBuffer, refused shadows: not drawn — this painter emits no shadow instance. backdrop blurs: not drawn, and not fixable by adding a pass — a backdrop reads what the painter itself composited, and this painter's target also holds the engine's scene. image fills: not drawn — no texture is uploaded from the payload. baked vector nodes: not drawn — their outline is a coverage field rather than the parametric rounded box shaded here. render-target groups: not composited — a translucent group's overlapping children are drawn twice. 9 rect(s) affected, first at index 2. The document asked for these and this painter did not draw them.
01-09 11:29:52.090 25993 26012 I Unity   : UnityEngine.DebugLogHandler:Internal_Log(LogType, LogOption, String, Object)
01-09 11:29:52.090 25993 26012 I Unity   : Driftsys.Dashscene.Samples.DashsceneShowcase:Update()
01-09 11:29:52.090 25993 26012 I Unity   : 
01-09 11:29:52.105  1086  1254 I ASH     : @ 967062.907: tcs3701: stop power rail pending_off timer
01-09 11:29:52.105  1086  1254 D ASH     : @ 967062.907: tcs3701: start power rail timer, state:3
01-09 11:29:52.145  1086  1254 I ASH     : @ 967062.947: tcs3701: stop power rail pending_off timer
01-09 11:29:52.145  1086  1254 D ASH     : @ 967062.947: tcs3701: start power rail timer, state:3
01-09 11:29:52.185  1086  1254 I ASH     : @ 967062.987: tcs3701: stop power rail pending_off timer
01-09 11:29:52.185  1086  1254 D ASH     : @ 967062.987: tcs3701: start power rail timer, state:3
01-09 11:29:52.225  1086  1254 I ASH     : @ 967063.027: tcs3701: stop power rail pending_off timer
01-09 11:29:52.225  1086  1254 D ASH     : @ 967063.027: tcs3701: start power rail timer, state:3
01-09 11:29:52.265  1086  1254 I ASH     : @ 967063.067: tcs3701: stop power rail pending_off timer
01-09 11:29:52.265  1086  1254 D ASH     : @ 967063.067: tcs3701: start power rail timer, state:3
01-09 11:29:52.305  1086  1254 I ASH     : @ 967063.107: tcs3701: stop power rail pending_off timer
01-09 11:29:52.305  1086  1254 D ASH     : @ 967063.107: tcs3701: start power rail timer, state:3
01-09 11:29:52.345  1086  1254 I ASH     : @ 967063.147: tcs3701: stop power rail pending_off timer
01-09 11:29:52.345  1086  1254 D ASH     : @ 967063.147: tcs3701: start power rail timer, state:3
01-09 11:29:52.385  1086  1254 I ASH     : @ 967063.187: tcs3701: stop power rail pending_off timer
01-09 11:29:52.385  1086  1254 D ASH     : @ 967063.187: tcs3701: start power rail timer, state:3
01-09 11:29:52.425  1086  1254 I ASH     : @ 967063.227: tcs3701: stop power rail pending_off timer
01-09 11:29:52.425  1086  1254 D ASH     : @ 967063.227: tcs3701: start power rail timer, state:3
01-09 11:29:52.465  1086  1254 I ASH     : @ 967063.267: tcs3701: stop power rail pending_off timer
01-09 11:29:52.465  1086  1254 D ASH     : @ 967063.267: tcs3701: start power rail timer, state:3
01-09 11:29:52.505  1086  1254 I ASH     : @ 967063.307: tcs3701: stop power rail pending_off timer
01-09 11:29:52.505  1086  1254 D ASH     : @ 967063.307: tcs3701: start power rail timer, state:3
01-09 11:29:52.545  1086  1254 I ASH     : @ 967063.347: tcs3701: stop power rail pending_off timer
01-09 11:29:52.545  1086  1254 D ASH     : @ 967063.347: tcs3701: start power rail timer, state:3
01-09 11:29:52.585  1086  1254 I ASH     : @ 967063.387: tcs3701: stop power rail pending_off timer
01-09 11:29:52.585  1086  1254 D ASH     : @ 967063.387: tcs3701: start power rail timer, state:3
01-09 11:29:52.625  1086  1254 I ASH     : @ 967063.427: tcs3701: stop power rail pending_off timer
01-09 11:29:52.625  1086  1254 D ASH     : @ 967063.427: tcs3701: start power rail timer, state:3
01-09 11:29:52.664  1086  1254 I ASH     : @ 967063.467: tcs3701: stop power rail pending_off timer
01-09 11:29:52.664  1086  1254 D ASH     : @ 967063.467: tcs3701: start power rail timer, state:3
01-09 11:29:52.704  1086  1254 I ASH     : @ 967063.507: tcs3701: stop power rail pending_off timer
01-09 11:29:52.705  1086  1254 D ASH     : @ 967063.507: tcs3701: start power rail timer, state:3
01-09 11:29:52.745  1086  1254 I ASH     : @ 967063.547: tcs3701: stop power rail pending_off timer
01-09 11:29:52.745  1086  1254 D ASH     : @ 967063.547: tcs3701: start power rail timer, state:3
01-09 11:29:52.784  1086  1254 I ASH     : @ 967063.587: tcs3701: stop power rail pending_off timer
01-09 11:29:52.785  1086  1254 D ASH     : @ 967063.587: tcs3701: start power rail timer, state:3
01-09 11:29:52.825  1086  1254 I ASH     : @ 967063.627: tcs3701: stop power rail pending_off timer
01-09 11:29:52.825  1086  1254 D ASH     : @ 967063.627: tcs3701: start power rail timer, state:3
01-09 11:29:52.865  1086  1254 I ASH     : @ 967063.667: tcs3701: stop power rail pending_off timer
01-09 11:29:52.865  1086  1254 D ASH     : @ 967063.667: tcs3701: start power rail timer, state:3
01-09 11:29:52.904  1086  1254 I ASH     : @ 967063.707: tcs3701: stop power rail pending_off timer
01-09 11:29:52.905  1086  1254 D ASH     : @ 967063.707: tcs3701: start power rail timer, state:3
01-09 11:29:52.945  1086  1254 I ASH     : @ 967063.747: tcs3701: stop power rail pending_off timer
01-09 11:29:52.945  1086  1254 D ASH     : @ 967063.747: tcs3701: start power rail timer, state:3
01-09 11:29:52.985  1086  1254 I ASH     : @ 967063.787: tcs3701: stop power rail pending_off timer
01-09 11:29:52.985  1086  1254 D ASH     : @ 967063.787: tcs3701: start power rail timer, state:3
01-09 11:29:53.025  1086  1254 I ASH     : @ 967063.827: tcs3701: stop power rail pending_off timer
01-09 11:29:53.025  1086  1254 D ASH     : @ 967063.827: tcs3701: start power rail timer, state:3
01-09 11:29:53.065  1086  1254 I ASH     : @ 967063.867: tcs3701: stop power rail pending_off timer
01-09 11:29:53.065  1086  1254 D ASH     : @ 967063.867: tcs3701: start power rail timer, state:3
01-09 11:29:53.105  1086  1254 I ASH     : @ 967063.907: tcs3701: stop power rail pending_off timer
01-09 11:29:53.105  1086  1254 D ASH     : @ 967063.907: tcs3701: start power rail timer, state:3
01-09 11:29:53.145  1086  1254 I ASH     : @ 967063.947: tcs3701: stop power rail pending_off timer
01-09 11:29:53.145  1086  1254 D ASH     : @ 967063.947: tcs3701: start power rail timer, state:3
01-09 11:29:53.185  1086  1254 I ASH     : @ 967063.987: tcs3701: stop power rail pending_off timer
01-09 11:29:53.185  1086  1254 D ASH     : @ 967063.987: tcs3701: start power rail timer, state:3
01-09 11:29:53.225  1086  1254 I ASH     : @ 967064.027: tcs3701: stop power rail pending_off timer
01-09 11:29:53.225  1086  1254 D ASH     : @ 967064.027: tcs3701: start power rail timer, state:3
01-09 11:29:53.265  1086  1254 I ASH     : @ 967064.067: tcs3701: stop power rail pending_off timer
01-09 11:29:53.265  1086  1254 D ASH     : @ 967064.067: tcs3701: start power rail timer, state:3
01-09 11:29:53.305  1086  1254 I ASH     : @ 967064.107: tcs3701: stop power rail pending_off timer
01-09 11:29:53.305  1086  1254 D ASH     : @ 967064.107: tcs3701: start power rail timer, state:3
01-09 11:29:53.345  1086  1254 I ASH     : @ 967064.147: tcs3701: stop power rail pending_off timer
01-09 11:29:53.345  1086  1254 D ASH     : @ 967064.147: tcs3701: start power rail timer, state:3
01-09 11:29:53.384  1086  1254 I ASH     : @ 967064.187: tcs3701: stop power rail pending_off timer
01-09 11:29:53.384  1086  1254 D ASH     : @ 967064.187: tcs3701: start power rail timer, state:3
01-09 11:29:53.425  1086  1254 I ASH     : @ 967064.227: tcs3701: stop power rail pending_off timer
01-09 11:29:53.425  1086  1254 D ASH     : @ 967064.227: tcs3701: start power rail timer, state:3
01-09 11:29:53.464  1086  1254 I ASH     : @ 967064.267: tcs3701: stop power rail pending_off timer
01-09 11:29:53.464  1086  1254 D ASH     : @ 967064.267: tcs3701: start power rail timer, state:3
01-09 11:29:53.505  1086  1254 I ASH     : @ 967064.307: tcs3701: stop power rail pending_off timer
01-09 11:29:53.505  1086  1254 D ASH     : @ 967064.307: tcs3701: start power rail timer, state:3
01-09 11:29:53.529 25993 25993 D CompatibilityChangeReporter: Compat change id reported: 150939131; UID 10273; state: ENABLED
01-09 11:29:53.545  1086  1254 I ASH     : @ 967064.347: tcs3701: stop power rail pending_off timer
01-09 11:29:53.545  1086  1254 D ASH     : @ 967064.347: tcs3701: start power rail timer, state:3
01-09 11:29:53.585  1086  1254 I ASH     : @ 967064.387: tcs3701: stop power rail pending_off timer
01-09 11:29:53.585  1086  1254 D ASH     : @ 967064.387: tcs3701: start power rail timer, state:3
01-09 11:29:53.625  1086  1254 I ASH     : @ 967064.427: tcs3701: stop power rail pending_off timer
01-09 11:29:53.625  1086  1254 D ASH     : @ 967064.427: tcs3701: start power rail timer, state:3
01-09 11:29:53.665  1086  1254 I ASH     : @ 967064.467: tcs3701: stop power rail pending_off timer
01-09 11:29:53.665  1086  1254 D ASH     : @ 967064.467: tcs3701: start power rail timer, state:3
01-09 11:29:53.705  1086  1254 I ASH     : @ 967064.507: tcs3701: stop power rail pending_off timer
01-09 11:29:53.705  1086  1254 D ASH     : @ 967064.507: tcs3701: start power rail timer, state:3
01-09 11:29:53.745  1086  1254 I ASH     : @ 967064.547: tcs3701: stop power rail pending_off timer
01-09 11:29:53.745  1086  1254 D ASH     : @ 967064.547: tcs3701: start power rail timer, state:3
01-09 11:29:53.784  1086  1254 I ASH     : @ 967064.587: tcs3701: stop power rail pending_off timer
01-09 11:29:53.785  1086  1254 D ASH     : @ 967064.587: tcs3701: start power rail timer, state:3
01-09 11:29:53.825  1086  1254 I ASH     : @ 967064.627: tcs3701: stop power rail pending_off timer
01-09 11:29:53.825  1086  1254 D ASH     : @ 967064.627: tcs3701: start power rail timer, state:3
01-09 11:29:53.865  1086  1254 I ASH     : @ 967064.667: tcs3701: stop power rail pending_off timer
01-09 11:29:53.865  1086  1254 D ASH     : @ 967064.667: tcs3701: start power rail timer, state:3
01-09 11:29:53.905  1086  1254 I ASH     : @ 967064.707: tcs3701: stop power rail pending_off timer
01-09 11:29:53.905  1086  1254 D ASH     : @ 967064.707: tcs3701: start power rail timer, state:3
01-09 11:29:53.945  1086  1254 I ASH     : @ 967064.747: tcs3701: stop power rail pending_off timer
01-09 11:29:53.945  1086  1254 D ASH     : @ 967064.747: tcs3701: start power rail timer, state:3
01-09 11:29:53.985  1086  1254 I ASH     : @ 967064.787: tcs3701: stop power rail pending_off timer
01-09 11:29:53.985  1086  1254 D ASH     : @ 967064.787: tcs3701: start power rail timer, state:3
01-09 11:29:54.025  1086  1254 I ASH     : @ 967064.827: tcs3701: stop power rail pending_off timer
01-09 11:29:54.025  1086  1254 D ASH     : @ 967064.827: tcs3701: start power rail timer, state:3
01-09 11:29:54.065  1086  1254 I ASH     : @ 967064.867: tcs3701: stop power rail pending_off timer
01-09 11:29:54.065  1086  1254 D ASH     : @ 967064.867: tcs3701: start power rail timer, state:3
01-09 11:29:54.105  1086  1254 I ASH     : @ 967064.907: tcs3701: stop power rail pending_off timer
01-09 11:29:54.105  1086  1254 D ASH     : @ 967064.907: tcs3701: start power rail timer, state:3
01-09 11:29:54.144  1086  1254 I ASH     : @ 967064.947: tcs3701: stop power rail pending_off timer
01-09 11:29:54.145  1086  1254 D ASH     : @ 967064.947: tcs3701: start power rail timer, state:3
01-09 11:29:54.184  1086  1254 I ASH     : @ 967064.987: tcs3701: stop power rail pending_off timer
01-09 11:29:54.184  1086  1254 D ASH     : @ 967064.987: tcs3701: start power rail timer, state:3
01-09 11:29:54.225  1086  1254 I ASH     : @ 967065.027: tcs3701: stop power rail pending_off timer
01-09 11:29:54.225  1086  1254 D ASH     : @ 967065.027: tcs3701: start power rail timer, state:3
01-09 11:29:54.265  1086  1254 I ASH     : @ 967065.067: tcs3701: stop power rail pending_off timer
01-09 11:29:54.265  1086  1254 D ASH     : @ 967065.067: tcs3701: start power rail timer, state:3
01-09 11:29:54.305  1086  1254 I ASH     : @ 967065.107: tcs3701: stop power rail pending_off timer
01-09 11:29:54.305  1086  1254 D ASH     : @ 967065.107: tcs3701: start power rail timer, state:3
01-09 11:29:54.345  1086  1254 I ASH     : @ 967065.147: tcs3701: stop power rail pending_off timer
01-09 11:29:54.345  1086  1254 D ASH     : @ 967065.147: tcs3701: start power rail timer, state:3
01-09 11:29:54.384  1086  1254 I ASH     : @ 967065.187: tcs3701: stop power rail pending_off timer
01-09 11:29:54.385  1086  1254 D ASH     : @ 967065.187: tcs3701: start power rail timer, state:3
01-09 11:29:54.424  1086  1254 I ASH     : @ 967065.227: tcs3701: stop power rail pending_off timer
01-09 11:29:54.425  1086  1254 D ASH     : @ 967065.227: tcs3701: start power rail timer, state:3
01-09 11:29:54.465  1086  1254 I ASH     : @ 967065.267: tcs3701: stop power rail pending_off timer
01-09 11:29:54.465  1086  1254 D ASH     : @ 967065.267: tcs3701: start power rail timer, state:3
01-09 11:29:54.504  1086  1254 I ASH     : @ 967065.307: tcs3701: stop power rail pending_off timer
01-09 11:29:54.505  1086  1254 D ASH     : @ 967065.307: tcs3701: start power rail timer, state:3
01-09 11:29:54.545  1086  1254 I ASH     : @ 967065.347: tcs3701: stop power rail pending_off timer
01-09 11:29:54.545  1086  1254 D ASH     : @ 967065.347: tcs3701: start power rail timer, state:3
01-09 11:29:54.585  1086  1254 I ASH     : @ 967065.387: tcs3701: stop power rail pending_off timer
01-09 11:29:54.585  1086  1254 D ASH     : @ 967065.387: tcs3701: start power rail timer, state:3
01-09 11:29:54.625  1086  1254 I ASH     : @ 967065.427: tcs3701: stop power rail pending_off timer
01-09 11:29:54.625  1086  1254 D ASH     : @ 967065.427: tcs3701: start power rail timer, state:3
01-09 11:29:54.665  1086  1254 I ASH     : @ 967065.467: tcs3701: stop power rail pending_off timer
01-09 11:29:54.665  1086  1254 D ASH     : @ 967065.467: tcs3701: start power rail timer, state:3
01-09 11:29:54.705  1086  1254 I ASH     : @ 967065.507: tcs3701: stop power rail pending_off timer
01-09 11:29:54.705  1086  1254 D ASH     : @ 967065.507: tcs3701: start power rail timer, state:3
01-09 11:29:54.745  1086  1254 I ASH     : @ 967065.547: tcs3701: stop power rail pending_off timer
01-09 11:29:54.745  1086  1254 D ASH     : @ 967065.547: tcs3701: start power rail timer, state:3
01-09 11:29:54.785  1086  1254 I ASH     : @ 967065.587: tcs3701: stop power rail pending_off timer
01-09 11:29:54.785  1086  1254 D ASH     : @ 967065.587: tcs3701: start power rail timer, state:3
01-09 11:29:54.825  1086  1254 I ASH     : @ 967065.627: tcs3701: stop power rail pending_off timer
01-09 11:29:54.825  1086  1254 D ASH     : @ 967065.627: tcs3701: start power rail timer, state:3
01-09 11:29:54.865  1086  1254 I ASH     : @ 967065.667: tcs3701: stop power rail pending_off timer
01-09 11:29:54.865  1086  1254 D ASH     : @ 967065.667: tcs3701: start power rail timer, state:3
01-09 11:29:54.905  1086  1254 I ASH     : @ 967065.707: tcs3701: stop power rail pending_off timer
01-09 11:29:54.905  1086  1254 D ASH     : @ 967065.707: tcs3701: start power rail timer, state:3
01-09 11:29:54.945  1086  1254 I ASH     : @ 967065.747: tcs3701: stop power rail pending_off timer
01-09 11:29:54.945  1086  1254 D ASH     : @ 967065.747: tcs3701: start power rail timer, state:3
01-09 11:29:54.985  1086  1254 I ASH     : @ 967065.787: tcs3701: stop power rail pending_off timer
01-09 11:29:54.985  1086  1254 D ASH     : @ 967065.787: tcs3701: start power rail timer, state:3
01-09 11:29:55.025  1086  1254 I ASH     : @ 967065.827: tcs3701: stop power rail pending_off timer
01-09 11:29:55.025  1086  1254 D ASH     : @ 967065.827: tcs3701: start power rail timer, state:3
01-09 11:29:55.065  1086  1254 I ASH     : @ 967065.867: tcs3701: stop power rail pending_off timer
01-09 11:29:55.065  1086  1254 D ASH     : @ 967065.867: tcs3701: start power rail timer, state:3
01-09 11:29:55.105  1086  1254 I ASH     : @ 967065.907: tcs3701: stop power rail pending_off timer
01-09 11:29:55.105  1086  1254 D ASH     : @ 967065.907: tcs3701: start power rail timer, state:3
01-09 11:29:55.145  1086  1254 I ASH     : @ 967065.947: tcs3701: stop power rail pending_off timer
01-09 11:29:55.145  1086  1254 D ASH     : @ 967065.947: tcs3701: start power rail timer, state:3
01-09 11:29:55.185  1086  1254 I ASH     : @ 967065.987: tcs3701: stop power rail pending_off timer
01-09 11:29:55.185  1086  1254 D ASH     : @ 967065.987: tcs3701: start power rail timer, state:3
01-09 11:29:55.225  1086  1254 I ASH     : @ 967066.027: tcs3701: stop power rail pending_off timer
01-09 11:29:55.225  1086  1254 D ASH     : @ 967066.027: tcs3701: start power rail timer, state:3
01-09 11:29:55.264  1086  1254 I ASH     : @ 967066.067: tcs3701: stop power rail pending_off timer
01-09 11:29:55.265  1086  1254 D ASH     : @ 967066.067: tcs3701: start power rail timer, state:3
01-09 11:29:55.304  1086  1254 I ASH     : @ 967066.107: tcs3701: stop power rail pending_off timer
01-09 11:29:55.305  1086  1254 D ASH     : @ 967066.107: tcs3701: start power rail timer, state:3
01-09 11:29:55.345  1086  1254 I ASH     : @ 967066.147: tcs3701: stop power rail pending_off timer
01-09 11:29:55.345  1086  1254 D ASH     : @ 967066.147: tcs3701: start power rail timer, state:3
01-09 11:29:55.385  1086  1254 I ASH     : @ 967066.187: tcs3701: stop power rail pending_off timer
01-09 11:29:55.385  1086  1254 D ASH     : @ 967066.187: tcs3701: start power rail timer, state:3
01-09 11:29:55.425  1086  1254 I ASH     : @ 967066.227: tcs3701: stop power rail pending_off timer
01-09 11:29:55.425  1086  1254 D ASH     : @ 967066.227: tcs3701: start power rail timer, state:3
01-09 11:29:55.465  1086  1254 I ASH     : @ 967066.267: tcs3701: stop power rail pending_off timer
01-09 11:29:55.465  1086  1254 D ASH     : @ 967066.267: tcs3701: start power rail timer, state:3
01-09 11:29:55.505  1086  1254 I ASH     : @ 967066.307: tcs3701: stop power rail pending_off timer
01-09 11:29:55.505  1086  1254 D ASH     : @ 967066.307: tcs3701: start power rail timer, state:3
01-09 11:29:55.545  1086  1254 I ASH     : @ 967066.347: tcs3701: stop power rail pending_off timer
01-09 11:29:55.545  1086  1254 D ASH     : @ 967066.347: tcs3701: start power rail timer, state:3
01-09 11:29:55.585  1086  1254 I ASH     : @ 967066.387: tcs3701: stop power rail pending_off timer
01-09 11:29:55.585  1086  1254 D ASH     : @ 967066.387: tcs3701: start power rail timer, state:3
01-09 11:29:55.625  1086  1254 I ASH     : @ 967066.427: tcs3701: stop power rail pending_off timer
01-09 11:29:55.625  1086  1254 D ASH     : @ 967066.427: tcs3701: start power rail timer, state:3
01-09 11:29:55.665  1086  1254 I ASH     : @ 967066.467: tcs3701: stop power rail pending_off timer
01-09 11:29:55.665  1086  1254 D ASH     : @ 967066.467: tcs3701: start power rail timer, state:3
01-09 11:29:55.705  1086  1254 I ASH     : @ 967066.507: tcs3701: stop power rail pending_off timer
01-09 11:29:55.705  1086  1254 D ASH     : @ 967066.507: tcs3701: start power rail timer, state:3
01-09 11:29:55.745  1086  1254 I ASH     : @ 967066.547: tcs3701: stop power rail pending_off timer
01-09 11:29:55.745  1086  1254 D ASH     : @ 967066.547: tcs3701: start power rail timer, state:3
01-09 11:29:55.784  1086  1254 I ASH     : @ 967066.587: tcs3701: stop power rail pending_off timer
01-09 11:29:55.785  1086  1254 D ASH     : @ 967066.587: tcs3701: start power rail timer, state:3
01-09 11:29:55.825  1086  1254 I ASH     : @ 967066.627: tcs3701: stop power rail pending_off timer
01-09 11:29:55.825  1086  1254 D ASH     : @ 967066.627: tcs3701: start power rail timer, state:3
01-09 11:29:55.865  1086  1254 I ASH     : @ 967066.667: tcs3701: stop power rail pending_off timer
01-09 11:29:55.865  1086  1254 D ASH     : @ 967066.667: tcs3701: start power rail timer, state:3
01-09 11:29:55.905  1086  1254 I ASH     : @ 967066.707: tcs3701: stop power rail pending_off timer
01-09 11:29:55.905  1086  1254 D ASH     : @ 967066.707: tcs3701: start power rail timer, state:3
01-09 11:29:55.945  1086  1254 I ASH     : @ 967066.747: tcs3701: stop power rail pending_off timer
01-09 11:29:55.945  1086  1254 D ASH     : @ 967066.747: tcs3701: start power rail timer, state:3
01-09 11:29:55.985  1086  1254 I ASH     : @ 967066.787: tcs3701: stop power rail pending_off timer
01-09 11:29:55.985  1086  1254 D ASH     : @ 967066.787: tcs3701: start power rail timer, state:3
01-09 11:29:56.025  1086  1254 I ASH     : @ 967066.827: tcs3701: stop power rail pending_off timer
01-09 11:29:56.025  1086  1254 D ASH     : @ 967066.827: tcs3701: start power rail timer, state:3
01-09 11:29:56.065  1086  1254 I ASH     : @ 967066.867: tcs3701: stop power rail pending_off timer
01-09 11:29:56.065  1086  1254 D ASH     : @ 967066.867: tcs3701: start power rail timer, state:3
01-09 11:29:56.105  1086  1254 I ASH     : @ 967066.907: tcs3701: stop power rail pending_off timer
01-09 11:29:56.105  1086  1254 D ASH     : @ 967066.907: tcs3701: start power rail timer, state:3
01-09 11:29:56.145  1086  1254 I ASH     : @ 967066.947: tcs3701: stop power rail pending_off timer
01-09 11:29:56.145  1086  1254 D ASH     : @ 967066.947: tcs3701: start power rail timer, state:3
01-09 11:29:56.185  1086  1254 I ASH     : @ 967066.987: tcs3701: stop power rail pending_off timer
01-09 11:29:56.185  1086  1254 D ASH     : @ 967066.987: tcs3701: start power rail timer, state:3
01-09 11:29:56.225  1086  1254 I ASH     : @ 967067.027: tcs3701: stop power rail pending_off timer
01-09 11:29:56.225  1086  1254 D ASH     : @ 967067.027: tcs3701: start power rail timer, state:3
01-09 11:29:56.265  1086  1254 I ASH     : @ 967067.067: tcs3701: stop power rail pending_off timer
01-09 11:29:56.265  1086  1254 D ASH     : @ 967067.067: tcs3701: start power rail timer, state:3
01-09 11:29:56.305  1086  1254 I ASH     : @ 967067.107: tcs3701: stop power rail pending_off timer
01-09 11:29:56.305  1086  1254 D ASH     : @ 967067.107: tcs3701: start power rail timer, state:3
01-09 11:29:56.345  1086  1254 I ASH     : @ 967067.147: tcs3701: stop power rail pending_off timer
01-09 11:29:56.345  1086  1254 D ASH     : @ 967067.147: tcs3701: start power rail timer, state:3
01-09 11:29:56.385  1086  1254 I ASH     : @ 967067.187: tcs3701: stop power rail pending_off timer
01-09 11:29:56.385  1086  1254 D ASH     : @ 967067.187: tcs3701: start power rail timer, state:3
01-09 11:29:56.425  1086  1254 I ASH     : @ 967067.227: tcs3701: stop power rail pending_off timer
01-09 11:29:56.425  1086  1254 D ASH     : @ 967067.227: tcs3701: start power rail timer, state:3
01-09 11:29:56.464  1086  1254 I ASH     : @ 967067.267: tcs3701: stop power rail pending_off timer
01-09 11:29:56.465  1086  1254 D ASH     : @ 967067.267: tcs3701: start power rail timer, state:3
01-09 11:29:56.505  1086  1254 I ASH     : @ 967067.307: tcs3701: stop power rail pending_off timer
01-09 11:29:56.505  1086  1254 D ASH     : @ 967067.307: tcs3701: start power rail timer, state:3
01-09 11:29:56.545  1086  1254 I ASH     : @ 967067.347: tcs3701: stop power rail pending_off timer
01-09 11:29:56.545  1086  1254 D ASH     : @ 967067.347: tcs3701: start power rail timer, state:3
01-09 11:29:56.584  1086  1254 I ASH     : @ 967067.387: tcs3701: stop power rail pending_off timer
01-09 11:29:56.585  1086  1254 D ASH     : @ 967067.387: tcs3701: start power rail timer, state:3
01-09 11:29:56.625  1086  1254 I ASH     : @ 967067.427: tcs3701: stop power rail pending_off timer
01-09 11:29:56.625  1086  1254 D ASH     : @ 967067.427: tcs3701: start power rail timer, state:3
01-09 11:29:56.665  1086  1254 I ASH     : @ 967067.467: tcs3701: stop power rail pending_off timer
01-09 11:29:56.665  1086  1254 D ASH     : @ 967067.467: tcs3701: start power rail timer, state:3
01-09 11:29:56.705  1086  1254 I ASH     : @ 967067.507: tcs3701: stop power rail pending_off timer
01-09 11:29:56.705  1086  1254 D ASH     : @ 967067.507: tcs3701: start power rail timer, state:3
01-09 11:29:56.745  1086  1254 I ASH     : @ 967067.547: tcs3701: stop power rail pending_off timer
01-09 11:29:56.745  1086  1254 D ASH     : @ 967067.547: tcs3701: start power rail timer, state:3
01-09 11:29:56.785  1086  1254 I ASH     : @ 967067.587: tcs3701: stop power rail pending_off timer
01-09 11:29:56.785  1086  1254 D ASH     : @ 967067.587: tcs3701: start power rail timer, state:3
01-09 11:29:56.825  1086  1254 I ASH     : @ 967067.627: tcs3701: stop power rail pending_off timer
01-09 11:29:56.825  1086  1254 D ASH     : @ 967067.627: tcs3701: start power rail timer, state:3
01-09 11:29:56.865  1086  1254 I ASH     : @ 967067.667: tcs3701: stop power rail pending_off timer
01-09 11:29:56.865  1086  1254 D ASH     : @ 967067.667: tcs3701: start power rail timer, state:3
01-09 11:29:56.904  1086  1254 I ASH     : @ 967067.707: tcs3701: stop power rail pending_off timer
01-09 11:29:56.905  1086  1254 D ASH     : @ 967067.707: tcs3701: start power rail timer, state:3
01-09 11:29:56.945  1086  1254 I ASH     : @ 967067.747: tcs3701: stop power rail pending_off timer
01-09 11:29:56.945  1086  1254 D ASH     : @ 967067.747: tcs3701: start power rail timer, state:3
01-09 11:29:56.985  1086  1254 I ASH     : @ 967067.787: tcs3701: stop power rail pending_off timer
01-09 11:29:56.985  1086  1254 D ASH     : @ 967067.787: tcs3701: start power rail timer, state:3
01-09 11:29:57.024  1086  1254 I ASH     : @ 967067.827: tcs3701: stop power rail pending_off timer
01-09 11:29:57.025  1086  1254 D ASH     : @ 967067.827: tcs3701: start power rail timer, state:3
01-09 11:29:57.065  1086  1254 I ASH     : @ 967067.867: tcs3701: stop power rail pending_off timer
01-09 11:29:57.065  1086  1254 D ASH     : @ 967067.867: tcs3701: start power rail timer, state:3
01-09 11:29:57.104  1086  1254 I ASH     : @ 967067.907: tcs3701: stop power rail pending_off timer
01-09 11:29:57.105  1086  1254 D ASH     : @ 967067.907: tcs3701: start power rail timer, state:3
01-09 11:29:57.145  1086  1254 I ASH     : @ 967067.947: tcs3701: stop power rail pending_off timer
01-09 11:29:57.145  1086  1254 D ASH     : @ 967067.947: tcs3701: start power rail timer, state:3
01-09 11:29:57.185  1086  1254 I ASH     : @ 967067.987: tcs3701: stop power rail pending_off timer
01-09 11:29:57.185  1086  1254 D ASH     : @ 967067.987: tcs3701: start power rail timer, state:3
01-09 11:29:57.224  1086  1254 I ASH     : @ 967068.027: tcs3701: stop power rail pending_off timer
01-09 11:29:57.224  1086  1254 D ASH     : @ 967068.027: tcs3701: start power rail timer, state:3
01-09 11:29:57.265  1086  1254 I ASH     : @ 967068.067: tcs3701: stop power rail pending_off timer
01-09 11:29:57.265  1086  1254 D ASH     : @ 967068.067: tcs3701: start power rail timer, state:3
01-09 11:29:57.304  1086  1254 I ASH     : @ 967068.107: tcs3701: stop power rail pending_off timer
01-09 11:29:57.304  1086  1254 D ASH     : @ 967068.107: tcs3701: start power rail timer, state:3
01-09 11:29:57.345  1086  1254 I ASH     : @ 967068.147: tcs3701: stop power rail pending_off timer
01-09 11:29:57.345  1086  1254 D ASH     : @ 967068.147: tcs3701: start power rail timer, state:3
01-09 11:29:57.384  1086  1254 I ASH     : @ 967068.187: tcs3701: stop power rail pending_off timer
01-09 11:29:57.385  1086  1254 D ASH     : @ 967068.187: tcs3701: start power rail timer, state:3
01-09 11:29:57.424  1086  1254 I ASH     : @ 967068.227: tcs3701: stop power rail pending_off timer
01-09 11:29:57.425  1086  1254 D ASH     : @ 967068.227: tcs3701: start power rail timer, state:3
01-09 11:29:57.465  1086  1254 I ASH     : @ 967068.267: tcs3701: stop power rail pending_off timer
01-09 11:29:57.465  1086  1254 D ASH     : @ 967068.267: tcs3701: start power rail timer, state:3
01-09 11:29:57.504  1086  1254 I ASH     : @ 967068.307: tcs3701: stop power rail pending_off timer
01-09 11:29:57.505  1086  1254 D ASH     : @ 967068.307: tcs3701: start power rail timer, state:3
01-09 11:29:57.545  1086  1254 I ASH     : @ 967068.347: tcs3701: stop power rail pending_off timer
01-09 11:29:57.545  1086  1254 D ASH     : @ 967068.347: tcs3701: start power rail timer, state:3
01-09 11:29:57.584  1086  1254 I ASH     : @ 967068.387: tcs3701: stop power rail pending_off timer
01-09 11:29:57.585  1086  1254 D ASH     : @ 967068.387: tcs3701: start power rail timer, state:3
01-09 11:29:57.624  1086  1254 I ASH     : @ 967068.427: tcs3701: stop power rail pending_off timer
01-09 11:29:57.625  1086  1254 D ASH     : @ 967068.427: tcs3701: start power rail timer, state:3
01-09 11:29:57.665  1086  1254 I ASH     : @ 967068.467: tcs3701: stop power rail pending_off timer
01-09 11:29:57.665  1086  1254 D ASH     : @ 967068.467: tcs3701: start power rail timer, state:3
01-09 11:29:57.705  1086  1254 I ASH     : @ 967068.507: tcs3701: stop power rail pending_off timer
01-09 11:29:57.705  1086  1254 D ASH     : @ 967068.507: tcs3701: start power rail timer, state:3
01-09 11:29:57.745  1086  1254 I ASH     : @ 967068.547: tcs3701: stop power rail pending_off timer
01-09 11:29:57.745  1086  1254 D ASH     : @ 967068.547: tcs3701: start power rail timer, state:3
01-09 11:29:57.784  1086  1254 I ASH     : @ 967068.587: tcs3701: stop power rail pending_off timer
01-09 11:29:57.785  1086  1254 D ASH     : @ 967068.587: tcs3701: start power rail timer, state:3
01-09 11:29:57.824  1086  1254 I ASH     : @ 967068.627: tcs3701: stop power rail pending_off timer
01-09 11:29:57.825  1086  1254 D ASH     : @ 967068.627: tcs3701: start power rail timer, state:3
01-09 11:29:57.865  1086  1254 I ASH     : @ 967068.667: tcs3701: stop power rail pending_off timer
01-09 11:29:57.865  1086  1254 D ASH     : @ 967068.667: tcs3701: start power rail timer, state:3
01-09 11:29:57.905  1086  1254 I ASH     : @ 967068.707: tcs3701: stop power rail pending_off timer
01-09 11:29:57.905  1086  1254 D ASH     : @ 967068.707: tcs3701: start power rail timer, state:3
01-09 11:29:57.945  1086  1254 I ASH     : @ 967068.747: tcs3701: stop power rail pending_off timer
01-09 11:29:57.945  1086  1254 D ASH     : @ 967068.747: tcs3701: start power rail timer, state:3
01-09 11:29:57.984  1086  1254 I ASH     : @ 967068.787: tcs3701: stop power rail pending_off timer
01-09 11:29:57.985  1086  1254 D ASH     : @ 967068.787: tcs3701: start power rail timer, state:3
01-09 11:29:58.025  1086  1254 I ASH     : @ 967068.827: tcs3701: stop power rail pending_off timer
01-09 11:29:58.025  1086  1254 D ASH     : @ 967068.827: tcs3701: start power rail timer, state:3
01-09 11:29:58.065  1086  1254 I ASH     : @ 967068.867: tcs3701: stop power rail pending_off timer
01-09 11:29:58.065  1086  1254 D ASH     : @ 967068.867: tcs3701: start power rail timer, state:3
01-09 11:29:58.105  1086  1254 I ASH     : @ 967068.907: tcs3701: stop power rail pending_off timer
01-09 11:29:58.105  1086  1254 D ASH     : @ 967068.907: tcs3701: start power rail timer, state:3
01-09 11:29:58.145  1086  1254 I ASH     : @ 967068.947: tcs3701: stop power rail pending_off timer
01-09 11:29:58.145  1086  1254 D ASH     : @ 967068.947: tcs3701: start power rail timer, state:3
01-09 11:29:58.185  1086  1254 I ASH     : @ 967068.987: tcs3701: stop power rail pending_off timer
01-09 11:29:58.185  1086  1254 D ASH     : @ 967068.987: tcs3701: start power rail timer, state:3
01-09 11:29:58.225  1086  1254 I ASH     : @ 967069.027: tcs3701: stop power rail pending_off timer
01-09 11:29:58.225  1086  1254 D ASH     : @ 967069.027: tcs3701: start power rail timer, state:3
01-09 11:29:58.265  1086  1254 I ASH     : @ 967069.067: tcs3701: stop power rail pending_off timer
01-09 11:29:58.265  1086  1254 D ASH     : @ 967069.067: tcs3701: start power rail timer, state:3
01-09 11:29:58.304  1086  1254 I ASH     : @ 967069.107: tcs3701: stop power rail pending_off timer
01-09 11:29:58.305  1086  1254 D ASH     : @ 967069.107: tcs3701: start power rail timer, state:3
01-09 11:29:58.345  1086  1254 I ASH     : @ 967069.147: tcs3701: stop power rail pending_off timer
01-09 11:29:58.345  1086  1254 D ASH     : @ 967069.147: tcs3701: start power rail timer, state:3
01-09 11:29:58.385  1086  1254 I ASH     : @ 967069.187: tcs3701: stop power rail pending_off timer
01-09 11:29:58.385  1086  1254 D ASH     : @ 967069.187: tcs3701: start power rail timer, state:3
01-09 11:29:58.424  1086  1254 I ASH     : @ 967069.227: tcs3701: stop power rail pending_off timer
01-09 11:29:58.425  1086  1254 D ASH     : @ 967069.227: tcs3701: start power rail timer, state:3
01-09 11:29:58.465  1086  1254 I ASH     : @ 967069.267: tcs3701: stop power rail pending_off timer
01-09 11:29:58.465  1086  1254 D ASH     : @ 967069.267: tcs3701: start power rail timer, state:3
01-09 11:29:58.504  1086  1254 I ASH     : @ 967069.307: tcs3701: stop power rail pending_off timer
01-09 11:29:58.505  1086  1254 D ASH     : @ 967069.307: tcs3701: start power rail timer, state:3
01-09 11:29:58.545  1086  1254 I ASH     : @ 967069.347: tcs3701: stop power rail pending_off timer
01-09 11:29:58.545  1086  1254 D ASH     : @ 967069.347: tcs3701: start power rail timer, state:3
01-09 11:29:58.585  1086  1254 I ASH     : @ 967069.387: tcs3701: stop power rail pending_off timer
01-09 11:29:58.585  1086  1254 D ASH     : @ 967069.387: tcs3701: start power rail timer, state:3
01-09 11:29:58.625  1086  1254 I ASH     : @ 967069.427: tcs3701: stop power rail pending_off timer
01-09 11:29:58.625  1086  1254 D ASH     : @ 967069.427: tcs3701: start power rail timer, state:3
01-09 11:29:58.665  1086  1254 I ASH     : @ 967069.467: tcs3701: stop power rail pending_off timer
01-09 11:29:58.665  1086  1254 D ASH     : @ 967069.467: tcs3701: start power rail timer, state:3
01-09 11:29:58.705  1086  1254 I ASH     : @ 967069.507: tcs3701: stop power rail pending_off timer
01-09 11:29:58.705  1086  1254 D ASH     : @ 967069.507: tcs3701: start power rail timer, state:3
01-09 11:29:58.744  1086  1254 I ASH     : @ 967069.547: tcs3701: stop power rail pending_off timer
01-09 11:29:58.745  1086  1254 D ASH     : @ 967069.547: tcs3701: start power rail timer, state:3
01-09 11:29:58.785  1086  1254 I ASH     : @ 967069.587: tcs3701: stop power rail pending_off timer
01-09 11:29:58.785  1086  1254 D ASH     : @ 967069.587: tcs3701: start power rail timer, state:3
01-09 11:29:58.825  1086  1254 I ASH     : @ 967069.627: tcs3701: stop power rail pending_off timer
01-09 11:29:58.825  1086  1254 D ASH     : @ 967069.627: tcs3701: start power rail timer, state:3
01-09 11:29:58.865  1086  1254 I ASH     : @ 967069.667: tcs3701: stop power rail pending_off timer
01-09 11:29:58.865  1086  1254 D ASH     : @ 967069.667: tcs3701: start power rail timer, state:3
01-09 11:29:58.905  1086  1254 I ASH     : @ 967069.707: tcs3701: stop power rail pending_off timer
01-09 11:29:58.905  1086  1254 D ASH     : @ 967069.707: tcs3701: start power rail timer, state:3
01-09 11:29:58.945  1086  1254 I ASH     : @ 967069.747: tcs3701: stop power rail pending_off timer
01-09 11:29:58.945  1086  1254 D ASH     : @ 967069.747: tcs3701: start power rail timer, state:3
01-09 11:29:58.984  1086  1254 I ASH     : @ 967069.787: tcs3701: stop power rail pending_off timer
01-09 11:29:58.984  1086  1254 D ASH     : @ 967069.787: tcs3701: start power rail timer, state:3
01-09 11:29:59.024  1086  1254 I ASH     : @ 967069.827: tcs3701: stop power rail pending_off timer
01-09 11:29:59.025  1086  1254 D ASH     : @ 967069.827: tcs3701: start power rail timer, state:3
01-09 11:29:59.065  1086  1254 I ASH     : @ 967069.867: tcs3701: stop power rail pending_off timer
01-09 11:29:59.065  1086  1254 D ASH     : @ 967069.867: tcs3701: start power rail timer, state:3
01-09 11:29:59.104  1086  1254 I ASH     : @ 967069.907: tcs3701: stop power rail pending_off timer
01-09 11:29:59.105  1086  1254 D ASH     : @ 967069.907: tcs3701: start power rail timer, state:3
01-09 11:29:59.145  1086  1254 I ASH     : @ 967069.947: tcs3701: stop power rail pending_off timer
01-09 11:29:59.145  1086  1254 D ASH     : @ 967069.947: tcs3701: start power rail timer, state:3
01-09 11:29:59.185  1086  1254 I ASH     : @ 967069.987: tcs3701: stop power rail pending_off timer
01-09 11:29:59.185  1086  1254 D ASH     : @ 967069.987: tcs3701: start power rail timer, state:3
01-09 11:29:59.224  1086  1254 I ASH     : @ 967070.027: tcs3701: stop power rail pending_off timer
01-09 11:29:59.225  1086  1254 D ASH     : @ 967070.027: tcs3701: start power rail timer, state:3
01-09 11:29:59.265  1086  1254 I ASH     : @ 967070.067: tcs3701: stop power rail pending_off timer
01-09 11:29:59.265  1086  1254 D ASH     : @ 967070.067: tcs3701: start power rail timer, state:3
01-09 11:29:59.305  1086  1254 I ASH     : @ 967070.107: tcs3701: stop power rail pending_off timer
01-09 11:29:59.305  1086  1254 D ASH     : @ 967070.107: tcs3701: start power rail timer, state:3
01-09 11:29:59.345  1086  1254 I ASH     : @ 967070.147: tcs3701: stop power rail pending_off timer
01-09 11:29:59.345  1086  1254 D ASH     : @ 967070.147: tcs3701: start power rail timer, state:3
01-09 11:29:59.384  1086  1254 I ASH     : @ 967070.187: tcs3701: stop power rail pending_off timer
01-09 11:29:59.384  1086  1254 D ASH     : @ 967070.187: tcs3701: start power rail timer, state:3
01-09 11:29:59.425  1086  1254 I ASH     : @ 967070.227: tcs3701: stop power rail pending_off timer
01-09 11:29:59.425  1086  1254 D ASH     : @ 967070.227: tcs3701: start power rail timer, state:3
01-09 11:29:59.465  1086  1254 I ASH     : @ 967070.267: tcs3701: stop power rail pending_off timer
01-09 11:29:59.465  1086  1254 D ASH     : @ 967070.267: tcs3701: start power rail timer, state:3
01-09 11:29:59.505  1086  1254 I ASH     : @ 967070.307: tcs3701: stop power rail pending_off timer
01-09 11:29:59.505  1086  1254 D ASH     : @ 967070.307: tcs3701: start power rail timer, state:3
01-09 11:29:59.545  1086  1254 I ASH     : @ 967070.347: tcs3701: stop power rail pending_off timer
01-09 11:29:59.545  1086  1254 D ASH     : @ 967070.347: tcs3701: start power rail timer, state:3
01-09 11:29:59.585  1086  1254 I ASH     : @ 967070.387: tcs3701: stop power rail pending_off timer
01-09 11:29:59.585  1086  1254 D ASH     : @ 967070.387: tcs3701: start power rail timer, state:3
01-09 11:29:59.625  1086  1254 I ASH     : @ 967070.427: tcs3701: stop power rail pending_off timer
01-09 11:29:59.625  1086  1254 D ASH     : @ 967070.427: tcs3701: start power rail timer, state:3
01-09 11:29:59.665  1086  1254 I ASH     : @ 967070.467: tcs3701: stop power rail pending_off timer
01-09 11:29:59.665  1086  1254 D ASH     : @ 967070.467: tcs3701: start power rail timer, state:3
01-09 11:29:59.705  1086  1254 I ASH     : @ 967070.507: tcs3701: stop power rail pending_off timer
01-09 11:29:59.705  1086  1254 D ASH     : @ 967070.507: tcs3701: start power rail timer, state:3
01-09 11:29:59.745  1086  1254 I ASH     : @ 967070.547: tcs3701: stop power rail pending_off timer
01-09 11:29:59.745  1086  1254 D ASH     : @ 967070.547: tcs3701: start power rail timer, state:3
01-09 11:29:59.785  1086  1254 I ASH     : @ 967070.587: tcs3701: stop power rail pending_off timer
01-09 11:29:59.785  1086  1254 D ASH     : @ 967070.587: tcs3701: start power rail timer, state:3
01-09 11:29:59.824  1086  1254 I ASH     : @ 967070.627: tcs3701: stop power rail pending_off timer
01-09 11:29:59.825  1086  1254 D ASH     : @ 967070.627: tcs3701: start power rail timer, state:3
01-09 11:29:59.865  1086  1254 I ASH     : @ 967070.667: tcs3701: stop power rail pending_off timer
01-09 11:29:59.865  1086  1254 D ASH     : @ 967070.667: tcs3701: start power rail timer, state:3
01-09 11:29:59.905  1086  1254 I ASH     : @ 967070.707: tcs3701: stop power rail pending_off timer
01-09 11:29:59.905  1086  1254 D ASH     : @ 967070.707: tcs3701: start power rail timer, state:3
01-09 11:29:59.944  1086  1254 I ASH     : @ 967070.747: tcs3701: stop power rail pending_off timer
01-09 11:29:59.945  1086  1254 D ASH     : @ 967070.747: tcs3701: start power rail timer, state:3
01-09 11:29:59.985  1086  1254 I ASH     : @ 967070.787: tcs3701: stop power rail pending_off timer
01-09 11:29:59.985  1086  1254 D ASH     : @ 967070.787: tcs3701: start power rail timer, state:3
01-09 11:30:00.006  3591  3823 I AiAiEcho: Predicting[0]: 
01-09 11:30:00.006  3591  3823 I AiAiEcho: EchoTargets: 
01-09 11:30:00.006  3591  3823 I AiAiEcho: Filtered by AiAi flag check: 
01-09 11:30:00.006  3591  3823 I AiAiEcho: Ranked targets strategy: SORT, count: 0, ranking metadata: 
01-09 11:30:00.008  3591  3823 I AiAiEcho: #postPredictionTargets: Sending updates to UISurface lockscreen with targets# 0 (types=[])
01-09 11:30:00.024  1086  1254 I ASH     : @ 967070.827: tcs3701: stop power rail pending_off timer
01-09 11:30:00.025  1086  1254 D ASH     : @ 967070.827: tcs3701: start power rail timer, state:3
01-09 11:30:00.037  2565  2565 W PageIndicator: Total number of pages invalid: 0. Assuming 1 page.
01-09 11:30:00.065  1086  1254 I ASH     : @ 967070.867: tcs3701: stop power rail pending_off timer
01-09 11:30:00.065  1086  1254 D ASH     : @ 967070.867: tcs3701: start power rail timer, state:3
01-09 11:30:00.104  1086  1254 I ASH     : @ 967070.907: tcs3701: stop power rail pending_off timer
01-09 11:30:00.105  1086  1254 D ASH     : @ 967070.907: tcs3701: start power rail timer, state:3
01-09 11:30:00.144  1086  1254 I ASH     : @ 967070.947: tcs3701: stop power rail pending_off timer
01-09 11:30:00.145  1086  1254 D ASH     : @ 967070.947: tcs3701: start power rail timer, state:3
01-09 11:30:00.185  1086  1254 I ASH     : @ 967070.987: tcs3701: stop power rail pending_off timer
01-09 11:30:00.185  1086  1254 D ASH     : @ 967070.987: tcs3701: start power rail timer, state:3
01-09 11:30:00.224  1086  1254 I ASH     : @ 967071.027: tcs3701: stop power rail pending_off timer
01-09 11:30:00.224  1086  1254 D ASH     : @ 967071.027: tcs3701: start power rail timer, state:3
01-09 11:30:00.264  1086  1254 I ASH     : @ 967071.067: tcs3701: stop power rail pending_off timer
01-09 11:30:00.265  1086  1254 D ASH     : @ 967071.067: tcs3701: start power rail timer, state:3
01-09 11:30:00.305  1086  1254 I ASH     : @ 967071.107: tcs3701: stop power rail pending_off timer
01-09 11:30:00.305  1086  1254 D ASH     : @ 967071.107: tcs3701: start power rail timer, state:3
01-09 11:30:00.344  1086  1254 I ASH     : @ 967071.147: tcs3701: stop power rail pending_off timer
01-09 11:30:00.345  1086  1254 D ASH     : @ 967071.147: tcs3701: start power rail timer, state:3
01-09 11:30:00.385  1086  1254 I ASH     : @ 967071.187: tcs3701: stop power rail pending_off timer
01-09 11:30:00.385  1086  1254 D ASH     : @ 967071.187: tcs3701: start power rail timer, state:3
01-09 11:30:00.425  1086  1254 I ASH     : @ 967071.227: tcs3701: stop power rail pending_off timer
01-09 11:30:00.425  1086  1254 D ASH     : @ 967071.227: tcs3701: start power rail timer, state:3
01-09 11:30:00.465  1086  1254 I ASH     : @ 967071.267: tcs3701: stop power rail pending_off timer
01-09 11:30:00.465  1086  1254 D ASH     : @ 967071.267: tcs3701: start power rail timer, state:3
01-09 11:30:00.504  1086  1254 I ASH     : @ 967071.307: tcs3701: stop power rail pending_off timer
01-09 11:30:00.505  1086  1254 D ASH     : @ 967071.307: tcs3701: start power rail timer, state:3
01-09 11:30:00.545  1086  1254 I ASH     : @ 967071.347: tcs3701: stop power rail pending_off timer
01-09 11:30:00.545  1086  1254 D ASH     : @ 967071.347: tcs3701: start power rail timer, state:3
01-09 11:30:00.585  1086  1254 I ASH     : @ 967071.387: tcs3701: stop power rail pending_off timer
01-09 11:30:00.585  1086  1254 D ASH     : @ 967071.387: tcs3701: start power rail timer, state:3
01-09 11:30:00.624  1086  1254 I ASH     : @ 967071.427: tcs3701: stop power rail pending_off timer
01-09 11:30:00.625  1086  1254 D ASH     : @ 967071.427: tcs3701: start power rail timer, state:3
01-09 11:30:00.644 25993 26012 I Unity   : [showcase] frame cost — scene surfaces at 2340x1080 over 240 frames — tick 0.10 ms, draw mean 0.20 p50 0.18 p95 0.26 max 4.36 ms (3234.1 fps if unpaced)
01-09 11:30:00.644 25993 26012 I Unity   : UnityEngine.DebugLogHandler:Internal_Log(LogType, LogOption, String, Object)
01-09 11:30:00.644 25993 26012 I Unity   : Driftsys.Dashscene.Samples.DashsceneShowcase:Update()
01-09 11:30:00.644 25993 26012 I Unity   : 
01-09 11:30:00.665  1086  1254 I ASH     : @ 967071.467: tcs3701: stop power rail pending_off timer
01-09 11:30:00.665  1086  1254 D ASH     : @ 967071.467: tcs3701: start power rail timer, state:3
01-09 11:30:00.705  1086  1254 I ASH     : @ 967071.507: tcs3701: stop power rail pending_off timer
01-09 11:30:00.705  1086  1254 D ASH     : @ 967071.507: tcs3701: start power rail timer, state:3
01-09 11:30:00.745  1086  1254 I ASH     : @ 967071.547: tcs3701: stop power rail pending_off timer
01-09 11:30:00.745  1086  1254 D ASH     : @ 967071.547: tcs3701: start power rail timer, state:3
01-09 11:30:00.785  1086  1254 I ASH     : @ 967071.587: tcs3701: stop power rail pending_off timer
01-09 11:30:00.785  1086  1254 D ASH     : @ 967071.587: tcs3701: start power rail timer, state:3
01-09 11:30:00.825  1086  1254 I ASH     : @ 967071.627: tcs3701: stop power rail pending_off timer
01-09 11:30:00.825  1086  1254 D ASH     : @ 967071.627: tcs3701: start power rail timer, state:3
01-09 11:30:00.865  1086  1254 I ASH     : @ 967071.667: tcs3701: stop power rail pending_off timer
01-09 11:30:00.865  1086  1254 D ASH     : @ 967071.667: tcs3701: start power rail timer, state:3
01-09 11:30:00.905  1086  1254 I ASH     : @ 967071.707: tcs3701: stop power rail pending_off timer
01-09 11:30:00.905  1086  1254 D ASH     : @ 967071.707: tcs3701: start power rail timer, state:3
01-09 11:30:00.945  1086  1254 I ASH     : @ 967071.747: tcs3701: stop power rail pending_off timer
01-09 11:30:00.946  1086  1254 D ASH     : @ 967071.747: tcs3701: start power rail timer, state:3
01-09 11:30:00.985  1086  1254 I ASH     : @ 967071.787: tcs3701: stop power rail pending_off timer
01-09 11:30:00.985  1086  1254 D ASH     : @ 967071.787: tcs3701: start power rail timer, state:3
01-09 11:30:01.025  1086  1254 I ASH     : @ 967071.827: tcs3701: stop power rail pending_off timer
01-09 11:30:01.025  1086  1254 D ASH     : @ 967071.827: tcs3701: start power rail timer, state:3
01-09 11:30:01.065  1086  1254 I ASH     : @ 967071.867: tcs3701: stop power rail pending_off timer
01-09 11:30:01.065  1086  1254 D ASH     : @ 967071.867: tcs3701: start power rail timer, state:3
01-09 11:30:01.105  1086  1254 I ASH     : @ 967071.907: tcs3701: stop power rail pending_off timer
01-09 11:30:01.105  1086  1254 D ASH     : @ 967071.907: tcs3701: start power rail timer, state:3
01-09 11:30:01.145  1086  1254 I ASH     : @ 967071.947: tcs3701: stop power rail pending_off timer
01-09 11:30:01.145  1086  1254 D ASH     : @ 967071.947: tcs3701: start power rail timer, state:3
01-09 11:30:01.185  1086  1254 I ASH     : @ 967071.987: tcs3701: stop power rail pending_off timer
01-09 11:30:01.185  1086  1254 D ASH     : @ 967071.987: tcs3701: start power rail timer, state:3
01-09 11:30:01.224  1086  1254 I ASH     : @ 967072.027: tcs3701: stop power rail pending_off timer
01-09 11:30:01.225  1086  1254 D ASH     : @ 967072.027: tcs3701: start power rail timer, state:3
01-09 11:30:01.265  1086  1254 I ASH     : @ 967072.067: tcs3701: stop power rail pending_off timer
01-09 11:30:01.265  1086  1254 D ASH     : @ 967072.067: tcs3701: start power rail timer, state:3
01-09 11:30:01.305  1086  1254 I ASH     : @ 967072.107: tcs3701: stop power rail pending_off timer
01-09 11:30:01.305  1086  1254 D ASH     : @ 967072.107: tcs3701: start power rail timer, state:3
01-09 11:30:01.345  1086  1254 I ASH     : @ 967072.147: tcs3701: stop power rail pending_off timer
01-09 11:30:01.345  1086  1254 D ASH     : @ 967072.147: tcs3701: start power rail timer, state:3
01-09 11:30:01.385  1086  1254 I ASH     : @ 967072.187: tcs3701: stop power rail pending_off timer
01-09 11:30:01.385  1086  1254 D ASH     : @ 967072.187: tcs3701: start power rail timer, state:3
01-09 11:30:01.425  1086  1254 I ASH     : @ 967072.227: tcs3701: stop power rail pending_off timer
01-09 11:30:01.425  1086  1254 D ASH     : @ 967072.227: tcs3701: start power rail timer, state:3
01-09 11:30:01.465  1086  1254 I ASH     : @ 967072.267: tcs3701: stop power rail pending_off timer
01-09 11:30:01.465  1086  1254 D ASH     : @ 967072.267: tcs3701: start power rail timer, state:3
01-09 11:30:01.505  1086  1254 I ASH     : @ 967072.307: tcs3701: stop power rail pending_off timer
01-09 11:30:01.505  1086  1254 D ASH     : @ 967072.307: tcs3701: start power rail timer, state:3
01-09 11:30:01.545  1086  1254 I ASH     : @ 967072.347: tcs3701: stop power rail pending_off timer
01-09 11:30:01.545  1086  1254 D ASH     : @ 967072.347: tcs3701: start power rail timer, state:3
01-09 11:30:01.584  1086  1254 I ASH     : @ 967072.387: tcs3701: stop power rail pending_off timer
01-09 11:30:01.585  1086  1254 D ASH     : @ 967072.387: tcs3701: start power rail timer, state:3
01-09 11:30:01.625  1086  1254 I ASH     : @ 967072.427: tcs3701: stop power rail pending_off timer
01-09 11:30:01.625  1086  1254 D ASH     : @ 967072.427: tcs3701: start power rail timer, state:3
01-09 11:30:01.665  1086  1254 I ASH     : @ 967072.467: tcs3701: stop power rail pending_off timer
01-09 11:30:01.665  1086  1254 D ASH     : @ 967072.467: tcs3701: start power rail timer, state:3
01-09 11:30:01.705  1086  1254 I ASH     : @ 967072.507: tcs3701: stop power rail pending_off timer
01-09 11:30:01.705  1086  1254 D ASH     : @ 967072.507: tcs3701: start power rail timer, state:3
01-09 11:30:01.745  1086  1254 I ASH     : @ 967072.547: tcs3701: stop power rail pending_off timer
01-09 11:30:01.745  1086  1254 D ASH     : @ 967072.547: tcs3701: start power rail timer, state:3
01-09 11:30:01.785  1086  1254 I ASH     : @ 967072.587: tcs3701: stop power rail pending_off timer
01-09 11:30:01.785  1086  1254 D ASH     : @ 967072.587: tcs3701: start power rail timer, state:3
01-09 11:30:01.824  1086  1254 I ASH     : @ 967072.627: tcs3701: stop power rail pending_off timer
01-09 11:30:01.825  1086  1254 D ASH     : @ 967072.627: tcs3701: start power rail timer, state:3
01-09 11:30:01.865  1086  1254 I ASH     : @ 967072.667: tcs3701: stop power rail pending_off timer
01-09 11:30:01.865  1086  1254 D ASH     : @ 967072.667: tcs3701: start power rail timer, state:3
01-09 11:30:01.905  1086  1254 I ASH     : @ 967072.707: tcs3701: stop power rail pending_off timer
01-09 11:30:01.905  1086  1254 D ASH     : @ 967072.707: tcs3701: start power rail timer, state:3
01-09 11:30:01.945  1086  1254 I ASH     : @ 967072.747: tcs3701: stop power rail pending_off timer
01-09 11:30:01.945  1086  1254 D ASH     : @ 967072.747: tcs3701: start power rail timer, state:3
01-09 11:30:01.985  1086  1254 I ASH     : @ 967072.787: tcs3701: stop power rail pending_off timer
01-09 11:30:01.985  1086  1254 D ASH     : @ 967072.787: tcs3701: start power rail timer, state:3
01-09 11:30:02.024  1086  1254 I ASH     : @ 967072.827: tcs3701: stop power rail pending_off timer
01-09 11:30:02.025  1086  1254 D ASH     : @ 967072.827: tcs3701: start power rail timer, state:3
01-09 11:30:02.065  1086  1254 I ASH     : @ 967072.867: tcs3701: stop power rail pending_off timer
01-09 11:30:02.065  1086  1254 D ASH     : @ 967072.867: tcs3701: start power rail timer, state:3
01-09 11:30:02.105  1086  1254 I ASH     : @ 967072.907: tcs3701: stop power rail pending_off timer
01-09 11:30:02.105  1086  1254 D ASH     : @ 967072.907: tcs3701: start power rail timer, state:3
01-09 11:30:02.145  1086  1254 I ASH     : @ 967072.947: tcs3701: stop power rail pending_off timer
01-09 11:30:02.145  1086  1254 D ASH     : @ 967072.947: tcs3701: start power rail timer, state:3
01-09 11:30:02.185  1086  1254 I ASH     : @ 967072.987: tcs3701: stop power rail pending_off timer
01-09 11:30:02.185  1086  1254 D ASH     : @ 967072.987: tcs3701: start power rail timer, state:3
01-09 11:30:02.224  1086  1254 I ASH     : @ 967073.027: tcs3701: stop power rail pending_off timer
01-09 11:30:02.225  1086  1254 D ASH     : @ 967073.027: tcs3701: start power rail timer, state:3
01-09 11:30:02.264  1086  1254 I ASH     : @ 967073.067: tcs3701: stop power rail pending_off timer
01-09 11:30:02.265  1086  1254 D ASH     : @ 967073.067: tcs3701: start power rail timer, state:3
01-09 11:30:02.305  1086  1254 I ASH     : @ 967073.107: tcs3701: stop power rail pending_off timer
01-09 11:30:02.305  1086  1254 D ASH     : @ 967073.107: tcs3701: start power rail timer, state:3
01-09 11:30:02.344  1086  1254 I ASH     : @ 967073.147: tcs3701: stop power rail pending_off timer
01-09 11:30:02.345  1086  1254 D ASH     : @ 967073.147: tcs3701: start power rail timer, state:3
01-09 11:30:02.385  1086  1254 I ASH     : @ 967073.187: tcs3701: stop power rail pending_off timer
01-09 11:30:02.385  1086  1254 D ASH     : @ 967073.187: tcs3701: start power rail timer, state:3
01-09 11:30:02.425  1086  1254 I ASH     : @ 967073.227: tcs3701: stop power rail pending_off timer
01-09 11:30:02.425  1086  1254 D ASH     : @ 967073.227: tcs3701: start power rail timer, state:3
01-09 11:30:02.465  1086  1254 I ASH     : @ 967073.267: tcs3701: stop power rail pending_off timer
01-09 11:30:02.465  1086  1254 D ASH     : @ 967073.267: tcs3701: start power rail timer, state:3
01-09 11:30:02.505  1086  1254 I ASH     : @ 967073.307: tcs3701: stop power rail pending_off timer
01-09 11:30:02.505  1086  1254 D ASH     : @ 967073.307: tcs3701: start power rail timer, state:3
01-09 11:30:02.545  1086  1254 I ASH     : @ 967073.347: tcs3701: stop power rail pending_off timer
01-09 11:30:02.545  1086  1254 D ASH     : @ 967073.347: tcs3701: start power rail timer, state:3
01-09 11:30:02.585  1086  1254 I ASH     : @ 967073.387: tcs3701: stop power rail pending_off timer
01-09 11:30:02.585  1086  1254 D ASH     : @ 967073.387: tcs3701: start power rail timer, state:3
01-09 11:30:02.625  1086  1254 I ASH     : @ 967073.427: tcs3701: stop power rail pending_off timer
01-09 11:30:02.625  1086  1254 D ASH     : @ 967073.427: tcs3701: start power rail timer, state:3
01-09 11:30:02.665  1086  1254 I ASH     : @ 967073.467: tcs3701: stop power rail pending_off timer
01-09 11:30:02.665  1086  1254 D ASH     : @ 967073.467: tcs3701: start power rail timer, state:3
01-09 11:30:02.705  1086  1254 I ASH     : @ 967073.507: tcs3701: stop power rail pending_off timer
01-09 11:30:02.705  1086  1254 D ASH     : @ 967073.507: tcs3701: start power rail timer, state:3
01-09 11:30:02.744  1086  1254 I ASH     : @ 967073.547: tcs3701: stop power rail pending_off timer
01-09 11:30:02.745  1086  1254 D ASH     : @ 967073.547: tcs3701: start power rail timer, state:3
01-09 11:30:02.784  1086  1254 I ASH     : @ 967073.587: tcs3701: stop power rail pending_off timer
01-09 11:30:02.785  1086  1254 D ASH     : @ 967073.587: tcs3701: start power rail timer, state:3
01-09 11:30:02.824  1086  1254 I ASH     : @ 967073.627: tcs3701: stop power rail pending_off timer
01-09 11:30:02.824  1086  1254 D ASH     : @ 967073.627: tcs3701: start power rail timer, state:3
01-09 11:30:02.865  1086  1254 I ASH     : @ 967073.667: tcs3701: stop power rail pending_off timer
01-09 11:30:02.865  1086  1254 D ASH     : @ 967073.667: tcs3701: start power rail timer, state:3
01-09 11:30:02.905  1086  1254 I ASH     : @ 967073.707: tcs3701: stop power rail pending_off timer
01-09 11:30:02.905  1086  1254 D ASH     : @ 967073.707: tcs3701: start power rail timer, state:3
01-09 11:30:02.944  1086  1254 I ASH     : @ 967073.747: tcs3701: stop power rail pending_off timer
01-09 11:30:02.945  1086  1254 D ASH     : @ 967073.747: tcs3701: start power rail timer, state:3
01-09 11:30:02.985  1086  1254 I ASH     : @ 967073.787: tcs3701: stop power rail pending_off timer
01-09 11:30:02.985  1086  1254 D ASH     : @ 967073.787: tcs3701: start power rail timer, state:3
01-09 11:30:03.025  1086  1254 I ASH     : @ 967073.827: tcs3701: stop power rail pending_off timer
01-09 11:30:03.025  1086  1254 D ASH     : @ 967073.827: tcs3701: start power rail timer, state:3
01-09 11:30:03.065  1086  1254 I ASH     : @ 967073.867: tcs3701: stop power rail pending_off timer
01-09 11:30:03.065  1086  1254 D ASH     : @ 967073.867: tcs3701: start power rail timer, state:3
01-09 11:30:03.104  1086  1254 I ASH     : @ 967073.907: tcs3701: stop power rail pending_off timer
01-09 11:30:03.105  1086  1254 D ASH     : @ 967073.907: tcs3701: start power rail timer, state:3
01-09 11:30:03.144  1086  1254 I ASH     : @ 967073.947: tcs3701: stop power rail pending_off timer
01-09 11:30:03.145  1086  1254 D ASH     : @ 967073.947: tcs3701: start power rail timer, state:3
01-09 11:30:03.185  1086  1254 I ASH     : @ 967073.987: tcs3701: stop power rail pending_off timer
01-09 11:30:03.185  1086  1254 D ASH     : @ 967073.987: tcs3701: start power rail timer, state:3
01-09 11:30:03.224  1086  1254 I ASH     : @ 967074.027: tcs3701: stop power rail pending_off timer
01-09 11:30:03.225  1086  1254 D ASH     : @ 967074.027: tcs3701: start power rail timer, state:3
01-09 11:30:03.264  1086  1254 I ASH     : @ 967074.067: tcs3701: stop power rail pending_off timer
01-09 11:30:03.265  1086  1254 D ASH     : @ 967074.067: tcs3701: start power rail timer, state:3
01-09 11:30:03.305  1086  1254 I ASH     : @ 967074.107: tcs3701: stop power rail pending_off timer
01-09 11:30:03.305  1086  1254 D ASH     : @ 967074.107: tcs3701: start power rail timer, state:3
01-09 11:30:03.344  1086  1254 I ASH     : @ 967074.147: tcs3701: stop power rail pending_off timer
01-09 11:30:03.345  1086  1254 D ASH     : @ 967074.147: tcs3701: start power rail timer, state:3
01-09 11:30:03.385  1086  1254 I ASH     : @ 967074.187: tcs3701: stop power rail pending_off timer
01-09 11:30:03.385  1086  1254 D ASH     : @ 967074.187: tcs3701: start power rail timer, state:3
01-09 11:30:03.425  1086  1254 I ASH     : @ 967074.227: tcs3701: stop power rail pending_off timer
01-09 11:30:03.425  1086  1254 D ASH     : @ 967074.227: tcs3701: start power rail timer, state:3
01-09 11:30:03.464  1086  1254 I ASH     : @ 967074.267: tcs3701: stop power rail pending_off timer
01-09 11:30:03.464  1086  1254 D ASH     : @ 967074.267: tcs3701: start power rail timer, state:3
01-09 11:30:03.505  1086  1254 I ASH     : @ 967074.307: tcs3701: stop power rail pending_off timer
01-09 11:30:03.505  1086  1254 D ASH     : @ 967074.307: tcs3701: start power rail timer, state:3
01-09 11:30:03.544  1086  1254 I ASH     : @ 967074.347: tcs3701: stop power rail pending_off timer
01-09 11:30:03.545  1086  1254 D ASH     : @ 967074.347: tcs3701: start power rail timer, state:3
01-09 11:30:03.585  1086  1254 I ASH     : @ 967074.387: tcs3701: stop power rail pending_off timer
01-09 11:30:03.585  1086  1254 D ASH     : @ 967074.387: tcs3701: start power rail timer, state:3
01-09 11:30:03.625  1086  1254 I ASH     : @ 967074.427: tcs3701: stop power rail pending_off timer
01-09 11:30:03.625  1086  1254 D ASH     : @ 967074.427: tcs3701: start power rail timer, state:3
01-09 11:30:03.664  1086  1254 I ASH     : @ 967074.467: tcs3701: stop power rail pending_off timer
01-09 11:30:03.665  1086  1254 D ASH     : @ 967074.467: tcs3701: start power rail timer, state:3
01-09 11:30:03.705  1086  1254 I ASH     : @ 967074.507: tcs3701: stop power rail pending_off timer
01-09 11:30:03.705  1086  1254 D ASH     : @ 967074.507: tcs3701: start power rail timer, state:3
01-09 11:30:03.744  1086  1254 I ASH     : @ 967074.547: tcs3701: stop power rail pending_off timer
01-09 11:30:03.745  1086  1254 D ASH     : @ 967074.547: tcs3701: start power rail timer, state:3
01-09 11:30:03.785  1086  1254 I ASH     : @ 967074.587: tcs3701: stop power rail pending_off timer
01-09 11:30:03.785  1086  1254 D ASH     : @ 967074.587: tcs3701: start power rail timer, state:3
01-09 11:30:03.824  1086  1254 I ASH     : @ 967074.627: tcs3701: stop power rail pending_off timer
01-09 11:30:03.824  1086  1254 D ASH     : @ 967074.627: tcs3701: start power rail timer, state:3
01-09 11:30:03.865  1086  1254 I ASH     : @ 967074.667: tcs3701: stop power rail pending_off timer
01-09 11:30:03.865  1086  1254 D ASH     : @ 967074.667: tcs3701: start power rail timer, state:3
01-09 11:30:03.905  1086  1254 I ASH     : @ 967074.707: tcs3701: stop power rail pending_off timer
01-09 11:30:03.905  1086  1254 D ASH     : @ 967074.707: tcs3701: start power rail timer, state:3
01-09 11:30:03.945  1086  1254 I ASH     : @ 967074.747: tcs3701: stop power rail pending_off timer
01-09 11:30:03.945  1086  1254 D ASH     : @ 967074.747: tcs3701: start power rail timer, state:3
01-09 11:30:03.985  1086  1254 I ASH     : @ 967074.787: tcs3701: stop power rail pending_off timer
01-09 11:30:03.985  1086  1254 D ASH     : @ 967074.787: tcs3701: start power rail timer, state:3
01-09 11:30:04.025  1086  1254 I ASH     : @ 967074.827: tcs3701: stop power rail pending_off timer
01-09 11:30:04.025  1086  1254 D ASH     : @ 967074.827: tcs3701: start power rail timer, state:3
01-09 11:30:04.064  1086  1254 I ASH     : @ 967074.867: tcs3701: stop power rail pending_off timer
01-09 11:30:04.065  1086  1254 D ASH     : @ 967074.867: tcs3701: start power rail timer, state:3
01-09 11:30:04.105  1086  1254 I ASH     : @ 967074.907: tcs3701: stop power rail pending_off timer
01-09 11:30:04.105  1086  1254 D ASH     : @ 967074.907: tcs3701: start power rail timer, state:3
01-09 11:30:04.145  1086  1254 I ASH     : @ 967074.947: tcs3701: stop power rail pending_off timer
01-09 11:30:04.145  1086  1254 D ASH     : @ 967074.947: tcs3701: start power rail timer, state:3
01-09 11:30:04.185  1086  1254 I ASH     : @ 967074.987: tcs3701: stop power rail pending_off timer
01-09 11:30:04.185  1086  1254 D ASH     : @ 967074.987: tcs3701: start power rail timer, state:3
01-09 11:30:04.225  1086  1254 I ASH     : @ 967075.027: tcs3701: stop power rail pending_off timer
01-09 11:30:04.225  1086  1254 D ASH     : @ 967075.027: tcs3701: start power rail timer, state:3
01-09 11:30:04.264  1086  1254 I ASH     : @ 967075.067: tcs3701: stop power rail pending_off timer
01-09 11:30:04.264  1086  1254 D ASH     : @ 967075.067: tcs3701: start power rail timer, state:3
01-09 11:30:04.304  1086  1254 I ASH     : @ 967075.107: tcs3701: stop power rail pending_off timer
01-09 11:30:04.305  1086  1254 D ASH     : @ 967075.107: tcs3701: start power rail timer, state:3
01-09 11:30:04.345  1086  1254 I ASH     : @ 967075.147: tcs3701: stop power rail pending_off timer
01-09 11:30:04.345  1086  1254 D ASH     : @ 967075.147: tcs3701: start power rail timer, state:3
01-09 11:30:04.385  1086  1254 I ASH     : @ 967075.187: tcs3701: stop power rail pending_off timer
01-09 11:30:04.385  1086  1254 D ASH     : @ 967075.187: tcs3701: start power rail timer, state:3
01-09 11:30:04.425  1086  1254 I ASH     : @ 967075.227: tcs3701: stop power rail pending_off timer
01-09 11:30:04.425  1086  1254 D ASH     : @ 967075.227: tcs3701: start power rail timer, state:3
01-09 11:30:04.465  1086  1254 I ASH     : @ 967075.267: tcs3701: stop power rail pending_off timer
01-09 11:30:04.465  1086  1254 D ASH     : @ 967075.267: tcs3701: start power rail timer, state:3
01-09 11:30:04.505  1086  1254 I ASH     : @ 967075.307: tcs3701: stop power rail pending_off timer
01-09 11:30:04.505  1086  1254 D ASH     : @ 967075.307: tcs3701: start power rail timer, state:3
01-09 11:30:04.545  1086  1254 I ASH     : @ 967075.347: tcs3701: stop power rail pending_off timer
01-09 11:30:04.545  1086  1254 D ASH     : @ 967075.347: tcs3701: start power rail timer, state:3
01-09 11:30:04.585  1086  1254 I ASH     : @ 967075.387: tcs3701: stop power rail pending_off timer
01-09 11:30:04.585  1086  1254 D ASH     : @ 967075.387: tcs3701: start power rail timer, state:3
01-09 11:30:04.625  1086  1254 I ASH     : @ 967075.427: tcs3701: stop power rail pending_off timer
01-09 11:30:04.625  1086  1254 D ASH     : @ 967075.427: tcs3701: start power rail timer, state:3
01-09 11:30:04.664  1086  1254 I ASH     : @ 967075.467: tcs3701: stop power rail pending_off timer
01-09 11:30:04.664  1086  1254 D ASH     : @ 967075.467: tcs3701: start power rail timer, state:3
01-09 11:30:04.705  1086  1254 I ASH     : @ 967075.507: tcs3701: stop power rail pending_off timer
01-09 11:30:04.705  1086  1254 D ASH     : @ 967075.507: tcs3701: start power rail timer, state:3
01-09 11:30:04.745  1086  1254 I ASH     : @ 967075.547: tcs3701: stop power rail pending_off timer
01-09 11:30:04.745  1086  1254 D ASH     : @ 967075.547: tcs3701: start power rail timer, state:3
01-09 11:30:04.785  1086  1254 I ASH     : @ 967075.587: tcs3701: stop power rail pending_off timer
01-09 11:30:04.785  1086  1254 D ASH     : @ 967075.587: tcs3701: start power rail timer, state:3
01-09 11:30:04.825  1086  1254 I ASH     : @ 967075.627: tcs3701: stop power rail pending_off timer
01-09 11:30:04.825  1086  1254 D ASH     : @ 967075.627: tcs3701: start power rail timer, state:3
01-09 11:30:04.864  1086  1254 I ASH     : @ 967075.667: tcs3701: stop power rail pending_off timer
01-09 11:30:04.865  1086  1254 D ASH     : @ 967075.667: tcs3701: start power rail timer, state:3
01-09 11:30:04.905  1086  1254 I ASH     : @ 967075.707: tcs3701: stop power rail pending_off timer
01-09 11:30:04.905  1086  1254 D ASH     : @ 967075.707: tcs3701: start power rail timer, state:3
01-09 11:30:04.945  1086  1254 I ASH     : @ 967075.747: tcs3701: stop power rail pending_off timer
01-09 11:30:04.945  1086  1254 D ASH     : @ 967075.747: tcs3701: start power rail timer, state:3
01-09 11:30:04.985  1086  1254 I ASH     : @ 967075.787: tcs3701: stop power rail pending_off timer
01-09 11:30:04.985  1086  1254 D ASH     : @ 967075.787: tcs3701: start power rail timer, state:3
01-09 11:30:05.025  1086  1254 I ASH     : @ 967075.827: tcs3701: stop power rail pending_off timer
01-09 11:30:05.025  1086  1254 D ASH     : @ 967075.827: tcs3701: start power rail timer, state:3
01-09 11:30:05.065  1086  1254 I ASH     : @ 967075.867: tcs3701: stop power rail pending_off timer
01-09 11:30:05.065  1086  1254 D ASH     : @ 967075.867: tcs3701: start power rail timer, state:3
01-09 11:30:05.105  1086  1254 I ASH     : @ 967075.907: tcs3701: stop power rail pending_off timer
01-09 11:30:05.105  1086  1254 D ASH     : @ 967075.907: tcs3701: start power rail timer, state:3
01-09 11:30:05.145  1086  1254 I ASH     : @ 967075.947: tcs3701: stop power rail pending_off timer
01-09 11:30:05.145  1086  1254 D ASH     : @ 967075.947: tcs3701: start power rail timer, state:3
01-09 11:30:05.185  1086  1254 I ASH     : @ 967075.987: tcs3701: stop power rail pending_off timer
01-09 11:30:05.185  1086  1254 D ASH     : @ 967075.987: tcs3701: start power rail timer, state:3
01-09 11:30:05.225  1086  1254 I ASH     : @ 967076.027: tcs3701: stop power rail pending_off timer
01-09 11:30:05.225  1086  1254 D ASH     : @ 967076.027: tcs3701: start power rail timer, state:3
01-09 11:30:05.265  1086  1254 I ASH     : @ 967076.067: tcs3701: stop power rail pending_off timer
01-09 11:30:05.265  1086  1254 D ASH     : @ 967076.067: tcs3701: start power rail timer, state:3
01-09 11:30:05.304  1086  1254 I ASH     : @ 967076.107: tcs3701: stop power rail pending_off timer
01-09 11:30:05.305  1086  1254 D ASH     : @ 967076.107: tcs3701: start power rail timer, state:3
01-09 11:30:05.345  1086  1254 I ASH     : @ 967076.147: tcs3701: stop power rail pending_off timer
01-09 11:30:05.345  1086  1254 D ASH     : @ 967076.147: tcs3701: start power rail timer, state:3
01-09 11:30:05.385  1086  1254 I ASH     : @ 967076.187: tcs3701: stop power rail pending_off timer
01-09 11:30:05.385  1086  1254 D ASH     : @ 967076.187: tcs3701: start power rail timer, state:3
01-09 11:30:05.425  1086  1254 I ASH     : @ 967076.227: tcs3701: stop power rail pending_off timer
01-09 11:30:05.425  1086  1254 D ASH     : @ 967076.227: tcs3701: start power rail timer, state:3
01-09 11:30:05.464  1086  1254 I ASH     : @ 967076.267: tcs3701: stop power rail pending_off timer
01-09 11:30:05.465  1086  1254 D ASH     : @ 967076.267: tcs3701: start power rail timer, state:3
01-09 11:30:05.505  1086  1254 I ASH     : @ 967076.307: tcs3701: stop power rail pending_off timer
01-09 11:30:05.505  1086  1254 D ASH     : @ 967076.307: tcs3701: start power rail timer, state:3
01-09 11:30:05.545  1086  1254 I ASH     : @ 967076.347: tcs3701: stop power rail pending_off timer
01-09 11:30:05.545  1086  1254 D ASH     : @ 967076.347: tcs3701: start power rail timer, state:3
01-09 11:30:05.585  1086  1254 I ASH     : @ 967076.387: tcs3701: stop power rail pending_off timer
01-09 11:30:05.585  1086  1254 D ASH     : @ 967076.387: tcs3701: start power rail timer, state:3
01-09 11:30:05.625  1086  1254 I ASH     : @ 967076.427: tcs3701: stop power rail pending_off timer
01-09 11:30:05.625  1086  1254 D ASH     : @ 967076.427: tcs3701: start power rail timer, state:3
01-09 11:30:05.665  1086  1254 I ASH     : @ 967076.467: tcs3701: stop power rail pending_off timer
01-09 11:30:05.665  1086  1254 D ASH     : @ 967076.467: tcs3701: start power rail timer, state:3
01-09 11:30:05.705  1086  1254 I ASH     : @ 967076.507: tcs3701: stop power rail pending_off timer
01-09 11:30:05.705  1086  1254 D ASH     : @ 967076.507: tcs3701: start power rail timer, state:3
01-09 11:30:05.745  1086  1254 I ASH     : @ 967076.547: tcs3701: stop power rail pending_off timer
01-09 11:30:05.745  1086  1254 D ASH     : @ 967076.547: tcs3701: start power rail timer, state:3
01-09 11:30:05.785  1086  1254 I ASH     : @ 967076.587: tcs3701: stop power rail pending_off timer
01-09 11:30:05.785  1086  1254 D ASH     : @ 967076.587: tcs3701: start power rail timer, state:3
01-09 11:30:05.825  1086  1254 I ASH     : @ 967076.627: tcs3701: stop power rail pending_off timer
01-09 11:30:05.825  1086  1254 D ASH     : @ 967076.627: tcs3701: start power rail timer, state:3
01-09 11:30:05.865  1086  1254 I ASH     : @ 967076.667: tcs3701: stop power rail pending_off timer
01-09 11:30:05.865  1086  1254 D ASH     : @ 967076.667: tcs3701: start power rail timer, state:3
01-09 11:30:05.905  1086  1254 I ASH     : @ 967076.707: tcs3701: stop power rail pending_off timer
01-09 11:30:05.905  1086  1254 D ASH     : @ 967076.707: tcs3701: start power rail timer, state:3
01-09 11:30:05.945  1086  1254 I ASH     : @ 967076.747: tcs3701: stop power rail pending_off timer
01-09 11:30:05.945  1086  1254 D ASH     : @ 967076.747: tcs3701: start power rail timer, state:3
01-09 11:30:05.985  1086  1254 I ASH     : @ 967076.787: tcs3701: stop power rail pending_off timer
01-09 11:30:05.985  1086  1254 D ASH     : @ 967076.787: tcs3701: start power rail timer, state:3
01-09 11:30:06.025  1086  1254 I ASH     : @ 967076.827: tcs3701: stop power rail pending_off timer
01-09 11:30:06.025  1086  1254 D ASH     : @ 967076.827: tcs3701: start power rail timer, state:3
01-09 11:30:06.064  1086  1254 I ASH     : @ 967076.867: tcs3701: stop power rail pending_off timer
01-09 11:30:06.064  1086  1254 D ASH     : @ 967076.867: tcs3701: start power rail timer, state:3
01-09 11:30:06.105  1086  1254 I ASH     : @ 967076.907: tcs3701: stop power rail pending_off timer
01-09 11:30:06.105  1086  1254 D ASH     : @ 967076.907: tcs3701: start power rail timer, state:3
01-09 11:30:06.145  1086  1254 I ASH     : @ 967076.947: tcs3701: stop power rail pending_off timer
01-09 11:30:06.145  1086  1254 D ASH     : @ 967076.947: tcs3701: start power rail timer, state:3
01-09 11:30:06.185  1086  1254 I ASH     : @ 967076.987: tcs3701: stop power rail pending_off timer
01-09 11:30:06.185  1086  1254 D ASH     : @ 967076.987: tcs3701: start power rail timer, state:3
01-09 11:30:06.225  1086  1254 I ASH     : @ 967077.027: tcs3701: stop power rail pending_off timer
01-09 11:30:06.225  1086  1254 D ASH     : @ 967077.027: tcs3701: start power rail timer, state:3
01-09 11:30:06.264  1086  1254 I ASH     : @ 967077.067: tcs3701: stop power rail pending_off timer
01-09 11:30:06.265  1086  1254 D ASH     : @ 967077.067: tcs3701: start power rail timer, state:3
01-09 11:30:06.305  1086  1254 I ASH     : @ 967077.107: tcs3701: stop power rail pending_off timer
01-09 11:30:06.305  1086  1254 D ASH     : @ 967077.107: tcs3701: start power rail timer, state:3
01-09 11:30:06.345  1086  1254 I ASH     : @ 967077.147: tcs3701: stop power rail pending_off timer
01-09 11:30:06.345  1086  1254 D ASH     : @ 967077.147: tcs3701: start power rail timer, state:3
01-09 11:30:06.385  1086  1254 I ASH     : @ 967077.187: tcs3701: stop power rail pending_off timer
01-09 11:30:06.385  1086  1254 D ASH     : @ 967077.187: tcs3701: start power rail timer, state:3
01-09 11:30:06.425  1086  1254 I ASH     : @ 967077.227: tcs3701: stop power rail pending_off timer
01-09 11:30:06.425  1086  1254 D ASH     : @ 967077.227: tcs3701: start power rail timer, state:3
01-09 11:30:06.464  1086  1254 I ASH     : @ 967077.267: tcs3701: stop power rail pending_off timer
01-09 11:30:06.465  1086  1254 D ASH     : @ 967077.267: tcs3701: start power rail timer, state:3
01-09 11:30:06.505  1086  1254 I ASH     : @ 967077.307: tcs3701: stop power rail pending_off timer
01-09 11:30:06.505  1086  1254 D ASH     : @ 967077.307: tcs3701: start power rail timer, state:3
01-09 11:30:06.545  1086  1254 I ASH     : @ 967077.347: tcs3701: stop power rail pending_off timer
01-09 11:30:06.545  1086  1254 D ASH     : @ 967077.347: tcs3701: start power rail timer, state:3
01-09 11:30:06.584  1086  1254 I ASH     : @ 967077.387: tcs3701: stop power rail pending_off timer
01-09 11:30:06.585  1086  1254 D ASH     : @ 967077.387: tcs3701: start power rail timer, state:3
01-09 11:30:06.625  1086  1254 I ASH     : @ 967077.427: tcs3701: stop power rail pending_off timer
01-09 11:30:06.625  1086  1254 D ASH     : @ 967077.427: tcs3701: start power rail timer, state:3
01-09 11:30:06.665  1086  1254 I ASH     : @ 967077.467: tcs3701: stop power rail pending_off timer
01-09 11:30:06.665  1086  1254 D ASH     : @ 967077.467: tcs3701: start power rail timer, state:3
01-09 11:30:06.705  1086  1254 I ASH     : @ 967077.507: tcs3701: stop power rail pending_off timer
01-09 11:30:06.705  1086  1254 D ASH     : @ 967077.507: tcs3701: start power rail timer, state:3
01-09 11:30:06.745  1086  1254 I ASH     : @ 967077.547: tcs3701: stop power rail pending_off timer
01-09 11:30:06.745  1086  1254 D ASH     : @ 967077.547: tcs3701: start power rail timer, state:3
01-09 11:30:06.785  1086  1254 I ASH     : @ 967077.587: tcs3701: stop power rail pending_off timer
01-09 11:30:06.785  1086  1254 D ASH     : @ 967077.587: tcs3701: start power rail timer, state:3
01-09 11:30:06.824  1086  1254 I ASH     : @ 967077.627: tcs3701: stop power rail pending_off timer
01-09 11:30:06.824  1086  1254 D ASH     : @ 967077.627: tcs3701: start power rail timer, state:3
01-09 11:30:06.864  1086  1254 I ASH     : @ 967077.667: tcs3701: stop power rail pending_off timer
01-09 11:30:06.865  1086  1254 D ASH     : @ 967077.667: tcs3701: start power rail timer, state:3
01-09 11:30:06.905  1086  1254 I ASH     : @ 967077.707: tcs3701: stop power rail pending_off timer
01-09 11:30:06.905  1086  1254 D ASH     : @ 967077.707: tcs3701: start power rail timer, state:3
01-09 11:30:06.945  1086  1254 I ASH     : @ 967077.747: tcs3701: stop power rail pending_off timer
01-09 11:30:06.945  1086  1254 D ASH     : @ 967077.747: tcs3701: start power rail timer, state:3
01-09 11:30:06.985  1086  1254 I ASH     : @ 967077.787: tcs3701: stop power rail pending_off timer
01-09 11:30:06.985  1086  1254 D ASH     : @ 967077.787: tcs3701: start power rail timer, state:3
01-09 11:30:07.024  1086  1254 I ASH     : @ 967077.827: tcs3701: stop power rail pending_off timer
01-09 11:30:07.025  1086  1254 D ASH     : @ 967077.827: tcs3701: start power rail timer, state:3
01-09 11:30:07.064  1086  1254 I ASH     : @ 967077.867: tcs3701: stop power rail pending_off timer
01-09 11:30:07.065  1086  1254 D ASH     : @ 967077.867: tcs3701: start power rail timer, state:3
01-09 11:30:07.105  1086  1254 I ASH     : @ 967077.907: tcs3701: stop power rail pending_off timer
01-09 11:30:07.105  1086  1254 D ASH     : @ 967077.907: tcs3701: start power rail timer, state:3
01-09 11:30:07.145  1086  1254 I ASH     : @ 967077.947: tcs3701: stop power rail pending_off timer
01-09 11:30:07.145  1086  1254 D ASH     : @ 967077.947: tcs3701: start power rail timer, state:3
01-09 11:30:07.184  1086  1254 I ASH     : @ 967077.987: tcs3701: stop power rail pending_off timer
01-09 11:30:07.185  1086  1254 D ASH     : @ 967077.987: tcs3701: start power rail timer, state:3
01-09 11:30:07.225  1086  1254 I ASH     : @ 967078.027: tcs3701: stop power rail pending_off timer
01-09 11:30:07.225  1086  1254 D ASH     : @ 967078.027: tcs3701: start power rail timer, state:3
01-09 11:30:07.264  1086  1254 I ASH     : @ 967078.067: tcs3701: stop power rail pending_off timer
01-09 11:30:07.265  1086  1254 D ASH     : @ 967078.067: tcs3701: start power rail timer, state:3
01-09 11:30:07.305  1086  1254 I ASH     : @ 967078.107: tcs3701: stop power rail pending_off timer
01-09 11:30:07.305  1086  1254 D ASH     : @ 967078.107: tcs3701: start power rail timer, state:3
01-09 11:30:07.345  1086  1254 I ASH     : @ 967078.147: tcs3701: stop power rail pending_off timer
01-09 11:30:07.345  1086  1254 D ASH     : @ 967078.147: tcs3701: start power rail timer, state:3
01-09 11:30:07.385  1086  1254 I ASH     : @ 967078.187: tcs3701: stop power rail pending_off timer
01-09 11:30:07.385  1086  1254 D ASH     : @ 967078.187: tcs3701: start power rail timer, state:3
01-09 11:30:07.425  1086  1254 I ASH     : @ 967078.227: tcs3701: stop power rail pending_off timer
01-09 11:30:07.425  1086  1254 D ASH     : @ 967078.227: tcs3701: start power rail timer, state:3
01-09 11:30:07.464  1086  1254 I ASH     : @ 967078.267: tcs3701: stop power rail pending_off timer
01-09 11:30:07.465  1086  1254 D ASH     : @ 967078.267: tcs3701: start power rail timer, state:3
01-09 11:30:07.505  1086  1254 I ASH     : @ 967078.307: tcs3701: stop power rail pending_off timer
01-09 11:30:07.505  1086  1254 D ASH     : @ 967078.307: tcs3701: start power rail timer, state:3
01-09 11:30:07.545  1086  1254 I ASH     : @ 967078.347: tcs3701: stop power rail pending_off timer
01-09 11:30:07.545  1086  1254 D ASH     : @ 967078.347: tcs3701: start power rail timer, state:3
01-09 11:30:07.584  1086  1254 I ASH     : @ 967078.387: tcs3701: stop power rail pending_off timer
01-09 11:30:07.585  1086  1254 D ASH     : @ 967078.387: tcs3701: start power rail timer, state:3
01-09 11:30:07.624  1086  1254 I ASH     : @ 967078.427: tcs3701: stop power rail pending_off timer
01-09 11:30:07.625  1086  1254 D ASH     : @ 967078.427: tcs3701: start power rail timer, state:3
01-09 11:30:07.664  1086  1254 I ASH     : @ 967078.467: tcs3701: stop power rail pending_off timer
01-09 11:30:07.664  1086  1254 D ASH     : @ 967078.467: tcs3701: start power rail timer, state:3
01-09 11:30:07.665 25993 26012 I Unity   : [showcase] drew scene typography: 381 instance(s), rung ConstantBuffer
01-09 11:30:07.665 25993 26012 I Unity   : UnityEngine.DebugLogHandler:Internal_Log(LogType, LogOption, String, Object)
01-09 11:30:07.665 25993 26012 I Unity   : Driftsys.Dashscene.Samples.DashsceneShowcase:Update()
01-09 11:30:07.665 25993 26012 I Unity   : 
01-09 11:30:07.704  1086  1254 I ASH     : @ 967078.507: tcs3701: stop power rail pending_off timer
01-09 11:30:07.704  1086  1254 D ASH     : @ 967078.507: tcs3701: start power rail timer, state:3
01-09 11:30:07.745  1086  1254 I ASH     : @ 967078.547: tcs3701: stop power rail pending_off timer
01-09 11:30:07.745  1086  1254 D ASH     : @ 967078.547: tcs3701: start power rail timer, state:3
01-09 11:30:07.785  1086  1254 I ASH     : @ 967078.587: tcs3701: stop power rail pending_off timer
01-09 11:30:07.785  1086  1254 D ASH     : @ 967078.587: tcs3701: start power rail timer, state:3
01-09 11:30:07.825  1086  1254 I ASH     : @ 967078.627: tcs3701: stop power rail pending_off timer
01-09 11:30:07.825  1086  1254 D ASH     : @ 967078.627: tcs3701: start power rail timer, state:3
01-09 11:30:07.864  1086  1254 I ASH     : @ 967078.667: tcs3701: stop power rail pending_off timer
01-09 11:30:07.865  1086  1254 D ASH     : @ 967078.667: tcs3701: start power rail timer, state:3
01-09 11:30:07.905  1086  1254 I ASH     : @ 967078.707: tcs3701: stop power rail pending_off timer
01-09 11:30:07.905  1086  1254 D ASH     : @ 967078.707: tcs3701: start power rail timer, state:3
01-09 11:30:07.944  1086  1254 I ASH     : @ 967078.747: tcs3701: stop power rail pending_off timer
01-09 11:30:07.945  1086  1254 D ASH     : @ 967078.747: tcs3701: start power rail timer, state:3
01-09 11:30:07.985  1086  1254 I ASH     : @ 967078.787: tcs3701: stop power rail pending_off timer
01-09 11:30:07.985  1086  1254 D ASH     : @ 967078.787: tcs3701: start power rail timer, state:3
01-09 11:30:08.025  1086  1254 I ASH     : @ 967078.827: tcs3701: stop power rail pending_off timer
01-09 11:30:08.025  1086  1254 D ASH     : @ 967078.827: tcs3701: start power rail timer, state:3
01-09 11:30:08.065  1086  1254 I ASH     : @ 967078.867: tcs3701: stop power rail pending_off timer
01-09 11:30:08.065  1086  1254 D ASH     : @ 967078.867: tcs3701: start power rail timer, state:3
01-09 11:30:08.104  1086  1254 I ASH     : @ 967078.907: tcs3701: stop power rail pending_off timer
01-09 11:30:08.105  1086  1254 D ASH     : @ 967078.907: tcs3701: start power rail timer, state:3
01-09 11:30:08.144  1086  1254 I ASH     : @ 967078.947: tcs3701: stop power rail pending_off timer
01-09 11:30:08.145  1086  1254 D ASH     : @ 967078.947: tcs3701: start power rail timer, state:3
01-09 11:30:08.185  1086  1254 I ASH     : @ 967078.987: tcs3701: stop power rail pending_off timer
01-09 11:30:08.185  1086  1254 D ASH     : @ 967078.987: tcs3701: start power rail timer, state:3
01-09 11:30:08.225  1086  1254 I ASH     : @ 967079.027: tcs3701: stop power rail pending_off timer
01-09 11:30:08.225  1086  1254 D ASH     : @ 967079.027: tcs3701: start power rail timer, state:3
01-09 11:30:08.265  1086  1254 I ASH     : @ 967079.067: tcs3701: stop power rail pending_off timer
01-09 11:30:08.265  1086  1254 D ASH     : @ 967079.067: tcs3701: start power rail timer, state:3
01-09 11:30:08.304  1086  1254 I ASH     : @ 967079.107: tcs3701: stop power rail pending_off timer
01-09 11:30:08.305  1086  1254 D ASH     : @ 967079.107: tcs3701: start power rail timer, state:3
01-09 11:30:08.344  1086  1254 I ASH     : @ 967079.147: tcs3701: stop power rail pending_off timer
01-09 11:30:08.344  1086  1254 D ASH     : @ 967079.147: tcs3701: start power rail timer, state:3
01-09 11:30:08.385  1086  1254 I ASH     : @ 967079.187: tcs3701: stop power rail pending_off timer
01-09 11:30:08.385  1086  1254 D ASH     : @ 967079.187: tcs3701: start power rail timer, state:3
01-09 11:30:08.425  1086  1254 I ASH     : @ 967079.227: tcs3701: stop power rail pending_off timer
01-09 11:30:08.425  1086  1254 D ASH     : @ 967079.227: tcs3701: start power rail timer, state:3
01-09 11:30:08.465  1086  1254 I ASH     : @ 967079.267: tcs3701: stop power rail pending_off timer
01-09 11:30:08.465  1086  1254 D ASH     : @ 967079.267: tcs3701: start power rail timer, state:3
01-09 11:30:08.504  1086  1254 I ASH     : @ 967079.307: tcs3701: stop power rail pending_off timer
01-09 11:30:08.505  1086  1254 D ASH     : @ 967079.307: tcs3701: start power rail timer, state:3
01-09 11:30:08.545  1086  1254 I ASH     : @ 967079.347: tcs3701: stop power rail pending_off timer
01-09 11:30:08.545  1086  1254 D ASH     : @ 967079.347: tcs3701: start power rail timer, state:3
01-09 11:30:08.585  1086  1254 I ASH     : @ 967079.387: tcs3701: stop power rail pending_off timer
01-09 11:30:08.585  1086  1254 D ASH     : @ 967079.387: tcs3701: start power rail timer, state:3
01-09 11:30:08.625  1086  1254 I ASH     : @ 967079.427: tcs3701: stop power rail pending_off timer
01-09 11:30:08.625  1086  1254 D ASH     : @ 967079.427: tcs3701: start power rail timer, state:3
01-09 11:30:08.664  1086  1254 I ASH     : @ 967079.467: tcs3701: stop power rail pending_off timer
01-09 11:30:08.665  1086  1254 D ASH     : @ 967079.467: tcs3701: start power rail timer, state:3
01-09 11:30:08.704  1086  1254 I ASH     : @ 967079.507: tcs3701: stop power rail pending_off timer
01-09 11:30:08.705  1086  1254 D ASH     : @ 967079.507: tcs3701: start power rail timer, state:3
01-09 11:30:08.744  1086  1254 I ASH     : @ 967079.547: tcs3701: stop power rail pending_off timer
01-09 11:30:08.745  1086  1254 D ASH     : @ 967079.547: tcs3701: start power rail timer, state:3
01-09 11:30:08.784  1086  1254 I ASH     : @ 967079.587: tcs3701: stop power rail pending_off timer
01-09 11:30:08.785  1086  1254 D ASH     : @ 967079.587: tcs3701: start power rail timer, state:3
01-09 11:30:08.825  1086  1254 I ASH     : @ 967079.627: tcs3701: stop power rail pending_off timer
01-09 11:30:08.825  1086  1254 D ASH     : @ 967079.627: tcs3701: start power rail timer, state:3
01-09 11:30:08.864  1086  1254 I ASH     : @ 967079.667: tcs3701: stop power rail pending_off timer
01-09 11:30:08.864  1086  1254 D ASH     : @ 967079.667: tcs3701: start power rail timer, state:3
01-09 11:30:08.905  1086  1254 I ASH     : @ 967079.707: tcs3701: stop power rail pending_off timer
01-09 11:30:08.905  1086  1254 D ASH     : @ 967079.707: tcs3701: start power rail timer, state:3
01-09 11:30:08.945  1086  1254 I ASH     : @ 967079.747: tcs3701: stop power rail pending_off timer
01-09 11:30:08.945  1086  1254 D ASH     : @ 967079.747: tcs3701: start power rail timer, state:3
01-09 11:30:08.985  1086  1254 I ASH     : @ 967079.787: tcs3701: stop power rail pending_off timer
01-09 11:30:08.985  1086  1254 D ASH     : @ 967079.787: tcs3701: start power rail timer, state:3
01-09 11:30:09.025  1086  1254 I ASH     : @ 967079.827: tcs3701: stop power rail pending_off timer
01-09 11:30:09.025  1086  1254 D ASH     : @ 967079.827: tcs3701: start power rail timer, state:3
01-09 11:30:09.064  1086  1254 I ASH     : @ 967079.867: tcs3701: stop power rail pending_off timer
01-09 11:30:09.064  1086  1254 D ASH     : @ 967079.867: tcs3701: start power rail timer, state:3
01-09 11:30:09.105  1086  1254 I ASH     : @ 967079.907: tcs3701: stop power rail pending_off timer
01-09 11:30:09.105  1086  1254 D ASH     : @ 967079.907: tcs3701: start power rail timer, state:3
01-09 11:30:09.145  1086  1254 I ASH     : @ 967079.947: tcs3701: stop power rail pending_off timer
01-09 11:30:09.145  1086  1254 D ASH     : @ 967079.947: tcs3701: start power rail timer, state:3
01-09 11:30:09.184  1086  1254 I ASH     : @ 967079.987: tcs3701: stop power rail pending_off timer
01-09 11:30:09.185  1086  1254 D ASH     : @ 967079.987: tcs3701: start power rail timer, state:3
01-09 11:30:09.225  1086  1254 I ASH     : @ 967080.027: tcs3701: stop power rail pending_off timer
01-09 11:30:09.225  1086  1254 D ASH     : @ 967080.027: tcs3701: start power rail timer, state:3
01-09 11:30:09.265  1086  1254 I ASH     : @ 967080.067: tcs3701: stop power rail pending_off timer
01-09 11:30:09.265  1086  1254 D ASH     : @ 967080.067: tcs3701: start power rail timer, state:3
01-09 11:30:09.304  1086  1254 I ASH     : @ 967080.107: tcs3701: stop power rail pending_off timer
01-09 11:30:09.305  1086  1254 D ASH     : @ 967080.107: tcs3701: start power rail timer, state:3
01-09 11:30:09.345  1086  1254 I ASH     : @ 967080.147: tcs3701: stop power rail pending_off timer
01-09 11:30:09.345  1086  1254 D ASH     : @ 967080.147: tcs3701: start power rail timer, state:3
01-09 11:30:09.385  1086  1254 I ASH     : @ 967080.187: tcs3701: stop power rail pending_off timer
01-09 11:30:09.385  1086  1254 D ASH     : @ 967080.187: tcs3701: start power rail timer, state:3
01-09 11:30:09.424  1086  1254 I ASH     : @ 967080.227: tcs3701: stop power rail pending_off timer
01-09 11:30:09.425  1086  1254 D ASH     : @ 967080.227: tcs3701: start power rail timer, state:3
01-09 11:30:09.465  1086  1254 I ASH     : @ 967080.267: tcs3701: stop power rail pending_off timer
01-09 11:30:09.465  1086  1254 D ASH     : @ 967080.267: tcs3701: start power rail timer, state:3
01-09 11:30:09.505  1086  1254 I ASH     : @ 967080.307: tcs3701: stop power rail pending_off timer
01-09 11:30:09.505  1086  1254 D ASH     : @ 967080.307: tcs3701: start power rail timer, state:3
01-09 11:30:09.545  1086  1254 I ASH     : @ 967080.347: tcs3701: stop power rail pending_off timer
01-09 11:30:09.545  1086  1254 D ASH     : @ 967080.347: tcs3701: start power rail timer, state:3
01-09 11:30:09.585  1086  1254 I ASH     : @ 967080.387: tcs3701: stop power rail pending_off timer
01-09 11:30:09.585  1086  1254 D ASH     : @ 967080.387: tcs3701: start power rail timer, state:3
01-09 11:30:09.625  1086  1254 I ASH     : @ 967080.427: tcs3701: stop power rail pending_off timer
01-09 11:30:09.625  1086  1254 D ASH     : @ 967080.427: tcs3701: start power rail timer, state:3
01-09 11:30:09.664  1086  1254 I ASH     : @ 967080.467: tcs3701: stop power rail pending_off timer
01-09 11:30:09.665  1086  1254 D ASH     : @ 967080.467: tcs3701: start power rail timer, state:3
01-09 11:30:09.705  1086  1254 I ASH     : @ 967080.507: tcs3701: stop power rail pending_off timer
01-09 11:30:09.705  1086  1254 D ASH     : @ 967080.507: tcs3701: start power rail timer, state:3
01-09 11:30:09.745  1086  1254 I ASH     : @ 967080.547: tcs3701: stop power rail pending_off timer
01-09 11:30:09.745  1086  1254 D ASH     : @ 967080.547: tcs3701: start power rail timer, state:3
01-09 11:30:09.784  1086  1254 I ASH     : @ 967080.587: tcs3701: stop power rail pending_off timer
01-09 11:30:09.784  1086  1254 D ASH     : @ 967080.587: tcs3701: start power rail timer, state:3
01-09 11:30:09.825  1086  1254 I ASH     : @ 967080.627: tcs3701: stop power rail pending_off timer
01-09 11:30:09.825  1086  1254 D ASH     : @ 967080.627: tcs3701: start power rail timer, state:3
01-09 11:30:09.865  1086  1254 I ASH     : @ 967080.667: tcs3701: stop power rail pending_off timer
01-09 11:30:09.865  1086  1254 D ASH     : @ 967080.667: tcs3701: start power rail timer, state:3
01-09 11:30:09.904  1086  1254 I ASH     : @ 967080.707: tcs3701: stop power rail pending_off timer
01-09 11:30:09.905  1086  1254 D ASH     : @ 967080.707: tcs3701: start power rail timer, state:3
01-09 11:30:09.945  1086  1254 I ASH     : @ 967080.747: tcs3701: stop power rail pending_off timer
01-09 11:30:09.945  1086  1254 D ASH     : @ 967080.747: tcs3701: start power rail timer, state:3
01-09 11:30:09.985  1086  1254 I ASH     : @ 967080.787: tcs3701: stop power rail pending_off timer
01-09 11:30:09.985  1086  1254 D ASH     : @ 967080.787: tcs3701: start power rail timer, state:3
01-09 11:30:10.025  1086  1254 I ASH     : @ 967080.827: tcs3701: stop power rail pending_off timer
01-09 11:30:10.025  1086  1254 D ASH     : @ 967080.827: tcs3701: start power rail timer, state:3
01-09 11:30:10.064  1086  1254 I ASH     : @ 967080.867: tcs3701: stop power rail pending_off timer
01-09 11:30:10.065  1086  1254 D ASH     : @ 967080.867: tcs3701: start power rail timer, state:3
01-09 11:30:10.105  1086  1254 I ASH     : @ 967080.907: tcs3701: stop power rail pending_off timer
01-09 11:30:10.105  1086  1254 D ASH     : @ 967080.907: tcs3701: start power rail timer, state:3
01-09 11:30:10.145  1086  1254 I ASH     : @ 967080.947: tcs3701: stop power rail pending_off timer
01-09 11:30:10.145  1086  1254 D ASH     : @ 967080.947: tcs3701: start power rail timer, state:3
01-09 11:30:10.185  1086  1254 I ASH     : @ 967080.987: tcs3701: stop power rail pending_off timer
01-09 11:30:10.185  1086  1254 D ASH     : @ 967080.987: tcs3701: start power rail timer, state:3
01-09 11:30:10.225  1086  1254 I ASH     : @ 967081.027: tcs3701: stop power rail pending_off timer
01-09 11:30:10.225  1086  1254 D ASH     : @ 967081.027: tcs3701: start power rail timer, state:3
01-09 11:30:10.265  1086  1254 I ASH     : @ 967081.067: tcs3701: stop power rail pending_off timer
01-09 11:30:10.265  1086  1254 D ASH     : @ 967081.067: tcs3701: start power rail timer, state:3
01-09 11:30:10.305  1086  1254 I ASH     : @ 967081.107: tcs3701: stop power rail pending_off timer
01-09 11:30:10.305  1086  1254 D ASH     : @ 967081.107: tcs3701: start power rail timer, state:3
01-09 11:30:10.345  1086  1254 I ASH     : @ 967081.147: tcs3701: stop power rail pending_off timer
01-09 11:30:10.345  1086  1254 D ASH     : @ 967081.147: tcs3701: start power rail timer, state:3
01-09 11:30:10.384  1086  1254 I ASH     : @ 967081.187: tcs3701: stop power rail pending_off timer
01-09 11:30:10.385  1086  1254 D ASH     : @ 967081.187: tcs3701: start power rail timer, state:3
01-09 11:30:10.425  1086  1254 I ASH     : @ 967081.227: tcs3701: stop power rail pending_off timer
01-09 11:30:10.425  1086  1254 D ASH     : @ 967081.227: tcs3701: start power rail timer, state:3
01-09 11:30:10.465  1086  1254 I ASH     : @ 967081.267: tcs3701: stop power rail pending_off timer
01-09 11:30:10.465  1086  1254 D ASH     : @ 967081.267: tcs3701: start power rail timer, state:3
01-09 11:30:10.505  1086  1254 I ASH     : @ 967081.307: tcs3701: stop power rail pending_off timer
01-09 11:30:10.505  1086  1254 D ASH     : @ 967081.307: tcs3701: start power rail timer, state:3
01-09 11:30:10.545  1086  1254 I ASH     : @ 967081.347: tcs3701: stop power rail pending_off timer
01-09 11:30:10.545  1086  1254 D ASH     : @ 967081.347: tcs3701: start power rail timer, state:3
01-09 11:30:10.585  1086  1254 I ASH     : @ 967081.387: tcs3701: stop power rail pending_off timer
01-09 11:30:10.585  1086  1254 D ASH     : @ 967081.387: tcs3701: start power rail timer, state:3
01-09 11:30:10.625  1086  1254 I ASH     : @ 967081.427: tcs3701: stop power rail pending_off timer
01-09 11:30:10.625  1086  1254 D ASH     : @ 967081.427: tcs3701: start power rail timer, state:3
01-09 11:30:10.665  1086  1254 I ASH     : @ 967081.467: tcs3701: stop power rail pending_off timer
01-09 11:30:10.665  1086  1254 D ASH     : @ 967081.467: tcs3701: start power rail timer, state:3
01-09 11:30:10.705  1086  1254 I ASH     : @ 967081.507: tcs3701: stop power rail pending_off timer
01-09 11:30:10.705  1086  1254 D ASH     : @ 967081.507: tcs3701: start power rail timer, state:3
01-09 11:30:10.745  1086  1254 I ASH     : @ 967081.547: tcs3701: stop power rail pending_off timer
01-09 11:30:10.745  1086  1254 D ASH     : @ 967081.547: tcs3701: start power rail timer, state:3
01-09 11:30:10.785  1086  1254 I ASH     : @ 967081.587: tcs3701: stop power rail pending_off timer
01-09 11:30:10.785  1086  1254 D ASH     : @ 967081.587: tcs3701: start power rail timer, state:3
01-09 11:30:10.825  1086  1254 I ASH     : @ 967081.627: tcs3701: stop power rail pending_off timer
01-09 11:30:10.825  1086  1254 D ASH     : @ 967081.627: tcs3701: start power rail timer, state:3
01-09 11:30:10.865  1086  1254 I ASH     : @ 967081.667: tcs3701: stop power rail pending_off timer
01-09 11:30:10.865  1086  1254 D ASH     : @ 967081.667: tcs3701: start power rail timer, state:3
01-09 11:30:10.905  1086  1254 I ASH     : @ 967081.707: tcs3701: stop power rail pending_off timer
01-09 11:30:10.905  1086  1254 D ASH     : @ 967081.707: tcs3701: start power rail timer, state:3
01-09 11:30:10.945  1086  1254 I ASH     : @ 967081.747: tcs3701: stop power rail pending_off timer
01-09 11:30:10.945  1086  1254 D ASH     : @ 967081.747: tcs3701: start power rail timer, state:3
01-09 11:30:10.984  1086  1254 I ASH     : @ 967081.787: tcs3701: stop power rail pending_off timer
01-09 11:30:10.985  1086  1254 D ASH     : @ 967081.787: tcs3701: start power rail timer, state:3
01-09 11:30:11.026  1086  1254 I ASH     : @ 967081.827: tcs3701: stop power rail pending_off timer
01-09 11:30:11.026  1086  1254 D ASH     : @ 967081.827: tcs3701: start power rail timer, state:3
01-09 11:30:11.065  1086  1254 I ASH     : @ 967081.867: tcs3701: stop power rail pending_off timer
01-09 11:30:11.065  1086  1254 D ASH     : @ 967081.867: tcs3701: start power rail timer, state:3
01-09 11:30:11.105  1086  1254 I ASH     : @ 967081.907: tcs3701: stop power rail pending_off timer
01-09 11:30:11.105  1086  1254 D ASH     : @ 967081.907: tcs3701: start power rail timer, state:3
01-09 11:30:11.145  1086  1254 I ASH     : @ 967081.947: tcs3701: stop power rail pending_off timer
01-09 11:30:11.145  1086  1254 D ASH     : @ 967081.947: tcs3701: start power rail timer, state:3
01-09 11:30:11.185  1086  1254 I ASH     : @ 967081.987: tcs3701: stop power rail pending_off timer
01-09 11:30:11.185  1086  1254 D ASH     : @ 967081.987: tcs3701: start power rail timer, state:3
01-09 11:30:11.225  1086  1254 I ASH     : @ 967082.027: tcs3701: stop power rail pending_off timer
01-09 11:30:11.225  1086  1254 D ASH     : @ 967082.027: tcs3701: start power rail timer, state:3
01-09 11:30:11.265  1086  1254 I ASH     : @ 967082.067: tcs3701: stop power rail pending_off timer
01-09 11:30:11.265  1086  1254 D ASH     : @ 967082.067: tcs3701: start power rail timer, state:3
01-09 11:30:11.304  1086  1254 I ASH     : @ 967082.107: tcs3701: stop power rail pending_off timer
01-09 11:30:11.305  1086  1254 D ASH     : @ 967082.107: tcs3701: start power rail timer, state:3
01-09 11:30:11.345  1086  1254 I ASH     : @ 967082.147: tcs3701: stop power rail pending_off timer
01-09 11:30:11.345  1086  1254 D ASH     : @ 967082.147: tcs3701: start power rail timer, state:3
01-09 11:30:11.385  1086  1254 I ASH     : @ 967082.187: tcs3701: stop power rail pending_off timer
01-09 11:30:11.385  1086  1254 D ASH     : @ 967082.187: tcs3701: start power rail timer, state:3
01-09 11:30:11.426  1086  1254 I ASH     : @ 967082.227: tcs3701: stop power rail pending_off timer
01-09 11:30:11.426  1086  1254 D ASH     : @ 967082.227: tcs3701: start power rail timer, state:3
01-09 11:30:11.465  1086  1254 I ASH     : @ 967082.267: tcs3701: stop power rail pending_off timer
01-09 11:30:11.465  1086  1254 D ASH     : @ 967082.267: tcs3701: start power rail timer, state:3
01-09 11:30:11.505  1086  1254 I ASH     : @ 967082.307: tcs3701: stop power rail pending_off timer
01-09 11:30:11.505  1086  1254 D ASH     : @ 967082.307: tcs3701: start power rail timer, state:3
01-09 11:30:11.545  1086  1254 I ASH     : @ 967082.347: tcs3701: stop power rail pending_off timer
01-09 11:30:11.545  1086  1254 D ASH     : @ 967082.347: tcs3701: start power rail timer, state:3
01-09 11:30:11.585  1086  1254 I ASH     : @ 967082.387: tcs3701: stop power rail pending_off timer
01-09 11:30:11.585  1086  1254 D ASH     : @ 967082.387: tcs3701: start power rail timer, state:3
01-09 11:30:11.625  1086  1254 I ASH     : @ 967082.427: tcs3701: stop power rail pending_off timer
01-09 11:30:11.625  1086  1254 D ASH     : @ 967082.427: tcs3701: start power rail timer, state:3
01-09 11:30:11.665  1086  1254 I ASH     : @ 967082.467: tcs3701: stop power rail pending_off timer
01-09 11:30:11.665  1086  1254 D ASH     : @ 967082.467: tcs3701: start power rail timer, state:3
01-09 11:30:11.705  1086  1254 I ASH     : @ 967082.507: tcs3701: stop power rail pending_off timer
01-09 11:30:11.705  1086  1254 D ASH     : @ 967082.507: tcs3701: start power rail timer, state:3
01-09 11:30:11.745  1086  1254 I ASH     : @ 967082.547: tcs3701: stop power rail pending_off timer
01-09 11:30:11.745  1086  1254 D ASH     : @ 967082.547: tcs3701: start power rail timer, state:3
01-09 11:30:11.785  1086  1254 I ASH     : @ 967082.587: tcs3701: stop power rail pending_off timer
01-09 11:30:11.785  1086  1254 D ASH     : @ 967082.587: tcs3701: start power rail timer, state:3
01-09 11:30:11.825  1086  1254 I ASH     : @ 967082.627: tcs3701: stop power rail pending_off timer
01-09 11:30:11.826  1086  1254 D ASH     : @ 967082.627: tcs3701: start power rail timer, state:3
01-09 11:30:11.865  1086  1254 I ASH     : @ 967082.667: tcs3701: stop power rail pending_off timer
01-09 11:30:11.865  1086  1254 D ASH     : @ 967082.667: tcs3701: start power rail timer, state:3
01-09 11:30:11.905  1086  1254 I ASH     : @ 967082.707: tcs3701: stop power rail pending_off timer
01-09 11:30:11.905  1086  1254 D ASH     : @ 967082.707: tcs3701: start power rail timer, state:3
01-09 11:30:11.945  1086  1254 I ASH     : @ 967082.747: tcs3701: stop power rail pending_off timer
01-09 11:30:11.945  1086  1254 D ASH     : @ 967082.747: tcs3701: start power rail timer, state:3
01-09 11:30:11.985  1086  1254 I ASH     : @ 967082.787: tcs3701: stop power rail pending_off timer
01-09 11:30:11.985  1086  1254 D ASH     : @ 967082.787: tcs3701: start power rail timer, state:3
01-09 11:30:12.025  1086  1254 I ASH     : @ 967082.827: tcs3701: stop power rail pending_off timer
01-09 11:30:12.025  1086  1254 D ASH     : @ 967082.827: tcs3701: start power rail timer, state:3
01-09 11:30:12.065  1086  1254 I ASH     : @ 967082.867: tcs3701: stop power rail pending_off timer
01-09 11:30:12.065  1086  1254 D ASH     : @ 967082.867: tcs3701: start power rail timer, state:3
01-09 11:30:12.105  1086  1254 I ASH     : @ 967082.907: tcs3701: stop power rail pending_off timer
01-09 11:30:12.105  1086  1254 D ASH     : @ 967082.907: tcs3701: start power rail timer, state:3
01-09 11:30:12.145  1086  1254 I ASH     : @ 967082.947: tcs3701: stop power rail pending_off timer
01-09 11:30:12.145  1086  1254 D ASH     : @ 967082.947: tcs3701: start power rail timer, state:3
01-09 11:30:12.185  1086  1254 I ASH     : @ 967082.987: tcs3701: stop power rail pending_off timer
01-09 11:30:12.185  1086  1254 D ASH     : @ 967082.987: tcs3701: start power rail timer, state:3
01-09 11:30:12.224  1086  1254 I ASH     : @ 967083.027: tcs3701: stop power rail pending_off timer
01-09 11:30:12.225  1086  1254 D ASH     : @ 967083.027: tcs3701: start power rail timer, state:3
01-09 11:30:12.265  1086  1254 I ASH     : @ 967083.067: tcs3701: stop power rail pending_off timer
01-09 11:30:12.265  1086  1254 D ASH     : @ 967083.067: tcs3701: start power rail timer, state:3
01-09 11:30:12.304  1086  1254 I ASH     : @ 967083.107: tcs3701: stop power rail pending_off timer
01-09 11:30:12.305  1086  1254 D ASH     : @ 967083.107: tcs3701: start power rail timer, state:3
01-09 11:30:12.345  1086  1254 I ASH     : @ 967083.147: tcs3701: stop power rail pending_off timer
01-09 11:30:12.345  1086  1254 D ASH     : @ 967083.147: tcs3701: start power rail timer, state:3
01-09 11:30:12.385  1086  1254 I ASH     : @ 967083.187: tcs3701: stop power rail pending_off timer
01-09 11:30:12.385  1086  1254 D ASH     : @ 967083.187: tcs3701: start power rail timer, state:3
01-09 11:30:12.424  1086  1254 I ASH     : @ 967083.227: tcs3701: stop power rail pending_off timer
01-09 11:30:12.425  1086  1254 D ASH     : @ 967083.227: tcs3701: start power rail timer, state:3
01-09 11:30:12.465  1086  1254 I ASH     : @ 967083.267: tcs3701: stop power rail pending_off timer
01-09 11:30:12.465  1086  1254 D ASH     : @ 967083.267: tcs3701: start power rail timer, state:3
01-09 11:30:12.505  1086  1254 I ASH     : @ 967083.307: tcs3701: stop power rail pending_off timer
01-09 11:30:12.505  1086  1254 D ASH     : @ 967083.307: tcs3701: start power rail timer, state:3
01-09 11:30:12.545  1086  1254 I ASH     : @ 967083.347: tcs3701: stop power rail pending_off timer
01-09 11:30:12.545  1086  1254 D ASH     : @ 967083.347: tcs3701: start power rail timer, state:3
01-09 11:30:12.585  1086  1254 I ASH     : @ 967083.387: tcs3701: stop power rail pending_off timer
01-09 11:30:12.585  1086  1254 D ASH     : @ 967083.387: tcs3701: start power rail timer, state:3
01-09 11:30:12.625  1086  1254 I ASH     : @ 967083.427: tcs3701: stop power rail pending_off timer
01-09 11:30:12.625  1086  1254 D ASH     : @ 967083.427: tcs3701: start power rail timer, state:3
01-09 11:30:12.664  1086  1254 I ASH     : @ 967083.467: tcs3701: stop power rail pending_off timer
01-09 11:30:12.665  1086  1254 D ASH     : @ 967083.467: tcs3701: start power rail timer, state:3
01-09 11:30:12.705  1086  1254 I ASH     : @ 967083.507: tcs3701: stop power rail pending_off timer
01-09 11:30:12.705  1086  1254 D ASH     : @ 967083.507: tcs3701: start power rail timer, state:3
01-09 11:30:12.745  1086  1254 I ASH     : @ 967083.547: tcs3701: stop power rail pending_off timer
01-09 11:30:12.745  1086  1254 D ASH     : @ 967083.547: tcs3701: start power rail timer, state:3
01-09 11:30:12.784  1086  1254 I ASH     : @ 967083.587: tcs3701: stop power rail pending_off timer
01-09 11:30:12.785  1086  1254 D ASH     : @ 967083.587: tcs3701: start power rail timer, state:3
01-09 11:30:12.824  1086  1254 I ASH     : @ 967083.627: tcs3701: stop power rail pending_off timer
01-09 11:30:12.825  1086  1254 D ASH     : @ 967083.627: tcs3701: start power rail timer, state:3
01-09 11:30:12.865  1086  1254 I ASH     : @ 967083.667: tcs3701: stop power rail pending_off timer
01-09 11:30:12.865  1086  1254 D ASH     : @ 967083.667: tcs3701: start power rail timer, state:3
01-09 11:30:12.905  1086  1254 I ASH     : @ 967083.707: tcs3701: stop power rail pending_off timer
01-09 11:30:12.905  1086  1254 D ASH     : @ 967083.707: tcs3701: start power rail timer, state:3
01-09 11:30:12.945  1086  1254 I ASH     : @ 967083.747: tcs3701: stop power rail pending_off timer
01-09 11:30:12.945  1086  1254 D ASH     : @ 967083.747: tcs3701: start power rail timer, state:3
01-09 11:30:12.985  1086  1254 I ASH     : @ 967083.787: tcs3701: stop power rail pending_off timer
01-09 11:30:12.985  1086  1254 D ASH     : @ 967083.787: tcs3701: start power rail timer, state:3
01-09 11:30:13.025  1086  1254 I ASH     : @ 967083.827: tcs3701: stop power rail pending_off timer
01-09 11:30:13.025  1086  1254 D ASH     : @ 967083.827: tcs3701: start power rail timer, state:3
01-09 11:30:13.065  1086  1254 I ASH     : @ 967083.867: tcs3701: stop power rail pending_off timer
01-09 11:30:13.065  1086  1254 D ASH     : @ 967083.867: tcs3701: start power rail timer, state:3
01-09 11:30:13.105  1086  1254 I ASH     : @ 967083.907: tcs3701: stop power rail pending_off timer
01-09 11:30:13.105  1086  1254 D ASH     : @ 967083.907: tcs3701: start power rail timer, state:3
01-09 11:30:13.144  1086  1254 I ASH     : @ 967083.947: tcs3701: stop power rail pending_off timer
01-09 11:30:13.145  1086  1254 D ASH     : @ 967083.947: tcs3701: start power rail timer, state:3
01-09 11:30:13.185  1086  1254 I ASH     : @ 967083.987: tcs3701: stop power rail pending_off timer
01-09 11:30:13.185  1086  1254 D ASH     : @ 967083.987: tcs3701: start power rail timer, state:3
01-09 11:30:13.225  1086  1254 I ASH     : @ 967084.027: tcs3701: stop power rail pending_off timer
01-09 11:30:13.225  1086  1254 D ASH     : @ 967084.027: tcs3701: start power rail timer, state:3
01-09 11:30:13.264  1086  1254 I ASH     : @ 967084.067: tcs3701: stop power rail pending_off timer
01-09 11:30:13.265  1086  1254 D ASH     : @ 967084.067: tcs3701: start power rail timer, state:3
01-09 11:30:13.305  1086  1254 I ASH     : @ 967084.107: tcs3701: stop power rail pending_off timer
01-09 11:30:13.305  1086  1254 D ASH     : @ 967084.107: tcs3701: start power rail timer, state:3
01-09 11:30:13.345  1086  1254 I ASH     : @ 967084.147: tcs3701: stop power rail pending_off timer
01-09 11:30:13.345  1086  1254 D ASH     : @ 967084.147: tcs3701: start power rail timer, state:3
01-09 11:30:13.385  1086  1254 I ASH     : @ 967084.187: tcs3701: stop power rail pending_off timer
01-09 11:30:13.385  1086  1254 D ASH     : @ 967084.187: tcs3701: start power rail timer, state:3
01-09 11:30:13.425  1086  1254 I ASH     : @ 967084.227: tcs3701: stop power rail pending_off timer
01-09 11:30:13.425  1086  1254 D ASH     : @ 967084.227: tcs3701: start power rail timer, state:3
01-09 11:30:13.465  1086  1254 I ASH     : @ 967084.267: tcs3701: stop power rail pending_off timer
01-09 11:30:13.465  1086  1254 D ASH     : @ 967084.267: tcs3701: start power rail timer, state:3
01-09 11:30:13.505  1086  1254 I ASH     : @ 967084.307: tcs3701: stop power rail pending_off timer
01-09 11:30:13.505  1086  1254 D ASH     : @ 967084.307: tcs3701: start power rail timer, state:3
01-09 11:30:13.544  1086  1254 I ASH     : @ 967084.347: tcs3701: stop power rail pending_off timer
01-09 11:30:13.545  1086  1254 D ASH     : @ 967084.347: tcs3701: start power rail timer, state:3
01-09 11:30:13.585  1086  1254 I ASH     : @ 967084.387: tcs3701: stop power rail pending_off timer
01-09 11:30:13.585  1086  1254 D ASH     : @ 967084.387: tcs3701: start power rail timer, state:3
01-09 11:30:13.625  1086  1254 I ASH     : @ 967084.427: tcs3701: stop power rail pending_off timer
01-09 11:30:13.625  1086  1254 D ASH     : @ 967084.427: tcs3701: start power rail timer, state:3
01-09 11:30:13.665  1086  1254 I ASH     : @ 967084.467: tcs3701: stop power rail pending_off timer
01-09 11:30:13.665  1086  1254 D ASH     : @ 967084.467: tcs3701: start power rail timer, state:3
01-09 11:30:13.705  1086  1254 I ASH     : @ 967084.507: tcs3701: stop power rail pending_off timer
01-09 11:30:13.705  1086  1254 D ASH     : @ 967084.507: tcs3701: start power rail timer, state:3
01-09 11:30:13.745  1086  1254 I ASH     : @ 967084.547: tcs3701: stop power rail pending_off timer
01-09 11:30:13.745  1086  1254 D ASH     : @ 967084.547: tcs3701: start power rail timer, state:3
01-09 11:30:13.785  1086  1254 I ASH     : @ 967084.587: tcs3701: stop power rail pending_off timer
01-09 11:30:13.785  1086  1254 D ASH     : @ 967084.587: tcs3701: start power rail timer, state:3
01-09 11:30:13.827  1086  1254 I ASH     : @ 967084.627: tcs3701: stop power rail pending_off timer
01-09 11:30:13.827  1086  1254 D ASH     : @ 967084.627: tcs3701: start power rail timer, state:3
01-09 11:30:13.865  1086  1254 I ASH     : @ 967084.667: tcs3701: stop power rail pending_off timer
01-09 11:30:13.865  1086  1254 D ASH     : @ 967084.667: tcs3701: start power rail timer, state:3
01-09 11:30:13.905  1086  1254 I ASH     : @ 967084.707: tcs3701: stop power rail pending_off timer
01-09 11:30:13.905  1086  1254 D ASH     : @ 967084.707: tcs3701: start power rail timer, state:3
01-09 11:30:13.945  1086  1254 I ASH     : @ 967084.747: tcs3701: stop power rail pending_off timer
01-09 11:30:13.945  1086  1254 D ASH     : @ 967084.747: tcs3701: start power rail timer, state:3
01-09 11:30:13.985  1086  1254 I ASH     : @ 967084.787: tcs3701: stop power rail pending_off timer
01-09 11:30:13.985  1086  1254 D ASH     : @ 967084.787: tcs3701: start power rail timer, state:3
01-09 11:30:14.025  1086  1254 I ASH     : @ 967084.827: tcs3701: stop power rail pending_off timer
01-09 11:30:14.025  1086  1254 D ASH     : @ 967084.827: tcs3701: start power rail timer, state:3
01-09 11:30:14.065  1086  1254 I ASH     : @ 967084.867: tcs3701: stop power rail pending_off timer
01-09 11:30:14.065  1086  1254 D ASH     : @ 967084.867: tcs3701: start power rail timer, state:3
01-09 11:30:14.104  1086  1254 I ASH     : @ 967084.907: tcs3701: stop power rail pending_off timer
01-09 11:30:14.105  1086  1254 D ASH     : @ 967084.907: tcs3701: start power rail timer, state:3
01-09 11:30:14.145  1086  1254 I ASH     : @ 967084.947: tcs3701: stop power rail pending_off timer
01-09 11:30:14.145  1086  1254 D ASH     : @ 967084.947: tcs3701: start power rail timer, state:3
01-09 11:30:14.185  1086  1254 I ASH     : @ 967084.987: tcs3701: stop power rail pending_off timer
01-09 11:30:14.185  1086  1254 D ASH     : @ 967084.987: tcs3701: start power rail timer, state:3
01-09 11:30:14.225  1086  1254 I ASH     : @ 967085.027: tcs3701: stop power rail pending_off timer
01-09 11:30:14.225  1086  1254 D ASH     : @ 967085.027: tcs3701: start power rail timer, state:3
01-09 11:30:14.264  1086  1254 I ASH     : @ 967085.067: tcs3701: stop power rail pending_off timer
01-09 11:30:14.265  1086  1254 D ASH     : @ 967085.067: tcs3701: start power rail timer, state:3
01-09 11:30:14.304  1086  1254 I ASH     : @ 967085.107: tcs3701: stop power rail pending_off timer
01-09 11:30:14.305  1086  1254 D ASH     : @ 967085.107: tcs3701: start power rail timer, state:3
01-09 11:30:14.345  1086  1254 I ASH     : @ 967085.147: tcs3701: stop power rail pending_off timer
01-09 11:30:14.345  1086  1254 D ASH     : @ 967085.147: tcs3701: start power rail timer, state:3
01-09 11:30:14.385  1086  1254 I ASH     : @ 967085.187: tcs3701: stop power rail pending_off timer
01-09 11:30:14.385  1086  1254 D ASH     : @ 967085.187: tcs3701: start power rail timer, state:3
01-09 11:30:14.425  1086  1254 I ASH     : @ 967085.227: tcs3701: stop power rail pending_off timer
01-09 11:30:14.425  1086  1254 D ASH     : @ 967085.227: tcs3701: start power rail timer, state:3
01-09 11:30:14.465  1086  1254 I ASH     : @ 967085.267: tcs3701: stop power rail pending_off timer
01-09 11:30:14.465  1086  1254 D ASH     : @ 967085.267: tcs3701: start power rail timer, state:3
01-09 11:30:14.504  1086  1254 I ASH     : @ 967085.307: tcs3701: stop power rail pending_off timer
01-09 11:30:14.505  1086  1254 D ASH     : @ 967085.307: tcs3701: start power rail timer, state:3
01-09 11:30:14.545  1086  1254 I ASH     : @ 967085.347: tcs3701: stop power rail pending_off timer
01-09 11:30:14.545  1086  1254 D ASH     : @ 967085.347: tcs3701: start power rail timer, state:3
01-09 11:30:14.585  1086  1254 I ASH     : @ 967085.387: tcs3701: stop power rail pending_off timer
01-09 11:30:14.585  1086  1254 D ASH     : @ 967085.387: tcs3701: start power rail timer, state:3
01-09 11:30:14.625  1086  1254 I ASH     : @ 967085.427: tcs3701: stop power rail pending_off timer
01-09 11:30:14.625  1086  1254 D ASH     : @ 967085.427: tcs3701: start power rail timer, state:3
01-09 11:30:14.664  1086  1254 I ASH     : @ 967085.467: tcs3701: stop power rail pending_off timer
01-09 11:30:14.665  1086  1254 D ASH     : @ 967085.467: tcs3701: start power rail timer, state:3
01-09 11:30:14.705  1086  1254 I ASH     : @ 967085.507: tcs3701: stop power rail pending_off timer
01-09 11:30:14.705  1086  1254 D ASH     : @ 967085.507: tcs3701: start power rail timer, state:3
01-09 11:30:14.745  1086  1254 I ASH     : @ 967085.547: tcs3701: stop power rail pending_off timer
01-09 11:30:14.745  1086  1254 D ASH     : @ 967085.547: tcs3701: start power rail timer, state:3
01-09 11:30:14.785  1086  1254 I ASH     : @ 967085.587: tcs3701: stop power rail pending_off timer
01-09 11:30:14.785  1086  1254 D ASH     : @ 967085.587: tcs3701: start power rail timer, state:3
01-09 11:30:14.825  1086  1254 I ASH     : @ 967085.627: tcs3701: stop power rail pending_off timer
01-09 11:30:14.825  1086  1254 D ASH     : @ 967085.627: tcs3701: start power rail timer, state:3
01-09 11:30:14.865  1086  1254 I ASH     : @ 967085.667: tcs3701: stop power rail pending_off timer
01-09 11:30:14.865  1086  1254 D ASH     : @ 967085.667: tcs3701: start power rail timer, state:3
01-09 11:30:14.905  1086  1254 I ASH     : @ 967085.707: tcs3701: stop power rail pending_off timer
01-09 11:30:14.905  1086  1254 D ASH     : @ 967085.707: tcs3701: start power rail timer, state:3
01-09 11:30:14.944  1086  1254 I ASH     : @ 967085.747: tcs3701: stop power rail pending_off timer
01-09 11:30:14.945  1086  1254 D ASH     : @ 967085.747: tcs3701: start power rail timer, state:3
01-09 11:30:14.985  1086  1254 I ASH     : @ 967085.787: tcs3701: stop power rail pending_off timer
01-09 11:30:14.985  1086  1254 D ASH     : @ 967085.787: tcs3701: start power rail timer, state:3
01-09 11:30:15.024  1086  1254 I ASH     : @ 967085.827: tcs3701: stop power rail pending_off timer
01-09 11:30:15.025  1086  1254 D ASH     : @ 967085.827: tcs3701: start power rail timer, state:3
01-09 11:30:15.065  1086  1254 I ASH     : @ 967085.867: tcs3701: stop power rail pending_off timer
01-09 11:30:15.065  1086  1254 D ASH     : @ 967085.867: tcs3701: start power rail timer, state:3
01-09 11:30:15.105  1086  1254 I ASH     : @ 967085.907: tcs3701: stop power rail pending_off timer
01-09 11:30:15.105  1086  1254 D ASH     : @ 967085.907: tcs3701: start power rail timer, state:3
01-09 11:30:15.145  1086  1254 I ASH     : @ 967085.947: tcs3701: stop power rail pending_off timer
01-09 11:30:15.145  1086  1254 D ASH     : @ 967085.947: tcs3701: start power rail timer, state:3
01-09 11:30:15.185  1086  1254 I ASH     : @ 967085.987: tcs3701: stop power rail pending_off timer
01-09 11:30:15.185  1086  1254 D ASH     : @ 967085.987: tcs3701: start power rail timer, state:3
01-09 11:30:15.225  1086  1254 I ASH     : @ 967086.027: tcs3701: stop power rail pending_off timer
01-09 11:30:15.225  1086  1254 D ASH     : @ 967086.027: tcs3701: start power rail timer, state:3
01-09 11:30:15.265  1086  1254 I ASH     : @ 967086.067: tcs3701: stop power rail pending_off timer
01-09 11:30:15.265  1086  1254 D ASH     : @ 967086.067: tcs3701: start power rail timer, state:3
01-09 11:30:15.305  1086  1254 I ASH     : @ 967086.107: tcs3701: stop power rail pending_off timer
01-09 11:30:15.305  1086  1254 D ASH     : @ 967086.107: tcs3701: start power rail timer, state:3
01-09 11:30:15.345  1086  1254 I ASH     : @ 967086.147: tcs3701: stop power rail pending_off timer
01-09 11:30:15.345  1086  1254 D ASH     : @ 967086.147: tcs3701: start power rail timer, state:3
01-09 11:30:15.385  1086  1254 I ASH     : @ 967086.187: tcs3701: stop power rail pending_off timer
01-09 11:30:15.385  1086  1254 D ASH     : @ 967086.187: tcs3701: start power rail timer, state:3
01-09 11:30:15.425  1086  1254 I ASH     : @ 967086.227: tcs3701: stop power rail pending_off timer
01-09 11:30:15.425  1086  1254 D ASH     : @ 967086.227: tcs3701: start power rail timer, state:3
01-09 11:30:15.465  1086  1254 I ASH     : @ 967086.267: tcs3701: stop power rail pending_off timer
01-09 11:30:15.465  1086  1254 D ASH     : @ 967086.267: tcs3701: start power rail timer, state:3
01-09 11:30:15.505  1086  1254 I ASH     : @ 967086.307: tcs3701: stop power rail pending_off timer
01-09 11:30:15.505  1086  1254 D ASH     : @ 967086.307: tcs3701: start power rail timer, state:3
01-09 11:30:15.545  1086  1254 I ASH     : @ 967086.347: tcs3701: stop power rail pending_off timer
01-09 11:30:15.545  1086  1254 D ASH     : @ 967086.347: tcs3701: start power rail timer, state:3
01-09 11:30:15.585  1086  1254 I ASH     : @ 967086.387: tcs3701: stop power rail pending_off timer
01-09 11:30:15.585  1086  1254 D ASH     : @ 967086.387: tcs3701: start power rail timer, state:3
01-09 11:30:15.625  1086  1254 I ASH     : @ 967086.427: tcs3701: stop power rail pending_off timer
01-09 11:30:15.625  1086  1254 D ASH     : @ 967086.427: tcs3701: start power rail timer, state:3
01-09 11:30:15.626 25993 26012 I Unity   : [showcase] frame cost — scene typography at 2340x1080 over 240 frames — tick 0.15 ms, draw mean 0.33 p50 0.34 p95 0.40 max 0.49 ms (2082.5 fps if unpaced)
01-09 11:30:15.626 25993 26012 I Unity   : UnityEngine.DebugLogHandler:Internal_Log(LogType, LogOption, String, Object)
01-09 11:30:15.626 25993 26012 I Unity   : Driftsys.Dashscene.Samples.DashsceneShowcase:Update()
01-09 11:30:15.626 25993 26012 I Unity   : 
01-09 11:30:15.665  1086  1254 I ASH     : @ 967086.467: tcs3701: stop power rail pending_off timer
01-09 11:30:15.665  1086  1254 D ASH     : @ 967086.467: tcs3701: start power rail timer, state:3
01-09 11:30:15.705  1086  1254 I ASH     : @ 967086.507: tcs3701: stop power rail pending_off timer
01-09 11:30:15.705  1086  1254 D ASH     : @ 967086.507: tcs3701: start power rail timer, state:3
01-09 11:30:15.745  1086  1254 I ASH     : @ 967086.547: tcs3701: stop power rail pending_off timer
01-09 11:30:15.745  1086  1254 D ASH     : @ 967086.547: tcs3701: start power rail timer, state:3
01-09 11:30:15.785  1086  1254 I ASH     : @ 967086.587: tcs3701: stop power rail pending_off timer
01-09 11:30:15.785  1086  1254 D ASH     : @ 967086.587: tcs3701: start power rail timer, state:3
01-09 11:30:15.824  1086  1254 I ASH     : @ 967086.627: tcs3701: stop power rail pending_off timer
01-09 11:30:15.825  1086  1254 D ASH     : @ 967086.627: tcs3701: start power rail timer, state:3
01-09 11:30:15.865  1086  1254 I ASH     : @ 967086.667: tcs3701: stop power rail pending_off timer
01-09 11:30:15.865  1086  1254 D ASH     : @ 967086.667: tcs3701: start power rail timer, state:3
01-09 11:30:15.905  1086  1254 I ASH     : @ 967086.707: tcs3701: stop power rail pending_off timer
01-09 11:30:15.905  1086  1254 D ASH     : @ 967086.707: tcs3701: start power rail timer, state:3
01-09 11:30:15.945  1086  1254 I ASH     : @ 967086.747: tcs3701: stop power rail pending_off timer
01-09 11:30:15.945  1086  1254 D ASH     : @ 967086.747: tcs3701: start power rail timer, state:3
01-09 11:30:15.985  1086  1254 I ASH     : @ 967086.787: tcs3701: stop power rail pending_off timer
01-09 11:30:15.985  1086  1254 D ASH     : @ 967086.787: tcs3701: start power rail timer, state:3
01-09 11:30:16.025  1086  1254 I ASH     : @ 967086.827: tcs3701: stop power rail pending_off timer
01-09 11:30:16.025  1086  1254 D ASH     : @ 967086.827: tcs3701: start power rail timer, state:3
01-09 11:30:16.065  1086  1254 I ASH     : @ 967086.867: tcs3701: stop power rail pending_off timer
01-09 11:30:16.065  1086  1254 D ASH     : @ 967086.867: tcs3701: start power rail timer, state:3
01-09 11:30:16.105  1086  1254 I ASH     : @ 967086.907: tcs3701: stop power rail pending_off timer
01-09 11:30:16.105  1086  1254 D ASH     : @ 967086.907: tcs3701: start power rail timer, state:3
01-09 11:30:16.145  1086  1254 I ASH     : @ 967086.947: tcs3701: stop power rail pending_off timer
01-09 11:30:16.145  1086  1254 D ASH     : @ 967086.947: tcs3701: start power rail timer, state:3
01-09 11:30:16.185  1086  1254 I ASH     : @ 967086.987: tcs3701: stop power rail pending_off timer
01-09 11:30:16.185  1086  1254 D ASH     : @ 967086.987: tcs3701: start power rail timer, state:3
01-09 11:30:16.225  1086  1254 I ASH     : @ 967087.027: tcs3701: stop power rail pending_off timer
01-09 11:30:16.225  1086  1254 D ASH     : @ 967087.027: tcs3701: start power rail timer, state:3
01-09 11:30:16.264  1086  1254 I ASH     : @ 967087.067: tcs3701: stop power rail pending_off timer
01-09 11:30:16.265  1086  1254 D ASH     : @ 967087.067: tcs3701: start power rail timer, state:3
01-09 11:30:16.304  1086  1254 I ASH     : @ 967087.107: tcs3701: stop power rail pending_off timer
01-09 11:30:16.305  1086  1254 D ASH     : @ 967087.107: tcs3701: start power rail timer, state:3
01-09 11:30:16.345  1086  1254 I ASH     : @ 967087.147: tcs3701: stop power rail pending_off timer
01-09 11:30:16.345  1086  1254 D ASH     : @ 967087.147: tcs3701: start power rail timer, state:3
01-09 11:30:16.385  1086  1254 I ASH     : @ 967087.187: tcs3701: stop power rail pending_off timer
01-09 11:30:16.385  1086  1254 D ASH     : @ 967087.187: tcs3701: start power rail timer, state:3
01-09 11:30:16.424  1086  1254 I ASH     : @ 967087.227: tcs3701: stop power rail pending_off timer
01-09 11:30:16.425  1086  1254 D ASH     : @ 967087.227: tcs3701: start power rail timer, state:3
01-09 11:30:16.465  1086  1254 I ASH     : @ 967087.267: tcs3701: stop power rail pending_off timer
01-09 11:30:16.465  1086  1254 D ASH     : @ 967087.267: tcs3701: start power rail timer, state:3
01-09 11:30:16.505  1086  1254 I ASH     : @ 967087.307: tcs3701: stop power rail pending_off timer
01-09 11:30:16.505  1086  1254 D ASH     : @ 967087.307: tcs3701: start power rail timer, state:3
01-09 11:30:16.544  1086  1254 I ASH     : @ 967087.347: tcs3701: stop power rail pending_off timer
01-09 11:30:16.545  1086  1254 D ASH     : @ 967087.347: tcs3701: start power rail timer, state:3
01-09 11:30:16.585  1086  1254 I ASH     : @ 967087.387: tcs3701: stop power rail pending_off timer
01-09 11:30:16.585  1086  1254 D ASH     : @ 967087.387: tcs3701: start power rail timer, state:3
01-09 11:30:16.625  1086  1254 I ASH     : @ 967087.427: tcs3701: stop power rail pending_off timer
01-09 11:30:16.625  1086  1254 D ASH     : @ 967087.427: tcs3701: start power rail timer, state:3
01-09 11:30:16.665  1086  1254 I ASH     : @ 967087.467: tcs3701: stop power rail pending_off timer
01-09 11:30:16.665  1086  1254 D ASH     : @ 967087.467: tcs3701: start power rail timer, state:3
01-09 11:30:16.705  1086  1254 I ASH     : @ 967087.507: tcs3701: stop power rail pending_off timer
01-09 11:30:16.705  1086  1254 D ASH     : @ 967087.507: tcs3701: start power rail timer, state:3
01-09 11:30:16.745  1086  1254 I ASH     : @ 967087.547: tcs3701: stop power rail pending_off timer
01-09 11:30:16.745  1086  1254 D ASH     : @ 967087.547: tcs3701: start power rail timer, state:3
01-09 11:30:16.785  1086  1254 I ASH     : @ 967087.587: tcs3701: stop power rail pending_off timer
01-09 11:30:16.785  1086  1254 D ASH     : @ 967087.587: tcs3701: start power rail timer, state:3
01-09 11:30:16.825  1086  1254 I ASH     : @ 967087.627: tcs3701: stop power rail pending_off timer
01-09 11:30:16.825  1086  1254 D ASH     : @ 967087.627: tcs3701: start power rail timer, state:3
01-09 11:30:16.865  1086  1254 I ASH     : @ 967087.667: tcs3701: stop power rail pending_off timer
01-09 11:30:16.865  1086  1254 D ASH     : @ 967087.667: tcs3701: start power rail timer, state:3
01-09 11:30:16.905  1086  1254 I ASH     : @ 967087.707: tcs3701: stop power rail pending_off timer
01-09 11:30:16.905  1086  1254 D ASH     : @ 967087.707: tcs3701: start power rail timer, state:3
01-09 11:30:16.945  1086  1254 I ASH     : @ 967087.747: tcs3701: stop power rail pending_off timer
01-09 11:30:16.945  1086  1254 D ASH     : @ 967087.747: tcs3701: start power rail timer, state:3
01-09 11:30:16.985  1086  1254 I ASH     : @ 967087.787: tcs3701: stop power rail pending_off timer
01-09 11:30:16.985  1086  1254 D ASH     : @ 967087.787: tcs3701: start power rail timer, state:3
01-09 11:30:17.024  1086  1254 I ASH     : @ 967087.827: tcs3701: stop power rail pending_off timer
01-09 11:30:17.025  1086  1254 D ASH     : @ 967087.827: tcs3701: start power rail timer, state:3
01-09 11:30:17.065  1086  1254 I ASH     : @ 967087.867: tcs3701: stop power rail pending_off timer
01-09 11:30:17.065  1086  1254 D ASH     : @ 967087.867: tcs3701: start power rail timer, state:3
01-09 11:30:17.105  1086  1254 I ASH     : @ 967087.907: tcs3701: stop power rail pending_off timer
01-09 11:30:17.105  1086  1254 D ASH     : @ 967087.907: tcs3701: start power rail timer, state:3
01-09 11:30:17.145  1086  1254 I ASH     : @ 967087.947: tcs3701: stop power rail pending_off timer
01-09 11:30:17.145  1086  1254 D ASH     : @ 967087.947: tcs3701: start power rail timer, state:3
01-09 11:30:17.185  1086  1254 I ASH     : @ 967087.987: tcs3701: stop power rail pending_off timer
01-09 11:30:17.185  1086  1254 D ASH     : @ 967087.987: tcs3701: start power rail timer, state:3
01-09 11:30:17.225  1086  1254 I ASH     : @ 967088.027: tcs3701: stop power rail pending_off timer
01-09 11:30:17.225  1086  1254 D ASH     : @ 967088.027: tcs3701: start power rail timer, state:3
01-09 11:30:17.265  1086  1254 I ASH     : @ 967088.067: tcs3701: stop power rail pending_off timer
01-09 11:30:17.265  1086  1254 D ASH     : @ 967088.067: tcs3701: start power rail timer, state:3
01-09 11:30:17.304  1086  1254 I ASH     : @ 967088.107: tcs3701: stop power rail pending_off timer
01-09 11:30:17.305  1086  1254 D ASH     : @ 967088.107: tcs3701: start power rail timer, state:3
01-09 11:30:17.345  1086  1254 I ASH     : @ 967088.147: tcs3701: stop power rail pending_off timer
01-09 11:30:17.345  1086  1254 D ASH     : @ 967088.147: tcs3701: start power rail timer, state:3
01-09 11:30:17.385  1086  1254 I ASH     : @ 967088.187: tcs3701: stop power rail pending_off timer
01-09 11:30:17.385  1086  1254 D ASH     : @ 967088.187: tcs3701: start power rail timer, state:3
01-09 11:30:17.425  1086  1254 I ASH     : @ 967088.227: tcs3701: stop power rail pending_off timer
01-09 11:30:17.425  1086  1254 D ASH     : @ 967088.227: tcs3701: start power rail timer, state:3
01-09 11:30:17.465  1086  1254 I ASH     : @ 967088.267: tcs3701: stop power rail pending_off timer
01-09 11:30:17.465  1086  1254 D ASH     : @ 967088.267: tcs3701: start power rail timer, state:3
01-09 11:30:17.505  1086  1254 I ASH     : @ 967088.307: tcs3701: stop power rail pending_off timer
01-09 11:30:17.505  1086  1254 D ASH     : @ 967088.307: tcs3701: start power rail timer, state:3
01-09 11:30:17.545  1086  1254 I ASH     : @ 967088.347: tcs3701: stop power rail pending_off timer
01-09 11:30:17.545  1086  1254 D ASH     : @ 967088.347: tcs3701: start power rail timer, state:3
01-09 11:30:17.585  1086  1254 I ASH     : @ 967088.387: tcs3701: stop power rail pending_off timer
01-09 11:30:17.585  1086  1254 D ASH     : @ 967088.387: tcs3701: start power rail timer, state:3
01-09 11:30:17.624  1086  1254 I ASH     : @ 967088.427: tcs3701: stop power rail pending_off timer
01-09 11:30:17.625  1086  1254 D ASH     : @ 967088.427: tcs3701: start power rail timer, state:3
01-09 11:30:17.665  1086  1254 I ASH     : @ 967088.467: tcs3701: stop power rail pending_off timer
01-09 11:30:17.665  1086  1254 D ASH     : @ 967088.467: tcs3701: start power rail timer, state:3
01-09 11:30:17.704  1086  1254 I ASH     : @ 967088.507: tcs3701: stop power rail pending_off timer
01-09 11:30:17.705  1086  1254 D ASH     : @ 967088.507: tcs3701: start power rail timer, state:3
01-09 11:30:17.745  1086  1254 I ASH     : @ 967088.547: tcs3701: stop power rail pending_off timer
01-09 11:30:17.745  1086  1254 D ASH     : @ 967088.547: tcs3701: start power rail timer, state:3
01-09 11:30:17.785  1086  1254 I ASH     : @ 967088.587: tcs3701: stop power rail pending_off timer
01-09 11:30:17.785  1086  1254 D ASH     : @ 967088.587: tcs3701: start power rail timer, state:3
01-09 11:30:17.825  1086  1254 I ASH     : @ 967088.627: tcs3701: stop power rail pending_off timer
01-09 11:30:17.825  1086  1254 D ASH     : @ 967088.627: tcs3701: start power rail timer, state:3
01-09 11:30:17.865  1086  1254 I ASH     : @ 967088.667: tcs3701: stop power rail pending_off timer
01-09 11:30:17.865  1086  1254 D ASH     : @ 967088.667: tcs3701: start power rail timer, state:3
01-09 11:30:17.905  1086  1254 I ASH     : @ 967088.707: tcs3701: stop power rail pending_off timer
01-09 11:30:17.905  1086  1254 D ASH     : @ 967088.707: tcs3701: start power rail timer, state:3
01-09 11:30:17.945  1086  1254 I ASH     : @ 967088.747: tcs3701: stop power rail pending_off timer
01-09 11:30:17.945  1086  1254 D ASH     : @ 967088.747: tcs3701: start power rail timer, state:3
01-09 11:30:17.984  1086  1254 I ASH     : @ 967088.787: tcs3701: stop power rail pending_off timer
01-09 11:30:17.985  1086  1254 D ASH     : @ 967088.787: tcs3701: start power rail timer, state:3
01-09 11:30:18.025  1086  1254 I ASH     : @ 967088.827: tcs3701: stop power rail pending_off timer
01-09 11:30:18.025  1086  1254 D ASH     : @ 967088.827: tcs3701: start power rail timer, state:3
01-09 11:30:18.065  1086  1254 I ASH     : @ 967088.867: tcs3701: stop power rail pending_off timer
01-09 11:30:18.065  1086  1254 D ASH     : @ 967088.867: tcs3701: start power rail timer, state:3
01-09 11:30:18.105  1086  1254 I ASH     : @ 967088.907: tcs3701: stop power rail pending_off timer
01-09 11:30:18.105  1086  1254 D ASH     : @ 967088.907: tcs3701: start power rail timer, state:3
01-09 11:30:18.145  1086  1254 I ASH     : @ 967088.947: tcs3701: stop power rail pending_off timer
01-09 11:30:18.145  1086  1254 D ASH     : @ 967088.947: tcs3701: start power rail timer, state:3
01-09 11:30:18.185  1086  1254 I ASH     : @ 967088.987: tcs3701: stop power rail pending_off timer
01-09 11:30:18.185  1086  1254 D ASH     : @ 967088.987: tcs3701: start power rail timer, state:3
01-09 11:30:18.225  1086  1254 I ASH     : @ 967089.027: tcs3701: stop power rail pending_off timer
01-09 11:30:18.225  1086  1254 D ASH     : @ 967089.027: tcs3701: start power rail timer, state:3
01-09 11:30:18.265  1086  1254 I ASH     : @ 967089.067: tcs3701: stop power rail pending_off timer
01-09 11:30:18.265  1086  1254 D ASH     : @ 967089.067: tcs3701: start power rail timer, state:3
01-09 11:30:18.305  1086  1254 I ASH     : @ 967089.107: tcs3701: stop power rail pending_off timer
01-09 11:30:18.305  1086  1254 D ASH     : @ 967089.107: tcs3701: start power rail timer, state:3
01-09 11:30:18.345  1086  1254 I ASH     : @ 967089.147: tcs3701: stop power rail pending_off timer
01-09 11:30:18.345  1086  1254 D ASH     : @ 967089.147: tcs3701: start power rail timer, state:3
01-09 11:30:18.384  1086  1254 I ASH     : @ 967089.187: tcs3701: stop power rail pending_off timer
01-09 11:30:18.385  1086  1254 D ASH     : @ 967089.187: tcs3701: start power rail timer, state:3
01-09 11:30:18.425  1086  1254 I ASH     : @ 967089.227: tcs3701: stop power rail pending_off timer
01-09 11:30:18.425  1086  1254 D ASH     : @ 967089.227: tcs3701: start power rail timer, state:3
01-09 11:30:18.465  1086  1254 I ASH     : @ 967089.267: tcs3701: stop power rail pending_off timer
01-09 11:30:18.465  1086  1254 D ASH     : @ 967089.267: tcs3701: start power rail timer, state:3
01-09 11:30:18.505  1086  1254 I ASH     : @ 967089.307: tcs3701: stop power rail pending_off timer
01-09 11:30:18.505  1086  1254 D ASH     : @ 967089.307: tcs3701: start power rail timer, state:3
01-09 11:30:18.544  1086  1254 I ASH     : @ 967089.347: tcs3701: stop power rail pending_off timer
01-09 11:30:18.545  1086  1254 D ASH     : @ 967089.347: tcs3701: start power rail timer, state:3
01-09 11:30:18.585  1086  1254 I ASH     : @ 967089.387: tcs3701: stop power rail pending_off timer
01-09 11:30:18.585  1086  1254 D ASH     : @ 967089.387: tcs3701: start power rail timer, state:3
01-09 11:30:18.625  1086  1254 I ASH     : @ 967089.427: tcs3701: stop power rail pending_off timer
01-09 11:30:18.625  1086  1254 D ASH     : @ 967089.427: tcs3701: start power rail timer, state:3
01-09 11:30:18.665  1086  1254 I ASH     : @ 967089.467: tcs3701: stop power rail pending_off timer
01-09 11:30:18.665  1086  1254 D ASH     : @ 967089.467: tcs3701: start power rail timer, state:3
01-09 11:30:18.705  1086  1254 I ASH     : @ 967089.507: tcs3701: stop power rail pending_off timer
01-09 11:30:18.705  1086  1254 D ASH     : @ 967089.507: tcs3701: start power rail timer, state:3
01-09 11:30:18.745  1086  1254 I ASH     : @ 967089.547: tcs3701: stop power rail pending_off timer
01-09 11:30:18.745  1086  1254 D ASH     : @ 967089.547: tcs3701: start power rail timer, state:3
01-09 11:30:18.785  1086  1254 I ASH     : @ 967089.587: tcs3701: stop power rail pending_off timer
01-09 11:30:18.785  1086  1254 D ASH     : @ 967089.587: tcs3701: start power rail timer, state:3
01-09 11:30:18.825  1086  1254 I ASH     : @ 967089.627: tcs3701: stop power rail pending_off timer
01-09 11:30:18.825  1086  1254 D ASH     : @ 967089.627: tcs3701: start power rail timer, state:3
01-09 11:30:18.865  1086  1254 I ASH     : @ 967089.667: tcs3701: stop power rail pending_off timer
01-09 11:30:18.865  1086  1254 D ASH     : @ 967089.667: tcs3701: start power rail timer, state:3
01-09 11:30:18.905  1086  1254 I ASH     : @ 967089.707: tcs3701: stop power rail pending_off timer
01-09 11:30:18.905  1086  1254 D ASH     : @ 967089.707: tcs3701: start power rail timer, state:3
01-09 11:30:18.944  1086  1254 I ASH     : @ 967089.747: tcs3701: stop power rail pending_off timer
01-09 11:30:18.945  1086  1254 D ASH     : @ 967089.747: tcs3701: start power rail timer, state:3
01-09 11:30:18.985  1086  1254 I ASH     : @ 967089.787: tcs3701: stop power rail pending_off timer
01-09 11:30:18.985  1086  1254 D ASH     : @ 967089.787: tcs3701: start power rail timer, state:3
01-09 11:30:19.025  1086  1254 I ASH     : @ 967089.827: tcs3701: stop power rail pending_off timer
01-09 11:30:19.025  1086  1254 D ASH     : @ 967089.827: tcs3701: start power rail timer, state:3
01-09 11:30:19.065  1086  1254 I ASH     : @ 967089.867: tcs3701: stop power rail pending_off timer
01-09 11:30:19.065  1086  1254 D ASH     : @ 967089.867: tcs3701: start power rail timer, state:3
01-09 11:30:19.105  1086  1254 I ASH     : @ 967089.907: tcs3701: stop power rail pending_off timer
01-09 11:30:19.105  1086  1254 D ASH     : @ 967089.907: tcs3701: start power rail timer, state:3
01-09 11:30:19.144  1086  1254 I ASH     : @ 967089.947: tcs3701: stop power rail pending_off timer
01-09 11:30:19.145  1086  1254 D ASH     : @ 967089.947: tcs3701: start power rail timer, state:3
01-09 11:30:19.185  1086  1254 I ASH     : @ 967089.987: tcs3701: stop power rail pending_off timer
01-09 11:30:19.185  1086  1254 D ASH     : @ 967089.987: tcs3701: start power rail timer, state:3
01-09 11:30:19.225  1086  1254 I ASH     : @ 967090.027: tcs3701: stop power rail pending_off timer
01-09 11:30:19.225  1086  1254 D ASH     : @ 967090.027: tcs3701: start power rail timer, state:3
01-09 11:30:19.264  1086  1254 I ASH     : @ 967090.067: tcs3701: stop power rail pending_off timer
01-09 11:30:19.265  1086  1254 D ASH     : @ 967090.067: tcs3701: start power rail timer, state:3
01-09 11:30:19.305  1086  1254 I ASH     : @ 967090.107: tcs3701: stop power rail pending_off timer
01-09 11:30:19.305  1086  1254 D ASH     : @ 967090.107: tcs3701: start power rail timer, state:3
01-09 11:30:19.345  1086  1254 I ASH     : @ 967090.147: tcs3701: stop power rail pending_off timer
01-09 11:30:19.345  1086  1254 D ASH     : @ 967090.147: tcs3701: start power rail timer, state:3
01-09 11:30:19.385  1086  1254 I ASH     : @ 967090.187: tcs3701: stop power rail pending_off timer
01-09 11:30:19.385  1086  1254 D ASH     : @ 967090.187: tcs3701: start power rail timer, state:3
01-09 11:30:19.425  1086  1254 I ASH     : @ 967090.227: tcs3701: stop power rail pending_off timer
01-09 11:30:19.425  1086  1254 D ASH     : @ 967090.227: tcs3701: start power rail timer, state:3
01-09 11:30:19.465  1086  1254 I ASH     : @ 967090.267: tcs3701: stop power rail pending_off timer
01-09 11:30:19.465  1086  1254 D ASH     : @ 967090.267: tcs3701: start power rail timer, state:3
01-09 11:30:19.505  1086  1254 I ASH     : @ 967090.307: tcs3701: stop power rail pending_off timer
01-09 11:30:19.505  1086  1254 D ASH     : @ 967090.307: tcs3701: start power rail timer, state:3
01-09 11:30:19.545  1086  1254 I ASH     : @ 967090.347: tcs3701: stop power rail pending_off timer
01-09 11:30:19.545  1086  1254 D ASH     : @ 967090.347: tcs3701: start power rail timer, state:3
01-09 11:30:19.585  1086  1254 I ASH     : @ 967090.387: tcs3701: stop power rail pending_off timer
01-09 11:30:19.585  1086  1254 D ASH     : @ 967090.387: tcs3701: start power rail timer, state:3
01-09 11:30:19.624  1086  1254 I ASH     : @ 967090.427: tcs3701: stop power rail pending_off timer
01-09 11:30:19.625  1086  1254 D ASH     : @ 967090.427: tcs3701: start power rail timer, state:3
01-09 11:30:19.626  2565  2565 D DLObserver: onReceive(); android.intent.action.BATTERY_CHANGED
01-09 11:30:19.626  2565  2565 D DLObserver: plugged=1
01-09 11:30:19.630  2565  2565 I ReverseChargingControl: handleIntentForReverseCharging(): rtx=0 wlc=0 plgac=1 ac=1 acrtx=0 extra=1 this=com.google.android.systemui.reversecharging.ReverseChargingController@6510945
01-09 11:30:19.630  2565  2565 D PowerNotificationWarningsGoogleImpl: onReceive: android.intent.action.BATTERY_CHANGED
01-09 11:30:19.631  2565  2565 D BatteryDefenderNotification: isPlugged: true | isBatteryDefender: false | defenderEnabled: false | isCharged: true | isPluggedInDock: false
01-09 11:30:19.631  2565  2565 D IncompatibleChargerNotification: dispatchIntent: android.intent.action.BATTERY_CHANGED
01-09 11:30:19.636  2837  2837 V DeviceStatisticsService: chargerType=1 batteryLevel=100 totalBatteryCapacity=4129000
01-09 11:30:19.639  2565  6729 D PowerUI : can't show warning due to - plugged: true status unknown: false
01-09 11:30:19.665  1086  1254 I ASH     : @ 967090.467: tcs3701: stop power rail pending_off timer
01-09 11:30:19.665  1086  1254 D ASH     : @ 967090.467: tcs3701: start power rail timer, state:3
01-09 11:30:19.705  1086  1254 I ASH     : @ 967090.507: tcs3701: stop power rail pending_off timer
01-09 11:30:19.705  1086  1254 D ASH     : @ 967090.507: tcs3701: start power rail timer, state:3
01-09 11:30:19.745  1086  1254 I ASH     : @ 967090.547: tcs3701: stop power rail pending_off timer
01-09 11:30:19.745  1086  1254 D ASH     : @ 967090.547: tcs3701: start power rail timer, state:3
01-09 11:30:19.785  1086  1254 I ASH     : @ 967090.587: tcs3701: stop power rail pending_off timer
01-09 11:30:19.785  1086  1254 D ASH     : @ 967090.587: tcs3701: start power rail timer, state:3
01-09 11:30:19.825  1086  1254 I ASH     : @ 967090.627: tcs3701: stop power rail pending_off timer
01-09 11:30:19.825  1086  1254 D ASH     : @ 967090.627: tcs3701: start power rail timer, state:3
01-09 11:30:19.866  1086  1254 I ASH     : @ 967090.667: tcs3701: stop power rail pending_off timer
01-09 11:30:19.866  1086  1254 D ASH     : @ 967090.667: tcs3701: start power rail timer, state:3
01-09 11:30:19.905  1086  1254 I ASH     : @ 967090.707: tcs3701: stop power rail pending_off timer
01-09 11:30:19.905  1086  1254 D ASH     : @ 967090.707: tcs3701: start power rail timer, state:3
01-09 11:30:19.945  1086  1254 I ASH     : @ 967090.747: tcs3701: stop power rail pending_off timer
01-09 11:30:19.945  1086  1254 D ASH     : @ 967090.747: tcs3701: start power rail timer, state:3
01-09 11:30:19.985  1086  1254 I ASH     : @ 967090.787: tcs3701: stop power rail pending_off timer
01-09 11:30:19.985  1086  1254 D ASH     : @ 967090.787: tcs3701: start power rail timer, state:3
01-09 11:30:20.025  1086  1254 I ASH     : @ 967090.827: tcs3701: stop power rail pending_off timer
01-09 11:30:20.025  1086  1254 D ASH     : @ 967090.827: tcs3701: start power rail timer, state:3
01-09 11:30:20.062  1122  1183 D rlsservice: MonitorDisplayStatus client num 0, display status 1, sensor status 0
01-09 11:30:20.065  1086  1254 I ASH     : @ 967090.867: tcs3701: stop power rail pending_off timer
01-09 11:30:20.065  1086  1254 D ASH     : @ 967090.867: tcs3701: start power rail timer, state:3
01-09 11:30:20.105  1086  1254 I ASH     : @ 967090.907: tcs3701: stop power rail pending_off timer
01-09 11:30:20.105  1086  1254 D ASH     : @ 967090.907: tcs3701: start power rail timer, state:3
01-09 11:30:20.145  1086  1254 I ASH     : @ 967090.947: tcs3701: stop power rail pending_off timer
01-09 11:30:20.145  1086  1254 D ASH     : @ 967090.947: tcs3701: start power rail timer, state:3
01-09 11:30:20.185  1086  1254 I ASH     : @ 967090.987: tcs3701: stop power rail pending_off timer
01-09 11:30:20.185  1086  1254 D ASH     : @ 967090.987: tcs3701: start power rail timer, state:3
01-09 11:30:20.224  1086  1254 I ASH     : @ 967091.027: tcs3701: stop power rail pending_off timer
01-09 11:30:20.224  1086  1254 D ASH     : @ 967091.027: tcs3701: start power rail timer, state:3
01-09 11:30:20.265  1086  1254 I ASH     : @ 967091.067: tcs3701: stop power rail pending_off timer
01-09 11:30:20.265  1086  1254 D ASH     : @ 967091.067: tcs3701: start power rail timer, state:3
01-09 11:30:20.305  1086  1254 I ASH     : @ 967091.107: tcs3701: stop power rail pending_off timer
01-09 11:30:20.305  1086  1254 D ASH     : @ 967091.107: tcs3701: start power rail timer, state:3
01-09 11:30:20.345  1086  1254 I ASH     : @ 967091.147: tcs3701: stop power rail pending_off timer
01-09 11:30:20.345  1086  1254 D ASH     : @ 967091.147: tcs3701: start power rail timer, state:3
01-09 11:30:20.385  1086  1254 I ASH     : @ 967091.187: tcs3701: stop power rail pending_off timer
01-09 11:30:20.385  1086  1254 D ASH     : @ 967091.187: tcs3701: start power rail timer, state:3
01-09 11:30:20.425  1086  1254 I ASH     : @ 967091.227: tcs3701: stop power rail pending_off timer
01-09 11:30:20.425  1086  1254 D ASH     : @ 967091.227: tcs3701: start power rail timer, state:3
01-09 11:30:20.465  1086  1254 I ASH     : @ 967091.267: tcs3701: stop power rail pending_off timer
01-09 11:30:20.465  1086  1254 D ASH     : @ 967091.267: tcs3701: start power rail timer, state:3
01-09 11:30:20.505  1086  1254 I ASH     : @ 967091.307: tcs3701: stop power rail pending_off timer
01-09 11:30:20.505  1086  1254 D ASH     : @ 967091.307: tcs3701: start power rail timer, state:3
01-09 11:30:20.545  1086  1254 I ASH     : @ 967091.347: tcs3701: stop power rail pending_off timer
01-09 11:30:20.545  1086  1254 D ASH     : @ 967091.347: tcs3701: start power rail timer, state:3
01-09 11:30:20.584  1086  1254 I ASH     : @ 967091.387: tcs3701: stop power rail pending_off timer
01-09 11:30:20.585  1086  1254 D ASH     : @ 967091.387: tcs3701: start power rail timer, state:3
01-09 11:30:20.625  1086  1254 I ASH     : @ 967091.427: tcs3701: stop power rail pending_off timer
01-09 11:30:20.625  1086  1254 D ASH     : @ 967091.427: tcs3701: start power rail timer, state:3
01-09 11:30:20.665  1086  1254 I ASH     : @ 967091.467: tcs3701: stop power rail pending_off timer
01-09 11:30:20.665  1086  1254 D ASH     : @ 967091.467: tcs3701: start power rail timer, state:3
01-09 11:30:20.705  1086  1254 I ASH     : @ 967091.507: tcs3701: stop power rail pending_off timer
01-09 11:30:20.705  1086  1254 D ASH     : @ 967091.507: tcs3701: start power rail timer, state:3
01-09 11:30:20.745  1086  1254 I ASH     : @ 967091.547: tcs3701: stop power rail pending_off timer
01-09 11:30:20.745  1086  1254 D ASH     : @ 967091.547: tcs3701: start power rail timer, state:3
01-09 11:30:20.785  1086  1254 I ASH     : @ 967091.587: tcs3701: stop power rail pending_off timer
01-09 11:30:20.785  1086  1254 D ASH     : @ 967091.587: tcs3701: start power rail timer, state:3
01-09 11:30:20.825  1086  1254 I ASH     : @ 967091.627: tcs3701: stop power rail pending_off timer
01-09 11:30:20.825  1086  1254 D ASH     : @ 967091.627: tcs3701: start power rail timer, state:3
01-09 11:30:20.865  1086  1254 I ASH     : @ 967091.667: tcs3701: stop power rail pending_off timer
01-09 11:30:20.865  1086  1254 D ASH     : @ 967091.667: tcs3701: start power rail timer, state:3
01-09 11:30:20.905  1086  1254 I ASH     : @ 967091.707: tcs3701: stop power rail pending_off timer
01-09 11:30:20.905  1086  1254 D ASH     : @ 967091.707: tcs3701: start power rail timer, state:3
01-09 11:30:20.945  1086  1254 I ASH     : @ 967091.747: tcs3701: stop power rail pending_off timer
01-09 11:30:20.945  1086  1254 D ASH     : @ 967091.747: tcs3701: start power rail timer, state:3
01-09 11:30:20.984  1086  1254 I ASH     : @ 967091.787: tcs3701: stop power rail pending_off timer
01-09 11:30:20.985  1086  1254 D ASH     : @ 967091.787: tcs3701: start power rail timer, state:3
01-09 11:30:21.025  1086  1254 I ASH     : @ 967091.827: tcs3701: stop power rail pending_off timer
01-09 11:30:21.025  1086  1254 D ASH     : @ 967091.827: tcs3701: start power rail timer, state:3
01-09 11:30:21.064  1086  1254 I ASH     : @ 967091.867: tcs3701: stop power rail pending_off timer
01-09 11:30:21.065  1086  1254 D ASH     : @ 967091.867: tcs3701: start power rail timer, state:3
01-09 11:30:21.105  1086  1254 I ASH     : @ 967091.907: tcs3701: stop power rail pending_off timer
01-09 11:30:21.105  1086  1254 D ASH     : @ 967091.907: tcs3701: start power rail timer, state:3
01-09 11:30:21.145  1086  1254 I ASH     : @ 967091.947: tcs3701: stop power rail pending_off timer
01-09 11:30:21.145  1086  1254 D ASH     : @ 967091.947: tcs3701: start power rail timer, state:3
01-09 11:30:21.185  1086  1254 I ASH     : @ 967091.987: tcs3701: stop power rail pending_off timer
01-09 11:30:21.185  1086  1254 D ASH     : @ 967091.987: tcs3701: start power rail timer, state:3
01-09 11:30:21.225  1086  1254 I ASH     : @ 967092.027: tcs3701: stop power rail pending_off timer
01-09 11:30:21.225  1086  1254 D ASH     : @ 967092.027: tcs3701: start power rail timer, state:3
01-09 11:30:21.265  1086  1254 I ASH     : @ 967092.067: tcs3701: stop power rail pending_off timer
01-09 11:30:21.265  1086  1254 D ASH     : @ 967092.067: tcs3701: start power rail timer, state:3
01-09 11:30:21.305  1086  1254 I ASH     : @ 967092.107: tcs3701: stop power rail pending_off timer
01-09 11:30:21.305  1086  1254 D ASH     : @ 967092.107: tcs3701: start power rail timer, state:3
01-09 11:30:21.344  1086  1254 I ASH     : @ 967092.147: tcs3701: stop power rail pending_off timer
01-09 11:30:21.345  1086  1254 D ASH     : @ 967092.147: tcs3701: start power rail timer, state:3
01-09 11:30:21.385  1086  1254 I ASH     : @ 967092.187: tcs3701: stop power rail pending_off timer
01-09 11:30:21.385  1086  1254 D ASH     : @ 967092.187: tcs3701: start power rail timer, state:3
01-09 11:30:21.425  1086  1254 I ASH     : @ 967092.227: tcs3701: stop power rail pending_off timer
01-09 11:30:21.425  1086  1254 D ASH     : @ 967092.227: tcs3701: start power rail timer, state:3
01-09 11:30:21.465  1086  1254 I ASH     : @ 967092.267: tcs3701: stop power rail pending_off timer
01-09 11:30:21.465  1086  1254 D ASH     : @ 967092.267: tcs3701: start power rail timer, state:3
01-09 11:30:21.505  1086  1254 I ASH     : @ 967092.307: tcs3701: stop power rail pending_off timer
01-09 11:30:21.505  1086  1254 D ASH     : @ 967092.307: tcs3701: start power rail timer, state:3
01-09 11:30:21.545  1086  1254 I ASH     : @ 967092.347: tcs3701: stop power rail pending_off timer
01-09 11:30:21.545  1086  1254 D ASH     : @ 967092.347: tcs3701: start power rail timer, state:3
01-09 11:30:21.585  1086  1254 I ASH     : @ 967092.387: tcs3701: stop power rail pending_off timer
01-09 11:30:21.585  1086  1254 D ASH     : @ 967092.387: tcs3701: start power rail timer, state:3
01-09 11:30:21.625  1086  1254 I ASH     : @ 967092.427: tcs3701: stop power rail pending_off timer
01-09 11:30:21.625  1086  1254 D ASH     : @ 967092.427: tcs3701: start power rail timer, state:3
01-09 11:30:21.665  1086  1254 I ASH     : @ 967092.467: tcs3701: stop power rail pending_off timer
01-09 11:30:21.665  1086  1254 D ASH     : @ 967092.467: tcs3701: start power rail timer, state:3
01-09 11:30:21.705  1086  1254 I ASH     : @ 967092.507: tcs3701: stop power rail pending_off timer
01-09 11:30:21.705  1086  1254 D ASH     : @ 967092.507: tcs3701: start power rail timer, state:3
01-09 11:30:21.743 25993 26012 I Unity   : [showcase] drew scene layout: 29 instance(s), rung ConstantBuffer
01-09 11:30:21.743 25993 26012 I Unity   : UnityEngine.DebugLogHandler:Internal_Log(LogType, LogOption, String, Object)
01-09 11:30:21.743 25993 26012 I Unity   : Driftsys.Dashscene.Samples.DashsceneShowcase:Update()
01-09 11:30:21.743 25993 26012 I Unity   : 
01-09 11:30:21.745  1086  1254 I ASH     : @ 967092.547: tcs3701: stop power rail pending_off timer
01-09 11:30:21.745  1086  1254 D ASH     : @ 967092.547: tcs3701: start power rail timer, state:3
01-09 11:30:21.785  1086  1254 I ASH     : @ 967092.587: tcs3701: stop power rail pending_off timer
01-09 11:30:21.785  1086  1254 D ASH     : @ 967092.587: tcs3701: start power rail timer, state:3
01-09 11:30:21.825  1086  1254 I ASH     : @ 967092.627: tcs3701: stop power rail pending_off timer
01-09 11:30:21.825  1086  1254 D ASH     : @ 967092.627: tcs3701: start power rail timer, state:3
01-09 11:30:21.865  1086  1254 I ASH     : @ 967092.667: tcs3701: stop power rail pending_off timer
01-09 11:30:21.865  1086  1254 D ASH     : @ 967092.667: tcs3701: start power rail timer, state:3
01-09 11:30:21.904  1086  1254 I ASH     : @ 967092.707: tcs3701: stop power rail pending_off timer
01-09 11:30:21.904  1086  1254 D ASH     : @ 967092.707: tcs3701: start power rail timer, state:3
01-09 11:30:21.945  1086  1254 I ASH     : @ 967092.747: tcs3701: stop power rail pending_off timer
01-09 11:30:21.945  1086  1254 D ASH     : @ 967092.747: tcs3701: start power rail timer, state:3
01-09 11:30:21.984  1086  1254 I ASH     : @ 967092.787: tcs3701: stop power rail pending_off timer
01-09 11:30:21.985  1086  1254 D ASH     : @ 967092.787: tcs3701: start power rail timer, state:3
01-09 11:30:22.025  1086  1254 I ASH     : @ 967092.827: tcs3701: stop power rail pending_off timer
01-09 11:30:22.025  1086  1254 D ASH     : @ 967092.827: tcs3701: start power rail timer, state:3
01-09 11:30:22.065  1086  1254 I ASH     : @ 967092.867: tcs3701: stop power rail pending_off timer
01-09 11:30:22.065  1086  1254 D ASH     : @ 967092.867: tcs3701: start power rail timer, state:3
01-09 11:30:22.104  1086  1254 I ASH     : @ 967092.907: tcs3701: stop power rail pending_off timer
01-09 11:30:22.105  1086  1254 D ASH     : @ 967092.907: tcs3701: start power rail timer, state:3
01-09 11:30:22.144  1086  1254 I ASH     : @ 967092.947: tcs3701: stop power rail pending_off timer
01-09 11:30:22.145  1086  1254 D ASH     : @ 967092.947: tcs3701: start power rail timer, state:3
01-09 11:30:22.184  1086  1254 I ASH     : @ 967092.987: tcs3701: stop power rail pending_off timer
01-09 11:30:22.185  1086  1254 D ASH     : @ 967092.987: tcs3701: start power rail timer, state:3
01-09 11:30:22.225  1086  1254 I ASH     : @ 967093.027: tcs3701: stop power rail pending_off timer
01-09 11:30:22.225  1086  1254 D ASH     : @ 967093.027: tcs3701: start power rail timer, state:3
01-09 11:30:22.264  1086  1254 I ASH     : @ 967093.067: tcs3701: stop power rail pending_off timer
01-09 11:30:22.264  1086  1254 D ASH     : @ 967093.067: tcs3701: start power rail timer, state:3
01-09 11:30:22.305  1086  1254 I ASH     : @ 967093.107: tcs3701: stop power rail pending_off timer
01-09 11:30:22.305  1086  1254 D ASH     : @ 967093.107: tcs3701: start power rail timer, state:3
01-09 11:30:22.344  1086  1254 I ASH     : @ 967093.147: tcs3701: stop power rail pending_off timer
01-09 11:30:22.345  1086  1254 D ASH     : @ 967093.147: tcs3701: start power rail timer, state:3
01-09 11:30:22.385  1086  1254 I ASH     : @ 967093.187: tcs3701: stop power rail pending_off timer
01-09 11:30:22.385  1086  1254 D ASH     : @ 967093.187: tcs3701: start power rail timer, state:3
01-09 11:30:22.425  1086  1254 I ASH     : @ 967093.227: tcs3701: stop power rail pending_off timer
01-09 11:30:22.425  1086  1254 D ASH     : @ 967093.227: tcs3701: start power rail timer, state:3
01-09 11:30:22.464  1086  1254 I ASH     : @ 967093.267: tcs3701: stop power rail pending_off timer
01-09 11:30:22.465  1086  1254 D ASH     : @ 967093.267: tcs3701: start power rail timer, state:3
01-09 11:30:22.505  1086  1254 I ASH     : @ 967093.307: tcs3701: stop power rail pending_off timer
01-09 11:30:22.505  1086  1254 D ASH     : @ 967093.307: tcs3701: start power rail timer, state:3
01-09 11:30:22.544  1086  1254 I ASH     : @ 967093.347: tcs3701: stop power rail pending_off timer
01-09 11:30:22.545  1086  1254 D ASH     : @ 967093.347: tcs3701: start power rail timer, state:3
01-09 11:30:22.584  1086  1254 I ASH     : @ 967093.387: tcs3701: stop power rail pending_off timer
01-09 11:30:22.585  1086  1254 D ASH     : @ 967093.387: tcs3701: start power rail timer, state:3
01-09 11:30:22.625  1086  1254 I ASH     : @ 967093.427: tcs3701: stop power rail pending_off timer
01-09 11:30:22.625  1086  1254 D ASH     : @ 967093.427: tcs3701: start power rail timer, state:3
01-09 11:30:22.664  1086  1254 I ASH     : @ 967093.467: tcs3701: stop power rail pending_off timer
01-09 11:30:22.664  1086  1254 D ASH     : @ 967093.467: tcs3701: start power rail timer, state:3
01-09 11:30:22.705  1086  1254 I ASH     : @ 967093.507: tcs3701: stop power rail pending_off timer
01-09 11:30:22.705  1086  1254 D ASH     : @ 967093.507: tcs3701: start power rail timer, state:3
01-09 11:30:22.745  1086  1254 I ASH     : @ 967093.547: tcs3701: stop power rail pending_off timer
01-09 11:30:22.745  1086  1254 D ASH     : @ 967093.547: tcs3701: start power rail timer, state:3
01-09 11:30:22.784  1086  1254 I ASH     : @ 967093.587: tcs3701: stop power rail pending_off timer
01-09 11:30:22.785  1086  1254 D ASH     : @ 967093.587: tcs3701: start power rail timer, state:3
01-09 11:30:22.825  1086  1254 I ASH     : @ 967093.627: tcs3701: stop power rail pending_off timer
01-09 11:30:22.825  1086  1254 D ASH     : @ 967093.627: tcs3701: start power rail timer, state:3
01-09 11:30:22.864  1086  1254 I ASH     : @ 967093.667: tcs3701: stop power rail pending_off timer
01-09 11:30:22.865  1086  1254 D ASH     : @ 967093.667: tcs3701: start power rail timer, state:3
01-09 11:30:22.904  1086  1254 I ASH     : @ 967093.707: tcs3701: stop power rail pending_off timer
01-09 11:30:22.904  1086  1254 D ASH     : @ 967093.707: tcs3701: start power rail timer, state:3
01-09 11:30:22.944  1086  1254 I ASH     : @ 967093.747: tcs3701: stop power rail pending_off timer
01-09 11:30:22.945  1086  1254 D ASH     : @ 967093.747: tcs3701: start power rail timer, state:3
01-09 11:30:22.984  1086  1254 I ASH     : @ 967093.787: tcs3701: stop power rail pending_off timer
01-09 11:30:22.984  1086  1254 D ASH     : @ 967093.787: tcs3701: start power rail timer, state:3
01-09 11:30:23.024  1086  1254 I ASH     : @ 967093.827: tcs3701: stop power rail pending_off timer
01-09 11:30:23.025  1086  1254 D ASH     : @ 967093.827: tcs3701: start power rail timer, state:3
01-09 11:30:23.064  1086  1254 I ASH     : @ 967093.867: tcs3701: stop power rail pending_off timer
01-09 11:30:23.064  1086  1254 D ASH     : @ 967093.867: tcs3701: start power rail timer, state:3
01-09 11:30:23.105  1086  1254 I ASH     : @ 967093.907: tcs3701: stop power rail pending_off timer
01-09 11:30:23.105  1086  1254 D ASH     : @ 967093.907: tcs3701: start power rail timer, state:3
01-09 11:30:23.145  1086  1254 I ASH     : @ 967093.947: tcs3701: stop power rail pending_off timer
01-09 11:30:23.145  1086  1254 D ASH     : @ 967093.947: tcs3701: start power rail timer, state:3
01-09 11:30:23.185  1086  1254 I ASH     : @ 967093.987: tcs3701: stop power rail pending_off timer
01-09 11:30:23.185  1086  1254 D ASH     : @ 967093.987: tcs3701: start power rail timer, state:3
01-09 11:30:23.224  1086  1254 I ASH     : @ 967094.027: tcs3701: stop power rail pending_off timer
01-09 11:30:23.225  1086  1254 D ASH     : @ 967094.027: tcs3701: start power rail timer, state:3
01-09 11:30:23.265  1086  1254 I ASH     : @ 967094.067: tcs3701: stop power rail pending_off timer
01-09 11:30:23.265  1086  1254 D ASH     : @ 967094.067: tcs3701: start power rail timer, state:3
01-09 11:30:23.305  1086  1254 I ASH     : @ 967094.107: tcs3701: stop power rail pending_off timer
01-09 11:30:23.305  1086  1254 D ASH     : @ 967094.107: tcs3701: start power rail timer, state:3
01-09 11:30:23.344  1086  1254 I ASH     : @ 967094.147: tcs3701: stop power rail pending_off timer
01-09 11:30:23.345  1086  1254 D ASH     : @ 967094.147: tcs3701: start power rail timer, state:3
01-09 11:30:23.384  1086  1254 I ASH     : @ 967094.187: tcs3701: stop power rail pending_off timer
01-09 11:30:23.385  1086  1254 D ASH     : @ 967094.187: tcs3701: start power rail timer, state:3
01-09 11:30:23.425  1086  1254 I ASH     : @ 967094.227: tcs3701: stop power rail pending_off timer
01-09 11:30:23.425  1086  1254 D ASH     : @ 967094.227: tcs3701: start power rail timer, state:3
01-09 11:30:23.465  1086  1254 I ASH     : @ 967094.267: tcs3701: stop power rail pending_off timer
01-09 11:30:23.465  1086  1254 D ASH     : @ 967094.267: tcs3701: start power rail timer, state:3
01-09 11:30:23.506  1086  1254 I ASH     : @ 967094.307: tcs3701: stop power rail pending_off timer
01-09 11:30:23.506  1086  1254 D ASH     : @ 967094.307: tcs3701: start power rail timer, state:3
01-09 11:30:23.545  1086  1254 I ASH     : @ 967094.347: tcs3701: stop power rail pending_off timer
01-09 11:30:23.545  1086  1254 D ASH     : @ 967094.347: tcs3701: start power rail timer, state:3
01-09 11:30:23.584  1086  1254 I ASH     : @ 967094.387: tcs3701: stop power rail pending_off timer
01-09 11:30:23.585  1086  1254 D ASH     : @ 967094.387: tcs3701: start power rail timer, state:3
01-09 11:30:23.625  1086  1254 I ASH     : @ 967094.427: tcs3701: stop power rail pending_off timer
01-09 11:30:23.625  1086  1254 D ASH     : @ 967094.427: tcs3701: start power rail timer, state:3
01-09 11:30:23.665  1086  1254 I ASH     : @ 967094.467: tcs3701: stop power rail pending_off timer
01-09 11:30:23.665  1086  1254 D ASH     : @ 967094.467: tcs3701: start power rail timer, state:3
01-09 11:30:23.705  1086  1254 I ASH     : @ 967094.507: tcs3701: stop power rail pending_off timer
01-09 11:30:23.705  1086  1254 D ASH     : @ 967094.507: tcs3701: start power rail timer, state:3
01-09 11:30:23.745  1086  1254 I ASH     : @ 967094.547: tcs3701: stop power rail pending_off timer
01-09 11:30:23.745  1086  1254 D ASH     : @ 967094.547: tcs3701: start power rail timer, state:3
01-09 11:30:23.785  1086  1254 I ASH     : @ 967094.587: tcs3701: stop power rail pending_off timer
01-09 11:30:23.785  1086  1254 D ASH     : @ 967094.587: tcs3701: start power rail timer, state:3
01-09 11:30:23.825  1086  1254 I ASH     : @ 967094.627: tcs3701: stop power rail pending_off timer
01-09 11:30:23.825  1086  1254 D ASH     : @ 967094.627: tcs3701: start power rail timer, state:3
01-09 11:30:23.865  1086  1254 I ASH     : @ 967094.667: tcs3701: stop power rail pending_off timer
01-09 11:30:23.865  1086  1254 D ASH     : @ 967094.667: tcs3701: start power rail timer, state:3
01-09 11:30:23.905  1086  1254 I ASH     : @ 967094.707: tcs3701: stop power rail pending_off timer
01-09 11:30:23.905  1086  1254 D ASH     : @ 967094.707: tcs3701: start power rail timer, state:3
01-09 11:30:23.945  1086  1254 I ASH     : @ 967094.747: tcs3701: stop power rail pending_off timer
01-09 11:30:23.945  1086  1254 D ASH     : @ 967094.747: tcs3701: start power rail timer, state:3
01-09 11:30:23.984  1086  1254 I ASH     : @ 967094.787: tcs3701: stop power rail pending_off timer
01-09 11:30:23.985  1086  1254 D ASH     : @ 967094.787: tcs3701: start power rail timer, state:3
01-09 11:30:24.025  1086  1254 I ASH     : @ 967094.827: tcs3701: stop power rail pending_off timer
01-09 11:30:24.025  1086  1254 D ASH     : @ 967094.827: tcs3701: start power rail timer, state:3
01-09 11:30:24.065  1086  1254 I ASH     : @ 967094.867: tcs3701: stop power rail pending_off timer
01-09 11:30:24.065  1086  1254 D ASH     : @ 967094.867: tcs3701: start power rail timer, state:3
01-09 11:30:24.105  1086  1254 I ASH     : @ 967094.907: tcs3701: stop power rail pending_off timer
01-09 11:30:24.105  1086  1254 D ASH     : @ 967094.907: tcs3701: start power rail timer, state:3
01-09 11:30:24.145  1086  1254 I ASH     : @ 967094.947: tcs3701: stop power rail pending_off timer
01-09 11:30:24.145  1086  1254 D ASH     : @ 967094.947: tcs3701: start power rail timer, state:3
01-09 11:30:24.185  1086  1254 I ASH     : @ 967094.987: tcs3701: stop power rail pending_off timer
01-09 11:30:24.185  1086  1254 D ASH     : @ 967094.987: tcs3701: start power rail timer, state:3
01-09 11:30:24.225  1086  1254 I ASH     : @ 967095.027: tcs3701: stop power rail pending_off timer
01-09 11:30:24.225  1086  1254 D ASH     : @ 967095.027: tcs3701: start power rail timer, state:3
01-09 11:30:24.264  1086  1254 I ASH     : @ 967095.067: tcs3701: stop power rail pending_off timer
01-09 11:30:24.265  1086  1254 D ASH     : @ 967095.067: tcs3701: start power rail timer, state:3
01-09 11:30:24.305  1086  1254 I ASH     : @ 967095.107: tcs3701: stop power rail pending_off timer
01-09 11:30:24.305  1086  1254 D ASH     : @ 967095.107: tcs3701: start power rail timer, state:3
01-09 11:30:24.345  1086  1254 I ASH     : @ 967095.147: tcs3701: stop power rail pending_off timer
01-09 11:30:24.345  1086  1254 D ASH     : @ 967095.147: tcs3701: start power rail timer, state:3
01-09 11:30:24.385  1086  1254 I ASH     : @ 967095.187: tcs3701: stop power rail pending_off timer
01-09 11:30:24.385  1086  1254 D ASH     : @ 967095.187: tcs3701: start power rail timer, state:3
01-09 11:30:24.425  1086  1254 I ASH     : @ 967095.227: tcs3701: stop power rail pending_off timer
01-09 11:30:24.425  1086  1254 D ASH     : @ 967095.227: tcs3701: start power rail timer, state:3
01-09 11:30:24.465  1086  1254 I ASH     : @ 967095.267: tcs3701: stop power rail pending_off timer
01-09 11:30:24.465  1086  1254 D ASH     : @ 967095.267: tcs3701: start power rail timer, state:3
01-09 11:30:24.505  1086  1254 I ASH     : @ 967095.307: tcs3701: stop power rail pending_off timer
01-09 11:30:24.505  1086  1254 D ASH     : @ 967095.307: tcs3701: start power rail timer, state:3
01-09 11:30:24.545  1086  1254 I ASH     : @ 967095.347: tcs3701: stop power rail pending_off timer
01-09 11:30:24.545  1086  1254 D ASH     : @ 967095.347: tcs3701: start power rail timer, state:3
01-09 11:30:24.584  1086  1254 I ASH     : @ 967095.387: tcs3701: stop power rail pending_off timer
01-09 11:30:24.584  1086  1254 D ASH     : @ 967095.387: tcs3701: start power rail timer, state:3
01-09 11:30:24.625  1086  1254 I ASH     : @ 967095.427: tcs3701: stop power rail pending_off timer
01-09 11:30:24.625  1086  1254 D ASH     : @ 967095.427: tcs3701: start power rail timer, state:3
01-09 11:30:24.665  1086  1254 I ASH     : @ 967095.467: tcs3701: stop power rail pending_off timer
01-09 11:30:24.665  1086  1254 D ASH     : @ 967095.467: tcs3701: start power rail timer, state:3
01-09 11:30:24.704  1086  1254 I ASH     : @ 967095.507: tcs3701: stop power rail pending_off timer
01-09 11:30:24.705  1086  1254 D ASH     : @ 967095.507: tcs3701: start power rail timer, state:3
01-09 11:30:24.745  1086  1254 I ASH     : @ 967095.547: tcs3701: stop power rail pending_off timer
01-09 11:30:24.745  1086  1254 D ASH     : @ 967095.547: tcs3701: start power rail timer, state:3
01-09 11:30:24.785  1086  1254 I ASH     : @ 967095.587: tcs3701: stop power rail pending_off timer
01-09 11:30:24.785  1086  1254 D ASH     : @ 967095.587: tcs3701: start power rail timer, state:3
01-09 11:30:24.825  1086  1254 I ASH     : @ 967095.627: tcs3701: stop power rail pending_off timer
01-09 11:30:24.825  1086  1254 D ASH     : @ 967095.627: tcs3701: start power rail timer, state:3
01-09 11:30:24.864  1086  1254 I ASH     : @ 967095.667: tcs3701: stop power rail pending_off timer
01-09 11:30:24.865  1086  1254 D ASH     : @ 967095.667: tcs3701: start power rail timer, state:3
01-09 11:30:24.905  1086  1254 I ASH     : @ 967095.707: tcs3701: stop power rail pending_off timer
01-09 11:30:24.905  1086  1254 D ASH     : @ 967095.707: tcs3701: start power rail timer, state:3
01-09 11:30:24.945  1086  1254 I ASH     : @ 967095.747: tcs3701: stop power rail pending_off timer
01-09 11:30:24.945  1086  1254 D ASH     : @ 967095.747: tcs3701: start power rail timer, state:3
01-09 11:30:24.985  1086  1254 I ASH     : @ 967095.787: tcs3701: stop power rail pending_off timer
01-09 11:30:24.985  1086  1254 D ASH     : @ 967095.787: tcs3701: start power rail timer, state:3
01-09 11:30:25.025  1086  1254 I ASH     : @ 967095.827: tcs3701: stop power rail pending_off timer
01-09 11:30:25.025  1086  1254 D ASH     : @ 967095.827: tcs3701: start power rail timer, state:3
01-09 11:30:25.065  1086  1254 I ASH     : @ 967095.867: tcs3701: stop power rail pending_off timer
01-09 11:30:25.065  1086  1254 D ASH     : @ 967095.867: tcs3701: start power rail timer, state:3
01-09 11:30:25.105  1086  1254 I ASH     : @ 967095.907: tcs3701: stop power rail pending_off timer
01-09 11:30:25.105  1086  1254 D ASH     : @ 967095.907: tcs3701: start power rail timer, state:3
01-09 11:30:25.145  1086  1254 I ASH     : @ 967095.947: tcs3701: stop power rail pending_off timer
01-09 11:30:25.145  1086  1254 D ASH     : @ 967095.947: tcs3701: start power rail timer, state:3
01-09 11:30:25.184  1086  1254 I ASH     : @ 967095.987: tcs3701: stop power rail pending_off timer
01-09 11:30:25.185  1086  1254 D ASH     : @ 967095.987: tcs3701: start power rail timer, state:3
01-09 11:30:25.224  1086  1254 I ASH     : @ 967096.027: tcs3701: stop power rail pending_off timer
01-09 11:30:25.225  1086  1254 D ASH     : @ 967096.027: tcs3701: start power rail timer, state:3
01-09 11:30:25.264  1086  1254 I ASH     : @ 967096.067: tcs3701: stop power rail pending_off timer
01-09 11:30:25.265  1086  1254 D ASH     : @ 967096.067: tcs3701: start power rail timer, state:3
01-09 11:30:25.305  1086  1254 I ASH     : @ 967096.107: tcs3701: stop power rail pending_off timer
01-09 11:30:25.305  1086  1254 D ASH     : @ 967096.107: tcs3701: start power rail timer, state:3
01-09 11:30:25.345  1086  1254 I ASH     : @ 967096.147: tcs3701: stop power rail pending_off timer
01-09 11:30:25.345  1086  1254 D ASH     : @ 967096.147: tcs3701: start power rail timer, state:3
01-09 11:30:25.385  1086  1254 I ASH     : @ 967096.187: tcs3701: stop power rail pending_off timer
01-09 11:30:25.385  1086  1254 D ASH     : @ 967096.187: tcs3701: start power rail timer, state:3
01-09 11:30:25.425  1086  1254 I ASH     : @ 967096.227: tcs3701: stop power rail pending_off timer
01-09 11:30:25.425  1086  1254 D ASH     : @ 967096.227: tcs3701: start power rail timer, state:3
01-09 11:30:25.464  1086  1254 I ASH     : @ 967096.267: tcs3701: stop power rail pending_off timer
01-09 11:30:25.465  1086  1254 D ASH     : @ 967096.267: tcs3701: start power rail timer, state:3
01-09 11:30:25.504  1086  1254 I ASH     : @ 967096.307: tcs3701: stop power rail pending_off timer
01-09 11:30:25.505  1086  1254 D ASH     : @ 967096.307: tcs3701: start power rail timer, state:3
01-09 11:30:25.544  1086  1254 I ASH     : @ 967096.347: tcs3701: stop power rail pending_off timer
01-09 11:30:25.545  1086  1254 D ASH     : @ 967096.347: tcs3701: start power rail timer, state:3
01-09 11:30:25.585  1086  1254 I ASH     : @ 967096.387: tcs3701: stop power rail pending_off timer
01-09 11:30:25.585  1086  1254 D ASH     : @ 967096.387: tcs3701: start power rail timer, state:3
01-09 11:30:25.625  1086  1254 I ASH     : @ 967096.427: tcs3701: stop power rail pending_off timer
01-09 11:30:25.625  1086  1254 D ASH     : @ 967096.427: tcs3701: start power rail timer, state:3
01-09 11:30:25.665  1086  1254 I ASH     : @ 967096.467: tcs3701: stop power rail pending_off timer
01-09 11:30:25.665  1086  1254 D ASH     : @ 967096.467: tcs3701: start power rail timer, state:3
01-09 11:30:25.705  1086  1254 I ASH     : @ 967096.507: tcs3701: stop power rail pending_off timer
01-09 11:30:25.705  1086  1254 D ASH     : @ 967096.507: tcs3701: start power rail timer, state:3
01-09 11:30:25.745  1086  1254 I ASH     : @ 967096.547: tcs3701: stop power rail pending_off timer
01-09 11:30:25.745  1086  1254 D ASH     : @ 967096.547: tcs3701: start power rail timer, state:3
01-09 11:30:25.785  1086  1254 I ASH     : @ 967096.587: tcs3701: stop power rail pending_off timer
01-09 11:30:25.785  1086  1254 D ASH     : @ 967096.587: tcs3701: start power rail timer, state:3
01-09 11:30:25.825  1086  1254 I ASH     : @ 967096.627: tcs3701: stop power rail pending_off timer
01-09 11:30:25.825  1086  1254 D ASH     : @ 967096.627: tcs3701: start power rail timer, state:3
01-09 11:30:25.865  1086  1254 I ASH     : @ 967096.667: tcs3701: stop power rail pending_off timer
01-09 11:30:25.865  1086  1254 D ASH     : @ 967096.667: tcs3701: start power rail timer, state:3
01-09 11:30:25.904  1086  1254 I ASH     : @ 967096.707: tcs3701: stop power rail pending_off timer
01-09 11:30:25.905  1086  1254 D ASH     : @ 967096.707: tcs3701: start power rail timer, state:3
01-09 11:30:25.945  1086  1254 I ASH     : @ 967096.747: tcs3701: stop power rail pending_off timer
01-09 11:30:25.945  1086  1254 D ASH     : @ 967096.747: tcs3701: start power rail timer, state:3
01-09 11:30:25.984  1086  1254 I ASH     : @ 967096.787: tcs3701: stop power rail pending_off timer
01-09 11:30:25.985  1086  1254 D ASH     : @ 967096.787: tcs3701: start power rail timer, state:3
01-09 11:30:26.025  1086  1254 I ASH     : @ 967096.827: tcs3701: stop power rail pending_off timer
01-09 11:30:26.025  1086  1254 D ASH     : @ 967096.827: tcs3701: start power rail timer, state:3
01-09 11:30:26.065  1086  1254 I ASH     : @ 967096.867: tcs3701: stop power rail pending_off timer
01-09 11:30:26.065  1086  1254 D ASH     : @ 967096.867: tcs3701: start power rail timer, state:3
01-09 11:30:26.105  1086  1254 I ASH     : @ 967096.907: tcs3701: stop power rail pending_off timer
01-09 11:30:26.105  1086  1254 D ASH     : @ 967096.907: tcs3701: start power rail timer, state:3
01-09 11:30:26.145  1086  1254 I ASH     : @ 967096.947: tcs3701: stop power rail pending_off timer
01-09 11:30:26.145  1086  1254 D ASH     : @ 967096.947: tcs3701: start power rail timer, state:3
01-09 11:30:26.185  1086  1254 I ASH     : @ 967096.987: tcs3701: stop power rail pending_off timer
01-09 11:30:26.185  1086  1254 D ASH     : @ 967096.987: tcs3701: start power rail timer, state:3
01-09 11:30:26.225  1086  1254 I ASH     : @ 967097.027: tcs3701: stop power rail pending_off timer
01-09 11:30:26.225  1086  1254 D ASH     : @ 967097.027: tcs3701: start power rail timer, state:3
01-09 11:30:26.265  1086  1254 I ASH     : @ 967097.067: tcs3701: stop power rail pending_off timer
01-09 11:30:26.265  1086  1254 D ASH     : @ 967097.067: tcs3701: start power rail timer, state:3
01-09 11:30:26.305  1086  1254 I ASH     : @ 967097.107: tcs3701: stop power rail pending_off timer
01-09 11:30:26.305  1086  1254 D ASH     : @ 967097.107: tcs3701: start power rail timer, state:3
01-09 11:30:26.345  1086  1254 I ASH     : @ 967097.147: tcs3701: stop power rail pending_off timer
01-09 11:30:26.345  1086  1254 D ASH     : @ 967097.147: tcs3701: start power rail timer, state:3
01-09 11:30:26.385  1086  1254 I ASH     : @ 967097.187: tcs3701: stop power rail pending_off timer
01-09 11:30:26.385  1086  1254 D ASH     : @ 967097.187: tcs3701: start power rail timer, state:3
01-09 11:30:26.425  1086  1254 I ASH     : @ 967097.227: tcs3701: stop power rail pending_off timer
01-09 11:30:26.425  1086  1254 D ASH     : @ 967097.227: tcs3701: start power rail timer, state:3
01-09 11:30:26.465  1086  1254 I ASH     : @ 967097.267: tcs3701: stop power rail pending_off timer
01-09 11:30:26.465  1086  1254 D ASH     : @ 967097.267: tcs3701: start power rail timer, state:3
01-09 11:30:26.504  1086  1254 I ASH     : @ 967097.307: tcs3701: stop power rail pending_off timer
01-09 11:30:26.505  1086  1254 D ASH     : @ 967097.307: tcs3701: start power rail timer, state:3
01-09 11:30:26.545  1086  1254 I ASH     : @ 967097.347: tcs3701: stop power rail pending_off timer
01-09 11:30:26.545  1086  1254 D ASH     : @ 967097.347: tcs3701: start power rail timer, state:3
01-09 11:30:26.585  1086  1254 I ASH     : @ 967097.387: tcs3701: stop power rail pending_off timer
01-09 11:30:26.585  1086  1254 D ASH     : @ 967097.387: tcs3701: start power rail timer, state:3
01-09 11:30:26.625  1086  1254 I ASH     : @ 967097.427: tcs3701: stop power rail pending_off timer
01-09 11:30:26.625  1086  1254 D ASH     : @ 967097.427: tcs3701: start power rail timer, state:3
01-09 11:30:26.665  1086  1254 I ASH     : @ 967097.467: tcs3701: stop power rail pending_off timer
01-09 11:30:26.665  1086  1254 D ASH     : @ 967097.467: tcs3701: start power rail timer, state:3
01-09 11:30:26.705  1086  1254 I ASH     : @ 967097.507: tcs3701: stop power rail pending_off timer
01-09 11:30:26.705  1086  1254 D ASH     : @ 967097.507: tcs3701: start power rail timer, state:3
01-09 11:30:26.745  1086  1254 I ASH     : @ 967097.547: tcs3701: stop power rail pending_off timer
01-09 11:30:26.745  1086  1254 D ASH     : @ 967097.547: tcs3701: start power rail timer, state:3
01-09 11:30:26.784  1086  1254 I ASH     : @ 967097.587: tcs3701: stop power rail pending_off timer
01-09 11:30:26.785  1086  1254 D ASH     : @ 967097.587: tcs3701: start power rail timer, state:3
01-09 11:30:26.825  1086  1254 I ASH     : @ 967097.627: tcs3701: stop power rail pending_off timer
01-09 11:30:26.825  1086  1254 D ASH     : @ 967097.627: tcs3701: start power rail timer, state:3
01-09 11:30:26.865  1086  1254 I ASH     : @ 967097.667: tcs3701: stop power rail pending_off timer
01-09 11:30:26.865  1086  1254 D ASH     : @ 967097.667: tcs3701: start power rail timer, state:3
01-09 11:30:26.905  1086  1254 I ASH     : @ 967097.707: tcs3701: stop power rail pending_off timer
01-09 11:30:26.905  1086  1254 D ASH     : @ 967097.707: tcs3701: start power rail timer, state:3
01-09 11:30:26.945  1086  1254 I ASH     : @ 967097.747: tcs3701: stop power rail pending_off timer
01-09 11:30:26.945  1086  1254 D ASH     : @ 967097.747: tcs3701: start power rail timer, state:3
01-09 11:30:26.985  1086  1254 I ASH     : @ 967097.787: tcs3701: stop power rail pending_off timer
01-09 11:30:26.985  1086  1254 D ASH     : @ 967097.787: tcs3701: start power rail timer, state:3
01-09 11:30:27.025  1086  1254 I ASH     : @ 967097.827: tcs3701: stop power rail pending_off timer
01-09 11:30:27.025  1086  1254 D ASH     : @ 967097.827: tcs3701: start power rail timer, state:3
01-09 11:30:27.065  1086  1254 I ASH     : @ 967097.867: tcs3701: stop power rail pending_off timer
01-09 11:30:27.065  1086  1254 D ASH     : @ 967097.867: tcs3701: start power rail timer, state:3
01-09 11:30:27.105  1086  1254 I ASH     : @ 967097.907: tcs3701: stop power rail pending_off timer
01-09 11:30:27.105  1086  1254 D ASH     : @ 967097.907: tcs3701: start power rail timer, state:3
01-09 11:30:27.145  1086  1254 I ASH     : @ 967097.947: tcs3701: stop power rail pending_off timer
01-09 11:30:27.145  1086  1254 D ASH     : @ 967097.947: tcs3701: start power rail timer, state:3
01-09 11:30:27.185  1086  1254 I ASH     : @ 967097.987: tcs3701: stop power rail pending_off timer
01-09 11:30:27.185  1086  1254 D ASH     : @ 967097.987: tcs3701: start power rail timer, state:3
01-09 11:30:27.225  1086  1254 I ASH     : @ 967098.027: tcs3701: stop power rail pending_off timer
01-09 11:30:27.225  1086  1254 D ASH     : @ 967098.027: tcs3701: start power rail timer, state:3
01-09 11:30:27.265  1086  1254 I ASH     : @ 967098.067: tcs3701: stop power rail pending_off timer
01-09 11:30:27.265  1086  1254 D ASH     : @ 967098.067: tcs3701: start power rail timer, state:3
01-09 11:30:27.304  1086  1254 I ASH     : @ 967098.107: tcs3701: stop power rail pending_off timer
01-09 11:30:27.305  1086  1254 D ASH     : @ 967098.107: tcs3701: start power rail timer, state:3
01-09 11:30:27.344  1086  1254 I ASH     : @ 967098.147: tcs3701: stop power rail pending_off timer
01-09 11:30:27.345  1086  1254 D ASH     : @ 967098.147: tcs3701: start power rail timer, state:3
01-09 11:30:27.384  1086  1254 I ASH     : @ 967098.187: tcs3701: stop power rail pending_off timer
01-09 11:30:27.385  1086  1254 D ASH     : @ 967098.187: tcs3701: start power rail timer, state:3
01-09 11:30:27.425  1086  1254 I ASH     : @ 967098.227: tcs3701: stop power rail pending_off timer
01-09 11:30:27.425  1086  1254 D ASH     : @ 967098.227: tcs3701: start power rail timer, state:3
01-09 11:30:27.465  1086  1254 I ASH     : @ 967098.267: tcs3701: stop power rail pending_off timer
01-09 11:30:27.465  1086  1254 D ASH     : @ 967098.267: tcs3701: start power rail timer, state:3
01-09 11:30:27.505  1086  1254 I ASH     : @ 967098.307: tcs3701: stop power rail pending_off timer
01-09 11:30:27.505  1086  1254 D ASH     : @ 967098.307: tcs3701: start power rail timer, state:3
01-09 11:30:27.545  1086  1254 I ASH     : @ 967098.347: tcs3701: stop power rail pending_off timer
01-09 11:30:27.545  1086  1254 D ASH     : @ 967098.347: tcs3701: start power rail timer, state:3
01-09 11:30:27.585  1086  1254 I ASH     : @ 967098.387: tcs3701: stop power rail pending_off timer
01-09 11:30:27.585  1086  1254 D ASH     : @ 967098.387: tcs3701: start power rail timer, state:3
01-09 11:30:27.625  1086  1254 I ASH     : @ 967098.427: tcs3701: stop power rail pending_off timer
01-09 11:30:27.625  1086  1254 D ASH     : @ 967098.427: tcs3701: start power rail timer, state:3
01-09 11:30:27.665  1086  1254 I ASH     : @ 967098.467: tcs3701: stop power rail pending_off timer
01-09 11:30:27.665  1086  1254 D ASH     : @ 967098.467: tcs3701: start power rail timer, state:3
01-09 11:30:27.705  1086  1254 I ASH     : @ 967098.507: tcs3701: stop power rail pending_off timer
01-09 11:30:27.705  1086  1254 D ASH     : @ 967098.507: tcs3701: start power rail timer, state:3
01-09 11:30:27.745  1086  1254 I ASH     : @ 967098.547: tcs3701: stop power rail pending_off timer
01-09 11:30:27.745  1086  1254 D ASH     : @ 967098.547: tcs3701: start power rail timer, state:3
01-09 11:30:27.785  1086  1254 I ASH     : @ 967098.587: tcs3701: stop power rail pending_off timer
01-09 11:30:27.785  1086  1254 D ASH     : @ 967098.587: tcs3701: start power rail timer, state:3
01-09 11:30:27.825  1086  1254 I ASH     : @ 967098.627: tcs3701: stop power rail pending_off timer
01-09 11:30:27.825  1086  1254 D ASH     : @ 967098.627: tcs3701: start power rail timer, state:3
01-09 11:30:27.865  1086  1254 I ASH     : @ 967098.667: tcs3701: stop power rail pending_off timer
01-09 11:30:27.865  1086  1254 D ASH     : @ 967098.667: tcs3701: start power rail timer, state:3
01-09 11:30:27.905  1086  1254 I ASH     : @ 967098.707: tcs3701: stop power rail pending_off timer
01-09 11:30:27.905  1086  1254 D ASH     : @ 967098.707: tcs3701: start power rail timer, state:3
01-09 11:30:27.945  1086  1254 I ASH     : @ 967098.747: tcs3701: stop power rail pending_off timer
01-09 11:30:27.945  1086  1254 D ASH     : @ 967098.747: tcs3701: start power rail timer, state:3
01-09 11:30:27.984  1086  1254 I ASH     : @ 967098.787: tcs3701: stop power rail pending_off timer
01-09 11:30:27.985  1086  1254 D ASH     : @ 967098.787: tcs3701: start power rail timer, state:3
01-09 11:30:28.025  1086  1254 I ASH     : @ 967098.827: tcs3701: stop power rail pending_off timer
01-09 11:30:28.025  1086  1254 D ASH     : @ 967098.827: tcs3701: start power rail timer, state:3
01-09 11:30:28.065  1086  1254 I ASH     : @ 967098.867: tcs3701: stop power rail pending_off timer
01-09 11:30:28.065  1086  1254 D ASH     : @ 967098.867: tcs3701: start power rail timer, state:3
01-09 11:30:28.104  1086  1254 I ASH     : @ 967098.907: tcs3701: stop power rail pending_off timer
01-09 11:30:28.105  1086  1254 D ASH     : @ 967098.907: tcs3701: start power rail timer, state:3
01-09 11:30:28.145  1086  1254 I ASH     : @ 967098.947: tcs3701: stop power rail pending_off timer
01-09 11:30:28.145  1086  1254 D ASH     : @ 967098.947: tcs3701: start power rail timer, state:3
01-09 11:30:28.185  1086  1254 I ASH     : @ 967098.987: tcs3701: stop power rail pending_off timer
01-09 11:30:28.185  1086  1254 D ASH     : @ 967098.987: tcs3701: start power rail timer, state:3
01-09 11:30:28.225  1086  1254 I ASH     : @ 967099.027: tcs3701: stop power rail pending_off timer
01-09 11:30:28.225  1086  1254 D ASH     : @ 967099.027: tcs3701: start power rail timer, state:3
01-09 11:30:28.265  1086  1254 I ASH     : @ 967099.067: tcs3701: stop power rail pending_off timer
01-09 11:30:28.265  1086  1254 D ASH     : @ 967099.067: tcs3701: start power rail timer, state:3
01-09 11:30:28.304  1086  1254 I ASH     : @ 967099.107: tcs3701: stop power rail pending_off timer
01-09 11:30:28.305  1086  1254 D ASH     : @ 967099.107: tcs3701: start power rail timer, state:3
01-09 11:30:28.345  1086  1254 I ASH     : @ 967099.147: tcs3701: stop power rail pending_off timer
01-09 11:30:28.345  1086  1254 D ASH     : @ 967099.147: tcs3701: start power rail timer, state:3
01-09 11:30:28.385  1086  1254 I ASH     : @ 967099.187: tcs3701: stop power rail pending_off timer
01-09 11:30:28.385  1086  1254 D ASH     : @ 967099.187: tcs3701: start power rail timer, state:3
01-09 11:30:28.424  1086  1254 I ASH     : @ 967099.227: tcs3701: stop power rail pending_off timer
01-09 11:30:28.425  1086  1254 D ASH     : @ 967099.227: tcs3701: start power rail timer, state:3
01-09 11:30:28.465  1086  1254 I ASH     : @ 967099.267: tcs3701: stop power rail pending_off timer
01-09 11:30:28.465  1086  1254 D ASH     : @ 967099.267: tcs3701: start power rail timer, state:3
01-09 11:30:28.505  1086  1254 I ASH     : @ 967099.307: tcs3701: stop power rail pending_off timer
01-09 11:30:28.505  1086  1254 D ASH     : @ 967099.307: tcs3701: start power rail timer, state:3
01-09 11:30:28.545  1086  1254 I ASH     : @ 967099.347: tcs3701: stop power rail pending_off timer
01-09 11:30:28.545  1086  1254 D ASH     : @ 967099.347: tcs3701: start power rail timer, state:3
01-09 11:30:28.584  1086  1254 I ASH     : @ 967099.387: tcs3701: stop power rail pending_off timer
01-09 11:30:28.585  1086  1254 D ASH     : @ 967099.387: tcs3701: start power rail timer, state:3
01-09 11:30:28.625  1086  1254 I ASH     : @ 967099.427: tcs3701: stop power rail pending_off timer
01-09 11:30:28.625  1086  1254 D ASH     : @ 967099.427: tcs3701: start power rail timer, state:3
01-09 11:30:28.665  1086  1254 I ASH     : @ 967099.467: tcs3701: stop power rail pending_off timer
01-09 11:30:28.665  1086  1254 D ASH     : @ 967099.467: tcs3701: start power rail timer, state:3
01-09 11:30:28.704  1086  1254 I ASH     : @ 967099.507: tcs3701: stop power rail pending_off timer
01-09 11:30:28.704  1086  1254 D ASH     : @ 967099.507: tcs3701: start power rail timer, state:3
01-09 11:30:28.745  1086  1254 I ASH     : @ 967099.547: tcs3701: stop power rail pending_off timer
01-09 11:30:28.745  1086  1254 D ASH     : @ 967099.547: tcs3701: start power rail timer, state:3
01-09 11:30:28.785  1086  1254 I ASH     : @ 967099.587: tcs3701: stop power rail pending_off timer
01-09 11:30:28.785  1086  1254 D ASH     : @ 967099.587: tcs3701: start power rail timer, state:3
01-09 11:30:28.825  1086  1254 I ASH     : @ 967099.627: tcs3701: stop power rail pending_off timer
01-09 11:30:28.825  1086  1254 D ASH     : @ 967099.627: tcs3701: start power rail timer, state:3
01-09 11:30:28.865  1086  1254 I ASH     : @ 967099.667: tcs3701: stop power rail pending_off timer
01-09 11:30:28.865  1086  1254 D ASH     : @ 967099.667: tcs3701: start power rail timer, state:3
01-09 11:30:28.904  1086  1254 I ASH     : @ 967099.707: tcs3701: stop power rail pending_off timer
01-09 11:30:28.904  1086  1254 D ASH     : @ 967099.707: tcs3701: start power rail timer, state:3
01-09 11:30:28.945  1086  1254 I ASH     : @ 967099.747: tcs3701: stop power rail pending_off timer
01-09 11:30:28.945  1086  1254 D ASH     : @ 967099.747: tcs3701: start power rail timer, state:3
01-09 11:30:28.985  1086  1254 I ASH     : @ 967099.787: tcs3701: stop power rail pending_off timer
01-09 11:30:28.985  1086  1254 D ASH     : @ 967099.787: tcs3701: start power rail timer, state:3
01-09 11:30:29.025  1086  1254 I ASH     : @ 967099.827: tcs3701: stop power rail pending_off timer
01-09 11:30:29.025  1086  1254 D ASH     : @ 967099.827: tcs3701: start power rail timer, state:3
01-09 11:30:29.065  1086  1254 I ASH     : @ 967099.867: tcs3701: stop power rail pending_off timer
01-09 11:30:29.065  1086  1254 D ASH     : @ 967099.867: tcs3701: start power rail timer, state:3
01-09 11:30:29.105  1086  1254 I ASH     : @ 967099.907: tcs3701: stop power rail pending_off timer
01-09 11:30:29.105  1086  1254 D ASH     : @ 967099.907: tcs3701: start power rail timer, state:3
01-09 11:30:29.145  1086  1254 I ASH     : @ 967099.947: tcs3701: stop power rail pending_off timer
01-09 11:30:29.145  1086  1254 D ASH     : @ 967099.947: tcs3701: start power rail timer, state:3
01-09 11:30:29.184  1086  1254 I ASH     : @ 967099.987: tcs3701: stop power rail pending_off timer
01-09 11:30:29.185  1086  1254 D ASH     : @ 967099.987: tcs3701: start power rail timer, state:3
01-09 11:30:29.225  1086  1254 I ASH     : @ 967100.027: tcs3701: stop power rail pending_off timer
01-09 11:30:29.225  1086  1254 D ASH     : @ 967100.027: tcs3701: start power rail timer, state:3
01-09 11:30:29.265  1086  1254 I ASH     : @ 967100.067: tcs3701: stop power rail pending_off timer
01-09 11:30:29.265  1086  1254 D ASH     : @ 967100.067: tcs3701: start power rail timer, state:3
01-09 11:30:29.305  1086  1254 I ASH     : @ 967100.107: tcs3701: stop power rail pending_off timer
01-09 11:30:29.305  1086  1254 D ASH     : @ 967100.107: tcs3701: start power rail timer, state:3
01-09 11:30:29.345  1086  1254 I ASH     : @ 967100.147: tcs3701: stop power rail pending_off timer
01-09 11:30:29.345  1086  1254 D ASH     : @ 967100.147: tcs3701: start power rail timer, state:3
01-09 11:30:29.385  1086  1254 I ASH     : @ 967100.187: tcs3701: stop power rail pending_off timer
01-09 11:30:29.385  1086  1254 D ASH     : @ 967100.187: tcs3701: start power rail timer, state:3
01-09 11:30:29.425  1086  1254 I ASH     : @ 967100.227: tcs3701: stop power rail pending_off timer
01-09 11:30:29.425  1086  1254 D ASH     : @ 967100.227: tcs3701: start power rail timer, state:3
01-09 11:30:29.465  1086  1254 I ASH     : @ 967100.267: tcs3701: stop power rail pending_off timer
01-09 11:30:29.465  1086  1254 D ASH     : @ 967100.267: tcs3701: start power rail timer, state:3
01-09 11:30:29.505  1086  1254 I ASH     : @ 967100.307: tcs3701: stop power rail pending_off timer
01-09 11:30:29.505  1086  1254 D ASH     : @ 967100.307: tcs3701: start power rail timer, state:3
01-09 11:30:29.544  1086  1254 I ASH     : @ 967100.347: tcs3701: stop power rail pending_off timer
01-09 11:30:29.545  1086  1254 D ASH     : @ 967100.347: tcs3701: start power rail timer, state:3
01-09 11:30:29.584  1086  1254 I ASH     : @ 967100.387: tcs3701: stop power rail pending_off timer
01-09 11:30:29.585  1086  1254 D ASH     : @ 967100.387: tcs3701: start power rail timer, state:3
01-09 11:30:29.625  1086  1254 I ASH     : @ 967100.427: tcs3701: stop power rail pending_off timer
01-09 11:30:29.625  1086  1254 D ASH     : @ 967100.427: tcs3701: start power rail timer, state:3
01-09 11:30:29.665  1086  1254 I ASH     : @ 967100.467: tcs3701: stop power rail pending_off timer
01-09 11:30:29.665  1086  1254 D ASH     : @ 967100.467: tcs3701: start power rail timer, state:3
01-09 11:30:29.705  1086  1254 I ASH     : @ 967100.507: tcs3701: stop power rail pending_off timer
01-09 11:30:29.705  1086  1254 D ASH     : @ 967100.507: tcs3701: start power rail timer, state:3
01-09 11:30:29.707 25993 26012 I Unity   : [showcase] frame cost — scene layout at 2340x1080 over 240 frames — tick 0.05 ms, draw mean 0.18 p50 0.19 p95 0.24 max 0.34 ms (4342.4 fps if unpaced)
01-09 11:30:29.707 25993 26012 I Unity   : UnityEngine.DebugLogHandler:Internal_Log(LogType, LogOption, String, Object)
01-09 11:30:29.707 25993 26012 I Unity   : Driftsys.Dashscene.Samples.DashsceneShowcase:Update()
01-09 11:30:29.707 25993 26012 I Unity   : 
01-09 11:30:29.745  1086  1254 I ASH     : @ 967100.547: tcs3701: stop power rail pending_off timer
01-09 11:30:29.745  1086  1254 D ASH     : @ 967100.547: tcs3701: start power rail timer, state:3
01-09 11:30:29.785  1086  1254 I ASH     : @ 967100.587: tcs3701: stop power rail pending_off timer
01-09 11:30:29.785  1086  1254 D ASH     : @ 967100.587: tcs3701: start power rail timer, state:3
01-09 11:30:29.825  1086  1254 I ASH     : @ 967100.627: tcs3701: stop power rail pending_off timer
01-09 11:30:29.825  1086  1254 D ASH     : @ 967100.627: tcs3701: start power rail timer, state:3
01-09 11:30:29.865  1086  1254 I ASH     : @ 967100.667: tcs3701: stop power rail pending_off timer
01-09 11:30:29.865  1086  1254 D ASH     : @ 967100.667: tcs3701: start power rail timer, state:3
01-09 11:30:29.905  1086  1254 I ASH     : @ 967100.707: tcs3701: stop power rail pending_off timer
01-09 11:30:29.905  1086  1254 D ASH     : @ 967100.707: tcs3701: start power rail timer, state:3
01-09 11:30:29.945  1086  1254 I ASH     : @ 967100.747: tcs3701: stop power rail pending_off timer
01-09 11:30:29.945  1086  1254 D ASH     : @ 967100.747: tcs3701: start power rail timer, state:3
01-09 11:30:29.985  1086  1254 I ASH     : @ 967100.787: tcs3701: stop power rail pending_off timer
01-09 11:30:29.985  1086  1254 D ASH     : @ 967100.787: tcs3701: start power rail timer, state:3
01-09 11:30:30.025  1086  1254 I ASH     : @ 967100.827: tcs3701: stop power rail pending_off timer
01-09 11:30:30.025  1086  1254 D ASH     : @ 967100.827: tcs3701: start power rail timer, state:3
01-09 11:30:30.065  1086  1254 I ASH     : @ 967100.867: tcs3701: stop power rail pending_off timer
01-09 11:30:30.065  1086  1254 D ASH     : @ 967100.867: tcs3701: start power rail timer, state:3
01-09 11:30:30.105  1086  1254 I ASH     : @ 967100.907: tcs3701: stop power rail pending_off timer
01-09 11:30:30.105  1086  1254 D ASH     : @ 967100.907: tcs3701: start power rail timer, state:3
01-09 11:30:30.145  1086  1254 I ASH     : @ 967100.947: tcs3701: stop power rail pending_off timer
01-09 11:30:30.145  1086  1254 D ASH     : @ 967100.947: tcs3701: start power rail timer, state:3
01-09 11:30:30.185  1086  1254 I ASH     : @ 967100.987: tcs3701: stop power rail pending_off timer
01-09 11:30:30.185  1086  1254 D ASH     : @ 967100.987: tcs3701: start power rail timer, state:3
01-09 11:30:30.225  1086  1254 I ASH     : @ 967101.027: tcs3701: stop power rail pending_off timer
01-09 11:30:30.225  1086  1254 D ASH     : @ 967101.027: tcs3701: start power rail timer, state:3
01-09 11:30:30.265  1086  1254 I ASH     : @ 967101.067: tcs3701: stop power rail pending_off timer
01-09 11:30:30.265  1086  1254 D ASH     : @ 967101.067: tcs3701: start power rail timer, state:3
01-09 11:30:30.305  1086  1254 I ASH     : @ 967101.107: tcs3701: stop power rail pending_off timer
01-09 11:30:30.305  1086  1254 D ASH     : @ 967101.107: tcs3701: start power rail timer, state:3
01-09 11:30:30.345  1086  1254 I ASH     : @ 967101.147: tcs3701: stop power rail pending_off timer
01-09 11:30:30.345  1086  1254 D ASH     : @ 967101.147: tcs3701: start power rail timer, state:3
01-09 11:30:30.385  1086  1254 I ASH     : @ 967101.187: tcs3701: stop power rail pending_off timer
01-09 11:30:30.385  1086  1254 D ASH     : @ 967101.187: tcs3701: start power rail timer, state:3
01-09 11:30:30.425  1086  1254 I ASH     : @ 967101.227: tcs3701: stop power rail pending_off timer
01-09 11:30:30.425  1086  1254 D ASH     : @ 967101.227: tcs3701: start power rail timer, state:3
01-09 11:30:30.465  1086  1254 I ASH     : @ 967101.267: tcs3701: stop power rail pending_off timer
01-09 11:30:30.465  1086  1254 D ASH     : @ 967101.267: tcs3701: start power rail timer, state:3
01-09 11:30:30.505  1086  1254 I ASH     : @ 967101.307: tcs3701: stop power rail pending_off timer
01-09 11:30:30.505  1086  1254 D ASH     : @ 967101.307: tcs3701: start power rail timer, state:3
01-09 11:30:30.545  1086  1254 I ASH     : @ 967101.347: tcs3701: stop power rail pending_off timer
01-09 11:30:30.545  1086  1254 D ASH     : @ 967101.347: tcs3701: start power rail timer, state:3
01-09 11:30:30.585  1086  1254 I ASH     : @ 967101.387: tcs3701: stop power rail pending_off timer
01-09 11:30:30.585  1086  1254 D ASH     : @ 967101.387: tcs3701: start power rail timer, state:3
01-09 11:30:30.625  1086  1254 I ASH     : @ 967101.427: tcs3701: stop power rail pending_off timer
01-09 11:30:30.625  1086  1254 D ASH     : @ 967101.427: tcs3701: start power rail timer, state:3
01-09 11:30:30.665  1086  1254 I ASH     : @ 967101.467: tcs3701: stop power rail pending_off timer
01-09 11:30:30.665  1086  1254 D ASH     : @ 967101.467: tcs3701: start power rail timer, state:3
01-09 11:30:30.705  1086  1254 I ASH     : @ 967101.507: tcs3701: stop power rail pending_off timer
01-09 11:30:30.705  1086  1254 D ASH     : @ 967101.507: tcs3701: start power rail timer, state:3
01-09 11:30:30.745  1086  1254 I ASH     : @ 967101.547: tcs3701: stop power rail pending_off timer
01-09 11:30:30.745  1086  1254 D ASH     : @ 967101.547: tcs3701: start power rail timer, state:3
01-09 11:30:30.785  1086  1254 I ASH     : @ 967101.587: tcs3701: stop power rail pending_off timer
01-09 11:30:30.785  1086  1254 D ASH     : @ 967101.587: tcs3701: start power rail timer, state:3
01-09 11:30:30.825  1086  1254 I ASH     : @ 967101.627: tcs3701: stop power rail pending_off timer
01-09 11:30:30.825  1086  1254 D ASH     : @ 967101.627: tcs3701: start power rail timer, state:3
01-09 11:30:30.865  1086  1254 I ASH     : @ 967101.667: tcs3701: stop power rail pending_off timer
01-09 11:30:30.865  1086  1254 D ASH     : @ 967101.667: tcs3701: start power rail timer, state:3
01-09 11:30:30.905  1086  1254 I ASH     : @ 967101.707: tcs3701: stop power rail pending_off timer
01-09 11:30:30.905  1086  1254 D ASH     : @ 967101.707: tcs3701: start power rail timer, state:3
01-09 11:30:30.945  1086  1254 I ASH     : @ 967101.747: tcs3701: stop power rail pending_off timer
01-09 11:30:30.945  1086  1254 D ASH     : @ 967101.747: tcs3701: start power rail timer, state:3
01-09 11:30:30.985  1086  1254 I ASH     : @ 967101.787: tcs3701: stop power rail pending_off timer
01-09 11:30:30.985  1086  1254 D ASH     : @ 967101.787: tcs3701: start power rail timer, state:3
01-09 11:30:31.025  1086  1254 I ASH     : @ 967101.827: tcs3701: stop power rail pending_off timer
01-09 11:30:31.025  1086  1254 D ASH     : @ 967101.827: tcs3701: start power rail timer, state:3
01-09 11:30:31.065  1086  1254 I ASH     : @ 967101.867: tcs3701: stop power rail pending_off timer
01-09 11:30:31.065  1086  1254 D ASH     : @ 967101.867: tcs3701: start power rail timer, state:3
01-09 11:30:31.104  1086  1254 I ASH     : @ 967101.907: tcs3701: stop power rail pending_off timer
01-09 11:30:31.105  1086  1254 D ASH     : @ 967101.907: tcs3701: start power rail timer, state:3
01-09 11:30:31.145  1086  1254 I ASH     : @ 967101.947: tcs3701: stop power rail pending_off timer
01-09 11:30:31.145  1086  1254 D ASH     : @ 967101.947: tcs3701: start power rail timer, state:3
01-09 11:30:31.185  1086  1254 I ASH     : @ 967101.987: tcs3701: stop power rail pending_off timer
01-09 11:30:31.185  1086  1254 D ASH     : @ 967101.987: tcs3701: start power rail timer, state:3
01-09 11:30:31.225  1086  1254 I ASH     : @ 967102.027: tcs3701: stop power rail pending_off timer
01-09 11:30:31.225  1086  1254 D ASH     : @ 967102.027: tcs3701: start power rail timer, state:3
01-09 11:30:31.265  1086  1254 I ASH     : @ 967102.067: tcs3701: stop power rail pending_off timer
01-09 11:30:31.265  1086  1254 D ASH     : @ 967102.067: tcs3701: start power rail timer, state:3
01-09 11:30:31.305  1086  1254 I ASH     : @ 967102.107: tcs3701: stop power rail pending_off timer
01-09 11:30:31.305  1086  1254 D ASH     : @ 967102.107: tcs3701: start power rail timer, state:3
01-09 11:30:31.345  1086  1254 I ASH     : @ 967102.147: tcs3701: stop power rail pending_off timer
01-09 11:30:31.345  1086  1254 D ASH     : @ 967102.147: tcs3701: start power rail timer, state:3
01-09 11:30:31.385  1086  1254 I ASH     : @ 967102.187: tcs3701: stop power rail pending_off timer
01-09 11:30:31.385  1086  1254 D ASH     : @ 967102.187: tcs3701: start power rail timer, state:3
01-09 11:30:31.424  1086  1254 I ASH     : @ 967102.227: tcs3701: stop power rail pending_off timer
01-09 11:30:31.425  1086  1254 D ASH     : @ 967102.227: tcs3701: start power rail timer, state:3
01-09 11:30:31.465  1086  1254 I ASH     : @ 967102.267: tcs3701: stop power rail pending_off timer
01-09 11:30:31.465  1086  1254 D ASH     : @ 967102.267: tcs3701: start power rail timer, state:3
01-09 11:30:31.505  1086  1254 I ASH     : @ 967102.307: tcs3701: stop power rail pending_off timer
01-09 11:30:31.505  1086  1254 D ASH     : @ 967102.307: tcs3701: start power rail timer, state:3
01-09 11:30:31.545  1086  1254 I ASH     : @ 967102.347: tcs3701: stop power rail pending_off timer
01-09 11:30:31.545  1086  1254 D ASH     : @ 967102.347: tcs3701: start power rail timer, state:3
01-09 11:30:31.585  1086  1254 I ASH     : @ 967102.387: tcs3701: stop power rail pending_off timer
01-09 11:30:31.585  1086  1254 D ASH     : @ 967102.387: tcs3701: start power rail timer, state:3
01-09 11:30:31.624  1086  1254 I ASH     : @ 967102.427: tcs3701: stop power rail pending_off timer
01-09 11:30:31.625  1086  1254 D ASH     : @ 967102.427: tcs3701: start power rail timer, state:3
01-09 11:30:31.665  1086  1254 I ASH     : @ 967102.467: tcs3701: stop power rail pending_off timer
01-09 11:30:31.665  1086  1254 D ASH     : @ 967102.467: tcs3701: start power rail timer, state:3
01-09 11:30:31.705  1086  1254 I ASH     : @ 967102.507: tcs3701: stop power rail pending_off timer
01-09 11:30:31.705  1086  1254 D ASH     : @ 967102.507: tcs3701: start power rail timer, state:3
01-09 11:30:31.745  1086  1254 I ASH     : @ 967102.547: tcs3701: stop power rail pending_off timer
01-09 11:30:31.746  1086  1254 D ASH     : @ 967102.547: tcs3701: start power rail timer, state:3
01-09 11:30:31.784  1086  1254 I ASH     : @ 967102.587: tcs3701: stop power rail pending_off timer
01-09 11:30:31.785  1086  1254 D ASH     : @ 967102.587: tcs3701: start power rail timer, state:3
01-09 11:30:31.825  1086  1254 I ASH     : @ 967102.627: tcs3701: stop power rail pending_off timer
01-09 11:30:31.825  1086  1254 D ASH     : @ 967102.627: tcs3701: start power rail timer, state:3
01-09 11:30:31.865  1086  1254 I ASH     : @ 967102.667: tcs3701: stop power rail pending_off timer
01-09 11:30:31.865  1086  1254 D ASH     : @ 967102.667: tcs3701: start power rail timer, state:3
01-09 11:30:31.904  1086  1254 I ASH     : @ 967102.707: tcs3701: stop power rail pending_off timer
01-09 11:30:31.905  1086  1254 D ASH     : @ 967102.707: tcs3701: start power rail timer, state:3
01-09 11:30:31.945  1086  1254 I ASH     : @ 967102.747: tcs3701: stop power rail pending_off timer
01-09 11:30:31.945  1086  1254 D ASH     : @ 967102.747: tcs3701: start power rail timer, state:3
01-09 11:30:31.985  1086  1254 I ASH     : @ 967102.787: tcs3701: stop power rail pending_off timer
01-09 11:30:31.985  1086  1254 D ASH     : @ 967102.787: tcs3701: start power rail timer, state:3
01-09 11:30:32.025  1086  1254 I ASH     : @ 967102.827: tcs3701: stop power rail pending_off timer
01-09 11:30:32.025  1086  1254 D ASH     : @ 967102.827: tcs3701: start power rail timer, state:3
01-09 11:30:32.065  1086  1254 I ASH     : @ 967102.867: tcs3701: stop power rail pending_off timer
01-09 11:30:32.065  1086  1254 D ASH     : @ 967102.867: tcs3701: start power rail timer, state:3
01-09 11:30:32.105  1086  1254 I ASH     : @ 967102.907: tcs3701: stop power rail pending_off timer
01-09 11:30:32.105  1086  1254 D ASH     : @ 967102.907: tcs3701: start power rail timer, state:3
01-09 11:30:32.145  1086  1254 I ASH     : @ 967102.947: tcs3701: stop power rail pending_off timer
01-09 11:30:32.145  1086  1254 D ASH     : @ 967102.947: tcs3701: start power rail timer, state:3
01-09 11:30:32.185  1086  1254 I ASH     : @ 967102.987: tcs3701: stop power rail pending_off timer
01-09 11:30:32.185  1086  1254 D ASH     : @ 967102.987: tcs3701: start power rail timer, state:3
01-09 11:30:32.225  1086  1254 I ASH     : @ 967103.027: tcs3701: stop power rail pending_off timer
01-09 11:30:32.225  1086  1254 D ASH     : @ 967103.027: tcs3701: start power rail timer, state:3
01-09 11:30:32.265  1086  1254 I ASH     : @ 967103.067: tcs3701: stop power rail pending_off timer
01-09 11:30:32.265  1086  1254 D ASH     : @ 967103.067: tcs3701: start power rail timer, state:3
01-09 11:30:32.305  1086  1254 I ASH     : @ 967103.107: tcs3701: stop power rail pending_off timer
01-09 11:30:32.305  1086  1254 D ASH     : @ 967103.107: tcs3701: start power rail timer, state:3
01-09 11:30:32.345  1086  1254 I ASH     : @ 967103.147: tcs3701: stop power rail pending_off timer
01-09 11:30:32.345  1086  1254 D ASH     : @ 967103.147: tcs3701: start power rail timer, state:3
01-09 11:30:32.385  1086  1254 I ASH     : @ 967103.187: tcs3701: stop power rail pending_off timer
01-09 11:30:32.385  1086  1254 D ASH     : @ 967103.187: tcs3701: start power rail timer, state:3
01-09 11:30:32.425  1086  1254 I ASH     : @ 967103.227: tcs3701: stop power rail pending_off timer
01-09 11:30:32.425  1086  1254 D ASH     : @ 967103.227: tcs3701: start power rail timer, state:3
01-09 11:30:32.465  1086  1254 I ASH     : @ 967103.267: tcs3701: stop power rail pending_off timer
01-09 11:30:32.465  1086  1254 D ASH     : @ 967103.267: tcs3701: start power rail timer, state:3
01-09 11:30:32.505  1086  1254 I ASH     : @ 967103.307: tcs3701: stop power rail pending_off timer
01-09 11:30:32.505  1086  1254 D ASH     : @ 967103.307: tcs3701: start power rail timer, state:3
01-09 11:30:32.545  1086  1254 I ASH     : @ 967103.347: tcs3701: stop power rail pending_off timer
01-09 11:30:32.545  1086  1254 D ASH     : @ 967103.347: tcs3701: start power rail timer, state:3
01-09 11:30:32.585  1086  1254 I ASH     : @ 967103.387: tcs3701: stop power rail pending_off timer
01-09 11:30:32.585  1086  1254 D ASH     : @ 967103.387: tcs3701: start power rail timer, state:3
01-09 11:30:32.624  1086  1254 I ASH     : @ 967103.427: tcs3701: stop power rail pending_off timer
01-09 11:30:32.625  1086  1254 D ASH     : @ 967103.427: tcs3701: start power rail timer, state:3
01-09 11:30:32.665  1086  1254 I ASH     : @ 967103.467: tcs3701: stop power rail pending_off timer
01-09 11:30:32.665  1086  1254 D ASH     : @ 967103.467: tcs3701: start power rail timer, state:3
01-09 11:30:32.705  1086  1254 I ASH     : @ 967103.507: tcs3701: stop power rail pending_off timer
01-09 11:30:32.705  1086  1254 D ASH     : @ 967103.507: tcs3701: start power rail timer, state:3
01-09 11:30:32.745  1086  1254 I ASH     : @ 967103.547: tcs3701: stop power rail pending_off timer
01-09 11:30:32.745  1086  1254 D ASH     : @ 967103.547: tcs3701: start power rail timer, state:3
01-09 11:30:32.785  1086  1254 I ASH     : @ 967103.587: tcs3701: stop power rail pending_off timer
01-09 11:30:32.785  1086  1254 D ASH     : @ 967103.587: tcs3701: start power rail timer, state:3
01-09 11:30:32.825  1086  1254 I ASH     : @ 967103.627: tcs3701: stop power rail pending_off timer
01-09 11:30:32.825  1086  1254 D ASH     : @ 967103.627: tcs3701: start power rail timer, state:3
01-09 11:30:32.865  1086  1254 I ASH     : @ 967103.667: tcs3701: stop power rail pending_off timer
01-09 11:30:32.865  1086  1254 D ASH     : @ 967103.667: tcs3701: start power rail timer, state:3
01-09 11:30:32.905  1086  1254 I ASH     : @ 967103.707: tcs3701: stop power rail pending_off timer
01-09 11:30:32.905  1086  1254 D ASH     : @ 967103.707: tcs3701: start power rail timer, state:3
01-09 11:30:32.945  1086  1254 I ASH     : @ 967103.747: tcs3701: stop power rail pending_off timer
01-09 11:30:32.945  1086  1254 D ASH     : @ 967103.747: tcs3701: start power rail timer, state:3
01-09 11:30:32.985  1086  1254 I ASH     : @ 967103.787: tcs3701: stop power rail pending_off timer
01-09 11:30:32.985  1086  1254 D ASH     : @ 967103.787: tcs3701: start power rail timer, state:3
01-09 11:30:33.025  1086  1254 I ASH     : @ 967103.827: tcs3701: stop power rail pending_off timer
01-09 11:30:33.025  1086  1254 D ASH     : @ 967103.827: tcs3701: start power rail timer, state:3
01-09 11:30:33.065  1086  1254 I ASH     : @ 967103.867: tcs3701: stop power rail pending_off timer
01-09 11:30:33.065  1086  1254 D ASH     : @ 967103.867: tcs3701: start power rail timer, state:3
01-09 11:30:33.105  1086  1254 I ASH     : @ 967103.907: tcs3701: stop power rail pending_off timer
01-09 11:30:33.105  1086  1254 D ASH     : @ 967103.907: tcs3701: start power rail timer, state:3
01-09 11:30:33.145  1086  1254 I ASH     : @ 967103.947: tcs3701: stop power rail pending_off timer
01-09 11:30:33.145  1086  1254 D ASH     : @ 967103.947: tcs3701: start power rail timer, state:3
01-09 11:30:33.185  1086  1254 I ASH     : @ 967103.987: tcs3701: stop power rail pending_off timer
01-09 11:30:33.185  1086  1254 D ASH     : @ 967103.987: tcs3701: start power rail timer, state:3
01-09 11:30:33.225  1086  1254 I ASH     : @ 967104.027: tcs3701: stop power rail pending_off timer
01-09 11:30:33.225  1086  1254 D ASH     : @ 967104.027: tcs3701: start power rail timer, state:3
01-09 11:30:33.264  1086  1254 I ASH     : @ 967104.067: tcs3701: stop power rail pending_off timer
01-09 11:30:33.265  1086  1254 D ASH     : @ 967104.067: tcs3701: start power rail timer, state:3
01-09 11:30:33.304  1086  1254 I ASH     : @ 967104.107: tcs3701: stop power rail pending_off timer
01-09 11:30:33.305  1086  1254 D ASH     : @ 967104.107: tcs3701: start power rail timer, state:3
01-09 11:30:33.344  1086  1254 I ASH     : @ 967104.147: tcs3701: stop power rail pending_off timer
01-09 11:30:33.345  1086  1254 D ASH     : @ 967104.147: tcs3701: start power rail timer, state:3
01-09 11:30:33.385  1086  1254 I ASH     : @ 967104.187: tcs3701: stop power rail pending_off timer
01-09 11:30:33.385  1086  1254 D ASH     : @ 967104.187: tcs3701: start power rail timer, state:3
01-09 11:30:33.425  1086  1254 I ASH     : @ 967104.227: tcs3701: stop power rail pending_off timer
01-09 11:30:33.425  1086  1254 D ASH     : @ 967104.227: tcs3701: start power rail timer, state:3
01-09 11:30:33.465  1086  1254 I ASH     : @ 967104.267: tcs3701: stop power rail pending_off timer
01-09 11:30:33.465  1086  1254 D ASH     : @ 967104.267: tcs3701: start power rail timer, state:3
01-09 11:30:33.505  1086  1254 I ASH     : @ 967104.307: tcs3701: stop power rail pending_off timer
01-09 11:30:33.505  1086  1254 D ASH     : @ 967104.307: tcs3701: start power rail timer, state:3
01-09 11:30:33.545  1086  1254 I ASH     : @ 967104.347: tcs3701: stop power rail pending_off timer
01-09 11:30:33.545  1086  1254 D ASH     : @ 967104.347: tcs3701: start power rail timer, state:3
01-09 11:30:33.585  1086  1254 I ASH     : @ 967104.387: tcs3701: stop power rail pending_off timer
01-09 11:30:33.585  1086  1254 D ASH     : @ 967104.387: tcs3701: start power rail timer, state:3
01-09 11:30:33.625  1086  1254 I ASH     : @ 967104.427: tcs3701: stop power rail pending_off timer
01-09 11:30:33.625  1086  1254 D ASH     : @ 967104.427: tcs3701: start power rail timer, state:3
01-09 11:30:33.664  1086  1254 I ASH     : @ 967104.467: tcs3701: stop power rail pending_off timer
01-09 11:30:33.665  1086  1254 D ASH     : @ 967104.467: tcs3701: start power rail timer, state:3
01-09 11:30:33.705  1086  1254 I ASH     : @ 967104.507: tcs3701: stop power rail pending_off timer
01-09 11:30:33.705  1086  1254 D ASH     : @ 967104.507: tcs3701: start power rail timer, state:3
01-09 11:30:33.745  1086  1254 I ASH     : @ 967104.547: tcs3701: stop power rail pending_off timer
01-09 11:30:33.745  1086  1254 D ASH     : @ 967104.547: tcs3701: start power rail timer, state:3
01-09 11:30:33.785  1086  1254 I ASH     : @ 967104.587: tcs3701: stop power rail pending_off timer
01-09 11:30:33.785  1086  1254 D ASH     : @ 967104.587: tcs3701: start power rail timer, state:3
01-09 11:30:33.824  1086  1254 I ASH     : @ 967104.627: tcs3701: stop power rail pending_off timer
01-09 11:30:33.825  1086  1254 D ASH     : @ 967104.627: tcs3701: start power rail timer, state:3
01-09 11:30:33.864  1086  1254 I ASH     : @ 967104.667: tcs3701: stop power rail pending_off timer
01-09 11:30:33.865  1086  1254 D ASH     : @ 967104.667: tcs3701: start power rail timer, state:3
01-09 11:30:33.905  1086  1254 I ASH     : @ 967104.707: tcs3701: stop power rail pending_off timer
01-09 11:30:33.905  1086  1254 D ASH     : @ 967104.707: tcs3701: start power rail timer, state:3
01-09 11:30:33.944  1086  1254 I ASH     : @ 967104.747: tcs3701: stop power rail pending_off timer
01-09 11:30:33.945  1086  1254 D ASH     : @ 967104.747: tcs3701: start power rail timer, state:3
01-09 11:30:33.985  1086  1254 I ASH     : @ 967104.787: tcs3701: stop power rail pending_off timer
01-09 11:30:33.985  1086  1254 D ASH     : @ 967104.787: tcs3701: start power rail timer, state:3
01-09 11:30:34.024  1086  1254 I ASH     : @ 967104.827: tcs3701: stop power rail pending_off timer
01-09 11:30:34.025  1086  1254 D ASH     : @ 967104.827: tcs3701: start power rail timer, state:3
01-09 11:30:34.065  1086  1254 I ASH     : @ 967104.867: tcs3701: stop power rail pending_off timer
01-09 11:30:34.065  1086  1254 D ASH     : @ 967104.867: tcs3701: start power rail timer, state:3
01-09 11:30:34.105  1086  1254 I ASH     : @ 967104.907: tcs3701: stop power rail pending_off timer
01-09 11:30:34.105  1086  1254 D ASH     : @ 967104.907: tcs3701: start power rail timer, state:3
01-09 11:30:34.144  1086  1254 I ASH     : @ 967104.947: tcs3701: stop power rail pending_off timer
01-09 11:30:34.145  1086  1254 D ASH     : @ 967104.947: tcs3701: start power rail timer, state:3
01-09 11:30:34.185  1086  1254 I ASH     : @ 967104.987: tcs3701: stop power rail pending_off timer
01-09 11:30:34.185  1086  1254 D ASH     : @ 967104.987: tcs3701: start power rail timer, state:3
01-09 11:30:34.224  1086  1254 I ASH     : @ 967105.027: tcs3701: stop power rail pending_off timer
01-09 11:30:34.225  1086  1254 D ASH     : @ 967105.027: tcs3701: start power rail timer, state:3
01-09 11:30:34.265  1086  1254 I ASH     : @ 967105.067: tcs3701: stop power rail pending_off timer
01-09 11:30:34.265  1086  1254 D ASH     : @ 967105.067: tcs3701: start power rail timer, state:3
01-09 11:30:34.305  1086  1254 I ASH     : @ 967105.107: tcs3701: stop power rail pending_off timer
01-09 11:30:34.305  1086  1254 D ASH     : @ 967105.107: tcs3701: start power rail timer, state:3
01-09 11:30:34.345  1086  1254 I ASH     : @ 967105.147: tcs3701: stop power rail pending_off timer
01-09 11:30:34.345  1086  1254 D ASH     : @ 967105.147: tcs3701: start power rail timer, state:3
01-09 11:30:34.385  1086  1254 I ASH     : @ 967105.187: tcs3701: stop power rail pending_off timer
01-09 11:30:34.385  1086  1254 D ASH     : @ 967105.187: tcs3701: start power rail timer, state:3
01-09 11:30:34.424  1086  1254 I ASH     : @ 967105.227: tcs3701: stop power rail pending_off timer
01-09 11:30:34.424  1086  1254 D ASH     : @ 967105.227: tcs3701: start power rail timer, state:3
01-09 11:30:34.464  1086  1254 I ASH     : @ 967105.267: tcs3701: stop power rail pending_off timer
01-09 11:30:34.465  1086  1254 D ASH     : @ 967105.267: tcs3701: start power rail timer, state:3
01-09 11:30:34.505  1086  1254 I ASH     : @ 967105.307: tcs3701: stop power rail pending_off timer
01-09 11:30:34.505  1086  1254 D ASH     : @ 967105.307: tcs3701: start power rail timer, state:3
01-09 11:30:34.545  1086  1254 I ASH     : @ 967105.347: tcs3701: stop power rail pending_off timer
01-09 11:30:34.545  1086  1254 D ASH     : @ 967105.347: tcs3701: start power rail timer, state:3
01-09 11:30:34.584  1086  1254 I ASH     : @ 967105.387: tcs3701: stop power rail pending_off timer
01-09 11:30:34.585  1086  1254 D ASH     : @ 967105.387: tcs3701: start power rail timer, state:3
01-09 11:30:34.624  1086  1254 I ASH     : @ 967105.427: tcs3701: stop power rail pending_off timer
01-09 11:30:34.625  1086  1254 D ASH     : @ 967105.427: tcs3701: start power rail timer, state:3
01-09 11:30:34.665  1086  1254 I ASH     : @ 967105.467: tcs3701: stop power rail pending_off timer
01-09 11:30:34.665  1086  1254 D ASH     : @ 967105.467: tcs3701: start power rail timer, state:3
01-09 11:30:34.705  1086  1254 I ASH     : @ 967105.507: tcs3701: stop power rail pending_off timer
01-09 11:30:34.705  1086  1254 D ASH     : @ 967105.507: tcs3701: start power rail timer, state:3
01-09 11:30:34.745  1086  1254 I ASH     : @ 967105.547: tcs3701: stop power rail pending_off timer
01-09 11:30:34.745  1086  1254 D ASH     : @ 967105.547: tcs3701: start power rail timer, state:3
01-09 11:30:34.784  1086  1254 I ASH     : @ 967105.587: tcs3701: stop power rail pending_off timer
01-09 11:30:34.785  1086  1254 D ASH     : @ 967105.587: tcs3701: start power rail timer, state:3
01-09 11:30:34.824  1086  1254 I ASH     : @ 967105.627: tcs3701: stop power rail pending_off timer
01-09 11:30:34.825  1086  1254 D ASH     : @ 967105.627: tcs3701: start power rail timer, state:3
01-09 11:30:34.865  1086  1254 I ASH     : @ 967105.667: tcs3701: stop power rail pending_off timer
01-09 11:30:34.865  1086  1254 D ASH     : @ 967105.667: tcs3701: start power rail timer, state:3
01-09 11:30:34.905  1086  1254 I ASH     : @ 967105.707: tcs3701: stop power rail pending_off timer
01-09 11:30:34.905  1086  1254 D ASH     : @ 967105.707: tcs3701: start power rail timer, state:3
01-09 11:30:34.944  1086  1254 I ASH     : @ 967105.747: tcs3701: stop power rail pending_off timer
01-09 11:30:34.945  1086  1254 D ASH     : @ 967105.747: tcs3701: start power rail timer, state:3
01-09 11:30:34.985  1086  1254 I ASH     : @ 967105.787: tcs3701: stop power rail pending_off timer
01-09 11:30:34.985  1086  1254 D ASH     : @ 967105.787: tcs3701: start power rail timer, state:3
01-09 11:30:35.025  1086  1254 I ASH     : @ 967105.827: tcs3701: stop power rail pending_off timer
01-09 11:30:35.025  1086  1254 D ASH     : @ 967105.827: tcs3701: start power rail timer, state:3
01-09 11:30:35.065  1086  1254 I ASH     : @ 967105.867: tcs3701: stop power rail pending_off timer
01-09 11:30:35.065  1086  1254 D ASH     : @ 967105.867: tcs3701: start power rail timer, state:3
01-09 11:30:35.105  1086  1254 I ASH     : @ 967105.907: tcs3701: stop power rail pending_off timer
01-09 11:30:35.105  1086  1254 D ASH     : @ 967105.907: tcs3701: start power rail timer, state:3
01-09 11:30:35.144  1086  1254 I ASH     : @ 967105.947: tcs3701: stop power rail pending_off timer
01-09 11:30:35.145  1086  1254 D ASH     : @ 967105.947: tcs3701: start power rail timer, state:3
01-09 11:30:35.184  1086  1254 I ASH     : @ 967105.987: tcs3701: stop power rail pending_off timer
01-09 11:30:35.185  1086  1254 D ASH     : @ 967105.987: tcs3701: start power rail timer, state:3
01-09 11:30:35.225  1086  1254 I ASH     : @ 967106.027: tcs3701: stop power rail pending_off timer
01-09 11:30:35.225  1086  1254 D ASH     : @ 967106.027: tcs3701: start power rail timer, state:3
01-09 11:30:35.265  1086  1254 I ASH     : @ 967106.067: tcs3701: stop power rail pending_off timer
01-09 11:30:35.265  1086  1254 D ASH     : @ 967106.067: tcs3701: start power rail timer, state:3
01-09 11:30:35.305  1086  1254 I ASH     : @ 967106.107: tcs3701: stop power rail pending_off timer
01-09 11:30:35.305  1086  1254 D ASH     : @ 967106.107: tcs3701: start power rail timer, state:3
01-09 11:30:35.344  1086  1254 I ASH     : @ 967106.147: tcs3701: stop power rail pending_off timer
01-09 11:30:35.345  1086  1254 D ASH     : @ 967106.147: tcs3701: start power rail timer, state:3
01-09 11:30:35.385  1086  1254 I ASH     : @ 967106.187: tcs3701: stop power rail pending_off timer
01-09 11:30:35.385  1086  1254 D ASH     : @ 967106.187: tcs3701: start power rail timer, state:3
01-09 11:30:35.425  1086  1254 I ASH     : @ 967106.227: tcs3701: stop power rail pending_off timer
01-09 11:30:35.425  1086  1254 D ASH     : @ 967106.227: tcs3701: start power rail timer, state:3
01-09 11:30:35.465  1086  1254 I ASH     : @ 967106.267: tcs3701: stop power rail pending_off timer
01-09 11:30:35.465  1086  1254 D ASH     : @ 967106.267: tcs3701: start power rail timer, state:3
01-09 11:30:35.504  1086  1254 I ASH     : @ 967106.307: tcs3701: stop power rail pending_off timer
01-09 11:30:35.505  1086  1254 D ASH     : @ 967106.307: tcs3701: start power rail timer, state:3
01-09 11:30:35.544  1086  1254 I ASH     : @ 967106.347: tcs3701: stop power rail pending_off timer
01-09 11:30:35.545  1086  1254 D ASH     : @ 967106.347: tcs3701: start power rail timer, state:3
01-09 11:30:35.585  1086  1254 I ASH     : @ 967106.387: tcs3701: stop power rail pending_off timer
01-09 11:30:35.585  1086  1254 D ASH     : @ 967106.387: tcs3701: start power rail timer, state:3
01-09 11:30:35.624  1086  1254 I ASH     : @ 967106.427: tcs3701: stop power rail pending_off timer
01-09 11:30:35.625  1086  1254 D ASH     : @ 967106.427: tcs3701: start power rail timer, state:3
01-09 11:30:35.665  1086  1254 I ASH     : @ 967106.467: tcs3701: stop power rail pending_off timer
01-09 11:30:35.665  1086  1254 D ASH     : @ 967106.467: tcs3701: start power rail timer, state:3
01-09 11:30:35.705  1086  1254 I ASH     : @ 967106.507: tcs3701: stop power rail pending_off timer
01-09 11:30:35.705  1086  1254 D ASH     : @ 967106.507: tcs3701: start power rail timer, state:3
01-09 11:30:35.745  1086  1254 I ASH     : @ 967106.547: tcs3701: stop power rail pending_off timer
01-09 11:30:35.745  1086  1254 D ASH     : @ 967106.547: tcs3701: start power rail timer, state:3
01-09 11:30:35.784  1086  1254 I ASH     : @ 967106.587: tcs3701: stop power rail pending_off timer
01-09 11:30:35.785  1086  1254 D ASH     : @ 967106.587: tcs3701: start power rail timer, state:3
01-09 11:30:35.815 25993 26012 W Unity   : [dashscene] image fills: not drawn — no texture is uploaded from the payload.
01-09 11:30:35.815 25993 26012 W Unity   : UnityEngine.DebugLogHandler:Internal_Log(LogType, LogOption, String, Object)
01-09 11:30:35.815 25993 26012 W Unity   : Driftsys.Dashscene.BrgPainter:Draw(FrameLease)
01-09 11:30:35.815 25993 26012 W Unity   : Driftsys.Dashscene.Samples.DashsceneShowcase:Update()
01-09 11:30:35.815 25993 26012 W Unity   : 
01-09 11:30:35.816 25993 26012 W Unity   : [dashscene] 1 rect(s) affected, first at index 6. The document asked for these and this painter did not draw them.
01-09 11:30:35.816 25993 26012 W Unity   : UnityEngine.DebugLogHandler:Internal_Log(LogType, LogOption, String, Object)
01-09 11:30:35.816 25993 26012 W Unity   : Driftsys.Dashscene.BrgPainter:Draw(FrameLease)
01-09 11:30:35.816 25993 26012 W Unity   : Driftsys.Dashscene.Samples.DashsceneShowcase:Update()
01-09 11:30:35.816 25993 26012 W Unity   : 
01-09 11:30:35.816 25993 26012 I Unity   : [showcase] drew paint: fills, strokes, corners, and one image fill the painter refuses: 16 instance(s), rung ConstantBuffer, refused image fills: not drawn — no texture is uploaded from the payload. 1 rect(s) affected, first at index 6. The document asked for these and this painter did not draw them.
01-09 11:30:35.816 25993 26012 I Unity   : UnityEngine.DebugLogHandler:Internal_Log(LogType, LogOption, String, Object)
01-09 11:30:35.816 25993 26012 I Unity   : Driftsys.Dashscene.Samples.DashsceneShowcase:Update()
01-09 11:30:35.816 25993 26012 I Unity   : 
01-09 11:30:35.825  1086  1254 I ASH     : @ 967106.627: tcs3701: stop power rail pending_off timer
01-09 11:30:35.825  1086  1254 D ASH     : @ 967106.627: tcs3701: start power rail timer, state:3
01-09 11:30:35.865  1086  1254 I ASH     : @ 967106.667: tcs3701: stop power rail pending_off timer
01-09 11:30:35.865  1086  1254 D ASH     : @ 967106.667: tcs3701: start power rail timer, state:3
01-09 11:30:35.904  1086  1254 I ASH     : @ 967106.707: tcs3701: stop power rail pending_off timer
01-09 11:30:35.905  1086  1254 D ASH     : @ 967106.707: tcs3701: start power rail timer, state:3
01-09 11:30:35.945  1086  1254 I ASH     : @ 967106.747: tcs3701: stop power rail pending_off timer
01-09 11:30:35.945  1086  1254 D ASH     : @ 967106.747: tcs3701: start power rail timer, state:3
01-09 11:30:35.985  1086  1254 I ASH     : @ 967106.787: tcs3701: stop power rail pending_off timer
01-09 11:30:35.985  1086  1254 D ASH     : @ 967106.787: tcs3701: start power rail timer, state:3
01-09 11:30:36.025  1086  1254 I ASH     : @ 967106.827: tcs3701: stop power rail pending_off timer
01-09 11:30:36.025  1086  1254 D ASH     : @ 967106.827: tcs3701: start power rail timer, state:3
01-09 11:30:36.065  1086  1254 I ASH     : @ 967106.867: tcs3701: stop power rail pending_off timer
01-09 11:30:36.065  1086  1254 D ASH     : @ 967106.867: tcs3701: start power rail timer, state:3
01-09 11:30:36.105  1086  1254 I ASH     : @ 967106.907: tcs3701: stop power rail pending_off timer
01-09 11:30:36.105  1086  1254 D ASH     : @ 967106.907: tcs3701: start power rail timer, state:3
01-09 11:30:36.145  1086  1254 I ASH     : @ 967106.947: tcs3701: stop power rail pending_off timer
01-09 11:30:36.145  1086  1254 D ASH     : @ 967106.947: tcs3701: start power rail timer, state:3
01-09 11:30:36.185  1086  1254 I ASH     : @ 967106.987: tcs3701: stop power rail pending_off timer
01-09 11:30:36.185  1086  1254 D ASH     : @ 967106.987: tcs3701: start power rail timer, state:3
01-09 11:30:36.225  1086  1254 I ASH     : @ 967107.027: tcs3701: stop power rail pending_off timer
01-09 11:30:36.225  1086  1254 D ASH     : @ 967107.027: tcs3701: start power rail timer, state:3
01-09 11:30:36.264  1086  1254 I ASH     : @ 967107.067: tcs3701: stop power rail pending_off timer
01-09 11:30:36.265  1086  1254 D ASH     : @ 967107.067: tcs3701: start power rail timer, state:3
01-09 11:30:36.305  1086  1254 I ASH     : @ 967107.107: tcs3701: stop power rail pending_off timer
01-09 11:30:36.305  1086  1254 D ASH     : @ 967107.107: tcs3701: start power rail timer, state:3
01-09 11:30:36.344  1086  1254 I ASH     : @ 967107.147: tcs3701: stop power rail pending_off timer
01-09 11:30:36.344  1086  1254 D ASH     : @ 967107.147: tcs3701: start power rail timer, state:3
01-09 11:30:36.385  1086  1254 I ASH     : @ 967107.187: tcs3701: stop power rail pending_off timer
01-09 11:30:36.385  1086  1254 D ASH     : @ 967107.187: tcs3701: start power rail timer, state:3
01-09 11:30:36.425  1086  1254 I ASH     : @ 967107.227: tcs3701: stop power rail pending_off timer
01-09 11:30:36.425  1086  1254 D ASH     : @ 967107.227: tcs3701: start power rail timer, state:3
01-09 11:30:36.464  1086  1254 I ASH     : @ 967107.267: tcs3701: stop power rail pending_off timer
01-09 11:30:36.465  1086  1254 D ASH     : @ 967107.267: tcs3701: start power rail timer, state:3
01-09 11:30:36.505  1086  1254 I ASH     : @ 967107.307: tcs3701: stop power rail pending_off timer
01-09 11:30:36.505  1086  1254 D ASH     : @ 967107.307: tcs3701: start power rail timer, state:3
01-09 11:30:36.545  1086  1254 I ASH     : @ 967107.347: tcs3701: stop power rail pending_off timer
01-09 11:30:36.545  1086  1254 D ASH     : @ 967107.347: tcs3701: start power rail timer, state:3
01-09 11:30:36.585  1086  1254 I ASH     : @ 967107.387: tcs3701: stop power rail pending_off timer
01-09 11:30:36.585  1086  1254 D ASH     : @ 967107.387: tcs3701: start power rail timer, state:3
01-09 11:30:36.624  1086  1254 I ASH     : @ 967107.427: tcs3701: stop power rail pending_off timer
01-09 11:30:36.624  1086  1254 D ASH     : @ 967107.427: tcs3701: start power rail timer, state:3
01-09 11:30:36.665  1086  1254 I ASH     : @ 967107.467: tcs3701: stop power rail pending_off timer
01-09 11:30:36.665  1086  1254 D ASH     : @ 967107.467: tcs3701: start power rail timer, state:3
01-09 11:30:36.705  1086  1254 I ASH     : @ 967107.507: tcs3701: stop power rail pending_off timer
01-09 11:30:36.705  1086  1254 D ASH     : @ 967107.507: tcs3701: start power rail timer, state:3
01-09 11:30:36.745  1086  1254 I ASH     : @ 967107.547: tcs3701: stop power rail pending_off timer
01-09 11:30:36.745  1086  1254 D ASH     : @ 967107.547: tcs3701: start power rail timer, state:3
01-09 11:30:36.785  1086  1254 I ASH     : @ 967107.587: tcs3701: stop power rail pending_off timer
01-09 11:30:36.785  1086  1254 D ASH     : @ 967107.587: tcs3701: start power rail timer, state:3
01-09 11:30:36.825  1086  1254 I ASH     : @ 967107.627: tcs3701: stop power rail pending_off timer
01-09 11:30:36.825  1086  1254 D ASH     : @ 967107.627: tcs3701: start power rail timer, state:3
01-09 11:30:36.864  1086  1254 I ASH     : @ 967107.667: tcs3701: stop power rail pending_off timer
01-09 11:30:36.864  1086  1254 D ASH     : @ 967107.667: tcs3701: start power rail timer, state:3
01-09 11:30:36.905  1086  1254 I ASH     : @ 967107.707: tcs3701: stop power rail pending_off timer
01-09 11:30:36.905  1086  1254 D ASH     : @ 967107.707: tcs3701: start power rail timer, state:3
01-09 11:30:36.945  1086  1254 I ASH     : @ 967107.747: tcs3701: stop power rail pending_off timer
01-09 11:30:36.945  1086  1254 D ASH     : @ 967107.747: tcs3701: start power rail timer, state:3
01-09 11:30:36.985  1086  1254 I ASH     : @ 967107.787: tcs3701: stop power rail pending_off timer
01-09 11:30:36.985  1086  1254 D ASH     : @ 967107.787: tcs3701: start power rail timer, state:3
01-09 11:30:37.024  1086  1254 I ASH     : @ 967107.827: tcs3701: stop power rail pending_off timer
01-09 11:30:37.025  1086  1254 D ASH     : @ 967107.827: tcs3701: start power rail timer, state:3
01-09 11:30:37.065  1086  1254 I ASH     : @ 967107.867: tcs3701: stop power rail pending_off timer
01-09 11:30:37.065  1086  1254 D ASH     : @ 967107.867: tcs3701: start power rail timer, state:3
01-09 11:30:37.105  1086  1254 I ASH     : @ 967107.907: tcs3701: stop power rail pending_off timer
01-09 11:30:37.105  1086  1254 D ASH     : @ 967107.907: tcs3701: start power rail timer, state:3
01-09 11:30:37.145  1086  1254 I ASH     : @ 967107.947: tcs3701: stop power rail pending_off timer
01-09 11:30:37.145  1086  1254 D ASH     : @ 967107.947: tcs3701: start power rail timer, state:3
01-09 11:30:37.185  1086  1254 I ASH     : @ 967107.987: tcs3701: stop power rail pending_off timer
01-09 11:30:37.185  1086  1254 D ASH     : @ 967107.987: tcs3701: start power rail timer, state:3
01-09 11:30:37.225  1086  1254 I ASH     : @ 967108.027: tcs3701: stop power rail pending_off timer
01-09 11:30:37.225  1086  1254 D ASH     : @ 967108.027: tcs3701: start power rail timer, state:3
01-09 11:30:37.265  1086  1254 I ASH     : @ 967108.067: tcs3701: stop power rail pending_off timer
01-09 11:30:37.265  1086  1254 D ASH     : @ 967108.067: tcs3701: start power rail timer, state:3
01-09 11:30:37.305  1086  1254 I ASH     : @ 967108.107: tcs3701: stop power rail pending_off timer
01-09 11:30:37.305  1086  1254 D ASH     : @ 967108.107: tcs3701: start power rail timer, state:3
01-09 11:30:37.345  1086  1254 I ASH     : @ 967108.147: tcs3701: stop power rail pending_off timer
01-09 11:30:37.345  1086  1254 D ASH     : @ 967108.147: tcs3701: start power rail timer, state:3
01-09 11:30:37.385  1086  1254 I ASH     : @ 967108.187: tcs3701: stop power rail pending_off timer
01-09 11:30:37.385  1086  1254 D ASH     : @ 967108.187: tcs3701: start power rail timer, state:3
01-09 11:30:37.425  1086  1254 I ASH     : @ 967108.227: tcs3701: stop power rail pending_off timer
01-09 11:30:37.425  1086  1254 D ASH     : @ 967108.227: tcs3701: start power rail timer, state:3
01-09 11:30:37.464  1086  1254 I ASH     : @ 967108.267: tcs3701: stop power rail pending_off timer
01-09 11:30:37.465  1086  1254 D ASH     : @ 967108.267: tcs3701: start power rail timer, state:3
01-09 11:30:37.505  1086  1254 I ASH     : @ 967108.307: tcs3701: stop power rail pending_off timer
01-09 11:30:37.505  1086  1254 D ASH     : @ 967108.307: tcs3701: start power rail timer, state:3
01-09 11:30:37.545  1086  1254 I ASH     : @ 967108.347: tcs3701: stop power rail pending_off timer
01-09 11:30:37.545  1086  1254 D ASH     : @ 967108.347: tcs3701: start power rail timer, state:3
01-09 11:30:37.585  1086  1254 I ASH     : @ 967108.387: tcs3701: stop power rail pending_off timer
01-09 11:30:37.585  1086  1254 D ASH     : @ 967108.387: tcs3701: start power rail timer, state:3
01-09 11:30:37.625  1086  1254 I ASH     : @ 967108.427: tcs3701: stop power rail pending_off timer
01-09 11:30:37.625  1086  1254 D ASH     : @ 967108.427: tcs3701: start power rail timer, state:3
01-09 11:30:37.665  1086  1254 I ASH     : @ 967108.467: tcs3701: stop power rail pending_off timer
01-09 11:30:37.665  1086  1254 D ASH     : @ 967108.467: tcs3701: start power rail timer, state:3
01-09 11:30:37.705  1086  1254 I ASH     : @ 967108.507: tcs3701: stop power rail pending_off timer
01-09 11:30:37.705  1086  1254 D ASH     : @ 967108.507: tcs3701: start power rail timer, state:3
01-09 11:30:37.745  1086  1254 I ASH     : @ 967108.547: tcs3701: stop power rail pending_off timer
01-09 11:30:37.745  1086  1254 D ASH     : @ 967108.547: tcs3701: start power rail timer, state:3
01-09 11:30:37.785  1086  1254 I ASH     : @ 967108.587: tcs3701: stop power rail pending_off timer
01-09 11:30:37.785  1086  1254 D ASH     : @ 967108.587: tcs3701: start power rail timer, state:3
01-09 11:30:37.824  1086  1254 I ASH     : @ 967108.627: tcs3701: stop power rail pending_off timer
01-09 11:30:37.825  1086  1254 D ASH     : @ 967108.627: tcs3701: start power rail timer, state:3
01-09 11:30:37.865  1086  1254 I ASH     : @ 967108.667: tcs3701: stop power rail pending_off timer
01-09 11:30:37.865  1086  1254 D ASH     : @ 967108.667: tcs3701: start power rail timer, state:3
01-09 11:30:37.905  1086  1254 I ASH     : @ 967108.707: tcs3701: stop power rail pending_off timer
01-09 11:30:37.905  1086  1254 D ASH     : @ 967108.707: tcs3701: start power rail timer, state:3
01-09 11:30:37.945  1086  1254 I ASH     : @ 967108.747: tcs3701: stop power rail pending_off timer
01-09 11:30:37.945  1086  1254 D ASH     : @ 967108.747: tcs3701: start power rail timer, state:3
01-09 11:30:37.985  1086  1254 I ASH     : @ 967108.787: tcs3701: stop power rail pending_off timer
01-09 11:30:37.985  1086  1254 D ASH     : @ 967108.787: tcs3701: start power rail timer, state:3
01-09 11:30:38.025  1086  1254 I ASH     : @ 967108.827: tcs3701: stop power rail pending_off timer
01-09 11:30:38.025  1086  1254 D ASH     : @ 967108.827: tcs3701: start power rail timer, state:3
01-09 11:30:38.064  1086  1254 I ASH     : @ 967108.867: tcs3701: stop power rail pending_off timer
01-09 11:30:38.065  1086  1254 D ASH     : @ 967108.867: tcs3701: start power rail timer, state:3
01-09 11:30:38.105  1086  1254 I ASH     : @ 967108.907: tcs3701: stop power rail pending_off timer
01-09 11:30:38.105  1086  1254 D ASH     : @ 967108.907: tcs3701: start power rail timer, state:3
01-09 11:30:38.145  1086  1254 I ASH     : @ 967108.947: tcs3701: stop power rail pending_off timer
01-09 11:30:38.145  1086  1254 D ASH     : @ 967108.947: tcs3701: start power rail timer, state:3
01-09 11:30:38.185  1086  1254 I ASH     : @ 967108.987: tcs3701: stop power rail pending_off timer
01-09 11:30:38.185  1086  1254 D ASH     : @ 967108.987: tcs3701: start power rail timer, state:3
01-09 11:30:38.225  1086  1254 I ASH     : @ 967109.027: tcs3701: stop power rail pending_off timer
01-09 11:30:38.225  1086  1254 D ASH     : @ 967109.027: tcs3701: start power rail timer, state:3
01-09 11:30:38.265  1086  1254 I ASH     : @ 967109.067: tcs3701: stop power rail pending_off timer
01-09 11:30:38.265  1086  1254 D ASH     : @ 967109.067: tcs3701: start power rail timer, state:3
01-09 11:30:38.305  1086  1254 I ASH     : @ 967109.107: tcs3701: stop power rail pending_off timer
01-09 11:30:38.305  1086  1254 D ASH     : @ 967109.107: tcs3701: start power rail timer, state:3
01-09 11:30:38.345  1086  1254 I ASH     : @ 967109.147: tcs3701: stop power rail pending_off timer
01-09 11:30:38.345  1086  1254 D ASH     : @ 967109.147: tcs3701: start power rail timer, state:3
01-09 11:30:38.385  1086  1254 I ASH     : @ 967109.187: tcs3701: stop power rail pending_off timer
01-09 11:30:38.385  1086  1254 D ASH     : @ 967109.187: tcs3701: start power rail timer, state:3
01-09 11:30:38.425  1086  1254 I ASH     : @ 967109.227: tcs3701: stop power rail pending_off timer
01-09 11:30:38.425  1086  1254 D ASH     : @ 967109.227: tcs3701: start power rail timer, state:3
01-09 11:30:38.465  1086  1254 I ASH     : @ 967109.267: tcs3701: stop power rail pending_off timer
01-09 11:30:38.465  1086  1254 D ASH     : @ 967109.267: tcs3701: start power rail timer, state:3
01-09 11:30:38.505  1086  1254 I ASH     : @ 967109.307: tcs3701: stop power rail pending_off timer
01-09 11:30:38.505  1086  1254 D ASH     : @ 967109.307: tcs3701: start power rail timer, state:3
01-09 11:30:38.545  1086  1254 I ASH     : @ 967109.347: tcs3701: stop power rail pending_off timer
01-09 11:30:38.545  1086  1254 D ASH     : @ 967109.347: tcs3701: start power rail timer, state:3
01-09 11:30:38.585  1086  1254 I ASH     : @ 967109.387: tcs3701: stop power rail pending_off timer
01-09 11:30:38.585  1086  1254 D ASH     : @ 967109.387: tcs3701: start power rail timer, state:3
01-09 11:30:38.625  1086  1254 I ASH     : @ 967109.427: tcs3701: stop power rail pending_off timer
01-09 11:30:38.625  1086  1254 D ASH     : @ 967109.427: tcs3701: start power rail timer, state:3
01-09 11:30:38.665  1086  1254 I ASH     : @ 967109.467: tcs3701: stop power rail pending_off timer
01-09 11:30:38.665  1086  1254 D ASH     : @ 967109.467: tcs3701: start power rail timer, state:3
01-09 11:30:38.705  1086  1254 I ASH     : @ 967109.507: tcs3701: stop power rail pending_off timer
01-09 11:30:38.705  1086  1254 D ASH     : @ 967109.507: tcs3701: start power rail timer, state:3
01-09 11:30:38.745  1086  1254 I ASH     : @ 967109.547: tcs3701: stop power rail pending_off timer
01-09 11:30:38.745  1086  1254 D ASH     : @ 967109.547: tcs3701: start power rail timer, state:3
01-09 11:30:38.784  1086  1254 I ASH     : @ 967109.587: tcs3701: stop power rail pending_off timer
01-09 11:30:38.785  1086  1254 D ASH     : @ 967109.587: tcs3701: start power rail timer, state:3
01-09 11:30:38.825  1086  1254 I ASH     : @ 967109.627: tcs3701: stop power rail pending_off timer
01-09 11:30:38.825  1086  1254 D ASH     : @ 967109.627: tcs3701: start power rail timer, state:3
01-09 11:30:38.864  1086  1254 I ASH     : @ 967109.667: tcs3701: stop power rail pending_off timer
01-09 11:30:38.865  1086  1254 D ASH     : @ 967109.667: tcs3701: start power rail timer, state:3
01-09 11:30:38.905  1086  1254 I ASH     : @ 967109.707: tcs3701: stop power rail pending_off timer
01-09 11:30:38.905  1086  1254 D ASH     : @ 967109.707: tcs3701: start power rail timer, state:3
01-09 11:30:38.945  1086  1254 I ASH     : @ 967109.747: tcs3701: stop power rail pending_off timer
01-09 11:30:38.945  1086  1254 D ASH     : @ 967109.747: tcs3701: start power rail timer, state:3
01-09 11:30:38.985  1086  1254 I ASH     : @ 967109.787: tcs3701: stop power rail pending_off timer
01-09 11:30:38.985  1086  1254 D ASH     : @ 967109.787: tcs3701: start power rail timer, state:3
01-09 11:30:39.025  1086  1254 I ASH     : @ 967109.827: tcs3701: stop power rail pending_off timer
01-09 11:30:39.025  1086  1254 D ASH     : @ 967109.827: tcs3701: start power rail timer, state:3
01-09 11:30:39.065  1086  1254 I ASH     : @ 967109.867: tcs3701: stop power rail pending_off timer
01-09 11:30:39.065  1086  1254 D ASH     : @ 967109.867: tcs3701: start power rail timer, state:3
01-09 11:30:39.105  1086  1254 I ASH     : @ 967109.907: tcs3701: stop power rail pending_off timer
01-09 11:30:39.105  1086  1254 D ASH     : @ 967109.907: tcs3701: start power rail timer, state:3
01-09 11:30:39.145  1086  1254 I ASH     : @ 967109.947: tcs3701: stop power rail pending_off timer
01-09 11:30:39.145  1086  1254 D ASH     : @ 967109.947: tcs3701: start power rail timer, state:3
01-09 11:30:39.185  1086  1254 I ASH     : @ 967109.987: tcs3701: stop power rail pending_off timer
01-09 11:30:39.185  1086  1254 D ASH     : @ 967109.987: tcs3701: start power rail timer, state:3
01-09 11:30:39.225  1086  1254 I ASH     : @ 967110.027: tcs3701: stop power rail pending_off timer
01-09 11:30:39.225  1086  1254 D ASH     : @ 967110.027: tcs3701: start power rail timer, state:3
01-09 11:30:39.264  1086  1254 I ASH     : @ 967110.067: tcs3701: stop power rail pending_off timer
01-09 11:30:39.265  1086  1254 D ASH     : @ 967110.067: tcs3701: start power rail timer, state:3
01-09 11:30:39.305  1086  1254 I ASH     : @ 967110.107: tcs3701: stop power rail pending_off timer
01-09 11:30:39.305  1086  1254 D ASH     : @ 967110.107: tcs3701: start power rail timer, state:3
01-09 11:30:39.345  1086  1254 I ASH     : @ 967110.147: tcs3701: stop power rail pending_off timer
01-09 11:30:39.345  1086  1254 D ASH     : @ 967110.147: tcs3701: start power rail timer, state:3
01-09 11:30:39.385  1086  1254 I ASH     : @ 967110.187: tcs3701: stop power rail pending_off timer
01-09 11:30:39.385  1086  1254 D ASH     : @ 967110.187: tcs3701: start power rail timer, state:3
01-09 11:30:39.425  1086  1254 I ASH     : @ 967110.227: tcs3701: stop power rail pending_off timer
01-09 11:30:39.425  1086  1254 D ASH     : @ 967110.227: tcs3701: start power rail timer, state:3
01-09 11:30:39.465  1086  1254 I ASH     : @ 967110.267: tcs3701: stop power rail pending_off timer
01-09 11:30:39.465  1086  1254 D ASH     : @ 967110.267: tcs3701: start power rail timer, state:3
01-09 11:30:39.505  1086  1254 I ASH     : @ 967110.307: tcs3701: stop power rail pending_off timer
01-09 11:30:39.505  1086  1254 D ASH     : @ 967110.307: tcs3701: start power rail timer, state:3
01-09 11:30:39.545  1086  1254 I ASH     : @ 967110.347: tcs3701: stop power rail pending_off timer
01-09 11:30:39.545  1086  1254 D ASH     : @ 967110.347: tcs3701: start power rail timer, state:3
01-09 11:30:39.585  1086  1254 I ASH     : @ 967110.387: tcs3701: stop power rail pending_off timer
01-09 11:30:39.585  1086  1254 D ASH     : @ 967110.387: tcs3701: start power rail timer, state:3
01-09 11:30:39.625  1086  1254 I ASH     : @ 967110.427: tcs3701: stop power rail pending_off timer
01-09 11:30:39.625  1086  1254 D ASH     : @ 967110.427: tcs3701: start power rail timer, state:3
01-09 11:30:39.665  1086  1254 I ASH     : @ 967110.467: tcs3701: stop power rail pending_off timer
01-09 11:30:39.665  1086  1254 D ASH     : @ 967110.467: tcs3701: start power rail timer, state:3
01-09 11:30:39.705  1086  1254 I ASH     : @ 967110.507: tcs3701: stop power rail pending_off timer
01-09 11:30:39.705  1086  1254 D ASH     : @ 967110.507: tcs3701: start power rail timer, state:3
01-09 11:30:39.745  1086  1254 I ASH     : @ 967110.547: tcs3701: stop power rail pending_off timer
01-09 11:30:39.745  1086  1254 D ASH     : @ 967110.547: tcs3701: start power rail timer, state:3
01-09 11:30:39.785  1086  1254 I ASH     : @ 967110.587: tcs3701: stop power rail pending_off timer
01-09 11:30:39.785  1086  1254 D ASH     : @ 967110.587: tcs3701: start power rail timer, state:3
01-09 11:30:39.825  1086  1254 I ASH     : @ 967110.627: tcs3701: stop power rail pending_off timer
01-09 11:30:39.825  1086  1254 D ASH     : @ 967110.627: tcs3701: start power rail timer, state:3
01-09 11:30:39.865  1086  1254 I ASH     : @ 967110.667: tcs3701: stop power rail pending_off timer
01-09 11:30:39.865  1086  1254 D ASH     : @ 967110.667: tcs3701: start power rail timer, state:3
01-09 11:30:39.905  1086  1254 I ASH     : @ 967110.707: tcs3701: stop power rail pending_off timer
01-09 11:30:39.905  1086  1254 D ASH     : @ 967110.707: tcs3701: start power rail timer, state:3
01-09 11:30:39.945  1086  1254 I ASH     : @ 967110.747: tcs3701: stop power rail pending_off timer
01-09 11:30:39.945  1086  1254 D ASH     : @ 967110.747: tcs3701: start power rail timer, state:3
01-09 11:30:39.984  1086  1254 I ASH     : @ 967110.787: tcs3701: stop power rail pending_off timer
01-09 11:30:39.985  1086  1254 D ASH     : @ 967110.787: tcs3701: start power rail timer, state:3
01-09 11:30:40.025  1086  1254 I ASH     : @ 967110.827: tcs3701: stop power rail pending_off timer
01-09 11:30:40.025  1086  1254 D ASH     : @ 967110.827: tcs3701: start power rail timer, state:3
01-09 11:30:40.065  1086  1254 I ASH     : @ 967110.867: tcs3701: stop power rail pending_off timer
01-09 11:30:40.065  1086  1254 D ASH     : @ 967110.867: tcs3701: start power rail timer, state:3
01-09 11:30:40.104  1086  1254 I ASH     : @ 967110.907: tcs3701: stop power rail pending_off timer
01-09 11:30:40.105  1086  1254 D ASH     : @ 967110.907: tcs3701: start power rail timer, state:3
01-09 11:30:40.145  1086  1254 I ASH     : @ 967110.947: tcs3701: stop power rail pending_off timer
01-09 11:30:40.145  1086  1254 D ASH     : @ 967110.947: tcs3701: start power rail timer, state:3
01-09 11:30:40.185  1086  1254 I ASH     : @ 967110.987: tcs3701: stop power rail pending_off timer
01-09 11:30:40.185  1086  1254 D ASH     : @ 967110.987: tcs3701: start power rail timer, state:3
01-09 11:30:40.225  1086  1254 I ASH     : @ 967111.027: tcs3701: stop power rail pending_off timer
01-09 11:30:40.225  1086  1254 D ASH     : @ 967111.027: tcs3701: start power rail timer, state:3
01-09 11:30:40.265  1086  1254 I ASH     : @ 967111.067: tcs3701: stop power rail pending_off timer
01-09 11:30:40.265  1086  1254 D ASH     : @ 967111.067: tcs3701: start power rail timer, state:3
01-09 11:30:40.305  1086  1254 I ASH     : @ 967111.107: tcs3701: stop power rail pending_off timer
01-09 11:30:40.305  1086  1254 D ASH     : @ 967111.107: tcs3701: start power rail timer, state:3
01-09 11:30:40.345  1086  1254 I ASH     : @ 967111.147: tcs3701: stop power rail pending_off timer
01-09 11:30:40.345  1086  1254 D ASH     : @ 967111.147: tcs3701: start power rail timer, state:3
01-09 11:30:40.385  1086  1254 I ASH     : @ 967111.187: tcs3701: stop power rail pending_off timer
01-09 11:30:40.385  1086  1254 D ASH     : @ 967111.187: tcs3701: start power rail timer, state:3
01-09 11:30:40.425  1086  1254 I ASH     : @ 967111.227: tcs3701: stop power rail pending_off timer
01-09 11:30:40.425  1086  1254 D ASH     : @ 967111.227: tcs3701: start power rail timer, state:3
01-09 11:30:40.465  1086  1254 I ASH     : @ 967111.267: tcs3701: stop power rail pending_off timer
01-09 11:30:40.465  1086  1254 D ASH     : @ 967111.267: tcs3701: start power rail timer, state:3
01-09 11:30:40.505  1086  1254 I ASH     : @ 967111.307: tcs3701: stop power rail pending_off timer
01-09 11:30:40.505  1086  1254 D ASH     : @ 967111.307: tcs3701: start power rail timer, state:3
01-09 11:30:40.545  1086  1254 I ASH     : @ 967111.347: tcs3701: stop power rail pending_off timer
01-09 11:30:40.545  1086  1254 D ASH     : @ 967111.347: tcs3701: start power rail timer, state:3
01-09 11:30:40.584  1086  1254 I ASH     : @ 967111.387: tcs3701: stop power rail pending_off timer
01-09 11:30:40.585  1086  1254 D ASH     : @ 967111.387: tcs3701: start power rail timer, state:3
01-09 11:30:40.625  1086  1254 I ASH     : @ 967111.427: tcs3701: stop power rail pending_off timer
01-09 11:30:40.625  1086  1254 D ASH     : @ 967111.427: tcs3701: start power rail timer, state:3
01-09 11:30:40.665  1086  1254 I ASH     : @ 967111.467: tcs3701: stop power rail pending_off timer
01-09 11:30:40.665  1086  1254 D ASH     : @ 967111.467: tcs3701: start power rail timer, state:3
01-09 11:30:40.704  1086  1254 I ASH     : @ 967111.507: tcs3701: stop power rail pending_off timer
01-09 11:30:40.705  1086  1254 D ASH     : @ 967111.507: tcs3701: start power rail timer, state:3
01-09 11:30:40.745  1086  1254 I ASH     : @ 967111.547: tcs3701: stop power rail pending_off timer
01-09 11:30:40.745  1086  1254 D ASH     : @ 967111.547: tcs3701: start power rail timer, state:3
01-09 11:30:40.784  1086  1254 I ASH     : @ 967111.587: tcs3701: stop power rail pending_off timer
01-09 11:30:40.785  1086  1254 D ASH     : @ 967111.587: tcs3701: start power rail timer, state:3
01-09 11:30:40.825  1086  1254 I ASH     : @ 967111.627: tcs3701: stop power rail pending_off timer
01-09 11:30:40.825  1086  1254 D ASH     : @ 967111.627: tcs3701: start power rail timer, state:3
01-09 11:30:40.865  1086  1254 I ASH     : @ 967111.667: tcs3701: stop power rail pending_off timer
01-09 11:30:40.865  1086  1254 D ASH     : @ 967111.667: tcs3701: start power rail timer, state:3
01-09 11:30:40.904  1086  1254 I ASH     : @ 967111.707: tcs3701: stop power rail pending_off timer
01-09 11:30:40.905  1086  1254 D ASH     : @ 967111.707: tcs3701: start power rail timer, state:3
01-09 11:30:40.945  1086  1254 I ASH     : @ 967111.747: tcs3701: stop power rail pending_off timer
01-09 11:30:40.945  1086  1254 D ASH     : @ 967111.747: tcs3701: start power rail timer, state:3
01-09 11:30:40.985  1086  1254 I ASH     : @ 967111.787: tcs3701: stop power rail pending_off timer
01-09 11:30:40.985  1086  1254 D ASH     : @ 967111.787: tcs3701: start power rail timer, state:3
01-09 11:30:41.025  1086  1254 I ASH     : @ 967111.827: tcs3701: stop power rail pending_off timer
01-09 11:30:41.025  1086  1254 D ASH     : @ 967111.827: tcs3701: start power rail timer, state:3
01-09 11:30:41.065  1086  1254 I ASH     : @ 967111.867: tcs3701: stop power rail pending_off timer
01-09 11:30:41.065  1086  1254 D ASH     : @ 967111.867: tcs3701: start power rail timer, state:3
01-09 11:30:41.105  1086  1254 I ASH     : @ 967111.907: tcs3701: stop power rail pending_off timer
01-09 11:30:41.105  1086  1254 D ASH     : @ 967111.907: tcs3701: start power rail timer, state:3
01-09 11:30:41.144  1086  1254 I ASH     : @ 967111.947: tcs3701: stop power rail pending_off timer
01-09 11:30:41.145  1086  1254 D ASH     : @ 967111.947: tcs3701: start power rail timer, state:3
01-09 11:30:41.184  1086  1254 I ASH     : @ 967111.987: tcs3701: stop power rail pending_off timer
01-09 11:30:41.185  1086  1254 D ASH     : @ 967111.987: tcs3701: start power rail timer, state:3
01-09 11:30:41.225  1086  1254 I ASH     : @ 967112.027: tcs3701: stop power rail pending_off timer
01-09 11:30:41.225  1086  1254 D ASH     : @ 967112.027: tcs3701: start power rail timer, state:3
01-09 11:30:41.265  1086  1254 I ASH     : @ 967112.067: tcs3701: stop power rail pending_off timer
01-09 11:30:41.265  1086  1254 D ASH     : @ 967112.067: tcs3701: start power rail timer, state:3
01-09 11:30:41.305  1086  1254 I ASH     : @ 967112.107: tcs3701: stop power rail pending_off timer
01-09 11:30:41.305  1086  1254 D ASH     : @ 967112.107: tcs3701: start power rail timer, state:3
01-09 11:30:41.345  1086  1254 I ASH     : @ 967112.147: tcs3701: stop power rail pending_off timer
01-09 11:30:41.345  1086  1254 D ASH     : @ 967112.147: tcs3701: start power rail timer, state:3
01-09 11:30:41.384  1086  1254 I ASH     : @ 967112.187: tcs3701: stop power rail pending_off timer
01-09 11:30:41.385  1086  1254 D ASH     : @ 967112.187: tcs3701: start power rail timer, state:3
01-09 11:30:41.425  1086  1254 I ASH     : @ 967112.227: tcs3701: stop power rail pending_off timer
01-09 11:30:41.425  1086  1254 D ASH     : @ 967112.227: tcs3701: start power rail timer, state:3
01-09 11:30:41.465  1086  1254 I ASH     : @ 967112.267: tcs3701: stop power rail pending_off timer
01-09 11:30:41.465  1086  1254 D ASH     : @ 967112.267: tcs3701: start power rail timer, state:3
01-09 11:30:41.505  1086  1254 I ASH     : @ 967112.307: tcs3701: stop power rail pending_off timer
01-09 11:30:41.505  1086  1254 D ASH     : @ 967112.307: tcs3701: start power rail timer, state:3
01-09 11:30:41.545  1086  1254 I ASH     : @ 967112.347: tcs3701: stop power rail pending_off timer
01-09 11:30:41.545  1086  1254 D ASH     : @ 967112.347: tcs3701: start power rail timer, state:3
01-09 11:30:41.585  1086  1254 I ASH     : @ 967112.387: tcs3701: stop power rail pending_off timer
01-09 11:30:41.585  1086  1254 D ASH     : @ 967112.387: tcs3701: start power rail timer, state:3
01-09 11:30:41.625  1086  1254 I ASH     : @ 967112.427: tcs3701: stop power rail pending_off timer
01-09 11:30:41.625  1086  1254 D ASH     : @ 967112.427: tcs3701: start power rail timer, state:3
01-09 11:30:41.665  1086  1254 I ASH     : @ 967112.467: tcs3701: stop power rail pending_off timer
01-09 11:30:41.665  1086  1254 D ASH     : @ 967112.467: tcs3701: start power rail timer, state:3
01-09 11:30:41.705  1086  1254 I ASH     : @ 967112.507: tcs3701: stop power rail pending_off timer
01-09 11:30:41.705  1086  1254 D ASH     : @ 967112.507: tcs3701: start power rail timer, state:3
01-09 11:30:41.745  1086  1254 I ASH     : @ 967112.547: tcs3701: stop power rail pending_off timer
01-09 11:30:41.745  1086  1254 D ASH     : @ 967112.547: tcs3701: start power rail timer, state:3
01-09 11:30:41.785  1086  1254 I ASH     : @ 967112.587: tcs3701: stop power rail pending_off timer
01-09 11:30:41.785  1086  1254 D ASH     : @ 967112.587: tcs3701: start power rail timer, state:3
01-09 11:30:41.825  1086  1254 I ASH     : @ 967112.627: tcs3701: stop power rail pending_off timer
01-09 11:30:41.825  1086  1254 D ASH     : @ 967112.627: tcs3701: start power rail timer, state:3
01-09 11:30:41.864  1086  1254 I ASH     : @ 967112.667: tcs3701: stop power rail pending_off timer
01-09 11:30:41.865  1086  1254 D ASH     : @ 967112.667: tcs3701: start power rail timer, state:3
01-09 11:30:41.905  1086  1254 I ASH     : @ 967112.707: tcs3701: stop power rail pending_off timer
01-09 11:30:41.905  1086  1254 D ASH     : @ 967112.707: tcs3701: start power rail timer, state:3
01-09 11:30:41.945  1086  1254 I ASH     : @ 967112.747: tcs3701: stop power rail pending_off timer
01-09 11:30:41.945  1086  1254 D ASH     : @ 967112.747: tcs3701: start power rail timer, state:3
01-09 11:30:41.985  1086  1254 I ASH     : @ 967112.787: tcs3701: stop power rail pending_off timer
01-09 11:30:41.985  1086  1254 D ASH     : @ 967112.787: tcs3701: start power rail timer, state:3
01-09 11:30:42.025  1086  1254 I ASH     : @ 967112.827: tcs3701: stop power rail pending_off timer
01-09 11:30:42.025  1086  1254 D ASH     : @ 967112.827: tcs3701: start power rail timer, state:3
01-09 11:30:42.065  1086  1254 I ASH     : @ 967112.867: tcs3701: stop power rail pending_off timer
01-09 11:30:42.065  1086  1254 D ASH     : @ 967112.867: tcs3701: start power rail timer, state:3
01-09 11:30:42.105  1086  1254 I ASH     : @ 967112.907: tcs3701: stop power rail pending_off timer
01-09 11:30:42.105  1086  1254 D ASH     : @ 967112.907: tcs3701: start power rail timer, state:3
01-09 11:30:42.145  1086  1254 I ASH     : @ 967112.947: tcs3701: stop power rail pending_off timer
01-09 11:30:42.145  1086  1254 D ASH     : @ 967112.947: tcs3701: start power rail timer, state:3
01-09 11:30:42.185  1086  1254 I ASH     : @ 967112.987: tcs3701: stop power rail pending_off timer
01-09 11:30:42.185  1086  1254 D ASH     : @ 967112.987: tcs3701: start power rail timer, state:3
01-09 11:30:42.224  1086  1254 I ASH     : @ 967113.027: tcs3701: stop power rail pending_off timer
01-09 11:30:42.225  1086  1254 D ASH     : @ 967113.027: tcs3701: start power rail timer, state:3
01-09 11:30:42.265  1086  1254 I ASH     : @ 967113.067: tcs3701: stop power rail pending_off timer
01-09 11:30:42.265  1086  1254 D ASH     : @ 967113.067: tcs3701: start power rail timer, state:3
01-09 11:30:42.304  1086  1254 I ASH     : @ 967113.107: tcs3701: stop power rail pending_off timer
01-09 11:30:42.305  1086  1254 D ASH     : @ 967113.107: tcs3701: start power rail timer, state:3
01-09 11:30:42.345  1086  1254 I ASH     : @ 967113.147: tcs3701: stop power rail pending_off timer
01-09 11:30:42.345  1086  1254 D ASH     : @ 967113.147: tcs3701: start power rail timer, state:3
01-09 11:30:42.385  1086  1254 I ASH     : @ 967113.187: tcs3701: stop power rail pending_off timer
01-09 11:30:42.385  1086  1254 D ASH     : @ 967113.187: tcs3701: start power rail timer, state:3
01-09 11:30:42.425  1086  1254 I ASH     : @ 967113.227: tcs3701: stop power rail pending_off timer
01-09 11:30:42.425  1086  1254 D ASH     : @ 967113.227: tcs3701: start power rail timer, state:3
01-09 11:30:42.465  1086  1254 I ASH     : @ 967113.267: tcs3701: stop power rail pending_off timer
01-09 11:30:42.465  1086  1254 D ASH     : @ 967113.267: tcs3701: start power rail timer, state:3
01-09 11:30:42.505  1086  1254 I ASH     : @ 967113.307: tcs3701: stop power rail pending_off timer
01-09 11:30:42.505  1086  1254 D ASH     : @ 967113.307: tcs3701: start power rail timer, state:3
01-09 11:30:42.545  1086  1254 I ASH     : @ 967113.347: tcs3701: stop power rail pending_off timer
01-09 11:30:42.545  1086  1254 D ASH     : @ 967113.347: tcs3701: start power rail timer, state:3
01-09 11:30:42.585  1086  1254 I ASH     : @ 967113.387: tcs3701: stop power rail pending_off timer
01-09 11:30:42.585  1086  1254 D ASH     : @ 967113.387: tcs3701: start power rail timer, state:3
01-09 11:30:42.625  1086  1254 I ASH     : @ 967113.427: tcs3701: stop power rail pending_off timer
01-09 11:30:42.625  1086  1254 D ASH     : @ 967113.427: tcs3701: start power rail timer, state:3
01-09 11:30:42.665  1086  1254 I ASH     : @ 967113.467: tcs3701: stop power rail pending_off timer
01-09 11:30:42.665  1086  1254 D ASH     : @ 967113.467: tcs3701: start power rail timer, state:3
01-09 11:30:42.705  1086  1254 I ASH     : @ 967113.507: tcs3701: stop power rail pending_off timer
01-09 11:30:42.705  1086  1254 D ASH     : @ 967113.507: tcs3701: start power rail timer, state:3
01-09 11:30:42.745  1086  1254 I ASH     : @ 967113.547: tcs3701: stop power rail pending_off timer
01-09 11:30:42.745  1086  1254 D ASH     : @ 967113.547: tcs3701: start power rail timer, state:3
01-09 11:30:42.785  1086  1254 I ASH     : @ 967113.587: tcs3701: stop power rail pending_off timer
01-09 11:30:42.785  1086  1254 D ASH     : @ 967113.587: tcs3701: start power rail timer, state:3
01-09 11:30:42.826  1086  1254 I ASH     : @ 967113.627: tcs3701: stop power rail pending_off timer
01-09 11:30:42.826  1086  1254 D ASH     : @ 967113.627: tcs3701: start power rail timer, state:3
01-09 11:30:42.865  1086  1254 I ASH     : @ 967113.667: tcs3701: stop power rail pending_off timer
01-09 11:30:42.865  1086  1254 D ASH     : @ 967113.667: tcs3701: start power rail timer, state:3
01-09 11:30:42.905  1086  1254 I ASH     : @ 967113.707: tcs3701: stop power rail pending_off timer
01-09 11:30:42.905  1086  1254 D ASH     : @ 967113.707: tcs3701: start power rail timer, state:3
01-09 11:30:42.945  1086  1254 I ASH     : @ 967113.747: tcs3701: stop power rail pending_off timer
01-09 11:30:42.945  1086  1254 D ASH     : @ 967113.747: tcs3701: start power rail timer, state:3
01-09 11:30:42.984  1086  1254 I ASH     : @ 967113.787: tcs3701: stop power rail pending_off timer
01-09 11:30:42.985  1086  1254 D ASH     : @ 967113.787: tcs3701: start power rail timer, state:3
01-09 11:30:43.026  1086  1254 I ASH     : @ 967113.827: tcs3701: stop power rail pending_off timer
01-09 11:30:43.026  1086  1254 D ASH     : @ 967113.827: tcs3701: start power rail timer, state:3
01-09 11:30:43.065  1086  1254 I ASH     : @ 967113.867: tcs3701: stop power rail pending_off timer
01-09 11:30:43.065  1086  1254 D ASH     : @ 967113.867: tcs3701: start power rail timer, state:3
01-09 11:30:43.104  1086  1254 I ASH     : @ 967113.907: tcs3701: stop power rail pending_off timer
01-09 11:30:43.105  1086  1254 D ASH     : @ 967113.907: tcs3701: start power rail timer, state:3
01-09 11:30:43.145  1086  1254 I ASH     : @ 967113.947: tcs3701: stop power rail pending_off timer
01-09 11:30:43.145  1086  1254 D ASH     : @ 967113.947: tcs3701: start power rail timer, state:3
01-09 11:30:43.184  1086  1254 I ASH     : @ 967113.987: tcs3701: stop power rail pending_off timer
01-09 11:30:43.185  1086  1254 D ASH     : @ 967113.987: tcs3701: start power rail timer, state:3
01-09 11:30:43.225  1086  1254 I ASH     : @ 967114.027: tcs3701: stop power rail pending_off timer
01-09 11:30:43.225  1086  1254 D ASH     : @ 967114.027: tcs3701: start power rail timer, state:3
01-09 11:30:43.265  1086  1254 I ASH     : @ 967114.067: tcs3701: stop power rail pending_off timer
01-09 11:30:43.265  1086  1254 D ASH     : @ 967114.067: tcs3701: start power rail timer, state:3
01-09 11:30:43.305  1086  1254 I ASH     : @ 967114.107: tcs3701: stop power rail pending_off timer
01-09 11:30:43.305  1086  1254 D ASH     : @ 967114.107: tcs3701: start power rail timer, state:3
01-09 11:30:43.345  1086  1254 I ASH     : @ 967114.147: tcs3701: stop power rail pending_off timer
01-09 11:30:43.345  1086  1254 D ASH     : @ 967114.147: tcs3701: start power rail timer, state:3
01-09 11:30:43.385  1086  1254 I ASH     : @ 967114.187: tcs3701: stop power rail pending_off timer
01-09 11:30:43.385  1086  1254 D ASH     : @ 967114.187: tcs3701: start power rail timer, state:3
01-09 11:30:43.425  1086  1254 I ASH     : @ 967114.227: tcs3701: stop power rail pending_off timer
01-09 11:30:43.425  1086  1254 D ASH     : @ 967114.227: tcs3701: start power rail timer, state:3
01-09 11:30:43.465  1086  1254 I ASH     : @ 967114.267: tcs3701: stop power rail pending_off timer
01-09 11:30:43.465  1086  1254 D ASH     : @ 967114.267: tcs3701: start power rail timer, state:3
01-09 11:30:43.505  1086  1254 I ASH     : @ 967114.307: tcs3701: stop power rail pending_off timer
01-09 11:30:43.505  1086  1254 D ASH     : @ 967114.307: tcs3701: start power rail timer, state:3
01-09 11:30:43.545  1086  1254 I ASH     : @ 967114.347: tcs3701: stop power rail pending_off timer
01-09 11:30:43.545  1086  1254 D ASH     : @ 967114.347: tcs3701: start power rail timer, state:3
01-09 11:30:43.585  1086  1254 I ASH     : @ 967114.387: tcs3701: stop power rail pending_off timer
01-09 11:30:43.585  1086  1254 D ASH     : @ 967114.387: tcs3701: start power rail timer, state:3
01-09 11:30:43.625  1086  1254 I ASH     : @ 967114.427: tcs3701: stop power rail pending_off timer
01-09 11:30:43.625  1086  1254 D ASH     : @ 967114.427: tcs3701: start power rail timer, state:3
01-09 11:30:43.665  1086  1254 I ASH     : @ 967114.467: tcs3701: stop power rail pending_off timer
01-09 11:30:43.665  1086  1254 D ASH     : @ 967114.467: tcs3701: start power rail timer, state:3
01-09 11:30:43.705  1086  1254 I ASH     : @ 967114.507: tcs3701: stop power rail pending_off timer
01-09 11:30:43.705  1086  1254 D ASH     : @ 967114.507: tcs3701: start power rail timer, state:3
01-09 11:30:43.745  1086  1254 I ASH     : @ 967114.547: tcs3701: stop power rail pending_off timer
01-09 11:30:43.745  1086  1254 D ASH     : @ 967114.547: tcs3701: start power rail timer, state:3
01-09 11:30:43.785  1086  1254 I ASH     : @ 967114.587: tcs3701: stop power rail pending_off timer
01-09 11:30:43.785  1086  1254 D ASH     : @ 967114.587: tcs3701: start power rail timer, state:3
01-09 11:30:43.790 25993 26012 I Unity   : [showcase] frame cost — paint: fills, strokes, corners, and one image fill the painter refuses at 2340x1080 over 240 frames — tick 0.01 ms, draw mean 0.19 p50 0.19 p95 0.25 max 0.88 ms (4889.3 fps if unpaced)
01-09 11:30:43.790 25993 26012 I Unity   : UnityEngine.DebugLogHandler:Internal_Log(LogType, LogOption, String, Object)
01-09 11:30:43.790 25993 26012 I Unity   : Driftsys.Dashscene.Samples.DashsceneShowcase:Update()
01-09 11:30:43.790 25993 26012 I Unity   : 
01-09 11:30:43.825  1086  1254 I ASH     : @ 967114.627: tcs3701: stop power rail pending_off timer
01-09 11:30:43.825  1086  1254 D ASH     : @ 967114.627: tcs3701: start power rail timer, state:3
01-09 11:30:43.865  1086  1254 I ASH     : @ 967114.667: tcs3701: stop power rail pending_off timer
01-09 11:30:43.865  1086  1254 D ASH     : @ 967114.667: tcs3701: start power rail timer, state:3
01-09 11:30:43.904  1086  1254 I ASH     : @ 967114.707: tcs3701: stop power rail pending_off timer
01-09 11:30:43.905  1086  1254 D ASH     : @ 967114.707: tcs3701: start power rail timer, state:3
01-09 11:30:43.945  1086  1254 I ASH     : @ 967114.747: tcs3701: stop power rail pending_off timer
01-09 11:30:43.945  1086  1254 D ASH     : @ 967114.747: tcs3701: start power rail timer, state:3
01-09 11:30:43.985  1086  1254 I ASH     : @ 967114.787: tcs3701: stop power rail pending_off timer
01-09 11:30:43.985  1086  1254 D ASH     : @ 967114.787: tcs3701: start power rail timer, state:3
01-09 11:30:44.025  1086  1254 I ASH     : @ 967114.827: tcs3701: stop power rail pending_off timer
01-09 11:30:44.025  1086  1254 D ASH     : @ 967114.827: tcs3701: start power rail timer, state:3
01-09 11:30:44.065  1086  1254 I ASH     : @ 967114.867: tcs3701: stop power rail pending_off timer
01-09 11:30:44.065  1086  1254 D ASH     : @ 967114.867: tcs3701: start power rail timer, state:3
01-09 11:30:44.105  1086  1254 I ASH     : @ 967114.907: tcs3701: stop power rail pending_off timer
01-09 11:30:44.105  1086  1254 D ASH     : @ 967114.907: tcs3701: start power rail timer, state:3
01-09 11:30:44.145  1086  1254 I ASH     : @ 967114.947: tcs3701: stop power rail pending_off timer
01-09 11:30:44.145  1086  1254 D ASH     : @ 967114.947: tcs3701: start power rail timer, state:3
01-09 11:30:44.185  1086  1254 I ASH     : @ 967114.987: tcs3701: stop power rail pending_off timer
01-09 11:30:44.185  1086  1254 D ASH     : @ 967114.987: tcs3701: start power rail timer, state:3
01-09 11:30:44.225  1086  1254 I ASH     : @ 967115.027: tcs3701: stop power rail pending_off timer
01-09 11:30:44.225  1086  1254 D ASH     : @ 967115.027: tcs3701: start power rail timer, state:3
01-09 11:30:44.265  1086  1254 I ASH     : @ 967115.067: tcs3701: stop power rail pending_off timer
01-09 11:30:44.265  1086  1254 D ASH     : @ 967115.067: tcs3701: start power rail timer, state:3
01-09 11:30:44.304  1086  1254 I ASH     : @ 967115.107: tcs3701: stop power rail pending_off timer
01-09 11:30:44.305  1086  1254 D ASH     : @ 967115.107: tcs3701: start power rail timer, state:3
01-09 11:30:44.345  1086  1254 I ASH     : @ 967115.147: tcs3701: stop power rail pending_off timer
01-09 11:30:44.345  1086  1254 D ASH     : @ 967115.147: tcs3701: start power rail timer, state:3
01-09 11:30:44.385  1086  1254 I ASH     : @ 967115.187: tcs3701: stop power rail pending_off timer
01-09 11:30:44.385  1086  1254 D ASH     : @ 967115.187: tcs3701: start power rail timer, state:3
01-09 11:30:44.425  1086  1254 I ASH     : @ 967115.227: tcs3701: stop power rail pending_off timer
01-09 11:30:44.425  1086  1254 D ASH     : @ 967115.227: tcs3701: start power rail timer, state:3
01-09 11:30:44.464  1086  1254 I ASH     : @ 967115.267: tcs3701: stop power rail pending_off timer
01-09 11:30:44.465  1086  1254 D ASH     : @ 967115.267: tcs3701: start power rail timer, state:3
01-09 11:30:44.504  1086  1254 I ASH     : @ 967115.307: tcs3701: stop power rail pending_off timer
01-09 11:30:44.505  1086  1254 D ASH     : @ 967115.307: tcs3701: start power rail timer, state:3
01-09 11:30:44.545  1086  1254 I ASH     : @ 967115.347: tcs3701: stop power rail pending_off timer
01-09 11:30:44.545  1086  1254 D ASH     : @ 967115.347: tcs3701: start power rail timer, state:3
01-09 11:30:44.585  1086  1254 I ASH     : @ 967115.387: tcs3701: stop power rail pending_off timer
01-09 11:30:44.585  1086  1254 D ASH     : @ 967115.387: tcs3701: start power rail timer, state:3
01-09 11:30:44.625  1086  1254 I ASH     : @ 967115.427: tcs3701: stop power rail pending_off timer
01-09 11:30:44.625  1086  1254 D ASH     : @ 967115.427: tcs3701: start power rail timer, state:3
01-09 11:30:44.665  1086  1254 I ASH     : @ 967115.467: tcs3701: stop power rail pending_off timer
01-09 11:30:44.665  1086  1254 D ASH     : @ 967115.467: tcs3701: start power rail timer, state:3
01-09 11:30:44.705  1086  1254 I ASH     : @ 967115.507: tcs3701: stop power rail pending_off timer
01-09 11:30:44.705  1086  1254 D ASH     : @ 967115.507: tcs3701: start power rail timer, state:3
01-09 11:30:44.745  1086  1254 I ASH     : @ 967115.547: tcs3701: stop power rail pending_off timer
01-09 11:30:44.745  1086  1254 D ASH     : @ 967115.547: tcs3701: start power rail timer, state:3
01-09 11:30:44.785  1086  1254 I ASH     : @ 967115.587: tcs3701: stop power rail pending_off timer
01-09 11:30:44.785  1086  1254 D ASH     : @ 967115.587: tcs3701: start power rail timer, state:3
01-09 11:30:44.825  1086  1254 I ASH     : @ 967115.627: tcs3701: stop power rail pending_off timer
01-09 11:30:44.825  1086  1254 D ASH     : @ 967115.627: tcs3701: start power rail timer, state:3
01-09 11:30:44.865  1086  1254 I ASH     : @ 967115.667: tcs3701: stop power rail pending_off timer
01-09 11:30:44.865  1086  1254 D ASH     : @ 967115.667: tcs3701: start power rail timer, state:3
01-09 11:30:44.904  1086  1254 I ASH     : @ 967115.707: tcs3701: stop power rail pending_off timer
01-09 11:30:44.905  1086  1254 D ASH     : @ 967115.707: tcs3701: start power rail timer, state:3
01-09 11:30:44.945  1086  1254 I ASH     : @ 967115.747: tcs3701: stop power rail pending_off timer
01-09 11:30:44.945  1086  1254 D ASH     : @ 967115.747: tcs3701: start power rail timer, state:3
01-09 11:30:44.985  1086  1254 I ASH     : @ 967115.787: tcs3701: stop power rail pending_off timer
01-09 11:30:44.985  1086  1254 D ASH     : @ 967115.787: tcs3701: start power rail timer, state:3
01-09 11:30:45.024  1086  1254 I ASH     : @ 967115.827: tcs3701: stop power rail pending_off timer
01-09 11:30:45.025  1086  1254 D ASH     : @ 967115.827: tcs3701: start power rail timer, state:3
01-09 11:30:45.065  1086  1254 I ASH     : @ 967115.867: tcs3701: stop power rail pending_off timer
01-09 11:30:45.065  1086  1254 D ASH     : @ 967115.867: tcs3701: start power rail timer, state:3
01-09 11:30:45.105  1086  1254 I ASH     : @ 967115.907: tcs3701: stop power rail pending_off timer
01-09 11:30:45.105  1086  1254 D ASH     : @ 967115.907: tcs3701: start power rail timer, state:3
01-09 11:30:45.145  1086  1254 I ASH     : @ 967115.947: tcs3701: stop power rail pending_off timer
01-09 11:30:45.145  1086  1254 D ASH     : @ 967115.947: tcs3701: start power rail timer, state:3
01-09 11:30:45.185  1086  1254 I ASH     : @ 967115.987: tcs3701: stop power rail pending_off timer
01-09 11:30:45.186  1086  1254 D ASH     : @ 967115.987: tcs3701: start power rail timer, state:3
01-09 11:30:45.225  1086  1254 I ASH     : @ 967116.027: tcs3701: stop power rail pending_off timer
01-09 11:30:45.225  1086  1254 D ASH     : @ 967116.027: tcs3701: start power rail timer, state:3
01-09 11:30:45.265  1086  1254 I ASH     : @ 967116.067: tcs3701: stop power rail pending_off timer
01-09 11:30:45.265  1086  1254 D ASH     : @ 967116.067: tcs3701: start power rail timer, state:3
01-09 11:30:45.305  1086  1254 I ASH     : @ 967116.107: tcs3701: stop power rail pending_off timer
01-09 11:30:45.305  1086  1254 D ASH     : @ 967116.107: tcs3701: start power rail timer, state:3
01-09 11:30:45.344  1086  1254 I ASH     : @ 967116.147: tcs3701: stop power rail pending_off timer
01-09 11:30:45.345  1086  1254 D ASH     : @ 967116.147: tcs3701: start power rail timer, state:3
01-09 11:30:45.385  1086  1254 I ASH     : @ 967116.187: tcs3701: stop power rail pending_off timer
01-09 11:30:45.385  1086  1254 D ASH     : @ 967116.187: tcs3701: start power rail timer, state:3
01-09 11:30:45.425  1086  1254 I ASH     : @ 967116.227: tcs3701: stop power rail pending_off timer
01-09 11:30:45.425  1086  1254 D ASH     : @ 967116.227: tcs3701: start power rail timer, state:3
01-09 11:30:45.465  1086  1254 I ASH     : @ 967116.267: tcs3701: stop power rail pending_off timer
01-09 11:30:45.465  1086  1254 D ASH     : @ 967116.267: tcs3701: start power rail timer, state:3
01-09 11:30:45.505  1086  1254 I ASH     : @ 967116.307: tcs3701: stop power rail pending_off timer
01-09 11:30:45.505  1086  1254 D ASH     : @ 967116.307: tcs3701: start power rail timer, state:3
01-09 11:30:45.545  1086  1254 I ASH     : @ 967116.347: tcs3701: stop power rail pending_off timer
01-09 11:30:45.545  1086  1254 D ASH     : @ 967116.347: tcs3701: start power rail timer, state:3
01-09 11:30:45.585  1086  1254 I ASH     : @ 967116.387: tcs3701: stop power rail pending_off timer
01-09 11:30:45.585  1086  1254 D ASH     : @ 967116.387: tcs3701: start power rail timer, state:3
01-09 11:30:45.625  1086  1254 I ASH     : @ 967116.427: tcs3701: stop power rail pending_off timer
01-09 11:30:45.625  1086  1254 D ASH     : @ 967116.427: tcs3701: start power rail timer, state:3
01-09 11:30:45.665  1086  1254 I ASH     : @ 967116.467: tcs3701: stop power rail pending_off timer
01-09 11:30:45.665  1086  1254 D ASH     : @ 967116.467: tcs3701: start power rail timer, state:3
01-09 11:30:45.704  1086  1254 I ASH     : @ 967116.507: tcs3701: stop power rail pending_off timer
01-09 11:30:45.705  1086  1254 D ASH     : @ 967116.507: tcs3701: start power rail timer, state:3
01-09 11:30:45.745  1086  1254 I ASH     : @ 967116.547: tcs3701: stop power rail pending_off timer
01-09 11:30:45.745  1086  1254 D ASH     : @ 967116.547: tcs3701: start power rail timer, state:3
01-09 11:30:45.785  1086  1254 I ASH     : @ 967116.587: tcs3701: stop power rail pending_off timer
01-09 11:30:45.785  1086  1254 D ASH     : @ 967116.587: tcs3701: start power rail timer, state:3
01-09 11:30:45.825  1086  1254 I ASH     : @ 967116.627: tcs3701: stop power rail pending_off timer
01-09 11:30:45.825  1086  1254 D ASH     : @ 967116.627: tcs3701: start power rail timer, state:3
01-09 11:30:45.865  1086  1254 I ASH     : @ 967116.667: tcs3701: stop power rail pending_off timer
01-09 11:30:45.865  1086  1254 D ASH     : @ 967116.667: tcs3701: start power rail timer, state:3
01-09 11:30:45.905  1086  1254 I ASH     : @ 967116.707: tcs3701: stop power rail pending_off timer
01-09 11:30:45.905  1086  1254 D ASH     : @ 967116.707: tcs3701: start power rail timer, state:3
01-09 11:30:45.944  1086  1254 I ASH     : @ 967116.747: tcs3701: stop power rail pending_off timer
01-09 11:30:45.945  1086  1254 D ASH     : @ 967116.747: tcs3701: start power rail timer, state:3
01-09 11:30:45.985  1086  1254 I ASH     : @ 967116.787: tcs3701: stop power rail pending_off timer
01-09 11:30:45.985  1086  1254 D ASH     : @ 967116.787: tcs3701: start power rail timer, state:3
01-09 11:30:46.025  1086  1254 I ASH     : @ 967116.827: tcs3701: stop power rail pending_off timer
01-09 11:30:46.025  1086  1254 D ASH     : @ 967116.827: tcs3701: start power rail timer, state:3
01-09 11:30:46.065  1086  1254 I ASH     : @ 967116.867: tcs3701: stop power rail pending_off timer
01-09 11:30:46.065  1086  1254 D ASH     : @ 967116.867: tcs3701: start power rail timer, state:3
01-09 11:30:46.105  1086  1254 I ASH     : @ 967116.907: tcs3701: stop power rail pending_off timer
01-09 11:30:46.105  1086  1254 D ASH     : @ 967116.907: tcs3701: start power rail timer, state:3
01-09 11:30:46.145  1086  1254 I ASH     : @ 967116.947: tcs3701: stop power rail pending_off timer
01-09 11:30:46.145  1086  1254 D ASH     : @ 967116.947: tcs3701: start power rail timer, state:3
01-09 11:30:46.184  1086  1254 I ASH     : @ 967116.987: tcs3701: stop power rail pending_off timer
01-09 11:30:46.185  1086  1254 D ASH     : @ 967116.987: tcs3701: start power rail timer, state:3
01-09 11:30:46.224  1086  1254 I ASH     : @ 967117.027: tcs3701: stop power rail pending_off timer
01-09 11:30:46.225  1086  1254 D ASH     : @ 967117.027: tcs3701: start power rail timer, state:3
01-09 11:30:46.265  1086  1254 I ASH     : @ 967117.067: tcs3701: stop power rail pending_off timer
01-09 11:30:46.265  1086  1254 D ASH     : @ 967117.067: tcs3701: start power rail timer, state:3
01-09 11:30:46.305  1086  1254 I ASH     : @ 967117.107: tcs3701: stop power rail pending_off timer
01-09 11:30:46.305  1086  1254 D ASH     : @ 967117.107: tcs3701: start power rail timer, state:3
01-09 11:30:46.344  1086  1254 I ASH     : @ 967117.147: tcs3701: stop power rail pending_off timer
01-09 11:30:46.345  1086  1254 D ASH     : @ 967117.147: tcs3701: start power rail timer, state:3
01-09 11:30:46.385  1086  1254 I ASH     : @ 967117.187: tcs3701: stop power rail pending_off timer
01-09 11:30:46.385  1086  1254 D ASH     : @ 967117.187: tcs3701: start power rail timer, state:3
01-09 11:30:46.425  1086  1254 I ASH     : @ 967117.227: tcs3701: stop power rail pending_off timer
01-09 11:30:46.425  1086  1254 D ASH     : @ 967117.227: tcs3701: start power rail timer, state:3
01-09 11:30:46.465  1086  1254 I ASH     : @ 967117.267: tcs3701: stop power rail pending_off timer
01-09 11:30:46.465  1086  1254 D ASH     : @ 967117.267: tcs3701: start power rail timer, state:3
01-09 11:30:46.504  1086  1254 I ASH     : @ 967117.307: tcs3701: stop power rail pending_off timer
01-09 11:30:46.505  1086  1254 D ASH     : @ 967117.307: tcs3701: start power rail timer, state:3
01-09 11:30:46.545  1086  1254 I ASH     : @ 967117.347: tcs3701: stop power rail pending_off timer
01-09 11:30:46.545  1086  1254 D ASH     : @ 967117.347: tcs3701: start power rail timer, state:3
01-09 11:30:46.585  1086  1254 I ASH     : @ 967117.387: tcs3701: stop power rail pending_off timer
01-09 11:30:46.585  1086  1254 D ASH     : @ 967117.387: tcs3701: start power rail timer, state:3
01-09 11:30:46.625  1086  1254 I ASH     : @ 967117.427: tcs3701: stop power rail pending_off timer
01-09 11:30:46.625  1086  1254 D ASH     : @ 967117.427: tcs3701: start power rail timer, state:3
01-09 11:30:46.665  1086  1254 I ASH     : @ 967117.467: tcs3701: stop power rail pending_off timer
01-09 11:30:46.665  1086  1254 D ASH     : @ 967117.467: tcs3701: start power rail timer, state:3
01-09 11:30:46.704  1086  1254 I ASH     : @ 967117.507: tcs3701: stop power rail pending_off timer
01-09 11:30:46.705  1086  1254 D ASH     : @ 967117.507: tcs3701: start power rail timer, state:3
01-09 11:30:46.744  1086  1254 I ASH     : @ 967117.547: tcs3701: stop power rail pending_off timer
01-09 11:30:46.745  1086  1254 D ASH     : @ 967117.547: tcs3701: start power rail timer, state:3
01-09 11:30:46.785  1086  1254 I ASH     : @ 967117.587: tcs3701: stop power rail pending_off timer
01-09 11:30:46.785  1086  1254 D ASH     : @ 967117.587: tcs3701: start power rail timer, state:3
01-09 11:30:46.825  1086  1254 I ASH     : @ 967117.627: tcs3701: stop power rail pending_off timer
01-09 11:30:46.825  1086  1254 D ASH     : @ 967117.627: tcs3701: start power rail timer, state:3
01-09 11:30:46.865  1086  1254 I ASH     : @ 967117.667: tcs3701: stop power rail pending_off timer
01-09 11:30:46.865  1086  1254 D ASH     : @ 967117.667: tcs3701: start power rail timer, state:3
01-09 11:30:46.904  1086  1254 I ASH     : @ 967117.707: tcs3701: stop power rail pending_off timer
01-09 11:30:46.905  1086  1254 D ASH     : @ 967117.707: tcs3701: start power rail timer, state:3
01-09 11:30:46.945  1086  1254 I ASH     : @ 967117.747: tcs3701: stop power rail pending_off timer
01-09 11:30:46.945  1086  1254 D ASH     : @ 967117.747: tcs3701: start power rail timer, state:3
01-09 11:30:46.985  1086  1254 I ASH     : @ 967117.787: tcs3701: stop power rail pending_off timer
01-09 11:30:46.985  1086  1254 D ASH     : @ 967117.787: tcs3701: start power rail timer, state:3
01-09 11:30:47.025  1086  1254 I ASH     : @ 967117.827: tcs3701: stop power rail pending_off timer
01-09 11:30:47.025  1086  1254 D ASH     : @ 967117.827: tcs3701: start power rail timer, state:3
01-09 11:30:47.065  1086  1254 I ASH     : @ 967117.867: tcs3701: stop power rail pending_off timer
01-09 11:30:47.065  1086  1254 D ASH     : @ 967117.867: tcs3701: start power rail timer, state:3
01-09 11:30:47.104  1086  1254 I ASH     : @ 967117.907: tcs3701: stop power rail pending_off timer
01-09 11:30:47.105  1086  1254 D ASH     : @ 967117.907: tcs3701: start power rail timer, state:3
01-09 11:30:47.144  1086  1254 I ASH     : @ 967117.947: tcs3701: stop power rail pending_off timer
01-09 11:30:47.145  1086  1254 D ASH     : @ 967117.947: tcs3701: start power rail timer, state:3
01-09 11:30:47.185  1086  1254 I ASH     : @ 967117.987: tcs3701: stop power rail pending_off timer
01-09 11:30:47.185  1086  1254 D ASH     : @ 967117.987: tcs3701: start power rail timer, state:3
01-09 11:30:47.225  1086  1254 I ASH     : @ 967118.027: tcs3701: stop power rail pending_off timer
01-09 11:30:47.225  1086  1254 D ASH     : @ 967118.027: tcs3701: start power rail timer, state:3
01-09 11:30:47.264  1086  1254 I ASH     : @ 967118.067: tcs3701: stop power rail pending_off timer
01-09 11:30:47.265  1086  1254 D ASH     : @ 967118.067: tcs3701: start power rail timer, state:3
01-09 11:30:47.305  1086  1254 I ASH     : @ 967118.107: tcs3701: stop power rail pending_off timer
01-09 11:30:47.305  1086  1254 D ASH     : @ 967118.107: tcs3701: start power rail timer, state:3
01-09 11:30:47.345  1086  1254 I ASH     : @ 967118.147: tcs3701: stop power rail pending_off timer
01-09 11:30:47.345  1086  1254 D ASH     : @ 967118.147: tcs3701: start power rail timer, state:3
01-09 11:30:47.385  1086  1254 I ASH     : @ 967118.187: tcs3701: stop power rail pending_off timer
01-09 11:30:47.385  1086  1254 D ASH     : @ 967118.187: tcs3701: start power rail timer, state:3
01-09 11:30:47.425  1086  1254 I ASH     : @ 967118.227: tcs3701: stop power rail pending_off timer
01-09 11:30:47.425  1086  1254 D ASH     : @ 967118.227: tcs3701: start power rail timer, state:3
01-09 11:30:47.464  1086  1254 I ASH     : @ 967118.267: tcs3701: stop power rail pending_off timer
01-09 11:30:47.465  1086  1254 D ASH     : @ 967118.267: tcs3701: start power rail timer, state:3
01-09 11:30:47.505  1086  1254 I ASH     : @ 967118.307: tcs3701: stop power rail pending_off timer
01-09 11:30:47.505  1086  1254 D ASH     : @ 967118.307: tcs3701: start power rail timer, state:3
01-09 11:30:47.544  1086  1254 I ASH     : @ 967118.347: tcs3701: stop power rail pending_off timer
01-09 11:30:47.545  1086  1254 D ASH     : @ 967118.347: tcs3701: start power rail timer, state:3
01-09 11:30:47.585  1086  1254 I ASH     : @ 967118.387: tcs3701: stop power rail pending_off timer
01-09 11:30:47.585  1086  1254 D ASH     : @ 967118.387: tcs3701: start power rail timer, state:3
01-09 11:30:47.624  1086  1254 I ASH     : @ 967118.427: tcs3701: stop power rail pending_off timer
01-09 11:30:47.625  1086  1254 D ASH     : @ 967118.427: tcs3701: start power rail timer, state:3
01-09 11:30:47.665  1086  1254 I ASH     : @ 967118.467: tcs3701: stop power rail pending_off timer
01-09 11:30:47.665  1086  1254 D ASH     : @ 967118.467: tcs3701: start power rail timer, state:3
01-09 11:30:47.705  1086  1254 I ASH     : @ 967118.507: tcs3701: stop power rail pending_off timer
01-09 11:30:47.705  1086  1254 D ASH     : @ 967118.507: tcs3701: start power rail timer, state:3
01-09 11:30:47.745  1086  1254 I ASH     : @ 967118.547: tcs3701: stop power rail pending_off timer
01-09 11:30:47.745  1086  1254 D ASH     : @ 967118.547: tcs3701: start power rail timer, state:3
01-09 11:30:47.785  1086  1254 I ASH     : @ 967118.587: tcs3701: stop power rail pending_off timer
01-09 11:30:47.785  1086  1254 D ASH     : @ 967118.587: tcs3701: start power rail timer, state:3
01-09 11:30:47.824  1086  1254 I ASH     : @ 967118.627: tcs3701: stop power rail pending_off timer
01-09 11:30:47.825  1086  1254 D ASH     : @ 967118.627: tcs3701: start power rail timer, state:3
01-09 11:30:47.865  1086  1254 I ASH     : @ 967118.667: tcs3701: stop power rail pending_off timer
01-09 11:30:47.865  1086  1254 D ASH     : @ 967118.667: tcs3701: start power rail timer, state:3
01-09 11:30:47.905  1086  1254 I ASH     : @ 967118.707: tcs3701: stop power rail pending_off timer
01-09 11:30:47.905  1086  1254 D ASH     : @ 967118.707: tcs3701: start power rail timer, state:3
01-09 11:30:47.944  1086  1254 I ASH     : @ 967118.747: tcs3701: stop power rail pending_off timer
01-09 11:30:47.945  1086  1254 D ASH     : @ 967118.747: tcs3701: start power rail timer, state:3
01-09 11:30:47.985  1086  1254 I ASH     : @ 967118.787: tcs3701: stop power rail pending_off timer
01-09 11:30:47.985  1086  1254 D ASH     : @ 967118.787: tcs3701: start power rail timer, state:3
01-09 11:30:48.025  1086  1254 I ASH     : @ 967118.827: tcs3701: stop power rail pending_off timer
01-09 11:30:48.025  1086  1254 D ASH     : @ 967118.827: tcs3701: start power rail timer, state:3
01-09 11:30:48.065  1086  1254 I ASH     : @ 967118.867: tcs3701: stop power rail pending_off timer
01-09 11:30:48.065  1086  1254 D ASH     : @ 967118.867: tcs3701: start power rail timer, state:3
01-09 11:30:48.105  1086  1254 I ASH     : @ 967118.907: tcs3701: stop power rail pending_off timer
01-09 11:30:48.105  1086  1254 D ASH     : @ 967118.907: tcs3701: start power rail timer, state:3
01-09 11:30:48.145  1086  1254 I ASH     : @ 967118.947: tcs3701: stop power rail pending_off timer
01-09 11:30:48.145  1086  1254 D ASH     : @ 967118.947: tcs3701: start power rail timer, state:3
01-09 11:30:48.184  1086  1254 I ASH     : @ 967118.987: tcs3701: stop power rail pending_off timer
01-09 11:30:48.185  1086  1254 D ASH     : @ 967118.987: tcs3701: start power rail timer, state:3
01-09 11:30:48.224  1086  1254 I ASH     : @ 967119.027: tcs3701: stop power rail pending_off timer
01-09 11:30:48.225  1086  1254 D ASH     : @ 967119.027: tcs3701: start power rail timer, state:3
01-09 11:30:48.265  1086  1254 I ASH     : @ 967119.067: tcs3701: stop power rail pending_off timer
01-09 11:30:48.265  1086  1254 D ASH     : @ 967119.067: tcs3701: start power rail timer, state:3
01-09 11:30:48.305  1086  1254 I ASH     : @ 967119.107: tcs3701: stop power rail pending_off timer
01-09 11:30:48.305  1086  1254 D ASH     : @ 967119.107: tcs3701: start power rail timer, state:3
01-09 11:30:48.344  1086  1254 I ASH     : @ 967119.147: tcs3701: stop power rail pending_off timer
01-09 11:30:48.345  1086  1254 D ASH     : @ 967119.147: tcs3701: start power rail timer, state:3
01-09 11:30:48.385  1086  1254 I ASH     : @ 967119.187: tcs3701: stop power rail pending_off timer
01-09 11:30:48.385  1086  1254 D ASH     : @ 967119.187: tcs3701: start power rail timer, state:3
01-09 11:30:48.425  1086  1254 I ASH     : @ 967119.227: tcs3701: stop power rail pending_off timer
01-09 11:30:48.425  1086  1254 D ASH     : @ 967119.227: tcs3701: start power rail timer, state:3
01-09 11:30:48.465  1086  1254 I ASH     : @ 967119.267: tcs3701: stop power rail pending_off timer
01-09 11:30:48.465  1086  1254 D ASH     : @ 967119.267: tcs3701: start power rail timer, state:3
01-09 11:30:48.505  1086  1254 I ASH     : @ 967119.307: tcs3701: stop power rail pending_off timer
01-09 11:30:48.505  1086  1254 D ASH     : @ 967119.307: tcs3701: start power rail timer, state:3
01-09 11:30:48.545  1086  1254 I ASH     : @ 967119.347: tcs3701: stop power rail pending_off timer
01-09 11:30:48.545  1086  1254 D ASH     : @ 967119.347: tcs3701: start power rail timer, state:3
01-09 11:30:48.585  1086  1254 I ASH     : @ 967119.387: tcs3701: stop power rail pending_off timer
01-09 11:30:48.585  1086  1254 D ASH     : @ 967119.387: tcs3701: start power rail timer, state:3
01-09 11:30:48.625  1086  1254 I ASH     : @ 967119.427: tcs3701: stop power rail pending_off timer
01-09 11:30:48.625  1086  1254 D ASH     : @ 967119.427: tcs3701: start power rail timer, state:3
01-09 11:30:48.665  1086  1254 I ASH     : @ 967119.467: tcs3701: stop power rail pending_off timer
01-09 11:30:48.665  1086  1254 D ASH     : @ 967119.467: tcs3701: start power rail timer, state:3
01-09 11:30:48.705  1086  1254 I ASH     : @ 967119.507: tcs3701: stop power rail pending_off timer
01-09 11:30:48.705  1086  1254 D ASH     : @ 967119.507: tcs3701: start power rail timer, state:3
01-09 11:30:48.745  1086  1254 I ASH     : @ 967119.547: tcs3701: stop power rail pending_off timer
01-09 11:30:48.745  1086  1254 D ASH     : @ 967119.547: tcs3701: start power rail timer, state:3
01-09 11:30:48.785  1086  1254 I ASH     : @ 967119.587: tcs3701: stop power rail pending_off timer
01-09 11:30:48.785  1086  1254 D ASH     : @ 967119.587: tcs3701: start power rail timer, state:3
01-09 11:30:48.825  1086  1254 I ASH     : @ 967119.627: tcs3701: stop power rail pending_off timer
01-09 11:30:48.825  1086  1254 D ASH     : @ 967119.627: tcs3701: start power rail timer, state:3
01-09 11:30:48.865  1086  1254 I ASH     : @ 967119.667: tcs3701: stop power rail pending_off timer
01-09 11:30:48.865  1086  1254 D ASH     : @ 967119.667: tcs3701: start power rail timer, state:3
01-09 11:30:48.905  1086  1254 I ASH     : @ 967119.707: tcs3701: stop power rail pending_off timer
01-09 11:30:48.905  1086  1254 D ASH     : @ 967119.707: tcs3701: start power rail timer, state:3
01-09 11:30:48.945  1086  1254 I ASH     : @ 967119.747: tcs3701: stop power rail pending_off timer
01-09 11:30:48.945  1086  1254 D ASH     : @ 967119.747: tcs3701: start power rail timer, state:3
01-09 11:30:48.985  1086  1254 I ASH     : @ 967119.787: tcs3701: stop power rail pending_off timer
01-09 11:30:48.985  1086  1254 D ASH     : @ 967119.787: tcs3701: start power rail timer, state:3
01-09 11:30:49.025  1086  1254 I ASH     : @ 967119.827: tcs3701: stop power rail pending_off timer
01-09 11:30:49.025  1086  1254 D ASH     : @ 967119.827: tcs3701: start power rail timer, state:3
01-09 11:30:49.065  1086  1254 I ASH     : @ 967119.867: tcs3701: stop power rail pending_off timer
01-09 11:30:49.065  1086  1254 D ASH     : @ 967119.867: tcs3701: start power rail timer, state:3
01-09 11:30:49.105  1086  1254 I ASH     : @ 967119.907: tcs3701: stop power rail pending_off timer
01-09 11:30:49.105  1086  1254 D ASH     : @ 967119.907: tcs3701: start power rail timer, state:3
01-09 11:30:49.145  1086  1254 I ASH     : @ 967119.947: tcs3701: stop power rail pending_off timer
01-09 11:30:49.145  1086  1254 D ASH     : @ 967119.947: tcs3701: start power rail timer, state:3
01-09 11:30:49.185  1086  1254 I ASH     : @ 967119.987: tcs3701: stop power rail pending_off timer
01-09 11:30:49.185  1086  1254 D ASH     : @ 967119.987: tcs3701: start power rail timer, state:3
01-09 11:30:49.225  1086  1254 I ASH     : @ 967120.027: tcs3701: stop power rail pending_off timer
01-09 11:30:49.225  1086  1254 D ASH     : @ 967120.027: tcs3701: start power rail timer, state:3
01-09 11:30:49.265  1086  1254 I ASH     : @ 967120.067: tcs3701: stop power rail pending_off timer
01-09 11:30:49.266  1086  1254 D ASH     : @ 967120.067: tcs3701: start power rail timer, state:3
01-09 11:30:49.304  1086  1254 I ASH     : @ 967120.107: tcs3701: stop power rail pending_off timer
01-09 11:30:49.305  1086  1254 D ASH     : @ 967120.107: tcs3701: start power rail timer, state:3
01-09 11:30:49.345  1086  1254 I ASH     : @ 967120.147: tcs3701: stop power rail pending_off timer
01-09 11:30:49.345  1086  1254 D ASH     : @ 967120.147: tcs3701: start power rail timer, state:3
01-09 11:30:49.385  1086  1254 I ASH     : @ 967120.187: tcs3701: stop power rail pending_off timer
01-09 11:30:49.385  1086  1254 D ASH     : @ 967120.187: tcs3701: start power rail timer, state:3
01-09 11:30:49.425  1086  1254 I ASH     : @ 967120.227: tcs3701: stop power rail pending_off timer
01-09 11:30:49.425  1086  1254 D ASH     : @ 967120.227: tcs3701: start power rail timer, state:3
01-09 11:30:49.451  2909  3101 D EuiccConnector: handleMessage: E msg.what=3
01-09 11:30:49.451  2909  3101 D EuiccConnector: processMsg: ConnectedState
01-09 11:30:49.455 22152 22152 I EuiccGoogle: [2] EuiccServiceImpl.onDestroy: onDestroy: EuiccService on destroy.
01-09 11:30:49.455  2909  3101 D EuiccConnector: transitionTo: destState=AvailableState
01-09 11:30:49.456  2909  3101 D EuiccConnector: handleMessage: new destination call exit/enter
01-09 11:30:49.456  2909  3101 D EuiccConnector: setupTempStateStackWithStatesToEnter: X mTempStateStackCount=2,curStateInfo: null
01-09 11:30:49.456  2909  3101 D EuiccConnector: invokeExitMethods: ConnectedState
01-09 11:30:49.456  2909  3101 D EuiccConnector: invokeExitMethods: DisconnectedState
01-09 11:30:49.456  2909  3101 D EuiccConnector: moveTempStackToStateStack: i=1,j=0
01-09 11:30:49.456  2909  3101 D EuiccConnector: moveTempStackToStateStack: i=0,j=1
01-09 11:30:49.456  2909  3101 D EuiccConnector: moveTempStackToStateStack: X mStateStackTop=1,startingIndex=0,Top=AvailableState
01-09 11:30:49.456  2909  3101 D EuiccConnector: invokeEnterMethods: UnavailableState
01-09 11:30:49.456  2909  3101 D EuiccConnector: invokeEnterMethods: AvailableState
01-09 11:30:49.456  2909  3101 D EuiccConnector: handleMessage: X
01-09 11:30:49.465  1086  1254 I ASH     : @ 967120.267: tcs3701: stop power rail pending_off timer
01-09 11:30:49.465  1086  1254 D ASH     : @ 967120.267: tcs3701: start power rail timer, state:3
01-09 11:30:49.505  1086  1254 I ASH     : @ 967120.307: tcs3701: stop power rail pending_off timer
01-09 11:30:49.505  1086  1254 D ASH     : @ 967120.307: tcs3701: start power rail timer, state:3
01-09 11:30:49.545  1086  1254 I ASH     : @ 967120.347: tcs3701: stop power rail pending_off timer
01-09 11:30:49.545  1086  1254 D ASH     : @ 967120.347: tcs3701: start power rail timer, state:3
01-09 11:30:49.585  1086  1254 I ASH     : @ 967120.387: tcs3701: stop power rail pending_off timer
01-09 11:30:49.585  1086  1254 D ASH     : @ 967120.387: tcs3701: start power rail timer, state:3
01-09 11:30:49.625  1086  1254 I ASH     : @ 967120.427: tcs3701: stop power rail pending_off timer
01-09 11:30:49.625  1086  1254 D ASH     : @ 967120.427: tcs3701: start power rail timer, state:3
01-09 11:30:49.665  1086  1254 I ASH     : @ 967120.467: tcs3701: stop power rail pending_off timer
01-09 11:30:49.665  1086  1254 D ASH     : @ 967120.467: tcs3701: start power rail timer, state:3
01-09 11:30:49.704  1086  1254 I ASH     : @ 967120.507: tcs3701: stop power rail pending_off timer
01-09 11:30:49.705  1086  1254 D ASH     : @ 967120.507: tcs3701: start power rail timer, state:3
01-09 11:30:49.745  1086  1254 I ASH     : @ 967120.547: tcs3701: stop power rail pending_off timer
01-09 11:30:49.745  1086  1254 D ASH     : @ 967120.547: tcs3701: start power rail timer, state:3
01-09 11:30:49.785  1086  1254 I ASH     : @ 967120.587: tcs3701: stop power rail pending_off timer
01-09 11:30:49.785  1086  1254 D ASH     : @ 967120.587: tcs3701: start power rail timer, state:3
01-09 11:30:49.824  1086  1254 I ASH     : @ 967120.627: tcs3701: stop power rail pending_off timer
01-09 11:30:49.825  1086  1254 D ASH     : @ 967120.627: tcs3701: start power rail timer, state:3
01-09 11:30:49.864 25993 26012 I Unity   : [showcase] drew layout: a variant set, at rest — nothing here can switch it: 2 instance(s), rung ConstantBuffer
01-09 11:30:49.864 25993 26012 I Unity   : UnityEngine.DebugLogHandler:Internal_Log(LogType, LogOption, String, Object)
01-09 11:30:49.864 25993 26012 I Unity   : Driftsys.Dashscene.Samples.DashsceneShowcase:Update()
01-09 11:30:49.864 25993 26012 I Unity   : 
01-09 11:30:49.865  1086  1254 I ASH     : @ 967120.667: tcs3701: stop power rail pending_off timer
01-09 11:30:49.865  1086  1254 D ASH     : @ 967120.667: tcs3701: start power rail timer, state:3
01-09 11:30:49.905  1086  1254 I ASH     : @ 967120.707: tcs3701: stop power rail pending_off timer
01-09 11:30:49.905  1086  1254 D ASH     : @ 967120.707: tcs3701: start power rail timer, state:3
01-09 11:30:49.944  1086  1254 I ASH     : @ 967120.747: tcs3701: stop power rail pending_off timer
01-09 11:30:49.945  1086  1254 D ASH     : @ 967120.747: tcs3701: start power rail timer, state:3
01-09 11:30:49.984  1086  1254 I ASH     : @ 967120.787: tcs3701: stop power rail pending_off timer
01-09 11:30:49.985  1086  1254 D ASH     : @ 967120.787: tcs3701: start power rail timer, state:3
01-09 11:30:50.025  1086  1254 I ASH     : @ 967120.827: tcs3701: stop power rail pending_off timer
01-09 11:30:50.025  1086  1254 D ASH     : @ 967120.827: tcs3701: start power rail timer, state:3
01-09 11:30:50.063  1122  1183 D rlsservice: MonitorDisplayStatus client num 0, display status 1, sensor status 0
01-09 11:30:50.064  1086  1254 I ASH     : @ 967120.867: tcs3701: stop power rail pending_off timer
01-09 11:30:50.065  1086  1254 D ASH     : @ 967120.867: tcs3701: start power rail timer, state:3
01-09 11:30:50.105  1086  1254 I ASH     : @ 967120.907: tcs3701: stop power rail pending_off timer
01-09 11:30:50.105  1086  1254 D ASH     : @ 967120.907: tcs3701: start power rail timer, state:3
01-09 11:30:50.145  1086  1254 I ASH     : @ 967120.947: tcs3701: stop power rail pending_off timer
01-09 11:30:50.145  1086  1254 D ASH     : @ 967120.947: tcs3701: start power rail timer, state:3
01-09 11:30:50.184  1086  1254 I ASH     : @ 967120.987: tcs3701: stop power rail pending_off timer
01-09 11:30:50.185  1086  1254 D ASH     : @ 967120.987: tcs3701: start power rail timer, state:3
01-09 11:30:50.224  1086  1254 I ASH     : @ 967121.027: tcs3701: stop power rail pending_off timer
01-09 11:30:50.224  1086  1254 D ASH     : @ 967121.027: tcs3701: start power rail timer, state:3
01-09 11:30:50.265  1086  1254 I ASH     : @ 967121.067: tcs3701: stop power rail pending_off timer
01-09 11:30:50.265  1086  1254 D ASH     : @ 967121.067: tcs3701: start power rail timer, state:3
01-09 11:30:50.305  1086  1254 I ASH     : @ 967121.107: tcs3701: stop power rail pending_off timer
01-09 11:30:50.305  1086  1254 D ASH     : @ 967121.107: tcs3701: start power rail timer, state:3
01-09 11:30:50.345  1086  1254 I ASH     : @ 967121.147: tcs3701: stop power rail pending_off timer
01-09 11:30:50.345  1086  1254 D ASH     : @ 967121.147: tcs3701: start power rail timer, state:3
01-09 11:30:50.385  1086  1254 I ASH     : @ 967121.187: tcs3701: stop power rail pending_off timer
01-09 11:30:50.385  1086  1254 D ASH     : @ 967121.187: tcs3701: start power rail timer, state:3
01-09 11:30:50.425  1086  1254 I ASH     : @ 967121.227: tcs3701: stop power rail pending_off timer
01-09 11:30:50.425  1086  1254 D ASH     : @ 967121.227: tcs3701: start power rail timer, state:3
01-09 11:30:50.464  1086  1254 I ASH     : @ 967121.267: tcs3701: stop power rail pending_off timer
01-09 11:30:50.465  1086  1254 D ASH     : @ 967121.267: tcs3701: start power rail timer, state:3
01-09 11:30:50.505  1086  1254 I ASH     : @ 967121.307: tcs3701: stop power rail pending_off timer
01-09 11:30:50.505  1086  1254 D ASH     : @ 967121.307: tcs3701: start power rail timer, state:3
01-09 11:30:50.544  1086  1254 I ASH     : @ 967121.347: tcs3701: stop power rail pending_off timer
01-09 11:30:50.544  1086  1254 D ASH     : @ 967121.347: tcs3701: start power rail timer, state:3
01-09 11:30:50.552 22217 22326 I PlayCommon: [54] alst.j(32): Preparing logs for uploading
01-09 11:30:50.554 22217 22326 I PlayCommon: [54] alst.j(149): Connecting to server for timestamp: https://play.googleapis.com/play/log/timestamp
01-09 11:30:50.557 22217 22326 E PlayCommon: [54] alst.j(150): Failed to connect to server for server timestamp: java.net.UnknownHostException: Unable to resolve host "play.googleapis.com": No address associated with hostname
01-09 11:30:50.558 22217 22326 W PlayCommon: [54] alst.l(1): No account for auth token provided
01-09 11:30:50.558 22217 22326 I PlayCommon: [54] alst.j(183): Connecting to server: https://play.googleapis.com/play/log?format=raw&proto_v2=true
01-09 11:30:50.559 22217 22326 E PlayCommon: [54] alst.j(189): Failed to connect to server for log upload.
01-09 11:30:50.584  1086  1254 I ASH     : @ 967121.387: tcs3701: stop power rail pending_off timer
01-09 11:30:50.585  1086  1254 D ASH     : @ 967121.387: tcs3701: start power rail timer, state:3
01-09 11:30:50.625  1086  1254 I ASH     : @ 967121.427: tcs3701: stop power rail pending_off timer
01-09 11:30:50.625  1086  1254 D ASH     : @ 967121.427: tcs3701: start power rail timer, state:3
01-09 11:30:50.665  1086  1254 I ASH     : @ 967121.467: tcs3701: stop power rail pending_off timer
01-09 11:30:50.665  1086  1254 D ASH     : @ 967121.467: tcs3701: start power rail timer, state:3
01-09 11:30:50.705  1086  1254 I ASH     : @ 967121.507: tcs3701: stop power rail pending_off timer
01-09 11:30:50.705  1086  1254 D ASH     : @ 967121.507: tcs3701: start power rail timer, state:3
01-09 11:30:50.745  1086  1254 I ASH     : @ 967121.547: tcs3701: stop power rail pending_off timer
01-09 11:30:50.745  1086  1254 D ASH     : @ 967121.547: tcs3701: start power rail timer, state:3
01-09 11:30:50.785  1086  1254 I ASH     : @ 967121.587: tcs3701: stop power rail pending_off timer
01-09 11:30:50.785  1086  1254 D ASH     : @ 967121.587: tcs3701: start power rail timer, state:3
01-09 11:30:50.824  1086  1254 I ASH     : @ 967121.627: tcs3701: stop power rail pending_off timer
01-09 11:30:50.825  1086  1254 D ASH     : @ 967121.627: tcs3701: start power rail timer, state:3
01-09 11:30:50.865  1086  1254 I ASH     : @ 967121.667: tcs3701: stop power rail pending_off timer
01-09 11:30:50.865  1086  1254 D ASH     : @ 967121.667: tcs3701: start power rail timer, state:3
01-09 11:30:50.905  1086  1254 I ASH     : @ 967121.707: tcs3701: stop power rail pending_off timer
01-09 11:30:50.905  1086  1254 D ASH     : @ 967121.707: tcs3701: start power rail timer, state:3
01-09 11:30:50.945  1086  1254 I ASH     : @ 967121.747: tcs3701: stop power rail pending_off timer
01-09 11:30:50.945  1086  1254 D ASH     : @ 967121.747: tcs3701: start power rail timer, state:3
01-09 11:30:50.985  1086  1254 I ASH     : @ 967121.787: tcs3701: stop power rail pending_off timer
01-09 11:30:50.985  1086  1254 D ASH     : @ 967121.787: tcs3701: start power rail timer, state:3
01-09 11:30:51.025  1086  1254 I ASH     : @ 967121.827: tcs3701: stop power rail pending_off timer
01-09 11:30:51.025  1086  1254 D ASH     : @ 967121.827: tcs3701: start power rail timer, state:3
01-09 11:30:51.065  1086  1254 I ASH     : @ 967121.867: tcs3701: stop power rail pending_off timer
01-09 11:30:51.065  1086  1254 D ASH     : @ 967121.867: tcs3701: start power rail timer, state:3
01-09 11:30:51.104  1086  1254 I ASH     : @ 967121.907: tcs3701: stop power rail pending_off timer
01-09 11:30:51.105  1086  1254 D ASH     : @ 967121.907: tcs3701: start power rail timer, state:3
01-09 11:30:51.145  1086  1254 I ASH     : @ 967121.947: tcs3701: stop power rail pending_off timer
01-09 11:30:51.145  1086  1254 D ASH     : @ 967121.947: tcs3701: start power rail timer, state:3
01-09 11:30:51.184  1086  1254 I ASH     : @ 967121.987: tcs3701: stop power rail pending_off timer
01-09 11:30:51.185  1086  1254 D ASH     : @ 967121.987: tcs3701: start power rail timer, state:3
01-09 11:30:51.224  1086  1254 I ASH     : @ 967122.027: tcs3701: stop power rail pending_off timer
01-09 11:30:51.224  1086  1254 D ASH     : @ 967122.027: tcs3701: start power rail timer, state:3
01-09 11:30:51.265  1086  1254 I ASH     : @ 967122.067: tcs3701: stop power rail pending_off timer
01-09 11:30:51.265  1086  1254 D ASH     : @ 967122.067: tcs3701: start power rail timer, state:3
01-09 11:30:51.304  1086  1254 I ASH     : @ 967122.107: tcs3701: stop power rail pending_off timer
01-09 11:30:51.305  1086  1254 D ASH     : @ 967122.107: tcs3701: start power rail timer, state:3
01-09 11:30:51.345  1086  1254 I ASH     : @ 967122.147: tcs3701: stop power rail pending_off timer
01-09 11:30:51.345  1086  1254 D ASH     : @ 967122.147: tcs3701: start power rail timer, state:3
01-09 11:30:51.386  1086  1254 I ASH     : @ 967122.187: tcs3701: stop power rail pending_off timer
01-09 11:30:51.386  1086  1254 D ASH     : @ 967122.187: tcs3701: start power rail timer, state:3
01-09 11:30:51.425  1086  1254 I ASH     : @ 967122.227: tcs3701: stop power rail pending_off timer
01-09 11:30:51.425  1086  1254 D ASH     : @ 967122.227: tcs3701: start power rail timer, state:3
01-09 11:30:51.464  1086  1254 I ASH     : @ 967122.267: tcs3701: stop power rail pending_off timer
01-09 11:30:51.465  1086  1254 D ASH     : @ 967122.267: tcs3701: start power rail timer, state:3
01-09 11:30:51.505  1086  1254 I ASH     : @ 967122.307: tcs3701: stop power rail pending_off timer
01-09 11:30:51.505  1086  1254 D ASH     : @ 967122.307: tcs3701: start power rail timer, state:3
01-09 11:30:51.545  1086  1254 I ASH     : @ 967122.347: tcs3701: stop power rail pending_off timer
01-09 11:30:51.545  1086  1254 D ASH     : @ 967122.347: tcs3701: start power rail timer, state:3
01-09 11:30:51.585  1086  1254 I ASH     : @ 967122.387: tcs3701: stop power rail pending_off timer
01-09 11:30:51.585  1086  1254 D ASH     : @ 967122.387: tcs3701: start power rail timer, state:3
01-09 11:30:51.624  1086  1254 I ASH     : @ 967122.427: tcs3701: stop power rail pending_off timer
01-09 11:30:51.625  1086  1254 D ASH     : @ 967122.427: tcs3701: start power rail timer, state:3
01-09 11:30:51.665  1086  1254 I ASH     : @ 967122.467: tcs3701: stop power rail pending_off timer
01-09 11:30:51.665  1086  1254 D ASH     : @ 967122.467: tcs3701: start power rail timer, state:3
01-09 11:30:51.705  1086  1254 I ASH     : @ 967122.507: tcs3701: stop power rail pending_off timer
01-09 11:30:51.705  1086  1254 D ASH     : @ 967122.507: tcs3701: start power rail timer, state:3
01-09 11:30:51.745  1086  1254 I ASH     : @ 967122.547: tcs3701: stop power rail pending_off timer
01-09 11:30:51.745  1086  1254 D ASH     : @ 967122.547: tcs3701: start power rail timer, state:3
01-09 11:30:51.785  1086  1254 I ASH     : @ 967122.587: tcs3701: stop power rail pending_off timer
01-09 11:30:51.785  1086  1254 D ASH     : @ 967122.587: tcs3701: start power rail timer, state:3
01-09 11:30:51.825  1086  1254 I ASH     : @ 967122.627: tcs3701: stop power rail pending_off timer
01-09 11:30:51.825  1086  1254 D ASH     : @ 967122.627: tcs3701: start power rail timer, state:3
01-09 11:30:51.865  1086  1254 I ASH     : @ 967122.667: tcs3701: stop power rail pending_off timer
01-09 11:30:51.865  1086  1254 D ASH     : @ 967122.667: tcs3701: start power rail timer, state:3
01-09 11:30:51.905  1086  1254 I ASH     : @ 967122.707: tcs3701: stop power rail pending_off timer
01-09 11:30:51.905  1086  1254 D ASH     : @ 967122.707: tcs3701: start power rail timer, state:3
01-09 11:30:51.944  1086  1254 I ASH     : @ 967122.747: tcs3701: stop power rail pending_off timer
01-09 11:30:51.944  1086  1254 D ASH     : @ 967122.747: tcs3701: start power rail timer, state:3
01-09 11:30:51.984  1086  1254 I ASH     : @ 967122.787: tcs3701: stop power rail pending_off timer
01-09 11:30:51.985  1086  1254 D ASH     : @ 967122.787: tcs3701: start power rail timer, state:3
01-09 11:30:52.025  1086  1254 I ASH     : @ 967122.827: tcs3701: stop power rail pending_off timer
01-09 11:30:52.025  1086  1254 D ASH     : @ 967122.827: tcs3701: start power rail timer, state:3
01-09 11:30:52.065  1086  1254 I ASH     : @ 967122.867: tcs3701: stop power rail pending_off timer
01-09 11:30:52.065  1086  1254 D ASH     : @ 967122.867: tcs3701: start power rail timer, state:3
01-09 11:30:52.105  1086  1254 I ASH     : @ 967122.907: tcs3701: stop power rail pending_off timer
01-09 11:30:52.105  1086  1254 D ASH     : @ 967122.907: tcs3701: start power rail timer, state:3
01-09 11:30:52.145  1086  1254 I ASH     : @ 967122.947: tcs3701: stop power rail pending_off timer
01-09 11:30:52.145  1086  1254 D ASH     : @ 967122.947: tcs3701: start power rail timer, state:3
01-09 11:30:52.185  1086  1254 I ASH     : @ 967122.987: tcs3701: stop power rail pending_off timer
01-09 11:30:52.185  1086  1254 D ASH     : @ 967122.987: tcs3701: start power rail timer, state:3
01-09 11:30:52.225  1086  1254 I ASH     : @ 967123.027: tcs3701: stop power rail pending_off timer
01-09 11:30:52.225  1086  1254 D ASH     : @ 967123.027: tcs3701: start power rail timer, state:3
01-09 11:30:52.265  1086  1254 I ASH     : @ 967123.067: tcs3701: stop power rail pending_off timer
01-09 11:30:52.265  1086  1254 D ASH     : @ 967123.067: tcs3701: start power rail timer, state:3
01-09 11:30:52.305  1086  1254 I ASH     : @ 967123.107: tcs3701: stop power rail pending_off timer
01-09 11:30:52.305  1086  1254 D ASH     : @ 967123.107: tcs3701: start power rail timer, state:3
01-09 11:30:52.345  1086  1254 I ASH     : @ 967123.147: tcs3701: stop power rail pending_off timer
01-09 11:30:52.345  1086  1254 D ASH     : @ 967123.147: tcs3701: start power rail timer, state:3
01-09 11:30:52.385  1086  1254 I ASH     : @ 967123.187: tcs3701: stop power rail pending_off timer
01-09 11:30:52.385  1086  1254 D ASH     : @ 967123.187: tcs3701: start power rail timer, state:3
01-09 11:30:52.425  1086  1254 I ASH     : @ 967123.227: tcs3701: stop power rail pending_off timer
01-09 11:30:52.425  1086  1254 D ASH     : @ 967123.227: tcs3701: start power rail timer, state:3
01-09 11:30:52.465  1086  1254 I ASH     : @ 967123.267: tcs3701: stop power rail pending_off timer
01-09 11:30:52.465  1086  1254 D ASH     : @ 967123.267: tcs3701: start power rail timer, state:3
01-09 11:30:52.505  1086  1254 I ASH     : @ 967123.307: tcs3701: stop power rail pending_off timer
01-09 11:30:52.505  1086  1254 D ASH     : @ 967123.307: tcs3701: start power rail timer, state:3
01-09 11:30:52.545  1086  1254 I ASH     : @ 967123.347: tcs3701: stop power rail pending_off timer
01-09 11:30:52.545  1086  1254 D ASH     : @ 967123.347: tcs3701: start power rail timer, state:3
01-09 11:30:52.585  1086  1254 I ASH     : @ 967123.387: tcs3701: stop power rail pending_off timer
01-09 11:30:52.585  1086  1254 D ASH     : @ 967123.387: tcs3701: start power rail timer, state:3
01-09 11:30:52.625  1086  1254 I ASH     : @ 967123.427: tcs3701: stop power rail pending_off timer
01-09 11:30:52.625  1086  1254 D ASH     : @ 967123.427: tcs3701: start power rail timer, state:3
01-09 11:30:52.664  1086  1254 I ASH     : @ 967123.467: tcs3701: stop power rail pending_off timer
01-09 11:30:52.665  1086  1254 D ASH     : @ 967123.467: tcs3701: start power rail timer, state:3
01-09 11:30:52.705  1086  1254 I ASH     : @ 967123.507: tcs3701: stop power rail pending_off timer
01-09 11:30:52.705  1086  1254 D ASH     : @ 967123.507: tcs3701: start power rail timer, state:3
01-09 11:30:52.745  1086  1254 I ASH     : @ 967123.547: tcs3701: stop power rail pending_off timer
01-09 11:30:52.745  1086  1254 D ASH     : @ 967123.547: tcs3701: start power rail timer, state:3
01-09 11:30:52.785  1086  1254 I ASH     : @ 967123.587: tcs3701: stop power rail pending_off timer
01-09 11:30:52.785  1086  1254 D ASH     : @ 967123.587: tcs3701: start power rail timer, state:3
01-09 11:30:52.825  1086  1254 I ASH     : @ 967123.627: tcs3701: stop power rail pending_off timer
01-09 11:30:52.825  1086  1254 D ASH     : @ 967123.627: tcs3701: start power rail timer, state:3
01-09 11:30:52.865  1086  1254 I ASH     : @ 967123.667: tcs3701: stop power rail pending_off timer
01-09 11:30:52.865  1086  1254 D ASH     : @ 967123.667: tcs3701: start power rail timer, state:3
01-09 11:30:52.905  1086  1254 I ASH     : @ 967123.707: tcs3701: stop power rail pending_off timer
01-09 11:30:52.905  1086  1254 D ASH     : @ 967123.707: tcs3701: start power rail timer, state:3
01-09 11:30:52.945  1086  1254 I ASH     : @ 967123.747: tcs3701: stop power rail pending_off timer
01-09 11:30:52.945  1086  1254 D ASH     : @ 967123.747: tcs3701: start power rail timer, state:3
01-09 11:30:52.985  1086  1254 I ASH     : @ 967123.787: tcs3701: stop power rail pending_off timer
01-09 11:30:52.985  1086  1254 D ASH     : @ 967123.787: tcs3701: start power rail timer, state:3
01-09 11:30:53.025  1086  1254 I ASH     : @ 967123.827: tcs3701: stop power rail pending_off timer
01-09 11:30:53.025  1086  1254 D ASH     : @ 967123.827: tcs3701: start power rail timer, state:3
01-09 11:30:53.064  1086  1254 I ASH     : @ 967123.867: tcs3701: stop power rail pending_off timer
01-09 11:30:53.065  1086  1254 D ASH     : @ 967123.867: tcs3701: start power rail timer, state:3
01-09 11:30:53.105  1086  1254 I ASH     : @ 967123.907: tcs3701: stop power rail pending_off timer
01-09 11:30:53.105  1086  1254 D ASH     : @ 967123.907: tcs3701: start power rail timer, state:3
01-09 11:30:53.145  1086  1254 I ASH     : @ 967123.947: tcs3701: stop power rail pending_off timer
01-09 11:30:53.145  1086  1254 D ASH     : @ 967123.947: tcs3701: start power rail timer, state:3
01-09 11:30:53.185  1086  1254 I ASH     : @ 967123.987: tcs3701: stop power rail pending_off timer
01-09 11:30:53.185  1086  1254 D ASH     : @ 967123.987: tcs3701: start power rail timer, state:3
01-09 11:30:53.225  1086  1254 I ASH     : @ 967124.027: tcs3701: stop power rail pending_off timer
01-09 11:30:53.225  1086  1254 D ASH     : @ 967124.027: tcs3701: start power rail timer, state:3
01-09 11:30:53.264  1086  1254 I ASH     : @ 967124.067: tcs3701: stop power rail pending_off timer
01-09 11:30:53.265  1086  1254 D ASH     : @ 967124.067: tcs3701: start power rail timer, state:3
01-09 11:30:53.305  1086  1254 I ASH     : @ 967124.107: tcs3701: stop power rail pending_off timer
01-09 11:30:53.305  1086  1254 D ASH     : @ 967124.107: tcs3701: start power rail timer, state:3
01-09 11:30:53.345  1086  1254 I ASH     : @ 967124.147: tcs3701: stop power rail pending_off timer
01-09 11:30:53.345  1086  1254 D ASH     : @ 967124.147: tcs3701: start power rail timer, state:3
01-09 11:30:53.385  1086  1254 I ASH     : @ 967124.187: tcs3701: stop power rail pending_off timer
01-09 11:30:53.385  1086  1254 D ASH     : @ 967124.187: tcs3701: start power rail timer, state:3
01-09 11:30:53.425  1086  1254 I ASH     : @ 967124.227: tcs3701: stop power rail pending_off timer
01-09 11:30:53.425  1086  1254 D ASH     : @ 967124.227: tcs3701: start power rail timer, state:3
01-09 11:30:53.464  1086  1254 I ASH     : @ 967124.267: tcs3701: stop power rail pending_off timer
01-09 11:30:53.465  1086  1254 D ASH     : @ 967124.267: tcs3701: start power rail timer, state:3
01-09 11:30:53.505  1086  1254 I ASH     : @ 967124.307: tcs3701: stop power rail pending_off timer
01-09 11:30:53.505  1086  1254 D ASH     : @ 967124.307: tcs3701: start power rail timer, state:3
01-09 11:30:53.545  1086  1254 I ASH     : @ 967124.347: tcs3701: stop power rail pending_off timer
01-09 11:30:53.545  1086  1254 D ASH     : @ 967124.347: tcs3701: start power rail timer, state:3
01-09 11:30:53.586  1086  1254 I ASH     : @ 967124.387: tcs3701: stop power rail pending_off timer
01-09 11:30:53.586  1086  1254 D ASH     : @ 967124.387: tcs3701: start power rail timer, state:3
01-09 11:30:53.625  1086  1254 I ASH     : @ 967124.427: tcs3701: stop power rail pending_off timer
01-09 11:30:53.625  1086  1254 D ASH     : @ 967124.427: tcs3701: start power rail timer, state:3
01-09 11:30:53.664  1086  1254 I ASH     : @ 967124.467: tcs3701: stop power rail pending_off timer
01-09 11:30:53.665  1086  1254 D ASH     : @ 967124.467: tcs3701: start power rail timer, state:3
01-09 11:30:53.691  1785  2464 E WifiScoringParams: Invalid frequency(-1), using 5G as default rssi array
01-09 11:30:53.705  1086  1254 I ASH     : @ 967124.507: tcs3701: stop power rail pending_off timer
01-09 11:30:53.705  1086  1254 D ASH     : @ 967124.507: tcs3701: start power rail timer, state:3
01-09 11:30:53.745  1086  1254 I ASH     : @ 967124.547: tcs3701: stop power rail pending_off timer
01-09 11:30:53.745  1086  1254 D ASH     : @ 967124.547: tcs3701: start power rail timer, state:3
01-09 11:30:53.785  1086  1254 I ASH     : @ 967124.587: tcs3701: stop power rail pending_off timer
01-09 11:30:53.785  1086  1254 D ASH     : @ 967124.587: tcs3701: start power rail timer, state:3
01-09 11:30:53.824  1086  1254 I ASH     : @ 967124.627: tcs3701: stop power rail pending_off timer
01-09 11:30:53.825  1086  1254 D ASH     : @ 967124.627: tcs3701: start power rail timer, state:3
01-09 11:30:53.864  1086  1254 I ASH     : @ 967124.667: tcs3701: stop power rail pending_off timer
01-09 11:30:53.865  1086  1254 D ASH     : @ 967124.667: tcs3701: start power rail timer, state:3
01-09 11:30:53.905  1086  1254 I ASH     : @ 967124.707: tcs3701: stop power rail pending_off timer
01-09 11:30:53.905  1086  1254 D ASH     : @ 967124.707: tcs3701: start power rail timer, state:3
01-09 11:30:53.945  1086  1254 I ASH     : @ 967124.747: tcs3701: stop power rail pending_off timer
01-09 11:30:53.945  1086  1254 D ASH     : @ 967124.747: tcs3701: start power rail timer, state:3
01-09 11:30:53.985  1086  1254 I ASH     : @ 967124.787: tcs3701: stop power rail pending_off timer
01-09 11:30:53.985  1086  1254 D ASH     : @ 967124.787: tcs3701: start power rail timer, state:3
01-09 11:30:54.024  1086  1254 I ASH     : @ 967124.827: tcs3701: stop power rail pending_off timer
01-09 11:30:54.025  1086  1254 D ASH     : @ 967124.827: tcs3701: start power rail timer, state:3
01-09 11:30:54.065  1086  1254 I ASH     : @ 967124.867: tcs3701: stop power rail pending_off timer
01-09 11:30:54.065  1086  1254 D ASH     : @ 967124.867: tcs3701: start power rail timer, state:3
01-09 11:30:54.105  1086  1254 I ASH     : @ 967124.907: tcs3701: stop power rail pending_off timer
01-09 11:30:54.105  1086  1254 D ASH     : @ 967124.907: tcs3701: start power rail timer, state:3
01-09 11:30:54.145  1086  1254 I ASH     : @ 967124.947: tcs3701: stop power rail pending_off timer
01-09 11:30:54.145  1086  1254 D ASH     : @ 967124.947: tcs3701: start power rail timer, state:3
01-09 11:30:54.185  1086  1254 I ASH     : @ 967124.987: tcs3701: stop power rail pending_off timer
01-09 11:30:54.185  1086  1254 D ASH     : @ 967124.987: tcs3701: start power rail timer, state:3
01-09 11:30:54.225  1086  1254 I ASH     : @ 967125.027: tcs3701: stop power rail pending_off timer
01-09 11:30:54.225  1086  1254 D ASH     : @ 967125.027: tcs3701: start power rail timer, state:3
01-09 11:30:54.265  1086  1254 I ASH     : @ 967125.067: tcs3701: stop power rail pending_off timer
01-09 11:30:54.265  1086  1254 D ASH     : @ 967125.067: tcs3701: start power rail timer, state:3
01-09 11:30:54.305  1086  1254 I ASH     : @ 967125.107: tcs3701: stop power rail pending_off timer
01-09 11:30:54.305  1086  1254 D ASH     : @ 967125.107: tcs3701: start power rail timer, state:3
01-09 11:30:54.345  1086  1254 I ASH     : @ 967125.147: tcs3701: stop power rail pending_off timer
01-09 11:30:54.345  1086  1254 D ASH     : @ 967125.147: tcs3701: start power rail timer, state:3
01-09 11:30:54.385  1086  1254 I ASH     : @ 967125.187: tcs3701: stop power rail pending_off timer
01-09 11:30:54.385  1086  1254 D ASH     : @ 967125.187: tcs3701: start power rail timer, state:3
01-09 11:30:54.425  1086  1254 I ASH     : @ 967125.227: tcs3701: stop power rail pending_off timer
01-09 11:30:54.425  1086  1254 D ASH     : @ 967125.227: tcs3701: start power rail timer, state:3
01-09 11:30:54.465  1086  1254 I ASH     : @ 967125.267: tcs3701: stop power rail pending_off timer
01-09 11:30:54.465  1086  1254 D ASH     : @ 967125.267: tcs3701: start power rail timer, state:3
01-09 11:30:54.505  1086  1254 I ASH     : @ 967125.307: tcs3701: stop power rail pending_off timer
01-09 11:30:54.505  1086  1254 D ASH     : @ 967125.307: tcs3701: start power rail timer, state:3
01-09 11:30:54.544  1086  1254 I ASH     : @ 967125.347: tcs3701: stop power rail pending_off timer
01-09 11:30:54.545  1086  1254 D ASH     : @ 967125.347: tcs3701: start power rail timer, state:3
01-09 11:30:54.585  1086  1254 I ASH     : @ 967125.387: tcs3701: stop power rail pending_off timer
01-09 11:30:54.585  1086  1254 D ASH     : @ 967125.387: tcs3701: start power rail timer, state:3
01-09 11:30:54.624  1086  1254 I ASH     : @ 967125.427: tcs3701: stop power rail pending_off timer
01-09 11:30:54.625  1086  1254 D ASH     : @ 967125.427: tcs3701: start power rail timer, state:3
01-09 11:30:54.665  1086  1254 I ASH     : @ 967125.467: tcs3701: stop power rail pending_off timer
01-09 11:30:54.665  1086  1254 D ASH     : @ 967125.467: tcs3701: start power rail timer, state:3
01-09 11:30:54.705  1086  1254 I ASH     : @ 967125.507: tcs3701: stop power rail pending_off timer
01-09 11:30:54.705  1086  1254 D ASH     : @ 967125.507: tcs3701: start power rail timer, state:3
01-09 11:30:54.745  1086  1254 I ASH     : @ 967125.547: tcs3701: stop power rail pending_off timer
01-09 11:30:54.745  1086  1254 D ASH     : @ 967125.547: tcs3701: start power rail timer, state:3
01-09 11:30:54.785  1086  1254 I ASH     : @ 967125.587: tcs3701: stop power rail pending_off timer
01-09 11:30:54.785  1086  1254 D ASH     : @ 967125.587: tcs3701: start power rail timer, state:3
01-09 11:30:54.825  1086  1254 I ASH     : @ 967125.627: tcs3701: stop power rail pending_off timer
01-09 11:30:54.825  1086  1254 D ASH     : @ 967125.627: tcs3701: start power rail timer, state:3
01-09 11:30:54.865  1086  1254 I ASH     : @ 967125.667: tcs3701: stop power rail pending_off timer
01-09 11:30:54.865  1086  1254 D ASH     : @ 967125.667: tcs3701: start power rail timer, state:3
01-09 11:30:54.905  1086  1254 I ASH     : @ 967125.707: tcs3701: stop power rail pending_off timer
01-09 11:30:54.905  1086  1254 D ASH     : @ 967125.707: tcs3701: start power rail timer, state:3
01-09 11:30:54.945  1086  1254 I ASH     : @ 967125.747: tcs3701: stop power rail pending_off timer
01-09 11:30:54.945  1086  1254 D ASH     : @ 967125.747: tcs3701: start power rail timer, state:3
01-09 11:30:54.985  1086  1254 I ASH     : @ 967125.787: tcs3701: stop power rail pending_off timer
01-09 11:30:54.985  1086  1254 D ASH     : @ 967125.787: tcs3701: start power rail timer, state:3
01-09 11:30:55.025  1086  1254 I ASH     : @ 967125.827: tcs3701: stop power rail pending_off timer
01-09 11:30:55.025  1086  1254 D ASH     : @ 967125.827: tcs3701: start power rail timer, state:3
01-09 11:30:55.064  1086  1254 I ASH     : @ 967125.867: tcs3701: stop power rail pending_off timer
01-09 11:30:55.065  1086  1254 D ASH     : @ 967125.867: tcs3701: start power rail timer, state:3
01-09 11:30:55.105  1086  1254 I ASH     : @ 967125.907: tcs3701: stop power rail pending_off timer
01-09 11:30:55.105  1086  1254 D ASH     : @ 967125.907: tcs3701: start power rail timer, state:3
01-09 11:30:55.145  1086  1254 I ASH     : @ 967125.947: tcs3701: stop power rail pending_off timer
01-09 11:30:55.145  1086  1254 D ASH     : @ 967125.947: tcs3701: start power rail timer, state:3
01-09 11:30:55.185  1086  1254 I ASH     : @ 967125.987: tcs3701: stop power rail pending_off timer
01-09 11:30:55.185  1086  1254 D ASH     : @ 967125.987: tcs3701: start power rail timer, state:3
01-09 11:30:55.225  1086  1254 I ASH     : @ 967126.027: tcs3701: stop power rail pending_off timer
01-09 11:30:55.225  1086  1254 D ASH     : @ 967126.027: tcs3701: start power rail timer, state:3
01-09 11:30:55.264  1086  1254 I ASH     : @ 967126.067: tcs3701: stop power rail pending_off timer
01-09 11:30:55.265  1086  1254 D ASH     : @ 967126.067: tcs3701: start power rail timer, state:3
01-09 11:30:55.305  1086  1254 I ASH     : @ 967126.107: tcs3701: stop power rail pending_off timer
01-09 11:30:55.305  1086  1254 D ASH     : @ 967126.107: tcs3701: start power rail timer, state:3
01-09 11:30:55.345  1086  1254 I ASH     : @ 967126.147: tcs3701: stop power rail pending_off timer
01-09 11:30:55.345  1086  1254 D ASH     : @ 967126.147: tcs3701: start power rail timer, state:3
01-09 11:30:55.385  1086  1254 I ASH     : @ 967126.187: tcs3701: stop power rail pending_off timer
01-09 11:30:55.385  1086  1254 D ASH     : @ 967126.187: tcs3701: start power rail timer, state:3
01-09 11:30:55.425  1086  1254 I ASH     : @ 967126.227: tcs3701: stop power rail pending_off timer
01-09 11:30:55.425  1086  1254 D ASH     : @ 967126.227: tcs3701: start power rail timer, state:3
01-09 11:30:55.465  1086  1254 I ASH     : @ 967126.267: tcs3701: stop power rail pending_off timer
01-09 11:30:55.465  1086  1254 D ASH     : @ 967126.267: tcs3701: start power rail timer, state:3
01-09 11:30:55.505  1086  1254 I ASH     : @ 967126.307: tcs3701: stop power rail pending_off timer
01-09 11:30:55.505  1086  1254 D ASH     : @ 967126.307: tcs3701: start power rail timer, state:3
01-09 11:30:55.545  1086  1254 I ASH     : @ 967126.347: tcs3701: stop power rail pending_off timer
01-09 11:30:55.545  1086  1254 D ASH     : @ 967126.347: tcs3701: start power rail timer, state:3
01-09 11:30:55.585  1086  1254 I ASH     : @ 967126.387: tcs3701: stop power rail pending_off timer
01-09 11:30:55.585  1086  1254 D ASH     : @ 967126.387: tcs3701: start power rail timer, state:3
01-09 11:30:55.625  1086  1254 I ASH     : @ 967126.427: tcs3701: stop power rail pending_off timer
01-09 11:30:55.625  1086  1254 D ASH     : @ 967126.427: tcs3701: start power rail timer, state:3
01-09 11:30:55.664  1086  1254 I ASH     : @ 967126.467: tcs3701: stop power rail pending_off timer
01-09 11:30:55.665  1086  1254 D ASH     : @ 967126.467: tcs3701: start power rail timer, state:3
01-09 11:30:55.705  1086  1254 I ASH     : @ 967126.507: tcs3701: stop power rail pending_off timer
01-09 11:30:55.705  1086  1254 D ASH     : @ 967126.507: tcs3701: start power rail timer, state:3
01-09 11:30:55.745  1086  1254 I ASH     : @ 967126.547: tcs3701: stop power rail pending_off timer
01-09 11:30:55.745  1086  1254 D ASH     : @ 967126.547: tcs3701: start power rail timer, state:3
01-09 11:30:55.784  1086  1254 I ASH     : @ 967126.587: tcs3701: stop power rail pending_off timer
01-09 11:30:55.785  1086  1254 D ASH     : @ 967126.587: tcs3701: start power rail timer, state:3
01-09 11:30:55.824  1086  1254 I ASH     : @ 967126.627: tcs3701: stop power rail pending_off timer
01-09 11:30:55.825  1086  1254 D ASH     : @ 967126.627: tcs3701: start power rail timer, state:3
01-09 11:30:55.865  1086  1254 I ASH     : @ 967126.667: tcs3701: stop power rail pending_off timer
01-09 11:30:55.865  1086  1254 D ASH     : @ 967126.667: tcs3701: start power rail timer, state:3
01-09 11:30:55.905  1086  1254 I ASH     : @ 967126.707: tcs3701: stop power rail pending_off timer
01-09 11:30:55.905  1086  1254 D ASH     : @ 967126.707: tcs3701: start power rail timer, state:3
01-09 11:30:55.945  1086  1254 I ASH     : @ 967126.747: tcs3701: stop power rail pending_off timer
01-09 11:30:55.945  1086  1254 D ASH     : @ 967126.747: tcs3701: start power rail timer, state:3
01-09 11:30:55.985  1086  1254 I ASH     : @ 967126.787: tcs3701: stop power rail pending_off timer
01-09 11:30:55.985  1086  1254 D ASH     : @ 967126.787: tcs3701: start power rail timer, state:3
01-09 11:30:56.025  1086  1254 I ASH     : @ 967126.827: tcs3701: stop power rail pending_off timer
01-09 11:30:56.025  1086  1254 D ASH     : @ 967126.827: tcs3701: start power rail timer, state:3
01-09 11:30:56.064  1086  1254 I ASH     : @ 967126.867: tcs3701: stop power rail pending_off timer
01-09 11:30:56.065  1086  1254 D ASH     : @ 967126.867: tcs3701: start power rail timer, state:3
01-09 11:30:56.105  1086  1254 I ASH     : @ 967126.907: tcs3701: stop power rail pending_off timer
01-09 11:30:56.105  1086  1254 D ASH     : @ 967126.907: tcs3701: start power rail timer, state:3
01-09 11:30:56.145  1086  1254 I ASH     : @ 967126.947: tcs3701: stop power rail pending_off timer
01-09 11:30:56.145  1086  1254 D ASH     : @ 967126.947: tcs3701: start power rail timer, state:3
01-09 11:30:56.184  1086  1254 I ASH     : @ 967126.987: tcs3701: stop power rail pending_off timer
01-09 11:30:56.185  1086  1254 D ASH     : @ 967126.987: tcs3701: start power rail timer, state:3
01-09 11:30:56.225  1086  1254 I ASH     : @ 967127.027: tcs3701: stop power rail pending_off timer
01-09 11:30:56.225  1086  1254 D ASH     : @ 967127.027: tcs3701: start power rail timer, state:3
01-09 11:30:56.265  1086  1254 I ASH     : @ 967127.067: tcs3701: stop power rail pending_off timer
01-09 11:30:56.265  1086  1254 D ASH     : @ 967127.067: tcs3701: start power rail timer, state:3
01-09 11:30:56.305  1086  1254 I ASH     : @ 967127.107: tcs3701: stop power rail pending_off timer
01-09 11:30:56.305  1086  1254 D ASH     : @ 967127.107: tcs3701: start power rail timer, state:3
01-09 11:30:56.345  1086  1254 I ASH     : @ 967127.147: tcs3701: stop power rail pending_off timer
01-09 11:30:56.345  1086  1254 D ASH     : @ 967127.147: tcs3701: start power rail timer, state:3
01-09 11:30:56.384  1086  1254 I ASH     : @ 967127.187: tcs3701: stop power rail pending_off timer
01-09 11:30:56.385  1086  1254 D ASH     : @ 967127.187: tcs3701: start power rail timer, state:3
01-09 11:30:56.424  1086  1254 I ASH     : @ 967127.227: tcs3701: stop power rail pending_off timer
01-09 11:30:56.425  1086  1254 D ASH     : @ 967127.227: tcs3701: start power rail timer, state:3
01-09 11:30:56.465  1086  1254 I ASH     : @ 967127.267: tcs3701: stop power rail pending_off timer
01-09 11:30:56.465  1086  1254 D ASH     : @ 967127.267: tcs3701: start power rail timer, state:3
01-09 11:30:56.505  1086  1254 I ASH     : @ 967127.307: tcs3701: stop power rail pending_off timer
01-09 11:30:56.505  1086  1254 D ASH     : @ 967127.307: tcs3701: start power rail timer, state:3
01-09 11:30:56.544  1086  1254 I ASH     : @ 967127.347: tcs3701: stop power rail pending_off timer
01-09 11:30:56.545  1086  1254 D ASH     : @ 967127.347: tcs3701: start power rail timer, state:3
01-09 11:30:56.585  1086  1254 I ASH     : @ 967127.387: tcs3701: stop power rail pending_off timer
01-09 11:30:56.585  1086  1254 D ASH     : @ 967127.387: tcs3701: start power rail timer, state:3
01-09 11:30:56.624  1086  1254 I ASH     : @ 967127.427: tcs3701: stop power rail pending_off timer
01-09 11:30:56.625  1086  1254 D ASH     : @ 967127.427: tcs3701: start power rail timer, state:3
01-09 11:30:56.665  1086  1254 I ASH     : @ 967127.467: tcs3701: stop power rail pending_off timer
01-09 11:30:56.665  1086  1254 D ASH     : @ 967127.467: tcs3701: start power rail timer, state:3
01-09 11:30:56.705  1086  1254 I ASH     : @ 967127.507: tcs3701: stop power rail pending_off timer
01-09 11:30:56.705  1086  1254 D ASH     : @ 967127.507: tcs3701: start power rail timer, state:3
01-09 11:30:56.709  1785  3765 D WifiNl80211Manager: Scan result ready event
01-09 11:30:56.710  1785  3765 D WifiNative: Scan result ready event
01-09 11:30:56.712  1465  2557 I LOWI-9.0.0.89.f: [LOWI-Scan] lowi_close_record:Scan done in 967111124ms, 19 APs in scan results
01-09 11:30:56.745  1086  1254 I ASH     : @ 967127.547: tcs3701: stop power rail pending_off timer
01-09 11:30:56.745  1086  1254 D ASH     : @ 967127.547: tcs3701: start power rail timer, state:3
01-09 11:30:56.747  1785  2464 D PasspointManager: ANQP entry not found for: be:19:21:f3:26:d4:<>
01-09 11:30:56.748  1785  2464 D PasspointManager: ANQP entry not found for: be:19:21:f3:26:d5:<Villeneuve>
01-09 11:30:56.748  1785  2464 D PasspointManager: ANQP entry not found for: a2:19:21:f2:ee:0d:<>
01-09 11:30:56.749  1785  2464 D PasspointManager: ANQP entry not found for: a2:19:21:f2:ee:0e:<Villeneuve>
01-09 11:30:56.749  1785  2464 D PasspointManager: ANQP entry not found for: ba:19:21:f3:26:d3:<>
01-09 11:30:56.785  1086  1254 I ASH     : @ 967127.587: tcs3701: stop power rail pending_off timer
01-09 11:30:56.785  1086  1254 D ASH     : @ 967127.587: tcs3701: start power rail timer, state:3
01-09 11:30:56.824  1086  1254 I ASH     : @ 967127.627: tcs3701: stop power rail pending_off timer
01-09 11:30:56.825  1086  1254 D ASH     : @ 967127.627: tcs3701: start power rail timer, state:3
01-09 11:30:56.865  1086  1254 I ASH     : @ 967127.667: tcs3701: stop power rail pending_off timer
01-09 11:30:56.865  1086  1254 D ASH     : @ 967127.667: tcs3701: start power rail timer, state:3
01-09 11:30:56.905  1086  1254 I ASH     : @ 967127.707: tcs3701: stop power rail pending_off timer
01-09 11:30:56.905  1086  1254 D ASH     : @ 967127.707: tcs3701: start power rail timer, state:3
01-09 11:30:56.945  1086  1254 I ASH     : @ 967127.747: tcs3701: stop power rail pending_off timer
01-09 11:30:56.945  1086  1254 D ASH     : @ 967127.747: tcs3701: start power rail timer, state:3
01-09 11:30:56.985  1086  1254 I ASH     : @ 967127.787: tcs3701: stop power rail pending_off timer
01-09 11:30:56.985  1086  1254 D ASH     : @ 967127.787: tcs3701: start power rail timer, state:3
01-09 11:30:57.025  1086  1254 I ASH     : @ 967127.827: tcs3701: stop power rail pending_off timer
01-09 11:30:57.025  1086  1254 D ASH     : @ 967127.827: tcs3701: start power rail timer, state:3
01-09 11:30:57.065  1086  1254 I ASH     : @ 967127.867: tcs3701: stop power rail pending_off timer
01-09 11:30:57.065  1086  1254 D ASH     : @ 967127.867: tcs3701: start power rail timer, state:3
01-09 11:30:57.105  1086  1254 I ASH     : @ 967127.907: tcs3701: stop power rail pending_off timer
01-09 11:30:57.105  1086  1254 D ASH     : @ 967127.907: tcs3701: start power rail timer, state:3
01-09 11:30:57.145  1086  1254 I ASH     : @ 967127.947: tcs3701: stop power rail pending_off timer
01-09 11:30:57.145  1086  1254 D ASH     : @ 967127.947: tcs3701: start power rail timer, state:3
01-09 11:30:57.185  1086  1254 I ASH     : @ 967127.987: tcs3701: stop power rail pending_off timer
01-09 11:30:57.185  1086  1254 D ASH     : @ 967127.987: tcs3701: start power rail timer, state:3
01-09 11:30:57.225  1086  1254 I ASH     : @ 967128.027: tcs3701: stop power rail pending_off timer
01-09 11:30:57.225  1086  1254 D ASH     : @ 967128.027: tcs3701: start power rail timer, state:3
01-09 11:30:57.265  1086  1254 I ASH     : @ 967128.067: tcs3701: stop power rail pending_off timer
01-09 11:30:57.265  1086  1254 D ASH     : @ 967128.067: tcs3701: start power rail timer, state:3
01-09 11:30:57.305  1086  1254 I ASH     : @ 967128.107: tcs3701: stop power rail pending_off timer
01-09 11:30:57.305  1086  1254 D ASH     : @ 967128.107: tcs3701: start power rail timer, state:3
01-09 11:30:57.345  1086  1254 I ASH     : @ 967128.147: tcs3701: stop power rail pending_off timer
01-09 11:30:57.345  1086  1254 D ASH     : @ 967128.147: tcs3701: start power rail timer, state:3
01-09 11:30:57.385  1086  1254 I ASH     : @ 967128.187: tcs3701: stop power rail pending_off timer
01-09 11:30:57.385  1086  1254 D ASH     : @ 967128.187: tcs3701: start power rail timer, state:3
01-09 11:30:57.425  1086  1254 I ASH     : @ 967128.227: tcs3701: stop power rail pending_off timer
01-09 11:30:57.425  1086  1254 D ASH     : @ 967128.227: tcs3701: start power rail timer, state:3
01-09 11:30:57.465  1086  1254 I ASH     : @ 967128.267: tcs3701: stop power rail pending_off timer
01-09 11:30:57.465  1086  1254 D ASH     : @ 967128.267: tcs3701: start power rail timer, state:3
01-09 11:30:57.505  1086  1254 I ASH     : @ 967128.307: tcs3701: stop power rail pending_off timer
01-09 11:30:57.505  1086  1254 D ASH     : @ 967128.307: tcs3701: start power rail timer, state:3
01-09 11:30:57.545  1086  1254 I ASH     : @ 967128.347: tcs3701: stop power rail pending_off timer
01-09 11:30:57.545  1086  1254 D ASH     : @ 967128.347: tcs3701: start power rail timer, state:3
01-09 11:30:57.585  1086  1254 I ASH     : @ 967128.387: tcs3701: stop power rail pending_off timer
01-09 11:30:57.585  1086  1254 D ASH     : @ 967128.387: tcs3701: start power rail timer, state:3
01-09 11:30:57.624  1086  1254 I ASH     : @ 967128.427: tcs3701: stop power rail pending_off timer
01-09 11:30:57.625  1086  1254 D ASH     : @ 967128.427: tcs3701: start power rail timer, state:3
01-09 11:30:57.665  1086  1254 I ASH     : @ 967128.467: tcs3701: stop power rail pending_off timer
01-09 11:30:57.665  1086  1254 D ASH     : @ 967128.467: tcs3701: start power rail timer, state:3
01-09 11:30:57.705  1086  1254 I ASH     : @ 967128.507: tcs3701: stop power rail pending_off timer
01-09 11:30:57.705  1086  1254 D ASH     : @ 967128.507: tcs3701: start power rail timer, state:3
01-09 11:30:57.745  1086  1254 I ASH     : @ 967128.547: tcs3701: stop power rail pending_off timer
01-09 11:30:57.745  1086  1254 D ASH     : @ 967128.547: tcs3701: start power rail timer, state:3
01-09 11:30:57.785  1086  1254 I ASH     : @ 967128.587: tcs3701: stop power rail pending_off timer
01-09 11:30:57.785  1086  1254 D ASH     : @ 967128.587: tcs3701: start power rail timer, state:3
01-09 11:30:57.825  1086  1254 I ASH     : @ 967128.627: tcs3701: stop power rail pending_off timer
01-09 11:30:57.825  1086  1254 D ASH     : @ 967128.627: tcs3701: start power rail timer, state:3
01-09 11:30:57.838 25993 26012 I Unity   : [showcase] frame cost — layout: a variant set, at rest — nothing here can switch it at 2340x1080 over 240 frames — tick 0.01 ms, draw mean 0.16 p50 0.16 p95 0.23 max 0.32 ms (5662.3 fps if unpaced)
01-09 11:30:57.838 25993 26012 I Unity   : UnityEngine.DebugLogHandler:Internal_Log(LogType, LogOption, String, Object)
01-09 11:30:57.838 25993 26012 I Unity   : Driftsys.Dashscene.Samples.DashsceneShowcase:Update()
01-09 11:30:57.838 25993 26012 I Unity   : 
01-09 11:30:57.865  1086  1254 I ASH     : @ 967128.667: tcs3701: stop power rail pending_off timer
01-09 11:30:57.865  1086  1254 D ASH     : @ 967128.667: tcs3701: start power rail timer, state:3
01-09 11:30:57.904  1086  1254 I ASH     : @ 967128.707: tcs3701: stop power rail pending_off timer
01-09 11:30:57.905  1086  1254 D ASH     : @ 967128.707: tcs3701: start power rail timer, state:3
01-09 11:30:57.945  1086  1254 I ASH     : @ 967128.747: tcs3701: stop power rail pending_off timer
01-09 11:30:57.945  1086  1254 D ASH     : @ 967128.747: tcs3701: start power rail timer, state:3
01-09 11:30:57.985  1086  1254 I ASH     : @ 967128.787: tcs3701: stop power rail pending_off timer
01-09 11:30:57.985  1086  1254 D ASH     : @ 967128.787: tcs3701: start power rail timer, state:3
01-09 11:30:58.025  1086  1254 I ASH     : @ 967128.827: tcs3701: stop power rail pending_off timer
01-09 11:30:58.025  1086  1254 D ASH     : @ 967128.827: tcs3701: start power rail timer, state:3
01-09 11:30:58.065  1086  1254 I ASH     : @ 967128.867: tcs3701: stop power rail pending_off timer
01-09 11:30:58.065  1086  1254 D ASH     : @ 967128.867: tcs3701: start power rail timer, state:3
01-09 11:30:58.105  1086  1254 I ASH     : @ 967128.907: tcs3701: stop power rail pending_off timer
01-09 11:30:58.105  1086  1254 D ASH     : @ 967128.907: tcs3701: start power rail timer, state:3
01-09 11:30:58.145  1086  1254 I ASH     : @ 967128.947: tcs3701: stop power rail pending_off timer
01-09 11:30:58.145  1086  1254 D ASH     : @ 967128.947: tcs3701: start power rail timer, state:3
01-09 11:30:58.185  1086  1254 I ASH     : @ 967128.987: tcs3701: stop power rail pending_off timer
01-09 11:30:58.185  1086  1254 D ASH     : @ 967128.987: tcs3701: start power rail timer, state:3
01-09 11:30:58.225  1086  1254 I ASH     : @ 967129.027: tcs3701: stop power rail pending_off timer
01-09 11:30:58.226  1086  1254 D ASH     : @ 967129.027: tcs3701: start power rail timer, state:3
01-09 11:30:58.265  1086  1254 I ASH     : @ 967129.067: tcs3701: stop power rail pending_off timer
01-09 11:30:58.265  1086  1254 D ASH     : @ 967129.067: tcs3701: start power rail timer, state:3
01-09 11:30:58.304  1086  1254 I ASH     : @ 967129.107: tcs3701: stop power rail pending_off timer
01-09 11:30:58.305  1086  1254 D ASH     : @ 967129.107: tcs3701: start power rail timer, state:3
01-09 11:30:58.345  1086  1254 I ASH     : @ 967129.147: tcs3701: stop power rail pending_off timer
01-09 11:30:58.345  1086  1254 D ASH     : @ 967129.147: tcs3701: start power rail timer, state:3
01-09 11:30:58.385  1086  1254 I ASH     : @ 967129.187: tcs3701: stop power rail pending_off timer
01-09 11:30:58.385  1086  1254 D ASH     : @ 967129.187: tcs3701: start power rail timer, state:3
01-09 11:30:58.424  1086  1254 I ASH     : @ 967129.227: tcs3701: stop power rail pending_off timer
01-09 11:30:58.425  1086  1254 D ASH     : @ 967129.227: tcs3701: start power rail timer, state:3
01-09 11:30:58.465  1086  1254 I ASH     : @ 967129.267: tcs3701: stop power rail pending_off timer
01-09 11:30:58.465  1086  1254 D ASH     : @ 967129.267: tcs3701: start power rail timer, state:3
01-09 11:30:58.505  1086  1254 I ASH     : @ 967129.307: tcs3701: stop power rail pending_off timer
01-09 11:30:58.505  1086  1254 D ASH     : @ 967129.307: tcs3701: start power rail timer, state:3
01-09 11:30:58.545  1086  1254 I ASH     : @ 967129.347: tcs3701: stop power rail pending_off timer
01-09 11:30:58.545  1086  1254 D ASH     : @ 967129.347: tcs3701: start power rail timer, state:3
01-09 11:30:58.585  1086  1254 I ASH     : @ 967129.387: tcs3701: stop power rail pending_off timer
01-09 11:30:58.585  1086  1254 D ASH     : @ 967129.387: tcs3701: start power rail timer, state:3
01-09 11:30:58.624  1086  1254 I ASH     : @ 967129.427: tcs3701: stop power rail pending_off timer
01-09 11:30:58.625  1086  1254 D ASH     : @ 967129.427: tcs3701: start power rail timer, state:3
01-09 11:30:58.665  1086  1254 I ASH     : @ 967129.467: tcs3701: stop power rail pending_off timer
01-09 11:30:58.665  1086  1254 D ASH     : @ 967129.467: tcs3701: start power rail timer, state:3
01-09 11:30:58.705  1086  1254 I ASH     : @ 967129.507: tcs3701: stop power rail pending_off timer
01-09 11:30:58.705  1086  1254 D ASH     : @ 967129.507: tcs3701: start power rail timer, state:3
01-09 11:30:58.745  1086  1254 I ASH     : @ 967129.547: tcs3701: stop power rail pending_off timer
01-09 11:30:58.745  1086  1254 D ASH     : @ 967129.547: tcs3701: start power rail timer, state:3
01-09 11:30:58.785  1086  1254 I ASH     : @ 967129.587: tcs3701: stop power rail pending_off timer
01-09 11:30:58.785  1086  1254 D ASH     : @ 967129.587: tcs3701: start power rail timer, state:3
01-09 11:30:58.824  1086  1254 I ASH     : @ 967129.627: tcs3701: stop power rail pending_off timer
01-09 11:30:58.825  1086  1254 D ASH     : @ 967129.627: tcs3701: start power rail timer, state:3
01-09 11:30:58.865  1086  1254 I ASH     : @ 967129.667: tcs3701: stop power rail pending_off timer
01-09 11:30:58.865  1086  1254 D ASH     : @ 967129.667: tcs3701: start power rail timer, state:3
01-09 11:30:58.904  1086  1254 I ASH     : @ 967129.707: tcs3701: stop power rail pending_off timer
01-09 11:30:58.905  1086  1254 D ASH     : @ 967129.707: tcs3701: start power rail timer, state:3
01-09 11:30:58.945  1086  1254 I ASH     : @ 967129.747: tcs3701: stop power rail pending_off timer
01-09 11:30:58.945  1086  1254 D ASH     : @ 967129.747: tcs3701: start power rail timer, state:3
01-09 11:30:58.985  1086  1254 I ASH     : @ 967129.787: tcs3701: stop power rail pending_off timer
01-09 11:30:58.985  1086  1254 D ASH     : @ 967129.787: tcs3701: start power rail timer, state:3
01-09 11:30:59.024  1086  1254 I ASH     : @ 967129.827: tcs3701: stop power rail pending_off timer
01-09 11:30:59.025  1086  1254 D ASH     : @ 967129.827: tcs3701: start power rail timer, state:3
01-09 11:30:59.065  1086  1254 I ASH     : @ 967129.867: tcs3701: stop power rail pending_off timer
01-09 11:30:59.065  1086  1254 D ASH     : @ 967129.867: tcs3701: start power rail timer, state:3
01-09 11:30:59.105  1086  1254 I ASH     : @ 967129.907: tcs3701: stop power rail pending_off timer
01-09 11:30:59.105  1086  1254 D ASH     : @ 967129.907: tcs3701: start power rail timer, state:3
01-09 11:30:59.145  1086  1254 I ASH     : @ 967129.947: tcs3701: stop power rail pending_off timer
01-09 11:30:59.145  1086  1254 D ASH     : @ 967129.947: tcs3701: start power rail timer, state:3
01-09 11:30:59.185  1086  1254 I ASH     : @ 967129.987: tcs3701: stop power rail pending_off timer
01-09 11:30:59.185  1086  1254 D ASH     : @ 967129.987: tcs3701: start power rail timer, state:3
01-09 11:30:59.225  1086  1254 I ASH     : @ 967130.027: tcs3701: stop power rail pending_off timer
01-09 11:30:59.225  1086  1254 D ASH     : @ 967130.027: tcs3701: start power rail timer, state:3
01-09 11:30:59.265  1086  1254 I ASH     : @ 967130.067: tcs3701: stop power rail pending_off timer
01-09 11:30:59.265  1086  1254 D ASH     : @ 967130.067: tcs3701: start power rail timer, state:3
01-09 11:30:59.305  1086  1254 I ASH     : @ 967130.107: tcs3701: stop power rail pending_off timer
01-09 11:30:59.305  1086  1254 D ASH     : @ 967130.107: tcs3701: start power rail timer, state:3
01-09 11:30:59.346  1086  1254 I ASH     : @ 967130.147: tcs3701: stop power rail pending_off timer
01-09 11:30:59.346  1086  1254 D ASH     : @ 967130.147: tcs3701: start power rail timer, state:3
01-09 11:30:59.385  1086  1254 I ASH     : @ 967130.187: tcs3701: stop power rail pending_off timer
01-09 11:30:59.385  1086  1254 D ASH     : @ 967130.187: tcs3701: start power rail timer, state:3
01-09 11:30:59.424  1086  1254 I ASH     : @ 967130.227: tcs3701: stop power rail pending_off timer
01-09 11:30:59.425  1086  1254 D ASH     : @ 967130.227: tcs3701: start power rail timer, state:3
01-09 11:30:59.465  1086  1254 I ASH     : @ 967130.267: tcs3701: stop power rail pending_off timer
01-09 11:30:59.465  1086  1254 D ASH     : @ 967130.267: tcs3701: start power rail timer, state:3
01-09 11:30:59.479  1785  2388 D ActivityManager: freezing 22152 com.google.android.euicc
01-09 11:30:59.504  1086  1254 I ASH     : @ 967130.307: tcs3701: stop power rail pending_off timer
01-09 11:30:59.504  1086  1254 D ASH     : @ 967130.307: tcs3701: start power rail timer, state:3
01-09 11:30:59.545  1086  1254 I ASH     : @ 967130.347: tcs3701: stop power rail pending_off timer
01-09 11:30:59.545  1086  1254 D ASH     : @ 967130.347: tcs3701: start power rail timer, state:3
01-09 11:30:59.585  1086  1254 I ASH     : @ 967130.387: tcs3701: stop power rail pending_off timer
01-09 11:30:59.585  1086  1254 D ASH     : @ 967130.387: tcs3701: start power rail timer, state:3
01-09 11:30:59.625  1086  1254 I ASH     : @ 967130.427: tcs3701: stop power rail pending_off timer
01-09 11:30:59.626  1086  1254 D ASH     : @ 967130.427: tcs3701: start power rail timer, state:3
01-09 11:30:59.665  1086  1254 I ASH     : @ 967130.467: tcs3701: stop power rail pending_off timer
01-09 11:30:59.665  1086  1254 D ASH     : @ 967130.467: tcs3701: start power rail timer, state:3
01-09 11:30:59.705  1086  1254 I ASH     : @ 967130.507: tcs3701: stop power rail pending_off timer
01-09 11:30:59.705  1086  1254 D ASH     : @ 967130.507: tcs3701: start power rail timer, state:3
01-09 11:30:59.745  1086  1254 I ASH     : @ 967130.547: tcs3701: stop power rail pending_off timer
01-09 11:30:59.745  1086  1254 D ASH     : @ 967130.547: tcs3701: start power rail timer, state:3
01-09 11:30:59.784  1086  1254 I ASH     : @ 967130.587: tcs3701: stop power rail pending_off timer
01-09 11:30:59.785  1086  1254 D ASH     : @ 967130.587: tcs3701: start power rail timer, state:3
01-09 11:30:59.825  1086  1254 I ASH     : @ 967130.627: tcs3701: stop power rail pending_off timer
01-09 11:30:59.825  1086  1254 D ASH     : @ 967130.627: tcs3701: start power rail timer, state:3
01-09 11:30:59.865  1086  1254 I ASH     : @ 967130.667: tcs3701: stop power rail pending_off timer
01-09 11:30:59.865  1086  1254 D ASH     : @ 967130.667: tcs3701: start power rail timer, state:3
01-09 11:30:59.905  1086  1254 I ASH     : @ 967130.707: tcs3701: stop power rail pending_off timer
01-09 11:30:59.905  1086  1254 D ASH     : @ 967130.707: tcs3701: start power rail timer, state:3
01-09 11:30:59.945  1086  1254 I ASH     : @ 967130.747: tcs3701: stop power rail pending_off timer
01-09 11:30:59.945  1086  1254 D ASH     : @ 967130.747: tcs3701: start power rail timer, state:3
01-09 11:30:59.985  1086  1254 I ASH     : @ 967130.787: tcs3701: stop power rail pending_off timer
01-09 11:30:59.985  1086  1254 D ASH     : @ 967130.787: tcs3701: start power rail timer, state:3
01-09 11:31:00.006  3591  3823 I AiAiEcho: Predicting[0]: 
01-09 11:31:00.006  3591  3823 I AiAiEcho: EchoTargets: 
01-09 11:31:00.006  3591  3823 I AiAiEcho: Filtered by AiAi flag check: 
01-09 11:31:00.006  3591  3823 I AiAiEcho: Ranked targets strategy: SORT, count: 0, ranking metadata: 
01-09 11:31:00.008  3591  3823 I AiAiEcho: #postPredictionTargets: Sending updates to UISurface lockscreen with targets# 0 (types=[])
01-09 11:31:00.024  1086  1254 I ASH     : @ 967130.827: tcs3701: stop power rail pending_off timer
01-09 11:31:00.025  1086  1254 D ASH     : @ 967130.827: tcs3701: start power rail timer, state:3
01-09 11:31:00.037  2565  2565 W PageIndicator: Total number of pages invalid: 0. Assuming 1 page.
01-09 11:31:00.065  1086  1254 I ASH     : @ 967130.867: tcs3701: stop power rail pending_off timer
01-09 11:31:00.065  1086  1254 D ASH     : @ 967130.867: tcs3701: start power rail timer, state:3
01-09 11:31:00.105  1086  1254 I ASH     : @ 967130.907: tcs3701: stop power rail pending_off timer
01-09 11:31:00.105  1086  1254 D ASH     : @ 967130.907: tcs3701: start power rail timer, state:3
01-09 11:31:00.145  1086  1254 I ASH     : @ 967130.947: tcs3701: stop power rail pending_off timer
01-09 11:31:00.145  1086  1254 D ASH     : @ 967130.947: tcs3701: start power rail timer, state:3
01-09 11:31:00.185  1086  1254 I ASH     : @ 967130.987: tcs3701: stop power rail pending_off timer
01-09 11:31:00.185  1086  1254 D ASH     : @ 967130.987: tcs3701: start power rail timer, state:3
01-09 11:31:00.224  1086  1254 I ASH     : @ 967131.027: tcs3701: stop power rail pending_off timer
01-09 11:31:00.225  1086  1254 D ASH     : @ 967131.027: tcs3701: start power rail timer, state:3
01-09 11:31:00.265  1086  1254 I ASH     : @ 967131.067: tcs3701: stop power rail pending_off timer
01-09 11:31:00.265  1086  1254 D ASH     : @ 967131.067: tcs3701: start power rail timer, state:3
01-09 11:31:00.305  1086  1254 I ASH     : @ 967131.107: tcs3701: stop power rail pending_off timer
01-09 11:31:00.305  1086  1254 D ASH     : @ 967131.107: tcs3701: start power rail timer, state:3
01-09 11:31:00.345  1086  1254 I ASH     : @ 967131.147: tcs3701: stop power rail pending_off timer
01-09 11:31:00.345  1086  1254 D ASH     : @ 967131.147: tcs3701: start power rail timer, state:3
01-09 11:31:00.385  1086  1254 I ASH     : @ 967131.187: tcs3701: stop power rail pending_off timer
01-09 11:31:00.385  1086  1254 D ASH     : @ 967131.187: tcs3701: start power rail timer, state:3
01-09 11:31:00.425  1086  1254 I ASH     : @ 967131.227: tcs3701: stop power rail pending_off timer
01-09 11:31:00.425  1086  1254 D ASH     : @ 967131.227: tcs3701: start power rail timer, state:3
01-09 11:31:00.465  1086  1254 I ASH     : @ 967131.267: tcs3701: stop power rail pending_off timer
01-09 11:31:00.465  1086  1254 D ASH     : @ 967131.267: tcs3701: start power rail timer, state:3
01-09 11:31:00.505  1086  1254 I ASH     : @ 967131.307: tcs3701: stop power rail pending_off timer
01-09 11:31:00.505  1086  1254 D ASH     : @ 967131.307: tcs3701: start power rail timer, state:3
01-09 11:31:00.545  1086  1254 I ASH     : @ 967131.347: tcs3701: stop power rail pending_off timer
01-09 11:31:00.545  1086  1254 D ASH     : @ 967131.347: tcs3701: start power rail timer, state:3
01-09 11:31:00.585  1086  1254 I ASH     : @ 967131.387: tcs3701: stop power rail pending_off timer
01-09 11:31:00.585  1086  1254 D ASH     : @ 967131.387: tcs3701: start power rail timer, state:3
01-09 11:31:00.625  1086  1254 I ASH     : @ 967131.427: tcs3701: stop power rail pending_off timer
01-09 11:31:00.625  1086  1254 D ASH     : @ 967131.427: tcs3701: start power rail timer, state:3
01-09 11:31:00.665  1086  1254 I ASH     : @ 967131.467: tcs3701: stop power rail pending_off timer
01-09 11:31:00.665  1086  1254 D ASH     : @ 967131.467: tcs3701: start power rail timer, state:3
01-09 11:31:00.705  1086  1254 I ASH     : @ 967131.507: tcs3701: stop power rail pending_off timer
01-09 11:31:00.705  1086  1254 D ASH     : @ 967131.507: tcs3701: start power rail timer, state:3
01-09 11:31:00.745  1086  1254 I ASH     : @ 967131.547: tcs3701: stop power rail pending_off timer
01-09 11:31:00.745  1086  1254 D ASH     : @ 967131.547: tcs3701: start power rail timer, state:3
01-09 11:31:00.785  1086  1254 I ASH     : @ 967131.587: tcs3701: stop power rail pending_off timer
01-09 11:31:00.785  1086  1254 D ASH     : @ 967131.587: tcs3701: start power rail timer, state:3
01-09 11:31:00.825  1086  1254 I ASH     : @ 967131.627: tcs3701: stop power rail pending_off timer
01-09 11:31:00.825  1086  1254 D ASH     : @ 967131.627: tcs3701: start power rail timer, state:3
01-09 11:31:00.864  1086  1254 I ASH     : @ 967131.667: tcs3701: stop power rail pending_off timer
01-09 11:31:00.865  1086  1254 D ASH     : @ 967131.667: tcs3701: start power rail timer, state:3
01-09 11:31:00.905  1086  1254 I ASH     : @ 967131.707: tcs3701: stop power rail pending_off timer
01-09 11:31:00.905  1086  1254 D ASH     : @ 967131.707: tcs3701: start power rail timer, state:3
01-09 11:31:00.945  1086  1254 I ASH     : @ 967131.747: tcs3701: stop power rail pending_off timer
01-09 11:31:00.945  1086  1254 D ASH     : @ 967131.747: tcs3701: start power rail timer, state:3
01-09 11:31:00.985  1086  1254 I ASH     : @ 967131.787: tcs3701: stop power rail pending_off timer
01-09 11:31:00.985  1086  1254 D ASH     : @ 967131.787: tcs3701: start power rail timer, state:3
01-09 11:31:01.025  1086  1254 I ASH     : @ 967131.827: tcs3701: stop power rail pending_off timer
01-09 11:31:01.025  1086  1254 D ASH     : @ 967131.827: tcs3701: start power rail timer, state:3
01-09 11:31:01.065  1086  1254 I ASH     : @ 967131.867: tcs3701: stop power rail pending_off timer
01-09 11:31:01.065  1086  1254 D ASH     : @ 967131.867: tcs3701: start power rail timer, state:3
01-09 11:31:01.105  1086  1254 I ASH     : @ 967131.907: tcs3701: stop power rail pending_off timer
01-09 11:31:01.105  1086  1254 D ASH     : @ 967131.907: tcs3701: start power rail timer, state:3
01-09 11:31:01.145  1086  1254 I ASH     : @ 967131.947: tcs3701: stop power rail pending_off timer
01-09 11:31:01.145  1086  1254 D ASH     : @ 967131.947: tcs3701: start power rail timer, state:3
01-09 11:31:01.185  1086  1254 I ASH     : @ 967131.987: tcs3701: stop power rail pending_off timer
01-09 11:31:01.185  1086  1254 D ASH     : @ 967131.987: tcs3701: start power rail timer, state:3
01-09 11:31:01.225  1086  1254 I ASH     : @ 967132.027: tcs3701: stop power rail pending_off timer
01-09 11:31:01.225  1086  1254 D ASH     : @ 967132.027: tcs3701: start power rail timer, state:3
01-09 11:31:01.264  1086  1254 I ASH     : @ 967132.067: tcs3701: stop power rail pending_off timer
01-09 11:31:01.265  1086  1254 D ASH     : @ 967132.067: tcs3701: start power rail timer, state:3
01-09 11:31:01.305  1086  1254 I ASH     : @ 967132.107: tcs3701: stop power rail pending_off timer
01-09 11:31:01.305  1086  1254 D ASH     : @ 967132.107: tcs3701: start power rail timer, state:3
01-09 11:31:01.345  1086  1254 I ASH     : @ 967132.147: tcs3701: stop power rail pending_off timer
01-09 11:31:01.345  1086  1254 D ASH     : @ 967132.147: tcs3701: start power rail timer, state:3
01-09 11:31:01.385  1086  1254 I ASH     : @ 967132.187: tcs3701: stop power rail pending_off timer
01-09 11:31:01.385  1086  1254 D ASH     : @ 967132.187: tcs3701: start power rail timer, state:3
01-09 11:31:01.424  1086  1254 I ASH     : @ 967132.227: tcs3701: stop power rail pending_off timer
01-09 11:31:01.425  1086  1254 D ASH     : @ 967132.227: tcs3701: start power rail timer, state:3
01-09 11:31:01.465  1086  1254 I ASH     : @ 967132.267: tcs3701: stop power rail pending_off timer
01-09 11:31:01.465  1086  1254 D ASH     : @ 967132.267: tcs3701: start power rail timer, state:3
01-09 11:31:01.505  1086  1254 I ASH     : @ 967132.307: tcs3701: stop power rail pending_off timer
01-09 11:31:01.505  1086  1254 D ASH     : @ 967132.307: tcs3701: start power rail timer, state:3
01-09 11:31:01.545  1086  1254 I ASH     : @ 967132.347: tcs3701: stop power rail pending_off timer
01-09 11:31:01.545  1086  1254 D ASH     : @ 967132.347: tcs3701: start power rail timer, state:3
01-09 11:31:01.585  1086  1254 I ASH     : @ 967132.387: tcs3701: stop power rail pending_off timer
01-09 11:31:01.585  1086  1254 D ASH     : @ 967132.387: tcs3701: start power rail timer, state:3
01-09 11:31:01.625  1086  1254 I ASH     : @ 967132.427: tcs3701: stop power rail pending_off timer
01-09 11:31:01.625  1086  1254 D ASH     : @ 967132.427: tcs3701: start power rail timer, state:3
01-09 11:31:01.664  1086  1254 I ASH     : @ 967132.467: tcs3701: stop power rail pending_off timer
01-09 11:31:01.665  1086  1254 D ASH     : @ 967132.467: tcs3701: start power rail timer, state:3
01-09 11:31:01.705  1086  1254 I ASH     : @ 967132.507: tcs3701: stop power rail pending_off timer
01-09 11:31:01.705  1086  1254 D ASH     : @ 967132.507: tcs3701: start power rail timer, state:3
01-09 11:31:01.745  1086  1254 I ASH     : @ 967132.547: tcs3701: stop power rail pending_off timer
01-09 11:31:01.745  1086  1254 D ASH     : @ 967132.547: tcs3701: start power rail timer, state:3
01-09 11:31:01.785  1086  1254 I ASH     : @ 967132.587: tcs3701: stop power rail pending_off timer
01-09 11:31:01.785  1086  1254 D ASH     : @ 967132.587: tcs3701: start power rail timer, state:3
01-09 11:31:01.824  1086  1254 I ASH     : @ 967132.627: tcs3701: stop power rail pending_off timer
01-09 11:31:01.825  1086  1254 D ASH     : @ 967132.627: tcs3701: start power rail timer, state:3
01-09 11:31:01.865  1086  1254 I ASH     : @ 967132.667: tcs3701: stop power rail pending_off timer
01-09 11:31:01.865  1086  1254 D ASH     : @ 967132.667: tcs3701: start power rail timer, state:3
01-09 11:31:01.905  1086  1254 I ASH     : @ 967132.707: tcs3701: stop power rail pending_off timer
01-09 11:31:01.905  1086  1254 D ASH     : @ 967132.707: tcs3701: start power rail timer, state:3
01-09 11:31:01.945  1086  1254 I ASH     : @ 967132.747: tcs3701: stop power rail pending_off timer
01-09 11:31:01.945  1086  1254 D ASH     : @ 967132.747: tcs3701: start power rail timer, state:3
01-09 11:31:01.984  1086  1254 I ASH     : @ 967132.787: tcs3701: stop power rail pending_off timer
01-09 11:31:01.985  1086  1254 D ASH     : @ 967132.787: tcs3701: start power rail timer, state:3
01-09 11:31:02.024  1086  1254 I ASH     : @ 967132.827: tcs3701: stop power rail pending_off timer
01-09 11:31:02.025  1086  1254 D ASH     : @ 967132.827: tcs3701: start power rail timer, state:3
01-09 11:31:02.065  1086  1254 I ASH     : @ 967132.867: tcs3701: stop power rail pending_off timer
01-09 11:31:02.065  1086  1254 D ASH     : @ 967132.867: tcs3701: start power rail timer, state:3
01-09 11:31:02.105  1086  1254 I ASH     : @ 967132.907: tcs3701: stop power rail pending_off timer
01-09 11:31:02.105  1086  1254 D ASH     : @ 967132.907: tcs3701: start power rail timer, state:3
01-09 11:31:02.145  1086  1254 I ASH     : @ 967132.947: tcs3701: stop power rail pending_off timer
01-09 11:31:02.145  1086  1254 D ASH     : @ 967132.947: tcs3701: start power rail timer, state:3
01-09 11:31:02.185  1086  1254 I ASH     : @ 967132.987: tcs3701: stop power rail pending_off timer
01-09 11:31:02.185  1086  1254 D ASH     : @ 967132.987: tcs3701: start power rail timer, state:3
01-09 11:31:02.224  1086  1254 I ASH     : @ 967133.027: tcs3701: stop power rail pending_off timer
01-09 11:31:02.225  1086  1254 D ASH     : @ 967133.027: tcs3701: start power rail timer, state:3
01-09 11:31:02.265  1086  1254 I ASH     : @ 967133.067: tcs3701: stop power rail pending_off timer
01-09 11:31:02.265  1086  1254 D ASH     : @ 967133.067: tcs3701: start power rail timer, state:3
01-09 11:31:02.305  1086  1254 I ASH     : @ 967133.107: tcs3701: stop power rail pending_off timer
01-09 11:31:02.305  1086  1254 D ASH     : @ 967133.107: tcs3701: start power rail timer, state:3
01-09 11:31:02.345  1086  1254 I ASH     : @ 967133.147: tcs3701: stop power rail pending_off timer
01-09 11:31:02.345  1086  1254 D ASH     : @ 967133.147: tcs3701: start power rail timer, state:3
01-09 11:31:02.384  1086  1254 I ASH     : @ 967133.187: tcs3701: stop power rail pending_off timer
01-09 11:31:02.385  1086  1254 D ASH     : @ 967133.187: tcs3701: start power rail timer, state:3
01-09 11:31:02.425  1086  1254 I ASH     : @ 967133.227: tcs3701: stop power rail pending_off timer
01-09 11:31:02.425  1086  1254 D ASH     : @ 967133.227: tcs3701: start power rail timer, state:3
01-09 11:31:02.465  1086  1254 I ASH     : @ 967133.267: tcs3701: stop power rail pending_off timer
01-09 11:31:02.465  1086  1254 D ASH     : @ 967133.267: tcs3701: start power rail timer, state:3
01-09 11:31:02.504  1086  1254 I ASH     : @ 967133.307: tcs3701: stop power rail pending_off timer
01-09 11:31:02.505  1086  1254 D ASH     : @ 967133.307: tcs3701: start power rail timer, state:3
01-09 11:31:02.545  1086  1254 I ASH     : @ 967133.347: tcs3701: stop power rail pending_off timer
01-09 11:31:02.545  1086  1254 D ASH     : @ 967133.347: tcs3701: start power rail timer, state:3
01-09 11:31:02.585  1086  1254 I ASH     : @ 967133.387: tcs3701: stop power rail pending_off timer
01-09 11:31:02.585  1086  1254 D ASH     : @ 967133.387: tcs3701: start power rail timer, state:3
01-09 11:31:02.624  1086  1254 I ASH     : @ 967133.427: tcs3701: stop power rail pending_off timer
01-09 11:31:02.625  1086  1254 D ASH     : @ 967133.427: tcs3701: start power rail timer, state:3
01-09 11:31:02.665  1086  1254 I ASH     : @ 967133.467: tcs3701: stop power rail pending_off timer
01-09 11:31:02.665  1086  1254 D ASH     : @ 967133.467: tcs3701: start power rail timer, state:3
01-09 11:31:02.705  1086  1254 I ASH     : @ 967133.507: tcs3701: stop power rail pending_off timer
01-09 11:31:02.705  1086  1254 D ASH     : @ 967133.507: tcs3701: start power rail timer, state:3
01-09 11:31:02.744  1086  1254 I ASH     : @ 967133.547: tcs3701: stop power rail pending_off timer
01-09 11:31:02.745  1086  1254 D ASH     : @ 967133.547: tcs3701: start power rail timer, state:3
01-09 11:31:02.785  1086  1254 I ASH     : @ 967133.587: tcs3701: stop power rail pending_off timer
01-09 11:31:02.785  1086  1254 D ASH     : @ 967133.587: tcs3701: start power rail timer, state:3
01-09 11:31:02.825  1086  1254 I ASH     : @ 967133.627: tcs3701: stop power rail pending_off timer
01-09 11:31:02.825  1086  1254 D ASH     : @ 967133.627: tcs3701: start power rail timer, state:3
01-09 11:31:02.865  1086  1254 I ASH     : @ 967133.667: tcs3701: stop power rail pending_off timer
01-09 11:31:02.865  1086  1254 D ASH     : @ 967133.667: tcs3701: start power rail timer, state:3
01-09 11:31:02.904  1086  1254 I ASH     : @ 967133.707: tcs3701: stop power rail pending_off timer
01-09 11:31:02.905  1086  1254 D ASH     : @ 967133.707: tcs3701: start power rail timer, state:3
01-09 11:31:02.945  1086  1254 I ASH     : @ 967133.747: tcs3701: stop power rail pending_off timer
01-09 11:31:02.945  1086  1254 D ASH     : @ 967133.747: tcs3701: start power rail timer, state:3
01-09 11:31:02.985  1086  1254 I ASH     : @ 967133.787: tcs3701: stop power rail pending_off timer
01-09 11:31:02.985  1086  1254 D ASH     : @ 967133.787: tcs3701: start power rail timer, state:3
01-09 11:31:03.025  1086  1254 I ASH     : @ 967133.827: tcs3701: stop power rail pending_off timer
01-09 11:31:03.025  1086  1254 D ASH     : @ 967133.827: tcs3701: start power rail timer, state:3
01-09 11:31:03.065  1086  1254 I ASH     : @ 967133.867: tcs3701: stop power rail pending_off timer
01-09 11:31:03.065  1086  1254 D ASH     : @ 967133.867: tcs3701: start power rail timer, state:3
01-09 11:31:03.105  1086  1254 I ASH     : @ 967133.907: tcs3701: stop power rail pending_off timer
01-09 11:31:03.105  1086  1254 D ASH     : @ 967133.907: tcs3701: start power rail timer, state:3
01-09 11:31:03.144  1086  1254 I ASH     : @ 967133.947: tcs3701: stop power rail pending_off timer
01-09 11:31:03.145  1086  1254 D ASH     : @ 967133.947: tcs3701: start power rail timer, state:3
01-09 11:31:03.185  1086  1254 I ASH     : @ 967133.987: tcs3701: stop power rail pending_off timer
01-09 11:31:03.185  1086  1254 D ASH     : @ 967133.987: tcs3701: start power rail timer, state:3
01-09 11:31:03.225  1086  1254 I ASH     : @ 967134.027: tcs3701: stop power rail pending_off timer
01-09 11:31:03.225  1086  1254 D ASH     : @ 967134.027: tcs3701: start power rail timer, state:3
01-09 11:31:03.265  1086  1254 I ASH     : @ 967134.067: tcs3701: stop power rail pending_off timer
01-09 11:31:03.265  1086  1254 D ASH     : @ 967134.067: tcs3701: start power rail timer, state:3
01-09 11:31:03.305  1086  1254 I ASH     : @ 967134.107: tcs3701: stop power rail pending_off timer
01-09 11:31:03.305  1086  1254 D ASH     : @ 967134.107: tcs3701: start power rail timer, state:3
01-09 11:31:03.345  1086  1254 I ASH     : @ 967134.147: tcs3701: stop power rail pending_off timer
01-09 11:31:03.345  1086  1254 D ASH     : @ 967134.147: tcs3701: start power rail timer, state:3
01-09 11:31:03.385  1086  1254 I ASH     : @ 967134.187: tcs3701: stop power rail pending_off timer
01-09 11:31:03.385  1086  1254 D ASH     : @ 967134.187: tcs3701: start power rail timer, state:3
01-09 11:31:03.425  1086  1254 I ASH     : @ 967134.227: tcs3701: stop power rail pending_off timer
01-09 11:31:03.425  1086  1254 D ASH     : @ 967134.227: tcs3701: start power rail timer, state:3
01-09 11:31:03.465  1086  1254 I ASH     : @ 967134.267: tcs3701: stop power rail pending_off timer
01-09 11:31:03.465  1086  1254 D ASH     : @ 967134.267: tcs3701: start power rail timer, state:3
01-09 11:31:03.505  1086  1254 I ASH     : @ 967134.307: tcs3701: stop power rail pending_off timer
01-09 11:31:03.505  1086  1254 D ASH     : @ 967134.307: tcs3701: start power rail timer, state:3
01-09 11:31:03.545  1086  1254 I ASH     : @ 967134.347: tcs3701: stop power rail pending_off timer
01-09 11:31:03.545  1086  1254 D ASH     : @ 967134.347: tcs3701: start power rail timer, state:3
01-09 11:31:03.585  1086  1254 I ASH     : @ 967134.387: tcs3701: stop power rail pending_off timer
01-09 11:31:03.585  1086  1254 D ASH     : @ 967134.387: tcs3701: start power rail timer, state:3
01-09 11:31:03.625  1086  1254 I ASH     : @ 967134.427: tcs3701: stop power rail pending_off timer
01-09 11:31:03.625  1086  1254 D ASH     : @ 967134.427: tcs3701: start power rail timer, state:3
01-09 11:31:03.665  1086  1254 I ASH     : @ 967134.467: tcs3701: stop power rail pending_off timer
01-09 11:31:03.665  1086  1254 D ASH     : @ 967134.467: tcs3701: start power rail timer, state:3
01-09 11:31:03.705  1086  1254 I ASH     : @ 967134.507: tcs3701: stop power rail pending_off timer
01-09 11:31:03.705  1086  1254 D ASH     : @ 967134.507: tcs3701: start power rail timer, state:3
01-09 11:31:03.745  1086  1254 I ASH     : @ 967134.547: tcs3701: stop power rail pending_off timer
01-09 11:31:03.745  1086  1254 D ASH     : @ 967134.547: tcs3701: start power rail timer, state:3
01-09 11:31:03.785  1086  1254 I ASH     : @ 967134.587: tcs3701: stop power rail pending_off timer
01-09 11:31:03.785  1086  1254 D ASH     : @ 967134.587: tcs3701: start power rail timer, state:3
01-09 11:31:03.825  1086  1254 I ASH     : @ 967134.627: tcs3701: stop power rail pending_off timer
01-09 11:31:03.825  1086  1254 D ASH     : @ 967134.627: tcs3701: start power rail timer, state:3
01-09 11:31:03.865  1086  1254 I ASH     : @ 967134.667: tcs3701: stop power rail pending_off timer
01-09 11:31:03.865  1086  1254 D ASH     : @ 967134.667: tcs3701: start power rail timer, state:3
01-09 11:31:03.905  1086  1254 I ASH     : @ 967134.707: tcs3701: stop power rail pending_off timer
01-09 11:31:03.905  1086  1254 D ASH     : @ 967134.707: tcs3701: start power rail timer, state:3
01-09 11:31:03.945 25993 26012 I Unity   : [showcase] drew layout: the variant shelf: 3 instance(s), rung ConstantBuffer
01-09 11:31:03.945 25993 26012 I Unity   : UnityEngine.DebugLogHandler:Internal_Log(LogType, LogOption, String, Object)
01-09 11:31:03.945 25993 26012 I Unity   : Driftsys.Dashscene.Samples.DashsceneShowcase:Update()
01-09 11:31:03.945 25993 26012 I Unity   : 
01-09 11:31:03.945  1086  1254 I ASH     : @ 967134.747: tcs3701: stop power rail pending_off timer
01-09 11:31:03.945  1086  1254 D ASH     : @ 967134.747: tcs3701: start power rail timer, state:3
01-09 11:31:03.945 25993 26012 I Unity   : [showcase] all 6 entries drew (3 scene(s), 3 document(s))
01-09 11:31:03.945 25993 26012 I Unity   : UnityEngine.DebugLogHandler:Internal_Log(LogType, LogOption, String, Object)
01-09 11:31:03.945 25993 26012 I Unity   : Driftsys.Dashscene.Samples.DashsceneShowcase:AnnounceIfEveryEntryHasDrawn()
01-09 11:31:03.945 25993 26012 I Unity   : Driftsys.Dashscene.Samples.DashsceneShowcase:Update()
01-09 11:31:03.945 25993 26012 I Unity   : 
01-09 11:31:03.985  1086  1254 I ASH     : @ 967134.787: tcs3701: stop power rail pending_off timer
01-09 11:31:03.985  1086  1254 D ASH     : @ 967134.787: tcs3701: start power rail timer, state:3
01-09 11:31:04.025  1086  1254 I ASH     : @ 967134.827: tcs3701: stop power rail pending_off timer
01-09 11:31:04.025  1086  1254 D ASH     : @ 967134.827: tcs3701: start power rail timer, state:3
01-09 11:31:04.065  1086  1254 I ASH     : @ 967134.867: tcs3701: stop power rail pending_off timer
01-09 11:31:04.065  1086  1254 D ASH     : @ 967134.867: tcs3701: start power rail timer, state:3
01-09 11:31:04.105  1086  1254 I ASH     : @ 967134.907: tcs3701: stop power rail pending_off timer
01-09 11:31:04.105  1086  1254 D ASH     : @ 967134.907: tcs3701: start power rail timer, state:3
01-09 11:31:04.145  1086  1254 I ASH     : @ 967134.947: tcs3701: stop power rail pending_off timer
01-09 11:31:04.145  1086  1254 D ASH     : @ 967134.947: tcs3701: start power rail timer, state:3
01-09 11:31:04.185  1086  1254 I ASH     : @ 967134.987: tcs3701: stop power rail pending_off timer
01-09 11:31:04.185  1086  1254 D ASH     : @ 967134.987: tcs3701: start power rail timer, state:3
01-09 11:31:04.224  1086  1254 I ASH     : @ 967135.027: tcs3701: stop power rail pending_off timer
01-09 11:31:04.225  1086  1254 D ASH     : @ 967135.027: tcs3701: start power rail timer, state:3
01-09 11:31:04.264  1086  1254 I ASH     : @ 967135.067: tcs3701: stop power rail pending_off timer
01-09 11:31:04.264  1086  1254 D ASH     : @ 967135.067: tcs3701: start power rail timer, state:3
01-09 11:31:04.305  1086  1254 I ASH     : @ 967135.107: tcs3701: stop power rail pending_off timer
01-09 11:31:04.305  1086  1254 D ASH     : @ 967135.107: tcs3701: start power rail timer, state:3
01-09 11:31:04.345  1086  1254 I ASH     : @ 967135.147: tcs3701: stop power rail pending_off timer
01-09 11:31:04.345  1086  1254 D ASH     : @ 967135.147: tcs3701: start power rail timer, state:3
01-09 11:31:04.385  1086  1254 I ASH     : @ 967135.187: tcs3701: stop power rail pending_off timer
01-09 11:31:04.385  1086  1254 D ASH     : @ 967135.187: tcs3701: start power rail timer, state:3
01-09 11:31:04.425  1086  1254 I ASH     : @ 967135.227: tcs3701: stop power rail pending_off timer
01-09 11:31:04.425  1086  1254 D ASH     : @ 967135.227: tcs3701: start power rail timer, state:3
01-09 11:31:04.464  1086  1254 I ASH     : @ 967135.267: tcs3701: stop power rail pending_off timer
01-09 11:31:04.464  1086  1254 D ASH     : @ 967135.267: tcs3701: start power rail timer, state:3
01-09 11:31:04.505  1086  1254 I ASH     : @ 967135.307: tcs3701: stop power rail pending_off timer
01-09 11:31:04.505  1086  1254 D ASH     : @ 967135.307: tcs3701: start power rail timer, state:3
01-09 11:31:04.545  1086  1254 I ASH     : @ 967135.347: tcs3701: stop power rail pending_off timer
01-09 11:31:04.545  1086  1254 D ASH     : @ 967135.347: tcs3701: start power rail timer, state:3
01-09 11:31:04.584  1086  1254 I ASH     : @ 967135.387: tcs3701: stop power rail pending_off timer
01-09 11:31:04.585  1086  1254 D ASH     : @ 967135.387: tcs3701: start power rail timer, state:3
01-09 11:31:04.625  1086  1254 I ASH     : @ 967135.427: tcs3701: stop power rail pending_off timer
01-09 11:31:04.625  1086  1254 D ASH     : @ 967135.427: tcs3701: start power rail timer, state:3
01-09 11:31:04.665  1086  1254 I ASH     : @ 967135.467: tcs3701: stop power rail pending_off timer
01-09 11:31:04.665  1086  1254 D ASH     : @ 967135.467: tcs3701: start power rail timer, state:3
01-09 11:31:04.705  1086  1254 I ASH     : @ 967135.507: tcs3701: stop power rail pending_off timer
01-09 11:31:04.705  1086  1254 D ASH     : @ 967135.507: tcs3701: start power rail timer, state:3
01-09 11:31:04.745  1086  1254 I ASH     : @ 967135.547: tcs3701: stop power rail pending_off timer
01-09 11:31:04.745  1086  1254 D ASH     : @ 967135.547: tcs3701: start power rail timer, state:3
01-09 11:31:04.784  1086  1254 I ASH     : @ 967135.587: tcs3701: stop power rail pending_off timer
01-09 11:31:04.785  1086  1254 D ASH     : @ 967135.587: tcs3701: start power rail timer, state:3
01-09 11:31:04.825  1086  1254 I ASH     : @ 967135.627: tcs3701: stop power rail pending_off timer
01-09 11:31:04.825  1086  1254 D ASH     : @ 967135.627: tcs3701: start power rail timer, state:3
01-09 11:31:04.865  1086  1254 I ASH     : @ 967135.667: tcs3701: stop power rail pending_off timer
01-09 11:31:04.865  1086  1254 D ASH     : @ 967135.667: tcs3701: start power rail timer, state:3
01-09 11:31:04.905  1086  1254 I ASH     : @ 967135.707: tcs3701: stop power rail pending_off timer
01-09 11:31:04.905  1086  1254 D ASH     : @ 967135.707: tcs3701: start power rail timer, state:3
01-09 11:31:04.945  1086  1254 I ASH     : @ 967135.747: tcs3701: stop power rail pending_off timer
01-09 11:31:04.945  1086  1254 D ASH     : @ 967135.747: tcs3701: start power rail timer, state:3
01-09 11:31:04.985  1086  1254 I ASH     : @ 967135.787: tcs3701: stop power rail pending_off timer
01-09 11:31:04.985  1086  1254 D ASH     : @ 967135.787: tcs3701: start power rail timer, state:3
01-09 11:31:05.025  1086  1254 I ASH     : @ 967135.827: tcs3701: stop power rail pending_off timer
01-09 11:31:05.025  1086  1254 D ASH     : @ 967135.827: tcs3701: start power rail timer, state:3
01-09 11:31:05.064  1086  1254 I ASH     : @ 967135.867: tcs3701: stop power rail pending_off timer
01-09 11:31:05.064  1086  1254 D ASH     : @ 967135.867: tcs3701: start power rail timer, state:3
01-09 11:31:05.105  1086  1254 I ASH     : @ 967135.907: tcs3701: stop power rail pending_off timer
01-09 11:31:05.105  1086  1254 D ASH     : @ 967135.907: tcs3701: start power rail timer, state:3
01-09 11:31:05.144  1086  1254 I ASH     : @ 967135.947: tcs3701: stop power rail pending_off timer
01-09 11:31:05.144  1086  1254 D ASH     : @ 967135.947: tcs3701: start power rail timer, state:3
01-09 11:31:05.184  1086  1254 I ASH     : @ 967135.987: tcs3701: stop power rail pending_off timer
01-09 11:31:05.185  1086  1254 D ASH     : @ 967135.987: tcs3701: start power rail timer, state:3
01-09 11:31:05.225  1086  1254 I ASH     : @ 967136.027: tcs3701: stop power rail pending_off timer
01-09 11:31:05.225  1086  1254 D ASH     : @ 967136.027: tcs3701: start power rail timer, state:3
01-09 11:31:05.264  1086  1254 I ASH     : @ 967136.067: tcs3701: stop power rail pending_off timer
01-09 11:31:05.264  1086  1254 D ASH     : @ 967136.067: tcs3701: start power rail timer, state:3
01-09 11:31:05.305  1086  1254 I ASH     : @ 967136.107: tcs3701: stop power rail pending_off timer
01-09 11:31:05.305  1086  1254 D ASH     : @ 967136.107: tcs3701: start power rail timer, state:3
01-09 11:31:05.345  1086  1254 I ASH     : @ 967136.147: tcs3701: stop power rail pending_off timer
01-09 11:31:05.345  1086  1254 D ASH     : @ 967136.147: tcs3701: start power rail timer, state:3
01-09 11:31:05.385  1086  1254 I ASH     : @ 967136.187: tcs3701: stop power rail pending_off timer
01-09 11:31:05.385  1086  1254 D ASH     : @ 967136.187: tcs3701: start power rail timer, state:3
01-09 11:31:05.425  1086  1254 I ASH     : @ 967136.227: tcs3701: stop power rail pending_off timer
01-09 11:31:05.425  1086  1254 D ASH     : @ 967136.227: tcs3701: start power rail timer, state:3
01-09 11:31:05.465  1086  1254 I ASH     : @ 967136.267: tcs3701: stop power rail pending_off timer
01-09 11:31:05.465  1086  1254 D ASH     : @ 967136.267: tcs3701: start power rail timer, state:3
01-09 11:31:05.505  1086  1254 I ASH     : @ 967136.307: tcs3701: stop power rail pending_off timer
01-09 11:31:05.505  1086  1254 D ASH     : @ 967136.307: tcs3701: start power rail timer, state:3
01-09 11:31:05.544  1086  1254 I ASH     : @ 967136.347: tcs3701: stop power rail pending_off timer
01-09 11:31:05.545  1086  1254 D ASH     : @ 967136.347: tcs3701: start power rail timer, state:3
01-09 11:31:05.585  1086  1254 I ASH     : @ 967136.387: tcs3701: stop power rail pending_off timer
01-09 11:31:05.585  1086  1254 D ASH     : @ 967136.387: tcs3701: start power rail timer, state:3
01-09 11:31:05.625  1086  1254 I ASH     : @ 967136.427: tcs3701: stop power rail pending_off timer
01-09 11:31:05.625  1086  1254 D ASH     : @ 967136.427: tcs3701: start power rail timer, state:3
01-09 11:31:05.665  1086  1254 I ASH     : @ 967136.467: tcs3701: stop power rail pending_off timer
01-09 11:31:05.665  1086  1254 D ASH     : @ 967136.467: tcs3701: start power rail timer, state:3
01-09 11:31:05.705  1086  1254 I ASH     : @ 967136.507: tcs3701: stop power rail pending_off timer
01-09 11:31:05.705  1086  1254 D ASH     : @ 967136.507: tcs3701: start power rail timer, state:3
01-09 11:31:05.744  1086  1254 I ASH     : @ 967136.547: tcs3701: stop power rail pending_off timer
01-09 11:31:05.745  1086  1254 D ASH     : @ 967136.547: tcs3701: start power rail timer, state:3
01-09 11:31:05.785  1086  1254 I ASH     : @ 967136.587: tcs3701: stop power rail pending_off timer
01-09 11:31:05.785  1086  1254 D ASH     : @ 967136.587: tcs3701: start power rail timer, state:3
01-09 11:31:05.825  1086  1254 I ASH     : @ 967136.627: tcs3701: stop power rail pending_off timer
01-09 11:31:05.825  1086  1254 D ASH     : @ 967136.627: tcs3701: start power rail timer, state:3
01-09 11:31:05.864  1086  1254 I ASH     : @ 967136.667: tcs3701: stop power rail pending_off timer
01-09 11:31:05.865  1086  1254 D ASH     : @ 967136.667: tcs3701: start power rail timer, state:3
01-09 11:31:05.905  1086  1254 I ASH     : @ 967136.707: tcs3701: stop power rail pending_off timer
01-09 11:31:05.905  1086  1254 D ASH     : @ 967136.707: tcs3701: start power rail timer, state:3
01-09 11:31:05.945  1086  1254 I ASH     : @ 967136.747: tcs3701: stop power rail pending_off timer
01-09 11:31:05.945  1086  1254 D ASH     : @ 967136.747: tcs3701: start power rail timer, state:3
01-09 11:31:05.985  1086  1254 I ASH     : @ 967136.787: tcs3701: stop power rail pending_off timer
01-09 11:31:05.986  1086  1254 D ASH     : @ 967136.787: tcs3701: start power rail timer, state:3
01-09 11:31:06.025  1086  1254 I ASH     : @ 967136.827: tcs3701: stop power rail pending_off timer
01-09 11:31:06.025  1086  1254 D ASH     : @ 967136.827: tcs3701: start power rail timer, state:3
01-09 11:31:06.065  1086  1254 I ASH     : @ 967136.867: tcs3701: stop power rail pending_off timer
01-09 11:31:06.065  1086  1254 D ASH     : @ 967136.867: tcs3701: start power rail timer, state:3
01-09 11:31:06.105  1086  1254 I ASH     : @ 967136.907: tcs3701: stop power rail pending_off timer
01-09 11:31:06.105  1086  1254 D ASH     : @ 967136.907: tcs3701: start power rail timer, state:3
01-09 11:31:06.145  1086  1254 I ASH     : @ 967136.947: tcs3701: stop power rail pending_off timer
01-09 11:31:06.145  1086  1254 D ASH     : @ 967136.947: tcs3701: start power rail timer, state:3
01-09 11:31:06.185  1086  1254 I ASH     : @ 967136.987: tcs3701: stop power rail pending_off timer
01-09 11:31:06.185  1086  1254 D ASH     : @ 967136.987: tcs3701: start power rail timer, state:3
01-09 11:31:06.225  1086  1254 I ASH     : @ 967137.027: tcs3701: stop power rail pending_off timer
01-09 11:31:06.225  1086  1254 D ASH     : @ 967137.027: tcs3701: start power rail timer, state:3
01-09 11:31:06.265  1086  1254 I ASH     : @ 967137.067: tcs3701: stop power rail pending_off timer
01-09 11:31:06.265  1086  1254 D ASH     : @ 967137.067: tcs3701: start power rail timer, state:3
01-09 11:31:06.305  1086  1254 I ASH     : @ 967137.107: tcs3701: stop power rail pending_off timer
01-09 11:31:06.305  1086  1254 D ASH     : @ 967137.107: tcs3701: start power rail timer, state:3
01-09 11:31:06.344  1086  1254 I ASH     : @ 967137.147: tcs3701: stop power rail pending_off timer
01-09 11:31:06.345  1086  1254 D ASH     : @ 967137.147: tcs3701: start power rail timer, state:3
01-09 11:31:06.385  1086  1254 I ASH     : @ 967137.187: tcs3701: stop power rail pending_off timer
01-09 11:31:06.385  1086  1254 D ASH     : @ 967137.187: tcs3701: start power rail timer, state:3
01-09 11:31:06.425  1086  1254 I ASH     : @ 967137.227: tcs3701: stop power rail pending_off timer
01-09 11:31:06.425  1086  1254 D ASH     : @ 967137.227: tcs3701: start power rail timer, state:3
01-09 11:31:06.465  1086  1254 I ASH     : @ 967137.267: tcs3701: stop power rail pending_off timer
01-09 11:31:06.465  1086  1254 D ASH     : @ 967137.267: tcs3701: start power rail timer, state:3
01-09 11:31:06.505  1086  1254 I ASH     : @ 967137.307: tcs3701: stop power rail pending_off timer
01-09 11:31:06.505  1086  1254 D ASH     : @ 967137.307: tcs3701: start power rail timer, state:3
01-09 11:31:06.544  1086  1254 I ASH     : @ 967137.347: tcs3701: stop power rail pending_off timer
01-09 11:31:06.545  1086  1254 D ASH     : @ 967137.347: tcs3701: start power rail timer, state:3
01-09 11:31:06.585  1086  1254 I ASH     : @ 967137.387: tcs3701: stop power rail pending_off timer
01-09 11:31:06.585  1086  1254 D ASH     : @ 967137.387: tcs3701: start power rail timer, state:3
01-09 11:31:06.625  1086  1254 I ASH     : @ 967137.427: tcs3701: stop power rail pending_off timer
01-09 11:31:06.625  1086  1254 D ASH     : @ 967137.427: tcs3701: start power rail timer, state:3
01-09 11:31:06.665  1086  1254 I ASH     : @ 967137.467: tcs3701: stop power rail pending_off timer
01-09 11:31:06.665  1086  1254 D ASH     : @ 967137.467: tcs3701: start power rail timer, state:3
01-09 11:31:06.705  1086  1254 I ASH     : @ 967137.507: tcs3701: stop power rail pending_off timer
01-09 11:31:06.705  1086  1254 D ASH     : @ 967137.507: tcs3701: start power rail timer, state:3
01-09 11:31:06.745  1086  1254 I ASH     : @ 967137.547: tcs3701: stop power rail pending_off timer
01-09 11:31:06.745  1086  1254 D ASH     : @ 967137.547: tcs3701: start power rail timer, state:3
01-09 11:31:06.785  1086  1254 I ASH     : @ 967137.587: tcs3701: stop power rail pending_off timer
01-09 11:31:06.785  1086  1254 D ASH     : @ 967137.587: tcs3701: start power rail timer, state:3
01-09 11:31:06.825  1086  1254 I ASH     : @ 967137.627: tcs3701: stop power rail pending_off timer
01-09 11:31:06.825  1086  1254 D ASH     : @ 967137.627: tcs3701: start power rail timer, state:3
01-09 11:31:06.865  1086  1254 I ASH     : @ 967137.667: tcs3701: stop power rail pending_off timer
01-09 11:31:06.865  1086  1254 D ASH     : @ 967137.667: tcs3701: start power rail timer, state:3
01-09 11:31:06.905  1086  1254 I ASH     : @ 967137.707: tcs3701: stop power rail pending_off timer
01-09 11:31:06.905  1086  1254 D ASH     : @ 967137.707: tcs3701: start power rail timer, state:3
01-09 11:31:06.945  1086  1254 I ASH     : @ 967137.747: tcs3701: stop power rail pending_off timer
01-09 11:31:06.945  1086  1254 D ASH     : @ 967137.747: tcs3701: start power rail timer, state:3
01-09 11:31:06.985  1086  1254 I ASH     : @ 967137.787: tcs3701: stop power rail pending_off timer
01-09 11:31:06.985  1086  1254 D ASH     : @ 967137.787: tcs3701: start power rail timer, state:3
01-09 11:31:07.025  1086  1254 I ASH     : @ 967137.827: tcs3701: stop power rail pending_off timer
01-09 11:31:07.025  1086  1254 D ASH     : @ 967137.827: tcs3701: start power rail timer, state:3
01-09 11:31:07.065  1086  1254 I ASH     : @ 967137.867: tcs3701: stop power rail pending_off timer
01-09 11:31:07.065  1086  1254 D ASH     : @ 967137.867: tcs3701: start power rail timer, state:3
01-09 11:31:07.105  1086  1254 I ASH     : @ 967137.907: tcs3701: stop power rail pending_off timer
01-09 11:31:07.105  1086  1254 D ASH     : @ 967137.907: tcs3701: start power rail timer, state:3
01-09 11:31:07.145  1086  1254 I ASH     : @ 967137.947: tcs3701: stop power rail pending_off timer
01-09 11:31:07.145  1086  1254 D ASH     : @ 967137.947: tcs3701: start power rail timer, state:3
01-09 11:31:07.185  1086  1254 I ASH     : @ 967137.987: tcs3701: stop power rail pending_off timer
01-09 11:31:07.185  1086  1254 D ASH     : @ 967137.987: tcs3701: start power rail timer, state:3
01-09 11:31:07.224  1086  1254 I ASH     : @ 967138.027: tcs3701: stop power rail pending_off timer
01-09 11:31:07.225  1086  1254 D ASH     : @ 967138.027: tcs3701: start power rail timer, state:3
01-09 11:31:07.265  1086  1254 I ASH     : @ 967138.067: tcs3701: stop power rail pending_off timer
01-09 11:31:07.265  1086  1254 D ASH     : @ 967138.067: tcs3701: start power rail timer, state:3
01-09 11:31:07.305  1086  1254 I ASH     : @ 967138.107: tcs3701: stop power rail pending_off timer
01-09 11:31:07.305  1086  1254 D ASH     : @ 967138.107: tcs3701: start power rail timer, state:3
01-09 11:31:07.345  1086  1254 I ASH     : @ 967138.147: tcs3701: stop power rail pending_off timer
01-09 11:31:07.345  1086  1254 D ASH     : @ 967138.147: tcs3701: start power rail timer, state:3
01-09 11:31:07.385  1086  1254 I ASH     : @ 967138.187: tcs3701: stop power rail pending_off timer
01-09 11:31:07.385  1086  1254 D ASH     : @ 967138.187: tcs3701: start power rail timer, state:3
01-09 11:31:07.425  1086  1254 I ASH     : @ 967138.227: tcs3701: stop power rail pending_off timer
01-09 11:31:07.425  1086  1254 D ASH     : @ 967138.227: tcs3701: start power rail timer, state:3
01-09 11:31:07.464  1086  1254 I ASH     : @ 967138.267: tcs3701: stop power rail pending_off timer
01-09 11:31:07.465  1086  1254 D ASH     : @ 967138.267: tcs3701: start power rail timer, state:3
01-09 11:31:07.505  1086  1254 I ASH     : @ 967138.307: tcs3701: stop power rail pending_off timer
01-09 11:31:07.505  1086  1254 D ASH     : @ 967138.307: tcs3701: start power rail timer, state:3
01-09 11:31:07.545  1086  1254 I ASH     : @ 967138.347: tcs3701: stop power rail pending_off timer
01-09 11:31:07.545  1086  1254 D ASH     : @ 967138.347: tcs3701: start power rail timer, state:3
01-09 11:31:07.585  1086  1254 I ASH     : @ 967138.387: tcs3701: stop power rail pending_off timer
01-09 11:31:07.585  1086  1254 D ASH     : @ 967138.387: tcs3701: start power rail timer, state:3
01-09 11:31:07.625  1086  1254 I ASH     : @ 967138.427: tcs3701: stop power rail pending_off timer
01-09 11:31:07.625  1086  1254 D ASH     : @ 967138.427: tcs3701: start power rail timer, state:3
01-09 11:31:07.665  1086  1254 I ASH     : @ 967138.467: tcs3701: stop power rail pending_off timer
01-09 11:31:07.665  1086  1254 D ASH     : @ 967138.467: tcs3701: start power rail timer, state:3
01-09 11:31:07.705  1086  1254 I ASH     : @ 967138.507: tcs3701: stop power rail pending_off timer
01-09 11:31:07.705  1086  1254 D ASH     : @ 967138.507: tcs3701: start power rail timer, state:3
01-09 11:31:07.745  1086  1254 I ASH     : @ 967138.547: tcs3701: stop power rail pending_off timer
01-09 11:31:07.745  1086  1254 D ASH     : @ 967138.547: tcs3701: start power rail timer, state:3
01-09 11:31:07.785  1086  1254 I ASH     : @ 967138.587: tcs3701: stop power rail pending_off timer
01-09 11:31:07.785  1086  1254 D ASH     : @ 967138.587: tcs3701: start power rail timer, state:3
01-09 11:31:07.825  1086  1254 I ASH     : @ 967138.627: tcs3701: stop power rail pending_off timer
01-09 11:31:07.825  1086  1254 D ASH     : @ 967138.627: tcs3701: start power rail timer, state:3
01-09 11:31:07.865  1086  1254 I ASH     : @ 967138.667: tcs3701: stop power rail pending_off timer
01-09 11:31:07.865  1086  1254 D ASH     : @ 967138.667: tcs3701: start power rail timer, state:3
01-09 11:31:07.905  1086  1254 I ASH     : @ 967138.707: tcs3701: stop power rail pending_off timer
01-09 11:31:07.905  1086  1254 D ASH     : @ 967138.707: tcs3701: start power rail timer, state:3
01-09 11:31:07.944  1086  1254 I ASH     : @ 967138.747: tcs3701: stop power rail pending_off timer
01-09 11:31:07.944  1086  1254 D ASH     : @ 967138.747: tcs3701: start power rail timer, state:3
01-09 11:31:07.985  1086  1254 I ASH     : @ 967138.787: tcs3701: stop power rail pending_off timer
01-09 11:31:07.985  1086  1254 D ASH     : @ 967138.787: tcs3701: start power rail timer, state:3
01-09 11:31:08.025  1086  1254 I ASH     : @ 967138.827: tcs3701: stop power rail pending_off timer
01-09 11:31:08.025  1086  1254 D ASH     : @ 967138.827: tcs3701: start power rail timer, state:3
01-09 11:31:08.064  1086  1254 I ASH     : @ 967138.867: tcs3701: stop power rail pending_off timer
01-09 11:31:08.065  1086  1254 D ASH     : @ 967138.867: tcs3701: start power rail timer, state:3
01-09 11:31:08.105  1086  1254 I ASH     : @ 967138.907: tcs3701: stop power rail pending_off timer
01-09 11:31:08.105  1086  1254 D ASH     : @ 967138.907: tcs3701: start power rail timer, state:3
01-09 11:31:08.145  1086  1254 I ASH     : @ 967138.947: tcs3701: stop power rail pending_off timer
01-09 11:31:08.145  1086  1254 D ASH     : @ 967138.947: tcs3701: start power rail timer, state:3
01-09 11:31:08.185  1086  1254 I ASH     : @ 967138.987: tcs3701: stop power rail pending_off timer
01-09 11:31:08.185  1086  1254 D ASH     : @ 967138.987: tcs3701: start power rail timer, state:3
01-09 11:31:08.225  1086  1254 I ASH     : @ 967139.027: tcs3701: stop power rail pending_off timer
01-09 11:31:08.225  1086  1254 D ASH     : @ 967139.027: tcs3701: start power rail timer, state:3
01-09 11:31:08.264  1086  1254 I ASH     : @ 967139.067: tcs3701: stop power rail pending_off timer
01-09 11:31:08.265  1086  1254 D ASH     : @ 967139.067: tcs3701: start power rail timer, state:3
01-09 11:31:08.305  1086  1254 I ASH     : @ 967139.107: tcs3701: stop power rail pending_off timer
01-09 11:31:08.305  1086  1254 D ASH     : @ 967139.107: tcs3701: start power rail timer, state:3
01-09 11:31:08.345  1086  1254 I ASH     : @ 967139.147: tcs3701: stop power rail pending_off timer
01-09 11:31:08.345  1086  1254 D ASH     : @ 967139.147: tcs3701: start power rail timer, state:3
01-09 11:31:08.385  1086  1254 I ASH     : @ 967139.187: tcs3701: stop power rail pending_off timer
01-09 11:31:08.385  1086  1254 D ASH     : @ 967139.187: tcs3701: start power rail timer, state:3
01-09 11:31:08.425  1086  1254 I ASH     : @ 967139.227: tcs3701: stop power rail pending_off timer
01-09 11:31:08.425  1086  1254 D ASH     : @ 967139.227: tcs3701: start power rail timer, state:3
01-09 11:31:08.465  1086  1254 I ASH     : @ 967139.267: tcs3701: stop power rail pending_off timer
01-09 11:31:08.465  1086  1254 D ASH     : @ 967139.267: tcs3701: start power rail timer, state:3
01-09 11:31:08.505  1086  1254 I ASH     : @ 967139.307: tcs3701: stop power rail pending_off timer
01-09 11:31:08.505  1086  1254 D ASH     : @ 967139.307: tcs3701: start power rail timer, state:3
01-09 11:31:08.545  1086  1254 I ASH     : @ 967139.347: tcs3701: stop power rail pending_off timer
01-09 11:31:08.545  1086  1254 D ASH     : @ 967139.347: tcs3701: start power rail timer, state:3
01-09 11:31:08.585  1086  1254 I ASH     : @ 967139.387: tcs3701: stop power rail pending_off timer
01-09 11:31:08.585  1086  1254 D ASH     : @ 967139.387: tcs3701: start power rail timer, state:3
01-09 11:31:08.625  1086  1254 I ASH     : @ 967139.427: tcs3701: stop power rail pending_off timer
01-09 11:31:08.625  1086  1254 D ASH     : @ 967139.427: tcs3701: start power rail timer, state:3
01-09 11:31:08.665  1086  1254 I ASH     : @ 967139.467: tcs3701: stop power rail pending_off timer
01-09 11:31:08.665  1086  1254 D ASH     : @ 967139.467: tcs3701: start power rail timer, state:3
01-09 11:31:08.705  1086  1254 I ASH     : @ 967139.507: tcs3701: stop power rail pending_off timer
01-09 11:31:08.705  1086  1254 D ASH     : @ 967139.507: tcs3701: start power rail timer, state:3
01-09 11:31:08.745  1086  1254 I ASH     : @ 967139.547: tcs3701: stop power rail pending_off timer
01-09 11:31:08.745  1086  1254 D ASH     : @ 967139.547: tcs3701: start power rail timer, state:3
01-09 11:31:08.785  1086  1254 I ASH     : @ 967139.587: tcs3701: stop power rail pending_off timer
01-09 11:31:08.785  1086  1254 D ASH     : @ 967139.587: tcs3701: start power rail timer, state:3
01-09 11:31:08.825  1086  1254 I ASH     : @ 967139.627: tcs3701: stop power rail pending_off timer
01-09 11:31:08.825  1086  1254 D ASH     : @ 967139.627: tcs3701: start power rail timer, state:3
01-09 11:31:08.864  1086  1254 I ASH     : @ 967139.667: tcs3701: stop power rail pending_off timer
01-09 11:31:08.865  1086  1254 D ASH     : @ 967139.667: tcs3701: start power rail timer, state:3
01-09 11:31:08.905  1086  1254 I ASH     : @ 967139.707: tcs3701: stop power rail pending_off timer
01-09 11:31:08.905  1086  1254 D ASH     : @ 967139.707: tcs3701: start power rail timer, state:3
01-09 11:31:08.945  1086  1254 I ASH     : @ 967139.747: tcs3701: stop power rail pending_off timer
01-09 11:31:08.945  1086  1254 D ASH     : @ 967139.747: tcs3701: start power rail timer, state:3
01-09 11:31:08.985  1086  1254 I ASH     : @ 967139.787: tcs3701: stop power rail pending_off timer
01-09 11:31:08.985  1086  1254 D ASH     : @ 967139.787: tcs3701: start power rail timer, state:3
01-09 11:31:09.025  1086  1254 I ASH     : @ 967139.827: tcs3701: stop power rail pending_off timer
01-09 11:31:09.025  1086  1254 D ASH     : @ 967139.827: tcs3701: start power rail timer, state:3
01-09 11:31:09.064  1086  1254 I ASH     : @ 967139.867: tcs3701: stop power rail pending_off timer
01-09 11:31:09.065  1086  1254 D ASH     : @ 967139.867: tcs3701: start power rail timer, state:3
01-09 11:31:09.104  1086  1254 I ASH     : @ 967139.907: tcs3701: stop power rail pending_off timer
01-09 11:31:09.105  1086  1254 D ASH     : @ 967139.907: tcs3701: start power rail timer, state:3
01-09 11:31:09.145  1086  1254 I ASH     : @ 967139.947: tcs3701: stop power rail pending_off timer
01-09 11:31:09.145  1086  1254 D ASH     : @ 967139.947: tcs3701: start power rail timer, state:3
01-09 11:31:09.185  1086  1254 I ASH     : @ 967139.987: tcs3701: stop power rail pending_off timer
01-09 11:31:09.185  1086  1254 D ASH     : @ 967139.987: tcs3701: start power rail timer, state:3
01-09 11:31:09.225  1086  1254 I ASH     : @ 967140.027: tcs3701: stop power rail pending_off timer
01-09 11:31:09.225  1086  1254 D ASH     : @ 967140.027: tcs3701: start power rail timer, state:3
01-09 11:31:09.264  1086  1254 I ASH     : @ 967140.067: tcs3701: stop power rail pending_off timer
01-09 11:31:09.265  1086  1254 D ASH     : @ 967140.067: tcs3701: start power rail timer, state:3
01-09 11:31:09.305  1086  1254 I ASH     : @ 967140.107: tcs3701: stop power rail pending_off timer
01-09 11:31:09.305  1086  1254 D ASH     : @ 967140.107: tcs3701: start power rail timer, state:3
01-09 11:31:09.345  1086  1254 I ASH     : @ 967140.147: tcs3701: stop power rail pending_off timer
01-09 11:31:09.345  1086  1254 D ASH     : @ 967140.147: tcs3701: start power rail timer, state:3
01-09 11:31:09.385  1086  1254 I ASH     : @ 967140.187: tcs3701: stop power rail pending_off timer
01-09 11:31:09.385  1086  1254 D ASH     : @ 967140.187: tcs3701: start power rail timer, state:3
01-09 11:31:09.425  1086  1254 I ASH     : @ 967140.227: tcs3701: stop power rail pending_off timer
01-09 11:31:09.425  1086  1254 D ASH     : @ 967140.227: tcs3701: start power rail timer, state:3
01-09 11:31:09.464  1086  1254 I ASH     : @ 967140.267: tcs3701: stop power rail pending_off timer
01-09 11:31:09.465  1086  1254 D ASH     : @ 967140.267: tcs3701: start power rail timer, state:3
01-09 11:31:09.505  1086  1254 I ASH     : @ 967140.307: tcs3701: stop power rail pending_off timer
01-09 11:31:09.505  1086  1254 D ASH     : @ 967140.307: tcs3701: start power rail timer, state:3
01-09 11:31:09.545  1086  1254 I ASH     : @ 967140.347: tcs3701: stop power rail pending_off timer
01-09 11:31:09.545  1086  1254 D ASH     : @ 967140.347: tcs3701: start power rail timer, state:3
01-09 11:31:09.585  1086  1254 I ASH     : @ 967140.387: tcs3701: stop power rail pending_off timer
01-09 11:31:09.585  1086  1254 D ASH     : @ 967140.387: tcs3701: start power rail timer, state:3
01-09 11:31:09.625  1086  1254 I ASH     : @ 967140.427: tcs3701: stop power rail pending_off timer
01-09 11:31:09.625  1086  1254 D ASH     : @ 967140.427: tcs3701: start power rail timer, state:3
01-09 11:31:09.665  1086  1254 I ASH     : @ 967140.467: tcs3701: stop power rail pending_off timer
01-09 11:31:09.665  1086  1254 D ASH     : @ 967140.467: tcs3701: start power rail timer, state:3
01-09 11:31:09.705  1086  1254 I ASH     : @ 967140.507: tcs3701: stop power rail pending_off timer
01-09 11:31:09.705  1086  1254 D ASH     : @ 967140.507: tcs3701: start power rail timer, state:3
01-09 11:31:09.745  1086  1254 I ASH     : @ 967140.547: tcs3701: stop power rail pending_off timer
01-09 11:31:09.745  1086  1254 D ASH     : @ 967140.547: tcs3701: start power rail timer, state:3
01-09 11:31:09.785  1086  1254 I ASH     : @ 967140.587: tcs3701: stop power rail pending_off timer
01-09 11:31:09.785  1086  1254 D ASH     : @ 967140.587: tcs3701: start power rail timer, state:3
01-09 11:31:09.825  1086  1254 I ASH     : @ 967140.627: tcs3701: stop power rail pending_off timer
01-09 11:31:09.825  1086  1254 D ASH     : @ 967140.627: tcs3701: start power rail timer, state:3
01-09 11:31:09.865  1086  1254 I ASH     : @ 967140.667: tcs3701: stop power rail pending_off timer
01-09 11:31:09.865  1086  1254 D ASH     : @ 967140.667: tcs3701: start power rail timer, state:3
01-09 11:31:09.905  1086  1254 I ASH     : @ 967140.707: tcs3701: stop power rail pending_off timer
01-09 11:31:09.905  1086  1254 D ASH     : @ 967140.707: tcs3701: start power rail timer, state:3
01-09 11:31:09.945  1086  1254 I ASH     : @ 967140.747: tcs3701: stop power rail pending_off timer
01-09 11:31:09.945  1086  1254 D ASH     : @ 967140.747: tcs3701: start power rail timer, state:3
01-09 11:31:09.985  1086  1254 I ASH     : @ 967140.787: tcs3701: stop power rail pending_off timer
01-09 11:31:09.985  1086  1254 D ASH     : @ 967140.787: tcs3701: start power rail timer, state:3
01-09 11:31:10.025  1086  1254 I ASH     : @ 967140.827: tcs3701: stop power rail pending_off timer
01-09 11:31:10.025  1086  1254 D ASH     : @ 967140.827: tcs3701: start power rail timer, state:3
01-09 11:31:10.065  1086  1254 I ASH     : @ 967140.867: tcs3701: stop power rail pending_off timer
01-09 11:31:10.065  1086  1254 D ASH     : @ 967140.867: tcs3701: start power rail timer, state:3
01-09 11:31:10.104  1086  1254 I ASH     : @ 967140.907: tcs3701: stop power rail pending_off timer
01-09 11:31:10.105  1086  1254 D ASH     : @ 967140.907: tcs3701: start power rail timer, state:3
01-09 11:31:10.145  1086  1254 I ASH     : @ 967140.947: tcs3701: stop power rail pending_off timer
01-09 11:31:10.145  1086  1254 D ASH     : @ 967140.947: tcs3701: start power rail timer, state:3
01-09 11:31:10.185  1086  1254 I ASH     : @ 967140.987: tcs3701: stop power rail pending_off timer
01-09 11:31:10.185  1086  1254 D ASH     : @ 967140.987: tcs3701: start power rail timer, state:3
01-09 11:31:10.225  1086  1254 I ASH     : @ 967141.027: tcs3701: stop power rail pending_off timer
01-09 11:31:10.225  1086  1254 D ASH     : @ 967141.027: tcs3701: start power rail timer, state:3
01-09 11:31:10.265  1086  1254 I ASH     : @ 967141.067: tcs3701: stop power rail pending_off timer
01-09 11:31:10.265  1086  1254 D ASH     : @ 967141.067: tcs3701: start power rail timer, state:3
01-09 11:31:10.305  1086  1254 I ASH     : @ 967141.107: tcs3701: stop power rail pending_off timer
01-09 11:31:10.305  1086  1254 D ASH     : @ 967141.107: tcs3701: start power rail timer, state:3
01-09 11:31:10.345  1086  1254 I ASH     : @ 967141.147: tcs3701: stop power rail pending_off timer
01-09 11:31:10.345  1086  1254 D ASH     : @ 967141.147: tcs3701: start power rail timer, state:3
01-09 11:31:10.385  1086  1254 I ASH     : @ 967141.187: tcs3701: stop power rail pending_off timer
01-09 11:31:10.385  1086  1254 D ASH     : @ 967141.187: tcs3701: start power rail timer, state:3
01-09 11:31:10.425  1086  1254 I ASH     : @ 967141.227: tcs3701: stop power rail pending_off timer
01-09 11:31:10.425  1086  1254 D ASH     : @ 967141.227: tcs3701: start power rail timer, state:3
01-09 11:31:10.465  1086  1254 I ASH     : @ 967141.267: tcs3701: stop power rail pending_off timer
01-09 11:31:10.465  1086  1254 D ASH     : @ 967141.267: tcs3701: start power rail timer, state:3
01-09 11:31:10.505  1086  1254 I ASH     : @ 967141.307: tcs3701: stop power rail pending_off timer
01-09 11:31:10.505  1086  1254 D ASH     : @ 967141.307: tcs3701: start power rail timer, state:3
01-09 11:31:10.545  1086  1254 I ASH     : @ 967141.347: tcs3701: stop power rail pending_off timer
01-09 11:31:10.545  1086  1254 D ASH     : @ 967141.347: tcs3701: start power rail timer, state:3
01-09 11:31:10.584  1086  1254 I ASH     : @ 967141.387: tcs3701: stop power rail pending_off timer
01-09 11:31:10.585  1086  1254 D ASH     : @ 967141.387: tcs3701: start power rail timer, state:3
01-09 11:31:10.625  1086  1254 I ASH     : @ 967141.427: tcs3701: stop power rail pending_off timer
01-09 11:31:10.625  1086  1254 D ASH     : @ 967141.427: tcs3701: start power rail timer, state:3
01-09 11:31:10.665  1086  1254 I ASH     : @ 967141.467: tcs3701: stop power rail pending_off timer
01-09 11:31:10.665  1086  1254 D ASH     : @ 967141.467: tcs3701: start power rail timer, state:3
01-09 11:31:10.704  1086  1254 I ASH     : @ 967141.507: tcs3701: stop power rail pending_off timer
01-09 11:31:10.705  1086  1254 D ASH     : @ 967141.507: tcs3701: start power rail timer, state:3
01-09 11:31:10.745  1086  1254 I ASH     : @ 967141.547: tcs3701: stop power rail pending_off timer
01-09 11:31:10.745  1086  1254 D ASH     : @ 967141.547: tcs3701: start power rail timer, state:3
01-09 11:31:10.785  1086  1254 I ASH     : @ 967141.587: tcs3701: stop power rail pending_off timer
01-09 11:31:10.785  1086  1254 D ASH     : @ 967141.587: tcs3701: start power rail timer, state:3
01-09 11:31:10.825  1086  1254 I ASH     : @ 967141.627: tcs3701: stop power rail pending_off timer
01-09 11:31:10.825  1086  1254 D ASH     : @ 967141.627: tcs3701: start power rail timer, state:3
01-09 11:31:10.865  1086  1254 I ASH     : @ 967141.667: tcs3701: stop power rail pending_off timer
01-09 11:31:10.865  1086  1254 D ASH     : @ 967141.667: tcs3701: start power rail timer, state:3
01-09 11:31:10.905  1086  1254 I ASH     : @ 967141.707: tcs3701: stop power rail pending_off timer
01-09 11:31:10.905  1086  1254 D ASH     : @ 967141.707: tcs3701: start power rail timer, state:3
01-09 11:31:10.944  1086  1254 I ASH     : @ 967141.747: tcs3701: stop power rail pending_off timer
01-09 11:31:10.945  1086  1254 D ASH     : @ 967141.747: tcs3701: start power rail timer, state:3
01-09 11:31:10.985  1086  1254 I ASH     : @ 967141.787: tcs3701: stop power rail pending_off timer
01-09 11:31:10.985  1086  1254 D ASH     : @ 967141.787: tcs3701: start power rail timer, state:3
01-09 11:31:11.025  1086  1254 I ASH     : @ 967141.827: tcs3701: stop power rail pending_off timer
01-09 11:31:11.025  1086  1254 D ASH     : @ 967141.827: tcs3701: start power rail timer, state:3
01-09 11:31:11.065  1086  1254 I ASH     : @ 967141.867: tcs3701: stop power rail pending_off timer
01-09 11:31:11.065  1086  1254 D ASH     : @ 967141.867: tcs3701: start power rail timer, state:3
01-09 11:31:11.105  1086  1254 I ASH     : @ 967141.907: tcs3701: stop power rail pending_off timer
01-09 11:31:11.105  1086  1254 D ASH     : @ 967141.907: tcs3701: start power rail timer, state:3
01-09 11:31:11.145  1086  1254 I ASH     : @ 967141.947: tcs3701: stop power rail pending_off timer
01-09 11:31:11.145  1086  1254 D ASH     : @ 967141.947: tcs3701: start power rail timer, state:3
01-09 11:31:11.184  1086  1254 I ASH     : @ 967141.987: tcs3701: stop power rail pending_off timer
01-09 11:31:11.185  1086  1254 D ASH     : @ 967141.987: tcs3701: start power rail timer, state:3
01-09 11:31:11.225  1086  1254 I ASH     : @ 967142.027: tcs3701: stop power rail pending_off timer
01-09 11:31:11.225  1086  1254 D ASH     : @ 967142.027: tcs3701: start power rail timer, state:3
01-09 11:31:11.265  1086  1254 I ASH     : @ 967142.067: tcs3701: stop power rail pending_off timer
01-09 11:31:11.265  1086  1254 D ASH     : @ 967142.067: tcs3701: start power rail timer, state:3
01-09 11:31:11.304  1086  1254 I ASH     : @ 967142.107: tcs3701: stop power rail pending_off timer
01-09 11:31:11.305  1086  1254 D ASH     : @ 967142.107: tcs3701: start power rail timer, state:3
01-09 11:31:11.345  1086  1254 I ASH     : @ 967142.147: tcs3701: stop power rail pending_off timer
01-09 11:31:11.345  1086  1254 D ASH     : @ 967142.147: tcs3701: start power rail timer, state:3
01-09 11:31:11.384  1086  1254 I ASH     : @ 967142.187: tcs3701: stop power rail pending_off timer
01-09 11:31:11.385  1086  1254 D ASH     : @ 967142.187: tcs3701: start power rail timer, state:3
01-09 11:31:11.425  1086  1254 I ASH     : @ 967142.227: tcs3701: stop power rail pending_off timer
01-09 11:31:11.425  1086  1254 D ASH     : @ 967142.227: tcs3701: start power rail timer, state:3
01-09 11:31:11.465  1086  1254 I ASH     : @ 967142.267: tcs3701: stop power rail pending_off timer
01-09 11:31:11.465  1086  1254 D ASH     : @ 967142.267: tcs3701: start power rail timer, state:3
01-09 11:31:11.504  1086  1254 I ASH     : @ 967142.307: tcs3701: stop power rail pending_off timer
01-09 11:31:11.505  1086  1254 D ASH     : @ 967142.307: tcs3701: start power rail timer, state:3
01-09 11:31:11.545  1086  1254 I ASH     : @ 967142.347: tcs3701: stop power rail pending_off timer
01-09 11:31:11.545  1086  1254 D ASH     : @ 967142.347: tcs3701: start power rail timer, state:3
01-09 11:31:11.585  1086  1254 I ASH     : @ 967142.387: tcs3701: stop power rail pending_off timer
01-09 11:31:11.585  1086  1254 D ASH     : @ 967142.387: tcs3701: start power rail timer, state:3
01-09 11:31:11.625  1086  1254 I ASH     : @ 967142.427: tcs3701: stop power rail pending_off timer
01-09 11:31:11.625  1086  1254 D ASH     : @ 967142.427: tcs3701: start power rail timer, state:3
01-09 11:31:11.664  1086  1254 I ASH     : @ 967142.467: tcs3701: stop power rail pending_off timer
01-09 11:31:11.665  1086  1254 D ASH     : @ 967142.467: tcs3701: start power rail timer, state:3
01-09 11:31:11.704  1086  1254 I ASH     : @ 967142.507: tcs3701: stop power rail pending_off timer
01-09 11:31:11.705  1086  1254 D ASH     : @ 967142.507: tcs3701: start power rail timer, state:3
01-09 11:31:11.745  1086  1254 I ASH     : @ 967142.547: tcs3701: stop power rail pending_off timer
01-09 11:31:11.745  1086  1254 D ASH     : @ 967142.547: tcs3701: start power rail timer, state:3
01-09 11:31:11.784  1086  1254 I ASH     : @ 967142.587: tcs3701: stop power rail pending_off timer
01-09 11:31:11.785  1086  1254 D ASH     : @ 967142.587: tcs3701: start power rail timer, state:3
01-09 11:31:11.825  1086  1254 I ASH     : @ 967142.627: tcs3701: stop power rail pending_off timer
01-09 11:31:11.825  1086  1254 D ASH     : @ 967142.627: tcs3701: start power rail timer, state:3
01-09 11:31:11.865  1086  1254 I ASH     : @ 967142.667: tcs3701: stop power rail pending_off timer
01-09 11:31:11.865  1086  1254 D ASH     : @ 967142.667: tcs3701: start power rail timer, state:3
01-09 11:31:11.904  1086  1254 I ASH     : @ 967142.707: tcs3701: stop power rail pending_off timer
01-09 11:31:11.905  1086  1254 D ASH     : @ 967142.707: tcs3701: start power rail timer, state:3
01-09 11:31:11.920 25993 26012 I Unity   : [showcase] frame cost — layout: the variant shelf at 2340x1080 over 240 frames — tick 0.01 ms, draw mean 0.17 p50 0.17 p95 0.22 max 0.25 ms (5391.4 fps if unpaced)
01-09 11:31:11.920 25993 26012 I Unity   : UnityEngine.DebugLogHandler:Internal_Log(LogType, LogOption, String, Object)
01-09 11:31:11.920 25993 26012 I Unity   : Driftsys.Dashscene.Samples.DashsceneShowcase:Update()
01-09 11:31:11.920 25993 26012 I Unity   : 
01-09 11:31:11.945  1086  1254 I ASH     : @ 967142.747: tcs3701: stop power rail pending_off timer
01-09 11:31:11.945  1086  1254 D ASH     : @ 967142.747: tcs3701: start power rail timer, state:3
01-09 11:31:11.984  1086  1254 I ASH     : @ 967142.787: tcs3701: stop power rail pending_off timer
01-09 11:31:11.985  1086  1254 D ASH     : @ 967142.787: tcs3701: start power rail timer, state:3
01-09 11:31:12.025  1086  1254 I ASH     : @ 967142.827: tcs3701: stop power rail pending_off timer
01-09 11:31:12.025  1086  1254 D ASH     : @ 967142.827: tcs3701: start power rail timer, state:3
01-09 11:31:12.064  1086  1254 I ASH     : @ 967142.867: tcs3701: stop power rail pending_off timer
01-09 11:31:12.065  1086  1254 D ASH     : @ 967142.867: tcs3701: start power rail timer, state:3
01-09 11:31:12.104  1086  1254 I ASH     : @ 967142.907: tcs3701: stop power rail pending_off timer
01-09 11:31:12.105  1086  1254 D ASH     : @ 967142.907: tcs3701: start power rail timer, state:3
01-09 11:31:12.145  1086  1254 I ASH     : @ 967142.947: tcs3701: stop power rail pending_off timer
01-09 11:31:12.145  1086  1254 D ASH     : @ 967142.947: tcs3701: start power rail timer, state:3
01-09 11:31:12.185  1086  1254 I ASH     : @ 967142.987: tcs3701: stop power rail pending_off timer
01-09 11:31:12.185  1086  1254 D ASH     : @ 967142.987: tcs3701: start power rail timer, state:3
01-09 11:31:12.225  1086  1254 I ASH     : @ 967143.027: tcs3701: stop power rail pending_off timer
01-09 11:31:12.225  1086  1254 D ASH     : @ 967143.027: tcs3701: start power rail timer, state:3
01-09 11:31:12.265  1086  1254 I ASH     : @ 967143.067: tcs3701: stop power rail pending_off timer
01-09 11:31:12.265  1086  1254 D ASH     : @ 967143.067: tcs3701: start power rail timer, state:3
01-09 11:31:12.305  1086  1254 I ASH     : @ 967143.107: tcs3701: stop power rail pending_off timer
01-09 11:31:12.305  1086  1254 D ASH     : @ 967143.107: tcs3701: start power rail timer, state:3
01-09 11:31:12.344  1086  1254 I ASH     : @ 967143.147: tcs3701: stop power rail pending_off timer
01-09 11:31:12.345  1086  1254 D ASH     : @ 967143.147: tcs3701: start power rail timer, state:3
01-09 11:31:12.385  1086  1254 I ASH     : @ 967143.187: tcs3701: stop power rail pending_off timer
01-09 11:31:12.385  1086  1254 D ASH     : @ 967143.187: tcs3701: start power rail timer, state:3
01-09 11:31:12.424  1086  1254 I ASH     : @ 967143.227: tcs3701: stop power rail pending_off timer
01-09 11:31:12.425  1086  1254 D ASH     : @ 967143.227: tcs3701: start power rail timer, state:3
01-09 11:31:12.464  1086  1254 I ASH     : @ 967143.267: tcs3701: stop power rail pending_off timer
01-09 11:31:12.465  1086  1254 D ASH     : @ 967143.267: tcs3701: start power rail timer, state:3
01-09 11:31:12.504  1086  1254 I ASH     : @ 967143.307: tcs3701: stop power rail pending_off timer
01-09 11:31:12.505  1086  1254 D ASH     : @ 967143.307: tcs3701: start power rail timer, state:3
01-09 11:31:12.545  1086  1254 I ASH     : @ 967143.347: tcs3701: stop power rail pending_off timer
01-09 11:31:12.545  1086  1254 D ASH     : @ 967143.347: tcs3701: start power rail timer, state:3
01-09 11:31:12.584  1086  1254 I ASH     : @ 967143.387: tcs3701: stop power rail pending_off timer
01-09 11:31:12.585  1086  1254 D ASH     : @ 967143.387: tcs3701: start power rail timer, state:3
01-09 11:31:12.625  1086  1254 I ASH     : @ 967143.427: tcs3701: stop power rail pending_off timer
01-09 11:31:12.625  1086  1254 D ASH     : @ 967143.427: tcs3701: start power rail timer, state:3
01-09 11:31:12.665  1086  1254 I ASH     : @ 967143.467: tcs3701: stop power rail pending_off timer
01-09 11:31:12.665  1086  1254 D ASH     : @ 967143.467: tcs3701: start power rail timer, state:3
01-09 11:31:12.705  1086  1254 I ASH     : @ 967143.507: tcs3701: stop power rail pending_off timer
01-09 11:31:12.705  1086  1254 D ASH     : @ 967143.507: tcs3701: start power rail timer, state:3
01-09 11:31:12.745  1086  1254 I ASH     : @ 967143.547: tcs3701: stop power rail pending_off timer
01-09 11:31:12.745  1086  1254 D ASH     : @ 967143.547: tcs3701: start power rail timer, state:3
01-09 11:31:12.784  1086  1254 I ASH     : @ 967143.587: tcs3701: stop power rail pending_off timer
01-09 11:31:12.785  1086  1254 D ASH     : @ 967143.587: tcs3701: start power rail timer, state:3
01-09 11:31:12.824  1086  1254 I ASH     : @ 967143.627: tcs3701: stop power rail pending_off timer
01-09 11:31:12.825  1086  1254 D ASH     : @ 967143.627: tcs3701: start power rail timer, state:3
01-09 11:31:12.865  1086  1254 I ASH     : @ 967143.667: tcs3701: stop power rail pending_off timer
01-09 11:31:12.865  1086  1254 D ASH     : @ 967143.667: tcs3701: start power rail timer, state:3
01-09 11:31:12.905  1086  1254 I ASH     : @ 967143.707: tcs3701: stop power rail pending_off timer
01-09 11:31:12.905  1086  1254 D ASH     : @ 967143.707: tcs3701: start power rail timer, state:3
01-09 11:31:12.945  1086  1254 I ASH     : @ 967143.747: tcs3701: stop power rail pending_off timer
01-09 11:31:12.945  1086  1254 D ASH     : @ 967143.747: tcs3701: start power rail timer, state:3
01-09 11:31:12.985  1086  1254 I ASH     : @ 967143.787: tcs3701: stop power rail pending_off timer
01-09 11:31:12.985  1086  1254 D ASH     : @ 967143.787: tcs3701: start power rail timer, state:3
01-09 11:31:13.025  1086  1254 I ASH     : @ 967143.827: tcs3701: stop power rail pending_off timer
01-09 11:31:13.025  1086  1254 D ASH     : @ 967143.827: tcs3701: start power rail timer, state:3
01-09 11:31:13.065  1086  1254 I ASH     : @ 967143.867: tcs3701: stop power rail pending_off timer
01-09 11:31:13.065  1086  1254 D ASH     : @ 967143.867: tcs3701: start power rail timer, state:3
01-09 11:31:13.105  1086  1254 I ASH     : @ 967143.907: tcs3701: stop power rail pending_off timer
01-09 11:31:13.105  1086  1254 D ASH     : @ 967143.907: tcs3701: start power rail timer, state:3
01-09 11:31:13.145  1086  1254 I ASH     : @ 967143.947: tcs3701: stop power rail pending_off timer
01-09 11:31:13.145  1086  1254 D ASH     : @ 967143.947: tcs3701: start power rail timer, state:3
01-09 11:31:13.184  1086  1254 I ASH     : @ 967143.987: tcs3701: stop power rail pending_off timer
01-09 11:31:13.185  1086  1254 D ASH     : @ 967143.987: tcs3701: start power rail timer, state:3
01-09 11:31:13.225  1086  1254 I ASH     : @ 967144.027: tcs3701: stop power rail pending_off timer
01-09 11:31:13.225  1086  1254 D ASH     : @ 967144.027: tcs3701: start power rail timer, state:3
01-09 11:31:13.265  1086  1254 I ASH     : @ 967144.067: tcs3701: stop power rail pending_off timer
01-09 11:31:13.265  1086  1254 D ASH     : @ 967144.067: tcs3701: start power rail timer, state:3
01-09 11:31:13.304  1086  1254 I ASH     : @ 967144.107: tcs3701: stop power rail pending_off timer
01-09 11:31:13.305  1086  1254 D ASH     : @ 967144.107: tcs3701: start power rail timer, state:3
01-09 11:31:13.345  1086  1254 I ASH     : @ 967144.147: tcs3701: stop power rail pending_off timer
01-09 11:31:13.345  1086  1254 D ASH     : @ 967144.147: tcs3701: start power rail timer, state:3
01-09 11:31:13.385  1086  1254 I ASH     : @ 967144.187: tcs3701: stop power rail pending_off timer
01-09 11:31:13.385  1086  1254 D ASH     : @ 967144.187: tcs3701: start power rail timer, state:3
01-09 11:31:13.425  1086  1254 I ASH     : @ 967144.227: tcs3701: stop power rail pending_off timer
01-09 11:31:13.425  1086  1254 D ASH     : @ 967144.227: tcs3701: start power rail timer, state:3
01-09 11:31:13.465  1086  1254 I ASH     : @ 967144.267: tcs3701: stop power rail pending_off timer
01-09 11:31:13.465  1086  1254 D ASH     : @ 967144.267: tcs3701: start power rail timer, state:3
01-09 11:31:13.505  1086  1254 I ASH     : @ 967144.307: tcs3701: stop power rail pending_off timer
01-09 11:31:13.505  1086  1254 D ASH     : @ 967144.307: tcs3701: start power rail timer, state:3
01-09 11:31:13.544  1086  1254 I ASH     : @ 967144.347: tcs3701: stop power rail pending_off timer
01-09 11:31:13.545  1086  1254 D ASH     : @ 967144.347: tcs3701: start power rail timer, state:3
01-09 11:31:13.585  1086  1254 I ASH     : @ 967144.387: tcs3701: stop power rail pending_off timer
01-09 11:31:13.585  1086  1254 D ASH     : @ 967144.387: tcs3701: start power rail timer, state:3
01-09 11:31:13.625  1086  1254 I ASH     : @ 967144.427: tcs3701: stop power rail pending_off timer
01-09 11:31:13.625  1086  1254 D ASH     : @ 967144.427: tcs3701: start power rail timer, state:3
01-09 11:31:13.665  1086  1254 I ASH     : @ 967144.467: tcs3701: stop power rail pending_off timer
01-09 11:31:13.665  1086  1254 D ASH     : @ 967144.467: tcs3701: start power rail timer, state:3
01-09 11:31:13.704  1086  1254 I ASH     : @ 967144.507: tcs3701: stop power rail pending_off timer
01-09 11:31:13.705  1086  1254 D ASH     : @ 967144.507: tcs3701: start power rail timer, state:3
01-09 11:31:13.745  1086  1254 I ASH     : @ 967144.547: tcs3701: stop power rail pending_off timer
01-09 11:31:13.745  1086  1254 D ASH     : @ 967144.547: tcs3701: start power rail timer, state:3
01-09 11:31:13.785  1086  1254 I ASH     : @ 967144.587: tcs3701: stop power rail pending_off timer
01-09 11:31:13.785  1086  1254 D ASH     : @ 967144.587: tcs3701: start power rail timer, state:3
01-09 11:31:13.825  1086  1254 I ASH     : @ 967144.627: tcs3701: stop power rail pending_off timer
01-09 11:31:13.825  1086  1254 D ASH     : @ 967144.627: tcs3701: start power rail timer, state:3
01-09 11:31:13.865  1086  1254 I ASH     : @ 967144.667: tcs3701: stop power rail pending_off timer
01-09 11:31:13.865  1086  1254 D ASH     : @ 967144.667: tcs3701: start power rail timer, state:3
01-09 11:31:13.904  1086  1254 I ASH     : @ 967144.707: tcs3701: stop power rail pending_off timer
01-09 11:31:13.905  1086  1254 D ASH     : @ 967144.707: tcs3701: start power rail timer, state:3
01-09 11:31:13.945  1086  1254 I ASH     : @ 967144.747: tcs3701: stop power rail pending_off timer
01-09 11:31:13.945  1086  1254 D ASH     : @ 967144.747: tcs3701: start power rail timer, state:3
01-09 11:31:13.985  1086  1254 I ASH     : @ 967144.787: tcs3701: stop power rail pending_off timer
01-09 11:31:13.985  1086  1254 D ASH     : @ 967144.787: tcs3701: start power rail timer, state:3
01-09 11:31:14.025  1086  1254 I ASH     : @ 967144.827: tcs3701: stop power rail pending_off timer
01-09 11:31:14.025  1086  1254 D ASH     : @ 967144.827: tcs3701: start power rail timer, state:3
01-09 11:31:14.065  1086  1254 I ASH     : @ 967144.867: tcs3701: stop power rail pending_off timer
01-09 11:31:14.065  1086  1254 D ASH     : @ 967144.867: tcs3701: start power rail timer, state:3
01-09 11:31:14.105  1086  1254 I ASH     : @ 967144.907: tcs3701: stop power rail pending_off timer
01-09 11:31:14.105  1086  1254 D ASH     : @ 967144.907: tcs3701: start power rail timer, state:3
01-09 11:31:14.144  1086  1254 I ASH     : @ 967144.947: tcs3701: stop power rail pending_off timer
01-09 11:31:14.145  1086  1254 D ASH     : @ 967144.947: tcs3701: start power rail timer, state:3
01-09 11:31:14.185  1086  1254 I ASH     : @ 967144.987: tcs3701: stop power rail pending_off timer
01-09 11:31:14.185  1086  1254 D ASH     : @ 967144.987: tcs3701: start power rail timer, state:3
01-09 11:31:14.225  1086  1254 I ASH     : @ 967145.027: tcs3701: stop power rail pending_off timer
01-09 11:31:14.225  1086  1254 D ASH     : @ 967145.027: tcs3701: start power rail timer, state:3
01-09 11:31:14.265  1086  1254 I ASH     : @ 967145.067: tcs3701: stop power rail pending_off timer
01-09 11:31:14.265  1086  1254 D ASH     : @ 967145.067: tcs3701: start power rail timer, state:3
01-09 11:31:14.304  1086  1254 I ASH     : @ 967145.107: tcs3701: stop power rail pending_off timer
01-09 11:31:14.305  1086  1254 D ASH     : @ 967145.107: tcs3701: start power rail timer, state:3
01-09 11:31:14.344  1086  1254 I ASH     : @ 967145.147: tcs3701: stop power rail pending_off timer
01-09 11:31:14.345  1086  1254 D ASH     : @ 967145.147: tcs3701: start power rail timer, state:3
01-09 11:31:14.385  1086  1254 I ASH     : @ 967145.187: tcs3701: stop power rail pending_off timer
01-09 11:31:14.385  1086  1254 D ASH     : @ 967145.187: tcs3701: start power rail timer, state:3
01-09 11:31:14.425  1086  1254 I ASH     : @ 967145.227: tcs3701: stop power rail pending_off timer
01-09 11:31:14.425  1086  1254 D ASH     : @ 967145.227: tcs3701: start power rail timer, state:3
01-09 11:31:14.465  1086  1254 I ASH     : @ 967145.267: tcs3701: stop power rail pending_off timer
01-09 11:31:14.465  1086  1254 D ASH     : @ 967145.267: tcs3701: start power rail timer, state:3
01-09 11:31:14.504  1086  1254 I ASH     : @ 967145.307: tcs3701: stop power rail pending_off timer
01-09 11:31:14.505  1086  1254 D ASH     : @ 967145.307: tcs3701: start power rail timer, state:3
01-09 11:31:14.544  1086  1254 I ASH     : @ 967145.347: tcs3701: stop power rail pending_off timer
01-09 11:31:14.545  1086  1254 D ASH     : @ 967145.347: tcs3701: start power rail timer, state:3
01-09 11:31:14.585  1086  1254 I ASH     : @ 967145.387: tcs3701: stop power rail pending_off timer
01-09 11:31:14.585  1086  1254 D ASH     : @ 967145.387: tcs3701: start power rail timer, state:3
01-09 11:31:14.625  1086  1254 I ASH     : @ 967145.427: tcs3701: stop power rail pending_off timer
01-09 11:31:14.625  1086  1254 D ASH     : @ 967145.427: tcs3701: start power rail timer, state:3
01-09 11:31:14.664  1086  1254 I ASH     : @ 967145.467: tcs3701: stop power rail pending_off timer
01-09 11:31:14.665  1086  1254 D ASH     : @ 967145.467: tcs3701: start power rail timer, state:3
01-09 11:31:14.704  1086  1254 I ASH     : @ 967145.507: tcs3701: stop power rail pending_off timer
01-09 11:31:14.705  1086  1254 D ASH     : @ 967145.507: tcs3701: start power rail timer, state:3
01-09 11:31:14.744  1086  1254 I ASH     : @ 967145.547: tcs3701: stop power rail pending_off timer
01-09 11:31:14.745  1086  1254 D ASH     : @ 967145.547: tcs3701: start power rail timer, state:3
01-09 11:31:14.785  1086  1254 I ASH     : @ 967145.587: tcs3701: stop power rail pending_off timer
01-09 11:31:14.785  1086  1254 D ASH     : @ 967145.587: tcs3701: start power rail timer, state:3
01-09 11:31:14.825  1086  1254 I ASH     : @ 967145.627: tcs3701: stop power rail pending_off timer
01-09 11:31:14.825  1086  1254 D ASH     : @ 967145.627: tcs3701: start power rail timer, state:3
01-09 11:31:14.865  1086  1254 I ASH     : @ 967145.667: tcs3701: stop power rail pending_off timer
01-09 11:31:14.865  1086  1254 D ASH     : @ 967145.667: tcs3701: start power rail timer, state:3
01-09 11:31:14.904  1086  1254 I ASH     : @ 967145.707: tcs3701: stop power rail pending_off timer
01-09 11:31:14.905  1086  1254 D ASH     : @ 967145.707: tcs3701: start power rail timer, state:3
01-09 11:31:14.945  1086  1254 I ASH     : @ 967145.747: tcs3701: stop power rail pending_off timer
01-09 11:31:14.945  1086  1254 D ASH     : @ 967145.747: tcs3701: start power rail timer, state:3
01-09 11:31:14.985  1086  1254 I ASH     : @ 967145.787: tcs3701: stop power rail pending_off timer
01-09 11:31:14.985  1086  1254 D ASH     : @ 967145.787: tcs3701: start power rail timer, state:3
01-09 11:31:15.025  1086  1254 I ASH     : @ 967145.827: tcs3701: stop power rail pending_off timer
01-09 11:31:15.025  1086  1254 D ASH     : @ 967145.827: tcs3701: start power rail timer, state:3
01-09 11:31:15.065  1086  1254 I ASH     : @ 967145.867: tcs3701: stop power rail pending_off timer
01-09 11:31:15.065  1086  1254 D ASH     : @ 967145.867: tcs3701: start power rail timer, state:3
01-09 11:31:15.104  1086  1254 I ASH     : @ 967145.907: tcs3701: stop power rail pending_off timer
01-09 11:31:15.105  1086  1254 D ASH     : @ 967145.907: tcs3701: start power rail timer, state:3
01-09 11:31:15.145  1086  1254 I ASH     : @ 967145.947: tcs3701: stop power rail pending_off timer
01-09 11:31:15.145  1086  1254 D ASH     : @ 967145.947: tcs3701: start power rail timer, state:3
01-09 11:31:15.184  1086  1254 I ASH     : @ 967145.987: tcs3701: stop power rail pending_off timer
01-09 11:31:15.185  1086  1254 D ASH     : @ 967145.987: tcs3701: start power rail timer, state:3
01-09 11:31:15.225  1086  1254 I ASH     : @ 967146.027: tcs3701: stop power rail pending_off timer
01-09 11:31:15.225  1086  1254 D ASH     : @ 967146.027: tcs3701: start power rail timer, state:3
01-09 11:31:15.265  1086  1254 I ASH     : @ 967146.067: tcs3701: stop power rail pending_off timer
01-09 11:31:15.265  1086  1254 D ASH     : @ 967146.067: tcs3701: start power rail timer, state:3
01-09 11:31:15.305  1086  1254 I ASH     : @ 967146.107: tcs3701: stop power rail pending_off timer
01-09 11:31:15.305  1086  1254 D ASH     : @ 967146.107: tcs3701: start power rail timer, state:3
01-09 11:31:15.345  1086  1254 I ASH     : @ 967146.147: tcs3701: stop power rail pending_off timer
01-09 11:31:15.345  1086  1254 D ASH     : @ 967146.147: tcs3701: start power rail timer, state:3
01-09 11:31:15.385  1086  1254 I ASH     : @ 967146.187: tcs3701: stop power rail pending_off timer
01-09 11:31:15.385  1086  1254 D ASH     : @ 967146.187: tcs3701: start power rail timer, state:3
01-09 11:31:15.425  1086  1254 I ASH     : @ 967146.227: tcs3701: stop power rail pending_off timer
01-09 11:31:15.425  1086  1254 D ASH     : @ 967146.227: tcs3701: start power rail timer, state:3
01-09 11:31:15.465  1086  1254 I ASH     : @ 967146.267: tcs3701: stop power rail pending_off timer
01-09 11:31:15.465  1086  1254 D ASH     : @ 967146.267: tcs3701: start power rail timer, state:3
01-09 11:31:15.505  1086  1254 I ASH     : @ 967146.307: tcs3701: stop power rail pending_off timer
01-09 11:31:15.505  1086  1254 D ASH     : @ 967146.307: tcs3701: start power rail timer, state:3
01-09 11:31:15.546  1086  1254 I ASH     : @ 967146.347: tcs3701: stop power rail pending_off timer
01-09 11:31:15.546  1086  1254 D ASH     : @ 967146.347: tcs3701: start power rail timer, state:3
01-09 11:31:15.585  1086  1254 I ASH     : @ 967146.387: tcs3701: stop power rail pending_off timer
01-09 11:31:15.585  1086  1254 D ASH     : @ 967146.387: tcs3701: start power rail timer, state:3
01-09 11:31:15.625  1086  1254 I ASH     : @ 967146.427: tcs3701: stop power rail pending_off timer
01-09 11:31:15.625  1086  1254 D ASH     : @ 967146.427: tcs3701: start power rail timer, state:3
01-09 11:31:15.665  1086  1254 I ASH     : @ 967146.467: tcs3701: stop power rail pending_off timer
01-09 11:31:15.665  1086  1254 D ASH     : @ 967146.467: tcs3701: start power rail timer, state:3
01-09 11:31:15.705  1086  1254 I ASH     : @ 967146.507: tcs3701: stop power rail pending_off timer
01-09 11:31:15.705  1086  1254 D ASH     : @ 967146.507: tcs3701: start power rail timer, state:3
01-09 11:31:15.745  1086  1254 I ASH     : @ 967146.547: tcs3701: stop power rail pending_off timer
01-09 11:31:15.745  1086  1254 D ASH     : @ 967146.547: tcs3701: start power rail timer, state:3
01-09 11:31:15.785  1086  1254 I ASH     : @ 967146.587: tcs3701: stop power rail pending_off timer
01-09 11:31:15.785  1086  1254 D ASH     : @ 967146.587: tcs3701: start power rail timer, state:3
01-09 11:31:15.825  1086  1254 I ASH     : @ 967146.627: tcs3701: stop power rail pending_off timer
01-09 11:31:15.825  1086  1254 D ASH     : @ 967146.627: tcs3701: start power rail timer, state:3
01-09 11:31:15.865  1086  1254 I ASH     : @ 967146.667: tcs3701: stop power rail pending_off timer
01-09 11:31:15.865  1086  1254 D ASH     : @ 967146.667: tcs3701: start power rail timer, state:3
01-09 11:31:15.905  1086  1254 I ASH     : @ 967146.707: tcs3701: stop power rail pending_off timer
01-09 11:31:15.905  1086  1254 D ASH     : @ 967146.707: tcs3701: start power rail timer, state:3
01-09 11:31:15.945  1086  1254 I ASH     : @ 967146.747: tcs3701: stop power rail pending_off timer
01-09 11:31:15.945  1086  1254 D ASH     : @ 967146.747: tcs3701: start power rail timer, state:3
01-09 11:31:15.984  1086  1254 I ASH     : @ 967146.787: tcs3701: stop power rail pending_off timer
01-09 11:31:15.985  1086  1254 D ASH     : @ 967146.787: tcs3701: start power rail timer, state:3
01-09 11:31:16.025  1086  1254 I ASH     : @ 967146.827: tcs3701: stop power rail pending_off timer
01-09 11:31:16.025  1086  1254 D ASH     : @ 967146.827: tcs3701: start power rail timer, state:3
01-09 11:31:16.064  1086  1254 I ASH     : @ 967146.867: tcs3701: stop power rail pending_off timer
01-09 11:31:16.065  1086  1254 D ASH     : @ 967146.867: tcs3701: start power rail timer, state:3
01-09 11:31:16.105  1086  1254 I ASH     : @ 967146.907: tcs3701: stop power rail pending_off timer
01-09 11:31:16.105  1086  1254 D ASH     : @ 967146.907: tcs3701: start power rail timer, state:3
01-09 11:31:16.145  1086  1254 I ASH     : @ 967146.947: tcs3701: stop power rail pending_off timer
01-09 11:31:16.145  1086  1254 D ASH     : @ 967146.947: tcs3701: start power rail timer, state:3
01-09 11:31:16.184  1086  1254 I ASH     : @ 967146.987: tcs3701: stop power rail pending_off timer
01-09 11:31:16.185  1086  1254 D ASH     : @ 967146.987: tcs3701: start power rail timer, state:3
01-09 11:31:16.225  1086  1254 I ASH     : @ 967147.027: tcs3701: stop power rail pending_off timer
01-09 11:31:16.225  1086  1254 D ASH     : @ 967147.027: tcs3701: start power rail timer, state:3
01-09 11:31:16.265  1086  1254 I ASH     : @ 967147.067: tcs3701: stop power rail pending_off timer
01-09 11:31:16.265  1086  1254 D ASH     : @ 967147.067: tcs3701: start power rail timer, state:3
01-09 11:31:16.305  1086  1254 I ASH     : @ 967147.107: tcs3701: stop power rail pending_off timer
01-09 11:31:16.305  1086  1254 D ASH     : @ 967147.107: tcs3701: start power rail timer, state:3
01-09 11:31:16.345  1086  1254 I ASH     : @ 967147.147: tcs3701: stop power rail pending_off timer
01-09 11:31:16.345  1086  1254 D ASH     : @ 967147.147: tcs3701: start power rail timer, state:3
01-09 11:31:16.385  1086  1254 I ASH     : @ 967147.187: tcs3701: stop power rail pending_off timer
01-09 11:31:16.385  1086  1254 D ASH     : @ 967147.187: tcs3701: start power rail timer, state:3
01-09 11:31:16.425  1086  1254 I ASH     : @ 967147.227: tcs3701: stop power rail pending_off timer
01-09 11:31:16.425  1086  1254 D ASH     : @ 967147.227: tcs3701: start power rail timer, state:3
01-09 11:31:16.465  1086  1254 I ASH     : @ 967147.267: tcs3701: stop power rail pending_off timer
01-09 11:31:16.465  1086  1254 D ASH     : @ 967147.267: tcs3701: start power rail timer, state:3
01-09 11:31:16.505  1086  1254 I ASH     : @ 967147.307: tcs3701: stop power rail pending_off timer
01-09 11:31:16.505  1086  1254 D ASH     : @ 967147.307: tcs3701: start power rail timer, state:3
01-09 11:31:16.545  1086  1254 I ASH     : @ 967147.347: tcs3701: stop power rail pending_off timer
01-09 11:31:16.545  1086  1254 D ASH     : @ 967147.347: tcs3701: start power rail timer, state:3
01-09 11:31:16.585  1086  1254 I ASH     : @ 967147.387: tcs3701: stop power rail pending_off timer
01-09 11:31:16.585  1086  1254 D ASH     : @ 967147.387: tcs3701: start power rail timer, state:3
01-09 11:31:16.625  1086  1254 I ASH     : @ 967147.427: tcs3701: stop power rail pending_off timer
01-09 11:31:16.625  1086  1254 D ASH     : @ 967147.427: tcs3701: start power rail timer, state:3
01-09 11:31:16.664  1086  1254 I ASH     : @ 967147.467: tcs3701: stop power rail pending_off timer
01-09 11:31:16.665  1086  1254 D ASH     : @ 967147.467: tcs3701: start power rail timer, state:3
01-09 11:31:16.705  1086  1254 I ASH     : @ 967147.507: tcs3701: stop power rail pending_off timer
01-09 11:31:16.705  1086  1254 D ASH     : @ 967147.507: tcs3701: start power rail timer, state:3
01-09 11:31:16.744  1086  1254 I ASH     : @ 967147.547: tcs3701: stop power rail pending_off timer
01-09 11:31:16.745  1086  1254 D ASH     : @ 967147.547: tcs3701: start power rail timer, state:3
01-09 11:31:16.785  1086  1254 I ASH     : @ 967147.587: tcs3701: stop power rail pending_off timer
01-09 11:31:16.785  1086  1254 D ASH     : @ 967147.587: tcs3701: start power rail timer, state:3
01-09 11:31:16.825  1086  1254 I ASH     : @ 967147.627: tcs3701: stop power rail pending_off timer
01-09 11:31:16.825  1086  1254 D ASH     : @ 967147.627: tcs3701: start power rail timer, state:3
01-09 11:31:16.865  1086  1254 I ASH     : @ 967147.667: tcs3701: stop power rail pending_off timer
01-09 11:31:16.866  1086  1254 D ASH     : @ 967147.667: tcs3701: start power rail timer, state:3
01-09 11:31:16.905  1086  1254 I ASH     : @ 967147.707: tcs3701: stop power rail pending_off timer
01-09 11:31:16.905  1086  1254 D ASH     : @ 967147.707: tcs3701: start power rail timer, state:3
01-09 11:31:16.945  1086  1254 I ASH     : @ 967147.747: tcs3701: stop power rail pending_off timer
01-09 11:31:16.945  1086  1254 D ASH     : @ 967147.747: tcs3701: start power rail timer, state:3
01-09 11:31:16.985  1086  1254 I ASH     : @ 967147.787: tcs3701: stop power rail pending_off timer
01-09 11:31:16.985  1086  1254 D ASH     : @ 967147.787: tcs3701: start power rail timer, state:3
01-09 11:31:17.025  1086  1254 I ASH     : @ 967147.827: tcs3701: stop power rail pending_off timer
01-09 11:31:17.025  1086  1254 D ASH     : @ 967147.827: tcs3701: start power rail timer, state:3
01-09 11:31:17.065  1086  1254 I ASH     : @ 967147.867: tcs3701: stop power rail pending_off timer
01-09 11:31:17.065  1086  1254 D ASH     : @ 967147.867: tcs3701: start power rail timer, state:3
01-09 11:31:17.105  1086  1254 I ASH     : @ 967147.907: tcs3701: stop power rail pending_off timer
01-09 11:31:17.105  1086  1254 D ASH     : @ 967147.907: tcs3701: start power rail timer, state:3
01-09 11:31:17.145  1086  1254 I ASH     : @ 967147.947: tcs3701: stop power rail pending_off timer
01-09 11:31:17.145  1086  1254 D ASH     : @ 967147.947: tcs3701: start power rail timer, state:3
01-09 11:31:17.185  1086  1254 I ASH     : @ 967147.987: tcs3701: stop power rail pending_off timer
01-09 11:31:17.185  1086  1254 D ASH     : @ 967147.987: tcs3701: start power rail timer, state:3
01-09 11:31:17.225  1086  1254 I ASH     : @ 967148.027: tcs3701: stop power rail pending_off timer
01-09 11:31:17.225  1086  1254 D ASH     : @ 967148.027: tcs3701: start power rail timer, state:3
01-09 11:31:17.264  1086  1254 I ASH     : @ 967148.067: tcs3701: stop power rail pending_off timer
01-09 11:31:17.265  1086  1254 D ASH     : @ 967148.067: tcs3701: start power rail timer, state:3
01-09 11:31:17.304  1086  1254 I ASH     : @ 967148.107: tcs3701: stop power rail pending_off timer
01-09 11:31:17.305  1086  1254 D ASH     : @ 967148.107: tcs3701: start power rail timer, state:3
01-09 11:31:17.345  1086  1254 I ASH     : @ 967148.147: tcs3701: stop power rail pending_off timer
01-09 11:31:17.345  1086  1254 D ASH     : @ 967148.147: tcs3701: start power rail timer, state:3
01-09 11:31:17.385  1086  1254 I ASH     : @ 967148.187: tcs3701: stop power rail pending_off timer
01-09 11:31:17.385  1086  1254 D ASH     : @ 967148.187: tcs3701: start power rail timer, state:3
01-09 11:31:17.424  1086  1254 I ASH     : @ 967148.227: tcs3701: stop power rail pending_off timer
01-09 11:31:17.425  1086  1254 D ASH     : @ 967148.227: tcs3701: start power rail timer, state:3
01-09 11:31:17.465  1086  1254 I ASH     : @ 967148.267: tcs3701: stop power rail pending_off timer
01-09 11:31:17.465  1086  1254 D ASH     : @ 967148.267: tcs3701: start power rail timer, state:3
01-09 11:31:17.505  1086  1254 I ASH     : @ 967148.307: tcs3701: stop power rail pending_off timer
01-09 11:31:17.505  1086  1254 D ASH     : @ 967148.307: tcs3701: start power rail timer, state:3
01-09 11:31:17.545  1086  1254 I ASH     : @ 967148.347: tcs3701: stop power rail pending_off timer
01-09 11:31:17.545  1086  1254 D ASH     : @ 967148.347: tcs3701: start power rail timer, state:3
01-09 11:31:17.585  1086  1254 I ASH     : @ 967148.387: tcs3701: stop power rail pending_off timer
01-09 11:31:17.585  1086  1254 D ASH     : @ 967148.387: tcs3701: start power rail timer, state:3
01-09 11:31:17.625  1086  1254 I ASH     : @ 967148.427: tcs3701: stop power rail pending_off timer
01-09 11:31:17.625  1086  1254 D ASH     : @ 967148.427: tcs3701: start power rail timer, state:3
01-09 11:31:17.664  1086  1254 I ASH     : @ 967148.467: tcs3701: stop power rail pending_off timer
01-09 11:31:17.665  1086  1254 D ASH     : @ 967148.467: tcs3701: start power rail timer, state:3
01-09 11:31:17.705  1086  1254 I ASH     : @ 967148.507: tcs3701: stop power rail pending_off timer
01-09 11:31:17.705  1086  1254 D ASH     : @ 967148.507: tcs3701: start power rail timer, state:3
01-09 11:31:17.745  1086  1254 I ASH     : @ 967148.547: tcs3701: stop power rail pending_off timer
01-09 11:31:17.745  1086  1254 D ASH     : @ 967148.547: tcs3701: start power rail timer, state:3
01-09 11:31:17.785  1086  1254 I ASH     : @ 967148.587: tcs3701: stop power rail pending_off timer
01-09 11:31:17.785  1086  1254 D ASH     : @ 967148.587: tcs3701: start power rail timer, state:3
01-09 11:31:17.825  1086  1254 I ASH     : @ 967148.627: tcs3701: stop power rail pending_off timer
01-09 11:31:17.825  1086  1254 D ASH     : @ 967148.627: tcs3701: start power rail timer, state:3
01-09 11:31:17.865  1086  1254 I ASH     : @ 967148.667: tcs3701: stop power rail pending_off timer
01-09 11:31:17.865  1086  1254 D ASH     : @ 967148.667: tcs3701: start power rail timer, state:3
01-09 11:31:17.905  1086  1254 I ASH     : @ 967148.707: tcs3701: stop power rail pending_off timer
01-09 11:31:17.905  1086  1254 D ASH     : @ 967148.707: tcs3701: start power rail timer, state:3
01-09 11:31:17.945  1086  1254 I ASH     : @ 967148.747: tcs3701: stop power rail pending_off timer
01-09 11:31:17.945  1086  1254 D ASH     : @ 967148.747: tcs3701: start power rail timer, state:3
01-09 11:31:17.985  1086  1254 I ASH     : @ 967148.787: tcs3701: stop power rail pending_off timer
01-09 11:31:17.985  1086  1254 D ASH     : @ 967148.787: tcs3701: start power rail timer, state:3
01-09 11:31:18.003 25993 26012 W Unity   : [dashscene] shadows: not drawn — this painter emits no shadow instance.
01-09 11:31:18.003 25993 26012 W Unity   : UnityEngine.DebugLogHandler:Internal_Log(LogType, LogOption, String, Object)
01-09 11:31:18.003 25993 26012 W Unity   : Driftsys.Dashscene.BrgPainter:Draw(FrameLease)
01-09 11:31:18.003 25993 26012 W Unity   : Driftsys.Dashscene.Samples.DashsceneShowcase:Update()
01-09 11:31:18.003 25993 26012 W Unity   : 
01-09 11:31:18.003 25993 26012 W Unity   : [dashscene] backdrop blurs: not drawn, and not fixable by adding a pass — a backdrop reads what the painter itself composited, and this painter's target also holds the engine's scene.
01-09 11:31:18.003 25993 26012 W Unity   : UnityEngine.DebugLogHandler:Internal_Log(LogType, LogOption, String, Object)
01-09 11:31:18.003 25993 26012 W Unity   : Driftsys.Dashscene.BrgPainter:Draw(FrameLease)
01-09 11:31:18.003 25993 26012 W Unity   : Driftsys.Dashscene.Samples.DashsceneShowcase:Update()
01-09 11:31:18.003 25993 26012 W Unity   : 
01-09 11:31:18.003 25993 26012 W Unity   : [dashscene] image fills: not drawn — no texture is uploaded from the payload.
01-09 11:31:18.003 25993 26012 W Unity   : UnityEngine.DebugLogHandler:Internal_Log(LogType, LogOption, String, Object)
01-09 11:31:18.003 25993 26012 W Unity   : Driftsys.Dashscene.BrgPainter:Draw(FrameLease)
01-09 11:31:18.003 25993 26012 W Unity   : Driftsys.Dashscene.Samples.DashsceneShowcase:Update()
01-09 11:31:18.003 25993 26012 W Unity   : 
01-09 11:31:18.004 25993 26012 W Unity   : [dashscene] baked vector nodes: not drawn — their outline is a coverage field rather than the parametric rounded box shaded here.
01-09 11:31:18.004 25993 26012 W Unity   : UnityEngine.DebugLogHandler:Internal_Log(LogType, LogOption, String, Object)
01-09 11:31:18.004 25993 26012 W Unity   : Driftsys.Dashscene.BrgPainter:Draw(FrameLease)
01-09 11:31:18.004 25993 26012 W Unity   : Driftsys.Dashscene.Samples.DashsceneShowcase:Update()
01-09 11:31:18.004 25993 26012 W Unity   : 
01-09 11:31:18.004 25993 26012 W Unity   : [dashscene] render-target groups: not composited — a translucent group's overlapping children are drawn twice.
01-09 11:31:18.004 25993 26012 W Unity   : UnityEngine.DebugLogHandler:Internal_Log(LogType, LogOption, String, Object)
01-09 11:31:18.004 25993 26012 W Unity   : Driftsys.Dashscene.BrgPainter:Draw(FrameLease)
01-09 11:31:18.004 25993 26012 W Unity   : Driftsys.Dashscene.Samples.DashsceneShowcase:Update()
01-09 11:31:18.004 25993 26012 W Unity   : 
01-09 11:31:18.004 25993 26012 W Unity   : [dashscene] 9 rect(s) affected, first at index 2. The document asked for these and this painter did not draw them.
01-09 11:31:18.004 25993 26012 W Unity   : UnityEngine.DebugLogHandler:Internal_Log(LogType, LogOption, String, Object)
01-09 11:31:18.004 25993 26012 W Unity   : Driftsys.Dashscene.BrgPainter:Draw(FrameLease)
01-09 11:31:18.004 25993 26012 W Unity   : Driftsys.Dashscene.Samples.DashsceneShowcase:Update()
01-09 11:31:18.004 25993 26012 W Unity   : 
01-09 11:31:18.005 25993 26012 I Unity   : [showcase] drew scene surfaces: 56 instance(s), rung ConstantBuffer, refused shadows: not drawn — this painter emits no shadow instance. backdrop blurs: not drawn, and not fixable by adding a pass — a backdrop reads what the painter itself composited, and this painter's target also holds the engine's scene. image fills: not drawn — no texture is uploaded from the payload. baked vector nodes: not drawn — their outline is a coverage field rather than the parametric rounded box shaded here. render-target groups: not composited — a translucent group's overlapping children are drawn twice. 9 rect(s) affected, first at index 2. The document asked for these and this painter did not draw them.
01-09 11:31:18.005 25993 26012 I Unity   : UnityEngine.DebugLogHandler:Internal_Log(LogType, LogOption, String, Object)
01-09 11:31:18.005 25993 26012 I Unity   : Driftsys.Dashscene.Samples.DashsceneShowcase:Update()
01-09 11:31:18.005 25993 26012 I Unity   : 
01-09 11:31:18.025  1086  1254 I ASH     : @ 967148.827: tcs3701: stop power rail pending_off timer
01-09 11:31:18.025  1086  1254 D ASH     : @ 967148.827: tcs3701: start power rail timer, state:3
01-09 11:31:18.065  1086  1254 I ASH     : @ 967148.867: tcs3701: stop power rail pending_off timer
01-09 11:31:18.065  1086  1254 D ASH     : @ 967148.867: tcs3701: start power rail timer, state:3
01-09 11:31:18.105  1086  1254 I ASH     : @ 967148.907: tcs3701: stop power rail pending_off timer
01-09 11:31:18.105  1086  1254 D ASH     : @ 967148.907: tcs3701: start power rail timer, state:3
01-09 11:31:18.145  1086  1254 I ASH     : @ 967148.947: tcs3701: stop power rail pending_off timer
01-09 11:31:18.145  1086  1254 D ASH     : @ 967148.947: tcs3701: start power rail timer, state:3
01-09 11:31:18.185  1086  1254 I ASH     : @ 967148.987: tcs3701: stop power rail pending_off timer
01-09 11:31:18.185  1086  1254 D ASH     : @ 967148.987: tcs3701: start power rail timer, state:3
01-09 11:31:18.224  1086  1254 I ASH     : @ 967149.027: tcs3701: stop power rail pending_off timer
01-09 11:31:18.224  1086  1254 D ASH     : @ 967149.027: tcs3701: start power rail timer, state:3
01-09 11:31:18.264  1086  1254 I ASH     : @ 967149.067: tcs3701: stop power rail pending_off timer
01-09 11:31:18.264  1086  1254 D ASH     : @ 967149.067: tcs3701: start power rail timer, state:3
01-09 11:31:18.305  1086  1254 I ASH     : @ 967149.107: tcs3701: stop power rail pending_off timer
01-09 11:31:18.305  1086  1254 D ASH     : @ 967149.107: tcs3701: start power rail timer, state:3
01-09 11:31:18.345  1086  1254 I ASH     : @ 967149.147: tcs3701: stop power rail pending_off timer
01-09 11:31:18.345  1086  1254 D ASH     : @ 967149.147: tcs3701: start power rail timer, state:3
01-09 11:31:18.384  1086  1254 I ASH     : @ 967149.187: tcs3701: stop power rail pending_off timer
01-09 11:31:18.384  1086  1254 D ASH     : @ 967149.187: tcs3701: start power rail timer, state:3
01-09 11:31:18.425  1086  1254 I ASH     : @ 967149.227: tcs3701: stop power rail pending_off timer
01-09 11:31:18.425  1086  1254 D ASH     : @ 967149.227: tcs3701: start power rail timer, state:3
01-09 11:31:18.464  1086  1254 I ASH     : @ 967149.267: tcs3701: stop power rail pending_off timer
01-09 11:31:18.465  1086  1254 D ASH     : @ 967149.267: tcs3701: start power rail timer, state:3
01-09 11:31:18.504  1086  1254 I ASH     : @ 967149.307: tcs3701: stop power rail pending_off timer
01-09 11:31:18.505  1086  1254 D ASH     : @ 967149.307: tcs3701: start power rail timer, state:3
01-09 11:31:18.545  1086  1254 I ASH     : @ 967149.347: tcs3701: stop power rail pending_off timer
01-09 11:31:18.545  1086  1254 D ASH     : @ 967149.347: tcs3701: start power rail timer, state:3
01-09 11:31:18.585  1086  1254 I ASH     : @ 967149.387: tcs3701: stop power rail pending_off timer
01-09 11:31:18.585  1086  1254 D ASH     : @ 967149.387: tcs3701: start power rail timer, state:3
01-09 11:31:18.624  1086  1254 I ASH     : @ 967149.427: tcs3701: stop power rail pending_off timer
01-09 11:31:18.625  1086  1254 D ASH     : @ 967149.427: tcs3701: start power rail timer, state:3
01-09 11:31:18.665  1086  1254 I ASH     : @ 967149.467: tcs3701: stop power rail pending_off timer
01-09 11:31:18.665  1086  1254 D ASH     : @ 967149.467: tcs3701: start power rail timer, state:3
01-09 11:31:18.705  1086  1254 I ASH     : @ 967149.507: tcs3701: stop power rail pending_off timer
01-09 11:31:18.705  1086  1254 D ASH     : @ 967149.507: tcs3701: start power rail timer, state:3
01-09 11:31:18.745  1086  1254 I ASH     : @ 967149.547: tcs3701: stop power rail pending_off timer
01-09 11:31:18.745  1086  1254 D ASH     : @ 967149.547: tcs3701: start power rail timer, state:3
01-09 11:31:18.784  1086  1254 I ASH     : @ 967149.587: tcs3701: stop power rail pending_off timer
01-09 11:31:18.785  1086  1254 D ASH     : @ 967149.587: tcs3701: start power rail timer, state:3
01-09 11:31:18.824  1086  1254 I ASH     : @ 967149.627: tcs3701: stop power rail pending_off timer
01-09 11:31:18.825  1086  1254 D ASH     : @ 967149.627: tcs3701: start power rail timer, state:3
01-09 11:31:18.864  1086  1254 I ASH     : @ 967149.667: tcs3701: stop power rail pending_off timer
01-09 11:31:18.865  1086  1254 D ASH     : @ 967149.667: tcs3701: start power rail timer, state:3
01-09 11:31:18.905  1086  1254 I ASH     : @ 967149.707: tcs3701: stop power rail pending_off timer
01-09 11:31:18.905  1086  1254 D ASH     : @ 967149.707: tcs3701: start power rail timer, state:3
01-09 11:31:18.944  1086  1254 I ASH     : @ 967149.747: tcs3701: stop power rail pending_off timer
01-09 11:31:18.944  1086  1254 D ASH     : @ 967149.747: tcs3701: start power rail timer, state:3
01-09 11:31:18.985  1086  1254 I ASH     : @ 967149.787: tcs3701: stop power rail pending_off timer
01-09 11:31:18.985  1086  1254 D ASH     : @ 967149.787: tcs3701: start power rail timer, state:3
01-09 11:31:19.024  1086  1254 I ASH     : @ 967149.827: tcs3701: stop power rail pending_off timer
01-09 11:31:19.024  1086  1254 D ASH     : @ 967149.827: tcs3701: start power rail timer, state:3
01-09 11:31:19.064  1086  1254 I ASH     : @ 967149.867: tcs3701: stop power rail pending_off timer
01-09 11:31:19.065  1086  1254 D ASH     : @ 967149.867: tcs3701: start power rail timer, state:3
01-09 11:31:19.105  1086  1254 I ASH     : @ 967149.907: tcs3701: stop power rail pending_off timer
01-09 11:31:19.105  1086  1254 D ASH     : @ 967149.907: tcs3701: start power rail timer, state:3
01-09 11:31:19.145  1086  1254 I ASH     : @ 967149.947: tcs3701: stop power rail pending_off timer
01-09 11:31:19.145  1086  1254 D ASH     : @ 967149.947: tcs3701: start power rail timer, state:3
01-09 11:31:19.185  1086  1254 I ASH     : @ 967149.987: tcs3701: stop power rail pending_off timer
01-09 11:31:19.185  1086  1254 D ASH     : @ 967149.987: tcs3701: start power rail timer, state:3
01-09 11:31:19.224  1086  1254 I ASH     : @ 967150.027: tcs3701: stop power rail pending_off timer
01-09 11:31:19.224  1086  1254 D ASH     : @ 967150.027: tcs3701: start power rail timer, state:3
01-09 11:31:19.264  1086  1254 I ASH     : @ 967150.067: tcs3701: stop power rail pending_off timer
01-09 11:31:19.265  1086  1254 D ASH     : @ 967150.067: tcs3701: start power rail timer, state:3
01-09 11:31:19.304  1086  1254 I ASH     : @ 967150.107: tcs3701: stop power rail pending_off timer
01-09 11:31:19.305  1086  1254 D ASH     : @ 967150.107: tcs3701: start power rail timer, state:3
01-09 11:31:19.344  1086  1254 I ASH     : @ 967150.147: tcs3701: stop power rail pending_off timer
01-09 11:31:19.345  1086  1254 D ASH     : @ 967150.147: tcs3701: start power rail timer, state:3
01-09 11:31:19.385  1086  1254 I ASH     : @ 967150.187: tcs3701: stop power rail pending_off timer
01-09 11:31:19.385  1086  1254 D ASH     : @ 967150.187: tcs3701: start power rail timer, state:3
01-09 11:31:19.424  1086  1254 I ASH     : @ 967150.227: tcs3701: stop power rail pending_off timer
01-09 11:31:19.425  1086  1254 D ASH     : @ 967150.227: tcs3701: start power rail timer, state:3
01-09 11:31:19.465  1086  1254 I ASH     : @ 967150.267: tcs3701: stop power rail pending_off timer
01-09 11:31:19.465  1086  1254 D ASH     : @ 967150.267: tcs3701: start power rail timer, state:3
01-09 11:31:19.505  1086  1254 I ASH     : @ 967150.307: tcs3701: stop power rail pending_off timer
01-09 11:31:19.505  1086  1254 D ASH     : @ 967150.307: tcs3701: start power rail timer, state:3
01-09 11:31:19.545  1086  1254 I ASH     : @ 967150.347: tcs3701: stop power rail pending_off timer
01-09 11:31:19.545  1086  1254 D ASH     : @ 967150.347: tcs3701: start power rail timer, state:3
01-09 11:31:19.584  1086  1254 I ASH     : @ 967150.387: tcs3701: stop power rail pending_off timer
01-09 11:31:19.585  1086  1254 D ASH     : @ 967150.387: tcs3701: start power rail timer, state:3
01-09 11:31:19.625  1086  1254 I ASH     : @ 967150.427: tcs3701: stop power rail pending_off timer
01-09 11:31:19.625  1086  1254 D ASH     : @ 967150.427: tcs3701: start power rail timer, state:3
01-09 11:31:19.625  2565  2565 D DLObserver: onReceive(); android.intent.action.BATTERY_CHANGED
01-09 11:31:19.625  2565  2565 D DLObserver: plugged=1
01-09 11:31:19.628  2565  2565 I ReverseChargingControl: handleIntentForReverseCharging(): rtx=0 wlc=0 plgac=1 ac=1 acrtx=0 extra=1 this=com.google.android.systemui.reversecharging.ReverseChargingController@6510945
01-09 11:31:19.628  2565  2565 D PowerNotificationWarningsGoogleImpl: onReceive: android.intent.action.BATTERY_CHANGED
01-09 11:31:19.628  2565  2565 D BatteryDefenderNotification: isPlugged: true | isBatteryDefender: false | defenderEnabled: false | isCharged: true | isPluggedInDock: false
01-09 11:31:19.628  2565  2565 D IncompatibleChargerNotification: dispatchIntent: android.intent.action.BATTERY_CHANGED
01-09 11:31:19.632  2837  2837 V DeviceStatisticsService: chargerType=1 batteryLevel=100 totalBatteryCapacity=4129000
01-09 11:31:19.635  2565  3222 D PowerUI : can't show warning due to - plugged: true status unknown: false
01-09 11:31:19.665  1086  1254 I ASH     : @ 967150.467: tcs3701: stop power rail pending_off timer
01-09 11:31:19.665  1086  1254 D ASH     : @ 967150.467: tcs3701: start power rail timer, state:3
01-09 11:31:19.705  1086  1254 I ASH     : @ 967150.507: tcs3701: stop power rail pending_off timer
01-09 11:31:19.705  1086  1254 D ASH     : @ 967150.507: tcs3701: start power rail timer, state:3
01-09 11:31:19.745  1086  1254 I ASH     : @ 967150.547: tcs3701: stop power rail pending_off timer
01-09 11:31:19.745  1086  1254 D ASH     : @ 967150.547: tcs3701: start power rail timer, state:3
01-09 11:31:19.785  1086  1254 I ASH     : @ 967150.587: tcs3701: stop power rail pending_off timer
01-09 11:31:19.785  1086  1254 D ASH     : @ 967150.587: tcs3701: start power rail timer, state:3
01-09 11:31:19.825  1086  1254 I ASH     : @ 967150.627: tcs3701: stop power rail pending_off timer
01-09 11:31:19.825  1086  1254 D ASH     : @ 967150.627: tcs3701: start power rail timer, state:3
01-09 11:31:19.864  1086  1254 I ASH     : @ 967150.667: tcs3701: stop power rail pending_off timer
01-09 11:31:19.865  1086  1254 D ASH     : @ 967150.667: tcs3701: start power rail timer, state:3
01-09 11:31:19.905  1086  1254 I ASH     : @ 967150.707: tcs3701: stop power rail pending_off timer
01-09 11:31:19.905  1086  1254 D ASH     : @ 967150.707: tcs3701: start power rail timer, state:3
01-09 11:31:19.945  1086  1254 I ASH     : @ 967150.747: tcs3701: stop power rail pending_off timer
01-09 11:31:19.945  1086  1254 D ASH     : @ 967150.747: tcs3701: start power rail timer, state:3
01-09 11:31:19.985  1086  1254 I ASH     : @ 967150.787: tcs3701: stop power rail pending_off timer
01-09 11:31:19.985  1086  1254 D ASH     : @ 967150.787: tcs3701: start power rail timer, state:3
01-09 11:31:20.025  1086  1254 I ASH     : @ 967150.827: tcs3701: stop power rail pending_off timer
01-09 11:31:20.025  1086  1254 D ASH     : @ 967150.827: tcs3701: start power rail timer, state:3
01-09 11:31:20.063  1122  1183 D rlsservice: MonitorDisplayStatus client num 0, display status 1, sensor status 0
01-09 11:31:20.064  1086  1254 I ASH     : @ 967150.867: tcs3701: stop power rail pending_off timer
01-09 11:31:20.065  1086  1254 D ASH     : @ 967150.867: tcs3701: start power rail timer, state:3
01-09 11:31:20.105  1086  1254 I ASH     : @ 967150.907: tcs3701: stop power rail pending_off timer
01-09 11:31:20.105  1086  1254 D ASH     : @ 967150.907: tcs3701: start power rail timer, state:3
01-09 11:31:20.145  1086  1254 I ASH     : @ 967150.947: tcs3701: stop power rail pending_off timer
01-09 11:31:20.145  1086  1254 D ASH     : @ 967150.947: tcs3701: start power rail timer, state:3
01-09 11:31:20.185  1086  1254 I ASH     : @ 967150.987: tcs3701: stop power rail pending_off timer
01-09 11:31:20.185  1086  1254 D ASH     : @ 967150.987: tcs3701: start power rail timer, state:3
01-09 11:31:20.225  1086  1254 I ASH     : @ 967151.027: tcs3701: stop power rail pending_off timer
01-09 11:31:20.225  1086  1254 D ASH     : @ 967151.027: tcs3701: start power rail timer, state:3
01-09 11:31:20.264  1086  1254 I ASH     : @ 967151.067: tcs3701: stop power rail pending_off timer
01-09 11:31:20.265  1086  1254 D ASH     : @ 967151.067: tcs3701: start power rail timer, state:3
01-09 11:31:20.305  1086  1254 I ASH     : @ 967151.107: tcs3701: stop power rail pending_off timer
01-09 11:31:20.305  1086  1254 D ASH     : @ 967151.107: tcs3701: start power rail timer, state:3
01-09 11:31:20.344  1086  1254 I ASH     : @ 967151.147: tcs3701: stop power rail pending_off timer
01-09 11:31:20.345  1086  1254 D ASH     : @ 967151.147: tcs3701: start power rail timer, state:3
01-09 11:31:20.384  1086  1254 I ASH     : @ 967151.187: tcs3701: stop power rail pending_off timer
01-09 11:31:20.385  1086  1254 D ASH     : @ 967151.187: tcs3701: start power rail timer, state:3
01-09 11:31:20.424  1086  1254 I ASH     : @ 967151.227: tcs3701: stop power rail pending_off timer
01-09 11:31:20.425  1086  1254 D ASH     : @ 967151.227: tcs3701: start power rail timer, state:3
01-09 11:31:20.464  1086  1254 I ASH     : @ 967151.267: tcs3701: stop power rail pending_off timer
01-09 11:31:20.465  1086  1254 D ASH     : @ 967151.267: tcs3701: start power rail timer, state:3
01-09 11:31:20.505  1086  1254 I ASH     : @ 967151.307: tcs3701: stop power rail pending_off timer
01-09 11:31:20.505  1086  1254 D ASH     : @ 967151.307: tcs3701: start power rail timer, state:3
01-09 11:31:20.545  1086  1254 I ASH     : @ 967151.347: tcs3701: stop power rail pending_off timer
01-09 11:31:20.545  1086  1254 D ASH     : @ 967151.347: tcs3701: start power rail timer, state:3
01-09 11:31:20.585  1086  1254 I ASH     : @ 967151.387: tcs3701: stop power rail pending_off timer
01-09 11:31:20.585  1086  1254 D ASH     : @ 967151.387: tcs3701: start power rail timer, state:3
01-09 11:31:20.624  1086  1254 I ASH     : @ 967151.427: tcs3701: stop power rail pending_off timer
01-09 11:31:20.624  1086  1254 D ASH     : @ 967151.427: tcs3701: start power rail timer, state:3
01-09 11:31:20.665  1086  1254 I ASH     : @ 967151.467: tcs3701: stop power rail pending_off timer
01-09 11:31:20.665  1086  1254 D ASH     : @ 967151.467: tcs3701: start power rail timer, state:3
01-09 11:31:20.705  1086  1254 I ASH     : @ 967151.507: tcs3701: stop power rail pending_off timer
01-09 11:31:20.705  1086  1254 D ASH     : @ 967151.507: tcs3701: start power rail timer, state:3
01-09 11:31:20.744  1086  1254 I ASH     : @ 967151.547: tcs3701: stop power rail pending_off timer
01-09 11:31:20.745  1086  1254 D ASH     : @ 967151.547: tcs3701: start power rail timer, state:3
01-09 11:31:20.785  1086  1254 I ASH     : @ 967151.587: tcs3701: stop power rail pending_off timer
01-09 11:31:20.785  1086  1254 D ASH     : @ 967151.587: tcs3701: start power rail timer, state:3
01-09 11:31:20.825  1086  1254 I ASH     : @ 967151.627: tcs3701: stop power rail pending_off timer
01-09 11:31:20.825  1086  1254 D ASH     : @ 967151.627: tcs3701: start power rail timer, state:3
01-09 11:31:20.865  1086  1254 I ASH     : @ 967151.667: tcs3701: stop power rail pending_off timer
01-09 11:31:20.865  1086  1254 D ASH     : @ 967151.667: tcs3701: start power rail timer, state:3
01-09 11:31:20.905  1086  1254 I ASH     : @ 967151.707: tcs3701: stop power rail pending_off timer
01-09 11:31:20.905  1086  1254 D ASH     : @ 967151.707: tcs3701: start power rail timer, state:3
01-09 11:31:20.945  1086  1254 I ASH     : @ 967151.747: tcs3701: stop power rail pending_off timer
01-09 11:31:20.945  1086  1254 D ASH     : @ 967151.747: tcs3701: start power rail timer, state:3
01-09 11:31:20.984  1086  1254 I ASH     : @ 967151.787: tcs3701: stop power rail pending_off timer
01-09 11:31:20.985  1086  1254 D ASH     : @ 967151.787: tcs3701: start power rail timer, state:3
01-09 11:31:21.024  1086  1254 I ASH     : @ 967151.827: tcs3701: stop power rail pending_off timer
01-09 11:31:21.024  1086  1254 D ASH     : @ 967151.827: tcs3701: start power rail timer, state:3
01-09 11:31:21.064  1086  1254 I ASH     : @ 967151.867: tcs3701: stop power rail pending_off timer
01-09 11:31:21.064  1086  1254 D ASH     : @ 967151.867: tcs3701: start power rail timer, state:3
