--------- beginning of main
01-09 12:12:43.225  1086  1254 I ASH     : @ 969634.027: tcs3701: stop power rail pending_off timer
01-09 12:12:43.225  1086  1254 D ASH     : @ 969634.027: tcs3701: start power rail timer, state:3
--------- beginning of system
01-09 12:12:43.256  1785  2541 D CompatibilityChangeReporter: Compat change id reported: 161252188; UID 10273; state: DISABLED
01-09 12:12:43.256  1785  2541 W ActivityTaskManager: callingPackage for (uid=2000, pid=29539) has no WPC
01-09 12:12:43.257  1785  2541 D CompatibilityChangeReporter: Compat change id reported: 265464455; UID 10273; state: DISABLED
01-09 12:12:43.257  1785  2541 D CompatibilityChangeReporter: Compat change id reported: 265452344; UID 10273; state: DISABLED
01-09 12:12:43.257  1785  2541 D CompatibilityChangeReporter: Compat change id reported: 266124927; UID 10273; state: DISABLED
01-09 12:12:43.257  1785  2541 D CompatibilityChangeReporter: Compat change id reported: 265451093; UID 10273; state: DISABLED
01-09 12:12:43.257  1785  2541 D CompatibilityChangeReporter: Compat change id reported: 265456536; UID 10273; state: DISABLED
01-09 12:12:43.257  1785  2541 D CompatibilityChangeReporter: Compat change id reported: 255940284; UID 10273; state: DISABLED
01-09 12:12:43.257  1785  2541 D CompatibilityChangeReporter: Compat change id reported: 236283604; UID 10273; state: DISABLED
01-09 12:12:43.257  1785  2541 D CompatibilityChangeReporter: Compat change id reported: 263959004; UID 10273; state: DISABLED
01-09 12:12:43.257  1785  2541 D CompatibilityChangeReporter: Compat change id reported: 264304459; UID 10273; state: DISABLED
01-09 12:12:43.257  1785  2541 D CompatibilityChangeReporter: Compat change id reported: 264301586; UID 10273; state: DISABLED
01-09 12:12:43.258  1785  2541 D CompatibilityChangeReporter: Compat change id reported: 254631730; UID 10273; state: DISABLED
01-09 12:12:43.258  1785  2541 D CompatibilityChangeReporter: Compat change id reported: 273509367; UID 10273; state: DISABLED
01-09 12:12:43.258  1785  2541 D CompatibilityChangeReporter: Compat change id reported: 263259275; UID 10273; state: DISABLED
01-09 12:12:43.258  1785  2541 D CompatibilityChangeReporter: Compat change id reported: 174042980; UID 10273; state: DISABLED
01-09 12:12:43.258  1785  2541 D CompatibilityChangeReporter: Compat change id reported: 174042936; UID 10273; state: DISABLED
01-09 12:12:43.258  1785  2541 D CompatibilityChangeReporter: Compat change id reported: 181136395; UID 10273; state: DISABLED
01-09 12:12:43.259  1785  2541 D CompatibilityChangeReporter: Compat change id reported: 194480991; UID 10273; state: ENABLED
01-09 12:12:43.260  1785  2541 D CompatibilityChangeReporter: Compat change id reported: 197654537; UID 10273; state: ENABLED
01-09 12:12:43.262  1785  2541 D CompatibilityChangeReporter: Compat change id reported: 184838306; UID 10273; state: DISABLED
01-09 12:12:43.262  1785  2541 D CompatibilityChangeReporter: Compat change id reported: 185004937; UID 10273; state: DISABLED
01-09 12:12:43.264  1785  2541 D CompatibilityChangeReporter: Compat change id reported: 205907456; UID 10273; state: ENABLED
01-09 12:12:43.265  1086  1254 I ASH     : @ 969634.067: tcs3701: stop power rail pending_off timer
01-09 12:12:43.265  1086  1254 D ASH     : @ 969634.067: tcs3701: start power rail timer, state:3
01-09 12:12:43.265  1785  2541 I ActivityTaskManager: Add Task{abb921b #102 type=standard A=10273:com.driftsys.dashscene.showcase} to hidden list because adding Task{94250d3 #103 type=standard A=10273:com.driftsys.dashscene.showcase}
01-09 12:12:43.266  1785  2541 I ActivityTaskManager: START u0 {flg=0x10000000 cmp=com.driftsys.dashscene.showcase/com.unity3d.player.UnityPlayerActivity} with LAUNCH_SINGLE_TASK from uid 2000 (BAL_ALLOW_PERMISSION) result code=0
01-09 12:12:43.266  2565  2589 V WindowManagerShell: Transition requested: android.os.BinderProxy@c1a0fb1 TransitionRequestInfo { type = OPEN, triggerTask = TaskInfo{userId=0 taskId=103 displayId=0 isRunning=true baseIntent=Intent { flg=0x10000000 cmp=com.driftsys.dashscene.showcase/com.unity3d.player.UnityPlayerActivity } baseActivity=ComponentInfo{com.driftsys.dashscene.showcase/com.unity3d.player.UnityPlayerActivity} topActivity=ComponentInfo{com.driftsys.dashscene.showcase/com.unity3d.player.UnityPlayerActivity} origActivity=null realActivity=ComponentInfo{com.driftsys.dashscene.showcase/com.unity3d.player.UnityPlayerActivity} numActivities=1 lastActiveTime=969631211 supportsMultiWindow=true resizeMode=2 isResizeable=true minWidth=400 minHeight=300 defaultMinSize=220 token=WCT{android.window.IWindowContainerToken$Stub$Proxy@bc6cc96} topActivityType=1 pictureInPictureParams=null shouldDockBigOverlays=false launchIntoPipHostTaskId=-1 lastParentTaskIdBeforePip=-1 displayCutoutSafeInsets=Rect(0, 0 - 63, 0) topActivityInfo=ActivityInfo{7ff0017 com.unity3d.player.UnityPlayerActivity} launchCookies=[] positionInParent=Point(0, 0) parentTaskId=-1 isFocused=false isVisible=false isVisibleRequested=false isSleeping=false topActivityInSizeCompat=false topActivityEligibleForLetterboxEducation= false topActivityLetterboxed= false isFromDoubleTap= false topActivityLetterboxVerticalPosition= -1 topActivityLetterboxHorizontalPosition= -1 topActivityLetterboxWidth=-1 topActivityLetterboxHeight=-1 locusId=null displayAreaFeatureId=1 cameraCompatControlState=hidden}, remoteTransition = null, displayChange = null }
01-09 12:12:43.267  1785  2098 D CompatibilityChangeReporter: Compat change id reported: 135634846; UID 10273; state: DISABLED
01-09 12:12:43.267  1785  2098 D CompatibilityChangeReporter: Compat change id reported: 177438394; UID 10273; state: DISABLED
01-09 12:12:43.267  1785  2098 D CompatibilityChangeReporter: Compat change id reported: 135772972; UID 10273; state: DISABLED
01-09 12:12:43.267  1785  2098 D CompatibilityChangeReporter: Compat change id reported: 135754954; UID 10273; state: ENABLED
01-09 12:12:43.268  1785  2125 D CompatibilityChangeReporter: Compat change id reported: 143937733; UID 10273; state: ENABLED
01-09 12:12:43.268  2565  2602 W Parcel  : Expecting binder but got null!
01-09 12:12:43.273  1041  1041 D Zygote  : Forked child process 29542
01-09 12:12:43.273  1785  2125 I ActivityManager: Start proc 29542:com.driftsys.dashscene.showcase/u0a273 for next-top-activity {com.driftsys.dashscene.showcase/com.unity3d.player.UnityPlayerActivity}
01-09 12:12:43.274  1785  3761 D CompatibilityChangeReporter: Compat change id reported: 168419799; UID 10273; state: DISABLED
01-09 12:12:43.274  1785  3761 D CompatibilityChangeReporter: Compat change id reported: 273564678; UID 10273; state: DISABLED
01-09 12:12:43.280  1785  2380 D CompatibilityChangeReporter: Compat change id reported: 265195908; UID 10273; state: ENABLED
01-09 12:12:43.283   665   704 I BpBinder: onLastStrongRef automatically unlinking death recipients: 
01-09 12:12:43.284  2565  2599 E OpenGLRenderer: Unable to match the desired swap behavior.
01-09 12:12:43.288  1785  2100 W WindowManager: Failed to deliver inset control state change to w=Window{4bb8edf u0 com.driftsys.dashscene.showcase/com.unity3d.player.UnityPlayerActivity EXITING}
01-09 12:12:43.288  1785  2100 W WindowManager: android.os.DeadObjectException
01-09 12:12:43.288  1785  2100 W WindowManager: 	at android.os.BinderProxy.transactNative(Native Method)
01-09 12:12:43.288  1785  2100 W WindowManager: 	at android.os.BinderProxy.transact(BinderProxy.java:584)
01-09 12:12:43.288  1785  2100 W WindowManager: 	at android.view.IWindow$Stub$Proxy.insetsControlChanged(IWindow.java:479)
01-09 12:12:43.288  1785  2100 W WindowManager: 	at com.android.server.wm.WindowState.notifyInsetsControlChanged(WindowState.java:3802)
01-09 12:12:43.288  1785  2100 W WindowManager: 	at com.android.server.wm.InsetsStateController.lambda$notifyPendingInsetsControlChanged$3(InsetsStateController.java:343)
01-09 12:12:43.288  1785  2100 W WindowManager: 	at com.android.server.wm.InsetsStateController.$r8$lambda$8yykPRG1GyNq_J17QvL9d5xANMc(InsetsStateController.java:0)
01-09 12:12:43.288  1785  2100 W WindowManager: 	at com.android.server.wm.InsetsStateController$$ExternalSyntheticLambda2.run(R8$$SyntheticClass:0)
01-09 12:12:43.288  1785  2100 W WindowManager: 	at com.android.server.wm.WindowAnimator.executeAfterPrepareSurfacesRunnables(WindowAnimator.java:294)
01-09 12:12:43.288  1785  2100 W WindowManager: 	at com.android.server.wm.WindowAnimator.animate(WindowAnimator.java:202)
01-09 12:12:43.288  1785  2100 W WindowManager: 	at com.android.server.wm.WindowAnimator.lambda$new$1(WindowAnimator.java:99)
01-09 12:12:43.288  1785  2100 W WindowManager: 	at com.android.server.wm.WindowAnimator.$r8$lambda$aHNu1uhcqxihX5NZc4McDDQPAyw(WindowAnimator.java:0)
01-09 12:12:43.288  1785  2100 W WindowManager: 	at com.android.server.wm.WindowAnimator$$ExternalSyntheticLambda1.doFrame(R8$$SyntheticClass:0)
01-09 12:12:43.288  1785  2100 W WindowManager: 	at android.view.Choreographer$CallbackRecord.run(Choreographer.java:1337)
01-09 12:12:43.288  1785  2100 W WindowManager: 	at android.view.Choreographer$CallbackRecord.run(Choreographer.java:1348)
01-09 12:12:43.288  1785  2100 W WindowManager: 	at android.view.Choreographer.doCallbacks(Choreographer.java:952)
01-09 12:12:43.288  1785  2100 W WindowManager: 	at android.view.Choreographer.doFrame(Choreographer.java:878)
01-09 12:12:43.288  1785  2100 W WindowManager: 	at android.view.Choreographer$FrameDisplayEventReceiver.run(Choreographer.java:1322)
01-09 12:12:43.288  1785  2100 W WindowManager: 	at android.os.Handler.handleCallback(Handler.java:958)
01-09 12:12:43.288  1785  2100 W WindowManager: 	at android.os.Handler.dispatchMessage(Handler.java:99)
01-09 12:12:43.288  1785  2100 W WindowManager: 	at android.os.Looper.loopOnce(Looper.java:205)
01-09 12:12:43.288  1785  2100 W WindowManager: 	at android.os.Looper.loop(Looper.java:294)
01-09 12:12:43.288  1785  2100 W WindowManager: 	at android.os.HandlerThread.run(HandlerThread.java:67)
01-09 12:12:43.288  1785  2100 W WindowManager: 	at com.android.server.ServiceThread.run(ServiceThread.java:46)
01-09 12:12:43.291 29542 29542 I hscene.showcase: Using CollectorTypeCC GC.
01-09 12:12:43.295 29542 29542 E hscene.showcase: Not starting debugger since process cannot load the jdwp agent.
01-09 12:12:43.299  1785  2095 V WindowManager: Sent Transition #200 createdAt=01-09 12:12:43.259 via request=TransitionRequestInfo { type = OPEN, triggerTask = TaskInfo{userId=0 taskId=103 displayId=0 isRunning=true baseIntent=Intent { flg=0x10000000 cmp=com.driftsys.dashscene.showcase/com.unity3d.player.UnityPlayerActivity } baseActivity=ComponentInfo{com.driftsys.dashscene.showcase/com.unity3d.player.UnityPlayerActivity} topActivity=ComponentInfo{com.driftsys.dashscene.showcase/com.unity3d.player.UnityPlayerActivity} origActivity=null realActivity=ComponentInfo{com.driftsys.dashscene.showcase/com.unity3d.player.UnityPlayerActivity} numActivities=1 lastActiveTime=969631211 supportsMultiWindow=true resizeMode=2 isResizeable=true minWidth=400 minHeight=300 defaultMinSize=220 token=WCT{RemoteToken{89114c3 Task{94250d3 #103 type=standard A=10273:com.driftsys.dashscene.showcase}}} topActivityType=1 pictureInPictureParams=null shouldDockBigOverlays=false launchIntoPipHostTaskId=-1 lastParentTaskIdBeforePip=-1 displayCutoutSafeInsets=Rect(0, 0 - 63, 0) topActivityInfo=ActivityInfo{beb7140 com.unity3d.player.UnityPlayerActivity} launchCookies=[] positionInParent=Point(0, 0) parentTaskId=-1 isFocused=false isVisible=false isVisibleRequested=false isSleeping=false topActivityInSizeCompat=false topActivityEligibleForLetterboxEducation= false topActivityLetterboxed= false isFromDoubleTap= false topActivityLetterboxVerticalPosition= -1 topActivityLetterboxHorizontalPosition= -1 topActivityLetterboxWidth=-1 topActivityLetterboxHeight=-1 locusId=null displayAreaFeatureId=1 cameraCompatControlState=hidden}, remoteTransition = null, displayChange = null }
01-09 12:12:43.299  1785  2095 V WindowManager:     startWCT=WindowContainerTransaction { changes = {} hops = [] errorCallbackToken=null taskFragmentOrganizer=null }
01-09 12:12:43.300  1785  2095 V WindowManager:     info={id=200 t=OPEN f=0x0 trk=0 r=[0@Point(0, 0)] c=[{WCT{RemoteToken{89114c3 Task{94250d3 #103 type=standard A=10273:com.driftsys.dashscene.showcase}}} m=OPEN f=NONE leash=Surface(name=Task=103)/@0x8ecd27 sb=Rect(0, 0 - 1080, 2340) eb=Rect(0, 0 - 1080, 2340) d=0 endFixedRotation=0},{WCT{RemoteToken{b323a89 Task{bfe9da4 #1 type=home}}} m=TO_BACK f=SHOW_WALLPAPER leash=Surface(name=Task=1)/@0xbe01ecc sb=Rect(0, 0 - 1080, 2340) eb=Rect(0, 0 - 1080, 2340) d=0}]}
01-09 12:12:43.300  2565  2589 V WindowManagerShell: onTransitionReady android.os.BinderProxy@c1a0fb1: {id=200 t=OPEN f=0x0 trk=0 r=[0@Point(0, 0)] c=[{WCT{android.window.IWindowContainerToken$Stub$Proxy@2f80d7a} m=OPEN f=NONE leash=Surface(name=Task=103)/@0x2ebdb0f sb=Rect(0, 0 - 1080, 2340) eb=Rect(0, 0 - 1080, 2340) d=0 endFixedRotation=0},{WCT{android.window.IWindowContainerToken$Stub$Proxy@e15192b} m=TO_BACK f=SHOW_WALLPAPER leash=Surface(name=Task=1)/@0x7c5079c sb=Rect(0, 0 - 1080, 2340) eb=Rect(0, 0 - 1080, 2340) d=0}]}
01-09 12:12:43.300  2565  2589 V WindowManagerShell: Transition (#200)android.os.BinderProxy@c1a0fb1@0 ready while (#199)android.os.BinderProxy@ae9194b@0 is still animating. Notify the animating transition in case they can be merged
01-09 12:12:43.301  2565  2589 V WindowManagerShell: Transition animation finished (aborted=false), notifying core (#199)android.os.BinderProxy@ae9194b@0
01-09 12:12:43.302  1785  2100 W WindowManager: Failed to deliver inset control state change to w=Window{4bb8edf u0 com.driftsys.dashscene.showcase/com.unity3d.player.UnityPlayerActivity EXITING}
01-09 12:12:43.302  1785  2100 W WindowManager: android.os.DeadObjectException
01-09 12:12:43.302  1785  2100 W WindowManager: 	at android.os.BinderProxy.transactNative(Native Method)
01-09 12:12:43.302  1785  2100 W WindowManager: 	at android.os.BinderProxy.transact(BinderProxy.java:584)
01-09 12:12:43.302  1785  2100 W WindowManager: 	at android.view.IWindow$Stub$Proxy.insetsControlChanged(IWindow.java:479)
01-09 12:12:43.302  1785  2100 W WindowManager: 	at com.android.server.wm.WindowState.notifyInsetsControlChanged(WindowState.java:3802)
01-09 12:12:43.302  1785  2100 W WindowManager: 	at com.android.server.wm.InsetsStateController.lambda$notifyPendingInsetsControlChanged$3(InsetsStateController.java:343)
01-09 12:12:43.302  1785  2100 W WindowManager: 	at com.android.server.wm.InsetsStateController.$r8$lambda$8yykPRG1GyNq_J17QvL9d5xANMc(InsetsStateController.java:0)
01-09 12:12:43.302  1785  2100 W WindowManager: 	at com.android.server.wm.InsetsStateController$$ExternalSyntheticLambda2.run(R8$$SyntheticClass:0)
01-09 12:12:43.302  1785  2100 W WindowManager: 	at com.android.server.wm.WindowAnimator.executeAfterPrepareSurfacesRunnables(WindowAnimator.java:294)
01-09 12:12:43.302  1785  2100 W WindowManager: 	at com.android.server.wm.RootWindowContainer.performSurfacePlacementNoTrace(RootWindowContainer.java:811)
01-09 12:12:43.302  1785  2100 W WindowManager: 	at com.android.server.wm.RootWindowContainer.performSurfacePlacement(RootWindowContainer.java:756)
01-09 12:12:43.302  1785  2100 W WindowManager: 	at com.android.server.wm.WindowSurfacePlacer.performSurfacePlacementLoop(WindowSurfacePlacer.java:177)
01-09 12:12:43.302  1785  2100 W WindowManager: 	at com.android.server.wm.WindowSurfacePlacer.performSurfacePlacement(WindowSurfacePlacer.java:126)
01-09 12:12:43.302  1785  2100 W WindowManager: 	at com.android.server.wm.WindowSurfacePlacer.performSurfacePlacement(WindowSurfacePlacer.java:115)
01-09 12:12:43.302  1785  2100 W WindowManager: 	at com.android.server.wm.WindowSurfacePlacer$Traverser.run(WindowSurfacePlacer.java:57)
01-09 12:12:43.302  1785  2100 W WindowManager: 	at android.os.Handler.handleCallback(Handler.java:958)
01-09 12:12:43.302  1785  2100 W WindowManager: 	at android.os.Handler.dispatchMessage(Handler.java:99)
01-09 12:12:43.302  1785  2100 W WindowManager: 	at android.os.Looper.loopOnce(Looper.java:205)
01-09 12:12:43.302  1785  2100 W WindowManager: 	at android.os.Looper.loop(Looper.java:294)
01-09 12:12:43.302  1785  2100 W WindowManager: 	at android.os.HandlerThread.run(HandlerThread.java:67)
01-09 12:12:43.302  1785  2100 W WindowManager: 	at com.android.server.ServiceThread.run(ServiceThread.java:46)
01-09 12:12:43.306  1086  1254 I ASH     : @ 969634.107: tcs3701: stop power rail pending_off timer
01-09 12:12:43.307  1086  1254 D ASH     : @ 969634.107: tcs3701: start power rail timer, state:3
01-09 12:12:43.307  1785  2095 V WindowManager: Finish Transition #199: created at 01-09 12:12:43.091 collect-started=0.075ms request-sent=0.217ms started=13.321ms ready=13.272ms sent=86.399ms finished=215.108ms
01-09 12:12:43.307  1785  2974 W WindowManager: Exception thrown during dispatchAppVisibility Window{4bb8edf u0 com.driftsys.dashscene.showcase/com.unity3d.player.UnityPlayerActivity EXITING}
01-09 12:12:43.307  1785  2974 W WindowManager: android.os.DeadObjectException
01-09 12:12:43.307  1785  2974 W WindowManager: 	at android.os.BinderProxy.transactNative(Native Method)
01-09 12:12:43.307  1785  2974 W WindowManager: 	at android.os.BinderProxy.transact(BinderProxy.java:584)
01-09 12:12:43.307  1785  2974 W WindowManager: 	at android.view.IWindow$Stub$Proxy.dispatchAppVisibility(IWindow.java:546)
01-09 12:12:43.307  1785  2974 W WindowManager: 	at com.android.server.wm.WindowState.sendAppVisibilityToClients(WindowState.java:3271)
01-09 12:12:43.307  1785  2974 W WindowManager: 	at com.android.server.wm.WindowContainer.sendAppVisibilityToClients(WindowContainer.java:1221)
01-09 12:12:43.307  1785  2974 W WindowManager: 	at com.android.server.wm.WindowToken.setClientVisible(WindowToken.java:409)
01-09 12:12:43.307  1785  2974 W WindowManager: 	at com.android.server.wm.ActivityRecord.setClientVisible(ActivityRecord.java:6946)
01-09 12:12:43.307  1785  2974 W WindowManager: 	at com.android.server.wm.ActivityRecord.postApplyAnimation(ActivityRecord.java:5637)
01-09 12:12:43.307  1785  2974 W WindowManager: 	at com.android.server.wm.ActivityRecord.commitVisibility(ActivityRecord.java:5580)
01-09 12:12:43.307  1785  2974 W WindowManager: 	at com.android.server.wm.Transition.finishTransition(Transition.java:1151)
01-09 12:12:43.307  1785  2974 W WindowManager: 	at com.android.server.wm.TransitionController.finishTransition(TransitionController.java:875)
01-09 12:12:43.307  1785  2974 W WindowManager: 	at com.android.server.wm.WindowOrganizerController.finishTransition(WindowOrganizerController.java:396)
01-09 12:12:43.307  1785  2974 W WindowManager: 	at android.window.IWindowOrganizerController$Stub.onTransact(IWindowOrganizerController.java:286)
01-09 12:12:43.307  1785  2974 W WindowManager: 	at com.android.server.wm.WindowOrganizerController.onTransact(WindowOrganizerController.java:181)
01-09 12:12:43.307  1785  2974 W WindowManager: 	at android.os.Binder.execTransactInternal(Binder.java:1339)
01-09 12:12:43.307  1785  2974 W WindowManager: 	at android.os.Binder.execTransact(Binder.java:1275)
01-09 12:12:43.307  1785  2974 I Process : Sending signal. PID: 29399 SIG: 9
01-09 12:12:43.315  2565  2589 V WindowManagerShell: Playing animation for (#200)android.os.BinderProxy@c1a0fb1@0
01-09 12:12:43.315  2565  2589 V WindowManagerShell:  try handler com.android.wm.shell.transition.DefaultMixedHandler@83c3803
01-09 12:12:43.315  2565  2589 V WindowManagerShell:  try handler com.android.wm.shell.keyguard.KeyguardTransitionHandler@6f380
01-09 12:12:43.315  2565  2589 V WindowManagerShell:  try handler com.android.wm.shell.activityembedding.ActivityEmbeddingController@626ddb9
01-09 12:12:43.315  2565  2589 V WindowManagerShell:  try handler com.android.wm.shell.recents.RecentsTransitionHandler@c30f5fe
01-09 12:12:43.315  2565  2589 V ShellRecents: RecentsTransitionHandler.startAnimation: no controller found
01-09 12:12:43.315  2565  2589 V WindowManagerShell:  try handler com.android.wm.shell.pip.PipTransition@c40515f
01-09 12:12:43.315  2565  2589 V WindowManagerShell:  try handler com.android.wm.shell.splitscreen.StageCoordinator@ea7c7ac
01-09 12:12:43.315  2565  2589 V WindowManagerShell:  try handler com.android.wm.shell.transition.RemoteTransitionHandler@74e9c75
01-09 12:12:43.315  2565  2589 V WindowManagerShell: Transition doesn't have explicit remote, search filters for match for {id=200 t=OPEN f=0x0 trk=0 r=[0@Point(0, 0)] c=[{WCT{android.window.IWindowContainerToken$Stub$Proxy@2f80d7a} m=OPEN f=NONE leash=Surface(name=Task=103)/@0x2ebdb0f sb=Rect(0, 0 - 1080, 2340) eb=Rect(0, 0 - 1080, 2340) d=0 endFixedRotation=0},{WCT{android.window.IWindowContainerToken$Stub$Proxy@e15192b} m=TO_BACK f=SHOW_WALLPAPER leash=Surface(name=Task=1)/@0x7c5079c sb=Rect(0, 0 - 1080, 2340) eb=Rect(0, 0 - 1080, 2340) d=0}]}
01-09 12:12:43.315  2565  2589 V WindowManagerShell:  Checking filter Pair{{types=[] flags=0x0] notFlags=0x0 checks=[{atype=dream independent=true modes=[OPEN,TO_FRONT] flags=NONE mustBeTask=false order=ANY topActivity=null},{atype=home independent=true modes=[CLOSE,TO_BACK] flags=NONE mustBeTask=false order=ANY topActivity=null}]} RemoteTransition { remoteTransition = android.window.IRemoteTransition$Stub$Proxy@7a2740a, appThread = android.app.IApplicationThread$Stub$Proxy@942a47b, debugName = LauncherToDream }}
01-09 12:12:43.315  2565  2589 V WindowManagerShell:  Checking filter Pair{{types=[] flags=0x0] notFlags=0x100 checks=[{atype=home independent=true modes=[OPEN,TO_FRONT] flags=NONE mustBeTask=false order=TOP topActivity=ComponentInfo{com.google.android.apps.nexuslauncher/com.google.android.apps.nexuslauncher.NexusLauncherActivity}},{atype=standard independent=true modes=[CLOSE,TO_BACK] flags=NONE mustBeTask=false order=ANY topActivity=null}]} RemoteTransition { remoteTransition = android.window.IRemoteTransition$Stub$Proxy@19fb298, appThread = android.app.IApplicationThread$Stub$Proxy@2f98af1, debugName = QuickstepLaunchHome }}
01-09 12:12:43.315  2565  2589 V WindowManagerShell:  Delegate animation for #200 to null
01-09 12:12:43.315  2565  2589 V WindowManagerShell:  try handler com.android.wm.shell.transition.DefaultTransitionHandler@3fbc6d6
01-09 12:12:43.315  2565  2589 V WindowManagerShell: start default transition animation, info = {id=200 t=OPEN f=0x0 trk=0 r=[0@Point(0, 0)] c=[{WCT{android.window.IWindowContainerToken$Stub$Proxy@2f80d7a} m=OPEN f=NONE leash=Surface(name=Task=103)/@0x2ebdb0f sb=Rect(0, 0 - 1080, 2340) eb=Rect(0, 0 - 1080, 2340) d=0 endFixedRotation=0},{WCT{android.window.IWindowContainerToken$Stub$Proxy@e15192b} m=TO_BACK f=SHOW_WALLPAPER leash=Surface(name=Task=1)/@0x7c5079c sb=Rect(0, 0 - 1080, 2340) eb=Rect(0, 0 - 1080, 2340) d=0}]}
01-09 12:12:43.316  2565  2589 V WindowManagerShell: loadAnimation: anim=android.view.animation.AnimationSet@cfc391e animAttr=0x13 type=OPEN isEntrance=false
01-09 12:12:43.316  2565  2589 V WindowManagerShell: loadAnimation: anim=android.view.animation.AnimationSet@e2ec92a animAttr=0x12 type=OPEN isEntrance=true
01-09 12:12:43.316  2565  2589 V WindowManagerShell:  animated by com.android.wm.shell.transition.DefaultTransitionHandler@3fbc6d6
01-09 12:12:43.319  1785  2098 W ActivityManager: setHasOverlayUi called on unknown pid: 29399
01-09 12:12:43.319 29542 29542 D CompatibilityChangeReporter: Compat change id reported: 171979766; UID 10273; state: ENABLED
01-09 12:12:43.319 29542 29542 D CompatibilityChangeReporter: Compat change id reported: 242716250; UID 10273; state: ENABLED
01-09 12:12:43.321  1785  2541 D CompatibilityChangeReporter: Compat change id reported: 170503758; UID 10273; state: ENABLED
01-09 12:12:43.323 29542 29542 D nativeloader: Configuring clns-4 for other apk /data/app/~~MzZRo9Eqs8KZ05Blmxi-EA==/com.driftsys.dashscene.showcase-xoEkx4KOsOeUcIaLEBFETw==/base.apk. target_sdk_version=36, uses_libraries=, library_path=/data/app/~~MzZRo9Eqs8KZ05Blmxi-EA==/com.driftsys.dashscene.showcase-xoEkx4KOsOeUcIaLEBFETw==/lib/arm64:/data/app/~~MzZRo9Eqs8KZ05Blmxi-EA==/com.driftsys.dashscene.showcase-xoEkx4KOsOeUcIaLEBFETw==/base.apk!/lib/arm64-v8a, permitted_path=/data:/mnt/expand:/data/user/0/com.driftsys.dashscene.showcase
01-09 12:12:43.325  1785  2096 V GameManagerService: Game power mode ON (process state was changed to foreground)
01-09 12:12:43.329 29542 29542 V GraphicsEnvironment: Currently set values for:
01-09 12:12:43.329 29542 29542 V GraphicsEnvironment:   angle_gl_driver_selection_pkgs=[]
01-09 12:12:43.329 29542 29542 V GraphicsEnvironment:   angle_gl_driver_selection_values=[]
01-09 12:12:43.329 29542 29542 V GraphicsEnvironment: ANGLE GameManagerService for com.driftsys.dashscene.showcase: false
01-09 12:12:43.329 29542 29542 V GraphicsEnvironment: com.driftsys.dashscene.showcase is not listed in per-application setting
01-09 12:12:43.329 29542 29542 V GraphicsEnvironment: Updatable production driver is not supported on the device.
01-09 12:12:43.331  1785  2541 I ActivityManager: Flag disabled. Ignoring finishAttachApplication from uid: 10273. pid: 29542
01-09 12:12:43.337   665   665 E BpTransactionCompletedListener: Failed to transact (-32)
01-09 12:12:43.337   665   665 E BpTransactionCompletedListener: Failed to transact (-32)
01-09 12:12:43.345  1086  1254 I ASH     : @ 969634.147: tcs3701: stop power rail pending_off timer
01-09 12:12:43.345  1086  1254 D ASH     : @ 969634.147: tcs3701: start power rail timer, state:3
01-09 12:12:43.355 29542 29542 I IL2CPP  : JNI_OnLoad
01-09 12:12:43.355 29542 29542 V Unity   : Context Type: ActivityOrService
01-09 12:12:43.363 29542 29542 D CompatibilityChangeReporter: Compat change id reported: 237531167; UID 10273; state: DISABLED
01-09 12:12:43.364  1785  2541 W WindowManager: Failed looking up window session=Session{85bb3a5 29542:u0a10273} callers=com.android.server.wm.WindowManagerService.windowForClientLocked:6034 com.android.server.wm.Session.updateRequestedVisibleTypes:690 android.view.IWindowSession$Stub.onTransact:1034 
01-09 12:12:43.371  1785  4033 D CoreBackPreview: Window{3f4072b u0 com.driftsys.dashscene.showcase/com.unity3d.player.UnityPlayerActivity}: Setting back callback OnBackInvokedCallbackInfo{mCallback=android.window.IOnBackInvokedCallback$Stub$Proxy@7cfcd46, mPriority=-1, mIsAnimationCallback=false}
01-09 12:12:43.371  1785  4033 D CoreBackPreview: Window{3f4072b u0 com.driftsys.dashscene.showcase/com.unity3d.player.UnityPlayerActivity}: Setting back callback OnBackInvokedCallbackInfo{mCallback=android.window.IOnBackInvokedCallback$Stub$Proxy@e29eb07, mPriority=1, mIsAnimationCallback=false}
01-09 12:12:43.375   665   705 I BpBinder: onLastStrongRef automatically unlinking death recipients: 
01-09 12:12:43.383 29542 29560 I Unity   : MemoryManager: Using 'Dynamic Heap' Allocator.
01-09 12:12:43.383 29542 29542 W AdrenoUtils: <ReadGpuID_from_sysfs:197>: Failed to open /sys/class/kgsl/kgsl-3d0/gpu_model
01-09 12:12:43.383 29542 29542 W AdrenoUtils: <ReadGpuID:221>: Failed to read chip ID from gpu_model. Fallback to use the GSL path
01-09 12:12:43.385  1086  1254 I ASH     : @ 969634.187: tcs3701: stop power rail pending_off timer
01-09 12:12:43.385  1086  1254 D ASH     : @ 969634.187: tcs3701: start power rail timer, state:3
01-09 12:12:43.399 29542 29560 I Unity   : SystemInfo CPU = ARM64 FP ASIMD AES, Cores = 8, Memory = 7461mb
01-09 12:12:43.399 29542 29560 I Unity   : SystemInfo ARM big.LITTLE configuration: 2 big (mask: 0xc0), 6 little (mask: 0x3f)
01-09 12:12:43.400 29542 29560 I Unity   : ApplicationInfo 'com.driftsys.dashscene.showcase', Version '1.0', Min API Level '33', Target API Level '36'
01-09 12:12:43.400 29542 29560 I Unity   : Built from '6000.3/staging' branch, Version '6000.3.23f1 (09d2ecc7fb28)', Build type 'Release', Scripting Backend 'il2cpp', CPU 'arm64-v8a', Stripping 'Enabled'
01-09 12:12:43.400 29542 29560 I Unity   : Device Model 'Google Pixel 5', OS 'Android OS 14 (API 34)'
01-09 12:12:43.401  1785  2095 I ActivityTaskManager: Displayed com.driftsys.dashscene.showcase/com.unity3d.player.UnityPlayerActivity for user 0: +142ms
01-09 12:12:43.419  1785  2974 D CompatibilityChangeReporter: Compat change id reported: 214016041; UID 10273; state: ENABLED
01-09 12:12:43.419  1785  2974 I ImeTracker: com.driftsys.dashscene.showcase:6ee9dc38: onRequestHide at ORIGIN_SERVER_HIDE_INPUT reason HIDE_UNSPECIFIED_WINDOW
01-09 12:12:43.423  1785  2974 I ImeTracker: com.driftsys.dashscene.showcase:6ee9dc38: onCancelled at PHASE_SERVER_SHOULD_HIDE
01-09 12:12:43.425  1086  1254 I ASH     : @ 969634.227: tcs3701: stop power rail pending_off timer
01-09 12:12:43.425  1086  1254 D ASH     : @ 969634.227: tcs3701: start power rail timer, state:3
01-09 12:12:43.428  3450  3450 I GoogleInputMethodService: GoogleInputMethodService.onFinishInput():3227 
01-09 12:12:43.429  3450  3450 I GoogleInputMethodService: GoogleInputMethodService.updateDeviceLockedStatus():2087 repeatCheckTimes = 0, unlocked = true
01-09 12:12:43.429  3450  3450 I GoogleInputMethodService: GoogleInputMethodService.onStartInput():1877 onStartInput(EditorInfo{inputType=0x0(NULL) imeOptions=0x0 privateImeOptions=null actionName=UNSPECIFIED actionLabel=null actionId=0 initialSelStart=-1 initialSelEnd=-1 initialCapsMode=0x0 hintText=null label=null packageName=com.driftsys.dashscene.showcase fieldId=0 fieldName=null extras=null}, false)
01-09 12:12:43.429  3450  3450 I GoogleInputMethodService: GoogleInputMethodService.shouldHideHeaderOnInitialState():4008 ShouldHideHeaderOnInitialState = false
01-09 12:12:43.429  3450  3450 I GoogleInputMethodService: GoogleInputMethodService.updateDeviceLockedStatus():2087 repeatCheckTimes = 2, unlocked = true
01-09 12:12:43.465  1086  1254 I ASH     : @ 969634.267: tcs3701: stop power rail pending_off timer
01-09 12:12:43.465  1086  1254 D ASH     : @ 969634.267: tcs3701: start power rail timer, state:3
01-09 12:12:43.497 29542 29560 I Unity   : Company Name: driftsys
01-09 12:12:43.497 29542 29560 I Unity   : Product Name: DashsceneShowcase
01-09 12:12:43.501 29542 29560 D vulkan  : searching for layers in '/data/app/~~MzZRo9Eqs8KZ05Blmxi-EA==/com.driftsys.dashscene.showcase-xoEkx4KOsOeUcIaLEBFETw==/lib/arm64'
01-09 12:12:43.502 29542 29560 D vulkan  : searching for layers in '/data/app/~~MzZRo9Eqs8KZ05Blmxi-EA==/com.driftsys.dashscene.showcase-xoEkx4KOsOeUcIaLEBFETw==/base.apk!/lib/arm64-v8a'
01-09 12:12:43.505 29542 29560 I AdrenoVK-0: ===== BEGIN DUMP OF OVERRIDDEN SETTINGS =====
01-09 12:12:43.505 29542 29560 I AdrenoVK-0: ===== END DUMP OF OVERRIDDEN SETTINGS =====
01-09 12:12:43.505 29542 29560 I AdrenoVK-0: QUALCOMM build          : 4783c89, I46ff5fc46f
01-09 12:12:43.505 29542 29560 I AdrenoVK-0: Build Date              : 11/30/20
01-09 12:12:43.505 29542 29560 I AdrenoVK-0: Shader Compiler Version : EV031.31.04.01
01-09 12:12:43.505 29542 29560 I AdrenoVK-0: Local Branch            : QPR2
01-09 12:12:43.505 29542 29560 I AdrenoVK-0: Remote Branch           : 
01-09 12:12:43.505 29542 29560 I AdrenoVK-0: Remote Branch           : 
01-09 12:12:43.505 29542 29560 I AdrenoVK-0: Reconstruct Branch      : 
01-09 12:12:43.505 29542 29560 I AdrenoVK-0: Build Config            : S P 10.0.4 AArch64
01-09 12:12:43.505 29542 29560 I AdrenoVK-0: Driver Path             : /vendor/lib64/hw/vulkan.adreno.so
01-09 12:12:43.506  1086  1254 I ASH     : @ 969634.307: tcs3701: stop power rail pending_off timer
01-09 12:12:43.506  1086  1254 D ASH     : @ 969634.307: tcs3701: start power rail timer, state:3
01-09 12:12:43.510 29542 29560 I AdrenoVK-0: QUALCOMM build          : 4783c89, I46ff5fc46f
01-09 12:12:43.510 29542 29560 I AdrenoVK-0: Build Date              : 11/30/20
01-09 12:12:43.510 29542 29560 I AdrenoVK-0: Shader Compiler Version : EV031.31.04.01
01-09 12:12:43.510 29542 29560 I AdrenoVK-0: Local Branch            : QPR2
01-09 12:12:43.510 29542 29560 I AdrenoVK-0: Remote Branch           : 
01-09 12:12:43.510 29542 29560 I AdrenoVK-0: Remote Branch           : 
01-09 12:12:43.510 29542 29560 I AdrenoVK-0: Reconstruct Branch      : 
01-09 12:12:43.510 29542 29560 I AdrenoVK-0: Build Config            : S P 10.0.4 AArch64
01-09 12:12:43.510 29542 29560 I AdrenoVK-0: Driver Path             : /vendor/lib64/hw/vulkan.adreno.so
01-09 12:12:43.523 29542 29560 E qdgralloc: GetGpuPixelFormat: No map for format: 0x38
01-09 12:12:43.523 29542 29560 E AdrenoUtils: <validate_memory_layout_input_parmas:1923>: Unknown Format 0
01-09 12:12:43.523 29542 29560 E AdrenoUtils: <adreno_init_memory_layout:4634>: Memory Layout input parameter validation failed!
01-09 12:12:43.523 29542 29560 E qdgralloc: GetGpuResourceSizeAndDimensions Graphics metadata init failed
01-09 12:12:43.523 29542 29560 E Gralloc4: isSupported(1, 1, 56, 1, ...) failed with 1
01-09 12:12:43.524   668 11520 E qdgralloc: GetGpuPixelFormat: No map for format: 0x38
01-09 12:12:43.524   668 11520 E AdrenoUtils: <validate_memory_layout_input_parmas:1923>: Unknown Format 0
01-09 12:12:43.524   668 11520 E AdrenoUtils: <adreno_init_memory_layout:4634>: Memory Layout input parameter validation failed!
01-09 12:12:43.524   668 11520 E qdgralloc: GetGpuResourceSizeAndDimensions Graphics metadata init failed
01-09 12:12:43.524 29542 29560 E GraphicBufferAllocator: Failed to allocate (4 x 4) layerCount 1 format 56 usage b00: 1
01-09 12:12:43.524 29542 29560 E AHardwareBuffer: GraphicBuffer(w=4, h=4, lc=1) failed (Unknown error -1), handle=0x0
01-09 12:12:43.524 29542 29560 E qdgralloc: GetGpuPixelFormat: No map for format: 0x3b
01-09 12:12:43.524 29542 29560 E AdrenoUtils: <validate_memory_layout_input_parmas:1923>: Unknown Format 0
01-09 12:12:43.524 29542 29560 E AdrenoUtils: <adreno_init_memory_layout:4634>: Memory Layout input parameter validation failed!
01-09 12:12:43.524 29542 29560 E qdgralloc: GetGpuResourceSizeAndDimensions Graphics metadata init failed
01-09 12:12:43.524 29542 29560 E Gralloc4: isSupported(1, 1, 59, 1, ...) failed with 1
01-09 12:12:43.524   668 11520 E qdgralloc: GetGpuPixelFormat: No map for format: 0x3b
01-09 12:12:43.524   668 11520 E AdrenoUtils: <validate_memory_layout_input_parmas:1923>: Unknown Format 0
01-09 12:12:43.524   668 11520 E AdrenoUtils: <adreno_init_memory_layout:4634>: Memory Layout input parameter validation failed!
01-09 12:12:43.524   668 11520 E qdgralloc: GetGpuResourceSizeAndDimensions Graphics metadata init failed
01-09 12:12:43.524 29542 29560 E GraphicBufferAllocator: Failed to allocate (4 x 4) layerCount 1 format 59 usage b00: 1
01-09 12:12:43.524 29542 29560 E AHardwareBuffer: GraphicBuffer(w=4, h=4, lc=1) failed (Unknown error -1), handle=0x0
01-09 12:12:43.524 29542 29560 E qdgralloc: GetGpuPixelFormat: No map for format: 0x38
01-09 12:12:43.524 29542 29560 E AdrenoUtils: <validate_memory_layout_input_parmas:1923>: Unknown Format 0
01-09 12:12:43.524 29542 29560 E AdrenoUtils: <adreno_init_memory_layout:4634>: Memory Layout input parameter validation failed!
01-09 12:12:43.524 29542 29560 E qdgralloc: GetGpuResourceSizeAndDimensions Graphics metadata init failed
01-09 12:12:43.524 29542 29560 E Gralloc4: isSupported(1, 1, 56, 1, ...) failed with 1
01-09 12:12:43.524   668 11520 E qdgralloc: GetGpuPixelFormat: No map for format: 0x38
01-09 12:12:43.524   668 11520 E AdrenoUtils: <validate_memory_layout_input_parmas:1923>: Unknown Format 0
01-09 12:12:43.524   668 11520 E AdrenoUtils: <adreno_init_memory_layout:4634>: Memory Layout input parameter validation failed!
01-09 12:12:43.524   668 11520 E qdgralloc: GetGpuResourceSizeAndDimensions Graphics metadata init failed
01-09 12:12:43.524 29542 29560 E GraphicBufferAllocator: Failed to allocate (4 x 4) layerCount 1 format 56 usage b00: 1
01-09 12:12:43.524 29542 29560 E AHardwareBuffer: GraphicBuffer(w=4, h=4, lc=1) failed (Unknown error -1), handle=0x0
01-09 12:12:43.524 29542 29560 E qdgralloc: GetGpuPixelFormat: No map for format: 0x3b
01-09 12:12:43.524 29542 29560 E AdrenoUtils: <validate_memory_layout_input_parmas:1923>: Unknown Format 0
01-09 12:12:43.524 29542 29560 E AdrenoUtils: <adreno_init_memory_layout:4634>: Memory Layout input parameter validation failed!
01-09 12:12:43.524 29542 29560 E qdgralloc: GetGpuResourceSizeAndDimensions Graphics metadata init failed
01-09 12:12:43.524 29542 29560 E Gralloc4: isSupported(1, 1, 59, 1, ...) failed with 1
01-09 12:12:43.524   668 11520 E qdgralloc: GetGpuPixelFormat: No map for format: 0x3b
01-09 12:12:43.524   668 11520 E AdrenoUtils: <validate_memory_layout_input_parmas:1923>: Unknown Format 0
01-09 12:12:43.524   668 11520 E AdrenoUtils: <adreno_init_memory_layout:4634>: Memory Layout input parameter validation failed!
01-09 12:12:43.524   668 11520 E qdgralloc: GetGpuResourceSizeAndDimensions Graphics metadata init failed
01-09 12:12:43.524 29542 29560 E GraphicBufferAllocator: Failed to allocate (4 x 4) layerCount 1 format 59 usage b00: 1
01-09 12:12:43.524 29542 29560 E AHardwareBuffer: GraphicBuffer(w=4, h=4, lc=1) failed (Unknown error -1), handle=0x0
01-09 12:12:43.532  1785  2541 D CompatibilityChangeReporter: Compat change id reported: 161145287; UID 10273; state: ENABLED
01-09 12:12:43.535 29542 29560 V MediaRouter: Selecting route: RouteInfo{ name=Phone, description=null, status=null, category=RouteCategory{ name=System types=ROUTE_TYPE_LIVE_AUDIO ROUTE_TYPE_LIVE_VIDEO  groupable=false }, supportedTypes=ROUTE_TYPE_LIVE_AUDIO ROUTE_TYPE_LIVE_VIDEO , presentationDisplay=null }
01-09 12:12:43.535 29542 29560 I MediaRouter: Skip setBluetoothA2dpOn(): types=8388615, isPlaybackActive()=false, BT route=null
01-09 12:12:43.545  1086  1254 I ASH     : @ 969634.347: tcs3701: stop power rail pending_off timer
01-09 12:12:43.545  1086  1254 D ASH     : @ 969634.347: tcs3701: start power rail timer, state:3
01-09 12:12:43.585  1086  1254 I ASH     : @ 969634.387: tcs3701: stop power rail pending_off timer
01-09 12:12:43.585  1086  1254 D ASH     : @ 969634.387: tcs3701: start power rail timer, state:3
01-09 12:12:43.605  2565  2589 V WindowManagerShell: Transition animation finished (aborted=false), notifying core (#200)android.os.BinderProxy@c1a0fb1@0
01-09 12:12:43.607  1785  2095 V WindowManager: Finish Transition #200: created at 01-09 12:12:43.259 collect-started=0.052ms request-sent=6.509ms started=7.463ms ready=37.853ms sent=39.591ms finished=347.573ms
01-09 12:12:43.608  2658  2658 I WallpaperService: engine paused
01-09 12:12:43.609  1086  1086 I sensors-hal: [hal]activate_physical_sensor:251, android.sensor.gyroscope/41 en=0
01-09 12:12:43.610  1086  1086 D Diag_Lib: diag: Diag_LSM_DeInit: invoked for pid: 1086
01-09 12:12:43.610  1086  1086 D Diag_Lib: diag: Diag_LSM_DeInit: done for pid: 1086
01-09 12:12:43.611  1048  2484 D audio_hw_primary: adev_set_parameters: enter: rotation=0
01-09 12:12:43.611  1048  2484 D a2dp_offload: end of a2dp setparam
01-09 12:12:43.613  1086  1086 D Diag_Lib: diag: Diag_LSM_DeInit: invoked for pid: 1086
01-09 12:12:43.613  1086  1086 D Diag_Lib: diag: Diag_LSM_DeInit: done for pid: 1086
01-09 12:12:43.613  1086  1086 I sensors-hal: [hal]activate_physical_sensor:262, android.sensor.gyroscope/41 en=0 completed
01-09 12:12:43.614  1785  2541 I ActivityTaskManager: Config changes=20000480 {1.0 ?mcc0mnc [en_US] ldltr sw370dp w851dp h341dp 440dpi nrml long hdr widecg land night finger -keyb/v/h -nav/h winConfig={ mBounds=Rect(0, 0 - 2340, 1080) mAppBounds=Rect(0, 63 - 2340, 1014) mMaxBounds=Rect(0, 0 - 2340, 1080) mDisplayRotation=ROTATION_0 mWindowingMode=fullscreen mDisplayWindowingMode=fullscreen mActivityType=undefined mAlwaysOnTop=undefined mRotation=ROTATION_0} s.2515 fontWeightAdjustment=0}
01-09 12:12:43.621   665   665 I BpBinder: onLastStrongRef automatically unlinking death recipients: 
01-09 12:12:43.625  1086  1254 I ASH     : @ 969634.427: tcs3701: stop power rail pending_off timer
01-09 12:12:43.625  1086  1254 D ASH     : @ 969634.427: tcs3701: start power rail timer, state:3
01-09 12:12:43.631  1785  2541 I WindowManager: Override config changes=20000480 {1.0 ?mcc0mnc [en_US] ldltr sw370dp w851dp h341dp 440dpi nrml long hdr widecg land night finger -keyb/v/h -nav/h winConfig={ mBounds=Rect(0, 0 - 2340, 1080) mAppBounds=Rect(0, 63 - 2340, 1014) mMaxBounds=Rect(0, 0 - 2340, 1080) mDisplayRotation=ROTATION_0 mWindowingMode=fullscreen mDisplayWindowingMode=fullscreen mActivityType=undefined mAlwaysOnTop=undefined mRotation=ROTATION_0} s.2515 fontWeightAdjustment=0} for displayId=0
01-09 12:12:43.632  2565  2565 I NoBackGesture: NavbarController: newConfig={1.0 ?mcc0mnc [en_US] ldltr sw370dp w851dp h341dp 440dpi nrml long hdr widecg land night finger -keyb/v/h -nav/h winConfig={ mBounds=Rect(0, 0 - 2340, 1080) mAppBounds=Rect(0, 63 - 2340, 1014) mMaxBounds=Rect(0, 0 - 2340, 1080) mDisplayRotation=ROTATION_0 mWindowingMode=fullscreen mDisplayWindowingMode=fullscreen mActivityType=undefined mAlwaysOnTop=undefined mRotation=ROTATION_0} s.2560 fontWeightAdjustment=0} mTaskbarDelegate initialized=false willApplyConfigToNavbars=false navBarCount=1
01-09 12:12:43.633  2565  2565 I NoBackGesture: Config changed: newConfig={1.0 ?mcc0mnc [en_US] ldltr sw370dp w851dp h341dp 440dpi nrml long hdr widecg land night finger -keyb/v/h -nav/h winConfig={ mBounds=Rect(0, 0 - 2340, 1080) mAppBounds=Rect(0, 63 - 2340, 1014) mMaxBounds=Rect(0, 0 - 2340, 1080) mDisplayRotation=ROTATION_0 mWindowingMode=fullscreen mDisplayWindowingMode=fullscreen mActivityType=undefined mAlwaysOnTop=undefined mRotation=ROTATION_0} s.2560 fontWeightAdjustment=0} lastReportedConfig={1.0 ?mcc0mnc [en_US] ldltr sw370dp w370dp h799dp 440dpi nrml long hdr widecg port night finger -keyb/v/h -nav/h winConfig={ mBounds=Rect(0, 0 - 1080, 2340) mAppBounds=Rect(0, 0 - 1017, 2274) mMaxBounds=Rect(0, 0 - 1080, 2340) mDisplayRotation=ROTATION_270 mWindowingMode=fullscreen mDisplayWindowingMode=fullscreen mActivityType=undefined mAlwaysOnTop=undefined mRotation=ROTATION_270} s.2508 fontWeightAdjustment=0}
01-09 12:12:43.633  2565  2565 D CentralSurfaces: Received new disable state: enaihbcrso.qingr (unchanged)
01-09 12:12:43.636  3450  3450 I DeviceModeUtil: DeviceModeUtil.getDeviceMode():122 Get device mode phone by ui mode:1 and smallestScreenWidthDp:370
01-09 12:12:43.645  2565  2589 V WindowManagerShell: Track 0 became idle
01-09 12:12:43.645  2565  2589 V WindowManagerShell: All active transition animations finished
01-09 12:12:43.645  2565  2589 V WindowManagerShell: Transition requested: android.os.BinderProxy@a1aea06 TransitionRequestInfo { type = CHANGE, triggerTask = null, remoteTransition = null, displayChange = DisplayChange { displayId = 0, startAbsBounds = null, endAbsBounds = null, startRotation = 3, endRotation = 0, physicalDisplayChanged = false } }
01-09 12:12:43.645  2565  2589 D WindowManagerShell: PipTaskOrganizer: Skip onMovementBoundsChanged on rotation change InSwipePipToHomeTransition=false mWaitForFixedRotation=true getTransitionState=0
01-09 12:12:43.647  1785  2098 I InputManager-JNI: Viewport [0] to add: local:4630946523002478721, isActive: true
01-09 12:12:43.648  1785  2448 I InputReader: Reconfiguring input devices, changes=DISPLAY_INFO
01-09 12:12:43.649  3450  3450 W GoogleInputMethodService: GoogleInputMethodService.onConfigurationChanged():1557 onConfigurationChanged() : NewConfig = {1.0 ?mcc0mnc [en_US] ldltr sw370dp w851dp h341dp 440dpi nrml long hdr widecg land night finger -keyb/v/h -nav/h winConfig={ mBounds=Rect(0, 0 - 2340, 1080) mAppBounds=Rect(0, 63 - 2340, 1014) mMaxBounds=Rect(0, 0 - 2340, 1080) mDisplayRotation=ROTATION_0 mWindowingMode=fullscreen mDisplayWindowingMode=fullscreen mActivityType=undefined mAlwaysOnTop=undefined mRotation=ROTATION_0} s.2515 fontWeightAdjustment=0}
01-09 12:12:43.649  3450  3450 I GoogleInputMethodService: GoogleInputMethodService.onConfigurationChanged():1575 changedMask : 20000480
01-09 12:12:43.650  3450  3450 I DeviceModeUtil: DeviceModeUtil.getDeviceMode():122 Get device mode phone by ui mode:1 and smallestScreenWidthDp:370
01-09 12:12:43.650  3450  3450 I KeyboardModeManager: KeyboardModeManager.setInputView():364 setInputView() : supportsOneHandedMode=false
01-09 12:12:43.651  3450  3450 I NormalModeController: NormalModeController.getKeyboardBodyViewHolderPaddingBottom():116 currentPrimeKeyboardType:SOFT systemPaddingBottom:27
01-09 12:12:43.651  3450  3450 I KeyboardModeManager: KeyboardModeManager.setInputView():356 setInputView() : entry=hwn{languageTag=en-US, variant=qwerty, hasLocalizedResources=true, conditionCacheKey=_device=phone_device_size=default_enable_adaptive_text_editing=false_enable_inline_suggestions_on_client_side=false_enable_large_tablet_batch_1=false_enable_large_tablet_batch_2=false_enable_more_candidates_view_for_multilingual=false_enable_nav_redesign=false_enable_number_row=false_enable_preemptive_decode=true_enable_secondary_symbols=false_expressions=normal_four_or_more_letter_rows=false_keyboard_mode=normal_language=en-US_orientation=portrait_physical_keyboard=nokeys_show_secondary_digits=true_show_suggestions=true_split_with_duplicate_keys=true_variant=qwerty, imeDef.stringId=ime_english_united_states, imeDef.className=com.google.android.apps.inputmethod.libs.latin5.LatinIme, imeDef.languageTag=en-US}
01-09 12:12:43.655  2565  2589 D WindowManagerShell: onFixedRotationFinished: null, state=PipTransitionState(mState=undefined, mInSwipePipToHomeTransition=false)
01-09 12:12:43.656  2992  2992 D b/254119092: TaskbarManager#mComponentCallbacks.onConfigurationChanged: {1.0 ?mcc0mnc [en_US] ldltr sw370dp w851dp h341dp 440dpi nrml long hdr widecg land night finger -keyb/v/h -nav/h winConfig={ mBounds=Rect(0, 0 - 2340, 1080) mAppBounds=Rect(0, 63 - 2340, 1014) mMaxBounds=Rect(0, 0 - 2340, 1080) mDisplayRotation=ROTATION_0 mWindowingMode=fullscreen mDisplayWindowingMode=fullscreen mActivityType=undefined mAlwaysOnTop=undefined mRotation=ROTATION_0} s.2515 fontWeightAdjustment=0}
01-09 12:12:43.656  2992  2992 D b/254119092: mActivity and mContext agree taskbarIsPresent=false
01-09 12:12:43.656  2565  2589 V WindowManagerShell: Display changed: 0
01-09 12:12:43.656  2992  2992 D b/254119092: ComponentCallbacks#onConfigurationChanged() configDiffForRecreate={CONFIG_ORIENTATION, CONFIG_SCREEN_SIZE, CONFIG_WINDOW_CONFIGURATION}
01-09 12:12:43.656  2992  2992 D b/254119092: mActivity and mContext agree taskbarIsPresent=false
01-09 12:12:43.656  2992  2992 D b/254119092: destroyExistingTaskbar: null
01-09 12:12:43.656  2992  2992 D b/254119092: mActivity and mContext agree taskbarIsPresent=false
01-09 12:12:43.656  2992  2992 D b/254119092: recreateTaskbar: isTaskbarEnabled=false [dp != null (i.e. mUserUnlocked)]=true FLAG_HIDE_NAVBAR_WINDOW=false dp.isTaskbarPresent=false
01-09 12:12:43.656  2992  2992 D b/254119092: mActivity and mContext agree taskbarIsPresent=false
01-09 12:12:43.659  3450  3450 I StyledKeyboardTheme: StyledKeyboardTheme.<init>():87 Pref: [], themeName: [silk:], darkMode: [true], cacheKey: [overlay_builtin_dynamic_color_dark_base.binarypb:dynamic-dark-ff221919-ffffdada-3567773180d6d2ac1f26fbab877dbf1b]
01-09 12:12:43.660  3450  3450 I DeviceModeUtil: DeviceModeUtil.getDeviceMode():122 Get device mode phone by ui mode:1 and smallestScreenWidthDp:370
01-09 12:12:43.660  2992  2992 D b/254119092: DisplayController#onConfigurationChanged: {1.0 ?mcc0mnc [en_US] ldltr sw370dp w851dp h341dp 440dpi nrml long hdr widecg land night finger -keyb/v/h -nav/h winConfig={ mBounds=Rect(0, 0 - 2340, 1080) mAppBounds=Rect(0, 63 - 2340, 1014) mMaxBounds=Rect(0, 0 - 2340, 1080) mDisplayRotation=ROTATION_0 mWindowingMode=fullscreen mDisplayWindowingMode=fullscreen mActivityType=undefined mAlwaysOnTop=undefined mRotation=ROTATION_0} s.2515 fontWeightAdjustment=0}
01-09 12:12:43.660  3450  3450 I DeviceModeUtil: DeviceModeUtil.getDeviceMode():122 Get device mode phone by ui mode:1 and smallestScreenWidthDp:370
01-09 12:12:43.660  3450  3450 I DeviceModeUtil: DeviceModeUtil.getDeviceMode():122 Get device mode phone by ui mode:1 and smallestScreenWidthDp:370
01-09 12:12:43.660  3450  3450 I DeviceModeUtil: DeviceModeUtil.getDeviceMode():122 Get device mode phone by ui mode:1 and smallestScreenWidthDp:370
01-09 12:12:43.661  3450  3450 I GoogleInputMethodService: GoogleInputMethodService.initializeKeyboardTheme():1343 Apply keyboard theme: theme_border_stylesheet_noshadow_pgsans_pillkey_silkpopup_phone_350_overlay_builtin_dynamic_color_dark_base.binarypb:dynamic-dark-ff221919-ffffdada-3567773180d6d2ac1f26fbab877dbf1b_land
01-09 12:12:43.662  2565  2599 E OpenGLRenderer: Unable to match the desired swap behavior.
01-09 12:12:43.665  1086  1254 I ASH     : @ 969634.467: tcs3701: stop power rail pending_off timer
01-09 12:12:43.665  1086  1254 D ASH     : @ 969634.467: tcs3701: start power rail timer, state:3
01-09 12:12:43.667  3450  3450 I DeviceModeUtil: DeviceModeUtil.getDeviceMode():122 Get device mode phone by ui mode:1 and smallestScreenWidthDp:370
01-09 12:12:43.667  3450  3450 I NormalModeController: NormalModeController.getKeyboardBodyViewHolderPaddingBottom():116 currentPrimeKeyboardType:SOFT systemPaddingBottom:-1
01-09 12:12:43.667  2565  2565 I NoBackGesture: Config changed: newConfig={1.0 ?mcc0mnc [en_US] ldltr sw370dp w851dp h341dp 440dpi nrml long hdr widecg land night finger -keyb/v/h -nav/h winConfig={ mBounds=Rect(0, 0 - 2340, 1080) mAppBounds=Rect(0, 63 - 2340, 1014) mMaxBounds=Rect(0, 0 - 2340, 1080) mDisplayRotation=ROTATION_0 mWindowingMode=fullscreen mDisplayWindowingMode=fullscreen mActivityType=undefined mAlwaysOnTop=undefined mRotation=ROTATION_0} s.2560 fontWeightAdjustment=0} lastReportedConfig={1.0 ?mcc0mnc [en_US] ldltr sw370dp w851dp h341dp 440dpi nrml long hdr widecg land night finger -keyb/v/h -nav/h winConfig={ mBounds=Rect(0, 0 - 2340, 1080) mAppBounds=Rect(0, 63 - 2340, 1014) mMaxBounds=Rect(0, 0 - 2340, 1080) mDisplayRotation=ROTATION_0 mWindowingMode=fullscreen mDisplayWindowingMode=fullscreen mActivityType=undefined mAlwaysOnTop=undefined mRotation=ROTATION_0} s.2560 fontWeightAdjustment=0}
01-09 12:12:43.669  2565  2599 E OpenGLRenderer: Unable to match the desired swap behavior.
01-09 12:12:43.669  3450  3450 I InputMethodEntryManager: InputMethodEntryManager.startLoadingInputMethodEntrySettings():739 Start loading input method entry settings: [LanguageTagVariantTuple{languageTag=en-US, variant=qwerty}]
01-09 12:12:43.671   665   665 I BpBinder: onLastStrongRef automatically unlinking death recipients: 
01-09 12:12:43.681  2992  2992 D b/254119092: DisplayInfoChangeListener#CHANGE_ROTATION
01-09 12:12:43.681  2992  2992 D b/254119092: mActivity and mContext agree taskbarIsPresent=false
01-09 12:12:43.682 29542 29542 D CompatibilityChangeReporter: Compat change id reported: 150939131; UID 10273; state: ENABLED
01-09 12:12:43.683  3450  3450 I InputMethodEntryManager: InputMethodEntryManager.updateInputMethodEntrySettingsLoadingTask():826 update loading task with resetImplicitlyEnabledEntries is false
01-09 12:12:43.683  2565  2599 E OpenGLRenderer: Unable to match the desired swap behavior.
01-09 12:12:43.686  3450  3450 I KeyboardViewUtil: KeyboardViewUtil.getKeyboardHeightRatio():189 systemKeyboardHeightRatio:1.200000; userKeyboardHeightRatio:1.000000.
01-09 12:12:43.687  2992  3053 I ImeTracker: com.google.android.apps.nexuslauncher:6e11e39c: onRequestHide at ORIGIN_CLIENT_HIDE_SOFT_INPUT reason HIDE_SOFT_INPUT
01-09 12:12:43.687  2992  3053 I ImeTracker: com.google.android.apps.nexuslauncher:6e11e39c: onFailed at PHASE_CLIENT_VIEW_SERVED
01-09 12:12:43.692  1785  2095 V WindowManager: Sent Transition #201 createdAt=01-09 12:12:43.608 via request=TransitionRequestInfo { type = CHANGE, triggerTask = null, remoteTransition = null, displayChange = DisplayChange { displayId = 0, startAbsBounds = null, endAbsBounds = null, startRotation = 3, endRotation = 0, physicalDisplayChanged = false } }
01-09 12:12:43.692  1785  2095 V WindowManager:     startWCT=WindowContainerTransaction { changes = {} hops = [] errorCallbackToken=null taskFragmentOrganizer=null }
01-09 12:12:43.693  1785  2095 V WindowManager:     info={id=201 t=CHANGE f=0x0 trk=0 r=[0@Point(0, 0)] c=[{WCT{RemoteToken{89114c3 Task{94250d3 #103 type=standard A=10273:com.driftsys.dashscene.showcase}}} m=CHANGE f=NONE p=WCT{RemoteToken{b340211 DefaultTaskDisplayArea@206321932}} leash=Surface(name=Task=103)/@0x8ecd27 sb=Rect(0, 0 - 1080, 2340) eb=Rect(0, 0 - 2340, 1080) d=0 r=3->0:0},{WCT{RemoteToken{b340211 DefaultTaskDisplayArea@206321932}} m=CHANGE f=NONE p=WCT{RemoteToken{22b1238 Display{#0 state=ON size=2340x1080 ROTATION_0}}} leash=Surface(name=DefaultTaskDisplayArea)/@0x19510ff sb=Rect(0, 0 - 1080, 2340) eb=Rect(0, 0 - 2340, 1080) d=0 r=3->0:-1},{WCT{RemoteToken{22b1238 Display{#0 state=ON size=2340x1080 ROTATION_0}}} m=CHANGE f=IS_DISPLAY leash=Surface(name=WindowedMagnification:0:31)/@0x1d75080 sb=Rect(0, 0 - 1080, 2340) eb=Rect(0, 0 - 2340, 1080) d=0 r=3->0:3}]}
01-09 12:12:43.696  2565  2589 V WindowManagerShell: onTransitionReady android.os.BinderProxy@a1aea06: {id=201 t=CHANGE f=0x0 trk=0 r=[0@Point(0, 0)] c=[{WCT{android.window.IWindowContainerToken$Stub$Proxy@75fed7f} m=CHANGE f=NONE p=WCT{android.window.IWindowContainerToken$Stub$Proxy@d6f014c} leash=Surface(name=Task=103)/@0x3245223 sb=Rect(0, 0 - 1080, 2340) eb=Rect(0, 0 - 2340, 1080) d=0 r=3->0:0},{WCT{android.window.IWindowContainerToken$Stub$Proxy@770e595} m=CHANGE f=NONE p=WCT{android.window.IWindowContainerToken$Stub$Proxy@74356aa} leash=Surface(name=DefaultTaskDisplayArea)/@0x18fd320 sb=Rect(0, 0 - 1080, 2340) eb=Rect(0, 0 - 2340, 1080) d=0 r=3->0:-1},{WCT{android.window.IWindowContainerToken$Stub$Proxy@d8fe29b} m=CHANGE f=IS_DISPLAY leash=Surface(name=WindowedMagnification:0:31)/@0x750d4d9 sb=Rect(0, 0 - 1080, 2340) eb=Rect(0, 0 - 2340, 1080) d=0 r=3->0:3}]}
01-09 12:12:43.696  2565  2589 V WindowManagerShell: Playing animation for (#201)android.os.BinderProxy@a1aea06@0
01-09 12:12:43.696  2565  2589 V WindowManagerShell:  try handler com.android.wm.shell.transition.DefaultMixedHandler@83c3803
01-09 12:12:43.696  2565  2589 V WindowManagerShell:  try handler com.android.wm.shell.keyguard.KeyguardTransitionHandler@6f380
01-09 12:12:43.696  2565  2589 V WindowManagerShell:  try handler com.android.wm.shell.activityembedding.ActivityEmbeddingController@626ddb9
01-09 12:12:43.696  2565  2589 V WindowManagerShell:  try handler com.android.wm.shell.recents.RecentsTransitionHandler@c30f5fe
01-09 12:12:43.696  2565  2589 V ShellRecents: RecentsTransitionHandler.startAnimation: no controller found
01-09 12:12:43.696  2565  2589 V WindowManagerShell:  try handler com.android.wm.shell.pip.PipTransition@c40515f
01-09 12:12:43.696  2565  2589 V WindowManagerShell:  try handler com.android.wm.shell.splitscreen.StageCoordinator@ea7c7ac
01-09 12:12:43.696  2565  2589 V WindowManagerShell:  try handler com.android.wm.shell.transition.RemoteTransitionHandler@74e9c75
01-09 12:12:43.696  2565  2589 V WindowManagerShell:  try handler com.android.wm.shell.transition.DefaultTransitionHandler@3fbc6d6
01-09 12:12:43.696  2565  2589 V WindowManagerShell: start default transition animation, info = {id=201 t=CHANGE f=0x0 trk=0 r=[0@Point(0, 0)] c=[{WCT{android.window.IWindowContainerToken$Stub$Proxy@75fed7f} m=CHANGE f=NONE p=WCT{android.window.IWindowContainerToken$Stub$Proxy@d6f014c} leash=Surface(name=Task=103)/@0x3245223 sb=Rect(0, 0 - 1080, 2340) eb=Rect(0, 0 - 2340, 1080) d=0 r=3->0:0},{WCT{android.window.IWindowContainerToken$Stub$Proxy@770e595} m=CHANGE f=NONE p=WCT{android.window.IWindowContainerToken$Stub$Proxy@74356aa} leash=Surface(name=DefaultTaskDisplayArea)/@0x18fd320 sb=Rect(0, 0 - 1080, 2340) eb=Rect(0, 0 - 2340, 1080) d=0 r=3->0:-1},{WCT{android.window.IWindowContainerToken$Stub$Proxy@d8fe29b} m=CHANGE f=IS_DISPLAY leash=Surface(name=WindowedMagnification:0:31)/@0x750d4d9 sb=Rect(0, 0 - 1080, 2340) eb=Rect(0, 0 - 2340, 1080) d=0 r=3->0:3}]}
01-09 12:12:43.696  2565  2589 V WindowManagerShell: Display is changing, resolve the animation hint.
01-09 12:12:43.696  2565  2589 V WindowManagerShell:   display requests explicit seamless
01-09 12:12:43.698  2565  2589 V WindowManagerShell: Transition animation finished (aborted=false), notifying core (#201)android.os.BinderProxy@a1aea06@0
01-09 12:12:43.699  3450  3450 W StyleResolver: StyleResolver.resolveValue():233 Invalid variable: color_silk_surface_background
01-09 12:12:43.701  1785  3761 I WindowManager: finishDrawing of orientation change: Window{3d67fe9 u0 ScreenDecorOverlayBottom} 59ms
01-09 12:12:43.701  1785  2541 W InputManager-JNI: Input channel object '8d7272f Splash Screen com.driftsys.dashscene.showcase (client)' was disposed without first being removed with the input manager!
01-09 12:12:43.701  3450  3450 I GoogleInputMethodService: GoogleInputMethodService.onStartInput():1877 onStartInput(EditorInfo{inputType=0x0(NULL) imeOptions=0x0 privateImeOptions=null actionName=UNSPECIFIED actionLabel=null actionId=0 initialSelStart=-1 initialSelEnd=-1 initialCapsMode=0x0 hintText=null label=null packageName=com.driftsys.dashscene.showcase fieldId=0 fieldName=null extras=null}, true)
01-09 12:12:43.701  3450  3450 I GoogleInputMethodService: GoogleInputMethodService.shouldHideHeaderOnInitialState():4008 ShouldHideHeaderOnInitialState = false
01-09 12:12:43.701  2565  2599 E OpenGLRenderer: Unable to match the desired swap behavior.
01-09 12:12:43.702  3450  3450 I GoogleInputMethodService: GoogleInputMethodService.updateDeviceLockedStatus():2087 repeatCheckTimes = 2, unlocked = true
01-09 12:12:43.702  3450  3450 W SessionManager: SessionManager.beginSession():53 Try to begin an already begun session [INPUT_SESSION], end it first
01-09 12:12:43.704  3450  3450 I InputMethodEntryManager: InputMethodEntryManager$5.onSuccess():845 Success load entries: [LanguageTagVariantTuple{languageTag=en-US, variant=qwerty}], resetImplicitlyEnabledEntries=false
01-09 12:12:43.705  1086  1254 I ASH     : @ 969634.507: tcs3701: stop power rail pending_off timer
01-09 12:12:43.705  1086  1254 D ASH     : @ 969634.507: tcs3701: start power rail timer, state:3
01-09 12:12:43.706  3450  3450 I DeviceModeUtil: DeviceModeUtil.getDeviceMode():122 Get device mode phone by ui mode:1 and smallestScreenWidthDp:370
01-09 12:12:43.707  3450  3450 I StyledKeyboardTheme: StyledKeyboardTheme.<init>():87 Pref: [], themeName: [silk:], darkMode: [true], cacheKey: [overlay_builtin_dynamic_color_dark_base.binarypb:dynamic-dark-ff221919-ffffdada-3567773180d6d2ac1f26fbab877dbf1b]
01-09 12:12:43.708  3450  3450 I DeviceModeUtil: DeviceModeUtil.getDeviceMode():122 Get device mode phone by ui mode:1 and smallestScreenWidthDp:370
01-09 12:12:43.708  3450  3450 I DeviceModeUtil: DeviceModeUtil.getDeviceMode():122 Get device mode phone by ui mode:1 and smallestScreenWidthDp:370
01-09 12:12:43.708  3450  3450 I DeviceModeUtil: DeviceModeUtil.getDeviceMode():122 Get device mode phone by ui mode:1 and smallestScreenWidthDp:370
01-09 12:12:43.708  3450  3450 I DeviceModeUtil: DeviceModeUtil.getDeviceMode():122 Get device mode phone by ui mode:1 and smallestScreenWidthDp:370
01-09 12:12:43.708  3450  3450 I GoogleInputMethodService: GoogleInputMethodService.initializeKeyboardTheme():1343 Apply keyboard theme: theme_border_stylesheet_noshadow_pgsans_pillkey_silkpopup_phone_350_overlay_builtin_dynamic_color_dark_base.binarypb:dynamic-dark-ff221919-ffffdada-3567773180d6d2ac1f26fbab877dbf1b_land
01-09 12:12:43.708  3450  3928 I SP      : Registering emoticon_content_description.2022081613, url: https://www.gstatic.com/android/keyboard/emoticon_content_desc/202208161305/superpacks_manifest.json, constraints: W:*:*:*, flags: bg, requested: 2022081613, current: -1
01-09 12:12:43.709  3450  3928 I SP      : Registering emoticon_content_description.2022081613, url: https://www.gstatic.com/android/keyboard/emoticon_content_desc/202208161305/superpacks_manifest.json, constraints: W:*:*:*, flags: bg, requested: 2022081613, current: -1
01-09 12:12:43.710  1086  1086 I sensors-hal: [hal]batch_physical_sensor:314, android.sensor.accelerometer/11, period=200000000, max_latency=0
01-09 12:12:43.710  1086  1086 I sensors-hal: [sensor]set_config:64, sample_period_ns is adjusted to 200000000 based on min/max delay_ns
01-09 12:12:43.710  1086  1086 I sensors-hal: [hal]batch_physical_sensor:323, android.sensor.accelerometer/11, period=200000000, max_latency=0 request completed
01-09 12:12:43.710  1086  1086 I sensors-hal: [hal]flush_physical_sensor:355, android.sensor.accelerometer/11
01-09 12:12:43.710  1086  1086 I sensors-hal: [hal]flush_physical_sensor:361, android.sensor.accelerometer/11 completed
01-09 12:12:43.711  1785  2095 V WindowManager: Finish Transition #201: created at 01-09 12:12:43.608 collect-started=0.09ms request-sent=0.19ms started=44.186ms ready=45.164ms sent=83.418ms finished=102.542ms
01-09 12:12:43.711  1086  1086 I sensors-hal: [hal]batch_physical_sensor:314, android.sensor.accelerometer/11, period=20000000, max_latency=0
01-09 12:12:43.711  1086  1086 I sensors-hal: [sensor]set_config:64, sample_period_ns is adjusted to 20000000 based on min/max delay_ns
01-09 12:12:43.711  1086  1086 I sensors-hal: [hal]batch_physical_sensor:323, android.sensor.accelerometer/11, period=20000000, max_latency=0 request completed
01-09 12:12:43.711  1086 24676 I sensors-hal: [ssc_sensor]ssc_conn_resp_cb:686, resp_value = 0
01-09 12:12:43.712  1086 24676 I sensors-hal: [ssc_sensor]ssc_conn_resp_cb:686, resp_value = 0
01-09 12:12:43.712  1086 24676 I sensors-hal: [ssc_sensor]ssc_conn_resp_cb:686, resp_value = 0
01-09 12:12:43.713  2565  2589 V WindowManagerShell: Track 0 became idle
01-09 12:12:43.713  2565  2589 V WindowManagerShell: All active transition animations finished
01-09 12:12:43.713  2565  2589 V WindowManagerShell:  animated by com.android.wm.shell.transition.DefaultTransitionHandler@3fbc6d6
01-09 12:12:43.713  2565  2589 V WindowManagerShell: Track 0 became idle
01-09 12:12:43.713  2565  2589 V WindowManagerShell: All active transition animations finished
01-09 12:12:43.713  3450  3450 I GoogleInputMethodService: GoogleInputMethodService.lambda$setDecorViewApplyWindowInsetsListener$10():1155 update screenHeightWithoutNaviBar to: 1080
01-09 12:12:43.714  3450  3450 I GoogleInputMethodService: GoogleInputMethodService.lambda$setDecorViewApplyWindowInsetsListener$10():1161 update max height when insets changes
01-09 12:12:43.720  2565  2599 E OpenGLRenderer: Unable to match the desired swap behavior.
01-09 12:12:43.724  2992  3053 I ImeTracker: com.google.android.apps.nexuslauncher:90b0ac70: onRequestHide at ORIGIN_CLIENT_HIDE_SOFT_INPUT reason HIDE_SOFT_INPUT
01-09 12:12:43.725  2992  3053 I ImeTracker: com.google.android.apps.nexuslauncher:90b0ac70: onFailed at PHASE_CLIENT_VIEW_SERVED
01-09 12:12:43.725 29542 29560 E qdgralloc: GetGpuPixelFormat: No map for format: 0x38
01-09 12:12:43.725 29542 29560 E AdrenoUtils: <validate_memory_layout_input_parmas:1923>: Unknown Format 0
01-09 12:12:43.725 29542 29560 E AdrenoUtils: <adreno_init_memory_layout:4634>: Memory Layout input parameter validation failed!
01-09 12:12:43.725 29542 29560 E qdgralloc: GetGpuResourceSizeAndDimensions Graphics metadata init failed
01-09 12:12:43.725 29542 29560 E Gralloc4: isSupported(1, 1, 56, 1, ...) failed with 1
01-09 12:12:43.725   668   668 E qdgralloc: GetGpuPixelFormat: No map for format: 0x38
01-09 12:12:43.725   668   668 E AdrenoUtils: <validate_memory_layout_input_parmas:1923>: Unknown Format 0
01-09 12:12:43.725   668   668 E AdrenoUtils: <adreno_init_memory_layout:4634>: Memory Layout input parameter validation failed!
01-09 12:12:43.725   668   668 E qdgralloc: GetGpuResourceSizeAndDimensions Graphics metadata init failed
01-09 12:12:43.725 29542 29560 E GraphicBufferAllocator: Failed to allocate (4 x 4) layerCount 1 format 56 usage b00: 1
01-09 12:12:43.725 29542 29560 E AHardwareBuffer: GraphicBuffer(w=4, h=4, lc=1) failed (Unknown error -1), handle=0x0
01-09 12:12:43.725 29542 29560 E qdgralloc: GetGpuPixelFormat: No map for format: 0x3b
01-09 12:12:43.725 29542 29560 E AdrenoUtils: <validate_memory_layout_input_parmas:1923>: Unknown Format 0
01-09 12:12:43.726  1785  4024 I WindowManager: finishDrawing of orientation change: Window{b5ce1d4 u0 ScreenDecorOverlay} 84ms
01-09 12:12:43.726  2992  3926 D OneSearchSuggestProvider: Shut down the binder channel
01-09 12:12:43.726  3450  3450 I GoogleInputMethodService: GoogleInputMethodService.lambda$setDecorViewApplyWindowInsetsListener$10():1155 update screenHeightWithoutNaviBar to: 948
01-09 12:12:43.726  3450  3450 I GoogleInputMethodService: GoogleInputMethodService.lambda$setDecorViewApplyWindowInsetsListener$10():1161 update max height when insets changes
01-09 12:12:43.725 29542 29560 E AdrenoUtils: <adreno_init_memory_layout:4634>: Memory Layout input parameter validation failed!
01-09 12:12:43.726 29542 29560 E qdgralloc: GetGpuResourceSizeAndDimensions Graphics metadata init failed
01-09 12:12:43.726 29542 29560 E Gralloc4: isSupported(1, 1, 59, 1, ...) failed with 1
01-09 12:12:43.727   668 11520 E qdgralloc: GetGpuPixelFormat: No map for format: 0x3b
01-09 12:12:43.727   668 11520 E AdrenoUtils: <validate_memory_layout_input_parmas:1923>: Unknown Format 0
01-09 12:12:43.727   668 11520 E AdrenoUtils: <adreno_init_memory_layout:4634>: Memory Layout input parameter validation failed!
01-09 12:12:43.727   668 11520 E qdgralloc: GetGpuResourceSizeAndDimensions Graphics metadata init failed
01-09 12:12:43.727  3450  3450 I DictionarySuperpacksManager: DictionarySuperpacksManager$1.onEnabledInputMethodEntriesChanged():61 onEnabledInputMethodEntriesChanged
01-09 12:12:43.727 29542 29560 E GraphicBufferAllocator: Failed to allocate (4 x 4) layerCount 1 format 59 usage b00: 1
01-09 12:12:43.727 29542 29560 E AHardwareBuffer: GraphicBuffer(w=4, h=4, lc=1) failed (Unknown error -1), handle=0x0
01-09 12:12:43.727 29542 29560 E qdgralloc: GetGpuPixelFormat: No map for format: 0x38
01-09 12:12:43.727 29542 29560 E AdrenoUtils: <validate_memory_layout_input_parmas:1923>: Unknown Format 0
01-09 12:12:43.727 29542 29560 E AdrenoUtils: <adreno_init_memory_layout:4634>: Memory Layout input parameter validation failed!
01-09 12:12:43.727 29542 29560 E qdgralloc: GetGpuResourceSizeAndDimensions Graphics metadata init failed
01-09 12:12:43.727 29542 29560 E Gralloc4: isSupported(1, 1, 56, 1, ...) failed with 1
01-09 12:12:43.727   668 11520 E qdgralloc: GetGpuPixelFormat: No map for format: 0x38
01-09 12:12:43.727   668 11520 E AdrenoUtils: <validate_memory_layout_input_parmas:1923>: Unknown Format 0
01-09 12:12:43.727   668 11520 E AdrenoUtils: <adreno_init_memory_layout:4634>: Memory Layout input parameter validation failed!
01-09 12:12:43.727   668 11520 E qdgralloc: GetGpuResourceSizeAndDimensions Graphics metadata init failed
01-09 12:12:43.727 29542 29560 E GraphicBufferAllocator: Failed to allocate (4 x 4) layerCount 1 format 56 usage b00: 1
01-09 12:12:43.727 29542 29560 E AHardwareBuffer: GraphicBuffer(w=4, h=4, lc=1) failed (Unknown error -1), handle=0x0
01-09 12:12:43.727 29542 29560 E qdgralloc: GetGpuPixelFormat: No map for format: 0x3b
01-09 12:12:43.727 29542 29560 E AdrenoUtils: <validate_memory_layout_input_parmas:1923>: Unknown Format 0
01-09 12:12:43.727 29542 29560 E AdrenoUtils: <adreno_init_memory_layout:4634>: Memory Layout input parameter validation failed!
01-09 12:12:43.727 29542 29560 E qdgralloc: GetGpuResourceSizeAndDimensions Graphics metadata init failed
01-09 12:12:43.727 29542 29560 E Gralloc4: isSupported(1, 1, 59, 1, ...) failed with 1
01-09 12:12:43.727   668   668 E qdgralloc: GetGpuPixelFormat: No map for format: 0x3b
01-09 12:12:43.727   668   668 E AdrenoUtils: <validate_memory_layout_input_parmas:1923>: Unknown Format 0
01-09 12:12:43.727   668   668 E AdrenoUtils: <adreno_init_memory_layout:4634>: Memory Layout input parameter validation failed!
01-09 12:12:43.727   668   668 E qdgralloc: GetGpuResourceSizeAndDimensions Graphics metadata init failed
01-09 12:12:43.728 29542 29560 E GraphicBufferAllocator: Failed to allocate (4 x 4) layerCount 1 format 59 usage b00: 1
01-09 12:12:43.728 29542 29560 E AHardwareBuffer: GraphicBuffer(w=4, h=4, lc=1) failed (Unknown error -1), handle=0x0
01-09 12:12:43.745  1086  1254 I ASH     : @ 969634.547: tcs3701: stop power rail pending_off timer
01-09 12:12:43.745  1086  1254 D ASH     : @ 969634.547: tcs3701: start power rail timer, state:3
01-09 12:12:43.750  3450  3928 I SP      : Scheduling job with delay of 0s for {m:b:u:l, bg}, 1 candidates
01-09 12:12:43.755  1785  2974 E JobScheduler.JobStatus: App com.google.android.inputmethod.latin became active but still in NEVER bucket
01-09 12:12:43.763  3450  3928 I SP      : Scheduling: download registered, 0 started, 0 paused, 1 scheduled, 5 pending: manifests:delight-2022101700 * {m:b:u:l, bg}, manifests:next-word-predictor-20210507 {W:b:u:l, bg}, manifests:emoji-20190807 {m:b:u:l, bg}, manifests:content_cache-2020101916 {W:b:u:l, bg}, manifests:emoticon_content_description-2022081613 {W:b:u:l, bg}
01-09 12:12:43.764  3450  3928 I SuperpacksManagerImpl: SuperpacksManagerImpl$3$1.onFailure():577 emoticon_content_description.registerManifest() cancelled
01-09 12:12:43.765  3450  3928 I SP      : Registering emoticon_content_description.2022081613, url: https://www.gstatic.com/android/keyboard/emoticon_content_desc/202208161305/superpacks_manifest.json, constraints: W:*:*:*, flags: bg, requested: 2022081613, current: -1
01-09 12:12:43.766  3450  3928 I SuperpacksManagerImpl: SuperpacksManagerImpl$3$1.onFailure():577 emoticon_content_description.registerManifest() cancelled
01-09 12:12:43.774  3450  3928 I SP      : Scheduling job with delay of 0s for {m:b:u:l, bg}, 1 candidates
01-09 12:12:43.777  1785  2541 E JobScheduler.JobStatus: App com.google.android.inputmethod.latin became active but still in NEVER bucket
01-09 12:12:43.785  1086  1254 I ASH     : @ 969634.587: tcs3701: stop power rail pending_off timer
01-09 12:12:43.785  1086  1254 D ASH     : @ 969634.587: tcs3701: start power rail timer, state:3
01-09 12:12:43.786  3450  3928 I SP      : Scheduling: download registered, 0 started, 0 paused, 1 scheduled, 5 pending: manifests:delight-2022101700 * {m:b:u:l, bg}, manifests:next-word-predictor-20210507 {W:b:u:l, bg}, manifests:emoji-20190807 {m:b:u:l, bg}, manifests:content_cache-2020101916 {W:b:u:l, bg}, manifests:emoticon_content_description-2022081613 {W:b:u:l, bg}
01-09 12:12:43.787  3450  3928 I SP      : Registering content_cache.2020101916, url: https://www.gstatic.com/android/keyboard/modelpack/contentcache/202010191648/superpacks_manifest.json, constraints: W:*:*:*, flags: bg, requested: 2020101916, current: -1
01-09 12:12:43.788  3450  3928 I SuperpacksManagerImpl: SuperpacksManagerImpl$3$1.onFailure():577 emoticon_content_description.registerManifest() cancelled
01-09 12:12:43.790  1785  2095 I ActivityTaskManager: Fully drawn com.driftsys.dashscene.showcase/com.unity3d.player.UnityPlayerActivity: +534ms
01-09 12:12:43.793  3450  3928 I SP      : Scheduling job with delay of 0s for {m:b:u:l, bg}, 1 candidates
01-09 12:12:43.795  1785  2541 E JobScheduler.JobStatus: App com.google.android.inputmethod.latin became active but still in NEVER bucket
01-09 12:12:43.799  3450  3928 I SP      : Scheduling: download registered, 0 started, 0 paused, 1 scheduled, 5 pending: manifests:delight-2022101700 * {m:b:u:l, bg}, manifests:next-word-predictor-20210507 {W:b:u:l, bg}, manifests:emoji-20190807 {m:b:u:l, bg}, manifests:emoticon_content_description-2022081613 {W:b:u:l, bg}, manifests:content_cache-2020101916 {W:b:u:l, bg}
01-09 12:12:43.799  3450  3928 I SuperpacksManagerImpl: SuperpacksManagerImpl$3$1.onFailure():577 content_cache.registerManifest() cancelled
01-09 12:12:43.825  1086  1254 I ASH     : @ 969634.627: tcs3701: stop power rail pending_off timer
01-09 12:12:43.827  1086  1254 D ASH     : @ 969634.627: tcs3701: start power rail timer, state:3
01-09 12:12:43.865  1086  1254 I ASH     : @ 969634.667: tcs3701: stop power rail pending_off timer
01-09 12:12:43.865  1086  1254 D ASH     : @ 969634.667: tcs3701: start power rail timer, state:3
01-09 12:12:43.905  1086  1254 I ASH     : @ 969634.707: tcs3701: stop power rail pending_off timer
01-09 12:12:43.905  1086  1254 D ASH     : @ 969634.707: tcs3701: start power rail timer, state:3
01-09 12:12:43.945  1086  1254 I ASH     : @ 969634.747: tcs3701: stop power rail pending_off timer
01-09 12:12:43.945  1086  1254 D ASH     : @ 969634.747: tcs3701: start power rail timer, state:3
01-09 12:12:43.985  1086  1254 I ASH     : @ 969634.787: tcs3701: stop power rail pending_off timer
01-09 12:12:43.985  1086  1254 D ASH     : @ 969634.787: tcs3701: start power rail timer, state:3
01-09 12:12:44.025  1086  1254 I ASH     : @ 969634.827: tcs3701: stop power rail pending_off timer
01-09 12:12:44.025  1086  1254 D ASH     : @ 969634.827: tcs3701: start power rail timer, state:3
01-09 12:12:44.065  1086  1254 I ASH     : @ 969634.867: tcs3701: stop power rail pending_off timer
01-09 12:12:44.065  1086  1254 D ASH     : @ 969634.867: tcs3701: start power rail timer, state:3
01-09 12:12:44.105  1086  1254 I ASH     : @ 969634.907: tcs3701: stop power rail pending_off timer
01-09 12:12:44.105  1086  1254 D ASH     : @ 969634.907: tcs3701: start power rail timer, state:3
01-09 12:12:44.145  1086  1254 I ASH     : @ 969634.947: tcs3701: stop power rail pending_off timer
01-09 12:12:44.145  1086  1254 D ASH     : @ 969634.947: tcs3701: start power rail timer, state:3
01-09 12:12:44.185  1086  1254 I ASH     : @ 969634.987: tcs3701: stop power rail pending_off timer
01-09 12:12:44.185  1086  1254 D ASH     : @ 969634.987: tcs3701: start power rail timer, state:3
01-09 12:12:44.225  1086  1254 I ASH     : @ 969635.027: tcs3701: stop power rail pending_off timer
01-09 12:12:44.225  1086  1254 D ASH     : @ 969635.027: tcs3701: start power rail timer, state:3
01-09 12:12:44.265  1086  1254 I ASH     : @ 969635.067: tcs3701: stop power rail pending_off timer
01-09 12:12:44.265  1086  1254 D ASH     : @ 969635.067: tcs3701: start power rail timer, state:3
01-09 12:12:44.305  1086  1254 I ASH     : @ 969635.107: tcs3701: stop power rail pending_off timer
01-09 12:12:44.305  1086  1254 D ASH     : @ 969635.107: tcs3701: start power rail timer, state:3
01-09 12:12:44.345  1086  1254 I ASH     : @ 969635.147: tcs3701: stop power rail pending_off timer
01-09 12:12:44.345  1086  1254 D ASH     : @ 969635.147: tcs3701: start power rail timer, state:3
01-09 12:12:44.385  1086  1254 I ASH     : @ 969635.187: tcs3701: stop power rail pending_off timer
01-09 12:12:44.385  1086  1254 D ASH     : @ 969635.187: tcs3701: start power rail timer, state:3
01-09 12:12:44.425  1086  1254 I ASH     : @ 969635.227: tcs3701: stop power rail pending_off timer
01-09 12:12:44.425  1086  1254 D ASH     : @ 969635.227: tcs3701: start power rail timer, state:3
01-09 12:12:44.465  1086  1254 I ASH     : @ 969635.267: tcs3701: stop power rail pending_off timer
01-09 12:12:44.465  1086  1254 D ASH     : @ 969635.267: tcs3701: start power rail timer, state:3
01-09 12:12:44.505  1086  1254 I ASH     : @ 969635.307: tcs3701: stop power rail pending_off timer
01-09 12:12:44.505  1086  1254 D ASH     : @ 969635.307: tcs3701: start power rail timer, state:3
01-09 12:12:44.545  1086  1254 I ASH     : @ 969635.347: tcs3701: stop power rail pending_off timer
01-09 12:12:44.545  1086  1254 D ASH     : @ 969635.347: tcs3701: start power rail timer, state:3
01-09 12:12:44.585  1086  1254 I ASH     : @ 969635.387: tcs3701: stop power rail pending_off timer
01-09 12:12:44.585  1086  1254 D ASH     : @ 969635.387: tcs3701: start power rail timer, state:3
01-09 12:12:44.625  1086  1254 I ASH     : @ 969635.427: tcs3701: stop power rail pending_off timer
01-09 12:12:44.625  1086  1254 D ASH     : @ 969635.427: tcs3701: start power rail timer, state:3
01-09 12:12:44.665  1086  1254 I ASH     : @ 969635.467: tcs3701: stop power rail pending_off timer
01-09 12:12:44.665  1086  1254 D ASH     : @ 969635.467: tcs3701: start power rail timer, state:3
01-09 12:12:44.705  1086  1254 I ASH     : @ 969635.507: tcs3701: stop power rail pending_off timer
01-09 12:12:44.705  1086  1254 D ASH     : @ 969635.507: tcs3701: start power rail timer, state:3
01-09 12:12:44.745  1086  1254 I ASH     : @ 969635.547: tcs3701: stop power rail pending_off timer
01-09 12:12:44.745  1086  1254 D ASH     : @ 969635.547: tcs3701: start power rail timer, state:3
01-09 12:12:44.785  1086  1254 I ASH     : @ 969635.587: tcs3701: stop power rail pending_off timer
01-09 12:12:44.785  1086  1254 D ASH     : @ 969635.587: tcs3701: start power rail timer, state:3
01-09 12:12:44.825  1086  1254 I ASH     : @ 969635.627: tcs3701: stop power rail pending_off timer
01-09 12:12:44.825  1086  1254 D ASH     : @ 969635.627: tcs3701: start power rail timer, state:3
01-09 12:12:44.865  1086  1254 I ASH     : @ 969635.667: tcs3701: stop power rail pending_off timer
01-09 12:12:44.865  1086  1254 D ASH     : @ 969635.667: tcs3701: start power rail timer, state:3
01-09 12:12:44.905  1086  1254 I ASH     : @ 969635.707: tcs3701: stop power rail pending_off timer
01-09 12:12:44.905  1086  1254 D ASH     : @ 969635.707: tcs3701: start power rail timer, state:3
01-09 12:12:44.945  1086  1254 I ASH     : @ 969635.747: tcs3701: stop power rail pending_off timer
01-09 12:12:44.945  1086  1254 D ASH     : @ 969635.747: tcs3701: start power rail timer, state:3
01-09 12:12:44.985  1086  1254 I ASH     : @ 969635.787: tcs3701: stop power rail pending_off timer
01-09 12:12:44.985  1086  1254 D ASH     : @ 969635.787: tcs3701: start power rail timer, state:3
01-09 12:12:45.025  1086  1254 I ASH     : @ 969635.827: tcs3701: stop power rail pending_off timer
01-09 12:12:45.025  1086  1254 D ASH     : @ 969635.827: tcs3701: start power rail timer, state:3
01-09 12:12:45.065  1086  1254 I ASH     : @ 969635.867: tcs3701: stop power rail pending_off timer
01-09 12:12:45.065  1086  1254 D ASH     : @ 969635.867: tcs3701: start power rail timer, state:3
01-09 12:12:45.105  1086  1254 I ASH     : @ 969635.907: tcs3701: stop power rail pending_off timer
01-09 12:12:45.105  1086  1254 D ASH     : @ 969635.907: tcs3701: start power rail timer, state:3
01-09 12:12:45.145  1086  1254 I ASH     : @ 969635.947: tcs3701: stop power rail pending_off timer
01-09 12:12:45.145  1086  1254 D ASH     : @ 969635.947: tcs3701: start power rail timer, state:3
01-09 12:12:45.168  2658  6750 W OpenGLRenderer: Surface doesn't have any previously queued frames, nothing to readback from
01-09 12:12:45.185  1086  1254 I ASH     : @ 969635.987: tcs3701: stop power rail pending_off timer
01-09 12:12:45.185  1086  1254 D ASH     : @ 969635.987: tcs3701: start power rail timer, state:3
01-09 12:12:45.225  1086  1254 I ASH     : @ 969636.027: tcs3701: stop power rail pending_off timer
01-09 12:12:45.225  1086  1254 D ASH     : @ 969636.027: tcs3701: start power rail timer, state:3
01-09 12:12:45.265  1086  1254 I ASH     : @ 969636.067: tcs3701: stop power rail pending_off timer
01-09 12:12:45.265  1086  1254 D ASH     : @ 969636.067: tcs3701: start power rail timer, state:3
01-09 12:12:45.305  1086  1254 I ASH     : @ 969636.107: tcs3701: stop power rail pending_off timer
01-09 12:12:45.305  1086  1254 D ASH     : @ 969636.107: tcs3701: start power rail timer, state:3
01-09 12:12:45.345  1086  1254 I ASH     : @ 969636.147: tcs3701: stop power rail pending_off timer
01-09 12:12:45.345  1086  1254 D ASH     : @ 969636.147: tcs3701: start power rail timer, state:3
01-09 12:12:45.385  1086  1254 I ASH     : @ 969636.187: tcs3701: stop power rail pending_off timer
01-09 12:12:45.385  1086  1254 D ASH     : @ 969636.187: tcs3701: start power rail timer, state:3
01-09 12:12:45.425  1086  1254 I ASH     : @ 969636.227: tcs3701: stop power rail pending_off timer
01-09 12:12:45.425  1086  1254 D ASH     : @ 969636.227: tcs3701: start power rail timer, state:3
01-09 12:12:45.465  1086  1254 I ASH     : @ 969636.267: tcs3701: stop power rail pending_off timer
01-09 12:12:45.465  1086  1254 D ASH     : @ 969636.267: tcs3701: start power rail timer, state:3
01-09 12:12:45.505  1086  1254 I ASH     : @ 969636.307: tcs3701: stop power rail pending_off timer
01-09 12:12:45.505  1086  1254 D ASH     : @ 969636.307: tcs3701: start power rail timer, state:3
01-09 12:12:45.545  1086  1254 I ASH     : @ 969636.347: tcs3701: stop power rail pending_off timer
01-09 12:12:45.545  1086  1254 D ASH     : @ 969636.347: tcs3701: start power rail timer, state:3
01-09 12:12:45.585  1086  1254 I ASH     : @ 969636.387: tcs3701: stop power rail pending_off timer
01-09 12:12:45.585  1086  1254 D ASH     : @ 969636.387: tcs3701: start power rail timer, state:3
01-09 12:12:45.625  1086  1254 I ASH     : @ 969636.427: tcs3701: stop power rail pending_off timer
01-09 12:12:45.625  1086  1254 D ASH     : @ 969636.427: tcs3701: start power rail timer, state:3
01-09 12:12:45.665  1086  1254 I ASH     : @ 969636.467: tcs3701: stop power rail pending_off timer
01-09 12:12:45.665  1086  1254 D ASH     : @ 969636.467: tcs3701: start power rail timer, state:3
01-09 12:12:45.705  1086  1254 I ASH     : @ 969636.507: tcs3701: stop power rail pending_off timer
01-09 12:12:45.705  1086  1254 D ASH     : @ 969636.507: tcs3701: start power rail timer, state:3
01-09 12:12:45.745  1086  1254 I ASH     : @ 969636.547: tcs3701: stop power rail pending_off timer
01-09 12:12:45.745  1086  1254 D ASH     : @ 969636.547: tcs3701: start power rail timer, state:3
01-09 12:12:45.785  1086  1254 I ASH     : @ 969636.587: tcs3701: stop power rail pending_off timer
01-09 12:12:45.785  1086  1254 D ASH     : @ 969636.587: tcs3701: start power rail timer, state:3
01-09 12:12:45.825  1086  1254 I ASH     : @ 969636.627: tcs3701: stop power rail pending_off timer
01-09 12:12:45.825  1086  1254 D ASH     : @ 969636.627: tcs3701: start power rail timer, state:3
01-09 12:12:45.853 29542 29560 I Unity   : [showcase] entries: 6 (3 scene(s), 3 document(s))
01-09 12:12:45.853 29542 29560 I Unity   : UnityEngine.DebugLogHandler:Internal_Log(LogType, LogOption, String, Object)
01-09 12:12:45.853 29542 29560 I Unity   : Driftsys.Dashscene.Samples.DashsceneShowcase:Awake()
01-09 12:12:45.853 29542 29560 I Unity   : 
01-09 12:12:45.853 29542 29560 I IL2CPP  : Locale en-US
01-09 12:12:45.854 29542 29560 I Unity   : [showcase] drawable: 2340x1080 px, document framing 400
01-09 12:12:45.854 29542 29560 I Unity   : UnityEngine.DebugLogHandler:Internal_Log(LogType, LogOption, String, Object)
01-09 12:12:45.854 29542 29560 I Unity   : Driftsys.Dashscene.Samples.DashsceneShowcase:Awake()
01-09 12:12:45.854 29542 29560 I Unity   : 
01-09 12:12:45.856 29542 29560 I Unity   : [showcase] graphics: Vulkan, Adreno (TM) 620, Vulkan 1.1.0 [512.490.0 (0x801ea000)]
01-09 12:12:45.856 29542 29560 I Unity   : UnityEngine.DebugLogHandler:Internal_Log(LogType, LogOption, String, Object)
01-09 12:12:45.856 29542 29560 I Unity   : Driftsys.Dashscene.Samples.DashsceneShowcase:Awake()
01-09 12:12:45.856 29542 29560 I Unity   : 
01-09 12:12:45.865  1086  1254 I ASH     : @ 969636.667: tcs3701: stop power rail pending_off timer
01-09 12:12:45.865  1086  1254 D ASH     : @ 969636.667: tcs3701: start power rail timer, state:3
01-09 12:12:45.890  1785  2541 W SensorService: sensor 0000000b already enabled in connection 0xb4000070229b0e90 (ignoring)
01-09 12:12:45.891  1086  1086 I sensors-hal: [hal]batch_physical_sensor:314, android.sensor.accelerometer/11, period=200000000, max_latency=0
01-09 12:12:45.891  1086  1086 I sensors-hal: [sensor]set_config:64, sample_period_ns is adjusted to 200000000 based on min/max delay_ns
01-09 12:12:45.891  1086  1086 I sensors-hal: [hal]batch_physical_sensor:323, android.sensor.accelerometer/11, period=200000000, max_latency=0 request completed
01-09 12:12:45.891  1086  1086 I sensors-hal: [hal]flush_physical_sensor:355, android.sensor.accelerometer/11
01-09 12:12:45.891  1086  1086 I sensors-hal: [hal]flush_physical_sensor:361, android.sensor.accelerometer/11 completed
01-09 12:12:45.892  1086 24676 I sensors-hal: [ssc_sensor]ssc_conn_resp_cb:686, resp_value = 0
01-09 12:12:45.892  1086  1086 I sensors-hal: [hal]batch_physical_sensor:314, android.sensor.accelerometer/11, period=20000000, max_latency=0
01-09 12:12:45.892  1086  1086 I sensors-hal: [sensor]set_config:64, sample_period_ns is adjusted to 20000000 based on min/max delay_ns
01-09 12:12:45.892  1086  1086 I sensors-hal: [hal]batch_physical_sensor:323, android.sensor.accelerometer/11, period=20000000, max_latency=0 request completed
01-09 12:12:45.892  1086 24676 I sensors-hal: [ssc_sensor]ssc_conn_resp_cb:686, resp_value = 0
01-09 12:12:45.892  1086 24676 I sensors-hal: [ssc_sensor]ssc_conn_resp_cb:686, resp_value = 0
01-09 12:12:45.905  1086  1254 I ASH     : @ 969636.707: tcs3701: stop power rail pending_off timer
01-09 12:12:45.905  1086  1254 D ASH     : @ 969636.707: tcs3701: start power rail timer, state:3
01-09 12:12:45.933 29542 29560 W Unity   : [dashscene] shadows: not drawn — this painter emits no shadow instance.
01-09 12:12:45.933 29542 29560 W Unity   : UnityEngine.DebugLogHandler:Internal_Log(LogType, LogOption, String, Object)
01-09 12:12:45.933 29542 29560 W Unity   : Driftsys.Dashscene.BrgPainter:Draw(FrameLease)
01-09 12:12:45.933 29542 29560 W Unity   : Driftsys.Dashscene.Samples.DashsceneShowcase:Update()
01-09 12:12:45.933 29542 29560 W Unity   : 
01-09 12:12:45.933 29542 29560 W Unity   : [dashscene] backdrop blurs: not drawn, and not fixable by adding a pass — a backdrop reads what the painter itself composited, and this painter's target also holds the engine's scene.
01-09 12:12:45.933 29542 29560 W Unity   : UnityEngine.DebugLogHandler:Internal_Log(LogType, LogOption, String, Object)
01-09 12:12:45.933 29542 29560 W Unity   : Driftsys.Dashscene.BrgPainter:Draw(FrameLease)
01-09 12:12:45.933 29542 29560 W Unity   : Driftsys.Dashscene.Samples.DashsceneShowcase:Update()
01-09 12:12:45.933 29542 29560 W Unity   : 
01-09 12:12:45.933 29542 29560 W Unity   : [dashscene] image fills: not drawn — no texture is uploaded from the payload.
01-09 12:12:45.933 29542 29560 W Unity   : UnityEngine.DebugLogHandler:Internal_Log(LogType, LogOption, String, Object)
01-09 12:12:45.933 29542 29560 W Unity   : Driftsys.Dashscene.BrgPainter:Draw(FrameLease)
01-09 12:12:45.933 29542 29560 W Unity   : Driftsys.Dashscene.Samples.DashsceneShowcase:Update()
01-09 12:12:45.933 29542 29560 W Unity   : 
01-09 12:12:45.933 29542 29560 W Unity   : [dashscene] baked vector nodes: not drawn — their outline is a coverage field rather than the parametric rounded box shaded here.
01-09 12:12:45.933 29542 29560 W Unity   : UnityEngine.DebugLogHandler:Internal_Log(LogType, LogOption, String, Object)
01-09 12:12:45.933 29542 29560 W Unity   : Driftsys.Dashscene.BrgPainter:Draw(FrameLease)
01-09 12:12:45.933 29542 29560 W Unity   : Driftsys.Dashscene.Samples.DashsceneShowcase:Update()
01-09 12:12:45.933 29542 29560 W Unity   : 
01-09 12:12:45.934 29542 29560 W Unity   : [dashscene] render-target groups: not composited — a translucent group's overlapping children are drawn twice.
01-09 12:12:45.934 29542 29560 W Unity   : UnityEngine.DebugLogHandler:Internal_Log(LogType, LogOption, String, Object)
01-09 12:12:45.934 29542 29560 W Unity   : Driftsys.Dashscene.BrgPainter:Draw(FrameLease)
01-09 12:12:45.934 29542 29560 W Unity   : Driftsys.Dashscene.Samples.DashsceneShowcase:Update()
01-09 12:12:45.934 29542 29560 W Unity   : 
01-09 12:12:45.934 29542 29560 W Unity   : [dashscene] 9 rect(s) affected, first at index 2. The document asked for these and this painter did not draw them.
01-09 12:12:45.934 29542 29560 W Unity   : UnityEngine.DebugLogHandler:Internal_Log(LogType, LogOption, String, Object)
01-09 12:12:45.934 29542 29560 W Unity   : Driftsys.Dashscene.BrgPainter:Draw(FrameLease)
01-09 12:12:45.934 29542 29560 W Unity   : Driftsys.Dashscene.Samples.DashsceneShowcase:Update()
01-09 12:12:45.934 29542 29560 W Unity   : 
01-09 12:12:45.935 29542 29560 I Unity   : [showcase] drew scene surfaces: 56 instance(s), rung RawBuffer, refused shadows: not drawn — this painter emits no shadow instance. backdrop blurs: not drawn, and not fixable by adding a pass — a backdrop reads what the painter itself composited, and this painter's target also holds the engine's scene. image fills: not drawn — no texture is uploaded from the payload. baked vector nodes: not drawn — their outline is a coverage field rather than the parametric rounded box shaded here. render-target groups: not composited — a translucent group's overlapping children are drawn twice. 9 rect(s) affected, first at index 2. The document asked for these and this painter did not draw them.
01-09 12:12:45.935 29542 29560 I Unity   : UnityEngine.DebugLogHandler:Internal_Log(LogType, LogOption, String, Object)
01-09 12:12:45.935 29542 29560 I Unity   : Driftsys.Dashscene.Samples.DashsceneShowcase:Update()
01-09 12:12:45.935 29542 29560 I Unity   : 
01-09 12:12:45.945  1086  1254 I ASH     : @ 969636.747: tcs3701: stop power rail pending_off timer
01-09 12:12:45.945  1086  1254 D ASH     : @ 969636.747: tcs3701: start power rail timer, state:3
01-09 12:12:45.985  1086  1254 I ASH     : @ 969636.787: tcs3701: stop power rail pending_off timer
01-09 12:12:45.985  1086  1254 D ASH     : @ 969636.787: tcs3701: start power rail timer, state:3
01-09 12:12:46.025  1086  1254 I ASH     : @ 969636.827: tcs3701: stop power rail pending_off timer
01-09 12:12:46.025  1086  1254 D ASH     : @ 969636.827: tcs3701: start power rail timer, state:3
01-09 12:12:46.065  1086  1254 I ASH     : @ 969636.867: tcs3701: stop power rail pending_off timer
01-09 12:12:46.065  1086  1254 D ASH     : @ 969636.867: tcs3701: start power rail timer, state:3
01-09 12:12:46.105  1086  1254 I ASH     : @ 969636.907: tcs3701: stop power rail pending_off timer
01-09 12:12:46.105  1086  1254 D ASH     : @ 969636.907: tcs3701: start power rail timer, state:3
01-09 12:12:46.145  1086  1254 I ASH     : @ 969636.947: tcs3701: stop power rail pending_off timer
01-09 12:12:46.145  1086  1254 D ASH     : @ 969636.947: tcs3701: start power rail timer, state:3
01-09 12:12:46.185  1086  1254 I ASH     : @ 969636.987: tcs3701: stop power rail pending_off timer
01-09 12:12:46.185  1086  1254 D ASH     : @ 969636.987: tcs3701: start power rail timer, state:3
01-09 12:12:46.225  1086  1254 I ASH     : @ 969637.027: tcs3701: stop power rail pending_off timer
01-09 12:12:46.225  1086  1254 D ASH     : @ 969637.027: tcs3701: start power rail timer, state:3
01-09 12:12:46.265  1086  1254 I ASH     : @ 969637.067: tcs3701: stop power rail pending_off timer
01-09 12:12:46.265  1086  1254 D ASH     : @ 969637.067: tcs3701: start power rail timer, state:3
01-09 12:12:46.305  1086  1254 I ASH     : @ 969637.107: tcs3701: stop power rail pending_off timer
01-09 12:12:46.305  1086  1254 D ASH     : @ 969637.107: tcs3701: start power rail timer, state:3
01-09 12:12:46.345  1086  1254 I ASH     : @ 969637.147: tcs3701: stop power rail pending_off timer
01-09 12:12:46.345  1086  1254 D ASH     : @ 969637.147: tcs3701: start power rail timer, state:3
01-09 12:12:46.385  1086  1254 I ASH     : @ 969637.187: tcs3701: stop power rail pending_off timer
01-09 12:12:46.386  1086  1254 D ASH     : @ 969637.187: tcs3701: start power rail timer, state:3
01-09 12:12:46.425  1086  1254 I ASH     : @ 969637.227: tcs3701: stop power rail pending_off timer
01-09 12:12:46.426  1086  1254 D ASH     : @ 969637.227: tcs3701: start power rail timer, state:3
01-09 12:12:46.465  1086  1254 I ASH     : @ 969637.267: tcs3701: stop power rail pending_off timer
01-09 12:12:46.465  1086  1254 D ASH     : @ 969637.267: tcs3701: start power rail timer, state:3
01-09 12:12:46.505  1086  1254 I ASH     : @ 969637.307: tcs3701: stop power rail pending_off timer
01-09 12:12:46.506  1086  1254 D ASH     : @ 969637.307: tcs3701: start power rail timer, state:3
01-09 12:12:46.545  1086  1254 I ASH     : @ 969637.347: tcs3701: stop power rail pending_off timer
01-09 12:12:46.545  1086  1254 D ASH     : @ 969637.347: tcs3701: start power rail timer, state:3
01-09 12:12:46.585  1086  1254 I ASH     : @ 969637.387: tcs3701: stop power rail pending_off timer
01-09 12:12:46.585  1086  1254 D ASH     : @ 969637.387: tcs3701: start power rail timer, state:3
01-09 12:12:46.625  1086  1254 I ASH     : @ 969637.427: tcs3701: stop power rail pending_off timer
01-09 12:12:46.625  1086  1254 D ASH     : @ 969637.427: tcs3701: start power rail timer, state:3
01-09 12:12:46.665  1086  1254 I ASH     : @ 969637.467: tcs3701: stop power rail pending_off timer
01-09 12:12:46.665  1086  1254 D ASH     : @ 969637.467: tcs3701: start power rail timer, state:3
01-09 12:12:46.705  1086  1254 I ASH     : @ 969637.507: tcs3701: stop power rail pending_off timer
01-09 12:12:46.705  1086  1254 D ASH     : @ 969637.507: tcs3701: start power rail timer, state:3
01-09 12:12:46.745  1086  1254 I ASH     : @ 969637.547: tcs3701: stop power rail pending_off timer
01-09 12:12:46.745  1086  1254 D ASH     : @ 969637.547: tcs3701: start power rail timer, state:3
01-09 12:12:46.785  1086  1254 I ASH     : @ 969637.587: tcs3701: stop power rail pending_off timer
01-09 12:12:46.785  1086  1254 D ASH     : @ 969637.587: tcs3701: start power rail timer, state:3
01-09 12:12:46.825  1086  1254 I ASH     : @ 969637.627: tcs3701: stop power rail pending_off timer
01-09 12:12:46.825  1086  1254 D ASH     : @ 969637.627: tcs3701: start power rail timer, state:3
01-09 12:12:46.865  1086  1254 I ASH     : @ 969637.667: tcs3701: stop power rail pending_off timer
01-09 12:12:46.865  1086  1254 D ASH     : @ 969637.667: tcs3701: start power rail timer, state:3
01-09 12:12:46.905  1086  1254 I ASH     : @ 969637.707: tcs3701: stop power rail pending_off timer
01-09 12:12:46.905  1086  1254 D ASH     : @ 969637.707: tcs3701: start power rail timer, state:3
01-09 12:12:46.945  1086  1254 I ASH     : @ 969637.747: tcs3701: stop power rail pending_off timer
01-09 12:12:46.945  1086  1254 D ASH     : @ 969637.747: tcs3701: start power rail timer, state:3
01-09 12:12:46.985  1086  1254 I ASH     : @ 969637.787: tcs3701: stop power rail pending_off timer
01-09 12:12:46.985  1086  1254 D ASH     : @ 969637.787: tcs3701: start power rail timer, state:3
01-09 12:12:47.025  1086  1254 I ASH     : @ 969637.827: tcs3701: stop power rail pending_off timer
01-09 12:12:47.025  1086  1254 D ASH     : @ 969637.827: tcs3701: start power rail timer, state:3
01-09 12:12:47.065  1086  1254 I ASH     : @ 969637.867: tcs3701: stop power rail pending_off timer
01-09 12:12:47.065  1086  1254 D ASH     : @ 969637.867: tcs3701: start power rail timer, state:3
01-09 12:12:47.105  1086  1254 I ASH     : @ 969637.907: tcs3701: stop power rail pending_off timer
01-09 12:12:47.105  1086  1254 D ASH     : @ 969637.907: tcs3701: start power rail timer, state:3
01-09 12:12:47.145  1086  1254 I ASH     : @ 969637.947: tcs3701: stop power rail pending_off timer
01-09 12:12:47.145  1086  1254 D ASH     : @ 969637.947: tcs3701: start power rail timer, state:3
01-09 12:12:47.185  1086  1254 I ASH     : @ 969637.987: tcs3701: stop power rail pending_off timer
01-09 12:12:47.185  1086  1254 D ASH     : @ 969637.987: tcs3701: start power rail timer, state:3
01-09 12:12:47.225  1086  1254 I ASH     : @ 969638.027: tcs3701: stop power rail pending_off timer
01-09 12:12:47.225  1086  1254 D ASH     : @ 969638.027: tcs3701: start power rail timer, state:3
01-09 12:12:47.265  1086  1254 I ASH     : @ 969638.067: tcs3701: stop power rail pending_off timer
01-09 12:12:47.265  1086  1254 D ASH     : @ 969638.067: tcs3701: start power rail timer, state:3
01-09 12:12:47.305  1086  1254 I ASH     : @ 969638.107: tcs3701: stop power rail pending_off timer
01-09 12:12:47.305  1086  1254 D ASH     : @ 969638.107: tcs3701: start power rail timer, state:3
01-09 12:12:47.345  1086  1254 I ASH     : @ 969638.147: tcs3701: stop power rail pending_off timer
01-09 12:12:47.345  1086  1254 D ASH     : @ 969638.147: tcs3701: start power rail timer, state:3
01-09 12:12:47.362 29542 29560 I Unity   : [showcase] orientation: LandscapeLeft requested
01-09 12:12:47.362 29542 29560 I Unity   : UnityEngine.DebugLogHandler:Internal_Log(LogType, LogOption, String, Object)
01-09 12:12:47.362 29542 29560 I Unity   : Driftsys.Dashscene.Samples.DashsceneShowcase:ToggleOrientation()
01-09 12:12:47.362 29542 29560 I Unity   : Driftsys.Dashscene.Samples.DashsceneShowcase:Update()
01-09 12:12:47.362 29542 29560 I Unity   : 
01-09 12:12:47.365  2565  2589 V WindowManagerShell: Transition requested: android.os.BinderProxy@e926626 TransitionRequestInfo { type = CHANGE, triggerTask = null, remoteTransition = null, displayChange = DisplayChange { displayId = 0, startAbsBounds = null, endAbsBounds = null, startRotation = 0, endRotation = 3, physicalDisplayChanged = false } }
01-09 12:12:47.368  1048  2484 D audio_hw_primary: adev_set_parameters: enter: rotation=270
01-09 12:12:47.368  1048  2484 D a2dp_offload: end of a2dp setparam
01-09 12:12:47.369  1785  2542 I ActivityTaskManager: Config changes=20000480 {1.0 ?mcc0mnc [en_US] ldltr sw370dp w370dp h799dp 440dpi nrml long hdr widecg port night finger -keyb/v/h -nav/h winConfig={ mBounds=Rect(0, 0 - 1080, 2340) mAppBounds=Rect(0, 0 - 1017, 2274) mMaxBounds=Rect(0, 0 - 1080, 2340) mDisplayRotation=ROTATION_270 mWindowingMode=fullscreen mDisplayWindowingMode=fullscreen mActivityType=undefined mAlwaysOnTop=undefined mRotation=ROTATION_270} s.2563 fontWeightAdjustment=0}
01-09 12:12:47.377  1785  2542 I WindowManager: Override config changes=20000480 {1.0 ?mcc0mnc [en_US] ldltr sw370dp w370dp h799dp 440dpi nrml long hdr widecg port night finger -keyb/v/h -nav/h winConfig={ mBounds=Rect(0, 0 - 1080, 2340) mAppBounds=Rect(0, 0 - 1017, 2274) mMaxBounds=Rect(0, 0 - 1080, 2340) mDisplayRotation=ROTATION_270 mWindowingMode=fullscreen mDisplayWindowingMode=fullscreen mActivityType=undefined mAlwaysOnTop=undefined mRotation=ROTATION_270} s.2563 fontWeightAdjustment=0} for displayId=0
01-09 12:12:47.385  1086  1254 I ASH     : @ 969638.187: tcs3701: stop power rail pending_off timer
01-09 12:12:47.385  1086  1254 D ASH     : @ 969638.187: tcs3701: start power rail timer, state:3
01-09 12:12:47.387  2565  2565 I NoBackGesture: NavbarController: newConfig={1.0 ?mcc0mnc [en_US] ldltr sw370dp w370dp h799dp 440dpi nrml long hdr widecg port night finger -keyb/v/h -nav/h winConfig={ mBounds=Rect(0, 0 - 1080, 2340) mAppBounds=Rect(0, 0 - 1017, 2274) mMaxBounds=Rect(0, 0 - 1080, 2340) mDisplayRotation=ROTATION_270 mWindowingMode=fullscreen mDisplayWindowingMode=fullscreen mActivityType=undefined mAlwaysOnTop=undefined mRotation=ROTATION_270} s.2608 fontWeightAdjustment=0} mTaskbarDelegate initialized=false willApplyConfigToNavbars=false navBarCount=1
01-09 12:12:47.389  2565  2565 I NoBackGesture: Config changed: newConfig={1.0 ?mcc0mnc [en_US] ldltr sw370dp w370dp h799dp 440dpi nrml long hdr widecg port night finger -keyb/v/h -nav/h winConfig={ mBounds=Rect(0, 0 - 1080, 2340) mAppBounds=Rect(0, 0 - 1017, 2274) mMaxBounds=Rect(0, 0 - 1080, 2340) mDisplayRotation=ROTATION_270 mWindowingMode=fullscreen mDisplayWindowingMode=fullscreen mActivityType=undefined mAlwaysOnTop=undefined mRotation=ROTATION_270} s.2608 fontWeightAdjustment=0} lastReportedConfig={1.0 ?mcc0mnc [en_US] ldltr sw370dp w851dp h341dp 440dpi nrml long hdr widecg land night finger -keyb/v/h -nav/h winConfig={ mBounds=Rect(0, 0 - 2340, 1080) mAppBounds=Rect(0, 63 - 2340, 1014) mMaxBounds=Rect(0, 0 - 2340, 1080) mDisplayRotation=ROTATION_0 mWindowingMode=fullscreen mDisplayWindowingMode=fullscreen mActivityType=undefined mAlwaysOnTop=undefined mRotation=ROTATION_0} s.2560 fontWeightAdjustment=0}
01-09 12:12:47.389  2565  2565 D CentralSurfaces: Received new disable state: enaihbcrso.qingr (unchanged)
01-09 12:12:47.391  1785  2542 W ImageReader_JNI: Unable to acquire a buffer item, very likely client tried to acquire more than maxImages buffers
01-09 12:12:47.396  2992  2992 D b/254119092: TaskbarManager#mComponentCallbacks.onConfigurationChanged: {1.0 ?mcc0mnc [en_US] ldltr sw370dp w370dp h799dp 440dpi nrml long hdr widecg port night finger -keyb/v/h -nav/h winConfig={ mBounds=Rect(0, 0 - 1080, 2340) mAppBounds=Rect(0, 0 - 1017, 2274) mMaxBounds=Rect(0, 0 - 1080, 2340) mDisplayRotation=ROTATION_270 mWindowingMode=fullscreen mDisplayWindowingMode=fullscreen mActivityType=undefined mAlwaysOnTop=undefined mRotation=ROTATION_270} s.2563 fontWeightAdjustment=0}
01-09 12:12:47.396  2992  2992 D b/254119092: mActivity and mContext agree taskbarIsPresent=false
01-09 12:12:47.396  2992  2992 D b/254119092: ComponentCallbacks#onConfigurationChanged() configDiffForRecreate={CONFIG_ORIENTATION, CONFIG_SCREEN_SIZE, CONFIG_WINDOW_CONFIGURATION}
01-09 12:12:47.396  2992  2992 D b/254119092: mActivity and mContext agree taskbarIsPresent=false
01-09 12:12:47.396  2992  2992 D b/254119092: destroyExistingTaskbar: null
01-09 12:12:47.396  2992  2992 D b/254119092: mActivity and mContext agree taskbarIsPresent=false
01-09 12:12:47.396  2992  2992 D b/254119092: recreateTaskbar: isTaskbarEnabled=false [dp != null (i.e. mUserUnlocked)]=true FLAG_HIDE_NAVBAR_WINDOW=false dp.isTaskbarPresent=false
01-09 12:12:47.396  2992  2992 D b/254119092: mActivity and mContext agree taskbarIsPresent=false
01-09 12:12:47.397  3450  3450 I DeviceModeUtil: DeviceModeUtil.getDeviceMode():122 Get device mode phone by ui mode:1 and smallestScreenWidthDp:370
01-09 12:12:47.401  3450  3450 W GoogleInputMethodService: GoogleInputMethodService.onConfigurationChanged():1557 onConfigurationChanged() : NewConfig = {1.0 ?mcc0mnc [en_US] ldltr sw370dp w370dp h799dp 440dpi nrml long hdr widecg port night finger -keyb/v/h -nav/h winConfig={ mBounds=Rect(0, 0 - 1080, 2340) mAppBounds=Rect(0, 0 - 1017, 2274) mMaxBounds=Rect(0, 0 - 1080, 2340) mDisplayRotation=ROTATION_270 mWindowingMode=fullscreen mDisplayWindowingMode=fullscreen mActivityType=undefined mAlwaysOnTop=undefined mRotation=ROTATION_270} s.2563 fontWeightAdjustment=0}
01-09 12:12:47.402  3450  3450 I GoogleInputMethodService: GoogleInputMethodService.onConfigurationChanged():1575 changedMask : 20000480
01-09 12:12:47.402  3450  3450 I DeviceModeUtil: DeviceModeUtil.getDeviceMode():122 Get device mode phone by ui mode:1 and smallestScreenWidthDp:370
01-09 12:12:47.403  3450  3450 I KeyboardModeManager: KeyboardModeManager.setInputView():364 setInputView() : supportsOneHandedMode=true
01-09 12:12:47.403  3450  3450 I NormalModeController: NormalModeController.getKeyboardBodyViewHolderPaddingBottom():116 currentPrimeKeyboardType:SOFT systemPaddingBottom:-1
01-09 12:12:47.403  3450  3450 I KeyboardModeManager: KeyboardModeManager.setInputView():356 setInputView() : entry=hwn{languageTag=en-US, variant=qwerty, hasLocalizedResources=true, conditionCacheKey=_device=phone_device_size=default_enable_adaptive_text_editing=false_enable_inline_suggestions_on_client_side=false_enable_large_tablet_batch_1=false_enable_large_tablet_batch_2=false_enable_more_candidates_view_for_multilingual=false_enable_nav_redesign=false_enable_number_row=false_enable_preemptive_decode=true_enable_secondary_symbols=false_expressions=normal_four_or_more_letter_rows=false_keyboard_mode=normal_language=en-US_orientation=landscape_physical_keyboard=nokeys_show_secondary_digits=true_show_suggestions=true_split_with_duplicate_keys=true_variant=qwerty, imeDef.stringId=ime_english_united_states, imeDef.className=com.google.android.apps.inputmethod.libs.latin5.LatinIme, imeDef.languageTag=en-US}
01-09 12:12:47.405  2992  2992 D b/254119092: DisplayController#onConfigurationChanged: {1.0 ?mcc0mnc [en_US] ldltr sw370dp w370dp h799dp 440dpi nrml long hdr widecg port night finger -keyb/v/h -nav/h winConfig={ mBounds=Rect(0, 0 - 1080, 2340) mAppBounds=Rect(0, 0 - 1017, 2274) mMaxBounds=Rect(0, 0 - 1080, 2340) mDisplayRotation=ROTATION_270 mWindowingMode=fullscreen mDisplayWindowingMode=fullscreen mActivityType=undefined mAlwaysOnTop=undefined mRotation=ROTATION_270} s.2563 fontWeightAdjustment=0}
01-09 12:12:47.406  3450  3450 I StyledKeyboardTheme: StyledKeyboardTheme.<init>():87 Pref: [], themeName: [silk:], darkMode: [true], cacheKey: [overlay_builtin_dynamic_color_dark_base.binarypb:dynamic-dark-ff221919-ffffdada-3567773180d6d2ac1f26fbab877dbf1b]
01-09 12:12:47.406  3450  3450 I DeviceModeUtil: DeviceModeUtil.getDeviceMode():122 Get device mode phone by ui mode:1 and smallestScreenWidthDp:370
01-09 12:12:47.407  3450  3450 I DeviceModeUtil: DeviceModeUtil.getDeviceMode():122 Get device mode phone by ui mode:1 and smallestScreenWidthDp:370
01-09 12:12:47.407  3450  3450 I DeviceModeUtil: DeviceModeUtil.getDeviceMode():122 Get device mode phone by ui mode:1 and smallestScreenWidthDp:370
01-09 12:12:47.407  3450  3450 I DeviceModeUtil: DeviceModeUtil.getDeviceMode():122 Get device mode phone by ui mode:1 and smallestScreenWidthDp:370
01-09 12:12:47.407  3450  3450 I DeviceModeUtil: DeviceModeUtil.getDeviceMode():122 Get device mode phone by ui mode:1 and smallestScreenWidthDp:370
01-09 12:12:47.408  3450  3450 I GoogleInputMethodService: GoogleInputMethodService.initializeKeyboardTheme():1343 Apply keyboard theme: theme_border_bottom4dp_stylesheet_noshadow_pgsans_pillkey_silkpopup_phone_350_overlay_builtin_dynamic_color_dark_base.binarypb:dynamic-dark-ff221919-ffffdada-3567773180d6d2ac1f26fbab877dbf1b_port
01-09 12:12:47.408  2565  2589 V WindowManagerShell: Display changed: 0
01-09 12:12:47.408  1785  2098 I InputManager-JNI: Viewport [0] to add: local:4630946523002478721, isActive: true
01-09 12:12:47.409  1785  2448 I InputReader: Reconfiguring input devices, changes=DISPLAY_INFO
01-09 12:12:47.414  3450  3450 I DeviceModeUtil: DeviceModeUtil.getDeviceMode():122 Get device mode phone by ui mode:1 and smallestScreenWidthDp:370
01-09 12:12:47.415  3450  3450 I NormalModeController: NormalModeController.getKeyboardBodyViewHolderPaddingBottom():116 currentPrimeKeyboardType:SOFT systemPaddingBottom:27
01-09 12:12:47.417  2565  2599 E OpenGLRenderer: Unable to match the desired swap behavior.
01-09 12:12:47.419  3450  3450 I InputMethodEntryManager: InputMethodEntryManager.startLoadingInputMethodEntrySettings():739 Start loading input method entry settings: [LanguageTagVariantTuple{languageTag=en-US, variant=qwerty}]
01-09 12:12:47.421  3450  3450 I InputMethodEntryManager: InputMethodEntryManager.updateInputMethodEntrySettingsLoadingTask():826 update loading task with resetImplicitlyEnabledEntries is false
01-09 12:12:47.423  3450  3450 I DeviceModeUtil: DeviceModeUtil.getDeviceMode():122 Get device mode phone by ui mode:1 and smallestScreenWidthDp:370
01-09 12:12:47.424  3450  3450 I KeyboardViewUtil: KeyboardViewUtil.getKeyboardHeightRatio():189 systemKeyboardHeightRatio:1.200000; userKeyboardHeightRatio:1.000000.
01-09 12:12:47.425  1086  1254 I ASH     : @ 969638.227: tcs3701: stop power rail pending_off timer
01-09 12:12:47.425  1086  1254 D ASH     : @ 969638.227: tcs3701: start power rail timer, state:3
01-09 12:12:47.425  2565  2599 E OpenGLRenderer: Unable to match the desired swap behavior.
01-09 12:12:47.427   665   665 I BpBinder: onLastStrongRef automatically unlinking death recipients: 
01-09 12:12:47.429  2565  2565 I NoBackGesture: Config changed: newConfig={1.0 ?mcc0mnc [en_US] ldltr sw370dp w370dp h799dp 440dpi nrml long hdr widecg port night finger -keyb/v/h -nav/h winConfig={ mBounds=Rect(0, 0 - 1080, 2340) mAppBounds=Rect(0, 0 - 1017, 2274) mMaxBounds=Rect(0, 0 - 1080, 2340) mDisplayRotation=ROTATION_270 mWindowingMode=fullscreen mDisplayWindowingMode=fullscreen mActivityType=undefined mAlwaysOnTop=undefined mRotation=ROTATION_270} s.2608 fontWeightAdjustment=0} lastReportedConfig={1.0 ?mcc0mnc [en_US] ldltr sw370dp w370dp h799dp 440dpi nrml long hdr widecg port night finger -keyb/v/h -nav/h winConfig={ mBounds=Rect(0, 0 - 1080, 2340) mAppBounds=Rect(0, 0 - 1017, 2274) mMaxBounds=Rect(0, 0 - 1080, 2340) mDisplayRotation=ROTATION_270 mWindowingMode=fullscreen mDisplayWindowingMode=fullscreen mActivityType=undefined mAlwaysOnTop=undefined mRotation=ROTATION_270} s.2608 fontWeightAdjustment=0}
01-09 12:12:47.431  2565  2599 E OpenGLRenderer: Unable to match the desired swap behavior.
01-09 12:12:47.437  3450  3450 W StyleResolver: StyleResolver.resolveValue():233 Invalid variable: color_silk_surface_background
01-09 12:12:47.438  3450  3450 I GoogleInputMethodService: GoogleInputMethodService.onStartInput():1877 onStartInput(EditorInfo{inputType=0x0(NULL) imeOptions=0x0 privateImeOptions=null actionName=UNSPECIFIED actionLabel=null actionId=0 initialSelStart=-1 initialSelEnd=-1 initialCapsMode=0x0 hintText=null label=null packageName=com.driftsys.dashscene.showcase fieldId=0 fieldName=null extras=null}, true)
01-09 12:12:47.438  3450  3450 I GoogleInputMethodService: GoogleInputMethodService.shouldHideHeaderOnInitialState():4008 ShouldHideHeaderOnInitialState = false
01-09 12:12:47.438  1785  4033 I WindowManager: finishDrawing of orientation change: Window{3f4072b u0 com.driftsys.dashscene.showcase/com.unity3d.player.UnityPlayerActivity} 35ms
01-09 12:12:47.439  3450  3450 I GoogleInputMethodService: GoogleInputMethodService.updateDeviceLockedStatus():2087 repeatCheckTimes = 2, unlocked = true
01-09 12:12:47.439  3450  3450 W SessionManager: SessionManager.beginSession():53 Try to begin an already begun session [INPUT_SESSION], end it first
01-09 12:12:47.440  3450  3450 I InputMethodEntryManager: InputMethodEntryManager$5.onSuccess():845 Success load entries: [LanguageTagVariantTuple{languageTag=en-US, variant=qwerty}], resetImplicitlyEnabledEntries=false
01-09 12:12:47.442  3450  3928 I SP      : Registering emoticon_content_description.2022081613, url: https://www.gstatic.com/android/keyboard/emoticon_content_desc/202208161305/superpacks_manifest.json, constraints: W:*:*:*, flags: bg, requested: 2022081613, current: -1
01-09 12:12:47.442  3450  3450 I GoogleInputMethodService: GoogleInputMethodService.lambda$setDecorViewApplyWindowInsetsListener$10():1155 update screenHeightWithoutNaviBar to: 2208
01-09 12:12:47.442  3450  3450 I GoogleInputMethodService: GoogleInputMethodService.lambda$setDecorViewApplyWindowInsetsListener$10():1161 update max height when insets changes
01-09 12:12:47.443  3450  3928 I SP      : Registering emoticon_content_description.2022081613, url: https://www.gstatic.com/android/keyboard/emoticon_content_desc/202208161305/superpacks_manifest.json, constraints: W:*:*:*, flags: bg, requested: 2022081613, current: -1
01-09 12:12:47.446  1785  2095 V WindowManager: Sent Transition #202 createdAt=01-09 12:12:47.364 via request=TransitionRequestInfo { type = CHANGE, triggerTask = null, remoteTransition = null, displayChange = DisplayChange { displayId = 0, startAbsBounds = null, endAbsBounds = null, startRotation = 0, endRotation = 3, physicalDisplayChanged = false } }
01-09 12:12:47.446  1785  2095 V WindowManager:     startWCT=WindowContainerTransaction { changes = {} hops = [] errorCallbackToken=null taskFragmentOrganizer=null }
01-09 12:12:47.446  1785  2095 V WindowManager:     info={id=202 t=CHANGE f=0x0 trk=0 r=[0@Point(0, 0)] c=[{WCT{RemoteToken{89114c3 Task{94250d3 #103 type=standard A=10273:com.driftsys.dashscene.showcase}}} m=CHANGE f=NONE p=WCT{RemoteToken{b340211 DefaultTaskDisplayArea@206321932}} leash=Surface(name=Task=103)/@0x8ecd27 sb=Rect(0, 0 - 2340, 1080) eb=Rect(0, 0 - 1080, 2340) d=0 r=0->3:0},{WCT{RemoteToken{b340211 DefaultTaskDisplayArea@206321932}} m=CHANGE f=NONE p=WCT{RemoteToken{22b1238 Display{#0 state=ON size=1080x2340 ROTATION_270}}} leash=Surface(name=DefaultTaskDisplayArea)/@0x19510ff sb=Rect(0, 0 - 2340, 1080) eb=Rect(0, 0 - 1080, 2340) d=0 r=0->3:-1},{WCT{RemoteToken{22b1238 Display{#0 state=ON size=1080x2340 ROTATION_270}}} m=CHANGE f=IS_DISPLAY leash=Surface(name=WindowedMagnification:0:31)/@0x1d75080 sb=Rect(0, 0 - 2340, 1080) eb=Rect(0, 0 - 1080, 2340) d=0 r=0->3:-1}]}
01-09 12:12:47.447  2565  2589 V WindowManagerShell: onTransitionReady android.os.BinderProxy@e926626: {id=202 t=CHANGE f=0x0 trk=0 r=[0@Point(0, 0)] c=[{WCT{android.window.IWindowContainerToken$Stub$Proxy@aef75cd} m=CHANGE f=NONE p=WCT{android.window.IWindowContainerToken$Stub$Proxy@767ce82} leash=Surface(name=Task=103)/@0x108efb8 sb=Rect(0, 0 - 2340, 1080) eb=Rect(0, 0 - 1080, 2340) d=0 r=0->3:0},{WCT{android.window.IWindowContainerToken$Stub$Proxy@2aab993} m=CHANGE f=NONE p=WCT{android.window.IWindowContainerToken$Stub$Proxy@1edfdd0} leash=Surface(name=DefaultTaskDisplayArea)/@0xa285191 sb=Rect(0, 0 - 2340, 1080) eb=Rect(0, 0 - 1080, 2340) d=0 r=0->3:-1},{WCT{android.window.IWindowContainerToken$Stub$Proxy@48aa1c9} m=CHANGE f=IS_DISPLAY leash=Surface(name=WindowedMagnification:0:31)/@0x32b18f6 sb=Rect(0, 0 - 2340, 1080) eb=Rect(0, 0 - 1080, 2340) d=0 r=0->3:-1 snapshot=Surface(name=RotationLayer)/@0xf38c4f7}]}
01-09 12:12:47.448  2565  2589 V WindowManagerShell: Playing animation for (#202)android.os.BinderProxy@e926626@0
01-09 12:12:47.448  2565  2589 V WindowManagerShell:  try handler com.android.wm.shell.transition.DefaultMixedHandler@83c3803
01-09 12:12:47.448  2565  2589 V WindowManagerShell:  try handler com.android.wm.shell.keyguard.KeyguardTransitionHandler@6f380
01-09 12:12:47.448  2565  2589 V WindowManagerShell:  try handler com.android.wm.shell.activityembedding.ActivityEmbeddingController@626ddb9
01-09 12:12:47.448  2565  2589 V WindowManagerShell:  try handler com.android.wm.shell.recents.RecentsTransitionHandler@c30f5fe
01-09 12:12:47.448  2565  2589 V ShellRecents: RecentsTransitionHandler.startAnimation: no controller found
01-09 12:12:47.448  2565  2589 V WindowManagerShell:  try handler com.android.wm.shell.pip.PipTransition@c40515f
01-09 12:12:47.448  2565  2589 V WindowManagerShell:  try handler com.android.wm.shell.splitscreen.StageCoordinator@ea7c7ac
01-09 12:12:47.448  2565  2589 V WindowManagerShell:  try handler com.android.wm.shell.transition.RemoteTransitionHandler@74e9c75
01-09 12:12:47.448  2565  2589 V WindowManagerShell:  try handler com.android.wm.shell.transition.DefaultTransitionHandler@3fbc6d6
01-09 12:12:47.449  2565  2589 V WindowManagerShell: start default transition animation, info = {id=202 t=CHANGE f=0x0 trk=0 r=[0@Point(0, 0)] c=[{WCT{android.window.IWindowContainerToken$Stub$Proxy@aef75cd} m=CHANGE f=NONE p=WCT{android.window.IWindowContainerToken$Stub$Proxy@767ce82} leash=Surface(name=Task=103)/@0x108efb8 sb=Rect(0, 0 - 2340, 1080) eb=Rect(0, 0 - 1080, 2340) d=0 r=0->3:0},{WCT{android.window.IWindowContainerToken$Stub$Proxy@2aab993} m=CHANGE f=NONE p=WCT{android.window.IWindowContainerToken$Stub$Proxy@1edfdd0} leash=Surface(name=DefaultTaskDisplayArea)/@0xa285191 sb=Rect(0, 0 - 2340, 1080) eb=Rect(0, 0 - 1080, 2340) d=0 r=0->3:-1},{WCT{android.window.IWindowContainerToken$Stub$Proxy@48aa1c9} m=CHANGE f=IS_DISPLAY leash=Surface(name=WindowedMagnification:0:31)/@0x32b18f6 sb=Rect(0, 0 - 2340, 1080) eb=Rect(0, 0 - 1080, 2340) d=0 r=0->3:-1 snapshot=Surface(name=RotationLayer)/@0xf38c4f7}]}
01-09 12:12:47.449  2565  2589 V WindowManagerShell: Display is changing, resolve the animation hint.
01-09 12:12:47.449  2565  2589 V WindowManagerShell:   task 103 isn't requesting seamless, so not seamless.
01-09 12:12:47.452  2565  2599 E OpenGLRenderer: Unable to match the desired swap behavior.
01-09 12:12:47.452  3450  3450 I GoogleInputMethodService: GoogleInputMethodService.lambda$setDecorViewApplyWindowInsetsListener$10():1155 update screenHeightWithoutNaviBar to: 2340
01-09 12:12:47.452  3450  3450 I GoogleInputMethodService: GoogleInputMethodService.lambda$setDecorViewApplyWindowInsetsListener$10():1161 update max height when insets changes
01-09 12:12:47.452  2565  2589 V WindowManagerShell:  animated by com.android.wm.shell.transition.DefaultTransitionHandler@3fbc6d6
01-09 12:12:47.453  3450  3450 I DictionarySuperpacksManager: DictionarySuperpacksManager$1.onEnabledInputMethodEntriesChanged():61 onEnabledInputMethodEntriesChanged
01-09 12:12:47.454  1785  6972 I WindowManager: finishDrawing of orientation change: Window{3d67fe9 u0 ScreenDecorOverlayBottom} 51ms
01-09 12:12:47.454  2992  2992 D b/254119092: DisplayInfoChangeListener#CHANGE_ROTATION
01-09 12:12:47.454  2992  2992 D b/254119092: mActivity and mContext agree taskbarIsPresent=false
01-09 12:12:47.455  3450  3928 I SP      : Scheduling job with delay of 0s for {m:b:u:l, bg}, 1 candidates
01-09 12:12:47.458  2992  3053 I ImeTracker: com.google.android.apps.nexuslauncher:56a72458: onRequestHide at ORIGIN_CLIENT_HIDE_SOFT_INPUT reason HIDE_SOFT_INPUT
01-09 12:12:47.458  2992  3053 I ImeTracker: com.google.android.apps.nexuslauncher:56a72458: onFailed at PHASE_CLIENT_VIEW_SERVED
01-09 12:12:47.459  1785  2541 E JobScheduler.JobStatus: App com.google.android.inputmethod.latin became active but still in NEVER bucket
01-09 12:12:47.459  3450  3450 I DeviceModeUtil: DeviceModeUtil.getDeviceMode():122 Get device mode phone by ui mode:1 and smallestScreenWidthDp:370
01-09 12:12:47.460  3450  3450 I StyledKeyboardTheme: StyledKeyboardTheme.<init>():87 Pref: [], themeName: [silk:], darkMode: [true], cacheKey: [overlay_builtin_dynamic_color_dark_base.binarypb:dynamic-dark-ff221919-ffffdada-3567773180d6d2ac1f26fbab877dbf1b]
01-09 12:12:47.461  3450  3450 I DeviceModeUtil: DeviceModeUtil.getDeviceMode():122 Get device mode phone by ui mode:1 and smallestScreenWidthDp:370
01-09 12:12:47.461  3450  3450 I DeviceModeUtil: DeviceModeUtil.getDeviceMode():122 Get device mode phone by ui mode:1 and smallestScreenWidthDp:370
01-09 12:12:47.461  3450  3450 I DeviceModeUtil: DeviceModeUtil.getDeviceMode():122 Get device mode phone by ui mode:1 and smallestScreenWidthDp:370
01-09 12:12:47.461  3450  3450 I DeviceModeUtil: DeviceModeUtil.getDeviceMode():122 Get device mode phone by ui mode:1 and smallestScreenWidthDp:370
01-09 12:12:47.461  3450  3450 I DeviceModeUtil: DeviceModeUtil.getDeviceMode():122 Get device mode phone by ui mode:1 and smallestScreenWidthDp:370
01-09 12:12:47.461  3450  3450 I GoogleInputMethodService: GoogleInputMethodService.initializeKeyboardTheme():1343 Apply keyboard theme: theme_border_bottom4dp_stylesheet_noshadow_pgsans_pillkey_silkpopup_phone_350_overlay_builtin_dynamic_color_dark_base.binarypb:dynamic-dark-ff221919-ffffdada-3567773180d6d2ac1f26fbab877dbf1b_port
01-09 12:12:47.463  1785  2542 I WindowManager: finishDrawing of orientation change: Window{b5ce1d4 u0 ScreenDecorOverlay} 61ms
01-09 12:12:47.465  1086  1254 I ASH     : @ 969638.267: tcs3701: stop power rail pending_off timer
01-09 12:12:47.465  1086  1254 D ASH     : @ 969638.267: tcs3701: start power rail timer, state:3
01-09 12:12:47.466 29542 29560 E qdgralloc: GetGpuPixelFormat: No map for format: 0x38
01-09 12:12:47.466 29542 29560 E AdrenoUtils: <validate_memory_layout_input_parmas:1923>: Unknown Format 0
01-09 12:12:47.466 29542 29560 E AdrenoUtils: <adreno_init_memory_layout:4634>: Memory Layout input parameter validation failed!
01-09 12:12:47.466 29542 29560 E qdgralloc: GetGpuResourceSizeAndDimensions Graphics metadata init failed
01-09 12:12:47.466 29542 29560 E Gralloc4: isSupported(1, 1, 56, 1, ...) failed with 1
01-09 12:12:47.466   668   668 E qdgralloc: GetGpuPixelFormat: No map for format: 0x38
01-09 12:12:47.466   668   668 E AdrenoUtils: <validate_memory_layout_input_parmas:1923>: Unknown Format 0
01-09 12:12:47.466   668   668 E AdrenoUtils: <adreno_init_memory_layout:4634>: Memory Layout input parameter validation failed!
01-09 12:12:47.466   668   668 E qdgralloc: GetGpuResourceSizeAndDimensions Graphics metadata init failed
01-09 12:12:47.466 29542 29560 E GraphicBufferAllocator: Failed to allocate (4 x 4) layerCount 1 format 56 usage b00: 1
01-09 12:12:47.466 29542 29560 E AHardwareBuffer: GraphicBuffer(w=4, h=4, lc=1) failed (Unknown error -1), handle=0x0
01-09 12:12:47.466 29542 29560 E qdgralloc: GetGpuPixelFormat: No map for format: 0x3b
01-09 12:12:47.466 29542 29560 E AdrenoUtils: <validate_memory_layout_input_parmas:1923>: Unknown Format 0
01-09 12:12:47.466 29542 29560 E AdrenoUtils: <adreno_init_memory_layout:4634>: Memory Layout input parameter validation failed!
01-09 12:12:47.466 29542 29560 E qdgralloc: GetGpuResourceSizeAndDimensions Graphics metadata init failed
01-09 12:12:47.466 29542 29560 E Gralloc4: isSupported(1, 1, 59, 1, ...) failed with 1
01-09 12:12:47.466   668   668 E qdgralloc: GetGpuPixelFormat: No map for format: 0x3b
01-09 12:12:47.466   668   668 E AdrenoUtils: <validate_memory_layout_input_parmas:1923>: Unknown Format 0
01-09 12:12:47.466   668   668 E AdrenoUtils: <adreno_init_memory_layout:4634>: Memory Layout input parameter validation failed!
01-09 12:12:47.466   668   668 E qdgralloc: GetGpuResourceSizeAndDimensions Graphics metadata init failed
01-09 12:12:47.466 29542 29560 E GraphicBufferAllocator: Failed to allocate (4 x 4) layerCount 1 format 59 usage b00: 1
01-09 12:12:47.466 29542 29560 E AHardwareBuffer: GraphicBuffer(w=4, h=4, lc=1) failed (Unknown error -1), handle=0x0
01-09 12:12:47.466 29542 29560 E qdgralloc: GetGpuPixelFormat: No map for format: 0x38
01-09 12:12:47.466 29542 29560 E AdrenoUtils: <validate_memory_layout_input_parmas:1923>: Unknown Format 0
01-09 12:12:47.466 29542 29560 E AdrenoUtils: <adreno_init_memory_layout:4634>: Memory Layout input parameter validation failed!
01-09 12:12:47.466 29542 29560 E qdgralloc: GetGpuResourceSizeAndDimensions Graphics metadata init failed
01-09 12:12:47.466 29542 29560 E Gralloc4: isSupported(1, 1, 56, 1, ...) failed with 1
01-09 12:12:47.466   668   668 E qdgralloc: GetGpuPixelFormat: No map for format: 0x38
01-09 12:12:47.466   668   668 E AdrenoUtils: <validate_memory_layout_input_parmas:1923>: Unknown Format 0
01-09 12:12:47.466   668   668 E AdrenoUtils: <adreno_init_memory_layout:4634>: Memory Layout input parameter validation failed!
01-09 12:12:47.467   668   668 E qdgralloc: GetGpuResourceSizeAndDimensions Graphics metadata init failed
01-09 12:12:47.467 29542 29560 E GraphicBufferAllocator: Failed to allocate (4 x 4) layerCount 1 format 56 usage b00: 1
01-09 12:12:47.467 29542 29560 E AHardwareBuffer: GraphicBuffer(w=4, h=4, lc=1) failed (Unknown error -1), handle=0x0
01-09 12:12:47.467 29542 29560 E qdgralloc: GetGpuPixelFormat: No map for format: 0x3b
01-09 12:12:47.467 29542 29560 E AdrenoUtils: <validate_memory_layout_input_parmas:1923>: Unknown Format 0
01-09 12:12:47.467 29542 29560 E AdrenoUtils: <adreno_init_memory_layout:4634>: Memory Layout input parameter validation failed!
01-09 12:12:47.467 29542 29560 E qdgralloc: GetGpuResourceSizeAndDimensions Graphics metadata init failed
01-09 12:12:47.467 29542 29560 E Gralloc4: isSupported(1, 1, 59, 1, ...) failed with 1
01-09 12:12:47.467   668   668 E qdgralloc: GetGpuPixelFormat: No map for format: 0x3b
01-09 12:12:47.467   668   668 E AdrenoUtils: <validate_memory_layout_input_parmas:1923>: Unknown Format 0
01-09 12:12:47.467   668   668 E AdrenoUtils: <adreno_init_memory_layout:4634>: Memory Layout input parameter validation failed!
01-09 12:12:47.467   668   668 E qdgralloc: GetGpuResourceSizeAndDimensions Graphics metadata init failed
01-09 12:12:47.467 29542 29560 E GraphicBufferAllocator: Failed to allocate (4 x 4) layerCount 1 format 59 usage b00: 1
01-09 12:12:47.467 29542 29560 E AHardwareBuffer: GraphicBuffer(w=4, h=4, lc=1) failed (Unknown error -1), handle=0x0
01-09 12:12:47.469  3450  3928 I SP      : Scheduling: download registered, 0 started, 0 paused, 1 scheduled, 5 pending: manifests:delight-2022101700 * {m:b:u:l, bg}, manifests:next-word-predictor-20210507 {W:b:u:l, bg}, manifests:emoji-20190807 {m:b:u:l, bg}, manifests:content_cache-2020101916 {W:b:u:l, bg}, manifests:emoticon_content_description-2022081613 {W:b:u:l, bg}
01-09 12:12:47.474  3450  3928 I SuperpacksManagerImpl: SuperpacksManagerImpl$3$1.onFailure():577 emoticon_content_description.registerManifest() cancelled
01-09 12:12:47.477  3450  3928 I SuperpacksManagerImpl: SuperpacksManagerImpl$3$1.onFailure():577 emoticon_content_description.registerManifest() cancelled
01-09 12:12:47.477  3450  3928 I SP      : Registering content_cache.2020101916, url: https://www.gstatic.com/android/keyboard/modelpack/contentcache/202010191648/superpacks_manifest.json, constraints: W:*:*:*, flags: bg, requested: 2020101916, current: -1
01-09 12:12:47.478  3450  3928 I SP      : Registering emoticon_content_description.2022081613, url: https://www.gstatic.com/android/keyboard/emoticon_content_desc/202208161305/superpacks_manifest.json, constraints: W:*:*:*, flags: bg, requested: 2022081613, current: -1
01-09 12:12:47.488  3450  3928 I SP      : Scheduling job with delay of 0s for {m:b:u:l, bg}, 1 candidates
01-09 12:12:47.490  1785  4033 E JobScheduler.JobStatus: App com.google.android.inputmethod.latin became active but still in NEVER bucket
01-09 12:12:47.496   665   665 W HwcComposer: command 0x4080000 generated error 4
01-09 12:12:47.497  3450  3928 I SP      : Scheduling: download registered, 0 started, 0 paused, 1 scheduled, 5 pending: manifests:delight-2022101700 * {m:b:u:l, bg}, manifests:next-word-predictor-20210507 {W:b:u:l, bg}, manifests:emoji-20190807 {m:b:u:l, bg}, manifests:emoticon_content_description-2022081613 {W:b:u:l, bg}, manifests:content_cache-2020101916 {W:b:u:l, bg}
01-09 12:12:47.503  3450  3928 I SP      : Scheduling job with delay of 0s for {m:b:u:l, bg}, 1 candidates
01-09 12:12:47.505  1086  1254 I ASH     : @ 969638.307: tcs3701: stop power rail pending_off timer
01-09 12:12:47.505  1086  1254 D ASH     : @ 969638.307: tcs3701: start power rail timer, state:3
01-09 12:12:47.506  1785  6972 E JobScheduler.JobStatus: App com.google.android.inputmethod.latin became active but still in NEVER bucket
01-09 12:12:47.507  2565  2599 E OpenGLRenderer: Unable to match the desired swap behavior.
01-09 12:12:47.512   665   765 W HwcComposer: command 0x4080000 generated error 4
01-09 12:12:47.513  3450  3928 I SP      : Scheduling: download registered, 0 started, 0 paused, 1 scheduled, 5 pending: manifests:delight-2022101700 * {m:b:u:l, bg}, manifests:next-word-predictor-20210507 {W:b:u:l, bg}, manifests:emoji-20190807 {m:b:u:l, bg}, manifests:content_cache-2020101916 {W:b:u:l, bg}, manifests:emoticon_content_description-2022081613 {W:b:u:l, bg}
01-09 12:12:47.514  3450  3928 I SuperpacksManagerImpl: SuperpacksManagerImpl$3$1.onFailure():577 content_cache.registerManifest() cancelled
01-09 12:12:47.514  3450  3928 I SuperpacksManagerImpl: SuperpacksManagerImpl$3$1.onFailure():577 emoticon_content_description.registerManifest() cancelled
01-09 12:12:47.528   665   765 W HwcComposer: command 0x4080000 generated error 4
01-09 12:12:47.545  1086  1254 I ASH     : @ 969638.347: tcs3701: stop power rail pending_off timer
01-09 12:12:47.545  1086  1254 D ASH     : @ 969638.347: tcs3701: start power rail timer, state:3
01-09 12:12:47.545   665   765 W HwcComposer: command 0x4080000 generated error 4
01-09 12:12:47.562   665   765 W HwcComposer: command 0x4080000 generated error 4
01-09 12:12:47.579   665   665 W HwcComposer: command 0x4080000 generated error 4
01-09 12:12:47.579   665   665 W HwcComposer: command 0x4080000 generated error 4
01-09 12:12:47.579   665   665 W HwcComposer: command 0x4080000 generated error 4
01-09 12:12:47.580  1785  6972 I ImeTracker: com.driftsys.dashscene.showcase:48c7b2f0: onRequestHide at ORIGIN_SERVER_HIDE_INPUT reason HIDE_SAME_WINDOW_FOCUSED_WITHOUT_EDITOR
01-09 12:12:47.580  1785  6972 I ImeTracker: com.driftsys.dashscene.showcase:48c7b2f0: onCancelled at PHASE_SERVER_SHOULD_HIDE
01-09 12:12:47.581  3450  3450 I GoogleInputMethodService: GoogleInputMethodService.onFinishInput():3227 
01-09 12:12:47.582  3450  3450 I GoogleInputMethodService: GoogleInputMethodService.updateDeviceLockedStatus():2087 repeatCheckTimes = 0, unlocked = true
01-09 12:12:47.582  3450  3450 I GoogleInputMethodService: GoogleInputMethodService.onStartInput():1877 onStartInput(EditorInfo{inputType=0x0(NULL) imeOptions=0x0 privateImeOptions=null actionName=UNSPECIFIED actionLabel=null actionId=0 initialSelStart=-1 initialSelEnd=-1 initialCapsMode=0x0 hintText=null label=null packageName=com.driftsys.dashscene.showcase fieldId=0 fieldName=null extras=null}, false)
01-09 12:12:47.582  3450  3450 I GoogleInputMethodService: GoogleInputMethodService.shouldHideHeaderOnInitialState():4008 ShouldHideHeaderOnInitialState = false
01-09 12:12:47.582  3450  3450 I GoogleInputMethodService: GoogleInputMethodService.updateDeviceLockedStatus():2087 repeatCheckTimes = 2, unlocked = true
01-09 12:12:47.585  1086  1254 I ASH     : @ 969638.387: tcs3701: stop power rail pending_off timer
01-09 12:12:47.585  1086  1254 D ASH     : @ 969638.387: tcs3701: start power rail timer, state:3
01-09 12:12:47.596   665   665 W HwcComposer: command 0x4080000 generated error 4
01-09 12:12:47.596   665   665 W HwcComposer: command 0x4080000 generated error 4
01-09 12:12:47.611   665   765 W HwcComposer: command 0x4080000 generated error 4
01-09 12:12:47.611   665   765 W HwcComposer: command 0x4080000 generated error 4
01-09 12:12:47.625  1086  1254 I ASH     : @ 969638.427: tcs3701: stop power rail pending_off timer
01-09 12:12:47.625  1086  1254 D ASH     : @ 969638.427: tcs3701: start power rail timer, state:3
01-09 12:12:47.628   665   765 W HwcComposer: command 0x4080000 generated error 4
01-09 12:12:47.628   665   765 W HwcComposer: command 0x4080000 generated error 4
01-09 12:12:47.645   665   765 W HwcComposer: command 0x4080000 generated error 4
01-09 12:12:47.645   665   765 W HwcComposer: command 0x4080000 generated error 4
01-09 12:12:47.661   665   765 W HwcComposer: command 0x4080000 generated error 4
01-09 12:12:47.662   665   765 W HwcComposer: command 0x4080000 generated error 4
01-09 12:12:47.665  1086  1254 I ASH     : @ 969638.467: tcs3701: stop power rail pending_off timer
01-09 12:12:47.665  1086  1254 D ASH     : @ 969638.467: tcs3701: start power rail timer, state:3
01-09 12:12:47.678   665   765 W HwcComposer: command 0x4080000 generated error 4
01-09 12:12:47.678   665   765 W HwcComposer: command 0x4080000 generated error 4
01-09 12:12:47.695   665   765 W HwcComposer: command 0x4080000 generated error 4
01-09 12:12:47.695   665   765 W HwcComposer: command 0x4080000 generated error 4
01-09 12:12:47.704  1086  1254 I ASH     : @ 969638.507: tcs3701: stop power rail pending_off timer
01-09 12:12:47.705  1086  1254 D ASH     : @ 969638.507: tcs3701: start power rail timer, state:3
01-09 12:12:47.712   665   765 W HwcComposer: command 0x4080000 generated error 4
01-09 12:12:47.712   665   765 W HwcComposer: command 0x4080000 generated error 4
01-09 12:12:47.729   665   765 W HwcComposer: command 0x4080000 generated error 4
01-09 12:12:47.729   665   765 W HwcComposer: command 0x4080000 generated error 4
01-09 12:12:47.744  2565  2589 V WindowManagerShell: Transition animation finished (aborted=false), notifying core (#202)android.os.BinderProxy@e926626@0
01-09 12:12:47.745  1086  1254 I ASH     : @ 969638.547: tcs3701: stop power rail pending_off timer
01-09 12:12:47.745  1086  1254 D ASH     : @ 969638.547: tcs3701: start power rail timer, state:3
01-09 12:12:47.745   665   765 W HwcComposer: command 0x4080000 generated error 4
01-09 12:12:47.745   665   765 W HwcComposer: command 0x4080000 generated error 4
01-09 12:12:47.745  1785  2095 V WindowManager: Finish Transition #202: created at 01-09 12:12:47.364 collect-started=0.047ms request-sent=0.302ms started=39.349ms ready=40.848ms sent=80.636ms finished=380.626ms
01-09 12:12:47.747  2565  2589 V WindowManagerShell: Track 0 became idle
01-09 12:12:47.747  2565  2589 V WindowManagerShell: All active transition animations finished
01-09 12:12:47.785  1086  1254 I ASH     : @ 969638.587: tcs3701: stop power rail pending_off timer
01-09 12:12:47.785  1086  1254 D ASH     : @ 969638.587: tcs3701: start power rail timer, state:3
01-09 12:12:47.825  1086  1254 I ASH     : @ 969638.627: tcs3701: stop power rail pending_off timer
01-09 12:12:47.825  1086  1254 D ASH     : @ 969638.627: tcs3701: start power rail timer, state:3
01-09 12:12:47.865  1086  1254 I ASH     : @ 969638.667: tcs3701: stop power rail pending_off timer
01-09 12:12:47.865  1086  1254 D ASH     : @ 969638.667: tcs3701: start power rail timer, state:3
01-09 12:12:47.905  1086  1254 I ASH     : @ 969638.707: tcs3701: stop power rail pending_off timer
01-09 12:12:47.905  1086  1254 D ASH     : @ 969638.707: tcs3701: start power rail timer, state:3
01-09 12:12:47.945  1086  1254 I ASH     : @ 969638.747: tcs3701: stop power rail pending_off timer
01-09 12:12:47.945  1086  1254 D ASH     : @ 969638.747: tcs3701: start power rail timer, state:3
01-09 12:12:47.985  1086  1254 I ASH     : @ 969638.787: tcs3701: stop power rail pending_off timer
01-09 12:12:47.985  1086  1254 D ASH     : @ 969638.787: tcs3701: start power rail timer, state:3
01-09 12:12:48.025  1086  1254 I ASH     : @ 969638.827: tcs3701: stop power rail pending_off timer
01-09 12:12:48.025  1086  1254 D ASH     : @ 969638.827: tcs3701: start power rail timer, state:3
01-09 12:12:48.065  1086  1254 I ASH     : @ 969638.867: tcs3701: stop power rail pending_off timer
01-09 12:12:48.065  1086  1254 D ASH     : @ 969638.867: tcs3701: start power rail timer, state:3
01-09 12:12:48.105  1086  1254 I ASH     : @ 969638.907: tcs3701: stop power rail pending_off timer
01-09 12:12:48.105  1086  1254 D ASH     : @ 969638.907: tcs3701: start power rail timer, state:3
01-09 12:12:48.145  1086  1254 I ASH     : @ 969638.947: tcs3701: stop power rail pending_off timer
01-09 12:12:48.145  1086  1254 D ASH     : @ 969638.947: tcs3701: start power rail timer, state:3
01-09 12:12:48.185  1086  1254 I ASH     : @ 969638.987: tcs3701: stop power rail pending_off timer
01-09 12:12:48.185  1086  1254 D ASH     : @ 969638.987: tcs3701: start power rail timer, state:3
01-09 12:12:48.225  1086  1254 I ASH     : @ 969639.027: tcs3701: stop power rail pending_off timer
01-09 12:12:48.225  1086  1254 D ASH     : @ 969639.027: tcs3701: start power rail timer, state:3
01-09 12:12:48.265  1086  1254 I ASH     : @ 969639.067: tcs3701: stop power rail pending_off timer
01-09 12:12:48.265  1086  1254 D ASH     : @ 969639.067: tcs3701: start power rail timer, state:3
01-09 12:12:48.305  1086  1254 I ASH     : @ 969639.107: tcs3701: stop power rail pending_off timer
01-09 12:12:48.305  1086  1254 D ASH     : @ 969639.107: tcs3701: start power rail timer, state:3
01-09 12:12:48.345  1086  1254 I ASH     : @ 969639.147: tcs3701: stop power rail pending_off timer
01-09 12:12:48.345  1086  1254 D ASH     : @ 969639.147: tcs3701: start power rail timer, state:3
01-09 12:12:48.385  1086  1254 I ASH     : @ 969639.187: tcs3701: stop power rail pending_off timer
01-09 12:12:48.385  1086  1254 D ASH     : @ 969639.187: tcs3701: start power rail timer, state:3
01-09 12:12:48.425  1086  1254 I ASH     : @ 969639.227: tcs3701: stop power rail pending_off timer
01-09 12:12:48.425  1086  1254 D ASH     : @ 969639.227: tcs3701: start power rail timer, state:3
01-09 12:12:48.465  1086  1254 I ASH     : @ 969639.267: tcs3701: stop power rail pending_off timer
01-09 12:12:48.465  1086  1254 D ASH     : @ 969639.267: tcs3701: start power rail timer, state:3
01-09 12:12:48.505  1086  1254 I ASH     : @ 969639.307: tcs3701: stop power rail pending_off timer
01-09 12:12:48.505  1086  1254 D ASH     : @ 969639.307: tcs3701: start power rail timer, state:3
01-09 12:12:48.545  1086  1254 I ASH     : @ 969639.347: tcs3701: stop power rail pending_off timer
01-09 12:12:48.545  1086  1254 D ASH     : @ 969639.347: tcs3701: start power rail timer, state:3
01-09 12:12:48.585  1086  1254 I ASH     : @ 969639.387: tcs3701: stop power rail pending_off timer
01-09 12:12:48.585  1086  1254 D ASH     : @ 969639.387: tcs3701: start power rail timer, state:3
01-09 12:12:48.625  1086  1254 I ASH     : @ 969639.427: tcs3701: stop power rail pending_off timer
01-09 12:12:48.625  1086  1254 D ASH     : @ 969639.427: tcs3701: start power rail timer, state:3
01-09 12:12:48.666  1086  1254 I ASH     : @ 969639.467: tcs3701: stop power rail pending_off timer
01-09 12:12:48.666  1086  1254 D ASH     : @ 969639.467: tcs3701: start power rail timer, state:3
01-09 12:12:48.705  1086  1254 I ASH     : @ 969639.507: tcs3701: stop power rail pending_off timer
01-09 12:12:48.705  1086  1254 D ASH     : @ 969639.507: tcs3701: start power rail timer, state:3
01-09 12:12:48.745  1086  1254 I ASH     : @ 969639.547: tcs3701: stop power rail pending_off timer
01-09 12:12:48.745  1086  1254 D ASH     : @ 969639.547: tcs3701: start power rail timer, state:3
01-09 12:12:48.785  1086  1254 I ASH     : @ 969639.587: tcs3701: stop power rail pending_off timer
01-09 12:12:48.785  1086  1254 D ASH     : @ 969639.587: tcs3701: start power rail timer, state:3
01-09 12:12:48.825  1086  1254 I ASH     : @ 969639.627: tcs3701: stop power rail pending_off timer
01-09 12:12:48.825  1086  1254 D ASH     : @ 969639.627: tcs3701: start power rail timer, state:3
01-09 12:12:48.865  1086  1254 I ASH     : @ 969639.667: tcs3701: stop power rail pending_off timer
01-09 12:12:48.865  1086  1254 D ASH     : @ 969639.667: tcs3701: start power rail timer, state:3
01-09 12:12:48.905  1086  1254 I ASH     : @ 969639.707: tcs3701: stop power rail pending_off timer
01-09 12:12:48.905  1086  1254 D ASH     : @ 969639.707: tcs3701: start power rail timer, state:3
01-09 12:12:48.945  1086  1254 I ASH     : @ 969639.747: tcs3701: stop power rail pending_off timer
01-09 12:12:48.945  1086  1254 D ASH     : @ 969639.747: tcs3701: start power rail timer, state:3
01-09 12:12:48.985  1086  1254 I ASH     : @ 969639.787: tcs3701: stop power rail pending_off timer
01-09 12:12:48.985  1086  1254 D ASH     : @ 969639.787: tcs3701: start power rail timer, state:3
01-09 12:12:49.025  1086  1254 I ASH     : @ 969639.827: tcs3701: stop power rail pending_off timer
01-09 12:12:49.025  1086  1254 D ASH     : @ 969639.827: tcs3701: start power rail timer, state:3
01-09 12:12:49.065  1086  1254 I ASH     : @ 969639.867: tcs3701: stop power rail pending_off timer
01-09 12:12:49.065  1086  1254 D ASH     : @ 969639.867: tcs3701: start power rail timer, state:3
01-09 12:12:49.105  1086  1254 I ASH     : @ 969639.907: tcs3701: stop power rail pending_off timer
01-09 12:12:49.105  1086  1254 D ASH     : @ 969639.907: tcs3701: start power rail timer, state:3
01-09 12:12:49.145  1086  1254 I ASH     : @ 969639.947: tcs3701: stop power rail pending_off timer
01-09 12:12:49.145  1086  1254 D ASH     : @ 969639.947: tcs3701: start power rail timer, state:3
01-09 12:12:49.185  1086  1254 I ASH     : @ 969639.987: tcs3701: stop power rail pending_off timer
01-09 12:12:49.185  1086  1254 D ASH     : @ 969639.987: tcs3701: start power rail timer, state:3
01-09 12:12:49.225  1086  1254 I ASH     : @ 969640.027: tcs3701: stop power rail pending_off timer
01-09 12:12:49.225  1086  1254 D ASH     : @ 969640.027: tcs3701: start power rail timer, state:3
01-09 12:12:49.265  1086  1254 I ASH     : @ 969640.067: tcs3701: stop power rail pending_off timer
01-09 12:12:49.265  1086  1254 D ASH     : @ 969640.067: tcs3701: start power rail timer, state:3
01-09 12:12:49.305  1086  1254 I ASH     : @ 969640.107: tcs3701: stop power rail pending_off timer
01-09 12:12:49.305  1086  1254 D ASH     : @ 969640.107: tcs3701: start power rail timer, state:3
01-09 12:12:49.345  1086  1254 I ASH     : @ 969640.147: tcs3701: stop power rail pending_off timer
01-09 12:12:49.345  1086  1254 D ASH     : @ 969640.147: tcs3701: start power rail timer, state:3
01-09 12:12:49.385  1086  1254 I ASH     : @ 969640.187: tcs3701: stop power rail pending_off timer
01-09 12:12:49.385  1086  1254 D ASH     : @ 969640.187: tcs3701: start power rail timer, state:3
01-09 12:12:49.425  1086  1254 I ASH     : @ 969640.227: tcs3701: stop power rail pending_off timer
01-09 12:12:49.425  1086  1254 D ASH     : @ 969640.227: tcs3701: start power rail timer, state:3
01-09 12:12:49.465  1086  1254 I ASH     : @ 969640.267: tcs3701: stop power rail pending_off timer
01-09 12:12:49.465  1086  1254 D ASH     : @ 969640.267: tcs3701: start power rail timer, state:3
01-09 12:12:49.505  1086  1254 I ASH     : @ 969640.307: tcs3701: stop power rail pending_off timer
01-09 12:12:49.505  1086  1254 D ASH     : @ 969640.307: tcs3701: start power rail timer, state:3
01-09 12:12:49.545  1086  1254 I ASH     : @ 969640.347: tcs3701: stop power rail pending_off timer
01-09 12:12:49.545  1086  1254 D ASH     : @ 969640.347: tcs3701: start power rail timer, state:3
01-09 12:12:49.585  1086  1254 I ASH     : @ 969640.387: tcs3701: stop power rail pending_off timer
01-09 12:12:49.585  1086  1254 D ASH     : @ 969640.387: tcs3701: start power rail timer, state:3
01-09 12:12:49.625  1086  1254 I ASH     : @ 969640.427: tcs3701: stop power rail pending_off timer
01-09 12:12:49.625  1086  1254 D ASH     : @ 969640.427: tcs3701: start power rail timer, state:3
01-09 12:12:49.665  1086  1254 I ASH     : @ 969640.467: tcs3701: stop power rail pending_off timer
01-09 12:12:49.665  1086  1254 D ASH     : @ 969640.467: tcs3701: start power rail timer, state:3
01-09 12:12:49.705  1086  1254 I ASH     : @ 969640.507: tcs3701: stop power rail pending_off timer
01-09 12:12:49.705  1086  1254 D ASH     : @ 969640.507: tcs3701: start power rail timer, state:3
01-09 12:12:49.745  1086  1254 I ASH     : @ 969640.547: tcs3701: stop power rail pending_off timer
01-09 12:12:49.745  1086  1254 D ASH     : @ 969640.547: tcs3701: start power rail timer, state:3
01-09 12:12:49.785  1086  1254 I ASH     : @ 969640.587: tcs3701: stop power rail pending_off timer
01-09 12:12:49.785  1086  1254 D ASH     : @ 969640.587: tcs3701: start power rail timer, state:3
01-09 12:12:49.825  1086  1254 I ASH     : @ 969640.627: tcs3701: stop power rail pending_off timer
01-09 12:12:49.825  1086  1254 D ASH     : @ 969640.627: tcs3701: start power rail timer, state:3
01-09 12:12:49.865  1086  1254 I ASH     : @ 969640.667: tcs3701: stop power rail pending_off timer
01-09 12:12:49.865  1086  1254 D ASH     : @ 969640.667: tcs3701: start power rail timer, state:3
01-09 12:12:49.905  1086  1254 I ASH     : @ 969640.707: tcs3701: stop power rail pending_off timer
01-09 12:12:49.905  1086  1254 D ASH     : @ 969640.707: tcs3701: start power rail timer, state:3
01-09 12:12:49.945  1086  1254 I ASH     : @ 969640.747: tcs3701: stop power rail pending_off timer
01-09 12:12:49.945  1086  1254 D ASH     : @ 969640.747: tcs3701: start power rail timer, state:3
01-09 12:12:49.986  1086  1254 I ASH     : @ 969640.787: tcs3701: stop power rail pending_off timer
01-09 12:12:49.986  1086  1254 D ASH     : @ 969640.787: tcs3701: start power rail timer, state:3
01-09 12:12:50.025  1086  1254 I ASH     : @ 969640.827: tcs3701: stop power rail pending_off timer
01-09 12:12:50.025  1086  1254 D ASH     : @ 969640.827: tcs3701: start power rail timer, state:3
01-09 12:12:50.065  1086  1254 I ASH     : @ 969640.867: tcs3701: stop power rail pending_off timer
01-09 12:12:50.065  1086  1254 D ASH     : @ 969640.867: tcs3701: start power rail timer, state:3
01-09 12:12:50.105  1086  1254 I ASH     : @ 969640.907: tcs3701: stop power rail pending_off timer
01-09 12:12:50.105  1086  1254 D ASH     : @ 969640.907: tcs3701: start power rail timer, state:3
01-09 12:12:50.145  1086  1254 I ASH     : @ 969640.947: tcs3701: stop power rail pending_off timer
01-09 12:12:50.145  1086  1254 D ASH     : @ 969640.947: tcs3701: start power rail timer, state:3
01-09 12:12:50.152  1122  1183 D rlsservice: MonitorDisplayStatus client num 0, display status 1, sensor status 0
01-09 12:12:50.185  1086  1254 I ASH     : @ 969640.987: tcs3701: stop power rail pending_off timer
01-09 12:12:50.185  1086  1254 D ASH     : @ 969640.987: tcs3701: start power rail timer, state:3
01-09 12:12:50.225  1086  1254 I ASH     : @ 969641.027: tcs3701: stop power rail pending_off timer
01-09 12:12:50.225  1086  1254 D ASH     : @ 969641.027: tcs3701: start power rail timer, state:3
01-09 12:12:50.265  1086  1254 I ASH     : @ 969641.067: tcs3701: stop power rail pending_off timer
01-09 12:12:50.265  1086  1254 D ASH     : @ 969641.067: tcs3701: start power rail timer, state:3
01-09 12:12:50.305  1086  1254 I ASH     : @ 969641.107: tcs3701: stop power rail pending_off timer
01-09 12:12:50.305  1086  1254 D ASH     : @ 969641.107: tcs3701: start power rail timer, state:3
01-09 12:12:50.345  1086  1254 I ASH     : @ 969641.147: tcs3701: stop power rail pending_off timer
01-09 12:12:50.345  1086  1254 D ASH     : @ 969641.147: tcs3701: start power rail timer, state:3
01-09 12:12:50.385  1086  1254 I ASH     : @ 969641.187: tcs3701: stop power rail pending_off timer
01-09 12:12:50.385  1086  1254 D ASH     : @ 969641.187: tcs3701: start power rail timer, state:3
01-09 12:12:50.425  1086  1254 I ASH     : @ 969641.227: tcs3701: stop power rail pending_off timer
01-09 12:12:50.425  1086  1254 D ASH     : @ 969641.227: tcs3701: start power rail timer, state:3
01-09 12:12:50.465  1086  1254 I ASH     : @ 969641.267: tcs3701: stop power rail pending_off timer
01-09 12:12:50.465  1086  1254 D ASH     : @ 969641.267: tcs3701: start power rail timer, state:3
01-09 12:12:50.505  1086  1254 I ASH     : @ 969641.307: tcs3701: stop power rail pending_off timer
01-09 12:12:50.505  1086  1254 D ASH     : @ 969641.307: tcs3701: start power rail timer, state:3
01-09 12:12:50.545  1086  1254 I ASH     : @ 969641.347: tcs3701: stop power rail pending_off timer
01-09 12:12:50.545  1086  1254 D ASH     : @ 969641.347: tcs3701: start power rail timer, state:3
01-09 12:12:50.585  1086  1254 I ASH     : @ 969641.387: tcs3701: stop power rail pending_off timer
01-09 12:12:50.585  1086  1254 D ASH     : @ 969641.387: tcs3701: start power rail timer, state:3
01-09 12:12:50.625  1086  1254 I ASH     : @ 969641.427: tcs3701: stop power rail pending_off timer
01-09 12:12:50.625  1086  1254 D ASH     : @ 969641.427: tcs3701: start power rail timer, state:3
01-09 12:12:50.665  1086  1254 I ASH     : @ 969641.467: tcs3701: stop power rail pending_off timer
01-09 12:12:50.665  1086  1254 D ASH     : @ 969641.467: tcs3701: start power rail timer, state:3
01-09 12:12:50.705  1086  1254 I ASH     : @ 969641.507: tcs3701: stop power rail pending_off timer
01-09 12:12:50.705  1086  1254 D ASH     : @ 969641.507: tcs3701: start power rail timer, state:3
01-09 12:12:50.745  1086  1254 I ASH     : @ 969641.547: tcs3701: stop power rail pending_off timer
01-09 12:12:50.745  1086  1254 D ASH     : @ 969641.547: tcs3701: start power rail timer, state:3
01-09 12:12:50.785  1086  1254 I ASH     : @ 969641.587: tcs3701: stop power rail pending_off timer
01-09 12:12:50.785  1086  1254 D ASH     : @ 969641.587: tcs3701: start power rail timer, state:3
01-09 12:12:50.825  1086  1254 I ASH     : @ 969641.627: tcs3701: stop power rail pending_off timer
01-09 12:12:50.825  1086  1254 D ASH     : @ 969641.627: tcs3701: start power rail timer, state:3
01-09 12:12:50.865  1086  1254 I ASH     : @ 969641.667: tcs3701: stop power rail pending_off timer
01-09 12:12:50.865  1086  1254 D ASH     : @ 969641.667: tcs3701: start power rail timer, state:3
01-09 12:12:50.905  1086  1254 I ASH     : @ 969641.707: tcs3701: stop power rail pending_off timer
01-09 12:12:50.905  1086  1254 D ASH     : @ 969641.707: tcs3701: start power rail timer, state:3
01-09 12:12:50.945  1086  1254 I ASH     : @ 969641.747: tcs3701: stop power rail pending_off timer
01-09 12:12:50.945  1086  1254 D ASH     : @ 969641.747: tcs3701: start power rail timer, state:3
01-09 12:12:50.985  1086  1254 I ASH     : @ 969641.787: tcs3701: stop power rail pending_off timer
01-09 12:12:50.985  1086  1254 D ASH     : @ 969641.787: tcs3701: start power rail timer, state:3
01-09 12:12:51.025  1086  1254 I ASH     : @ 969641.827: tcs3701: stop power rail pending_off timer
01-09 12:12:51.025  1086  1254 D ASH     : @ 969641.827: tcs3701: start power rail timer, state:3
01-09 12:12:51.065  1086  1254 I ASH     : @ 969641.867: tcs3701: stop power rail pending_off timer
01-09 12:12:51.065  1086  1254 D ASH     : @ 969641.867: tcs3701: start power rail timer, state:3
01-09 12:12:51.105  1086  1254 I ASH     : @ 969641.907: tcs3701: stop power rail pending_off timer
01-09 12:12:51.105  1086  1254 D ASH     : @ 969641.907: tcs3701: start power rail timer, state:3
01-09 12:12:51.145  1086  1254 I ASH     : @ 969641.947: tcs3701: stop power rail pending_off timer
01-09 12:12:51.145  1086  1254 D ASH     : @ 969641.947: tcs3701: start power rail timer, state:3
01-09 12:12:51.185  1086  1254 I ASH     : @ 969641.987: tcs3701: stop power rail pending_off timer
01-09 12:12:51.185  1086  1254 D ASH     : @ 969641.987: tcs3701: start power rail timer, state:3
01-09 12:12:51.225  1086  1254 I ASH     : @ 969642.027: tcs3701: stop power rail pending_off timer
01-09 12:12:51.225  1086  1254 D ASH     : @ 969642.027: tcs3701: start power rail timer, state:3
01-09 12:12:51.265  1086  1254 I ASH     : @ 969642.067: tcs3701: stop power rail pending_off timer
01-09 12:12:51.265  1086  1254 D ASH     : @ 969642.067: tcs3701: start power rail timer, state:3
01-09 12:12:51.305  1086  1254 I ASH     : @ 969642.107: tcs3701: stop power rail pending_off timer
01-09 12:12:51.305  1086  1254 D ASH     : @ 969642.107: tcs3701: start power rail timer, state:3
01-09 12:12:51.345  1086  1254 I ASH     : @ 969642.147: tcs3701: stop power rail pending_off timer
01-09 12:12:51.345  1086  1254 D ASH     : @ 969642.147: tcs3701: start power rail timer, state:3
01-09 12:12:51.385  1086  1254 I ASH     : @ 969642.187: tcs3701: stop power rail pending_off timer
01-09 12:12:51.385  1086  1254 D ASH     : @ 969642.187: tcs3701: start power rail timer, state:3
01-09 12:12:51.425  1086  1254 I ASH     : @ 969642.227: tcs3701: stop power rail pending_off timer
01-09 12:12:51.425  1086  1254 D ASH     : @ 969642.227: tcs3701: start power rail timer, state:3
01-09 12:12:51.465  1086  1254 I ASH     : @ 969642.267: tcs3701: stop power rail pending_off timer
01-09 12:12:51.465  1086  1254 D ASH     : @ 969642.267: tcs3701: start power rail timer, state:3
01-09 12:12:51.505  1086  1254 I ASH     : @ 969642.307: tcs3701: stop power rail pending_off timer
01-09 12:12:51.505  1086  1254 D ASH     : @ 969642.307: tcs3701: start power rail timer, state:3
01-09 12:12:51.545  1086  1254 I ASH     : @ 969642.347: tcs3701: stop power rail pending_off timer
01-09 12:12:51.545  1086  1254 D ASH     : @ 969642.347: tcs3701: start power rail timer, state:3
01-09 12:12:51.585  1086  1254 I ASH     : @ 969642.387: tcs3701: stop power rail pending_off timer
01-09 12:12:51.585  1086  1254 D ASH     : @ 969642.387: tcs3701: start power rail timer, state:3
01-09 12:12:51.625  1086  1254 I ASH     : @ 969642.427: tcs3701: stop power rail pending_off timer
01-09 12:12:51.625  1086  1254 D ASH     : @ 969642.427: tcs3701: start power rail timer, state:3
01-09 12:12:51.665  1086  1254 I ASH     : @ 969642.467: tcs3701: stop power rail pending_off timer
01-09 12:12:51.665  1086  1254 D ASH     : @ 969642.467: tcs3701: start power rail timer, state:3
01-09 12:12:51.705  1086  1254 I ASH     : @ 969642.507: tcs3701: stop power rail pending_off timer
01-09 12:12:51.705  1086  1254 D ASH     : @ 969642.507: tcs3701: start power rail timer, state:3
01-09 12:12:51.745  1086  1254 I ASH     : @ 969642.547: tcs3701: stop power rail pending_off timer
01-09 12:12:51.745  1086  1254 D ASH     : @ 969642.547: tcs3701: start power rail timer, state:3
01-09 12:12:51.785  1086  1254 I ASH     : @ 969642.587: tcs3701: stop power rail pending_off timer
01-09 12:12:51.785  1086  1254 D ASH     : @ 969642.587: tcs3701: start power rail timer, state:3
01-09 12:12:51.825  1086  1254 I ASH     : @ 969642.627: tcs3701: stop power rail pending_off timer
01-09 12:12:51.825  1086  1254 D ASH     : @ 969642.627: tcs3701: start power rail timer, state:3
01-09 12:12:51.865  1086  1254 I ASH     : @ 969642.667: tcs3701: stop power rail pending_off timer
01-09 12:12:51.865  1086  1254 D ASH     : @ 969642.667: tcs3701: start power rail timer, state:3
01-09 12:12:51.905  1086  1254 I ASH     : @ 969642.707: tcs3701: stop power rail pending_off timer
01-09 12:12:51.905  1086  1254 D ASH     : @ 969642.707: tcs3701: start power rail timer, state:3
01-09 12:12:51.945  1086  1254 I ASH     : @ 969642.747: tcs3701: stop power rail pending_off timer
01-09 12:12:51.945  1086  1254 D ASH     : @ 969642.747: tcs3701: start power rail timer, state:3
01-09 12:12:51.985  1086  1254 I ASH     : @ 969642.787: tcs3701: stop power rail pending_off timer
01-09 12:12:51.985  1086  1254 D ASH     : @ 969642.787: tcs3701: start power rail timer, state:3
01-09 12:12:52.025  1086  1254 I ASH     : @ 969642.827: tcs3701: stop power rail pending_off timer
01-09 12:12:52.025  1086  1254 D ASH     : @ 969642.827: tcs3701: start power rail timer, state:3
01-09 12:12:52.065  1086  1254 I ASH     : @ 969642.867: tcs3701: stop power rail pending_off timer
01-09 12:12:52.065  1086  1254 D ASH     : @ 969642.867: tcs3701: start power rail timer, state:3
01-09 12:12:52.105  1086  1254 I ASH     : @ 969642.907: tcs3701: stop power rail pending_off timer
01-09 12:12:52.105  1086  1254 D ASH     : @ 969642.907: tcs3701: start power rail timer, state:3
01-09 12:12:52.145  1086  1254 I ASH     : @ 969642.947: tcs3701: stop power rail pending_off timer
01-09 12:12:52.145  1086  1254 D ASH     : @ 969642.947: tcs3701: start power rail timer, state:3
01-09 12:12:52.185  1086  1254 I ASH     : @ 969642.987: tcs3701: stop power rail pending_off timer
01-09 12:12:52.185  1086  1254 D ASH     : @ 969642.987: tcs3701: start power rail timer, state:3
01-09 12:12:52.225  1086  1254 I ASH     : @ 969643.027: tcs3701: stop power rail pending_off timer
01-09 12:12:52.225  1086  1254 D ASH     : @ 969643.027: tcs3701: start power rail timer, state:3
01-09 12:12:52.265  1086  1254 I ASH     : @ 969643.067: tcs3701: stop power rail pending_off timer
01-09 12:12:52.265  1086  1254 D ASH     : @ 969643.067: tcs3701: start power rail timer, state:3
01-09 12:12:52.305  1086  1254 I ASH     : @ 969643.107: tcs3701: stop power rail pending_off timer
01-09 12:12:52.305  1086  1254 D ASH     : @ 969643.107: tcs3701: start power rail timer, state:3
01-09 12:12:52.345  1086  1254 I ASH     : @ 969643.147: tcs3701: stop power rail pending_off timer
01-09 12:12:52.345  1086  1254 D ASH     : @ 969643.147: tcs3701: start power rail timer, state:3
01-09 12:12:52.385  1086  1254 I ASH     : @ 969643.187: tcs3701: stop power rail pending_off timer
01-09 12:12:52.385  1086  1254 D ASH     : @ 969643.187: tcs3701: start power rail timer, state:3
01-09 12:12:52.425  1086  1254 I ASH     : @ 969643.227: tcs3701: stop power rail pending_off timer
01-09 12:12:52.425  1086  1254 D ASH     : @ 969643.227: tcs3701: start power rail timer, state:3
01-09 12:12:52.465  1086  1254 I ASH     : @ 969643.267: tcs3701: stop power rail pending_off timer
01-09 12:12:52.465  1086  1254 D ASH     : @ 969643.267: tcs3701: start power rail timer, state:3
01-09 12:12:52.505  1086  1254 I ASH     : @ 969643.307: tcs3701: stop power rail pending_off timer
01-09 12:12:52.505  1086  1254 D ASH     : @ 969643.307: tcs3701: start power rail timer, state:3
01-09 12:12:52.545  1086  1254 I ASH     : @ 969643.347: tcs3701: stop power rail pending_off timer
01-09 12:12:52.545  1086  1254 D ASH     : @ 969643.347: tcs3701: start power rail timer, state:3
01-09 12:12:52.585  1086  1254 I ASH     : @ 969643.387: tcs3701: stop power rail pending_off timer
01-09 12:12:52.585  1086  1254 D ASH     : @ 969643.387: tcs3701: start power rail timer, state:3
01-09 12:12:52.625  1086  1254 I ASH     : @ 969643.427: tcs3701: stop power rail pending_off timer
01-09 12:12:52.625  1086  1254 D ASH     : @ 969643.427: tcs3701: start power rail timer, state:3
01-09 12:12:52.665  1086  1254 I ASH     : @ 969643.467: tcs3701: stop power rail pending_off timer
01-09 12:12:52.665  1086  1254 D ASH     : @ 969643.467: tcs3701: start power rail timer, state:3
01-09 12:12:52.705  1086  1254 I ASH     : @ 969643.507: tcs3701: stop power rail pending_off timer
01-09 12:12:52.705  1086  1254 D ASH     : @ 969643.507: tcs3701: start power rail timer, state:3
01-09 12:12:52.745  1086  1254 I ASH     : @ 969643.547: tcs3701: stop power rail pending_off timer
01-09 12:12:52.745  1086  1254 D ASH     : @ 969643.547: tcs3701: start power rail timer, state:3
01-09 12:12:52.785  1086  1254 I ASH     : @ 969643.587: tcs3701: stop power rail pending_off timer
01-09 12:12:52.785  1086  1254 D ASH     : @ 969643.587: tcs3701: start power rail timer, state:3
01-09 12:12:52.825  1086  1254 I ASH     : @ 969643.627: tcs3701: stop power rail pending_off timer
01-09 12:12:52.825  1086  1254 D ASH     : @ 969643.627: tcs3701: start power rail timer, state:3
01-09 12:12:52.865  1086  1254 I ASH     : @ 969643.667: tcs3701: stop power rail pending_off timer
01-09 12:12:52.865  1086  1254 D ASH     : @ 969643.667: tcs3701: start power rail timer, state:3
01-09 12:12:52.905  1086  1254 I ASH     : @ 969643.707: tcs3701: stop power rail pending_off timer
01-09 12:12:52.905  1086  1254 D ASH     : @ 969643.707: tcs3701: start power rail timer, state:3
01-09 12:12:52.945  1086  1254 I ASH     : @ 969643.747: tcs3701: stop power rail pending_off timer
01-09 12:12:52.945  1086  1254 D ASH     : @ 969643.747: tcs3701: start power rail timer, state:3
01-09 12:12:52.985  1086  1254 I ASH     : @ 969643.787: tcs3701: stop power rail pending_off timer
01-09 12:12:52.985  1086  1254 D ASH     : @ 969643.787: tcs3701: start power rail timer, state:3
01-09 12:12:53.025  1086  1254 I ASH     : @ 969643.827: tcs3701: stop power rail pending_off timer
01-09 12:12:53.025  1086  1254 D ASH     : @ 969643.827: tcs3701: start power rail timer, state:3
01-09 12:12:53.065  1086  1254 I ASH     : @ 969643.867: tcs3701: stop power rail pending_off timer
01-09 12:12:53.065  1086  1254 D ASH     : @ 969643.867: tcs3701: start power rail timer, state:3
01-09 12:12:53.105  1086  1254 I ASH     : @ 969643.907: tcs3701: stop power rail pending_off timer
01-09 12:12:53.105  1086  1254 D ASH     : @ 969643.907: tcs3701: start power rail timer, state:3
01-09 12:12:53.145  1086  1254 I ASH     : @ 969643.947: tcs3701: stop power rail pending_off timer
01-09 12:12:53.145  1086  1254 D ASH     : @ 969643.947: tcs3701: start power rail timer, state:3
01-09 12:12:53.185  1086  1254 I ASH     : @ 969643.987: tcs3701: stop power rail pending_off timer
01-09 12:12:53.185  1086  1254 D ASH     : @ 969643.987: tcs3701: start power rail timer, state:3
01-09 12:12:53.225  1086  1254 I ASH     : @ 969644.027: tcs3701: stop power rail pending_off timer
01-09 12:12:53.225  1086  1254 D ASH     : @ 969644.027: tcs3701: start power rail timer, state:3
01-09 12:12:53.241  1785  2388 D ActivityManager: freezing 23151 com.google.android.partnersetup
01-09 12:12:53.242  1785  2388 D ActivityManager: freezing 22607 com.google.process.gservices
01-09 12:12:53.265  1086  1254 I ASH     : @ 969644.067: tcs3701: stop power rail pending_off timer
01-09 12:12:53.265  1086  1254 D ASH     : @ 969644.067: tcs3701: start power rail timer, state:3
01-09 12:12:53.305  1086  1254 I ASH     : @ 969644.107: tcs3701: stop power rail pending_off timer
01-09 12:12:53.305  1086  1254 D ASH     : @ 969644.107: tcs3701: start power rail timer, state:3
01-09 12:12:53.345  1086  1254 I ASH     : @ 969644.147: tcs3701: stop power rail pending_off timer
01-09 12:12:53.345  1086  1254 D ASH     : @ 969644.147: tcs3701: start power rail timer, state:3
01-09 12:12:53.385  1086  1254 I ASH     : @ 969644.187: tcs3701: stop power rail pending_off timer
01-09 12:12:53.385  1086  1254 D ASH     : @ 969644.187: tcs3701: start power rail timer, state:3
01-09 12:12:53.425  1086  1254 I ASH     : @ 969644.227: tcs3701: stop power rail pending_off timer
01-09 12:12:53.425  1086  1254 D ASH     : @ 969644.227: tcs3701: start power rail timer, state:3
01-09 12:12:53.465  1086  1254 I ASH     : @ 969644.267: tcs3701: stop power rail pending_off timer
01-09 12:12:53.465  1086  1254 D ASH     : @ 969644.267: tcs3701: start power rail timer, state:3
01-09 12:12:53.505  1086  1254 I ASH     : @ 969644.307: tcs3701: stop power rail pending_off timer
01-09 12:12:53.505  1086  1254 D ASH     : @ 969644.307: tcs3701: start power rail timer, state:3
01-09 12:12:53.545  1086  1254 I ASH     : @ 969644.347: tcs3701: stop power rail pending_off timer
01-09 12:12:53.545  1086  1254 D ASH     : @ 969644.347: tcs3701: start power rail timer, state:3
01-09 12:12:53.585  1086  1254 I ASH     : @ 969644.387: tcs3701: stop power rail pending_off timer
01-09 12:12:53.585  1086  1254 D ASH     : @ 969644.387: tcs3701: start power rail timer, state:3
01-09 12:12:53.625  1086  1254 I ASH     : @ 969644.427: tcs3701: stop power rail pending_off timer
01-09 12:12:53.625  1086  1254 D ASH     : @ 969644.427: tcs3701: start power rail timer, state:3
01-09 12:12:53.665  1086  1254 I ASH     : @ 969644.467: tcs3701: stop power rail pending_off timer
01-09 12:12:53.665  1086  1254 D ASH     : @ 969644.467: tcs3701: start power rail timer, state:3
01-09 12:12:53.705  1086  1254 I ASH     : @ 969644.507: tcs3701: stop power rail pending_off timer
01-09 12:12:53.705  1086  1254 D ASH     : @ 969644.507: tcs3701: start power rail timer, state:3
01-09 12:12:53.745  1086  1254 I ASH     : @ 969644.547: tcs3701: stop power rail pending_off timer
01-09 12:12:53.745  1086  1254 D ASH     : @ 969644.547: tcs3701: start power rail timer, state:3
01-09 12:12:53.785  1086  1254 I ASH     : @ 969644.587: tcs3701: stop power rail pending_off timer
01-09 12:12:53.785  1086  1254 D ASH     : @ 969644.587: tcs3701: start power rail timer, state:3
01-09 12:12:53.825  1086  1254 I ASH     : @ 969644.627: tcs3701: stop power rail pending_off timer
01-09 12:12:53.825  1086  1254 D ASH     : @ 969644.627: tcs3701: start power rail timer, state:3
01-09 12:12:53.865  1086  1254 I ASH     : @ 969644.667: tcs3701: stop power rail pending_off timer
01-09 12:12:53.865  1086  1254 D ASH     : @ 969644.667: tcs3701: start power rail timer, state:3
01-09 12:12:53.905  1086  1254 I ASH     : @ 969644.707: tcs3701: stop power rail pending_off timer
01-09 12:12:53.905  1086  1254 D ASH     : @ 969644.707: tcs3701: start power rail timer, state:3
01-09 12:12:53.945  1086  1254 I ASH     : @ 969644.747: tcs3701: stop power rail pending_off timer
01-09 12:12:53.945  1086  1254 D ASH     : @ 969644.747: tcs3701: start power rail timer, state:3
01-09 12:12:53.985  1086  1254 I ASH     : @ 969644.787: tcs3701: stop power rail pending_off timer
01-09 12:12:53.985  1086  1254 D ASH     : @ 969644.787: tcs3701: start power rail timer, state:3
01-09 12:12:54.025  1086  1254 I ASH     : @ 969644.827: tcs3701: stop power rail pending_off timer
01-09 12:12:54.025  1086  1254 D ASH     : @ 969644.827: tcs3701: start power rail timer, state:3
01-09 12:12:54.065  1086  1254 I ASH     : @ 969644.867: tcs3701: stop power rail pending_off timer
01-09 12:12:54.065  1086  1254 D ASH     : @ 969644.867: tcs3701: start power rail timer, state:3
01-09 12:12:54.105  1086  1254 I ASH     : @ 969644.907: tcs3701: stop power rail pending_off timer
01-09 12:12:54.105  1086  1254 D ASH     : @ 969644.907: tcs3701: start power rail timer, state:3
01-09 12:12:54.145  1086  1254 I ASH     : @ 969644.947: tcs3701: stop power rail pending_off timer
01-09 12:12:54.145  1086  1254 D ASH     : @ 969644.947: tcs3701: start power rail timer, state:3
01-09 12:12:54.185  1086  1254 I ASH     : @ 969644.987: tcs3701: stop power rail pending_off timer
01-09 12:12:54.185  1086  1254 D ASH     : @ 969644.987: tcs3701: start power rail timer, state:3
01-09 12:12:54.225  1086  1254 I ASH     : @ 969645.027: tcs3701: stop power rail pending_off timer
01-09 12:12:54.225  1086  1254 D ASH     : @ 969645.027: tcs3701: start power rail timer, state:3
01-09 12:12:54.265  1086  1254 I ASH     : @ 969645.067: tcs3701: stop power rail pending_off timer
01-09 12:12:54.265  1086  1254 D ASH     : @ 969645.067: tcs3701: start power rail timer, state:3
01-09 12:12:54.305  1086  1254 I ASH     : @ 969645.107: tcs3701: stop power rail pending_off timer
01-09 12:12:54.305  1086  1254 D ASH     : @ 969645.107: tcs3701: start power rail timer, state:3
01-09 12:12:54.346  1086  1254 I ASH     : @ 969645.147: tcs3701: stop power rail pending_off timer
01-09 12:12:54.346  1086  1254 D ASH     : @ 969645.147: tcs3701: start power rail timer, state:3
01-09 12:12:54.385  1086  1254 I ASH     : @ 969645.187: tcs3701: stop power rail pending_off timer
01-09 12:12:54.385  1086  1254 D ASH     : @ 969645.187: tcs3701: start power rail timer, state:3
01-09 12:12:54.425  1086  1254 I ASH     : @ 969645.227: tcs3701: stop power rail pending_off timer
01-09 12:12:54.425  1086  1254 D ASH     : @ 969645.227: tcs3701: start power rail timer, state:3
01-09 12:12:54.465  1086  1254 I ASH     : @ 969645.267: tcs3701: stop power rail pending_off timer
01-09 12:12:54.465  1086  1254 D ASH     : @ 969645.267: tcs3701: start power rail timer, state:3
01-09 12:12:54.507  1086  1254 I ASH     : @ 969645.307: tcs3701: stop power rail pending_off timer
01-09 12:12:54.508  1086  1254 D ASH     : @ 969645.307: tcs3701: start power rail timer, state:3
01-09 12:12:54.545  1086  1254 I ASH     : @ 969645.347: tcs3701: stop power rail pending_off timer
01-09 12:12:54.545  1086  1254 D ASH     : @ 969645.347: tcs3701: start power rail timer, state:3
01-09 12:12:54.585  1086  1254 I ASH     : @ 969645.387: tcs3701: stop power rail pending_off timer
01-09 12:12:54.585  1086  1254 D ASH     : @ 969645.387: tcs3701: start power rail timer, state:3
01-09 12:12:54.626  1086  1254 I ASH     : @ 969645.427: tcs3701: stop power rail pending_off timer
01-09 12:12:54.626  1086  1254 D ASH     : @ 969645.427: tcs3701: start power rail timer, state:3
01-09 12:12:54.665  1086  1254 I ASH     : @ 969645.467: tcs3701: stop power rail pending_off timer
01-09 12:12:54.665  1086  1254 D ASH     : @ 969645.467: tcs3701: start power rail timer, state:3
01-09 12:12:54.705  1086  1254 I ASH     : @ 969645.507: tcs3701: stop power rail pending_off timer
01-09 12:12:54.705  1086  1254 D ASH     : @ 969645.507: tcs3701: start power rail timer, state:3
01-09 12:12:54.746  1086  1254 I ASH     : @ 969645.547: tcs3701: stop power rail pending_off timer
01-09 12:12:54.746  1086  1254 D ASH     : @ 969645.547: tcs3701: start power rail timer, state:3
01-09 12:12:54.785  1086  1254 I ASH     : @ 969645.587: tcs3701: stop power rail pending_off timer
01-09 12:12:54.785  1086  1254 D ASH     : @ 969645.587: tcs3701: start power rail timer, state:3
01-09 12:12:54.826  1086  1254 I ASH     : @ 969645.627: tcs3701: stop power rail pending_off timer
01-09 12:12:54.826  1086  1254 D ASH     : @ 969645.627: tcs3701: start power rail timer, state:3
01-09 12:12:54.865  1086  1254 I ASH     : @ 969645.667: tcs3701: stop power rail pending_off timer
01-09 12:12:54.865  1086  1254 D ASH     : @ 969645.667: tcs3701: start power rail timer, state:3
01-09 12:12:54.905  1086  1254 I ASH     : @ 969645.707: tcs3701: stop power rail pending_off timer
01-09 12:12:54.905  1086  1254 D ASH     : @ 969645.707: tcs3701: start power rail timer, state:3
01-09 12:12:54.945  1086  1254 I ASH     : @ 969645.747: tcs3701: stop power rail pending_off timer
01-09 12:12:54.945  1086  1254 D ASH     : @ 969645.747: tcs3701: start power rail timer, state:3
01-09 12:12:54.985  1086  1254 I ASH     : @ 969645.787: tcs3701: stop power rail pending_off timer
01-09 12:12:54.985  1086  1254 D ASH     : @ 969645.787: tcs3701: start power rail timer, state:3
01-09 12:12:55.025  1086  1254 I ASH     : @ 969645.827: tcs3701: stop power rail pending_off timer
01-09 12:12:55.025  1086  1254 D ASH     : @ 969645.827: tcs3701: start power rail timer, state:3
01-09 12:12:55.065  1086  1254 I ASH     : @ 969645.867: tcs3701: stop power rail pending_off timer
01-09 12:12:55.065  1086  1254 D ASH     : @ 969645.867: tcs3701: start power rail timer, state:3
01-09 12:12:55.105  1086  1254 I ASH     : @ 969645.907: tcs3701: stop power rail pending_off timer
01-09 12:12:55.105  1086  1254 D ASH     : @ 969645.907: tcs3701: start power rail timer, state:3
01-09 12:12:55.145  1086  1254 I ASH     : @ 969645.947: tcs3701: stop power rail pending_off timer
01-09 12:12:55.145  1086  1254 D ASH     : @ 969645.947: tcs3701: start power rail timer, state:3
01-09 12:12:55.185  1086  1254 I ASH     : @ 969645.987: tcs3701: stop power rail pending_off timer
01-09 12:12:55.185  1086  1254 D ASH     : @ 969645.987: tcs3701: start power rail timer, state:3
01-09 12:12:55.225  1086  1254 I ASH     : @ 969646.027: tcs3701: stop power rail pending_off timer
01-09 12:12:55.225  1086  1254 D ASH     : @ 969646.027: tcs3701: start power rail timer, state:3
01-09 12:12:55.265  1086  1254 I ASH     : @ 969646.067: tcs3701: stop power rail pending_off timer
01-09 12:12:55.265  1086  1254 D ASH     : @ 969646.067: tcs3701: start power rail timer, state:3
01-09 12:12:55.305  1086  1254 I ASH     : @ 969646.107: tcs3701: stop power rail pending_off timer
01-09 12:12:55.305  1086  1254 D ASH     : @ 969646.107: tcs3701: start power rail timer, state:3
01-09 12:12:55.345  1086  1254 I ASH     : @ 969646.147: tcs3701: stop power rail pending_off timer
01-09 12:12:55.345  1086  1254 D ASH     : @ 969646.147: tcs3701: start power rail timer, state:3
01-09 12:12:55.385  1086  1254 I ASH     : @ 969646.187: tcs3701: stop power rail pending_off timer
01-09 12:12:55.385  1086  1254 D ASH     : @ 969646.187: tcs3701: start power rail timer, state:3
01-09 12:12:55.425  1086  1254 I ASH     : @ 969646.227: tcs3701: stop power rail pending_off timer
01-09 12:12:55.425  1086  1254 D ASH     : @ 969646.227: tcs3701: start power rail timer, state:3
01-09 12:12:55.439 29542 29560 I Unity   : [showcase] frame cost — scene surfaces at 1080x2340 over 240 frames — tick 0.12 ms, draw mean 0.19 p50 0.19 p95 0.25 max 0.32 ms (3278.5 fps if unpaced)
01-09 12:12:55.439 29542 29560 I Unity   : UnityEngine.DebugLogHandler:Internal_Log(LogType, LogOption, String, Object)
01-09 12:12:55.439 29542 29560 I Unity   : Driftsys.Dashscene.Samples.DashsceneShowcase:Update()
01-09 12:12:55.439 29542 29560 I Unity   : 
01-09 12:12:55.465  1086  1254 I ASH     : @ 969646.267: tcs3701: stop power rail pending_off timer
01-09 12:12:55.465  1086  1254 D ASH     : @ 969646.267: tcs3701: start power rail timer, state:3
01-09 12:12:55.505  1086  1254 I ASH     : @ 969646.307: tcs3701: stop power rail pending_off timer
01-09 12:12:55.505  1086  1254 D ASH     : @ 969646.307: tcs3701: start power rail timer, state:3
01-09 12:12:55.545  1086  1254 I ASH     : @ 969646.347: tcs3701: stop power rail pending_off timer
01-09 12:12:55.545  1086  1254 D ASH     : @ 969646.347: tcs3701: start power rail timer, state:3
01-09 12:12:55.585  1086  1254 I ASH     : @ 969646.387: tcs3701: stop power rail pending_off timer
01-09 12:12:55.585  1086  1254 D ASH     : @ 969646.387: tcs3701: start power rail timer, state:3
01-09 12:12:55.625  1086  1254 I ASH     : @ 969646.427: tcs3701: stop power rail pending_off timer
01-09 12:12:55.625  1086  1254 D ASH     : @ 969646.427: tcs3701: start power rail timer, state:3
01-09 12:12:55.665  1086  1254 I ASH     : @ 969646.467: tcs3701: stop power rail pending_off timer
01-09 12:12:55.665  1086  1254 D ASH     : @ 969646.467: tcs3701: start power rail timer, state:3
01-09 12:12:55.705  1086  1254 I ASH     : @ 969646.507: tcs3701: stop power rail pending_off timer
01-09 12:12:55.705  1086  1254 D ASH     : @ 969646.507: tcs3701: start power rail timer, state:3
01-09 12:12:55.745  1086  1254 I ASH     : @ 969646.547: tcs3701: stop power rail pending_off timer
01-09 12:12:55.745  1086  1254 D ASH     : @ 969646.547: tcs3701: start power rail timer, state:3
01-09 12:12:55.785  1086  1254 I ASH     : @ 969646.587: tcs3701: stop power rail pending_off timer
01-09 12:12:55.785  1086  1254 D ASH     : @ 969646.587: tcs3701: start power rail timer, state:3
01-09 12:12:55.825  1086  1254 I ASH     : @ 969646.627: tcs3701: stop power rail pending_off timer
01-09 12:12:55.825  1086  1254 D ASH     : @ 969646.627: tcs3701: start power rail timer, state:3
01-09 12:12:55.865  1086  1254 I ASH     : @ 969646.667: tcs3701: stop power rail pending_off timer
01-09 12:12:55.865  1086  1254 D ASH     : @ 969646.667: tcs3701: start power rail timer, state:3
01-09 12:12:55.905  1086  1254 I ASH     : @ 969646.707: tcs3701: stop power rail pending_off timer
01-09 12:12:55.905  1086  1254 D ASH     : @ 969646.707: tcs3701: start power rail timer, state:3
01-09 12:12:55.945  1086  1254 I ASH     : @ 969646.747: tcs3701: stop power rail pending_off timer
01-09 12:12:55.945  1086  1254 D ASH     : @ 969646.747: tcs3701: start power rail timer, state:3
01-09 12:12:55.985  1086  1254 I ASH     : @ 969646.787: tcs3701: stop power rail pending_off timer
01-09 12:12:55.985  1086  1254 D ASH     : @ 969646.787: tcs3701: start power rail timer, state:3
01-09 12:12:56.025  1086  1254 I ASH     : @ 969646.827: tcs3701: stop power rail pending_off timer
01-09 12:12:56.025  1086  1254 D ASH     : @ 969646.827: tcs3701: start power rail timer, state:3
01-09 12:12:56.065  1086  1254 I ASH     : @ 969646.867: tcs3701: stop power rail pending_off timer
01-09 12:12:56.065  1086  1254 D ASH     : @ 969646.867: tcs3701: start power rail timer, state:3
01-09 12:12:56.105  1086  1254 I ASH     : @ 969646.907: tcs3701: stop power rail pending_off timer
01-09 12:12:56.105  1086  1254 D ASH     : @ 969646.907: tcs3701: start power rail timer, state:3
01-09 12:12:56.145  1086  1254 I ASH     : @ 969646.947: tcs3701: stop power rail pending_off timer
01-09 12:12:56.145  1086  1254 D ASH     : @ 969646.947: tcs3701: start power rail timer, state:3
01-09 12:12:56.185  1086  1254 I ASH     : @ 969646.987: tcs3701: stop power rail pending_off timer
01-09 12:12:56.185  1086  1254 D ASH     : @ 969646.987: tcs3701: start power rail timer, state:3
01-09 12:12:56.225  1086  1254 I ASH     : @ 969647.027: tcs3701: stop power rail pending_off timer
01-09 12:12:56.225  1086  1254 D ASH     : @ 969647.027: tcs3701: start power rail timer, state:3
01-09 12:12:56.265  1086  1254 I ASH     : @ 969647.067: tcs3701: stop power rail pending_off timer
01-09 12:12:56.265  1086  1254 D ASH     : @ 969647.067: tcs3701: start power rail timer, state:3
01-09 12:12:56.305  1086  1254 I ASH     : @ 969647.107: tcs3701: stop power rail pending_off timer
01-09 12:12:56.305  1086  1254 D ASH     : @ 969647.107: tcs3701: start power rail timer, state:3
01-09 12:12:56.346  1086  1254 I ASH     : @ 969647.147: tcs3701: stop power rail pending_off timer
01-09 12:12:56.346  1086  1254 D ASH     : @ 969647.147: tcs3701: start power rail timer, state:3
01-09 12:12:56.385  1086  1254 I ASH     : @ 969647.187: tcs3701: stop power rail pending_off timer
01-09 12:12:56.385  1086  1254 D ASH     : @ 969647.187: tcs3701: start power rail timer, state:3
01-09 12:12:56.425  1086  1254 I ASH     : @ 969647.227: tcs3701: stop power rail pending_off timer
01-09 12:12:56.425  1086  1254 D ASH     : @ 969647.227: tcs3701: start power rail timer, state:3
01-09 12:12:56.465  1086  1254 I ASH     : @ 969647.267: tcs3701: stop power rail pending_off timer
01-09 12:12:56.465  1086  1254 D ASH     : @ 969647.267: tcs3701: start power rail timer, state:3
01-09 12:12:56.505  1086  1254 I ASH     : @ 969647.307: tcs3701: stop power rail pending_off timer
01-09 12:12:56.505  1086  1254 D ASH     : @ 969647.307: tcs3701: start power rail timer, state:3
01-09 12:12:56.545  1086  1254 I ASH     : @ 969647.347: tcs3701: stop power rail pending_off timer
01-09 12:12:56.545  1086  1254 D ASH     : @ 969647.347: tcs3701: start power rail timer, state:3
01-09 12:12:56.585  1086  1254 I ASH     : @ 969647.387: tcs3701: stop power rail pending_off timer
01-09 12:12:56.585  1086  1254 D ASH     : @ 969647.387: tcs3701: start power rail timer, state:3
01-09 12:12:56.625  1086  1254 I ASH     : @ 969647.427: tcs3701: stop power rail pending_off timer
01-09 12:12:56.625  1086  1254 D ASH     : @ 969647.427: tcs3701: start power rail timer, state:3
01-09 12:12:56.665  1086  1254 I ASH     : @ 969647.467: tcs3701: stop power rail pending_off timer
01-09 12:12:56.665  1086  1254 D ASH     : @ 969647.467: tcs3701: start power rail timer, state:3
01-09 12:12:56.705  1086  1254 I ASH     : @ 969647.507: tcs3701: stop power rail pending_off timer
01-09 12:12:56.705  1086  1254 D ASH     : @ 969647.507: tcs3701: start power rail timer, state:3
01-09 12:12:56.745  1086  1254 I ASH     : @ 969647.547: tcs3701: stop power rail pending_off timer
01-09 12:12:56.745  1086  1254 D ASH     : @ 969647.547: tcs3701: start power rail timer, state:3
01-09 12:12:56.785  1086  1254 I ASH     : @ 969647.587: tcs3701: stop power rail pending_off timer
01-09 12:12:56.785  1086  1254 D ASH     : @ 969647.587: tcs3701: start power rail timer, state:3
01-09 12:12:56.825  1086  1254 I ASH     : @ 969647.627: tcs3701: stop power rail pending_off timer
01-09 12:12:56.825  1086  1254 D ASH     : @ 969647.627: tcs3701: start power rail timer, state:3
01-09 12:12:56.865  1086  1254 I ASH     : @ 969647.667: tcs3701: stop power rail pending_off timer
01-09 12:12:56.865  1086  1254 D ASH     : @ 969647.667: tcs3701: start power rail timer, state:3
01-09 12:12:56.905  1086  1254 I ASH     : @ 969647.707: tcs3701: stop power rail pending_off timer
01-09 12:12:56.905  1086  1254 D ASH     : @ 969647.707: tcs3701: start power rail timer, state:3
01-09 12:12:56.945  1086  1254 I ASH     : @ 969647.747: tcs3701: stop power rail pending_off timer
01-09 12:12:56.945  1086  1254 D ASH     : @ 969647.747: tcs3701: start power rail timer, state:3
01-09 12:12:56.985  1086  1254 I ASH     : @ 969647.787: tcs3701: stop power rail pending_off timer
01-09 12:12:56.985  1086  1254 D ASH     : @ 969647.787: tcs3701: start power rail timer, state:3
01-09 12:12:57.025  1086  1254 I ASH     : @ 969647.827: tcs3701: stop power rail pending_off timer
01-09 12:12:57.025  1086  1254 D ASH     : @ 969647.827: tcs3701: start power rail timer, state:3
01-09 12:12:57.065  1086  1254 I ASH     : @ 969647.867: tcs3701: stop power rail pending_off timer
01-09 12:12:57.065  1086  1254 D ASH     : @ 969647.867: tcs3701: start power rail timer, state:3
01-09 12:12:57.105  1086  1254 I ASH     : @ 969647.907: tcs3701: stop power rail pending_off timer
01-09 12:12:57.105  1086  1254 D ASH     : @ 969647.907: tcs3701: start power rail timer, state:3
01-09 12:12:57.145  1086  1254 I ASH     : @ 969647.947: tcs3701: stop power rail pending_off timer
01-09 12:12:57.145  1086  1254 D ASH     : @ 969647.947: tcs3701: start power rail timer, state:3
01-09 12:12:57.185  1086  1254 I ASH     : @ 969647.987: tcs3701: stop power rail pending_off timer
01-09 12:12:57.185  1086  1254 D ASH     : @ 969647.987: tcs3701: start power rail timer, state:3
01-09 12:12:57.225  1086  1254 I ASH     : @ 969648.027: tcs3701: stop power rail pending_off timer
01-09 12:12:57.225  1086  1254 D ASH     : @ 969648.027: tcs3701: start power rail timer, state:3
01-09 12:12:57.265  1086  1254 I ASH     : @ 969648.067: tcs3701: stop power rail pending_off timer
01-09 12:12:57.265  1086  1254 D ASH     : @ 969648.067: tcs3701: start power rail timer, state:3
01-09 12:12:57.305  1086  1254 I ASH     : @ 969648.107: tcs3701: stop power rail pending_off timer
01-09 12:12:57.305  1086  1254 D ASH     : @ 969648.107: tcs3701: start power rail timer, state:3
01-09 12:12:57.345  1086  1254 I ASH     : @ 969648.147: tcs3701: stop power rail pending_off timer
01-09 12:12:57.345  1086  1254 D ASH     : @ 969648.147: tcs3701: start power rail timer, state:3
01-09 12:12:57.385  1086  1254 I ASH     : @ 969648.187: tcs3701: stop power rail pending_off timer
01-09 12:12:57.385  1086  1254 D ASH     : @ 969648.187: tcs3701: start power rail timer, state:3
01-09 12:12:57.425  1086  1254 I ASH     : @ 969648.227: tcs3701: stop power rail pending_off timer
01-09 12:12:57.425  1086  1254 D ASH     : @ 969648.227: tcs3701: start power rail timer, state:3
01-09 12:12:57.465  1086  1254 I ASH     : @ 969648.267: tcs3701: stop power rail pending_off timer
01-09 12:12:57.465  1086  1254 D ASH     : @ 969648.267: tcs3701: start power rail timer, state:3
01-09 12:12:57.505  1086  1254 I ASH     : @ 969648.307: tcs3701: stop power rail pending_off timer
01-09 12:12:57.505  1086  1254 D ASH     : @ 969648.307: tcs3701: start power rail timer, state:3
01-09 12:12:57.545  1086  1254 I ASH     : @ 969648.347: tcs3701: stop power rail pending_off timer
01-09 12:12:57.545  1086  1254 D ASH     : @ 969648.347: tcs3701: start power rail timer, state:3
01-09 12:12:57.585  1086  1254 I ASH     : @ 969648.387: tcs3701: stop power rail pending_off timer
01-09 12:12:57.585  1086  1254 D ASH     : @ 969648.387: tcs3701: start power rail timer, state:3
01-09 12:12:57.625  1086  1254 I ASH     : @ 969648.427: tcs3701: stop power rail pending_off timer
01-09 12:12:57.625  1086  1254 D ASH     : @ 969648.427: tcs3701: start power rail timer, state:3
01-09 12:12:57.665  1086  1254 I ASH     : @ 969648.467: tcs3701: stop power rail pending_off timer
01-09 12:12:57.665  1086  1254 D ASH     : @ 969648.467: tcs3701: start power rail timer, state:3
01-09 12:12:57.705  1086  1254 I ASH     : @ 969648.507: tcs3701: stop power rail pending_off timer
01-09 12:12:57.705  1086  1254 D ASH     : @ 969648.507: tcs3701: start power rail timer, state:3
01-09 12:12:57.746  1086  1254 I ASH     : @ 969648.547: tcs3701: stop power rail pending_off timer
01-09 12:12:57.746  1086  1254 D ASH     : @ 969648.547: tcs3701: start power rail timer, state:3
01-09 12:12:57.785  1086  1254 I ASH     : @ 969648.587: tcs3701: stop power rail pending_off timer
01-09 12:12:57.785  1086  1254 D ASH     : @ 969648.587: tcs3701: start power rail timer, state:3
01-09 12:12:57.825  1086  1254 I ASH     : @ 969648.627: tcs3701: stop power rail pending_off timer
01-09 12:12:57.825  1086  1254 D ASH     : @ 969648.627: tcs3701: start power rail timer, state:3
01-09 12:12:57.865  1086  1254 I ASH     : @ 969648.667: tcs3701: stop power rail pending_off timer
01-09 12:12:57.865  1086  1254 D ASH     : @ 969648.667: tcs3701: start power rail timer, state:3
01-09 12:12:57.905  1086  1254 I ASH     : @ 969648.707: tcs3701: stop power rail pending_off timer
01-09 12:12:57.905  1086  1254 D ASH     : @ 969648.707: tcs3701: start power rail timer, state:3
01-09 12:12:57.945  1086  1254 I ASH     : @ 969648.747: tcs3701: stop power rail pending_off timer
01-09 12:12:57.945  1086  1254 D ASH     : @ 969648.747: tcs3701: start power rail timer, state:3
01-09 12:12:57.985  1086  1254 I ASH     : @ 969648.787: tcs3701: stop power rail pending_off timer
01-09 12:12:57.985  1086  1254 D ASH     : @ 969648.787: tcs3701: start power rail timer, state:3
01-09 12:12:58.025  1086  1254 I ASH     : @ 969648.827: tcs3701: stop power rail pending_off timer
01-09 12:12:58.025  1086  1254 D ASH     : @ 969648.827: tcs3701: start power rail timer, state:3
01-09 12:12:58.067  1086  1254 I ASH     : @ 969648.867: tcs3701: stop power rail pending_off timer
01-09 12:12:58.067  1086  1254 D ASH     : @ 969648.867: tcs3701: start power rail timer, state:3
01-09 12:12:58.105  1086  1254 I ASH     : @ 969648.907: tcs3701: stop power rail pending_off timer
01-09 12:12:58.105  1086  1254 D ASH     : @ 969648.907: tcs3701: start power rail timer, state:3
01-09 12:12:58.145  1086  1254 I ASH     : @ 969648.947: tcs3701: stop power rail pending_off timer
01-09 12:12:58.145  1086  1254 D ASH     : @ 969648.947: tcs3701: start power rail timer, state:3
01-09 12:12:58.186  1086  1254 I ASH     : @ 969648.987: tcs3701: stop power rail pending_off timer
01-09 12:12:58.186  1086  1254 D ASH     : @ 969648.987: tcs3701: start power rail timer, state:3
01-09 12:12:58.225  1086  1254 I ASH     : @ 969649.027: tcs3701: stop power rail pending_off timer
01-09 12:12:58.225  1086  1254 D ASH     : @ 969649.027: tcs3701: start power rail timer, state:3
01-09 12:12:58.265  1086  1254 I ASH     : @ 969649.067: tcs3701: stop power rail pending_off timer
01-09 12:12:58.265  1086  1254 D ASH     : @ 969649.067: tcs3701: start power rail timer, state:3
01-09 12:12:58.305  1086  1254 I ASH     : @ 969649.107: tcs3701: stop power rail pending_off timer
01-09 12:12:58.305  1086  1254 D ASH     : @ 969649.107: tcs3701: start power rail timer, state:3
01-09 12:12:58.345  1086  1254 I ASH     : @ 969649.147: tcs3701: stop power rail pending_off timer
01-09 12:12:58.345  1086  1254 D ASH     : @ 969649.147: tcs3701: start power rail timer, state:3
01-09 12:12:58.385  1086  1254 I ASH     : @ 969649.187: tcs3701: stop power rail pending_off timer
01-09 12:12:58.385  1086  1254 D ASH     : @ 969649.187: tcs3701: start power rail timer, state:3
01-09 12:12:58.425  1086  1254 I ASH     : @ 969649.227: tcs3701: stop power rail pending_off timer
01-09 12:12:58.425  1086  1254 D ASH     : @ 969649.227: tcs3701: start power rail timer, state:3
01-09 12:12:58.465  1086  1254 I ASH     : @ 969649.267: tcs3701: stop power rail pending_off timer
01-09 12:12:58.465  1086  1254 D ASH     : @ 969649.267: tcs3701: start power rail timer, state:3
01-09 12:12:58.505  1086  1254 I ASH     : @ 969649.307: tcs3701: stop power rail pending_off timer
01-09 12:12:58.505  1086  1254 D ASH     : @ 969649.307: tcs3701: start power rail timer, state:3
01-09 12:12:58.545  1086  1254 I ASH     : @ 969649.347: tcs3701: stop power rail pending_off timer
01-09 12:12:58.545  1086  1254 D ASH     : @ 969649.347: tcs3701: start power rail timer, state:3
01-09 12:12:58.586  1086  1254 I ASH     : @ 969649.387: tcs3701: stop power rail pending_off timer
01-09 12:12:58.586  1086  1254 D ASH     : @ 969649.387: tcs3701: start power rail timer, state:3
01-09 12:12:58.625  1086  1254 I ASH     : @ 969649.427: tcs3701: stop power rail pending_off timer
01-09 12:12:58.625  1086  1254 D ASH     : @ 969649.427: tcs3701: start power rail timer, state:3
01-09 12:12:58.665  1086  1254 I ASH     : @ 969649.467: tcs3701: stop power rail pending_off timer
01-09 12:12:58.665  1086  1254 D ASH     : @ 969649.467: tcs3701: start power rail timer, state:3
01-09 12:12:58.705  1086  1254 I ASH     : @ 969649.507: tcs3701: stop power rail pending_off timer
01-09 12:12:58.705  1086  1254 D ASH     : @ 969649.507: tcs3701: start power rail timer, state:3
01-09 12:12:58.745  1086  1254 I ASH     : @ 969649.547: tcs3701: stop power rail pending_off timer
01-09 12:12:58.745  1086  1254 D ASH     : @ 969649.547: tcs3701: start power rail timer, state:3
01-09 12:12:58.785  1086  1254 I ASH     : @ 969649.587: tcs3701: stop power rail pending_off timer
01-09 12:12:58.785  1086  1254 D ASH     : @ 969649.587: tcs3701: start power rail timer, state:3
01-09 12:12:58.825  1086  1254 I ASH     : @ 969649.627: tcs3701: stop power rail pending_off timer
01-09 12:12:58.825  1086  1254 D ASH     : @ 969649.627: tcs3701: start power rail timer, state:3
01-09 12:12:58.865  1086  1254 I ASH     : @ 969649.667: tcs3701: stop power rail pending_off timer
01-09 12:12:58.865  1086  1254 D ASH     : @ 969649.667: tcs3701: start power rail timer, state:3
01-09 12:12:58.905  1086  1254 I ASH     : @ 969649.707: tcs3701: stop power rail pending_off timer
01-09 12:12:58.905  1086  1254 D ASH     : @ 969649.707: tcs3701: start power rail timer, state:3
01-09 12:12:58.945  1086  1254 I ASH     : @ 969649.747: tcs3701: stop power rail pending_off timer
01-09 12:12:58.945  1086  1254 D ASH     : @ 969649.747: tcs3701: start power rail timer, state:3
01-09 12:12:58.985  1086  1254 I ASH     : @ 969649.787: tcs3701: stop power rail pending_off timer
01-09 12:12:58.985  1086  1254 D ASH     : @ 969649.787: tcs3701: start power rail timer, state:3
01-09 12:12:59.025  1086  1254 I ASH     : @ 969649.827: tcs3701: stop power rail pending_off timer
01-09 12:12:59.025  1086  1254 D ASH     : @ 969649.827: tcs3701: start power rail timer, state:3
01-09 12:12:59.066  1086  1254 I ASH     : @ 969649.867: tcs3701: stop power rail pending_off timer
01-09 12:12:59.066  1086  1254 D ASH     : @ 969649.867: tcs3701: start power rail timer, state:3
01-09 12:12:59.105  1086  1254 I ASH     : @ 969649.907: tcs3701: stop power rail pending_off timer
01-09 12:12:59.105  1086  1254 D ASH     : @ 969649.907: tcs3701: start power rail timer, state:3
01-09 12:12:59.146  1086  1254 I ASH     : @ 969649.947: tcs3701: stop power rail pending_off timer
01-09 12:12:59.146  1086  1254 D ASH     : @ 969649.947: tcs3701: start power rail timer, state:3
01-09 12:12:59.185  1086  1254 I ASH     : @ 969649.987: tcs3701: stop power rail pending_off timer
01-09 12:12:59.185  1086  1254 D ASH     : @ 969649.987: tcs3701: start power rail timer, state:3
01-09 12:12:59.225  1086  1254 I ASH     : @ 969650.027: tcs3701: stop power rail pending_off timer
01-09 12:12:59.225  1086  1254 D ASH     : @ 969650.027: tcs3701: start power rail timer, state:3
01-09 12:12:59.265  1086  1254 I ASH     : @ 969650.067: tcs3701: stop power rail pending_off timer
01-09 12:12:59.265  1086  1254 D ASH     : @ 969650.067: tcs3701: start power rail timer, state:3
01-09 12:12:59.305  1086  1254 I ASH     : @ 969650.107: tcs3701: stop power rail pending_off timer
01-09 12:12:59.305  1086  1254 D ASH     : @ 969650.107: tcs3701: start power rail timer, state:3
01-09 12:12:59.345  1086  1254 I ASH     : @ 969650.147: tcs3701: stop power rail pending_off timer
01-09 12:12:59.345  1086  1254 D ASH     : @ 969650.147: tcs3701: start power rail timer, state:3
01-09 12:12:59.385  1086  1254 I ASH     : @ 969650.187: tcs3701: stop power rail pending_off timer
01-09 12:12:59.385  1086  1254 D ASH     : @ 969650.187: tcs3701: start power rail timer, state:3
01-09 12:12:59.425  1086  1254 I ASH     : @ 969650.227: tcs3701: stop power rail pending_off timer
01-09 12:12:59.425  1086  1254 D ASH     : @ 969650.227: tcs3701: start power rail timer, state:3
01-09 12:12:59.465  1086  1254 I ASH     : @ 969650.267: tcs3701: stop power rail pending_off timer
01-09 12:12:59.465  1086  1254 D ASH     : @ 969650.267: tcs3701: start power rail timer, state:3
01-09 12:12:59.505  1086  1254 I ASH     : @ 969650.307: tcs3701: stop power rail pending_off timer
01-09 12:12:59.505  1086  1254 D ASH     : @ 969650.307: tcs3701: start power rail timer, state:3
01-09 12:12:59.545  1086  1254 I ASH     : @ 969650.347: tcs3701: stop power rail pending_off timer
01-09 12:12:59.545  1086  1254 D ASH     : @ 969650.347: tcs3701: start power rail timer, state:3
01-09 12:12:59.585  1086  1254 I ASH     : @ 969650.387: tcs3701: stop power rail pending_off timer
01-09 12:12:59.585  1086  1254 D ASH     : @ 969650.387: tcs3701: start power rail timer, state:3
01-09 12:12:59.625  1086  1254 I ASH     : @ 969650.427: tcs3701: stop power rail pending_off timer
01-09 12:12:59.625  1086  1254 D ASH     : @ 969650.427: tcs3701: start power rail timer, state:3
01-09 12:12:59.665  1086  1254 I ASH     : @ 969650.467: tcs3701: stop power rail pending_off timer
01-09 12:12:59.665  1086  1254 D ASH     : @ 969650.467: tcs3701: start power rail timer, state:3
01-09 12:12:59.705  1086  1254 I ASH     : @ 969650.507: tcs3701: stop power rail pending_off timer
01-09 12:12:59.705  1086  1254 D ASH     : @ 969650.507: tcs3701: start power rail timer, state:3
01-09 12:12:59.745  1086  1254 I ASH     : @ 969650.547: tcs3701: stop power rail pending_off timer
01-09 12:12:59.746  1086  1254 D ASH     : @ 969650.547: tcs3701: start power rail timer, state:3
01-09 12:12:59.785  1086  1254 I ASH     : @ 969650.587: tcs3701: stop power rail pending_off timer
01-09 12:12:59.785  1086  1254 D ASH     : @ 969650.587: tcs3701: start power rail timer, state:3
01-09 12:12:59.825  1086  1254 I ASH     : @ 969650.627: tcs3701: stop power rail pending_off timer
01-09 12:12:59.825  1086  1254 D ASH     : @ 969650.627: tcs3701: start power rail timer, state:3
01-09 12:12:59.865  1086  1254 I ASH     : @ 969650.667: tcs3701: stop power rail pending_off timer
01-09 12:12:59.865  1086  1254 D ASH     : @ 969650.667: tcs3701: start power rail timer, state:3
01-09 12:12:59.905  1086  1254 I ASH     : @ 969650.707: tcs3701: stop power rail pending_off timer
01-09 12:12:59.905  1086  1254 D ASH     : @ 969650.707: tcs3701: start power rail timer, state:3
01-09 12:12:59.945  1086  1254 I ASH     : @ 969650.747: tcs3701: stop power rail pending_off timer
01-09 12:12:59.945  1086  1254 D ASH     : @ 969650.747: tcs3701: start power rail timer, state:3
01-09 12:12:59.986  1086  1254 I ASH     : @ 969650.787: tcs3701: stop power rail pending_off timer
01-09 12:12:59.986  1086  1254 D ASH     : @ 969650.787: tcs3701: start power rail timer, state:3
01-09 12:13:00.005  3591  3823 I AiAiEcho: Predicting[0]: 
01-09 12:13:00.005  3591  3823 I AiAiEcho: EchoTargets: 
01-09 12:13:00.005  3591  3823 I AiAiEcho: Filtered by AiAi flag check: 
01-09 12:13:00.005  3591  3823 I AiAiEcho: Ranked targets strategy: SORT, count: 0, ranking metadata: 
01-09 12:13:00.006  3591  3823 I AiAiEcho: #postPredictionTargets: Sending updates to UISurface lockscreen with targets# 0 (types=[])
01-09 12:13:00.016  2565  2565 W PageIndicator: Total number of pages invalid: 0. Assuming 1 page.
01-09 12:13:00.025  1086  1254 I ASH     : @ 969650.827: tcs3701: stop power rail pending_off timer
01-09 12:13:00.025  1086  1254 D ASH     : @ 969650.827: tcs3701: start power rail timer, state:3
01-09 12:13:00.065  1086  1254 I ASH     : @ 969650.867: tcs3701: stop power rail pending_off timer
01-09 12:13:00.065  1086  1254 D ASH     : @ 969650.867: tcs3701: start power rail timer, state:3
01-09 12:13:00.105  1086  1254 I ASH     : @ 969650.907: tcs3701: stop power rail pending_off timer
01-09 12:13:00.105  1086  1254 D ASH     : @ 969650.907: tcs3701: start power rail timer, state:3
01-09 12:13:00.145  1086  1254 I ASH     : @ 969650.947: tcs3701: stop power rail pending_off timer
01-09 12:13:00.145  1086  1254 D ASH     : @ 969650.947: tcs3701: start power rail timer, state:3
01-09 12:13:00.185  1086  1254 I ASH     : @ 969650.987: tcs3701: stop power rail pending_off timer
01-09 12:13:00.185  1086  1254 D ASH     : @ 969650.987: tcs3701: start power rail timer, state:3
01-09 12:13:00.225  1086  1254 I ASH     : @ 969651.027: tcs3701: stop power rail pending_off timer
01-09 12:13:00.225  1086  1254 D ASH     : @ 969651.027: tcs3701: start power rail timer, state:3
01-09 12:13:00.265  1086  1254 I ASH     : @ 969651.067: tcs3701: stop power rail pending_off timer
01-09 12:13:00.265  1086  1254 D ASH     : @ 969651.067: tcs3701: start power rail timer, state:3
01-09 12:13:00.305  1086  1254 I ASH     : @ 969651.107: tcs3701: stop power rail pending_off timer
01-09 12:13:00.305  1086  1254 D ASH     : @ 969651.107: tcs3701: start power rail timer, state:3
01-09 12:13:00.345  1086  1254 I ASH     : @ 969651.147: tcs3701: stop power rail pending_off timer
01-09 12:13:00.345  1086  1254 D ASH     : @ 969651.147: tcs3701: start power rail timer, state:3
01-09 12:13:00.385  1086  1254 I ASH     : @ 969651.187: tcs3701: stop power rail pending_off timer
01-09 12:13:00.385  1086  1254 D ASH     : @ 969651.187: tcs3701: start power rail timer, state:3
01-09 12:13:00.425  1086  1254 I ASH     : @ 969651.227: tcs3701: stop power rail pending_off timer
01-09 12:13:00.425  1086  1254 D ASH     : @ 969651.227: tcs3701: start power rail timer, state:3
01-09 12:13:00.465  1086  1254 I ASH     : @ 969651.267: tcs3701: stop power rail pending_off timer
01-09 12:13:00.465  1086  1254 D ASH     : @ 969651.267: tcs3701: start power rail timer, state:3
01-09 12:13:00.505  1086  1254 I ASH     : @ 969651.307: tcs3701: stop power rail pending_off timer
01-09 12:13:00.505  1086  1254 D ASH     : @ 969651.307: tcs3701: start power rail timer, state:3
01-09 12:13:00.545  1086  1254 I ASH     : @ 969651.347: tcs3701: stop power rail pending_off timer
01-09 12:13:00.546  1086  1254 D ASH     : @ 969651.347: tcs3701: start power rail timer, state:3
01-09 12:13:00.585  1086  1254 I ASH     : @ 969651.387: tcs3701: stop power rail pending_off timer
01-09 12:13:00.585  1086  1254 D ASH     : @ 969651.387: tcs3701: start power rail timer, state:3
01-09 12:13:00.625  1086  1254 I ASH     : @ 969651.427: tcs3701: stop power rail pending_off timer
01-09 12:13:00.625  1086  1254 D ASH     : @ 969651.427: tcs3701: start power rail timer, state:3
01-09 12:13:00.665  1086  1254 I ASH     : @ 969651.467: tcs3701: stop power rail pending_off timer
01-09 12:13:00.665  1086  1254 D ASH     : @ 969651.467: tcs3701: start power rail timer, state:3
01-09 12:13:00.705  1086  1254 I ASH     : @ 969651.507: tcs3701: stop power rail pending_off timer
01-09 12:13:00.705  1086  1254 D ASH     : @ 969651.507: tcs3701: start power rail timer, state:3
01-09 12:13:00.745  1086  1254 I ASH     : @ 969651.547: tcs3701: stop power rail pending_off timer
01-09 12:13:00.745  1086  1254 D ASH     : @ 969651.547: tcs3701: start power rail timer, state:3
01-09 12:13:00.785  1086  1254 I ASH     : @ 969651.587: tcs3701: stop power rail pending_off timer
01-09 12:13:00.785  1086  1254 D ASH     : @ 969651.587: tcs3701: start power rail timer, state:3
01-09 12:13:00.825  1086  1254 I ASH     : @ 969651.627: tcs3701: stop power rail pending_off timer
01-09 12:13:00.825  1086  1254 D ASH     : @ 969651.627: tcs3701: start power rail timer, state:3
01-09 12:13:00.865  1086  1254 I ASH     : @ 969651.667: tcs3701: stop power rail pending_off timer
01-09 12:13:00.865  1086  1254 D ASH     : @ 969651.667: tcs3701: start power rail timer, state:3
01-09 12:13:00.905  1086  1254 I ASH     : @ 969651.707: tcs3701: stop power rail pending_off timer
01-09 12:13:00.905  1086  1254 D ASH     : @ 969651.707: tcs3701: start power rail timer, state:3
01-09 12:13:00.945  1086  1254 I ASH     : @ 969651.747: tcs3701: stop power rail pending_off timer
01-09 12:13:00.945  1086  1254 D ASH     : @ 969651.747: tcs3701: start power rail timer, state:3
01-09 12:13:00.985  1086  1254 I ASH     : @ 969651.787: tcs3701: stop power rail pending_off timer
01-09 12:13:00.985  1086  1254 D ASH     : @ 969651.787: tcs3701: start power rail timer, state:3
01-09 12:13:01.025  1086  1254 I ASH     : @ 969651.827: tcs3701: stop power rail pending_off timer
01-09 12:13:01.025  1086  1254 D ASH     : @ 969651.827: tcs3701: start power rail timer, state:3
01-09 12:13:01.065  1086  1254 I ASH     : @ 969651.867: tcs3701: stop power rail pending_off timer
01-09 12:13:01.065  1086  1254 D ASH     : @ 969651.867: tcs3701: start power rail timer, state:3
01-09 12:13:01.105  1086  1254 I ASH     : @ 969651.907: tcs3701: stop power rail pending_off timer
01-09 12:13:01.105  1086  1254 D ASH     : @ 969651.907: tcs3701: start power rail timer, state:3
01-09 12:13:01.145  1086  1254 I ASH     : @ 969651.947: tcs3701: stop power rail pending_off timer
01-09 12:13:01.145  1086  1254 D ASH     : @ 969651.947: tcs3701: start power rail timer, state:3
01-09 12:13:01.185  1086  1254 I ASH     : @ 969651.987: tcs3701: stop power rail pending_off timer
01-09 12:13:01.185  1086  1254 D ASH     : @ 969651.987: tcs3701: start power rail timer, state:3
01-09 12:13:01.225  1086  1254 I ASH     : @ 969652.027: tcs3701: stop power rail pending_off timer
01-09 12:13:01.225  1086  1254 D ASH     : @ 969652.027: tcs3701: start power rail timer, state:3
01-09 12:13:01.265  1086  1254 I ASH     : @ 969652.067: tcs3701: stop power rail pending_off timer
01-09 12:13:01.265  1086  1254 D ASH     : @ 969652.067: tcs3701: start power rail timer, state:3
01-09 12:13:01.305  1086  1254 I ASH     : @ 969652.107: tcs3701: stop power rail pending_off timer
01-09 12:13:01.305  1086  1254 D ASH     : @ 969652.107: tcs3701: start power rail timer, state:3
01-09 12:13:01.345  1086  1254 I ASH     : @ 969652.147: tcs3701: stop power rail pending_off timer
01-09 12:13:01.345  1086  1254 D ASH     : @ 969652.147: tcs3701: start power rail timer, state:3
01-09 12:13:01.385  1086  1254 I ASH     : @ 969652.187: tcs3701: stop power rail pending_off timer
01-09 12:13:01.385  1086  1254 D ASH     : @ 969652.187: tcs3701: start power rail timer, state:3
01-09 12:13:01.425  1086  1254 I ASH     : @ 969652.227: tcs3701: stop power rail pending_off timer
01-09 12:13:01.425  1086  1254 D ASH     : @ 969652.227: tcs3701: start power rail timer, state:3
01-09 12:13:01.465  1086  1254 I ASH     : @ 969652.267: tcs3701: stop power rail pending_off timer
01-09 12:13:01.465  1086  1254 D ASH     : @ 969652.267: tcs3701: start power rail timer, state:3
01-09 12:13:01.505  1086  1254 I ASH     : @ 969652.307: tcs3701: stop power rail pending_off timer
01-09 12:13:01.505  1086  1254 D ASH     : @ 969652.307: tcs3701: start power rail timer, state:3
01-09 12:13:01.529 29542 29560 I Unity   : [showcase] drew scene typography: 381 instance(s), rung RawBuffer
01-09 12:13:01.529 29542 29560 I Unity   : UnityEngine.DebugLogHandler:Internal_Log(LogType, LogOption, String, Object)
01-09 12:13:01.529 29542 29560 I Unity   : Driftsys.Dashscene.Samples.DashsceneShowcase:Update()
01-09 12:13:01.529 29542 29560 I Unity   : 
01-09 12:13:01.545  1086  1254 I ASH     : @ 969652.347: tcs3701: stop power rail pending_off timer
01-09 12:13:01.545  1086  1254 D ASH     : @ 969652.347: tcs3701: start power rail timer, state:3
01-09 12:13:01.585  1086  1254 I ASH     : @ 969652.387: tcs3701: stop power rail pending_off timer
01-09 12:13:01.585  1086  1254 D ASH     : @ 969652.387: tcs3701: start power rail timer, state:3
01-09 12:13:01.625  1086  1254 I ASH     : @ 969652.427: tcs3701: stop power rail pending_off timer
01-09 12:13:01.625  1086  1254 D ASH     : @ 969652.427: tcs3701: start power rail timer, state:3
01-09 12:13:01.665  1086  1254 I ASH     : @ 969652.467: tcs3701: stop power rail pending_off timer
01-09 12:13:01.665  1086  1254 D ASH     : @ 969652.467: tcs3701: start power rail timer, state:3
01-09 12:13:01.705  1086  1254 I ASH     : @ 969652.507: tcs3701: stop power rail pending_off timer
01-09 12:13:01.705  1086  1254 D ASH     : @ 969652.507: tcs3701: start power rail timer, state:3
01-09 12:13:01.745  1086  1254 I ASH     : @ 969652.547: tcs3701: stop power rail pending_off timer
01-09 12:13:01.745  1086  1254 D ASH     : @ 969652.547: tcs3701: start power rail timer, state:3
01-09 12:13:01.785  1086  1254 I ASH     : @ 969652.587: tcs3701: stop power rail pending_off timer
01-09 12:13:01.785  1086  1254 D ASH     : @ 969652.587: tcs3701: start power rail timer, state:3
01-09 12:13:01.826  1086  1254 I ASH     : @ 969652.627: tcs3701: stop power rail pending_off timer
01-09 12:13:01.826  1086  1254 D ASH     : @ 969652.627: tcs3701: start power rail timer, state:3
01-09 12:13:01.865  1086  1254 I ASH     : @ 969652.667: tcs3701: stop power rail pending_off timer
01-09 12:13:01.865  1086  1254 D ASH     : @ 969652.667: tcs3701: start power rail timer, state:3
01-09 12:13:01.905  1086  1254 I ASH     : @ 969652.707: tcs3701: stop power rail pending_off timer
01-09 12:13:01.905  1086  1254 D ASH     : @ 969652.707: tcs3701: start power rail timer, state:3
01-09 12:13:01.945  1086  1254 I ASH     : @ 969652.747: tcs3701: stop power rail pending_off timer
01-09 12:13:01.945  1086  1254 D ASH     : @ 969652.747: tcs3701: start power rail timer, state:3
01-09 12:13:01.985  1086  1254 I ASH     : @ 969652.787: tcs3701: stop power rail pending_off timer
01-09 12:13:01.985  1086  1254 D ASH     : @ 969652.787: tcs3701: start power rail timer, state:3
01-09 12:13:02.025  1086  1254 I ASH     : @ 969652.827: tcs3701: stop power rail pending_off timer
01-09 12:13:02.025  1086  1254 D ASH     : @ 969652.827: tcs3701: start power rail timer, state:3
01-09 12:13:02.065  1086  1254 I ASH     : @ 969652.867: tcs3701: stop power rail pending_off timer
01-09 12:13:02.065  1086  1254 D ASH     : @ 969652.867: tcs3701: start power rail timer, state:3
01-09 12:13:02.105  1086  1254 I ASH     : @ 969652.907: tcs3701: stop power rail pending_off timer
01-09 12:13:02.105  1086  1254 D ASH     : @ 969652.907: tcs3701: start power rail timer, state:3
01-09 12:13:02.145  1086  1254 I ASH     : @ 969652.947: tcs3701: stop power rail pending_off timer
01-09 12:13:02.145  1086  1254 D ASH     : @ 969652.947: tcs3701: start power rail timer, state:3
01-09 12:13:02.185  1086  1254 I ASH     : @ 969652.987: tcs3701: stop power rail pending_off timer
01-09 12:13:02.185  1086  1254 D ASH     : @ 969652.987: tcs3701: start power rail timer, state:3
01-09 12:13:02.225  1086  1254 I ASH     : @ 969653.027: tcs3701: stop power rail pending_off timer
01-09 12:13:02.225  1086  1254 D ASH     : @ 969653.027: tcs3701: start power rail timer, state:3
01-09 12:13:02.265  1086  1254 I ASH     : @ 969653.067: tcs3701: stop power rail pending_off timer
01-09 12:13:02.265  1086  1254 D ASH     : @ 969653.067: tcs3701: start power rail timer, state:3
01-09 12:13:02.305  1086  1254 I ASH     : @ 969653.107: tcs3701: stop power rail pending_off timer
01-09 12:13:02.305  1086  1254 D ASH     : @ 969653.107: tcs3701: start power rail timer, state:3
01-09 12:13:02.345  1086  1254 I ASH     : @ 969653.147: tcs3701: stop power rail pending_off timer
01-09 12:13:02.345  1086  1254 D ASH     : @ 969653.147: tcs3701: start power rail timer, state:3
01-09 12:13:02.385  1086  1254 I ASH     : @ 969653.187: tcs3701: stop power rail pending_off timer
01-09 12:13:02.385  1086  1254 D ASH     : @ 969653.187: tcs3701: start power rail timer, state:3
01-09 12:13:02.425  1086  1254 I ASH     : @ 969653.227: tcs3701: stop power rail pending_off timer
01-09 12:13:02.425  1086  1254 D ASH     : @ 969653.227: tcs3701: start power rail timer, state:3
01-09 12:13:02.465  1086  1254 I ASH     : @ 969653.267: tcs3701: stop power rail pending_off timer
01-09 12:13:02.465  1086  1254 D ASH     : @ 969653.267: tcs3701: start power rail timer, state:3
01-09 12:13:02.505  1086  1254 I ASH     : @ 969653.307: tcs3701: stop power rail pending_off timer
01-09 12:13:02.505  1086  1254 D ASH     : @ 969653.307: tcs3701: start power rail timer, state:3
01-09 12:13:02.545  1086  1254 I ASH     : @ 969653.347: tcs3701: stop power rail pending_off timer
01-09 12:13:02.545  1086  1254 D ASH     : @ 969653.347: tcs3701: start power rail timer, state:3
01-09 12:13:02.585  1086  1254 I ASH     : @ 969653.387: tcs3701: stop power rail pending_off timer
01-09 12:13:02.585  1086  1254 D ASH     : @ 969653.387: tcs3701: start power rail timer, state:3
01-09 12:13:02.625  1086  1254 I ASH     : @ 969653.427: tcs3701: stop power rail pending_off timer
01-09 12:13:02.625  1086  1254 D ASH     : @ 969653.427: tcs3701: start power rail timer, state:3
01-09 12:13:02.665  1086  1254 I ASH     : @ 969653.467: tcs3701: stop power rail pending_off timer
01-09 12:13:02.665  1086  1254 D ASH     : @ 969653.467: tcs3701: start power rail timer, state:3
01-09 12:13:02.705  1086  1254 I ASH     : @ 969653.507: tcs3701: stop power rail pending_off timer
01-09 12:13:02.705  1086  1254 D ASH     : @ 969653.507: tcs3701: start power rail timer, state:3
01-09 12:13:02.745  1086  1254 I ASH     : @ 969653.547: tcs3701: stop power rail pending_off timer
01-09 12:13:02.745  1086  1254 D ASH     : @ 969653.547: tcs3701: start power rail timer, state:3
01-09 12:13:02.785  1086  1254 I ASH     : @ 969653.587: tcs3701: stop power rail pending_off timer
01-09 12:13:02.785  1086  1254 D ASH     : @ 969653.587: tcs3701: start power rail timer, state:3
01-09 12:13:02.825  1086  1254 I ASH     : @ 969653.627: tcs3701: stop power rail pending_off timer
01-09 12:13:02.825  1086  1254 D ASH     : @ 969653.627: tcs3701: start power rail timer, state:3
01-09 12:13:02.865  1086  1254 I ASH     : @ 969653.667: tcs3701: stop power rail pending_off timer
01-09 12:13:02.865  1086  1254 D ASH     : @ 969653.667: tcs3701: start power rail timer, state:3
01-09 12:13:02.905  1086  1254 I ASH     : @ 969653.707: tcs3701: stop power rail pending_off timer
01-09 12:13:02.905  1086  1254 D ASH     : @ 969653.707: tcs3701: start power rail timer, state:3
01-09 12:13:02.945  1086  1254 I ASH     : @ 969653.747: tcs3701: stop power rail pending_off timer
01-09 12:13:02.945  1086  1254 D ASH     : @ 969653.747: tcs3701: start power rail timer, state:3
01-09 12:13:02.985  1086  1254 I ASH     : @ 969653.787: tcs3701: stop power rail pending_off timer
01-09 12:13:02.985  1086  1254 D ASH     : @ 969653.787: tcs3701: start power rail timer, state:3
01-09 12:13:03.025  1086  1254 I ASH     : @ 969653.827: tcs3701: stop power rail pending_off timer
01-09 12:13:03.025  1086  1254 D ASH     : @ 969653.827: tcs3701: start power rail timer, state:3
01-09 12:13:03.065  1086  1254 I ASH     : @ 969653.867: tcs3701: stop power rail pending_off timer
01-09 12:13:03.065  1086  1254 D ASH     : @ 969653.867: tcs3701: start power rail timer, state:3
01-09 12:13:03.105  1086  1254 I ASH     : @ 969653.907: tcs3701: stop power rail pending_off timer
01-09 12:13:03.105  1086  1254 D ASH     : @ 969653.907: tcs3701: start power rail timer, state:3
01-09 12:13:03.145  1086  1254 I ASH     : @ 969653.947: tcs3701: stop power rail pending_off timer
01-09 12:13:03.145  1086  1254 D ASH     : @ 969653.947: tcs3701: start power rail timer, state:3
01-09 12:13:03.185  1086  1254 I ASH     : @ 969653.987: tcs3701: stop power rail pending_off timer
01-09 12:13:03.185  1086  1254 D ASH     : @ 969653.987: tcs3701: start power rail timer, state:3
01-09 12:13:03.225  1086  1254 I ASH     : @ 969654.027: tcs3701: stop power rail pending_off timer
01-09 12:13:03.225  1086  1254 D ASH     : @ 969654.027: tcs3701: start power rail timer, state:3
01-09 12:13:03.265  1086  1254 I ASH     : @ 969654.067: tcs3701: stop power rail pending_off timer
01-09 12:13:03.265  1086  1254 D ASH     : @ 969654.067: tcs3701: start power rail timer, state:3
01-09 12:13:03.305  1086  1254 I ASH     : @ 969654.107: tcs3701: stop power rail pending_off timer
01-09 12:13:03.305  1086  1254 D ASH     : @ 969654.107: tcs3701: start power rail timer, state:3
01-09 12:13:03.345  1086  1254 I ASH     : @ 969654.147: tcs3701: stop power rail pending_off timer
01-09 12:13:03.345  1086  1254 D ASH     : @ 969654.147: tcs3701: start power rail timer, state:3
01-09 12:13:03.385  1086  1254 I ASH     : @ 969654.187: tcs3701: stop power rail pending_off timer
01-09 12:13:03.385  1086  1254 D ASH     : @ 969654.187: tcs3701: start power rail timer, state:3
01-09 12:13:03.425  1086  1254 I ASH     : @ 969654.227: tcs3701: stop power rail pending_off timer
01-09 12:13:03.425  1086  1254 D ASH     : @ 969654.227: tcs3701: start power rail timer, state:3
01-09 12:13:03.465  1086  1254 I ASH     : @ 969654.267: tcs3701: stop power rail pending_off timer
01-09 12:13:03.465  1086  1254 D ASH     : @ 969654.267: tcs3701: start power rail timer, state:3
01-09 12:13:03.507  1086  1254 I ASH     : @ 969654.307: tcs3701: stop power rail pending_off timer
01-09 12:13:03.507  1086  1254 D ASH     : @ 969654.307: tcs3701: start power rail timer, state:3
01-09 12:13:03.545  1086  1254 I ASH     : @ 969654.347: tcs3701: stop power rail pending_off timer
01-09 12:13:03.545  1086  1254 D ASH     : @ 969654.347: tcs3701: start power rail timer, state:3
01-09 12:13:03.585  1086  1254 I ASH     : @ 969654.387: tcs3701: stop power rail pending_off timer
01-09 12:13:03.585  1086  1254 D ASH     : @ 969654.387: tcs3701: start power rail timer, state:3
01-09 12:13:03.625  1086  1254 I ASH     : @ 969654.427: tcs3701: stop power rail pending_off timer
01-09 12:13:03.625  1086  1254 D ASH     : @ 969654.427: tcs3701: start power rail timer, state:3
01-09 12:13:03.665  1086  1254 I ASH     : @ 969654.467: tcs3701: stop power rail pending_off timer
01-09 12:13:03.665  1086  1254 D ASH     : @ 969654.467: tcs3701: start power rail timer, state:3
01-09 12:13:03.705  1086  1254 I ASH     : @ 969654.507: tcs3701: stop power rail pending_off timer
01-09 12:13:03.705  1086  1254 D ASH     : @ 969654.507: tcs3701: start power rail timer, state:3
01-09 12:13:03.746  1086  1254 I ASH     : @ 969654.547: tcs3701: stop power rail pending_off timer
01-09 12:13:03.746  1086  1254 D ASH     : @ 969654.547: tcs3701: start power rail timer, state:3
01-09 12:13:03.785  1086  1254 I ASH     : @ 969654.587: tcs3701: stop power rail pending_off timer
01-09 12:13:03.785  1086  1254 D ASH     : @ 969654.587: tcs3701: start power rail timer, state:3
01-09 12:13:03.825  1086  1254 I ASH     : @ 969654.627: tcs3701: stop power rail pending_off timer
01-09 12:13:03.825  1086  1254 D ASH     : @ 969654.627: tcs3701: start power rail timer, state:3
01-09 12:13:03.865  1086  1254 I ASH     : @ 969654.667: tcs3701: stop power rail pending_off timer
01-09 12:13:03.865  1086  1254 D ASH     : @ 969654.667: tcs3701: start power rail timer, state:3
01-09 12:13:03.905  1086  1254 I ASH     : @ 969654.707: tcs3701: stop power rail pending_off timer
01-09 12:13:03.905  1086  1254 D ASH     : @ 969654.707: tcs3701: start power rail timer, state:3
01-09 12:13:03.945  1086  1254 I ASH     : @ 969654.747: tcs3701: stop power rail pending_off timer
01-09 12:13:03.945  1086  1254 D ASH     : @ 969654.747: tcs3701: start power rail timer, state:3
01-09 12:13:03.985  1086  1254 I ASH     : @ 969654.787: tcs3701: stop power rail pending_off timer
01-09 12:13:03.985  1086  1254 D ASH     : @ 969654.787: tcs3701: start power rail timer, state:3
01-09 12:13:04.025  1086  1254 I ASH     : @ 969654.827: tcs3701: stop power rail pending_off timer
01-09 12:13:04.025  1086  1254 D ASH     : @ 969654.827: tcs3701: start power rail timer, state:3
01-09 12:13:04.065  1086  1254 I ASH     : @ 969654.867: tcs3701: stop power rail pending_off timer
01-09 12:13:04.065  1086  1254 D ASH     : @ 969654.867: tcs3701: start power rail timer, state:3
01-09 12:13:04.105  1086  1254 I ASH     : @ 969654.907: tcs3701: stop power rail pending_off timer
01-09 12:13:04.105  1086  1254 D ASH     : @ 969654.907: tcs3701: start power rail timer, state:3
01-09 12:13:04.145  1086  1254 I ASH     : @ 969654.947: tcs3701: stop power rail pending_off timer
01-09 12:13:04.145  1086  1254 D ASH     : @ 969654.947: tcs3701: start power rail timer, state:3
01-09 12:13:04.185  1086  1254 I ASH     : @ 969654.987: tcs3701: stop power rail pending_off timer
01-09 12:13:04.185  1086  1254 D ASH     : @ 969654.987: tcs3701: start power rail timer, state:3
01-09 12:13:04.225  1086  1254 I ASH     : @ 969655.027: tcs3701: stop power rail pending_off timer
01-09 12:13:04.225  1086  1254 D ASH     : @ 969655.027: tcs3701: start power rail timer, state:3
01-09 12:13:04.265  1086  1254 I ASH     : @ 969655.067: tcs3701: stop power rail pending_off timer
01-09 12:13:04.265  1086  1254 D ASH     : @ 969655.067: tcs3701: start power rail timer, state:3
01-09 12:13:04.305  1086  1254 I ASH     : @ 969655.107: tcs3701: stop power rail pending_off timer
01-09 12:13:04.305  1086  1254 D ASH     : @ 969655.107: tcs3701: start power rail timer, state:3
01-09 12:13:04.345  1086  1254 I ASH     : @ 969655.147: tcs3701: stop power rail pending_off timer
01-09 12:13:04.345  1086  1254 D ASH     : @ 969655.147: tcs3701: start power rail timer, state:3
01-09 12:13:04.385  1086  1254 I ASH     : @ 969655.187: tcs3701: stop power rail pending_off timer
01-09 12:13:04.385  1086  1254 D ASH     : @ 969655.187: tcs3701: start power rail timer, state:3
01-09 12:13:04.425  1086  1254 I ASH     : @ 969655.227: tcs3701: stop power rail pending_off timer
01-09 12:13:04.426  1086  1254 D ASH     : @ 969655.227: tcs3701: start power rail timer, state:3
01-09 12:13:04.465  1086  1254 I ASH     : @ 969655.267: tcs3701: stop power rail pending_off timer
01-09 12:13:04.465  1086  1254 D ASH     : @ 969655.267: tcs3701: start power rail timer, state:3
01-09 12:13:04.505  1086  1254 I ASH     : @ 969655.307: tcs3701: stop power rail pending_off timer
01-09 12:13:04.505  1086  1254 D ASH     : @ 969655.307: tcs3701: start power rail timer, state:3
01-09 12:13:04.545  1086  1254 I ASH     : @ 969655.347: tcs3701: stop power rail pending_off timer
01-09 12:13:04.545  1086  1254 D ASH     : @ 969655.347: tcs3701: start power rail timer, state:3
01-09 12:13:04.585  1086  1254 I ASH     : @ 969655.387: tcs3701: stop power rail pending_off timer
01-09 12:13:04.585  1086  1254 D ASH     : @ 969655.387: tcs3701: start power rail timer, state:3
01-09 12:13:04.625  1086  1254 I ASH     : @ 969655.427: tcs3701: stop power rail pending_off timer
01-09 12:13:04.625  1086  1254 D ASH     : @ 969655.427: tcs3701: start power rail timer, state:3
01-09 12:13:04.665  1086  1254 I ASH     : @ 969655.467: tcs3701: stop power rail pending_off timer
01-09 12:13:04.665  1086  1254 D ASH     : @ 969655.467: tcs3701: start power rail timer, state:3
01-09 12:13:04.705  1086  1254 I ASH     : @ 969655.507: tcs3701: stop power rail pending_off timer
01-09 12:13:04.705  1086  1254 D ASH     : @ 969655.507: tcs3701: start power rail timer, state:3
01-09 12:13:04.745  1086  1254 I ASH     : @ 969655.547: tcs3701: stop power rail pending_off timer
01-09 12:13:04.745  1086  1254 D ASH     : @ 969655.547: tcs3701: start power rail timer, state:3
01-09 12:13:04.785  1086  1254 I ASH     : @ 969655.587: tcs3701: stop power rail pending_off timer
01-09 12:13:04.785  1086  1254 D ASH     : @ 969655.587: tcs3701: start power rail timer, state:3
01-09 12:13:04.825  1086  1254 I ASH     : @ 969655.627: tcs3701: stop power rail pending_off timer
01-09 12:13:04.826  1086  1254 D ASH     : @ 969655.627: tcs3701: start power rail timer, state:3
01-09 12:13:04.865  1086  1254 I ASH     : @ 969655.667: tcs3701: stop power rail pending_off timer
01-09 12:13:04.865  1086  1254 D ASH     : @ 969655.667: tcs3701: start power rail timer, state:3
01-09 12:13:04.905  1086  1254 I ASH     : @ 969655.707: tcs3701: stop power rail pending_off timer
01-09 12:13:04.905  1086  1254 D ASH     : @ 969655.707: tcs3701: start power rail timer, state:3
01-09 12:13:04.945  1086  1254 I ASH     : @ 969655.747: tcs3701: stop power rail pending_off timer
01-09 12:13:04.945  1086  1254 D ASH     : @ 969655.747: tcs3701: start power rail timer, state:3
01-09 12:13:04.985  1086  1254 I ASH     : @ 969655.787: tcs3701: stop power rail pending_off timer
01-09 12:13:04.985  1086  1254 D ASH     : @ 969655.787: tcs3701: start power rail timer, state:3
01-09 12:13:05.025  1086  1254 I ASH     : @ 969655.827: tcs3701: stop power rail pending_off timer
01-09 12:13:05.025  1086  1254 D ASH     : @ 969655.827: tcs3701: start power rail timer, state:3
01-09 12:13:05.065  1086  1254 I ASH     : @ 969655.867: tcs3701: stop power rail pending_off timer
01-09 12:13:05.065  1086  1254 D ASH     : @ 969655.867: tcs3701: start power rail timer, state:3
01-09 12:13:05.105  1086  1254 I ASH     : @ 969655.907: tcs3701: stop power rail pending_off timer
01-09 12:13:05.105  1086  1254 D ASH     : @ 969655.907: tcs3701: start power rail timer, state:3
01-09 12:13:05.146  1086  1254 I ASH     : @ 969655.947: tcs3701: stop power rail pending_off timer
01-09 12:13:05.146  1086  1254 D ASH     : @ 969655.947: tcs3701: start power rail timer, state:3
01-09 12:13:05.185  1086  1254 I ASH     : @ 969655.987: tcs3701: stop power rail pending_off timer
01-09 12:13:05.185  1086  1254 D ASH     : @ 969655.987: tcs3701: start power rail timer, state:3
01-09 12:13:05.225  1086  1254 I ASH     : @ 969656.027: tcs3701: stop power rail pending_off timer
01-09 12:13:05.225  1086  1254 D ASH     : @ 969656.027: tcs3701: start power rail timer, state:3
01-09 12:13:05.265  1086  1254 I ASH     : @ 969656.067: tcs3701: stop power rail pending_off timer
01-09 12:13:05.265  1086  1254 D ASH     : @ 969656.067: tcs3701: start power rail timer, state:3
01-09 12:13:05.305  1086  1254 I ASH     : @ 969656.107: tcs3701: stop power rail pending_off timer
01-09 12:13:05.305  1086  1254 D ASH     : @ 969656.107: tcs3701: start power rail timer, state:3
01-09 12:13:05.345  1086  1254 I ASH     : @ 969656.147: tcs3701: stop power rail pending_off timer
01-09 12:13:05.345  1086  1254 D ASH     : @ 969656.147: tcs3701: start power rail timer, state:3
01-09 12:13:05.385  1086  1254 I ASH     : @ 969656.187: tcs3701: stop power rail pending_off timer
01-09 12:13:05.385  1086  1254 D ASH     : @ 969656.187: tcs3701: start power rail timer, state:3
01-09 12:13:05.425  1086  1254 I ASH     : @ 969656.227: tcs3701: stop power rail pending_off timer
01-09 12:13:05.425  1086  1254 D ASH     : @ 969656.227: tcs3701: start power rail timer, state:3
01-09 12:13:05.465  1086  1254 I ASH     : @ 969656.267: tcs3701: stop power rail pending_off timer
01-09 12:13:05.466  1086  1254 D ASH     : @ 969656.267: tcs3701: start power rail timer, state:3
01-09 12:13:05.505  1086  1254 I ASH     : @ 969656.307: tcs3701: stop power rail pending_off timer
01-09 12:13:05.505  1086  1254 D ASH     : @ 969656.307: tcs3701: start power rail timer, state:3
01-09 12:13:05.545  1086  1254 I ASH     : @ 969656.347: tcs3701: stop power rail pending_off timer
01-09 12:13:05.545  1086  1254 D ASH     : @ 969656.347: tcs3701: start power rail timer, state:3
01-09 12:13:05.585  1086  1254 I ASH     : @ 969656.387: tcs3701: stop power rail pending_off timer
01-09 12:13:05.585  1086  1254 D ASH     : @ 969656.387: tcs3701: start power rail timer, state:3
01-09 12:13:05.625  1086  1254 I ASH     : @ 969656.427: tcs3701: stop power rail pending_off timer
01-09 12:13:05.625  1086  1254 D ASH     : @ 969656.427: tcs3701: start power rail timer, state:3
01-09 12:13:05.665  1086  1254 I ASH     : @ 969656.467: tcs3701: stop power rail pending_off timer
01-09 12:13:05.665  1086  1254 D ASH     : @ 969656.467: tcs3701: start power rail timer, state:3
01-09 12:13:05.705  1086  1254 I ASH     : @ 969656.507: tcs3701: stop power rail pending_off timer
01-09 12:13:05.705  1086  1254 D ASH     : @ 969656.507: tcs3701: start power rail timer, state:3
01-09 12:13:05.745  1086  1254 I ASH     : @ 969656.547: tcs3701: stop power rail pending_off timer
01-09 12:13:05.745  1086  1254 D ASH     : @ 969656.547: tcs3701: start power rail timer, state:3
01-09 12:13:05.785  1086  1254 I ASH     : @ 969656.587: tcs3701: stop power rail pending_off timer
01-09 12:13:05.785  1086  1254 D ASH     : @ 969656.587: tcs3701: start power rail timer, state:3
01-09 12:13:05.825  1086  1254 I ASH     : @ 969656.627: tcs3701: stop power rail pending_off timer
01-09 12:13:05.825  1086  1254 D ASH     : @ 969656.627: tcs3701: start power rail timer, state:3
01-09 12:13:05.865  1086  1254 I ASH     : @ 969656.667: tcs3701: stop power rail pending_off timer
01-09 12:13:05.865  1086  1254 D ASH     : @ 969656.667: tcs3701: start power rail timer, state:3
01-09 12:13:05.905  1086  1254 I ASH     : @ 969656.707: tcs3701: stop power rail pending_off timer
01-09 12:13:05.905  1086  1254 D ASH     : @ 969656.707: tcs3701: start power rail timer, state:3
01-09 12:13:05.945  1086  1254 I ASH     : @ 969656.747: tcs3701: stop power rail pending_off timer
01-09 12:13:05.946  1086  1254 D ASH     : @ 969656.747: tcs3701: start power rail timer, state:3
01-09 12:13:05.985  1086  1254 I ASH     : @ 969656.787: tcs3701: stop power rail pending_off timer
01-09 12:13:05.985  1086  1254 D ASH     : @ 969656.787: tcs3701: start power rail timer, state:3
01-09 12:13:06.025  1086  1254 I ASH     : @ 969656.827: tcs3701: stop power rail pending_off timer
01-09 12:13:06.025  1086  1254 D ASH     : @ 969656.827: tcs3701: start power rail timer, state:3
01-09 12:13:06.065  1086  1254 I ASH     : @ 969656.867: tcs3701: stop power rail pending_off timer
01-09 12:13:06.065  1086  1254 D ASH     : @ 969656.867: tcs3701: start power rail timer, state:3
01-09 12:13:06.105  1086  1254 I ASH     : @ 969656.907: tcs3701: stop power rail pending_off timer
01-09 12:13:06.105  1086  1254 D ASH     : @ 969656.907: tcs3701: start power rail timer, state:3
01-09 12:13:06.145  1086  1254 I ASH     : @ 969656.947: tcs3701: stop power rail pending_off timer
01-09 12:13:06.145  1086  1254 D ASH     : @ 969656.947: tcs3701: start power rail timer, state:3
01-09 12:13:06.185  1086  1254 I ASH     : @ 969656.987: tcs3701: stop power rail pending_off timer
01-09 12:13:06.185  1086  1254 D ASH     : @ 969656.987: tcs3701: start power rail timer, state:3
01-09 12:13:06.225  1086  1254 I ASH     : @ 969657.027: tcs3701: stop power rail pending_off timer
01-09 12:13:06.225  1086  1254 D ASH     : @ 969657.027: tcs3701: start power rail timer, state:3
01-09 12:13:06.265  1086  1254 I ASH     : @ 969657.067: tcs3701: stop power rail pending_off timer
01-09 12:13:06.265  1086  1254 D ASH     : @ 969657.067: tcs3701: start power rail timer, state:3
01-09 12:13:06.305  1086  1254 I ASH     : @ 969657.107: tcs3701: stop power rail pending_off timer
01-09 12:13:06.305  1086  1254 D ASH     : @ 969657.107: tcs3701: start power rail timer, state:3
01-09 12:13:06.345  1086  1254 I ASH     : @ 969657.147: tcs3701: stop power rail pending_off timer
01-09 12:13:06.345  1086  1254 D ASH     : @ 969657.147: tcs3701: start power rail timer, state:3
01-09 12:13:06.385  1086  1254 I ASH     : @ 969657.187: tcs3701: stop power rail pending_off timer
01-09 12:13:06.385  1086  1254 D ASH     : @ 969657.187: tcs3701: start power rail timer, state:3
01-09 12:13:06.425  1086  1254 I ASH     : @ 969657.227: tcs3701: stop power rail pending_off timer
01-09 12:13:06.425  1086  1254 D ASH     : @ 969657.227: tcs3701: start power rail timer, state:3
01-09 12:13:06.465  1086  1254 I ASH     : @ 969657.267: tcs3701: stop power rail pending_off timer
01-09 12:13:06.465  1086  1254 D ASH     : @ 969657.267: tcs3701: start power rail timer, state:3
01-09 12:13:06.505  1086  1254 I ASH     : @ 969657.307: tcs3701: stop power rail pending_off timer
01-09 12:13:06.505  1086  1254 D ASH     : @ 969657.307: tcs3701: start power rail timer, state:3
01-09 12:13:06.545  1086  1254 I ASH     : @ 969657.347: tcs3701: stop power rail pending_off timer
01-09 12:13:06.545  1086  1254 D ASH     : @ 969657.347: tcs3701: start power rail timer, state:3
01-09 12:13:06.585  1086  1254 I ASH     : @ 969657.387: tcs3701: stop power rail pending_off timer
01-09 12:13:06.585  1086  1254 D ASH     : @ 969657.387: tcs3701: start power rail timer, state:3
01-09 12:13:06.625  1086  1254 I ASH     : @ 969657.427: tcs3701: stop power rail pending_off timer
01-09 12:13:06.625  1086  1254 D ASH     : @ 969657.427: tcs3701: start power rail timer, state:3
01-09 12:13:06.666  1086  1254 I ASH     : @ 969657.467: tcs3701: stop power rail pending_off timer
01-09 12:13:06.666  1086  1254 D ASH     : @ 969657.467: tcs3701: start power rail timer, state:3
01-09 12:13:06.705  1086  1254 I ASH     : @ 969657.507: tcs3701: stop power rail pending_off timer
01-09 12:13:06.705  1086  1254 D ASH     : @ 969657.507: tcs3701: start power rail timer, state:3
01-09 12:13:06.745  1086  1254 I ASH     : @ 969657.547: tcs3701: stop power rail pending_off timer
01-09 12:13:06.745  1086  1254 D ASH     : @ 969657.547: tcs3701: start power rail timer, state:3
01-09 12:13:06.785  1086  1254 I ASH     : @ 969657.587: tcs3701: stop power rail pending_off timer
01-09 12:13:06.785  1086  1254 D ASH     : @ 969657.587: tcs3701: start power rail timer, state:3
01-09 12:13:06.825  1086  1254 I ASH     : @ 969657.627: tcs3701: stop power rail pending_off timer
01-09 12:13:06.825  1086  1254 D ASH     : @ 969657.627: tcs3701: start power rail timer, state:3
01-09 12:13:06.865  1086  1254 I ASH     : @ 969657.667: tcs3701: stop power rail pending_off timer
01-09 12:13:06.865  1086  1254 D ASH     : @ 969657.667: tcs3701: start power rail timer, state:3
01-09 12:13:06.905  1086  1254 I ASH     : @ 969657.707: tcs3701: stop power rail pending_off timer
01-09 12:13:06.905  1086  1254 D ASH     : @ 969657.707: tcs3701: start power rail timer, state:3
01-09 12:13:06.945  1086  1254 I ASH     : @ 969657.747: tcs3701: stop power rail pending_off timer
01-09 12:13:06.945  1086  1254 D ASH     : @ 969657.747: tcs3701: start power rail timer, state:3
01-09 12:13:06.985  1086  1254 I ASH     : @ 969657.787: tcs3701: stop power rail pending_off timer
01-09 12:13:06.985  1086  1254 D ASH     : @ 969657.787: tcs3701: start power rail timer, state:3
01-09 12:13:07.025  1086  1254 I ASH     : @ 969657.827: tcs3701: stop power rail pending_off timer
01-09 12:13:07.025  1086  1254 D ASH     : @ 969657.827: tcs3701: start power rail timer, state:3
01-09 12:13:07.066  1086  1254 I ASH     : @ 969657.867: tcs3701: stop power rail pending_off timer
01-09 12:13:07.066  1086  1254 D ASH     : @ 969657.867: tcs3701: start power rail timer, state:3
01-09 12:13:07.105  1086  1254 I ASH     : @ 969657.907: tcs3701: stop power rail pending_off timer
01-09 12:13:07.105  1086  1254 D ASH     : @ 969657.907: tcs3701: start power rail timer, state:3
01-09 12:13:07.145  1086  1254 I ASH     : @ 969657.947: tcs3701: stop power rail pending_off timer
01-09 12:13:07.145  1086  1254 D ASH     : @ 969657.947: tcs3701: start power rail timer, state:3
01-09 12:13:07.185  1086  1254 I ASH     : @ 969657.987: tcs3701: stop power rail pending_off timer
01-09 12:13:07.185  1086  1254 D ASH     : @ 969657.987: tcs3701: start power rail timer, state:3
01-09 12:13:07.225  1086  1254 I ASH     : @ 969658.027: tcs3701: stop power rail pending_off timer
01-09 12:13:07.225  1086  1254 D ASH     : @ 969658.027: tcs3701: start power rail timer, state:3
01-09 12:13:07.265  1086  1254 I ASH     : @ 969658.067: tcs3701: stop power rail pending_off timer
01-09 12:13:07.265  1086  1254 D ASH     : @ 969658.067: tcs3701: start power rail timer, state:3
01-09 12:13:07.305  1086  1254 I ASH     : @ 969658.107: tcs3701: stop power rail pending_off timer
01-09 12:13:07.305  1086  1254 D ASH     : @ 969658.107: tcs3701: start power rail timer, state:3
01-09 12:13:07.345  1086  1254 I ASH     : @ 969658.147: tcs3701: stop power rail pending_off timer
01-09 12:13:07.345  1086  1254 D ASH     : @ 969658.147: tcs3701: start power rail timer, state:3
01-09 12:13:07.385  1086  1254 I ASH     : @ 969658.187: tcs3701: stop power rail pending_off timer
01-09 12:13:07.385  1086  1254 D ASH     : @ 969658.187: tcs3701: start power rail timer, state:3
01-09 12:13:07.425  1086  1254 I ASH     : @ 969658.227: tcs3701: stop power rail pending_off timer
01-09 12:13:07.426  1086  1254 D ASH     : @ 969658.227: tcs3701: start power rail timer, state:3
01-09 12:13:07.465  1086  1254 I ASH     : @ 969658.267: tcs3701: stop power rail pending_off timer
01-09 12:13:07.465  1086  1254 D ASH     : @ 969658.267: tcs3701: start power rail timer, state:3
01-09 12:13:07.505  1086  1254 I ASH     : @ 969658.307: tcs3701: stop power rail pending_off timer
01-09 12:13:07.505  1086  1254 D ASH     : @ 969658.307: tcs3701: start power rail timer, state:3
01-09 12:13:07.545  1086  1254 I ASH     : @ 969658.347: tcs3701: stop power rail pending_off timer
01-09 12:13:07.545  1086  1254 D ASH     : @ 969658.347: tcs3701: start power rail timer, state:3
01-09 12:13:07.585  1086  1254 I ASH     : @ 969658.387: tcs3701: stop power rail pending_off timer
01-09 12:13:07.585  1086  1254 D ASH     : @ 969658.387: tcs3701: start power rail timer, state:3
01-09 12:13:07.625  1086  1254 I ASH     : @ 969658.427: tcs3701: stop power rail pending_off timer
01-09 12:13:07.625  1086  1254 D ASH     : @ 969658.427: tcs3701: start power rail timer, state:3
01-09 12:13:07.665  1086  1254 I ASH     : @ 969658.467: tcs3701: stop power rail pending_off timer
01-09 12:13:07.665  1086  1254 D ASH     : @ 969658.467: tcs3701: start power rail timer, state:3
01-09 12:13:07.705  1086  1254 I ASH     : @ 969658.507: tcs3701: stop power rail pending_off timer
01-09 12:13:07.705  1086  1254 D ASH     : @ 969658.507: tcs3701: start power rail timer, state:3
01-09 12:13:07.745  1086  1254 I ASH     : @ 969658.547: tcs3701: stop power rail pending_off timer
01-09 12:13:07.745  1086  1254 D ASH     : @ 969658.547: tcs3701: start power rail timer, state:3
01-09 12:13:07.785  1086  1254 I ASH     : @ 969658.587: tcs3701: stop power rail pending_off timer
01-09 12:13:07.785  1086  1254 D ASH     : @ 969658.587: tcs3701: start power rail timer, state:3
01-09 12:13:07.825  1086  1254 I ASH     : @ 969658.627: tcs3701: stop power rail pending_off timer
01-09 12:13:07.825  1086  1254 D ASH     : @ 969658.627: tcs3701: start power rail timer, state:3
01-09 12:13:07.865  1086  1254 I ASH     : @ 969658.667: tcs3701: stop power rail pending_off timer
01-09 12:13:07.865  1086  1254 D ASH     : @ 969658.667: tcs3701: start power rail timer, state:3
01-09 12:13:07.905  1086  1254 I ASH     : @ 969658.707: tcs3701: stop power rail pending_off timer
01-09 12:13:07.905  1086  1254 D ASH     : @ 969658.707: tcs3701: start power rail timer, state:3
01-09 12:13:07.945  1086  1254 I ASH     : @ 969658.747: tcs3701: stop power rail pending_off timer
01-09 12:13:07.945  1086  1254 D ASH     : @ 969658.747: tcs3701: start power rail timer, state:3
01-09 12:13:07.986  1086  1254 I ASH     : @ 969658.787: tcs3701: stop power rail pending_off timer
01-09 12:13:07.986  1086  1254 D ASH     : @ 969658.787: tcs3701: start power rail timer, state:3
01-09 12:13:08.026  1086  1254 I ASH     : @ 969658.827: tcs3701: stop power rail pending_off timer
01-09 12:13:08.026  1086  1254 D ASH     : @ 969658.827: tcs3701: start power rail timer, state:3
01-09 12:13:08.065  1086  1254 I ASH     : @ 969658.867: tcs3701: stop power rail pending_off timer
01-09 12:13:08.065  1086  1254 D ASH     : @ 969658.867: tcs3701: start power rail timer, state:3
01-09 12:13:08.105  1086  1254 I ASH     : @ 969658.907: tcs3701: stop power rail pending_off timer
01-09 12:13:08.105  1086  1254 D ASH     : @ 969658.907: tcs3701: start power rail timer, state:3
01-09 12:13:08.145  1086  1254 I ASH     : @ 969658.947: tcs3701: stop power rail pending_off timer
01-09 12:13:08.145  1086  1254 D ASH     : @ 969658.947: tcs3701: start power rail timer, state:3
01-09 12:13:08.185  1086  1254 I ASH     : @ 969658.987: tcs3701: stop power rail pending_off timer
01-09 12:13:08.185  1086  1254 D ASH     : @ 969658.987: tcs3701: start power rail timer, state:3
01-09 12:13:08.225  1086  1254 I ASH     : @ 969659.027: tcs3701: stop power rail pending_off timer
01-09 12:13:08.225  1086  1254 D ASH     : @ 969659.027: tcs3701: start power rail timer, state:3
01-09 12:13:08.265  1086  1254 I ASH     : @ 969659.067: tcs3701: stop power rail pending_off timer
01-09 12:13:08.265  1086  1254 D ASH     : @ 969659.067: tcs3701: start power rail timer, state:3
01-09 12:13:08.305  1086  1254 I ASH     : @ 969659.107: tcs3701: stop power rail pending_off timer
01-09 12:13:08.305  1086  1254 D ASH     : @ 969659.107: tcs3701: start power rail timer, state:3
01-09 12:13:08.345  1086  1254 I ASH     : @ 969659.147: tcs3701: stop power rail pending_off timer
01-09 12:13:08.345  1086  1254 D ASH     : @ 969659.147: tcs3701: start power rail timer, state:3
01-09 12:13:08.385  1086  1254 I ASH     : @ 969659.187: tcs3701: stop power rail pending_off timer
01-09 12:13:08.385  1086  1254 D ASH     : @ 969659.187: tcs3701: start power rail timer, state:3
01-09 12:13:08.425  1086  1254 I ASH     : @ 969659.227: tcs3701: stop power rail pending_off timer
01-09 12:13:08.425  1086  1254 D ASH     : @ 969659.227: tcs3701: start power rail timer, state:3
01-09 12:13:08.465  1086  1254 I ASH     : @ 969659.267: tcs3701: stop power rail pending_off timer
01-09 12:13:08.465  1086  1254 D ASH     : @ 969659.267: tcs3701: start power rail timer, state:3
01-09 12:13:08.505  1086  1254 I ASH     : @ 969659.307: tcs3701: stop power rail pending_off timer
01-09 12:13:08.505  1086  1254 D ASH     : @ 969659.307: tcs3701: start power rail timer, state:3
01-09 12:13:08.545  1086  1254 I ASH     : @ 969659.347: tcs3701: stop power rail pending_off timer
01-09 12:13:08.546  1086  1254 D ASH     : @ 969659.347: tcs3701: start power rail timer, state:3
01-09 12:13:08.585  1086  1254 I ASH     : @ 969659.387: tcs3701: stop power rail pending_off timer
01-09 12:13:08.585  1086  1254 D ASH     : @ 969659.387: tcs3701: start power rail timer, state:3
01-09 12:13:08.625  1086  1254 I ASH     : @ 969659.427: tcs3701: stop power rail pending_off timer
01-09 12:13:08.625  1086  1254 D ASH     : @ 969659.427: tcs3701: start power rail timer, state:3
01-09 12:13:08.665  1086  1254 I ASH     : @ 969659.467: tcs3701: stop power rail pending_off timer
01-09 12:13:08.665  1086  1254 D ASH     : @ 969659.467: tcs3701: start power rail timer, state:3
01-09 12:13:08.705  1086  1254 I ASH     : @ 969659.507: tcs3701: stop power rail pending_off timer
01-09 12:13:08.705  1086  1254 D ASH     : @ 969659.507: tcs3701: start power rail timer, state:3
01-09 12:13:08.745  1086  1254 I ASH     : @ 969659.547: tcs3701: stop power rail pending_off timer
01-09 12:13:08.745  1086  1254 D ASH     : @ 969659.547: tcs3701: start power rail timer, state:3
01-09 12:13:08.785  1086  1254 I ASH     : @ 969659.587: tcs3701: stop power rail pending_off timer
01-09 12:13:08.785  1086  1254 D ASH     : @ 969659.587: tcs3701: start power rail timer, state:3
01-09 12:13:08.825  1086  1254 I ASH     : @ 969659.627: tcs3701: stop power rail pending_off timer
01-09 12:13:08.826  1086  1254 D ASH     : @ 969659.627: tcs3701: start power rail timer, state:3
01-09 12:13:08.865  1086  1254 I ASH     : @ 969659.667: tcs3701: stop power rail pending_off timer
01-09 12:13:08.865  1086  1254 D ASH     : @ 969659.667: tcs3701: start power rail timer, state:3
01-09 12:13:08.905  1086  1254 I ASH     : @ 969659.707: tcs3701: stop power rail pending_off timer
01-09 12:13:08.905  1086  1254 D ASH     : @ 969659.707: tcs3701: start power rail timer, state:3
01-09 12:13:08.945  1086  1254 I ASH     : @ 969659.747: tcs3701: stop power rail pending_off timer
01-09 12:13:08.945  1086  1254 D ASH     : @ 969659.747: tcs3701: start power rail timer, state:3
01-09 12:13:08.985  1086  1254 I ASH     : @ 969659.787: tcs3701: stop power rail pending_off timer
01-09 12:13:08.985  1086  1254 D ASH     : @ 969659.787: tcs3701: start power rail timer, state:3
01-09 12:13:09.025  1086  1254 I ASH     : @ 969659.827: tcs3701: stop power rail pending_off timer
01-09 12:13:09.025  1086  1254 D ASH     : @ 969659.827: tcs3701: start power rail timer, state:3
01-09 12:13:09.065  1086  1254 I ASH     : @ 969659.867: tcs3701: stop power rail pending_off timer
01-09 12:13:09.065  1086  1254 D ASH     : @ 969659.867: tcs3701: start power rail timer, state:3
01-09 12:13:09.105  1086  1254 I ASH     : @ 969659.907: tcs3701: stop power rail pending_off timer
01-09 12:13:09.105  1086  1254 D ASH     : @ 969659.907: tcs3701: start power rail timer, state:3
01-09 12:13:09.145  1086  1254 I ASH     : @ 969659.947: tcs3701: stop power rail pending_off timer
01-09 12:13:09.145  1086  1254 D ASH     : @ 969659.947: tcs3701: start power rail timer, state:3
01-09 12:13:09.185  1086  1254 I ASH     : @ 969659.987: tcs3701: stop power rail pending_off timer
01-09 12:13:09.185  1086  1254 D ASH     : @ 969659.987: tcs3701: start power rail timer, state:3
01-09 12:13:09.225  1086  1254 I ASH     : @ 969660.027: tcs3701: stop power rail pending_off timer
01-09 12:13:09.225  1086  1254 D ASH     : @ 969660.027: tcs3701: start power rail timer, state:3
01-09 12:13:09.265  1086  1254 I ASH     : @ 969660.067: tcs3701: stop power rail pending_off timer
01-09 12:13:09.265  1086  1254 D ASH     : @ 969660.067: tcs3701: start power rail timer, state:3
01-09 12:13:09.306  1086  1254 I ASH     : @ 969660.107: tcs3701: stop power rail pending_off timer
01-09 12:13:09.306  1086  1254 D ASH     : @ 969660.107: tcs3701: start power rail timer, state:3
01-09 12:13:09.345  1086  1254 I ASH     : @ 969660.147: tcs3701: stop power rail pending_off timer
01-09 12:13:09.345  1086  1254 D ASH     : @ 969660.147: tcs3701: start power rail timer, state:3
01-09 12:13:09.385  1086  1254 I ASH     : @ 969660.187: tcs3701: stop power rail pending_off timer
01-09 12:13:09.385  1086  1254 D ASH     : @ 969660.187: tcs3701: start power rail timer, state:3
01-09 12:13:09.425  1086  1254 I ASH     : @ 969660.227: tcs3701: stop power rail pending_off timer
01-09 12:13:09.425  1086  1254 D ASH     : @ 969660.227: tcs3701: start power rail timer, state:3
01-09 12:13:09.465  1086  1254 I ASH     : @ 969660.267: tcs3701: stop power rail pending_off timer
01-09 12:13:09.465  1086  1254 D ASH     : @ 969660.267: tcs3701: start power rail timer, state:3
01-09 12:13:09.492 29542 29560 I Unity   : [showcase] frame cost — scene typography at 1080x2340 over 240 frames — tick 0.15 ms, draw mean 0.33 p50 0.34 p95 0.39 max 0.76 ms (2104.2 fps if unpaced)
01-09 12:13:09.492 29542 29560 I Unity   : UnityEngine.DebugLogHandler:Internal_Log(LogType, LogOption, String, Object)
01-09 12:13:09.492 29542 29560 I Unity   : Driftsys.Dashscene.Samples.DashsceneShowcase:Update()
01-09 12:13:09.492 29542 29560 I Unity   : 
01-09 12:13:09.505  1086  1254 I ASH     : @ 969660.307: tcs3701: stop power rail pending_off timer
01-09 12:13:09.505  1086  1254 D ASH     : @ 969660.307: tcs3701: start power rail timer, state:3
01-09 12:13:09.545  1086  1254 I ASH     : @ 969660.347: tcs3701: stop power rail pending_off timer
01-09 12:13:09.545  1086  1254 D ASH     : @ 969660.347: tcs3701: start power rail timer, state:3
01-09 12:13:09.585  1086  1254 I ASH     : @ 969660.387: tcs3701: stop power rail pending_off timer
01-09 12:13:09.585  1086  1254 D ASH     : @ 969660.387: tcs3701: start power rail timer, state:3
01-09 12:13:09.625  1086  1254 I ASH     : @ 969660.427: tcs3701: stop power rail pending_off timer
01-09 12:13:09.625  1086  1254 D ASH     : @ 969660.427: tcs3701: start power rail timer, state:3
01-09 12:13:09.665  1086  1254 I ASH     : @ 969660.467: tcs3701: stop power rail pending_off timer
01-09 12:13:09.665  1086  1254 D ASH     : @ 969660.467: tcs3701: start power rail timer, state:3
01-09 12:13:09.705  1086  1254 I ASH     : @ 969660.507: tcs3701: stop power rail pending_off timer
01-09 12:13:09.705  1086  1254 D ASH     : @ 969660.507: tcs3701: start power rail timer, state:3
01-09 12:13:09.745  1086  1254 I ASH     : @ 969660.547: tcs3701: stop power rail pending_off timer
01-09 12:13:09.745  1086  1254 D ASH     : @ 969660.547: tcs3701: start power rail timer, state:3
01-09 12:13:09.785  1086  1254 I ASH     : @ 969660.587: tcs3701: stop power rail pending_off timer
01-09 12:13:09.785  1086  1254 D ASH     : @ 969660.587: tcs3701: start power rail timer, state:3
01-09 12:13:09.825  1086  1254 I ASH     : @ 969660.627: tcs3701: stop power rail pending_off timer
01-09 12:13:09.825  1086  1254 D ASH     : @ 969660.627: tcs3701: start power rail timer, state:3
01-09 12:13:09.865  1086  1254 I ASH     : @ 969660.667: tcs3701: stop power rail pending_off timer
01-09 12:13:09.865  1086  1254 D ASH     : @ 969660.667: tcs3701: start power rail timer, state:3
01-09 12:13:09.905  1086  1254 I ASH     : @ 969660.707: tcs3701: stop power rail pending_off timer
01-09 12:13:09.905  1086  1254 D ASH     : @ 969660.707: tcs3701: start power rail timer, state:3
01-09 12:13:09.945  1086  1254 I ASH     : @ 969660.747: tcs3701: stop power rail pending_off timer
01-09 12:13:09.945  1086  1254 D ASH     : @ 969660.747: tcs3701: start power rail timer, state:3
01-09 12:13:09.985  1086  1254 I ASH     : @ 969660.787: tcs3701: stop power rail pending_off timer
01-09 12:13:09.985  1086  1254 D ASH     : @ 969660.787: tcs3701: start power rail timer, state:3
01-09 12:13:10.025  1086  1254 I ASH     : @ 969660.827: tcs3701: stop power rail pending_off timer
01-09 12:13:10.025  1086  1254 D ASH     : @ 969660.827: tcs3701: start power rail timer, state:3
01-09 12:13:10.065  1086  1254 I ASH     : @ 969660.867: tcs3701: stop power rail pending_off timer
01-09 12:13:10.065  1086  1254 D ASH     : @ 969660.867: tcs3701: start power rail timer, state:3
01-09 12:13:10.105  1086  1254 I ASH     : @ 969660.907: tcs3701: stop power rail pending_off timer
01-09 12:13:10.105  1086  1254 D ASH     : @ 969660.907: tcs3701: start power rail timer, state:3
01-09 12:13:10.145  1086  1254 I ASH     : @ 969660.947: tcs3701: stop power rail pending_off timer
01-09 12:13:10.145  1086  1254 D ASH     : @ 969660.947: tcs3701: start power rail timer, state:3
01-09 12:13:10.185  1086  1254 I ASH     : @ 969660.987: tcs3701: stop power rail pending_off timer
01-09 12:13:10.185  1086  1254 D ASH     : @ 969660.987: tcs3701: start power rail timer, state:3
01-09 12:13:10.225  1086  1254 I ASH     : @ 969661.027: tcs3701: stop power rail pending_off timer
01-09 12:13:10.225  1086  1254 D ASH     : @ 969661.027: tcs3701: start power rail timer, state:3
01-09 12:13:10.265  1086  1254 I ASH     : @ 969661.067: tcs3701: stop power rail pending_off timer
01-09 12:13:10.265  1086  1254 D ASH     : @ 969661.067: tcs3701: start power rail timer, state:3
01-09 12:13:10.305  1086  1254 I ASH     : @ 969661.107: tcs3701: stop power rail pending_off timer
01-09 12:13:10.305  1086  1254 D ASH     : @ 969661.107: tcs3701: start power rail timer, state:3
01-09 12:13:10.345  1086  1254 I ASH     : @ 969661.147: tcs3701: stop power rail pending_off timer
01-09 12:13:10.345  1086  1254 D ASH     : @ 969661.147: tcs3701: start power rail timer, state:3
01-09 12:13:10.385  1086  1254 I ASH     : @ 969661.187: tcs3701: stop power rail pending_off timer
01-09 12:13:10.385  1086  1254 D ASH     : @ 969661.187: tcs3701: start power rail timer, state:3
01-09 12:13:10.425  1086  1254 I ASH     : @ 969661.227: tcs3701: stop power rail pending_off timer
01-09 12:13:10.425  1086  1254 D ASH     : @ 969661.227: tcs3701: start power rail timer, state:3
01-09 12:13:10.465  1086  1254 I ASH     : @ 969661.267: tcs3701: stop power rail pending_off timer
01-09 12:13:10.465  1086  1254 D ASH     : @ 969661.267: tcs3701: start power rail timer, state:3
01-09 12:13:10.505  1086  1254 I ASH     : @ 969661.307: tcs3701: stop power rail pending_off timer
01-09 12:13:10.505  1086  1254 D ASH     : @ 969661.307: tcs3701: start power rail timer, state:3
01-09 12:13:10.547  1086  1254 I ASH     : @ 969661.347: tcs3701: stop power rail pending_off timer
01-09 12:13:10.547  1086  1254 D ASH     : @ 969661.347: tcs3701: start power rail timer, state:3
01-09 12:13:10.585  1086  1254 I ASH     : @ 969661.387: tcs3701: stop power rail pending_off timer
01-09 12:13:10.585  1086  1254 D ASH     : @ 969661.387: tcs3701: start power rail timer, state:3
01-09 12:13:10.625  1086  1254 I ASH     : @ 969661.427: tcs3701: stop power rail pending_off timer
01-09 12:13:10.625  1086  1254 D ASH     : @ 969661.427: tcs3701: start power rail timer, state:3
01-09 12:13:10.665  1086  1254 I ASH     : @ 969661.467: tcs3701: stop power rail pending_off timer
01-09 12:13:10.665  1086  1254 D ASH     : @ 969661.467: tcs3701: start power rail timer, state:3
01-09 12:13:10.705  1086  1254 I ASH     : @ 969661.507: tcs3701: stop power rail pending_off timer
01-09 12:13:10.705  1086  1254 D ASH     : @ 969661.507: tcs3701: start power rail timer, state:3
01-09 12:13:10.745  1086  1254 I ASH     : @ 969661.547: tcs3701: stop power rail pending_off timer
01-09 12:13:10.745  1086  1254 D ASH     : @ 969661.547: tcs3701: start power rail timer, state:3
01-09 12:13:10.785  1086  1254 I ASH     : @ 969661.587: tcs3701: stop power rail pending_off timer
01-09 12:13:10.785  1086  1254 D ASH     : @ 969661.587: tcs3701: start power rail timer, state:3
01-09 12:13:10.825  1086  1254 I ASH     : @ 969661.627: tcs3701: stop power rail pending_off timer
01-09 12:13:10.825  1086  1254 D ASH     : @ 969661.627: tcs3701: start power rail timer, state:3
01-09 12:13:10.865  1086  1254 I ASH     : @ 969661.667: tcs3701: stop power rail pending_off timer
01-09 12:13:10.865  1086  1254 D ASH     : @ 969661.667: tcs3701: start power rail timer, state:3
01-09 12:13:10.905  1086  1254 I ASH     : @ 969661.707: tcs3701: stop power rail pending_off timer
01-09 12:13:10.905  1086  1254 D ASH     : @ 969661.707: tcs3701: start power rail timer, state:3
01-09 12:13:10.945  1086  1254 I ASH     : @ 969661.747: tcs3701: stop power rail pending_off timer
01-09 12:13:10.945  1086  1254 D ASH     : @ 969661.747: tcs3701: start power rail timer, state:3
01-09 12:13:10.985  1086  1254 I ASH     : @ 969661.787: tcs3701: stop power rail pending_off timer
01-09 12:13:10.985  1086  1254 D ASH     : @ 969661.787: tcs3701: start power rail timer, state:3
01-09 12:13:11.025  1086  1254 I ASH     : @ 969661.827: tcs3701: stop power rail pending_off timer
01-09 12:13:11.025  1086  1254 D ASH     : @ 969661.827: tcs3701: start power rail timer, state:3
01-09 12:13:11.065  1086  1254 I ASH     : @ 969661.867: tcs3701: stop power rail pending_off timer
01-09 12:13:11.065  1086  1254 D ASH     : @ 969661.867: tcs3701: start power rail timer, state:3
01-09 12:13:11.105  1086  1254 I ASH     : @ 969661.907: tcs3701: stop power rail pending_off timer
01-09 12:13:11.105  1086  1254 D ASH     : @ 969661.907: tcs3701: start power rail timer, state:3
01-09 12:13:11.145  1086  1254 I ASH     : @ 969661.947: tcs3701: stop power rail pending_off timer
01-09 12:13:11.145  1086  1254 D ASH     : @ 969661.947: tcs3701: start power rail timer, state:3
01-09 12:13:11.185  1086  1254 I ASH     : @ 969661.987: tcs3701: stop power rail pending_off timer
01-09 12:13:11.185  1086  1254 D ASH     : @ 969661.987: tcs3701: start power rail timer, state:3
01-09 12:13:11.225  1086  1254 I ASH     : @ 969662.027: tcs3701: stop power rail pending_off timer
01-09 12:13:11.225  1086  1254 D ASH     : @ 969662.027: tcs3701: start power rail timer, state:3
01-09 12:13:11.265  1086  1254 I ASH     : @ 969662.067: tcs3701: stop power rail pending_off timer
01-09 12:13:11.265  1086  1254 D ASH     : @ 969662.067: tcs3701: start power rail timer, state:3
01-09 12:13:11.305  1086  1254 I ASH     : @ 969662.107: tcs3701: stop power rail pending_off timer
01-09 12:13:11.305  1086  1254 D ASH     : @ 969662.107: tcs3701: start power rail timer, state:3
01-09 12:13:11.345  1086  1254 I ASH     : @ 969662.147: tcs3701: stop power rail pending_off timer
01-09 12:13:11.345  1086  1254 D ASH     : @ 969662.147: tcs3701: start power rail timer, state:3
01-09 12:13:11.385  1086  1254 I ASH     : @ 969662.187: tcs3701: stop power rail pending_off timer
01-09 12:13:11.385  1086  1254 D ASH     : @ 969662.187: tcs3701: start power rail timer, state:3
01-09 12:13:11.425  1086  1254 I ASH     : @ 969662.227: tcs3701: stop power rail pending_off timer
01-09 12:13:11.425  1086  1254 D ASH     : @ 969662.227: tcs3701: start power rail timer, state:3
01-09 12:13:11.465  1086  1254 I ASH     : @ 969662.267: tcs3701: stop power rail pending_off timer
01-09 12:13:11.465  1086  1254 D ASH     : @ 969662.267: tcs3701: start power rail timer, state:3
01-09 12:13:11.505  1086  1254 I ASH     : @ 969662.307: tcs3701: stop power rail pending_off timer
01-09 12:13:11.505  1086  1254 D ASH     : @ 969662.307: tcs3701: start power rail timer, state:3
01-09 12:13:11.545  1086  1254 I ASH     : @ 969662.347: tcs3701: stop power rail pending_off timer
01-09 12:13:11.546  1086  1254 D ASH     : @ 969662.347: tcs3701: start power rail timer, state:3
01-09 12:13:11.585  1086  1254 I ASH     : @ 969662.387: tcs3701: stop power rail pending_off timer
01-09 12:13:11.585  1086  1254 D ASH     : @ 969662.387: tcs3701: start power rail timer, state:3
01-09 12:13:11.625  1086  1254 I ASH     : @ 969662.427: tcs3701: stop power rail pending_off timer
01-09 12:13:11.625  1086  1254 D ASH     : @ 969662.427: tcs3701: start power rail timer, state:3
01-09 12:13:11.665  1086  1254 I ASH     : @ 969662.467: tcs3701: stop power rail pending_off timer
01-09 12:13:11.665  1086  1254 D ASH     : @ 969662.467: tcs3701: start power rail timer, state:3
01-09 12:13:11.705  1086  1254 I ASH     : @ 969662.507: tcs3701: stop power rail pending_off timer
01-09 12:13:11.705  1086  1254 D ASH     : @ 969662.507: tcs3701: start power rail timer, state:3
01-09 12:13:11.745  1086  1254 I ASH     : @ 969662.547: tcs3701: stop power rail pending_off timer
01-09 12:13:11.745  1086  1254 D ASH     : @ 969662.547: tcs3701: start power rail timer, state:3
01-09 12:13:11.785  1086  1254 I ASH     : @ 969662.587: tcs3701: stop power rail pending_off timer
01-09 12:13:11.785  1086  1254 D ASH     : @ 969662.587: tcs3701: start power rail timer, state:3
01-09 12:13:11.825  1086  1254 I ASH     : @ 969662.627: tcs3701: stop power rail pending_off timer
01-09 12:13:11.825  1086  1254 D ASH     : @ 969662.627: tcs3701: start power rail timer, state:3
01-09 12:13:11.865  1086  1254 I ASH     : @ 969662.667: tcs3701: stop power rail pending_off timer
01-09 12:13:11.865  1086  1254 D ASH     : @ 969662.667: tcs3701: start power rail timer, state:3
01-09 12:13:11.905  1086  1254 I ASH     : @ 969662.707: tcs3701: stop power rail pending_off timer
01-09 12:13:11.905  1086  1254 D ASH     : @ 969662.707: tcs3701: start power rail timer, state:3
01-09 12:13:11.945  1086  1254 I ASH     : @ 969662.747: tcs3701: stop power rail pending_off timer
01-09 12:13:11.945  1086  1254 D ASH     : @ 969662.747: tcs3701: start power rail timer, state:3
01-09 12:13:11.985  1086  1254 I ASH     : @ 969662.787: tcs3701: stop power rail pending_off timer
01-09 12:13:11.985  1086  1254 D ASH     : @ 969662.787: tcs3701: start power rail timer, state:3
01-09 12:13:12.025  1086  1254 I ASH     : @ 969662.827: tcs3701: stop power rail pending_off timer
01-09 12:13:12.025  1086  1254 D ASH     : @ 969662.827: tcs3701: start power rail timer, state:3
01-09 12:13:12.065  1086  1254 I ASH     : @ 969662.867: tcs3701: stop power rail pending_off timer
01-09 12:13:12.065  1086  1254 D ASH     : @ 969662.867: tcs3701: start power rail timer, state:3
01-09 12:13:12.105  1086  1254 I ASH     : @ 969662.907: tcs3701: stop power rail pending_off timer
01-09 12:13:12.105  1086  1254 D ASH     : @ 969662.907: tcs3701: start power rail timer, state:3
01-09 12:13:12.145  1086  1254 I ASH     : @ 969662.947: tcs3701: stop power rail pending_off timer
01-09 12:13:12.145  1086  1254 D ASH     : @ 969662.947: tcs3701: start power rail timer, state:3
01-09 12:13:12.185  1086  1254 I ASH     : @ 969662.987: tcs3701: stop power rail pending_off timer
01-09 12:13:12.185  1086  1254 D ASH     : @ 969662.987: tcs3701: start power rail timer, state:3
01-09 12:13:12.225  1086  1254 I ASH     : @ 969663.027: tcs3701: stop power rail pending_off timer
01-09 12:13:12.225  1086  1254 D ASH     : @ 969663.027: tcs3701: start power rail timer, state:3
01-09 12:13:12.265  1086  1254 I ASH     : @ 969663.067: tcs3701: stop power rail pending_off timer
01-09 12:13:12.265  1086  1254 D ASH     : @ 969663.067: tcs3701: start power rail timer, state:3
01-09 12:13:12.305  1086  1254 I ASH     : @ 969663.107: tcs3701: stop power rail pending_off timer
01-09 12:13:12.305  1086  1254 D ASH     : @ 969663.107: tcs3701: start power rail timer, state:3
01-09 12:13:12.345  1086  1254 I ASH     : @ 969663.147: tcs3701: stop power rail pending_off timer
01-09 12:13:12.345  1086  1254 D ASH     : @ 969663.147: tcs3701: start power rail timer, state:3
01-09 12:13:12.385  1086  1254 I ASH     : @ 969663.187: tcs3701: stop power rail pending_off timer
01-09 12:13:12.385  1086  1254 D ASH     : @ 969663.187: tcs3701: start power rail timer, state:3
01-09 12:13:12.425  1086  1254 I ASH     : @ 969663.227: tcs3701: stop power rail pending_off timer
01-09 12:13:12.425  1086  1254 D ASH     : @ 969663.227: tcs3701: start power rail timer, state:3
01-09 12:13:12.465  1086  1254 I ASH     : @ 969663.267: tcs3701: stop power rail pending_off timer
01-09 12:13:12.465  1086  1254 D ASH     : @ 969663.267: tcs3701: start power rail timer, state:3
01-09 12:13:12.505  1086  1254 I ASH     : @ 969663.307: tcs3701: stop power rail pending_off timer
01-09 12:13:12.505  1086  1254 D ASH     : @ 969663.307: tcs3701: start power rail timer, state:3
01-09 12:13:12.545  1086  1254 I ASH     : @ 969663.347: tcs3701: stop power rail pending_off timer
01-09 12:13:12.545  1086  1254 D ASH     : @ 969663.347: tcs3701: start power rail timer, state:3
01-09 12:13:12.587  1086  1254 I ASH     : @ 969663.387: tcs3701: stop power rail pending_off timer
01-09 12:13:12.587  1086  1254 D ASH     : @ 969663.387: tcs3701: start power rail timer, state:3
01-09 12:13:12.625  1086  1254 I ASH     : @ 969663.427: tcs3701: stop power rail pending_off timer
01-09 12:13:12.625  1086  1254 D ASH     : @ 969663.427: tcs3701: start power rail timer, state:3
01-09 12:13:12.665  1086  1254 I ASH     : @ 969663.467: tcs3701: stop power rail pending_off timer
01-09 12:13:12.666  1086  1254 D ASH     : @ 969663.467: tcs3701: start power rail timer, state:3
01-09 12:13:12.705  1086  1254 I ASH     : @ 969663.507: tcs3701: stop power rail pending_off timer
01-09 12:13:12.705  1086  1254 D ASH     : @ 969663.507: tcs3701: start power rail timer, state:3
01-09 12:13:12.745  1086  1254 I ASH     : @ 969663.547: tcs3701: stop power rail pending_off timer
01-09 12:13:12.745  1086  1254 D ASH     : @ 969663.547: tcs3701: start power rail timer, state:3
01-09 12:13:12.785  1086  1254 I ASH     : @ 969663.587: tcs3701: stop power rail pending_off timer
01-09 12:13:12.785  1086  1254 D ASH     : @ 969663.587: tcs3701: start power rail timer, state:3
01-09 12:13:12.825  1086  1254 I ASH     : @ 969663.627: tcs3701: stop power rail pending_off timer
01-09 12:13:12.825  1086  1254 D ASH     : @ 969663.627: tcs3701: start power rail timer, state:3
01-09 12:13:12.865  1086  1254 I ASH     : @ 969663.667: tcs3701: stop power rail pending_off timer
01-09 12:13:12.865  1086  1254 D ASH     : @ 969663.667: tcs3701: start power rail timer, state:3
01-09 12:13:12.905  1086  1254 I ASH     : @ 969663.707: tcs3701: stop power rail pending_off timer
01-09 12:13:12.905  1086  1254 D ASH     : @ 969663.707: tcs3701: start power rail timer, state:3
01-09 12:13:12.945  1086  1254 I ASH     : @ 969663.747: tcs3701: stop power rail pending_off timer
01-09 12:13:12.945  1086  1254 D ASH     : @ 969663.747: tcs3701: start power rail timer, state:3
01-09 12:13:12.985  1086  1254 I ASH     : @ 969663.787: tcs3701: stop power rail pending_off timer
01-09 12:13:12.985  1086  1254 D ASH     : @ 969663.787: tcs3701: start power rail timer, state:3
01-09 12:13:13.025  1086  1254 I ASH     : @ 969663.827: tcs3701: stop power rail pending_off timer
01-09 12:13:13.025  1086  1254 D ASH     : @ 969663.827: tcs3701: start power rail timer, state:3
01-09 12:13:13.065  1086  1254 I ASH     : @ 969663.867: tcs3701: stop power rail pending_off timer
01-09 12:13:13.065  1086  1254 D ASH     : @ 969663.867: tcs3701: start power rail timer, state:3
01-09 12:13:13.105  1086  1254 I ASH     : @ 969663.907: tcs3701: stop power rail pending_off timer
01-09 12:13:13.105  1086  1254 D ASH     : @ 969663.907: tcs3701: start power rail timer, state:3
01-09 12:13:13.145  1086  1254 I ASH     : @ 969663.947: tcs3701: stop power rail pending_off timer
01-09 12:13:13.145  1086  1254 D ASH     : @ 969663.947: tcs3701: start power rail timer, state:3
01-09 12:13:13.186  1086  1254 I ASH     : @ 969663.987: tcs3701: stop power rail pending_off timer
01-09 12:13:13.186  1086  1254 D ASH     : @ 969663.987: tcs3701: start power rail timer, state:3
01-09 12:13:13.225  1086  1254 I ASH     : @ 969664.027: tcs3701: stop power rail pending_off timer
01-09 12:13:13.225  1086  1254 D ASH     : @ 969664.027: tcs3701: start power rail timer, state:3
01-09 12:13:13.265  1086  1254 I ASH     : @ 969664.067: tcs3701: stop power rail pending_off timer
01-09 12:13:13.265  1086  1254 D ASH     : @ 969664.067: tcs3701: start power rail timer, state:3
01-09 12:13:13.305  1086  1254 I ASH     : @ 969664.107: tcs3701: stop power rail pending_off timer
01-09 12:13:13.305  1086  1254 D ASH     : @ 969664.107: tcs3701: start power rail timer, state:3
01-09 12:13:13.345  1086  1254 I ASH     : @ 969664.147: tcs3701: stop power rail pending_off timer
01-09 12:13:13.345  1086  1254 D ASH     : @ 969664.147: tcs3701: start power rail timer, state:3
01-09 12:13:13.385  1086  1254 I ASH     : @ 969664.187: tcs3701: stop power rail pending_off timer
01-09 12:13:13.385  1086  1254 D ASH     : @ 969664.187: tcs3701: start power rail timer, state:3
01-09 12:13:13.425  1086  1254 I ASH     : @ 969664.227: tcs3701: stop power rail pending_off timer
01-09 12:13:13.425  1086  1254 D ASH     : @ 969664.227: tcs3701: start power rail timer, state:3
01-09 12:13:13.465  1086  1254 I ASH     : @ 969664.267: tcs3701: stop power rail pending_off timer
01-09 12:13:13.465  1086  1254 D ASH     : @ 969664.267: tcs3701: start power rail timer, state:3
01-09 12:13:13.505  1086  1254 I ASH     : @ 969664.307: tcs3701: stop power rail pending_off timer
01-09 12:13:13.505  1086  1254 D ASH     : @ 969664.307: tcs3701: start power rail timer, state:3
01-09 12:13:13.545  1086  1254 I ASH     : @ 969664.347: tcs3701: stop power rail pending_off timer
01-09 12:13:13.545  1086  1254 D ASH     : @ 969664.347: tcs3701: start power rail timer, state:3
01-09 12:13:13.585  1086  1254 I ASH     : @ 969664.387: tcs3701: stop power rail pending_off timer
01-09 12:13:13.585  1086  1254 D ASH     : @ 969664.387: tcs3701: start power rail timer, state:3
01-09 12:13:13.625  1086  1254 I ASH     : @ 969664.427: tcs3701: stop power rail pending_off timer
01-09 12:13:13.625  1086  1254 D ASH     : @ 969664.427: tcs3701: start power rail timer, state:3
01-09 12:13:13.665  1086  1254 I ASH     : @ 969664.467: tcs3701: stop power rail pending_off timer
01-09 12:13:13.665  1086  1254 D ASH     : @ 969664.467: tcs3701: start power rail timer, state:3
01-09 12:13:13.705  1086  1254 I ASH     : @ 969664.507: tcs3701: stop power rail pending_off timer
01-09 12:13:13.705  1086  1254 D ASH     : @ 969664.507: tcs3701: start power rail timer, state:3
01-09 12:13:13.745  1086  1254 I ASH     : @ 969664.547: tcs3701: stop power rail pending_off timer
01-09 12:13:13.745  1086  1254 D ASH     : @ 969664.547: tcs3701: start power rail timer, state:3
01-09 12:13:13.785  1086  1254 I ASH     : @ 969664.587: tcs3701: stop power rail pending_off timer
01-09 12:13:13.785  1086  1254 D ASH     : @ 969664.587: tcs3701: start power rail timer, state:3
01-09 12:13:13.825  1086  1254 I ASH     : @ 969664.627: tcs3701: stop power rail pending_off timer
01-09 12:13:13.825  1086  1254 D ASH     : @ 969664.627: tcs3701: start power rail timer, state:3
01-09 12:13:13.865  1086  1254 I ASH     : @ 969664.667: tcs3701: stop power rail pending_off timer
01-09 12:13:13.865  1086  1254 D ASH     : @ 969664.667: tcs3701: start power rail timer, state:3
01-09 12:13:13.905  1086  1254 I ASH     : @ 969664.707: tcs3701: stop power rail pending_off timer
01-09 12:13:13.905  1086  1254 D ASH     : @ 969664.707: tcs3701: start power rail timer, state:3
01-09 12:13:13.945  1086  1254 I ASH     : @ 969664.747: tcs3701: stop power rail pending_off timer
01-09 12:13:13.945  1086  1254 D ASH     : @ 969664.747: tcs3701: start power rail timer, state:3
01-09 12:13:13.986  1086  1254 I ASH     : @ 969664.787: tcs3701: stop power rail pending_off timer
01-09 12:13:13.986  1086  1254 D ASH     : @ 969664.787: tcs3701: start power rail timer, state:3
01-09 12:13:14.025  1086  1254 I ASH     : @ 969664.827: tcs3701: stop power rail pending_off timer
01-09 12:13:14.025  1086  1254 D ASH     : @ 969664.827: tcs3701: start power rail timer, state:3
01-09 12:13:14.065  1086  1254 I ASH     : @ 969664.867: tcs3701: stop power rail pending_off timer
01-09 12:13:14.065  1086  1254 D ASH     : @ 969664.867: tcs3701: start power rail timer, state:3
01-09 12:13:14.105  1086  1254 I ASH     : @ 969664.907: tcs3701: stop power rail pending_off timer
01-09 12:13:14.105  1086  1254 D ASH     : @ 969664.907: tcs3701: start power rail timer, state:3
01-09 12:13:14.145  1086  1254 I ASH     : @ 969664.947: tcs3701: stop power rail pending_off timer
01-09 12:13:14.145  1086  1254 D ASH     : @ 969664.947: tcs3701: start power rail timer, state:3
01-09 12:13:14.185  1086  1254 I ASH     : @ 969664.987: tcs3701: stop power rail pending_off timer
01-09 12:13:14.185  1086  1254 D ASH     : @ 969664.987: tcs3701: start power rail timer, state:3
01-09 12:13:14.225  1086  1254 I ASH     : @ 969665.027: tcs3701: stop power rail pending_off timer
01-09 12:13:14.225  1086  1254 D ASH     : @ 969665.027: tcs3701: start power rail timer, state:3
01-09 12:13:14.265  1086  1254 I ASH     : @ 969665.067: tcs3701: stop power rail pending_off timer
01-09 12:13:14.265  1086  1254 D ASH     : @ 969665.067: tcs3701: start power rail timer, state:3
01-09 12:13:14.305  1086  1254 I ASH     : @ 969665.107: tcs3701: stop power rail pending_off timer
01-09 12:13:14.305  1086  1254 D ASH     : @ 969665.107: tcs3701: start power rail timer, state:3
01-09 12:13:14.345  1086  1254 I ASH     : @ 969665.147: tcs3701: stop power rail pending_off timer
01-09 12:13:14.345  1086  1254 D ASH     : @ 969665.147: tcs3701: start power rail timer, state:3
01-09 12:13:14.387  1086  1254 I ASH     : @ 969665.187: tcs3701: stop power rail pending_off timer
01-09 12:13:14.387  1086  1254 D ASH     : @ 969665.187: tcs3701: start power rail timer, state:3
01-09 12:13:14.425  1086  1254 I ASH     : @ 969665.227: tcs3701: stop power rail pending_off timer
01-09 12:13:14.425  1086  1254 D ASH     : @ 969665.227: tcs3701: start power rail timer, state:3
01-09 12:13:14.465  1086  1254 I ASH     : @ 969665.267: tcs3701: stop power rail pending_off timer
01-09 12:13:14.465  1086  1254 D ASH     : @ 969665.267: tcs3701: start power rail timer, state:3
01-09 12:13:14.505  1086  1254 I ASH     : @ 969665.307: tcs3701: stop power rail pending_off timer
01-09 12:13:14.505  1086  1254 D ASH     : @ 969665.307: tcs3701: start power rail timer, state:3
01-09 12:13:14.545  1086  1254 I ASH     : @ 969665.347: tcs3701: stop power rail pending_off timer
01-09 12:13:14.545  1086  1254 D ASH     : @ 969665.347: tcs3701: start power rail timer, state:3
01-09 12:13:14.585  1086  1254 I ASH     : @ 969665.387: tcs3701: stop power rail pending_off timer
01-09 12:13:14.585  1086  1254 D ASH     : @ 969665.387: tcs3701: start power rail timer, state:3
01-09 12:13:14.625  1086  1254 I ASH     : @ 969665.427: tcs3701: stop power rail pending_off timer
01-09 12:13:14.625  1086  1254 D ASH     : @ 969665.427: tcs3701: start power rail timer, state:3
01-09 12:13:14.665  1086  1254 I ASH     : @ 969665.467: tcs3701: stop power rail pending_off timer
01-09 12:13:14.665  1086  1254 D ASH     : @ 969665.467: tcs3701: start power rail timer, state:3
01-09 12:13:14.705  1086  1254 I ASH     : @ 969665.507: tcs3701: stop power rail pending_off timer
01-09 12:13:14.705  1086  1254 D ASH     : @ 969665.507: tcs3701: start power rail timer, state:3
01-09 12:13:14.745  1086  1254 I ASH     : @ 969665.547: tcs3701: stop power rail pending_off timer
01-09 12:13:14.745  1086  1254 D ASH     : @ 969665.547: tcs3701: start power rail timer, state:3
01-09 12:13:14.785  1086  1254 I ASH     : @ 969665.587: tcs3701: stop power rail pending_off timer
01-09 12:13:14.785  1086  1254 D ASH     : @ 969665.587: tcs3701: start power rail timer, state:3
01-09 12:13:14.825  1086  1254 I ASH     : @ 969665.627: tcs3701: stop power rail pending_off timer
01-09 12:13:14.825  1086  1254 D ASH     : @ 969665.627: tcs3701: start power rail timer, state:3
01-09 12:13:14.865  1086  1254 I ASH     : @ 969665.667: tcs3701: stop power rail pending_off timer
01-09 12:13:14.865  1086  1254 D ASH     : @ 969665.667: tcs3701: start power rail timer, state:3
01-09 12:13:14.905  1086  1254 I ASH     : @ 969665.707: tcs3701: stop power rail pending_off timer
01-09 12:13:14.905  1086  1254 D ASH     : @ 969665.707: tcs3701: start power rail timer, state:3
01-09 12:13:14.945  1086  1254 I ASH     : @ 969665.747: tcs3701: stop power rail pending_off timer
01-09 12:13:14.945  1086  1254 D ASH     : @ 969665.747: tcs3701: start power rail timer, state:3
01-09 12:13:14.987  1086  1254 I ASH     : @ 969665.787: tcs3701: stop power rail pending_off timer
01-09 12:13:14.987  1086  1254 D ASH     : @ 969665.787: tcs3701: start power rail timer, state:3
01-09 12:13:15.025  1086  1254 I ASH     : @ 969665.827: tcs3701: stop power rail pending_off timer
01-09 12:13:15.025  1086  1254 D ASH     : @ 969665.827: tcs3701: start power rail timer, state:3
01-09 12:13:15.065  1086  1254 I ASH     : @ 969665.867: tcs3701: stop power rail pending_off timer
01-09 12:13:15.065  1086  1254 D ASH     : @ 969665.867: tcs3701: start power rail timer, state:3
01-09 12:13:15.105  1086  1254 I ASH     : @ 969665.907: tcs3701: stop power rail pending_off timer
01-09 12:13:15.105  1086  1254 D ASH     : @ 969665.907: tcs3701: start power rail timer, state:3
01-09 12:13:15.145  1086  1254 I ASH     : @ 969665.947: tcs3701: stop power rail pending_off timer
01-09 12:13:15.145  1086  1254 D ASH     : @ 969665.947: tcs3701: start power rail timer, state:3
01-09 12:13:15.185  1086  1254 I ASH     : @ 969665.987: tcs3701: stop power rail pending_off timer
01-09 12:13:15.185  1086  1254 D ASH     : @ 969665.987: tcs3701: start power rail timer, state:3
01-09 12:13:15.225  1086  1254 I ASH     : @ 969666.027: tcs3701: stop power rail pending_off timer
01-09 12:13:15.225  1086  1254 D ASH     : @ 969666.027: tcs3701: start power rail timer, state:3
01-09 12:13:15.265  1086  1254 I ASH     : @ 969666.067: tcs3701: stop power rail pending_off timer
01-09 12:13:15.265  1086  1254 D ASH     : @ 969666.067: tcs3701: start power rail timer, state:3
01-09 12:13:15.305  1086  1254 I ASH     : @ 969666.107: tcs3701: stop power rail pending_off timer
01-09 12:13:15.305  1086  1254 D ASH     : @ 969666.107: tcs3701: start power rail timer, state:3
01-09 12:13:15.345  1086  1254 I ASH     : @ 969666.147: tcs3701: stop power rail pending_off timer
01-09 12:13:15.345  1086  1254 D ASH     : @ 969666.147: tcs3701: start power rail timer, state:3
01-09 12:13:15.385  1086  1254 I ASH     : @ 969666.187: tcs3701: stop power rail pending_off timer
01-09 12:13:15.385  1086  1254 D ASH     : @ 969666.187: tcs3701: start power rail timer, state:3
01-09 12:13:15.425  1086  1254 I ASH     : @ 969666.227: tcs3701: stop power rail pending_off timer
01-09 12:13:15.425  1086  1254 D ASH     : @ 969666.227: tcs3701: start power rail timer, state:3
01-09 12:13:15.465  1086  1254 I ASH     : @ 969666.267: tcs3701: stop power rail pending_off timer
01-09 12:13:15.465  1086  1254 D ASH     : @ 969666.267: tcs3701: start power rail timer, state:3
01-09 12:13:15.505  1086  1254 I ASH     : @ 969666.307: tcs3701: stop power rail pending_off timer
01-09 12:13:15.505  1086  1254 D ASH     : @ 969666.307: tcs3701: start power rail timer, state:3
01-09 12:13:15.545  1086  1254 I ASH     : @ 969666.347: tcs3701: stop power rail pending_off timer
01-09 12:13:15.545  1086  1254 D ASH     : @ 969666.347: tcs3701: start power rail timer, state:3
01-09 12:13:15.585  1086  1254 I ASH     : @ 969666.387: tcs3701: stop power rail pending_off timer
01-09 12:13:15.585  1086  1254 D ASH     : @ 969666.387: tcs3701: start power rail timer, state:3
01-09 12:13:15.621 29542 29560 I Unity   : [showcase] drew scene layout: 29 instance(s), rung RawBuffer
01-09 12:13:15.621 29542 29560 I Unity   : UnityEngine.DebugLogHandler:Internal_Log(LogType, LogOption, String, Object)
01-09 12:13:15.621 29542 29560 I Unity   : Driftsys.Dashscene.Samples.DashsceneShowcase:Update()
01-09 12:13:15.621 29542 29560 I Unity   : 
01-09 12:13:15.625  1086  1254 I ASH     : @ 969666.427: tcs3701: stop power rail pending_off timer
01-09 12:13:15.625  1086  1254 D ASH     : @ 969666.427: tcs3701: start power rail timer, state:3
01-09 12:13:15.665  1086  1254 I ASH     : @ 969666.467: tcs3701: stop power rail pending_off timer
01-09 12:13:15.665  1086  1254 D ASH     : @ 969666.467: tcs3701: start power rail timer, state:3
01-09 12:13:15.705  1086  1254 I ASH     : @ 969666.507: tcs3701: stop power rail pending_off timer
01-09 12:13:15.705  1086  1254 D ASH     : @ 969666.507: tcs3701: start power rail timer, state:3
01-09 12:13:15.745  1086  1254 I ASH     : @ 969666.547: tcs3701: stop power rail pending_off timer
01-09 12:13:15.745  1086  1254 D ASH     : @ 969666.547: tcs3701: start power rail timer, state:3
01-09 12:13:15.785  1086  1254 I ASH     : @ 969666.587: tcs3701: stop power rail pending_off timer
01-09 12:13:15.785  1086  1254 D ASH     : @ 969666.587: tcs3701: start power rail timer, state:3
01-09 12:13:15.825  1086  1254 I ASH     : @ 969666.627: tcs3701: stop power rail pending_off timer
01-09 12:13:15.825  1086  1254 D ASH     : @ 969666.627: tcs3701: start power rail timer, state:3
01-09 12:13:15.865  1086  1254 I ASH     : @ 969666.667: tcs3701: stop power rail pending_off timer
01-09 12:13:15.865  1086  1254 D ASH     : @ 969666.667: tcs3701: start power rail timer, state:3
01-09 12:13:15.905  1086  1254 I ASH     : @ 969666.707: tcs3701: stop power rail pending_off timer
01-09 12:13:15.905  1086  1254 D ASH     : @ 969666.707: tcs3701: start power rail timer, state:3
01-09 12:13:15.945  1086  1254 I ASH     : @ 969666.747: tcs3701: stop power rail pending_off timer
01-09 12:13:15.945  1086  1254 D ASH     : @ 969666.747: tcs3701: start power rail timer, state:3
01-09 12:13:15.985  1086  1254 I ASH     : @ 969666.787: tcs3701: stop power rail pending_off timer
01-09 12:13:15.985  1086  1254 D ASH     : @ 969666.787: tcs3701: start power rail timer, state:3
01-09 12:13:16.025  1086  1254 I ASH     : @ 969666.827: tcs3701: stop power rail pending_off timer
01-09 12:13:16.025  1086  1254 D ASH     : @ 969666.827: tcs3701: start power rail timer, state:3
01-09 12:13:16.065  1086  1254 I ASH     : @ 969666.867: tcs3701: stop power rail pending_off timer
01-09 12:13:16.065  1086  1254 D ASH     : @ 969666.867: tcs3701: start power rail timer, state:3
01-09 12:13:16.105  1086  1254 I ASH     : @ 969666.907: tcs3701: stop power rail pending_off timer
01-09 12:13:16.105  1086  1254 D ASH     : @ 969666.907: tcs3701: start power rail timer, state:3
01-09 12:13:16.145  1086  1254 I ASH     : @ 969666.947: tcs3701: stop power rail pending_off timer
01-09 12:13:16.145  1086  1254 D ASH     : @ 969666.947: tcs3701: start power rail timer, state:3
01-09 12:13:16.185  1086  1254 I ASH     : @ 969666.987: tcs3701: stop power rail pending_off timer
01-09 12:13:16.185  1086  1254 D ASH     : @ 969666.987: tcs3701: start power rail timer, state:3
01-09 12:13:16.225  1086  1254 I ASH     : @ 969667.027: tcs3701: stop power rail pending_off timer
01-09 12:13:16.225  1086  1254 D ASH     : @ 969667.027: tcs3701: start power rail timer, state:3
01-09 12:13:16.265  1086  1254 I ASH     : @ 969667.067: tcs3701: stop power rail pending_off timer
01-09 12:13:16.265  1086  1254 D ASH     : @ 969667.067: tcs3701: start power rail timer, state:3
01-09 12:13:16.305  1086  1254 I ASH     : @ 969667.107: tcs3701: stop power rail pending_off timer
01-09 12:13:16.305  1086  1254 D ASH     : @ 969667.107: tcs3701: start power rail timer, state:3
01-09 12:13:16.345  1086  1254 I ASH     : @ 969667.147: tcs3701: stop power rail pending_off timer
01-09 12:13:16.345  1086  1254 D ASH     : @ 969667.147: tcs3701: start power rail timer, state:3
01-09 12:13:16.385  1086  1254 I ASH     : @ 969667.187: tcs3701: stop power rail pending_off timer
01-09 12:13:16.385  1086  1254 D ASH     : @ 969667.187: tcs3701: start power rail timer, state:3
01-09 12:13:16.425  1086  1254 I ASH     : @ 969667.227: tcs3701: stop power rail pending_off timer
01-09 12:13:16.425  1086  1254 D ASH     : @ 969667.227: tcs3701: start power rail timer, state:3
01-09 12:13:16.465  1086  1254 I ASH     : @ 969667.267: tcs3701: stop power rail pending_off timer
01-09 12:13:16.465  1086  1254 D ASH     : @ 969667.267: tcs3701: start power rail timer, state:3
01-09 12:13:16.505  1086  1254 I ASH     : @ 969667.307: tcs3701: stop power rail pending_off timer
01-09 12:13:16.505  1086  1254 D ASH     : @ 969667.307: tcs3701: start power rail timer, state:3
01-09 12:13:16.545  1086  1254 I ASH     : @ 969667.347: tcs3701: stop power rail pending_off timer
01-09 12:13:16.545  1086  1254 D ASH     : @ 969667.347: tcs3701: start power rail timer, state:3
01-09 12:13:16.585  1086  1254 I ASH     : @ 969667.387: tcs3701: stop power rail pending_off timer
01-09 12:13:16.585  1086  1254 D ASH     : @ 969667.387: tcs3701: start power rail timer, state:3
01-09 12:13:16.625  1086  1254 I ASH     : @ 969667.427: tcs3701: stop power rail pending_off timer
01-09 12:13:16.625  1086  1254 D ASH     : @ 969667.427: tcs3701: start power rail timer, state:3
01-09 12:13:16.665  1086  1254 I ASH     : @ 969667.467: tcs3701: stop power rail pending_off timer
01-09 12:13:16.665  1086  1254 D ASH     : @ 969667.467: tcs3701: start power rail timer, state:3
01-09 12:13:16.705  1086  1254 I ASH     : @ 969667.507: tcs3701: stop power rail pending_off timer
01-09 12:13:16.705  1086  1254 D ASH     : @ 969667.507: tcs3701: start power rail timer, state:3
01-09 12:13:16.745  1086  1254 I ASH     : @ 969667.547: tcs3701: stop power rail pending_off timer
01-09 12:13:16.745  1086  1254 D ASH     : @ 969667.547: tcs3701: start power rail timer, state:3
01-09 12:13:16.785  1086  1254 I ASH     : @ 969667.587: tcs3701: stop power rail pending_off timer
01-09 12:13:16.785  1086  1254 D ASH     : @ 969667.587: tcs3701: start power rail timer, state:3
01-09 12:13:16.825  1086  1254 I ASH     : @ 969667.627: tcs3701: stop power rail pending_off timer
01-09 12:13:16.825  1086  1254 D ASH     : @ 969667.627: tcs3701: start power rail timer, state:3
01-09 12:13:16.865  1086  1254 I ASH     : @ 969667.667: tcs3701: stop power rail pending_off timer
01-09 12:13:16.865  1086  1254 D ASH     : @ 969667.667: tcs3701: start power rail timer, state:3
01-09 12:13:16.905  1086  1254 I ASH     : @ 969667.707: tcs3701: stop power rail pending_off timer
01-09 12:13:16.905  1086  1254 D ASH     : @ 969667.707: tcs3701: start power rail timer, state:3
01-09 12:13:16.945  1086  1254 I ASH     : @ 969667.747: tcs3701: stop power rail pending_off timer
01-09 12:13:16.945  1086  1254 D ASH     : @ 969667.747: tcs3701: start power rail timer, state:3
01-09 12:13:16.985  1086  1254 I ASH     : @ 969667.787: tcs3701: stop power rail pending_off timer
01-09 12:13:16.985  1086  1254 D ASH     : @ 969667.787: tcs3701: start power rail timer, state:3
01-09 12:13:17.025  1086  1254 I ASH     : @ 969667.827: tcs3701: stop power rail pending_off timer
01-09 12:13:17.025  1086  1254 D ASH     : @ 969667.827: tcs3701: start power rail timer, state:3
01-09 12:13:17.065  1086  1254 I ASH     : @ 969667.867: tcs3701: stop power rail pending_off timer
01-09 12:13:17.065  1086  1254 D ASH     : @ 969667.867: tcs3701: start power rail timer, state:3
01-09 12:13:17.105  1086  1254 I ASH     : @ 969667.907: tcs3701: stop power rail pending_off timer
01-09 12:13:17.105  1086  1254 D ASH     : @ 969667.907: tcs3701: start power rail timer, state:3
01-09 12:13:17.145  1086  1254 I ASH     : @ 969667.947: tcs3701: stop power rail pending_off timer
01-09 12:13:17.145  1086  1254 D ASH     : @ 969667.947: tcs3701: start power rail timer, state:3
01-09 12:13:17.185  1086  1254 I ASH     : @ 969667.987: tcs3701: stop power rail pending_off timer
01-09 12:13:17.185  1086  1254 D ASH     : @ 969667.987: tcs3701: start power rail timer, state:3
01-09 12:13:17.225  1086  1254 I ASH     : @ 969668.027: tcs3701: stop power rail pending_off timer
01-09 12:13:17.225  1086  1254 D ASH     : @ 969668.027: tcs3701: start power rail timer, state:3
01-09 12:13:17.265  1086  1254 I ASH     : @ 969668.067: tcs3701: stop power rail pending_off timer
01-09 12:13:17.265  1086  1254 D ASH     : @ 969668.067: tcs3701: start power rail timer, state:3
01-09 12:13:17.305  1086  1254 I ASH     : @ 969668.107: tcs3701: stop power rail pending_off timer
01-09 12:13:17.305  1086  1254 D ASH     : @ 969668.107: tcs3701: start power rail timer, state:3
01-09 12:13:17.345  1086  1254 I ASH     : @ 969668.147: tcs3701: stop power rail pending_off timer
01-09 12:13:17.345  1086  1254 D ASH     : @ 969668.147: tcs3701: start power rail timer, state:3
01-09 12:13:17.385  1086  1254 I ASH     : @ 969668.187: tcs3701: stop power rail pending_off timer
01-09 12:13:17.385  1086  1254 D ASH     : @ 969668.187: tcs3701: start power rail timer, state:3
01-09 12:13:17.425  1086  1254 I ASH     : @ 969668.227: tcs3701: stop power rail pending_off timer
01-09 12:13:17.425  1086  1254 D ASH     : @ 969668.227: tcs3701: start power rail timer, state:3
01-09 12:13:17.465  1086  1254 I ASH     : @ 969668.267: tcs3701: stop power rail pending_off timer
01-09 12:13:17.465  1086  1254 D ASH     : @ 969668.267: tcs3701: start power rail timer, state:3
01-09 12:13:17.507  1086  1254 I ASH     : @ 969668.307: tcs3701: stop power rail pending_off timer
01-09 12:13:17.507  1086  1254 D ASH     : @ 969668.307: tcs3701: start power rail timer, state:3
01-09 12:13:17.545  1086  1254 I ASH     : @ 969668.347: tcs3701: stop power rail pending_off timer
01-09 12:13:17.545  1086  1254 D ASH     : @ 969668.347: tcs3701: start power rail timer, state:3
01-09 12:13:17.585  1086  1254 I ASH     : @ 969668.387: tcs3701: stop power rail pending_off timer
01-09 12:13:17.585  1086  1254 D ASH     : @ 969668.387: tcs3701: start power rail timer, state:3
01-09 12:13:17.625  1086  1254 I ASH     : @ 969668.427: tcs3701: stop power rail pending_off timer
01-09 12:13:17.625  1086  1254 D ASH     : @ 969668.427: tcs3701: start power rail timer, state:3
01-09 12:13:17.665  1086  1254 I ASH     : @ 969668.467: tcs3701: stop power rail pending_off timer
01-09 12:13:17.665  1086  1254 D ASH     : @ 969668.467: tcs3701: start power rail timer, state:3
01-09 12:13:17.705  1086  1254 I ASH     : @ 969668.507: tcs3701: stop power rail pending_off timer
01-09 12:13:17.705  1086  1254 D ASH     : @ 969668.507: tcs3701: start power rail timer, state:3
01-09 12:13:17.745  1086  1254 I ASH     : @ 969668.547: tcs3701: stop power rail pending_off timer
01-09 12:13:17.745  1086  1254 D ASH     : @ 969668.547: tcs3701: start power rail timer, state:3
01-09 12:13:17.785  1086  1254 I ASH     : @ 969668.587: tcs3701: stop power rail pending_off timer
01-09 12:13:17.785  1086  1254 D ASH     : @ 969668.587: tcs3701: start power rail timer, state:3
01-09 12:13:17.825  1086  1254 I ASH     : @ 969668.627: tcs3701: stop power rail pending_off timer
01-09 12:13:17.825  1086  1254 D ASH     : @ 969668.627: tcs3701: start power rail timer, state:3
01-09 12:13:17.865  1086  1254 I ASH     : @ 969668.667: tcs3701: stop power rail pending_off timer
01-09 12:13:17.865  1086  1254 D ASH     : @ 969668.667: tcs3701: start power rail timer, state:3
01-09 12:13:17.905  1086  1254 I ASH     : @ 969668.707: tcs3701: stop power rail pending_off timer
01-09 12:13:17.905  1086  1254 D ASH     : @ 969668.707: tcs3701: start power rail timer, state:3
01-09 12:13:17.945  1086  1254 I ASH     : @ 969668.747: tcs3701: stop power rail pending_off timer
01-09 12:13:17.945  1086  1254 D ASH     : @ 969668.747: tcs3701: start power rail timer, state:3
01-09 12:13:17.985  1086  1254 I ASH     : @ 969668.787: tcs3701: stop power rail pending_off timer
01-09 12:13:17.985  1086  1254 D ASH     : @ 969668.787: tcs3701: start power rail timer, state:3
01-09 12:13:18.025  1086  1254 I ASH     : @ 969668.827: tcs3701: stop power rail pending_off timer
01-09 12:13:18.025  1086  1254 D ASH     : @ 969668.827: tcs3701: start power rail timer, state:3
01-09 12:13:18.065  1086  1254 I ASH     : @ 969668.867: tcs3701: stop power rail pending_off timer
01-09 12:13:18.065  1086  1254 D ASH     : @ 969668.867: tcs3701: start power rail timer, state:3
01-09 12:13:18.105  1086  1254 I ASH     : @ 969668.907: tcs3701: stop power rail pending_off timer
01-09 12:13:18.105  1086  1254 D ASH     : @ 969668.907: tcs3701: start power rail timer, state:3
01-09 12:13:18.145  1086  1254 I ASH     : @ 969668.947: tcs3701: stop power rail pending_off timer
01-09 12:13:18.145  1086  1254 D ASH     : @ 969668.947: tcs3701: start power rail timer, state:3
01-09 12:13:18.185  1086  1254 I ASH     : @ 969668.987: tcs3701: stop power rail pending_off timer
01-09 12:13:18.185  1086  1254 D ASH     : @ 969668.987: tcs3701: start power rail timer, state:3
01-09 12:13:18.225  1086  1254 I ASH     : @ 969669.027: tcs3701: stop power rail pending_off timer
01-09 12:13:18.225  1086  1254 D ASH     : @ 969669.027: tcs3701: start power rail timer, state:3
01-09 12:13:18.265  1086  1254 I ASH     : @ 969669.067: tcs3701: stop power rail pending_off timer
01-09 12:13:18.265  1086  1254 D ASH     : @ 969669.067: tcs3701: start power rail timer, state:3
01-09 12:13:18.305  1086  1254 I ASH     : @ 969669.107: tcs3701: stop power rail pending_off timer
01-09 12:13:18.305  1086  1254 D ASH     : @ 969669.107: tcs3701: start power rail timer, state:3
01-09 12:13:18.345  1086  1254 I ASH     : @ 969669.147: tcs3701: stop power rail pending_off timer
01-09 12:13:18.345  1086  1254 D ASH     : @ 969669.147: tcs3701: start power rail timer, state:3
01-09 12:13:18.385  1086  1254 I ASH     : @ 969669.187: tcs3701: stop power rail pending_off timer
01-09 12:13:18.385  1086  1254 D ASH     : @ 969669.187: tcs3701: start power rail timer, state:3
01-09 12:13:18.425  1086  1254 I ASH     : @ 969669.227: tcs3701: stop power rail pending_off timer
01-09 12:13:18.425  1086  1254 D ASH     : @ 969669.227: tcs3701: start power rail timer, state:3
01-09 12:13:18.465  1086  1254 I ASH     : @ 969669.267: tcs3701: stop power rail pending_off timer
01-09 12:13:18.465  1086  1254 D ASH     : @ 969669.267: tcs3701: start power rail timer, state:3
01-09 12:13:18.505  1086  1254 I ASH     : @ 969669.307: tcs3701: stop power rail pending_off timer
01-09 12:13:18.505  1086  1254 D ASH     : @ 969669.307: tcs3701: start power rail timer, state:3
01-09 12:13:18.545  1086  1254 I ASH     : @ 969669.347: tcs3701: stop power rail pending_off timer
01-09 12:13:18.545  1086  1254 D ASH     : @ 969669.347: tcs3701: start power rail timer, state:3
01-09 12:13:18.585  1086  1254 I ASH     : @ 969669.387: tcs3701: stop power rail pending_off timer
01-09 12:13:18.585  1086  1254 D ASH     : @ 969669.387: tcs3701: start power rail timer, state:3
01-09 12:13:18.625  1086  1254 I ASH     : @ 969669.427: tcs3701: stop power rail pending_off timer
01-09 12:13:18.626  1086  1254 D ASH     : @ 969669.427: tcs3701: start power rail timer, state:3
01-09 12:13:18.665  1086  1254 I ASH     : @ 969669.467: tcs3701: stop power rail pending_off timer
01-09 12:13:18.665  1086  1254 D ASH     : @ 969669.467: tcs3701: start power rail timer, state:3
01-09 12:13:18.705  1086  1254 I ASH     : @ 969669.507: tcs3701: stop power rail pending_off timer
01-09 12:13:18.705  1086  1254 D ASH     : @ 969669.507: tcs3701: start power rail timer, state:3
01-09 12:13:18.746  1086  1254 I ASH     : @ 969669.547: tcs3701: stop power rail pending_off timer
01-09 12:13:18.746  1086  1254 D ASH     : @ 969669.547: tcs3701: start power rail timer, state:3
01-09 12:13:18.785  1086  1254 I ASH     : @ 969669.587: tcs3701: stop power rail pending_off timer
01-09 12:13:18.785  1086  1254 D ASH     : @ 969669.587: tcs3701: start power rail timer, state:3
01-09 12:13:18.825  1086  1254 I ASH     : @ 969669.627: tcs3701: stop power rail pending_off timer
01-09 12:13:18.825  1086  1254 D ASH     : @ 969669.627: tcs3701: start power rail timer, state:3
01-09 12:13:18.865  1086  1254 I ASH     : @ 969669.667: tcs3701: stop power rail pending_off timer
01-09 12:13:18.865  1086  1254 D ASH     : @ 969669.667: tcs3701: start power rail timer, state:3
01-09 12:13:18.905  1086  1254 I ASH     : @ 969669.707: tcs3701: stop power rail pending_off timer
01-09 12:13:18.905  1086  1254 D ASH     : @ 969669.707: tcs3701: start power rail timer, state:3
01-09 12:13:18.945  1086  1254 I ASH     : @ 969669.747: tcs3701: stop power rail pending_off timer
01-09 12:13:18.945  1086  1254 D ASH     : @ 969669.747: tcs3701: start power rail timer, state:3
01-09 12:13:18.985  1086  1254 I ASH     : @ 969669.787: tcs3701: stop power rail pending_off timer
01-09 12:13:18.985  1086  1254 D ASH     : @ 969669.787: tcs3701: start power rail timer, state:3
01-09 12:13:19.025  1086  1254 I ASH     : @ 969669.827: tcs3701: stop power rail pending_off timer
01-09 12:13:19.025  1086  1254 D ASH     : @ 969669.827: tcs3701: start power rail timer, state:3
01-09 12:13:19.065  1086  1254 I ASH     : @ 969669.867: tcs3701: stop power rail pending_off timer
01-09 12:13:19.065  1086  1254 D ASH     : @ 969669.867: tcs3701: start power rail timer, state:3
01-09 12:13:19.105  1086  1254 I ASH     : @ 969669.907: tcs3701: stop power rail pending_off timer
01-09 12:13:19.105  1086  1254 D ASH     : @ 969669.907: tcs3701: start power rail timer, state:3
01-09 12:13:19.145  1086  1254 I ASH     : @ 969669.947: tcs3701: stop power rail pending_off timer
01-09 12:13:19.145  1086  1254 D ASH     : @ 969669.947: tcs3701: start power rail timer, state:3
01-09 12:13:19.185  1086  1254 I ASH     : @ 969669.987: tcs3701: stop power rail pending_off timer
01-09 12:13:19.185  1086  1254 D ASH     : @ 969669.987: tcs3701: start power rail timer, state:3
01-09 12:13:19.225  1086  1254 I ASH     : @ 969670.027: tcs3701: stop power rail pending_off timer
01-09 12:13:19.225  1086  1254 D ASH     : @ 969670.027: tcs3701: start power rail timer, state:3
01-09 12:13:19.265  1086  1254 I ASH     : @ 969670.067: tcs3701: stop power rail pending_off timer
01-09 12:13:19.265  1086  1254 D ASH     : @ 969670.067: tcs3701: start power rail timer, state:3
01-09 12:13:19.305  1086  1254 I ASH     : @ 969670.107: tcs3701: stop power rail pending_off timer
01-09 12:13:19.305  1086  1254 D ASH     : @ 969670.107: tcs3701: start power rail timer, state:3
01-09 12:13:19.345  1086  1254 I ASH     : @ 969670.147: tcs3701: stop power rail pending_off timer
01-09 12:13:19.345  1086  1254 D ASH     : @ 969670.147: tcs3701: start power rail timer, state:3
01-09 12:13:19.385  1086  1254 I ASH     : @ 969670.187: tcs3701: stop power rail pending_off timer
01-09 12:13:19.386  1086  1254 D ASH     : @ 969670.187: tcs3701: start power rail timer, state:3
01-09 12:13:19.425  1086  1254 I ASH     : @ 969670.227: tcs3701: stop power rail pending_off timer
01-09 12:13:19.425  1086  1254 D ASH     : @ 969670.227: tcs3701: start power rail timer, state:3
01-09 12:13:19.465  1086  1254 I ASH     : @ 969670.267: tcs3701: stop power rail pending_off timer
01-09 12:13:19.465  1086  1254 D ASH     : @ 969670.267: tcs3701: start power rail timer, state:3
01-09 12:13:19.505  1086  1254 I ASH     : @ 969670.307: tcs3701: stop power rail pending_off timer
01-09 12:13:19.505  1086  1254 D ASH     : @ 969670.307: tcs3701: start power rail timer, state:3
01-09 12:13:19.545  1086  1254 I ASH     : @ 969670.347: tcs3701: stop power rail pending_off timer
01-09 12:13:19.545  1086  1254 D ASH     : @ 969670.347: tcs3701: start power rail timer, state:3
01-09 12:13:19.585  1086  1254 I ASH     : @ 969670.387: tcs3701: stop power rail pending_off timer
01-09 12:13:19.585  1086  1254 D ASH     : @ 969670.387: tcs3701: start power rail timer, state:3
01-09 12:13:19.625  1086  1254 I ASH     : @ 969670.427: tcs3701: stop power rail pending_off timer
01-09 12:13:19.625  1086  1254 D ASH     : @ 969670.427: tcs3701: start power rail timer, state:3
01-09 12:13:19.626  2565  2565 D DLObserver: onReceive(); android.intent.action.BATTERY_CHANGED
01-09 12:13:19.626  2565  2565 D DLObserver: plugged=1
01-09 12:13:19.629  2565  2565 I ReverseChargingControl: handleIntentForReverseCharging(): rtx=0 wlc=0 plgac=1 ac=1 acrtx=0 extra=1 this=com.google.android.systemui.reversecharging.ReverseChargingController@6510945
01-09 12:13:19.629  2565  2565 D PowerNotificationWarningsGoogleImpl: onReceive: android.intent.action.BATTERY_CHANGED
01-09 12:13:19.629  2565  2565 D BatteryDefenderNotification: isPlugged: true | isBatteryDefender: false | defenderEnabled: false | isCharged: true | isPluggedInDock: false
01-09 12:13:19.630  2565  2565 D IncompatibleChargerNotification: dispatchIntent: android.intent.action.BATTERY_CHANGED
01-09 12:13:19.631  2837  2837 V DeviceStatisticsService: chargerType=1 batteryLevel=100 totalBatteryCapacity=4129000
01-09 12:13:19.634  2565  6390 D PowerUI : can't show warning due to - plugged: true status unknown: false
01-09 12:13:19.665  1086  1254 I ASH     : @ 969670.467: tcs3701: stop power rail pending_off timer
01-09 12:13:19.665  1086  1254 D ASH     : @ 969670.467: tcs3701: start power rail timer, state:3
01-09 12:13:19.705  1086  1254 I ASH     : @ 969670.507: tcs3701: stop power rail pending_off timer
01-09 12:13:19.705  1086  1254 D ASH     : @ 969670.507: tcs3701: start power rail timer, state:3
01-09 12:13:19.745  1086  1254 I ASH     : @ 969670.547: tcs3701: stop power rail pending_off timer
01-09 12:13:19.745  1086  1254 D ASH     : @ 969670.547: tcs3701: start power rail timer, state:3
01-09 12:13:19.785  1086  1254 I ASH     : @ 969670.587: tcs3701: stop power rail pending_off timer
01-09 12:13:19.785  1086  1254 D ASH     : @ 969670.587: tcs3701: start power rail timer, state:3
01-09 12:13:19.825  1086  1254 I ASH     : @ 969670.627: tcs3701: stop power rail pending_off timer
01-09 12:13:19.825  1086  1254 D ASH     : @ 969670.627: tcs3701: start power rail timer, state:3
01-09 12:13:19.865  1086  1254 I ASH     : @ 969670.667: tcs3701: stop power rail pending_off timer
01-09 12:13:19.865  1086  1254 D ASH     : @ 969670.667: tcs3701: start power rail timer, state:3
01-09 12:13:19.905  1086  1254 I ASH     : @ 969670.707: tcs3701: stop power rail pending_off timer
01-09 12:13:19.905  1086  1254 D ASH     : @ 969670.707: tcs3701: start power rail timer, state:3
01-09 12:13:19.945  1086  1254 I ASH     : @ 969670.747: tcs3701: stop power rail pending_off timer
01-09 12:13:19.945  1086  1254 D ASH     : @ 969670.747: tcs3701: start power rail timer, state:3
01-09 12:13:19.985  1086  1254 I ASH     : @ 969670.787: tcs3701: stop power rail pending_off timer
01-09 12:13:19.985  1086  1254 D ASH     : @ 969670.787: tcs3701: start power rail timer, state:3
01-09 12:13:20.025  1086  1254 I ASH     : @ 969670.827: tcs3701: stop power rail pending_off timer
01-09 12:13:20.025  1086  1254 D ASH     : @ 969670.827: tcs3701: start power rail timer, state:3
01-09 12:13:20.065  1086  1254 I ASH     : @ 969670.867: tcs3701: stop power rail pending_off timer
01-09 12:13:20.065  1086  1254 D ASH     : @ 969670.867: tcs3701: start power rail timer, state:3
01-09 12:13:20.105  1086  1254 I ASH     : @ 969670.907: tcs3701: stop power rail pending_off timer
01-09 12:13:20.105  1086  1254 D ASH     : @ 969670.907: tcs3701: start power rail timer, state:3
01-09 12:13:20.145  1086  1254 I ASH     : @ 969670.947: tcs3701: stop power rail pending_off timer
01-09 12:13:20.145  1086  1254 D ASH     : @ 969670.947: tcs3701: start power rail timer, state:3
01-09 12:13:20.153  1122  1183 D rlsservice: MonitorDisplayStatus client num 0, display status 1, sensor status 0
01-09 12:13:20.185  1086  1254 I ASH     : @ 969670.987: tcs3701: stop power rail pending_off timer
01-09 12:13:20.185  1086  1254 D ASH     : @ 969670.987: tcs3701: start power rail timer, state:3
01-09 12:13:20.225  1086  1254 I ASH     : @ 969671.027: tcs3701: stop power rail pending_off timer
01-09 12:13:20.225  1086  1254 D ASH     : @ 969671.027: tcs3701: start power rail timer, state:3
01-09 12:13:20.265  1086  1254 I ASH     : @ 969671.067: tcs3701: stop power rail pending_off timer
01-09 12:13:20.265  1086  1254 D ASH     : @ 969671.067: tcs3701: start power rail timer, state:3
01-09 12:13:20.305  1086  1254 I ASH     : @ 969671.107: tcs3701: stop power rail pending_off timer
01-09 12:13:20.305  1086  1254 D ASH     : @ 969671.107: tcs3701: start power rail timer, state:3
01-09 12:13:20.348  1086  1254 I ASH     : @ 969671.147: tcs3701: stop power rail pending_off timer
01-09 12:13:20.348  1086  1254 D ASH     : @ 969671.147: tcs3701: start power rail timer, state:3
01-09 12:13:20.385  1086  1254 I ASH     : @ 969671.187: tcs3701: stop power rail pending_off timer
01-09 12:13:20.385  1086  1254 D ASH     : @ 969671.187: tcs3701: start power rail timer, state:3
01-09 12:13:20.425  1086  1254 I ASH     : @ 969671.227: tcs3701: stop power rail pending_off timer
01-09 12:13:20.425  1086  1254 D ASH     : @ 969671.227: tcs3701: start power rail timer, state:3
01-09 12:13:20.465  1086  1254 I ASH     : @ 969671.267: tcs3701: stop power rail pending_off timer
01-09 12:13:20.465  1086  1254 D ASH     : @ 969671.267: tcs3701: start power rail timer, state:3
01-09 12:13:20.505  1086  1254 I ASH     : @ 969671.307: tcs3701: stop power rail pending_off timer
01-09 12:13:20.505  1086  1254 D ASH     : @ 969671.307: tcs3701: start power rail timer, state:3
01-09 12:13:20.545  1086  1254 I ASH     : @ 969671.347: tcs3701: stop power rail pending_off timer
01-09 12:13:20.546  1086  1254 D ASH     : @ 969671.347: tcs3701: start power rail timer, state:3
01-09 12:13:20.585  1086  1254 I ASH     : @ 969671.387: tcs3701: stop power rail pending_off timer
01-09 12:13:20.585  1086  1254 D ASH     : @ 969671.387: tcs3701: start power rail timer, state:3
01-09 12:13:20.625  1086  1254 I ASH     : @ 969671.427: tcs3701: stop power rail pending_off timer
01-09 12:13:20.625  1086  1254 D ASH     : @ 969671.427: tcs3701: start power rail timer, state:3
01-09 12:13:20.665  1086  1254 I ASH     : @ 969671.467: tcs3701: stop power rail pending_off timer
01-09 12:13:20.665  1086  1254 D ASH     : @ 969671.467: tcs3701: start power rail timer, state:3
01-09 12:13:20.705  1086  1254 I ASH     : @ 969671.507: tcs3701: stop power rail pending_off timer
01-09 12:13:20.705  1086  1254 D ASH     : @ 969671.507: tcs3701: start power rail timer, state:3
01-09 12:13:20.745  1086  1254 I ASH     : @ 969671.547: tcs3701: stop power rail pending_off timer
01-09 12:13:20.745  1086  1254 D ASH     : @ 969671.547: tcs3701: start power rail timer, state:3
01-09 12:13:20.785  1086  1254 I ASH     : @ 969671.587: tcs3701: stop power rail pending_off timer
01-09 12:13:20.785  1086  1254 D ASH     : @ 969671.587: tcs3701: start power rail timer, state:3
01-09 12:13:20.825  1086  1254 I ASH     : @ 969671.627: tcs3701: stop power rail pending_off timer
01-09 12:13:20.825  1086  1254 D ASH     : @ 969671.627: tcs3701: start power rail timer, state:3
01-09 12:13:20.865  1086  1254 I ASH     : @ 969671.667: tcs3701: stop power rail pending_off timer
01-09 12:13:20.865  1086  1254 D ASH     : @ 969671.667: tcs3701: start power rail timer, state:3
01-09 12:13:20.905  1086  1254 I ASH     : @ 969671.707: tcs3701: stop power rail pending_off timer
01-09 12:13:20.905  1086  1254 D ASH     : @ 969671.707: tcs3701: start power rail timer, state:3
01-09 12:13:20.945  1086  1254 I ASH     : @ 969671.747: tcs3701: stop power rail pending_off timer
01-09 12:13:20.945  1086  1254 D ASH     : @ 969671.747: tcs3701: start power rail timer, state:3
01-09 12:13:20.985  1086  1254 I ASH     : @ 969671.787: tcs3701: stop power rail pending_off timer
01-09 12:13:20.985  1086  1254 D ASH     : @ 969671.787: tcs3701: start power rail timer, state:3
01-09 12:13:21.025  1086  1254 I ASH     : @ 969671.827: tcs3701: stop power rail pending_off timer
01-09 12:13:21.025  1086  1254 D ASH     : @ 969671.827: tcs3701: start power rail timer, state:3
01-09 12:13:21.065  1086  1254 I ASH     : @ 969671.867: tcs3701: stop power rail pending_off timer
01-09 12:13:21.065  1086  1254 D ASH     : @ 969671.867: tcs3701: start power rail timer, state:3
01-09 12:13:21.105  1086  1254 I ASH     : @ 969671.907: tcs3701: stop power rail pending_off timer
01-09 12:13:21.105  1086  1254 D ASH     : @ 969671.907: tcs3701: start power rail timer, state:3
01-09 12:13:21.145  1086  1254 I ASH     : @ 969671.947: tcs3701: stop power rail pending_off timer
01-09 12:13:21.145  1086  1254 D ASH     : @ 969671.947: tcs3701: start power rail timer, state:3
01-09 12:13:21.185  1086  1254 I ASH     : @ 969671.987: tcs3701: stop power rail pending_off timer
01-09 12:13:21.185  1086  1254 D ASH     : @ 969671.987: tcs3701: start power rail timer, state:3
01-09 12:13:21.225  1086  1254 I ASH     : @ 969672.027: tcs3701: stop power rail pending_off timer
01-09 12:13:21.226  1086  1254 D ASH     : @ 969672.027: tcs3701: start power rail timer, state:3
01-09 12:13:21.265  1086  1254 I ASH     : @ 969672.067: tcs3701: stop power rail pending_off timer
01-09 12:13:21.265  1086  1254 D ASH     : @ 969672.067: tcs3701: start power rail timer, state:3
01-09 12:13:21.305  1086  1254 I ASH     : @ 969672.107: tcs3701: stop power rail pending_off timer
01-09 12:13:21.305  1086  1254 D ASH     : @ 969672.107: tcs3701: start power rail timer, state:3
01-09 12:13:21.345  1086  1254 I ASH     : @ 969672.147: tcs3701: stop power rail pending_off timer
01-09 12:13:21.345  1086  1254 D ASH     : @ 969672.147: tcs3701: start power rail timer, state:3
01-09 12:13:21.385  1086  1254 I ASH     : @ 969672.187: tcs3701: stop power rail pending_off timer
01-09 12:13:21.385  1086  1254 D ASH     : @ 969672.187: tcs3701: start power rail timer, state:3
01-09 12:13:21.425  1086  1254 I ASH     : @ 969672.227: tcs3701: stop power rail pending_off timer
01-09 12:13:21.425  1086  1254 D ASH     : @ 969672.227: tcs3701: start power rail timer, state:3
01-09 12:13:21.465  1086  1254 I ASH     : @ 969672.267: tcs3701: stop power rail pending_off timer
01-09 12:13:21.465  1086  1254 D ASH     : @ 969672.267: tcs3701: start power rail timer, state:3
01-09 12:13:21.505  1086  1254 I ASH     : @ 969672.307: tcs3701: stop power rail pending_off timer
01-09 12:13:21.505  1086  1254 D ASH     : @ 969672.307: tcs3701: start power rail timer, state:3
01-09 12:13:21.545  1086  1254 I ASH     : @ 969672.347: tcs3701: stop power rail pending_off timer
01-09 12:13:21.546  1086  1254 D ASH     : @ 969672.347: tcs3701: start power rail timer, state:3
01-09 12:13:21.585  1086  1254 I ASH     : @ 969672.387: tcs3701: stop power rail pending_off timer
01-09 12:13:21.585  1086  1254 D ASH     : @ 969672.387: tcs3701: start power rail timer, state:3
01-09 12:13:21.625  1086  1254 I ASH     : @ 969672.427: tcs3701: stop power rail pending_off timer
01-09 12:13:21.625  1086  1254 D ASH     : @ 969672.427: tcs3701: start power rail timer, state:3
01-09 12:13:21.665  1086  1254 I ASH     : @ 969672.467: tcs3701: stop power rail pending_off timer
01-09 12:13:21.665  1086  1254 D ASH     : @ 969672.467: tcs3701: start power rail timer, state:3
01-09 12:13:21.705  1086  1254 I ASH     : @ 969672.507: tcs3701: stop power rail pending_off timer
01-09 12:13:21.705  1086  1254 D ASH     : @ 969672.507: tcs3701: start power rail timer, state:3
01-09 12:13:21.745  1086  1254 I ASH     : @ 969672.547: tcs3701: stop power rail pending_off timer
01-09 12:13:21.745  1086  1254 D ASH     : @ 969672.547: tcs3701: start power rail timer, state:3
01-09 12:13:21.786  1086  1254 I ASH     : @ 969672.587: tcs3701: stop power rail pending_off timer
01-09 12:13:21.786  1086  1254 D ASH     : @ 969672.587: tcs3701: start power rail timer, state:3
01-09 12:13:21.825  1086  1254 I ASH     : @ 969672.627: tcs3701: stop power rail pending_off timer
01-09 12:13:21.825  1086  1254 D ASH     : @ 969672.627: tcs3701: start power rail timer, state:3
01-09 12:13:21.865  1086  1254 I ASH     : @ 969672.667: tcs3701: stop power rail pending_off timer
01-09 12:13:21.865  1086  1254 D ASH     : @ 969672.667: tcs3701: start power rail timer, state:3
01-09 12:13:21.905  1086  1254 I ASH     : @ 969672.707: tcs3701: stop power rail pending_off timer
01-09 12:13:21.905  1086  1254 D ASH     : @ 969672.707: tcs3701: start power rail timer, state:3
01-09 12:13:21.945  1086  1254 I ASH     : @ 969672.747: tcs3701: stop power rail pending_off timer
01-09 12:13:21.945  1086  1254 D ASH     : @ 969672.747: tcs3701: start power rail timer, state:3
01-09 12:13:21.985  1086  1254 I ASH     : @ 969672.787: tcs3701: stop power rail pending_off timer
01-09 12:13:21.985  1086  1254 D ASH     : @ 969672.787: tcs3701: start power rail timer, state:3
01-09 12:13:22.025  1086  1254 I ASH     : @ 969672.827: tcs3701: stop power rail pending_off timer
01-09 12:13:22.025  1086  1254 D ASH     : @ 969672.827: tcs3701: start power rail timer, state:3
01-09 12:13:22.065  1086  1254 I ASH     : @ 969672.867: tcs3701: stop power rail pending_off timer
01-09 12:13:22.065  1086  1254 D ASH     : @ 969672.867: tcs3701: start power rail timer, state:3
01-09 12:13:22.105  1086  1254 I ASH     : @ 969672.907: tcs3701: stop power rail pending_off timer
01-09 12:13:22.105  1086  1254 D ASH     : @ 969672.907: tcs3701: start power rail timer, state:3
01-09 12:13:22.146  1086  1254 I ASH     : @ 969672.947: tcs3701: stop power rail pending_off timer
01-09 12:13:22.146  1086  1254 D ASH     : @ 969672.947: tcs3701: start power rail timer, state:3
01-09 12:13:22.185  1086  1254 I ASH     : @ 969672.987: tcs3701: stop power rail pending_off timer
01-09 12:13:22.185  1086  1254 D ASH     : @ 969672.987: tcs3701: start power rail timer, state:3
01-09 12:13:22.225  1086  1254 I ASH     : @ 969673.027: tcs3701: stop power rail pending_off timer
01-09 12:13:22.225  1086  1254 D ASH     : @ 969673.027: tcs3701: start power rail timer, state:3
01-09 12:13:22.265  1086  1254 I ASH     : @ 969673.067: tcs3701: stop power rail pending_off timer
01-09 12:13:22.265  1086  1254 D ASH     : @ 969673.067: tcs3701: start power rail timer, state:3
01-09 12:13:22.305  1086  1254 I ASH     : @ 969673.107: tcs3701: stop power rail pending_off timer
01-09 12:13:22.305  1086  1254 D ASH     : @ 969673.107: tcs3701: start power rail timer, state:3
01-09 12:13:22.346  1086  1254 I ASH     : @ 969673.147: tcs3701: stop power rail pending_off timer
01-09 12:13:22.346  1086  1254 D ASH     : @ 969673.147: tcs3701: start power rail timer, state:3
01-09 12:13:22.385  1086  1254 I ASH     : @ 969673.187: tcs3701: stop power rail pending_off timer
01-09 12:13:22.385  1086  1254 D ASH     : @ 969673.187: tcs3701: start power rail timer, state:3
01-09 12:13:22.425  1086  1254 I ASH     : @ 969673.227: tcs3701: stop power rail pending_off timer
01-09 12:13:22.425  1086  1254 D ASH     : @ 969673.227: tcs3701: start power rail timer, state:3
01-09 12:13:22.465  1086  1254 I ASH     : @ 969673.267: tcs3701: stop power rail pending_off timer
01-09 12:13:22.465  1086  1254 D ASH     : @ 969673.267: tcs3701: start power rail timer, state:3
01-09 12:13:22.505  1086  1254 I ASH     : @ 969673.307: tcs3701: stop power rail pending_off timer
01-09 12:13:22.505  1086  1254 D ASH     : @ 969673.307: tcs3701: start power rail timer, state:3
01-09 12:13:22.545  1086  1254 I ASH     : @ 969673.347: tcs3701: stop power rail pending_off timer
01-09 12:13:22.545  1086  1254 D ASH     : @ 969673.347: tcs3701: start power rail timer, state:3
01-09 12:13:22.585  1086  1254 I ASH     : @ 969673.387: tcs3701: stop power rail pending_off timer
01-09 12:13:22.585  1086  1254 D ASH     : @ 969673.387: tcs3701: start power rail timer, state:3
01-09 12:13:22.625  1086  1254 I ASH     : @ 969673.427: tcs3701: stop power rail pending_off timer
01-09 12:13:22.625  1086  1254 D ASH     : @ 969673.427: tcs3701: start power rail timer, state:3
01-09 12:13:22.665  1086  1254 I ASH     : @ 969673.467: tcs3701: stop power rail pending_off timer
01-09 12:13:22.665  1086  1254 D ASH     : @ 969673.467: tcs3701: start power rail timer, state:3
01-09 12:13:22.705  1086  1254 I ASH     : @ 969673.507: tcs3701: stop power rail pending_off timer
01-09 12:13:22.705  1086  1254 D ASH     : @ 969673.507: tcs3701: start power rail timer, state:3
01-09 12:13:22.745  1086  1254 I ASH     : @ 969673.547: tcs3701: stop power rail pending_off timer
01-09 12:13:22.745  1086  1254 D ASH     : @ 969673.547: tcs3701: start power rail timer, state:3
01-09 12:13:22.785  1086  1254 I ASH     : @ 969673.587: tcs3701: stop power rail pending_off timer
01-09 12:13:22.785  1086  1254 D ASH     : @ 969673.587: tcs3701: start power rail timer, state:3
01-09 12:13:22.825  1086  1254 I ASH     : @ 969673.627: tcs3701: stop power rail pending_off timer
01-09 12:13:22.825  1086  1254 D ASH     : @ 969673.627: tcs3701: start power rail timer, state:3
01-09 12:13:22.865  1086  1254 I ASH     : @ 969673.667: tcs3701: stop power rail pending_off timer
01-09 12:13:22.865  1086  1254 D ASH     : @ 969673.667: tcs3701: start power rail timer, state:3
01-09 12:13:22.905  1086  1254 I ASH     : @ 969673.707: tcs3701: stop power rail pending_off timer
01-09 12:13:22.905  1086  1254 D ASH     : @ 969673.707: tcs3701: start power rail timer, state:3
01-09 12:13:22.945  1086  1254 I ASH     : @ 969673.747: tcs3701: stop power rail pending_off timer
01-09 12:13:22.945  1086  1254 D ASH     : @ 969673.747: tcs3701: start power rail timer, state:3
01-09 12:13:22.985  1086  1254 I ASH     : @ 969673.787: tcs3701: stop power rail pending_off timer
01-09 12:13:22.985  1086  1254 D ASH     : @ 969673.787: tcs3701: start power rail timer, state:3
01-09 12:13:23.025  1086  1254 I ASH     : @ 969673.827: tcs3701: stop power rail pending_off timer
01-09 12:13:23.025  1086  1254 D ASH     : @ 969673.827: tcs3701: start power rail timer, state:3
01-09 12:13:23.065  1086  1254 I ASH     : @ 969673.867: tcs3701: stop power rail pending_off timer
01-09 12:13:23.065  1086  1254 D ASH     : @ 969673.867: tcs3701: start power rail timer, state:3
01-09 12:13:23.105  1086  1254 I ASH     : @ 969673.907: tcs3701: stop power rail pending_off timer
01-09 12:13:23.105  1086  1254 D ASH     : @ 969673.907: tcs3701: start power rail timer, state:3
01-09 12:13:23.145  1086  1254 I ASH     : @ 969673.947: tcs3701: stop power rail pending_off timer
01-09 12:13:23.145  1086  1254 D ASH     : @ 969673.947: tcs3701: start power rail timer, state:3
01-09 12:13:23.185  1086  1254 I ASH     : @ 969673.987: tcs3701: stop power rail pending_off timer
01-09 12:13:23.185  1086  1254 D ASH     : @ 969673.987: tcs3701: start power rail timer, state:3
01-09 12:13:23.225  1086  1254 I ASH     : @ 969674.027: tcs3701: stop power rail pending_off timer
01-09 12:13:23.225  1086  1254 D ASH     : @ 969674.027: tcs3701: start power rail timer, state:3
01-09 12:13:23.265  1086  1254 I ASH     : @ 969674.067: tcs3701: stop power rail pending_off timer
01-09 12:13:23.265  1086  1254 D ASH     : @ 969674.067: tcs3701: start power rail timer, state:3
01-09 12:13:23.305  1086  1254 I ASH     : @ 969674.107: tcs3701: stop power rail pending_off timer
01-09 12:13:23.305  1086  1254 D ASH     : @ 969674.107: tcs3701: start power rail timer, state:3
01-09 12:13:23.345  1086  1254 I ASH     : @ 969674.147: tcs3701: stop power rail pending_off timer
01-09 12:13:23.345  1086  1254 D ASH     : @ 969674.147: tcs3701: start power rail timer, state:3
01-09 12:13:23.385  1086  1254 I ASH     : @ 969674.187: tcs3701: stop power rail pending_off timer
01-09 12:13:23.385  1086  1254 D ASH     : @ 969674.187: tcs3701: start power rail timer, state:3
01-09 12:13:23.425  1086  1254 I ASH     : @ 969674.227: tcs3701: stop power rail pending_off timer
01-09 12:13:23.425  1086  1254 D ASH     : @ 969674.227: tcs3701: start power rail timer, state:3
01-09 12:13:23.465  1086  1254 I ASH     : @ 969674.267: tcs3701: stop power rail pending_off timer
01-09 12:13:23.465  1086  1254 D ASH     : @ 969674.267: tcs3701: start power rail timer, state:3
01-09 12:13:23.505  1086  1254 I ASH     : @ 969674.307: tcs3701: stop power rail pending_off timer
01-09 12:13:23.505  1086  1254 D ASH     : @ 969674.307: tcs3701: start power rail timer, state:3
01-09 12:13:23.545  1086  1254 I ASH     : @ 969674.347: tcs3701: stop power rail pending_off timer
01-09 12:13:23.545  1086  1254 D ASH     : @ 969674.347: tcs3701: start power rail timer, state:3
01-09 12:13:23.579 29542 29560 I Unity   : [showcase] frame cost — scene layout at 1080x2340 over 240 frames — tick 0.05 ms, draw mean 0.19 p50 0.19 p95 0.24 max 0.31 ms (4282.4 fps if unpaced)
01-09 12:13:23.579 29542 29560 I Unity   : UnityEngine.DebugLogHandler:Internal_Log(LogType, LogOption, String, Object)
01-09 12:13:23.579 29542 29560 I Unity   : Driftsys.Dashscene.Samples.DashsceneShowcase:Update()
01-09 12:13:23.579 29542 29560 I Unity   : 
01-09 12:13:23.585  1086  1254 I ASH     : @ 969674.387: tcs3701: stop power rail pending_off timer
01-09 12:13:23.585  1086  1254 D ASH     : @ 969674.387: tcs3701: start power rail timer, state:3
01-09 12:13:23.625  1086  1254 I ASH     : @ 969674.427: tcs3701: stop power rail pending_off timer
01-09 12:13:23.625  1086  1254 D ASH     : @ 969674.427: tcs3701: start power rail timer, state:3
01-09 12:13:23.665  1086  1254 I ASH     : @ 969674.467: tcs3701: stop power rail pending_off timer
01-09 12:13:23.665  1086  1254 D ASH     : @ 969674.467: tcs3701: start power rail timer, state:3
01-09 12:13:23.705  1086  1254 I ASH     : @ 969674.507: tcs3701: stop power rail pending_off timer
01-09 12:13:23.705  1086  1254 D ASH     : @ 969674.507: tcs3701: start power rail timer, state:3
01-09 12:13:23.745  1086  1254 I ASH     : @ 969674.547: tcs3701: stop power rail pending_off timer
01-09 12:13:23.745  1086  1254 D ASH     : @ 969674.547: tcs3701: start power rail timer, state:3
01-09 12:13:23.785  1086  1254 I ASH     : @ 969674.587: tcs3701: stop power rail pending_off timer
01-09 12:13:23.785  1086  1254 D ASH     : @ 969674.587: tcs3701: start power rail timer, state:3
01-09 12:13:23.825  1086  1254 I ASH     : @ 969674.627: tcs3701: stop power rail pending_off timer
01-09 12:13:23.825  1086  1254 D ASH     : @ 969674.627: tcs3701: start power rail timer, state:3
01-09 12:13:23.865  1086  1254 I ASH     : @ 969674.667: tcs3701: stop power rail pending_off timer
01-09 12:13:23.866  1086  1254 D ASH     : @ 969674.667: tcs3701: start power rail timer, state:3
01-09 12:13:23.905  1086  1254 I ASH     : @ 969674.707: tcs3701: stop power rail pending_off timer
01-09 12:13:23.905  1086  1254 D ASH     : @ 969674.707: tcs3701: start power rail timer, state:3
01-09 12:13:23.945  1086  1254 I ASH     : @ 969674.747: tcs3701: stop power rail pending_off timer
01-09 12:13:23.945  1086  1254 D ASH     : @ 969674.747: tcs3701: start power rail timer, state:3
01-09 12:13:23.985  1086  1254 I ASH     : @ 969674.787: tcs3701: stop power rail pending_off timer
01-09 12:13:23.985  1086  1254 D ASH     : @ 969674.787: tcs3701: start power rail timer, state:3
01-09 12:13:24.026  1086  1254 I ASH     : @ 969674.827: tcs3701: stop power rail pending_off timer
01-09 12:13:24.026  1086  1254 D ASH     : @ 969674.827: tcs3701: start power rail timer, state:3
01-09 12:13:24.065  1086  1254 I ASH     : @ 969674.867: tcs3701: stop power rail pending_off timer
01-09 12:13:24.065  1086  1254 D ASH     : @ 969674.867: tcs3701: start power rail timer, state:3
01-09 12:13:24.105  1086  1254 I ASH     : @ 969674.907: tcs3701: stop power rail pending_off timer
01-09 12:13:24.105  1086  1254 D ASH     : @ 969674.907: tcs3701: start power rail timer, state:3
01-09 12:13:24.145  1086  1254 I ASH     : @ 969674.947: tcs3701: stop power rail pending_off timer
01-09 12:13:24.145  1086  1254 D ASH     : @ 969674.947: tcs3701: start power rail timer, state:3
01-09 12:13:24.185  1086  1254 I ASH     : @ 969674.987: tcs3701: stop power rail pending_off timer
01-09 12:13:24.185  1086  1254 D ASH     : @ 969674.987: tcs3701: start power rail timer, state:3
01-09 12:13:24.225  1086  1254 I ASH     : @ 969675.027: tcs3701: stop power rail pending_off timer
01-09 12:13:24.225  1086  1254 D ASH     : @ 969675.027: tcs3701: start power rail timer, state:3
01-09 12:13:24.265  1086  1254 I ASH     : @ 969675.067: tcs3701: stop power rail pending_off timer
01-09 12:13:24.265  1086  1254 D ASH     : @ 969675.067: tcs3701: start power rail timer, state:3
01-09 12:13:24.305  1086  1254 I ASH     : @ 969675.107: tcs3701: stop power rail pending_off timer
01-09 12:13:24.305  1086  1254 D ASH     : @ 969675.107: tcs3701: start power rail timer, state:3
01-09 12:13:24.345  1086  1254 I ASH     : @ 969675.147: tcs3701: stop power rail pending_off timer
01-09 12:13:24.345  1086  1254 D ASH     : @ 969675.147: tcs3701: start power rail timer, state:3
01-09 12:13:24.385  1086  1254 I ASH     : @ 969675.187: tcs3701: stop power rail pending_off timer
01-09 12:13:24.385  1086  1254 D ASH     : @ 969675.187: tcs3701: start power rail timer, state:3
01-09 12:13:24.425  1086  1254 I ASH     : @ 969675.227: tcs3701: stop power rail pending_off timer
01-09 12:13:24.425  1086  1254 D ASH     : @ 969675.227: tcs3701: start power rail timer, state:3
01-09 12:13:24.465  1086  1254 I ASH     : @ 969675.267: tcs3701: stop power rail pending_off timer
01-09 12:13:24.465  1086  1254 D ASH     : @ 969675.267: tcs3701: start power rail timer, state:3
01-09 12:13:24.505  1086  1254 I ASH     : @ 969675.307: tcs3701: stop power rail pending_off timer
01-09 12:13:24.505  1086  1254 D ASH     : @ 969675.307: tcs3701: start power rail timer, state:3
01-09 12:13:24.545  1086  1254 I ASH     : @ 969675.347: tcs3701: stop power rail pending_off timer
01-09 12:13:24.545  1086  1254 D ASH     : @ 969675.347: tcs3701: start power rail timer, state:3
01-09 12:13:24.585  1086  1254 I ASH     : @ 969675.387: tcs3701: stop power rail pending_off timer
01-09 12:13:24.586  1086  1254 D ASH     : @ 969675.387: tcs3701: start power rail timer, state:3
01-09 12:13:24.625  1086  1254 I ASH     : @ 969675.427: tcs3701: stop power rail pending_off timer
01-09 12:13:24.625  1086  1254 D ASH     : @ 969675.427: tcs3701: start power rail timer, state:3
01-09 12:13:24.665  1086  1254 I ASH     : @ 969675.467: tcs3701: stop power rail pending_off timer
01-09 12:13:24.665  1086  1254 D ASH     : @ 969675.467: tcs3701: start power rail timer, state:3
01-09 12:13:24.705  1086  1254 I ASH     : @ 969675.507: tcs3701: stop power rail pending_off timer
01-09 12:13:24.705  1086  1254 D ASH     : @ 969675.507: tcs3701: start power rail timer, state:3
01-09 12:13:24.745  1086  1254 I ASH     : @ 969675.547: tcs3701: stop power rail pending_off timer
01-09 12:13:24.745  1086  1254 D ASH     : @ 969675.547: tcs3701: start power rail timer, state:3
01-09 12:13:24.785  1086  1254 I ASH     : @ 969675.587: tcs3701: stop power rail pending_off timer
01-09 12:13:24.785  1086  1254 D ASH     : @ 969675.587: tcs3701: start power rail timer, state:3
01-09 12:13:24.825  1086  1254 I ASH     : @ 969675.627: tcs3701: stop power rail pending_off timer
01-09 12:13:24.825  1086  1254 D ASH     : @ 969675.627: tcs3701: start power rail timer, state:3
01-09 12:13:24.865  1086  1254 I ASH     : @ 969675.667: tcs3701: stop power rail pending_off timer
01-09 12:13:24.865  1086  1254 D ASH     : @ 969675.667: tcs3701: start power rail timer, state:3
01-09 12:13:24.905  1086  1254 I ASH     : @ 969675.707: tcs3701: stop power rail pending_off timer
01-09 12:13:24.905  1086  1254 D ASH     : @ 969675.707: tcs3701: start power rail timer, state:3
01-09 12:13:24.945  1086  1254 I ASH     : @ 969675.747: tcs3701: stop power rail pending_off timer
01-09 12:13:24.945  1086  1254 D ASH     : @ 969675.747: tcs3701: start power rail timer, state:3
01-09 12:13:24.986  1086  1254 I ASH     : @ 969675.787: tcs3701: stop power rail pending_off timer
01-09 12:13:24.986  1086  1254 D ASH     : @ 969675.787: tcs3701: start power rail timer, state:3
01-09 12:13:25.025  1086  1254 I ASH     : @ 969675.827: tcs3701: stop power rail pending_off timer
01-09 12:13:25.025  1086  1254 D ASH     : @ 969675.827: tcs3701: start power rail timer, state:3
01-09 12:13:25.065  1086  1254 I ASH     : @ 969675.867: tcs3701: stop power rail pending_off timer
01-09 12:13:25.065  1086  1254 D ASH     : @ 969675.867: tcs3701: start power rail timer, state:3
01-09 12:13:25.105  1086  1254 I ASH     : @ 969675.907: tcs3701: stop power rail pending_off timer
01-09 12:13:25.105  1086  1254 D ASH     : @ 969675.907: tcs3701: start power rail timer, state:3
01-09 12:13:25.145  1086  1254 I ASH     : @ 969675.947: tcs3701: stop power rail pending_off timer
01-09 12:13:25.145  1086  1254 D ASH     : @ 969675.947: tcs3701: start power rail timer, state:3
01-09 12:13:25.185  1086  1254 I ASH     : @ 969675.987: tcs3701: stop power rail pending_off timer
01-09 12:13:25.185  1086  1254 D ASH     : @ 969675.987: tcs3701: start power rail timer, state:3
01-09 12:13:25.225  1086  1254 I ASH     : @ 969676.027: tcs3701: stop power rail pending_off timer
01-09 12:13:25.225  1086  1254 D ASH     : @ 969676.027: tcs3701: start power rail timer, state:3
01-09 12:13:25.265  1086  1254 I ASH     : @ 969676.067: tcs3701: stop power rail pending_off timer
01-09 12:13:25.265  1086  1254 D ASH     : @ 969676.067: tcs3701: start power rail timer, state:3
01-09 12:13:25.305  1086  1254 I ASH     : @ 969676.107: tcs3701: stop power rail pending_off timer
01-09 12:13:25.305  1086  1254 D ASH     : @ 969676.107: tcs3701: start power rail timer, state:3
01-09 12:13:25.345  1086  1254 I ASH     : @ 969676.147: tcs3701: stop power rail pending_off timer
01-09 12:13:25.345  1086  1254 D ASH     : @ 969676.147: tcs3701: start power rail timer, state:3
01-09 12:13:25.385  1086  1254 I ASH     : @ 969676.187: tcs3701: stop power rail pending_off timer
01-09 12:13:25.385  1086  1254 D ASH     : @ 969676.187: tcs3701: start power rail timer, state:3
01-09 12:13:25.425  1086  1254 I ASH     : @ 969676.227: tcs3701: stop power rail pending_off timer
01-09 12:13:25.425  1086  1254 D ASH     : @ 969676.227: tcs3701: start power rail timer, state:3
01-09 12:13:25.465  1086  1254 I ASH     : @ 969676.267: tcs3701: stop power rail pending_off timer
01-09 12:13:25.465  1086  1254 D ASH     : @ 969676.267: tcs3701: start power rail timer, state:3
01-09 12:13:25.505  1086  1254 I ASH     : @ 969676.307: tcs3701: stop power rail pending_off timer
01-09 12:13:25.505  1086  1254 D ASH     : @ 969676.307: tcs3701: start power rail timer, state:3
01-09 12:13:25.545  1086  1254 I ASH     : @ 969676.347: tcs3701: stop power rail pending_off timer
01-09 12:13:25.545  1086  1254 D ASH     : @ 969676.347: tcs3701: start power rail timer, state:3
01-09 12:13:25.585  1086  1254 I ASH     : @ 969676.387: tcs3701: stop power rail pending_off timer
01-09 12:13:25.585  1086  1254 D ASH     : @ 969676.387: tcs3701: start power rail timer, state:3
01-09 12:13:25.625  1086  1254 I ASH     : @ 969676.427: tcs3701: stop power rail pending_off timer
01-09 12:13:25.625  1086  1254 D ASH     : @ 969676.427: tcs3701: start power rail timer, state:3
01-09 12:13:25.665  1086  1254 I ASH     : @ 969676.467: tcs3701: stop power rail pending_off timer
01-09 12:13:25.665  1086  1254 D ASH     : @ 969676.467: tcs3701: start power rail timer, state:3
01-09 12:13:25.705  1086  1254 I ASH     : @ 969676.507: tcs3701: stop power rail pending_off timer
01-09 12:13:25.705  1086  1254 D ASH     : @ 969676.507: tcs3701: start power rail timer, state:3
01-09 12:13:25.745  1086  1254 I ASH     : @ 969676.547: tcs3701: stop power rail pending_off timer
01-09 12:13:25.745  1086  1254 D ASH     : @ 969676.547: tcs3701: start power rail timer, state:3
01-09 12:13:25.785  1086  1254 I ASH     : @ 969676.587: tcs3701: stop power rail pending_off timer
01-09 12:13:25.785  1086  1254 D ASH     : @ 969676.587: tcs3701: start power rail timer, state:3
01-09 12:13:25.825  1086  1254 I ASH     : @ 969676.627: tcs3701: stop power rail pending_off timer
01-09 12:13:25.825  1086  1254 D ASH     : @ 969676.627: tcs3701: start power rail timer, state:3
01-09 12:13:25.865  1086  1254 I ASH     : @ 969676.667: tcs3701: stop power rail pending_off timer
01-09 12:13:25.865  1086  1254 D ASH     : @ 969676.667: tcs3701: start power rail timer, state:3
01-09 12:13:25.905  1086  1254 I ASH     : @ 969676.707: tcs3701: stop power rail pending_off timer
01-09 12:13:25.905  1086  1254 D ASH     : @ 969676.707: tcs3701: start power rail timer, state:3
01-09 12:13:25.945  1086  1254 I ASH     : @ 969676.747: tcs3701: stop power rail pending_off timer
01-09 12:13:25.945  1086  1254 D ASH     : @ 969676.747: tcs3701: start power rail timer, state:3
01-09 12:13:25.985  1086  1254 I ASH     : @ 969676.787: tcs3701: stop power rail pending_off timer
01-09 12:13:25.985  1086  1254 D ASH     : @ 969676.787: tcs3701: start power rail timer, state:3
01-09 12:13:26.025  1086  1254 I ASH     : @ 969676.827: tcs3701: stop power rail pending_off timer
01-09 12:13:26.025  1086  1254 D ASH     : @ 969676.827: tcs3701: start power rail timer, state:3
01-09 12:13:26.065  1086  1254 I ASH     : @ 969676.867: tcs3701: stop power rail pending_off timer
01-09 12:13:26.065  1086  1254 D ASH     : @ 969676.867: tcs3701: start power rail timer, state:3
01-09 12:13:26.105  1086  1254 I ASH     : @ 969676.907: tcs3701: stop power rail pending_off timer
01-09 12:13:26.105  1086  1254 D ASH     : @ 969676.907: tcs3701: start power rail timer, state:3
01-09 12:13:26.145  1086  1254 I ASH     : @ 969676.947: tcs3701: stop power rail pending_off timer
01-09 12:13:26.145  1086  1254 D ASH     : @ 969676.947: tcs3701: start power rail timer, state:3
01-09 12:13:26.185  1086  1254 I ASH     : @ 969676.987: tcs3701: stop power rail pending_off timer
01-09 12:13:26.185  1086  1254 D ASH     : @ 969676.987: tcs3701: start power rail timer, state:3
01-09 12:13:26.225  1086  1254 I ASH     : @ 969677.027: tcs3701: stop power rail pending_off timer
01-09 12:13:26.225  1086  1254 D ASH     : @ 969677.027: tcs3701: start power rail timer, state:3
01-09 12:13:26.265  1086  1254 I ASH     : @ 969677.067: tcs3701: stop power rail pending_off timer
01-09 12:13:26.265  1086  1254 D ASH     : @ 969677.067: tcs3701: start power rail timer, state:3
01-09 12:13:26.305  1086  1254 I ASH     : @ 969677.107: tcs3701: stop power rail pending_off timer
01-09 12:13:26.305  1086  1254 D ASH     : @ 969677.107: tcs3701: start power rail timer, state:3
01-09 12:13:26.345  1086  1254 I ASH     : @ 969677.147: tcs3701: stop power rail pending_off timer
01-09 12:13:26.345  1086  1254 D ASH     : @ 969677.147: tcs3701: start power rail timer, state:3
01-09 12:13:26.385  1086  1254 I ASH     : @ 969677.187: tcs3701: stop power rail pending_off timer
01-09 12:13:26.385  1086  1254 D ASH     : @ 969677.187: tcs3701: start power rail timer, state:3
01-09 12:13:26.425  1086  1254 I ASH     : @ 969677.227: tcs3701: stop power rail pending_off timer
01-09 12:13:26.425  1086  1254 D ASH     : @ 969677.227: tcs3701: start power rail timer, state:3
01-09 12:13:26.465  1086  1254 I ASH     : @ 969677.267: tcs3701: stop power rail pending_off timer
01-09 12:13:26.465  1086  1254 D ASH     : @ 969677.267: tcs3701: start power rail timer, state:3
01-09 12:13:26.505  1086  1254 I ASH     : @ 969677.307: tcs3701: stop power rail pending_off timer
01-09 12:13:26.505  1086  1254 D ASH     : @ 969677.307: tcs3701: start power rail timer, state:3
01-09 12:13:26.545  1086  1254 I ASH     : @ 969677.347: tcs3701: stop power rail pending_off timer
01-09 12:13:26.545  1086  1254 D ASH     : @ 969677.347: tcs3701: start power rail timer, state:3
01-09 12:13:26.585  1086  1254 I ASH     : @ 969677.387: tcs3701: stop power rail pending_off timer
01-09 12:13:26.585  1086  1254 D ASH     : @ 969677.387: tcs3701: start power rail timer, state:3
01-09 12:13:26.625  1086  1254 I ASH     : @ 969677.427: tcs3701: stop power rail pending_off timer
01-09 12:13:26.625  1086  1254 D ASH     : @ 969677.427: tcs3701: start power rail timer, state:3
01-09 12:13:26.665  1086  1254 I ASH     : @ 969677.467: tcs3701: stop power rail pending_off timer
01-09 12:13:26.665  1086  1254 D ASH     : @ 969677.467: tcs3701: start power rail timer, state:3
01-09 12:13:26.705  1086  1254 I ASH     : @ 969677.507: tcs3701: stop power rail pending_off timer
01-09 12:13:26.705  1086  1254 D ASH     : @ 969677.507: tcs3701: start power rail timer, state:3
01-09 12:13:26.745  1086  1254 I ASH     : @ 969677.547: tcs3701: stop power rail pending_off timer
01-09 12:13:26.745  1086  1254 D ASH     : @ 969677.547: tcs3701: start power rail timer, state:3
01-09 12:13:26.785  1086  1254 I ASH     : @ 969677.587: tcs3701: stop power rail pending_off timer
01-09 12:13:26.785  1086  1254 D ASH     : @ 969677.587: tcs3701: start power rail timer, state:3
01-09 12:13:26.826  1086  1254 I ASH     : @ 969677.627: tcs3701: stop power rail pending_off timer
01-09 12:13:26.827  1086  1254 D ASH     : @ 969677.627: tcs3701: start power rail timer, state:3
01-09 12:13:26.865  1086  1254 I ASH     : @ 969677.667: tcs3701: stop power rail pending_off timer
01-09 12:13:26.865  1086  1254 D ASH     : @ 969677.667: tcs3701: start power rail timer, state:3
01-09 12:13:26.905  1086  1254 I ASH     : @ 969677.707: tcs3701: stop power rail pending_off timer
01-09 12:13:26.905  1086  1254 D ASH     : @ 969677.707: tcs3701: start power rail timer, state:3
01-09 12:13:26.945  1086  1254 I ASH     : @ 969677.747: tcs3701: stop power rail pending_off timer
01-09 12:13:26.945  1086  1254 D ASH     : @ 969677.747: tcs3701: start power rail timer, state:3
01-09 12:13:26.985  1086  1254 I ASH     : @ 969677.787: tcs3701: stop power rail pending_off timer
01-09 12:13:26.985  1086  1254 D ASH     : @ 969677.787: tcs3701: start power rail timer, state:3
01-09 12:13:27.025  3552  3625 I PhenotypeProcessReaper: Memory state is: 300
01-09 12:13:27.026  1086  1254 I ASH     : @ 969677.827: tcs3701: stop power rail pending_off timer
01-09 12:13:27.026  1086  1254 D ASH     : @ 969677.827: tcs3701: start power rail timer, state:3
01-09 12:13:27.065  1086  1254 I ASH     : @ 969677.867: tcs3701: stop power rail pending_off timer
01-09 12:13:27.065  1086  1254 D ASH     : @ 969677.867: tcs3701: start power rail timer, state:3
01-09 12:13:27.105  1086  1254 I ASH     : @ 969677.907: tcs3701: stop power rail pending_off timer
01-09 12:13:27.105  1086  1254 D ASH     : @ 969677.907: tcs3701: start power rail timer, state:3
01-09 12:13:27.145  1086  1254 I ASH     : @ 969677.947: tcs3701: stop power rail pending_off timer
01-09 12:13:27.145  1086  1254 D ASH     : @ 969677.947: tcs3701: start power rail timer, state:3
01-09 12:13:27.185  1086  1254 I ASH     : @ 969677.987: tcs3701: stop power rail pending_off timer
01-09 12:13:27.185  1086  1254 D ASH     : @ 969677.987: tcs3701: start power rail timer, state:3
01-09 12:13:27.225  1086  1254 I ASH     : @ 969678.027: tcs3701: stop power rail pending_off timer
01-09 12:13:27.225  1086  1254 D ASH     : @ 969678.027: tcs3701: start power rail timer, state:3
01-09 12:13:27.265  1086  1254 I ASH     : @ 969678.067: tcs3701: stop power rail pending_off timer
01-09 12:13:27.265  1086  1254 D ASH     : @ 969678.067: tcs3701: start power rail timer, state:3
01-09 12:13:27.305  1086  1254 I ASH     : @ 969678.107: tcs3701: stop power rail pending_off timer
01-09 12:13:27.305  1086  1254 D ASH     : @ 969678.107: tcs3701: start power rail timer, state:3
01-09 12:13:27.345  1086  1254 I ASH     : @ 969678.147: tcs3701: stop power rail pending_off timer
01-09 12:13:27.345  1086  1254 D ASH     : @ 969678.147: tcs3701: start power rail timer, state:3
01-09 12:13:27.385  1086  1254 I ASH     : @ 969678.187: tcs3701: stop power rail pending_off timer
01-09 12:13:27.385  1086  1254 D ASH     : @ 969678.187: tcs3701: start power rail timer, state:3
01-09 12:13:27.427  1086  1254 I ASH     : @ 969678.227: tcs3701: stop power rail pending_off timer
01-09 12:13:27.427  1086  1254 D ASH     : @ 969678.227: tcs3701: start power rail timer, state:3
01-09 12:13:27.465  1086  1254 I ASH     : @ 969678.267: tcs3701: stop power rail pending_off timer
01-09 12:13:27.465  1086  1254 D ASH     : @ 969678.267: tcs3701: start power rail timer, state:3
01-09 12:13:27.505  1086  1254 I ASH     : @ 969678.307: tcs3701: stop power rail pending_off timer
01-09 12:13:27.505  1086  1254 D ASH     : @ 969678.307: tcs3701: start power rail timer, state:3
01-09 12:13:27.545  1086  1254 I ASH     : @ 969678.347: tcs3701: stop power rail pending_off timer
01-09 12:13:27.545  1086  1254 D ASH     : @ 969678.347: tcs3701: start power rail timer, state:3
01-09 12:13:27.585  1086  1254 I ASH     : @ 969678.387: tcs3701: stop power rail pending_off timer
01-09 12:13:27.585  1086  1254 D ASH     : @ 969678.387: tcs3701: start power rail timer, state:3
01-09 12:13:27.625  1086  1254 I ASH     : @ 969678.427: tcs3701: stop power rail pending_off timer
01-09 12:13:27.625  1086  1254 D ASH     : @ 969678.427: tcs3701: start power rail timer, state:3
01-09 12:13:27.665  1086  1254 I ASH     : @ 969678.467: tcs3701: stop power rail pending_off timer
01-09 12:13:27.665  1086  1254 D ASH     : @ 969678.467: tcs3701: start power rail timer, state:3
01-09 12:13:27.705  1086  1254 I ASH     : @ 969678.507: tcs3701: stop power rail pending_off timer
01-09 12:13:27.705  1086  1254 D ASH     : @ 969678.507: tcs3701: start power rail timer, state:3
01-09 12:13:27.745  1086  1254 I ASH     : @ 969678.547: tcs3701: stop power rail pending_off timer
01-09 12:13:27.745  1086  1254 D ASH     : @ 969678.547: tcs3701: start power rail timer, state:3
01-09 12:13:27.785  1086  1254 I ASH     : @ 969678.587: tcs3701: stop power rail pending_off timer
01-09 12:13:27.785  1086  1254 D ASH     : @ 969678.587: tcs3701: start power rail timer, state:3
01-09 12:13:27.825  1086  1254 I ASH     : @ 969678.627: tcs3701: stop power rail pending_off timer
01-09 12:13:27.825  1086  1254 D ASH     : @ 969678.627: tcs3701: start power rail timer, state:3
01-09 12:13:27.865  1086  1254 I ASH     : @ 969678.667: tcs3701: stop power rail pending_off timer
01-09 12:13:27.865  1086  1254 D ASH     : @ 969678.667: tcs3701: start power rail timer, state:3
01-09 12:13:27.905  1086  1254 I ASH     : @ 969678.707: tcs3701: stop power rail pending_off timer
01-09 12:13:27.905  1086  1254 D ASH     : @ 969678.707: tcs3701: start power rail timer, state:3
01-09 12:13:27.945  1086  1254 I ASH     : @ 969678.747: tcs3701: stop power rail pending_off timer
01-09 12:13:27.945  1086  1254 D ASH     : @ 969678.747: tcs3701: start power rail timer, state:3
01-09 12:13:27.985  1086  1254 I ASH     : @ 969678.787: tcs3701: stop power rail pending_off timer
01-09 12:13:27.985  1086  1254 D ASH     : @ 969678.787: tcs3701: start power rail timer, state:3
01-09 12:13:28.025  1086  1254 I ASH     : @ 969678.827: tcs3701: stop power rail pending_off timer
01-09 12:13:28.025  1086  1254 D ASH     : @ 969678.827: tcs3701: start power rail timer, state:3
01-09 12:13:28.065  1086  1254 I ASH     : @ 969678.867: tcs3701: stop power rail pending_off timer
01-09 12:13:28.065  1086  1254 D ASH     : @ 969678.867: tcs3701: start power rail timer, state:3
01-09 12:13:28.105  1086  1254 I ASH     : @ 969678.907: tcs3701: stop power rail pending_off timer
01-09 12:13:28.105  1086  1254 D ASH     : @ 969678.907: tcs3701: start power rail timer, state:3
01-09 12:13:28.145  1086  1254 I ASH     : @ 969678.947: tcs3701: stop power rail pending_off timer
01-09 12:13:28.145  1086  1254 D ASH     : @ 969678.947: tcs3701: start power rail timer, state:3
01-09 12:13:28.185  1086  1254 I ASH     : @ 969678.987: tcs3701: stop power rail pending_off timer
01-09 12:13:28.185  1086  1254 D ASH     : @ 969678.987: tcs3701: start power rail timer, state:3
01-09 12:13:28.225  1086  1254 I ASH     : @ 969679.027: tcs3701: stop power rail pending_off timer
01-09 12:13:28.225  1086  1254 D ASH     : @ 969679.027: tcs3701: start power rail timer, state:3
01-09 12:13:28.265  1086  1254 I ASH     : @ 969679.067: tcs3701: stop power rail pending_off timer
01-09 12:13:28.265  1086  1254 D ASH     : @ 969679.067: tcs3701: start power rail timer, state:3
01-09 12:13:28.305  1086  1254 I ASH     : @ 969679.107: tcs3701: stop power rail pending_off timer
01-09 12:13:28.305  1086  1254 D ASH     : @ 969679.107: tcs3701: start power rail timer, state:3
01-09 12:13:28.346  1086  1254 I ASH     : @ 969679.147: tcs3701: stop power rail pending_off timer
01-09 12:13:28.346  1086  1254 D ASH     : @ 969679.147: tcs3701: start power rail timer, state:3
01-09 12:13:28.385  1086  1254 I ASH     : @ 969679.187: tcs3701: stop power rail pending_off timer
01-09 12:13:28.385  1086  1254 D ASH     : @ 969679.187: tcs3701: start power rail timer, state:3
01-09 12:13:28.425  1086  1254 I ASH     : @ 969679.227: tcs3701: stop power rail pending_off timer
01-09 12:13:28.425  1086  1254 D ASH     : @ 969679.227: tcs3701: start power rail timer, state:3
01-09 12:13:28.465  1086  1254 I ASH     : @ 969679.267: tcs3701: stop power rail pending_off timer
01-09 12:13:28.465  1086  1254 D ASH     : @ 969679.267: tcs3701: start power rail timer, state:3
01-09 12:13:28.505  1086  1254 I ASH     : @ 969679.307: tcs3701: stop power rail pending_off timer
01-09 12:13:28.505  1086  1254 D ASH     : @ 969679.307: tcs3701: start power rail timer, state:3
01-09 12:13:28.545  1086  1254 I ASH     : @ 969679.347: tcs3701: stop power rail pending_off timer
01-09 12:13:28.545  1086  1254 D ASH     : @ 969679.347: tcs3701: start power rail timer, state:3
01-09 12:13:28.585  1086  1254 I ASH     : @ 969679.387: tcs3701: stop power rail pending_off timer
01-09 12:13:28.585  1086  1254 D ASH     : @ 969679.387: tcs3701: start power rail timer, state:3
01-09 12:13:28.626  1086  1254 I ASH     : @ 969679.427: tcs3701: stop power rail pending_off timer
01-09 12:13:28.626  1086  1254 D ASH     : @ 969679.427: tcs3701: start power rail timer, state:3
01-09 12:13:28.665  1086  1254 I ASH     : @ 969679.467: tcs3701: stop power rail pending_off timer
01-09 12:13:28.665  1086  1254 D ASH     : @ 969679.467: tcs3701: start power rail timer, state:3
01-09 12:13:28.705  1086  1254 I ASH     : @ 969679.507: tcs3701: stop power rail pending_off timer
01-09 12:13:28.705  1086  1254 D ASH     : @ 969679.507: tcs3701: start power rail timer, state:3
01-09 12:13:28.745  1086  1254 I ASH     : @ 969679.547: tcs3701: stop power rail pending_off timer
01-09 12:13:28.745  1086  1254 D ASH     : @ 969679.547: tcs3701: start power rail timer, state:3
01-09 12:13:28.785  1086  1254 I ASH     : @ 969679.587: tcs3701: stop power rail pending_off timer
01-09 12:13:28.785  1086  1254 D ASH     : @ 969679.587: tcs3701: start power rail timer, state:3
01-09 12:13:28.825  1086  1254 I ASH     : @ 969679.627: tcs3701: stop power rail pending_off timer
01-09 12:13:28.825  1086  1254 D ASH     : @ 969679.627: tcs3701: start power rail timer, state:3
01-09 12:13:28.865  1086  1254 I ASH     : @ 969679.667: tcs3701: stop power rail pending_off timer
01-09 12:13:28.865  1086  1254 D ASH     : @ 969679.667: tcs3701: start power rail timer, state:3
01-09 12:13:28.905  1086  1254 I ASH     : @ 969679.707: tcs3701: stop power rail pending_off timer
01-09 12:13:28.905  1086  1254 D ASH     : @ 969679.707: tcs3701: start power rail timer, state:3
01-09 12:13:28.945  1086  1254 I ASH     : @ 969679.747: tcs3701: stop power rail pending_off timer
01-09 12:13:28.945  1086  1254 D ASH     : @ 969679.747: tcs3701: start power rail timer, state:3
01-09 12:13:28.985  1086  1254 I ASH     : @ 969679.787: tcs3701: stop power rail pending_off timer
01-09 12:13:28.985  1086  1254 D ASH     : @ 969679.787: tcs3701: start power rail timer, state:3
01-09 12:13:29.025  1086  1254 I ASH     : @ 969679.827: tcs3701: stop power rail pending_off timer
01-09 12:13:29.025  1086  1254 D ASH     : @ 969679.827: tcs3701: start power rail timer, state:3
01-09 12:13:29.065  1086  1254 I ASH     : @ 969679.867: tcs3701: stop power rail pending_off timer
01-09 12:13:29.066  1086  1254 D ASH     : @ 969679.867: tcs3701: start power rail timer, state:3
01-09 12:13:29.105  1086  1254 I ASH     : @ 969679.907: tcs3701: stop power rail pending_off timer
01-09 12:13:29.105  1086  1254 D ASH     : @ 969679.907: tcs3701: start power rail timer, state:3
01-09 12:13:29.145  1086  1254 I ASH     : @ 969679.947: tcs3701: stop power rail pending_off timer
01-09 12:13:29.145  1086  1254 D ASH     : @ 969679.947: tcs3701: start power rail timer, state:3
01-09 12:13:29.185  1086  1254 I ASH     : @ 969679.987: tcs3701: stop power rail pending_off timer
01-09 12:13:29.185  1086  1254 D ASH     : @ 969679.987: tcs3701: start power rail timer, state:3
01-09 12:13:29.225  1086  1254 I ASH     : @ 969680.027: tcs3701: stop power rail pending_off timer
01-09 12:13:29.225  1086  1254 D ASH     : @ 969680.027: tcs3701: start power rail timer, state:3
01-09 12:13:29.265  1086  1254 I ASH     : @ 969680.067: tcs3701: stop power rail pending_off timer
01-09 12:13:29.265  1086  1254 D ASH     : @ 969680.067: tcs3701: start power rail timer, state:3
01-09 12:13:29.306  1086  1254 I ASH     : @ 969680.107: tcs3701: stop power rail pending_off timer
01-09 12:13:29.306  1086  1254 D ASH     : @ 969680.107: tcs3701: start power rail timer, state:3
01-09 12:13:29.345  1086  1254 I ASH     : @ 969680.147: tcs3701: stop power rail pending_off timer
01-09 12:13:29.345  1086  1254 D ASH     : @ 969680.147: tcs3701: start power rail timer, state:3
01-09 12:13:29.385  1086  1254 I ASH     : @ 969680.187: tcs3701: stop power rail pending_off timer
01-09 12:13:29.385  1086  1254 D ASH     : @ 969680.187: tcs3701: start power rail timer, state:3
01-09 12:13:29.425  1086  1254 I ASH     : @ 969680.227: tcs3701: stop power rail pending_off timer
01-09 12:13:29.425  1086  1254 D ASH     : @ 969680.227: tcs3701: start power rail timer, state:3
01-09 12:13:29.465  1086  1254 I ASH     : @ 969680.267: tcs3701: stop power rail pending_off timer
01-09 12:13:29.466  1086  1254 D ASH     : @ 969680.267: tcs3701: start power rail timer, state:3
01-09 12:13:29.505  1086  1254 I ASH     : @ 969680.307: tcs3701: stop power rail pending_off timer
01-09 12:13:29.505  1086  1254 D ASH     : @ 969680.307: tcs3701: start power rail timer, state:3
01-09 12:13:29.545  1086  1254 I ASH     : @ 969680.347: tcs3701: stop power rail pending_off timer
01-09 12:13:29.545  1086  1254 D ASH     : @ 969680.347: tcs3701: start power rail timer, state:3
01-09 12:13:29.585  1086  1254 I ASH     : @ 969680.387: tcs3701: stop power rail pending_off timer
01-09 12:13:29.585  1086  1254 D ASH     : @ 969680.387: tcs3701: start power rail timer, state:3
01-09 12:13:29.625  1086  1254 I ASH     : @ 969680.427: tcs3701: stop power rail pending_off timer
01-09 12:13:29.625  1086  1254 D ASH     : @ 969680.427: tcs3701: start power rail timer, state:3
01-09 12:13:29.654 29542 29560 W Unity   : [dashscene] image fills: not drawn — no texture is uploaded from the payload.
01-09 12:13:29.654 29542 29560 W Unity   : UnityEngine.DebugLogHandler:Internal_Log(LogType, LogOption, String, Object)
01-09 12:13:29.654 29542 29560 W Unity   : Driftsys.Dashscene.BrgPainter:Draw(FrameLease)
01-09 12:13:29.654 29542 29560 W Unity   : Driftsys.Dashscene.Samples.DashsceneShowcase:Update()
01-09 12:13:29.654 29542 29560 W Unity   : 
01-09 12:13:29.654 29542 29560 W Unity   : [dashscene] 1 rect(s) affected, first at index 6. The document asked for these and this painter did not draw them.
01-09 12:13:29.654 29542 29560 W Unity   : UnityEngine.DebugLogHandler:Internal_Log(LogType, LogOption, String, Object)
01-09 12:13:29.654 29542 29560 W Unity   : Driftsys.Dashscene.BrgPainter:Draw(FrameLease)
01-09 12:13:29.654 29542 29560 W Unity   : Driftsys.Dashscene.Samples.DashsceneShowcase:Update()
01-09 12:13:29.654 29542 29560 W Unity   : 
01-09 12:13:29.654 29542 29560 I Unity   : [showcase] drew paint: fills, strokes, corners, and one image fill the painter refuses: 16 instance(s), rung RawBuffer, refused image fills: not drawn — no texture is uploaded from the payload. 1 rect(s) affected, first at index 6. The document asked for these and this painter did not draw them.
01-09 12:13:29.654 29542 29560 I Unity   : UnityEngine.DebugLogHandler:Internal_Log(LogType, LogOption, String, Object)
01-09 12:13:29.654 29542 29560 I Unity   : Driftsys.Dashscene.Samples.DashsceneShowcase:Update()
01-09 12:13:29.654 29542 29560 I Unity   : 
01-09 12:13:29.665  1086  1254 I ASH     : @ 969680.467: tcs3701: stop power rail pending_off timer
01-09 12:13:29.665  1086  1254 D ASH     : @ 969680.467: tcs3701: start power rail timer, state:3
01-09 12:13:29.705  1086  1254 I ASH     : @ 969680.507: tcs3701: stop power rail pending_off timer
01-09 12:13:29.705  1086  1254 D ASH     : @ 969680.507: tcs3701: start power rail timer, state:3
01-09 12:13:29.745  1086  1254 I ASH     : @ 969680.547: tcs3701: stop power rail pending_off timer
01-09 12:13:29.745  1086  1254 D ASH     : @ 969680.547: tcs3701: start power rail timer, state:3
01-09 12:13:29.785  1086  1254 I ASH     : @ 969680.587: tcs3701: stop power rail pending_off timer
01-09 12:13:29.785  1086  1254 D ASH     : @ 969680.587: tcs3701: start power rail timer, state:3
01-09 12:13:29.825  1086  1254 I ASH     : @ 969680.627: tcs3701: stop power rail pending_off timer
01-09 12:13:29.825  1086  1254 D ASH     : @ 969680.627: tcs3701: start power rail timer, state:3
01-09 12:13:29.865  1086  1254 I ASH     : @ 969680.667: tcs3701: stop power rail pending_off timer
01-09 12:13:29.865  1086  1254 D ASH     : @ 969680.667: tcs3701: start power rail timer, state:3
01-09 12:13:29.905  1086  1254 I ASH     : @ 969680.707: tcs3701: stop power rail pending_off timer
01-09 12:13:29.905  1086  1254 D ASH     : @ 969680.707: tcs3701: start power rail timer, state:3
01-09 12:13:29.945  1086  1254 I ASH     : @ 969680.747: tcs3701: stop power rail pending_off timer
01-09 12:13:29.945  1086  1254 D ASH     : @ 969680.747: tcs3701: start power rail timer, state:3
01-09 12:13:29.985  1086  1254 I ASH     : @ 969680.787: tcs3701: stop power rail pending_off timer
01-09 12:13:29.985  1086  1254 D ASH     : @ 969680.787: tcs3701: start power rail timer, state:3
01-09 12:13:30.027  1086  1254 I ASH     : @ 969680.827: tcs3701: stop power rail pending_off timer
01-09 12:13:30.027  1086  1254 D ASH     : @ 969680.827: tcs3701: start power rail timer, state:3
01-09 12:13:30.065  1086  1254 I ASH     : @ 969680.867: tcs3701: stop power rail pending_off timer
01-09 12:13:30.065  1086  1254 D ASH     : @ 969680.867: tcs3701: start power rail timer, state:3
01-09 12:13:30.105  1086  1254 I ASH     : @ 969680.907: tcs3701: stop power rail pending_off timer
01-09 12:13:30.105  1086  1254 D ASH     : @ 969680.907: tcs3701: start power rail timer, state:3
01-09 12:13:30.145  1086  1254 I ASH     : @ 969680.947: tcs3701: stop power rail pending_off timer
01-09 12:13:30.145  1086  1254 D ASH     : @ 969680.947: tcs3701: start power rail timer, state:3
01-09 12:13:30.185  1086  1254 I ASH     : @ 969680.987: tcs3701: stop power rail pending_off timer
01-09 12:13:30.185  1086  1254 D ASH     : @ 969680.987: tcs3701: start power rail timer, state:3
01-09 12:13:30.220  1785  2122 I UsageStatsService: User[0] Flushing usage stats to disk
01-09 12:13:30.225  1086  1254 I ASH     : @ 969681.027: tcs3701: stop power rail pending_off timer
01-09 12:13:30.225  1086  1254 D ASH     : @ 969681.027: tcs3701: start power rail timer, state:3
01-09 12:13:30.265  1086  1254 I ASH     : @ 969681.067: tcs3701: stop power rail pending_off timer
01-09 12:13:30.265  1086  1254 D ASH     : @ 969681.067: tcs3701: start power rail timer, state:3
01-09 12:13:30.305  1086  1254 I ASH     : @ 969681.107: tcs3701: stop power rail pending_off timer
01-09 12:13:30.305  1086  1254 D ASH     : @ 969681.107: tcs3701: start power rail timer, state:3
01-09 12:13:30.345  1086  1254 I ASH     : @ 969681.147: tcs3701: stop power rail pending_off timer
01-09 12:13:30.345  1086  1254 D ASH     : @ 969681.147: tcs3701: start power rail timer, state:3
01-09 12:13:30.385  1086  1254 I ASH     : @ 969681.187: tcs3701: stop power rail pending_off timer
01-09 12:13:30.385  1086  1254 D ASH     : @ 969681.187: tcs3701: start power rail timer, state:3
01-09 12:13:30.425  1086  1254 I ASH     : @ 969681.227: tcs3701: stop power rail pending_off timer
01-09 12:13:30.425  1086  1254 D ASH     : @ 969681.227: tcs3701: start power rail timer, state:3
01-09 12:13:30.465  1086  1254 I ASH     : @ 969681.267: tcs3701: stop power rail pending_off timer
01-09 12:13:30.465  1086  1254 D ASH     : @ 969681.267: tcs3701: start power rail timer, state:3
01-09 12:13:30.505  1086  1254 I ASH     : @ 969681.307: tcs3701: stop power rail pending_off timer
01-09 12:13:30.505  1086  1254 D ASH     : @ 969681.307: tcs3701: start power rail timer, state:3
01-09 12:13:30.545  1086  1254 I ASH     : @ 969681.347: tcs3701: stop power rail pending_off timer
01-09 12:13:30.545  1086  1254 D ASH     : @ 969681.347: tcs3701: start power rail timer, state:3
01-09 12:13:30.585  1086  1254 I ASH     : @ 969681.387: tcs3701: stop power rail pending_off timer
01-09 12:13:30.585  1086  1254 D ASH     : @ 969681.387: tcs3701: start power rail timer, state:3
01-09 12:13:30.625  1086  1254 I ASH     : @ 969681.427: tcs3701: stop power rail pending_off timer
01-09 12:13:30.625  1086  1254 D ASH     : @ 969681.427: tcs3701: start power rail timer, state:3
01-09 12:13:30.665  1086  1254 I ASH     : @ 969681.467: tcs3701: stop power rail pending_off timer
01-09 12:13:30.665  1086  1254 D ASH     : @ 969681.467: tcs3701: start power rail timer, state:3
01-09 12:13:30.705  1086  1254 I ASH     : @ 969681.507: tcs3701: stop power rail pending_off timer
01-09 12:13:30.705  1086  1254 D ASH     : @ 969681.507: tcs3701: start power rail timer, state:3
01-09 12:13:30.745  1086  1254 I ASH     : @ 969681.547: tcs3701: stop power rail pending_off timer
01-09 12:13:30.745  1086  1254 D ASH     : @ 969681.547: tcs3701: start power rail timer, state:3
01-09 12:13:30.785  1086  1254 I ASH     : @ 969681.587: tcs3701: stop power rail pending_off timer
01-09 12:13:30.785  1086  1254 D ASH     : @ 969681.587: tcs3701: start power rail timer, state:3
01-09 12:13:30.825  1086  1254 I ASH     : @ 969681.627: tcs3701: stop power rail pending_off timer
01-09 12:13:30.825  1086  1254 D ASH     : @ 969681.627: tcs3701: start power rail timer, state:3
01-09 12:13:30.865  1086  1254 I ASH     : @ 969681.667: tcs3701: stop power rail pending_off timer
01-09 12:13:30.865  1086  1254 D ASH     : @ 969681.667: tcs3701: start power rail timer, state:3
01-09 12:13:30.905  1086  1254 I ASH     : @ 969681.707: tcs3701: stop power rail pending_off timer
01-09 12:13:30.905  1086  1254 D ASH     : @ 969681.707: tcs3701: start power rail timer, state:3
01-09 12:13:30.945  1086  1254 I ASH     : @ 969681.747: tcs3701: stop power rail pending_off timer
01-09 12:13:30.945  1086  1254 D ASH     : @ 969681.747: tcs3701: start power rail timer, state:3
01-09 12:13:30.985  1086  1254 I ASH     : @ 969681.787: tcs3701: stop power rail pending_off timer
01-09 12:13:30.985  1086  1254 D ASH     : @ 969681.787: tcs3701: start power rail timer, state:3
01-09 12:13:31.025  1086  1254 I ASH     : @ 969681.827: tcs3701: stop power rail pending_off timer
01-09 12:13:31.025  1086  1254 D ASH     : @ 969681.827: tcs3701: start power rail timer, state:3
01-09 12:13:31.065  1086  1254 I ASH     : @ 969681.867: tcs3701: stop power rail pending_off timer
01-09 12:13:31.065  1086  1254 D ASH     : @ 969681.867: tcs3701: start power rail timer, state:3
01-09 12:13:31.105  1086  1254 I ASH     : @ 969681.907: tcs3701: stop power rail pending_off timer
01-09 12:13:31.105  1086  1254 D ASH     : @ 969681.907: tcs3701: start power rail timer, state:3
01-09 12:13:31.145  1086  1254 I ASH     : @ 969681.947: tcs3701: stop power rail pending_off timer
01-09 12:13:31.145  1086  1254 D ASH     : @ 969681.947: tcs3701: start power rail timer, state:3
01-09 12:13:31.185  1086  1254 I ASH     : @ 969681.987: tcs3701: stop power rail pending_off timer
01-09 12:13:31.185  1086  1254 D ASH     : @ 969681.987: tcs3701: start power rail timer, state:3
01-09 12:13:31.225  1086  1254 I ASH     : @ 969682.027: tcs3701: stop power rail pending_off timer
01-09 12:13:31.225  1086  1254 D ASH     : @ 969682.027: tcs3701: start power rail timer, state:3
01-09 12:13:31.265  1086  1254 I ASH     : @ 969682.067: tcs3701: stop power rail pending_off timer
01-09 12:13:31.265  1086  1254 D ASH     : @ 969682.067: tcs3701: start power rail timer, state:3
01-09 12:13:31.305  1086  1254 I ASH     : @ 969682.107: tcs3701: stop power rail pending_off timer
01-09 12:13:31.305  1086  1254 D ASH     : @ 969682.107: tcs3701: start power rail timer, state:3
01-09 12:13:31.345  1086  1254 I ASH     : @ 969682.147: tcs3701: stop power rail pending_off timer
01-09 12:13:31.345  1086  1254 D ASH     : @ 969682.147: tcs3701: start power rail timer, state:3
01-09 12:13:31.385  1086  1254 I ASH     : @ 969682.187: tcs3701: stop power rail pending_off timer
01-09 12:13:31.385  1086  1254 D ASH     : @ 969682.187: tcs3701: start power rail timer, state:3
01-09 12:13:31.425  1086  1254 I ASH     : @ 969682.227: tcs3701: stop power rail pending_off timer
01-09 12:13:31.425  1086  1254 D ASH     : @ 969682.227: tcs3701: start power rail timer, state:3
01-09 12:13:31.465  1086  1254 I ASH     : @ 969682.267: tcs3701: stop power rail pending_off timer
01-09 12:13:31.465  1086  1254 D ASH     : @ 969682.267: tcs3701: start power rail timer, state:3
01-09 12:13:31.505  1086  1254 I ASH     : @ 969682.307: tcs3701: stop power rail pending_off timer
01-09 12:13:31.505  1086  1254 D ASH     : @ 969682.307: tcs3701: start power rail timer, state:3
01-09 12:13:31.545  1086  1254 I ASH     : @ 969682.347: tcs3701: stop power rail pending_off timer
01-09 12:13:31.545  1086  1254 D ASH     : @ 969682.347: tcs3701: start power rail timer, state:3
01-09 12:13:31.585  1086  1254 I ASH     : @ 969682.387: tcs3701: stop power rail pending_off timer
01-09 12:13:31.585  1086  1254 D ASH     : @ 969682.387: tcs3701: start power rail timer, state:3
01-09 12:13:31.625  1086  1254 I ASH     : @ 969682.427: tcs3701: stop power rail pending_off timer
01-09 12:13:31.625  1086  1254 D ASH     : @ 969682.427: tcs3701: start power rail timer, state:3
01-09 12:13:31.665  1086  1254 I ASH     : @ 969682.467: tcs3701: stop power rail pending_off timer
01-09 12:13:31.665  1086  1254 D ASH     : @ 969682.467: tcs3701: start power rail timer, state:3
01-09 12:13:31.705  1086  1254 I ASH     : @ 969682.507: tcs3701: stop power rail pending_off timer
01-09 12:13:31.705  1086  1254 D ASH     : @ 969682.507: tcs3701: start power rail timer, state:3
01-09 12:13:31.745  1086  1254 I ASH     : @ 969682.547: tcs3701: stop power rail pending_off timer
01-09 12:13:31.745  1086  1254 D ASH     : @ 969682.547: tcs3701: start power rail timer, state:3
01-09 12:13:31.785  1086  1254 I ASH     : @ 969682.587: tcs3701: stop power rail pending_off timer
01-09 12:13:31.785  1086  1254 D ASH     : @ 969682.587: tcs3701: start power rail timer, state:3
01-09 12:13:31.825  1086  1254 I ASH     : @ 969682.627: tcs3701: stop power rail pending_off timer
01-09 12:13:31.825  1086  1254 D ASH     : @ 969682.627: tcs3701: start power rail timer, state:3
01-09 12:13:31.867  1086  1254 I ASH     : @ 969682.667: tcs3701: stop power rail pending_off timer
01-09 12:13:31.867  1086  1254 D ASH     : @ 969682.667: tcs3701: start power rail timer, state:3
01-09 12:13:31.905  1086  1254 I ASH     : @ 969682.707: tcs3701: stop power rail pending_off timer
01-09 12:13:31.905  1086  1254 D ASH     : @ 969682.707: tcs3701: start power rail timer, state:3
01-09 12:13:31.945  1086  1254 I ASH     : @ 969682.747: tcs3701: stop power rail pending_off timer
01-09 12:13:31.945  1086  1254 D ASH     : @ 969682.747: tcs3701: start power rail timer, state:3
01-09 12:13:31.985  1086  1254 I ASH     : @ 969682.787: tcs3701: stop power rail pending_off timer
01-09 12:13:31.985  1086  1254 D ASH     : @ 969682.787: tcs3701: start power rail timer, state:3
01-09 12:13:32.025  1086  1254 I ASH     : @ 969682.827: tcs3701: stop power rail pending_off timer
01-09 12:13:32.025  1086  1254 D ASH     : @ 969682.827: tcs3701: start power rail timer, state:3
01-09 12:13:32.065  1086  1254 I ASH     : @ 969682.867: tcs3701: stop power rail pending_off timer
01-09 12:13:32.065  1086  1254 D ASH     : @ 969682.867: tcs3701: start power rail timer, state:3
01-09 12:13:32.105  1086  1254 I ASH     : @ 969682.907: tcs3701: stop power rail pending_off timer
01-09 12:13:32.105  1086  1254 D ASH     : @ 969682.907: tcs3701: start power rail timer, state:3
01-09 12:13:32.145  1086  1254 I ASH     : @ 969682.947: tcs3701: stop power rail pending_off timer
01-09 12:13:32.145  1086  1254 D ASH     : @ 969682.947: tcs3701: start power rail timer, state:3
01-09 12:13:32.185  1086  1254 I ASH     : @ 969682.987: tcs3701: stop power rail pending_off timer
01-09 12:13:32.185  1086  1254 D ASH     : @ 969682.987: tcs3701: start power rail timer, state:3
01-09 12:13:32.225  1086  1254 I ASH     : @ 969683.027: tcs3701: stop power rail pending_off timer
01-09 12:13:32.225  1086  1254 D ASH     : @ 969683.027: tcs3701: start power rail timer, state:3
01-09 12:13:32.265  1086  1254 I ASH     : @ 969683.067: tcs3701: stop power rail pending_off timer
01-09 12:13:32.265  1086  1254 D ASH     : @ 969683.067: tcs3701: start power rail timer, state:3
01-09 12:13:32.305  1086  1254 I ASH     : @ 969683.107: tcs3701: stop power rail pending_off timer
01-09 12:13:32.305  1086  1254 D ASH     : @ 969683.107: tcs3701: start power rail timer, state:3
01-09 12:13:32.345  1086  1254 I ASH     : @ 969683.147: tcs3701: stop power rail pending_off timer
01-09 12:13:32.345  1086  1254 D ASH     : @ 969683.147: tcs3701: start power rail timer, state:3
01-09 12:13:32.385  1086  1254 I ASH     : @ 969683.187: tcs3701: stop power rail pending_off timer
01-09 12:13:32.385  1086  1254 D ASH     : @ 969683.187: tcs3701: start power rail timer, state:3
01-09 12:13:32.426  1086  1254 I ASH     : @ 969683.227: tcs3701: stop power rail pending_off timer
01-09 12:13:32.426  1086  1254 D ASH     : @ 969683.227: tcs3701: start power rail timer, state:3
01-09 12:13:32.465  1086  1254 I ASH     : @ 969683.267: tcs3701: stop power rail pending_off timer
01-09 12:13:32.465  1086  1254 D ASH     : @ 969683.267: tcs3701: start power rail timer, state:3
01-09 12:13:32.505  1086  1254 I ASH     : @ 969683.307: tcs3701: stop power rail pending_off timer
01-09 12:13:32.505  1086  1254 D ASH     : @ 969683.307: tcs3701: start power rail timer, state:3
01-09 12:13:32.545  1086  1254 I ASH     : @ 969683.347: tcs3701: stop power rail pending_off timer
01-09 12:13:32.545  1086  1254 D ASH     : @ 969683.347: tcs3701: start power rail timer, state:3
01-09 12:13:32.585  1086  1254 I ASH     : @ 969683.387: tcs3701: stop power rail pending_off timer
01-09 12:13:32.585  1086  1254 D ASH     : @ 969683.387: tcs3701: start power rail timer, state:3
01-09 12:13:32.625  1086  1254 I ASH     : @ 969683.427: tcs3701: stop power rail pending_off timer
01-09 12:13:32.625  1086  1254 D ASH     : @ 969683.427: tcs3701: start power rail timer, state:3
01-09 12:13:32.666  1086  1254 I ASH     : @ 969683.467: tcs3701: stop power rail pending_off timer
01-09 12:13:32.666  1086  1254 D ASH     : @ 969683.467: tcs3701: start power rail timer, state:3
01-09 12:13:32.705  1086  1254 I ASH     : @ 969683.507: tcs3701: stop power rail pending_off timer
01-09 12:13:32.705  1086  1254 D ASH     : @ 969683.507: tcs3701: start power rail timer, state:3
01-09 12:13:32.745  1086  1254 I ASH     : @ 969683.547: tcs3701: stop power rail pending_off timer
01-09 12:13:32.745  1086  1254 D ASH     : @ 969683.547: tcs3701: start power rail timer, state:3
01-09 12:13:32.785  1086  1254 I ASH     : @ 969683.587: tcs3701: stop power rail pending_off timer
01-09 12:13:32.785  1086  1254 D ASH     : @ 969683.587: tcs3701: start power rail timer, state:3
01-09 12:13:32.825  1086  1254 I ASH     : @ 969683.627: tcs3701: stop power rail pending_off timer
01-09 12:13:32.825  1086  1254 D ASH     : @ 969683.627: tcs3701: start power rail timer, state:3
01-09 12:13:32.865  1086  1254 I ASH     : @ 969683.667: tcs3701: stop power rail pending_off timer
01-09 12:13:32.865  1086  1254 D ASH     : @ 969683.667: tcs3701: start power rail timer, state:3
01-09 12:13:32.905  1086  1254 I ASH     : @ 969683.707: tcs3701: stop power rail pending_off timer
01-09 12:13:32.905  1086  1254 D ASH     : @ 969683.707: tcs3701: start power rail timer, state:3
01-09 12:13:32.945  1086  1254 I ASH     : @ 969683.747: tcs3701: stop power rail pending_off timer
01-09 12:13:32.945  1086  1254 D ASH     : @ 969683.747: tcs3701: start power rail timer, state:3
01-09 12:13:32.985  1086  1254 I ASH     : @ 969683.787: tcs3701: stop power rail pending_off timer
01-09 12:13:32.985  1086  1254 D ASH     : @ 969683.787: tcs3701: start power rail timer, state:3
01-09 12:13:33.025  1086  1254 I ASH     : @ 969683.827: tcs3701: stop power rail pending_off timer
01-09 12:13:33.025  1086  1254 D ASH     : @ 969683.827: tcs3701: start power rail timer, state:3
01-09 12:13:33.065  1086  1254 I ASH     : @ 969683.867: tcs3701: stop power rail pending_off timer
01-09 12:13:33.065  1086  1254 D ASH     : @ 969683.867: tcs3701: start power rail timer, state:3
01-09 12:13:33.105  1086  1254 I ASH     : @ 969683.907: tcs3701: stop power rail pending_off timer
01-09 12:13:33.105  1086  1254 D ASH     : @ 969683.907: tcs3701: start power rail timer, state:3
01-09 12:13:33.145  1086  1254 I ASH     : @ 969683.947: tcs3701: stop power rail pending_off timer
01-09 12:13:33.145  1086  1254 D ASH     : @ 969683.947: tcs3701: start power rail timer, state:3
01-09 12:13:33.185  1086  1254 I ASH     : @ 969683.987: tcs3701: stop power rail pending_off timer
01-09 12:13:33.185  1086  1254 D ASH     : @ 969683.987: tcs3701: start power rail timer, state:3
01-09 12:13:33.225  1086  1254 I ASH     : @ 969684.027: tcs3701: stop power rail pending_off timer
01-09 12:13:33.225  1086  1254 D ASH     : @ 969684.027: tcs3701: start power rail timer, state:3
01-09 12:13:33.265  1086  1254 I ASH     : @ 969684.067: tcs3701: stop power rail pending_off timer
01-09 12:13:33.265  1086  1254 D ASH     : @ 969684.067: tcs3701: start power rail timer, state:3
01-09 12:13:33.305  1086  1254 I ASH     : @ 969684.107: tcs3701: stop power rail pending_off timer
01-09 12:13:33.305  1086  1254 D ASH     : @ 969684.107: tcs3701: start power rail timer, state:3
01-09 12:13:33.345  1086  1254 I ASH     : @ 969684.147: tcs3701: stop power rail pending_off timer
01-09 12:13:33.345  1086  1254 D ASH     : @ 969684.147: tcs3701: start power rail timer, state:3
01-09 12:13:33.385  1086  1254 I ASH     : @ 969684.187: tcs3701: stop power rail pending_off timer
01-09 12:13:33.385  1086  1254 D ASH     : @ 969684.187: tcs3701: start power rail timer, state:3
01-09 12:13:33.425  1086  1254 I ASH     : @ 969684.227: tcs3701: stop power rail pending_off timer
01-09 12:13:33.425  1086  1254 D ASH     : @ 969684.227: tcs3701: start power rail timer, state:3
01-09 12:13:33.465  1086  1254 I ASH     : @ 969684.267: tcs3701: stop power rail pending_off timer
01-09 12:13:33.465  1086  1254 D ASH     : @ 969684.267: tcs3701: start power rail timer, state:3
01-09 12:13:33.505  1086  1254 I ASH     : @ 969684.307: tcs3701: stop power rail pending_off timer
01-09 12:13:33.505  1086  1254 D ASH     : @ 969684.307: tcs3701: start power rail timer, state:3
01-09 12:13:33.546  1086  1254 I ASH     : @ 969684.347: tcs3701: stop power rail pending_off timer
01-09 12:13:33.546  1086  1254 D ASH     : @ 969684.347: tcs3701: start power rail timer, state:3
01-09 12:13:33.585  1086  1254 I ASH     : @ 969684.387: tcs3701: stop power rail pending_off timer
01-09 12:13:33.585  1086  1254 D ASH     : @ 969684.387: tcs3701: start power rail timer, state:3
01-09 12:13:33.625  1086  1254 I ASH     : @ 969684.427: tcs3701: stop power rail pending_off timer
01-09 12:13:33.625  1086  1254 D ASH     : @ 969684.427: tcs3701: start power rail timer, state:3
01-09 12:13:33.665  1086  1254 I ASH     : @ 969684.467: tcs3701: stop power rail pending_off timer
01-09 12:13:33.665  1086  1254 D ASH     : @ 969684.467: tcs3701: start power rail timer, state:3
01-09 12:13:33.705  1086  1254 I ASH     : @ 969684.507: tcs3701: stop power rail pending_off timer
01-09 12:13:33.705  1086  1254 D ASH     : @ 969684.507: tcs3701: start power rail timer, state:3
01-09 12:13:33.745  1086  1254 I ASH     : @ 969684.547: tcs3701: stop power rail pending_off timer
01-09 12:13:33.745  1086  1254 D ASH     : @ 969684.547: tcs3701: start power rail timer, state:3
01-09 12:13:33.785  1086  1254 I ASH     : @ 969684.587: tcs3701: stop power rail pending_off timer
01-09 12:13:33.785  1086  1254 D ASH     : @ 969684.587: tcs3701: start power rail timer, state:3
01-09 12:13:33.825  1086  1254 I ASH     : @ 969684.627: tcs3701: stop power rail pending_off timer
01-09 12:13:33.825  1086  1254 D ASH     : @ 969684.627: tcs3701: start power rail timer, state:3
01-09 12:13:33.868  1086  1254 I ASH     : @ 969684.667: tcs3701: stop power rail pending_off timer
01-09 12:13:33.868  1086  1254 D ASH     : @ 969684.667: tcs3701: start power rail timer, state:3
01-09 12:13:33.905  1086  1254 I ASH     : @ 969684.707: tcs3701: stop power rail pending_off timer
01-09 12:13:33.905  1086  1254 D ASH     : @ 969684.707: tcs3701: start power rail timer, state:3
01-09 12:13:33.945  1086  1254 I ASH     : @ 969684.747: tcs3701: stop power rail pending_off timer
01-09 12:13:33.946  1086  1254 D ASH     : @ 969684.747: tcs3701: start power rail timer, state:3
01-09 12:13:33.985  1086  1254 I ASH     : @ 969684.787: tcs3701: stop power rail pending_off timer
01-09 12:13:33.985  1086  1254 D ASH     : @ 969684.787: tcs3701: start power rail timer, state:3
01-09 12:13:34.025  1086  1254 I ASH     : @ 969684.827: tcs3701: stop power rail pending_off timer
01-09 12:13:34.025  1086  1254 D ASH     : @ 969684.827: tcs3701: start power rail timer, state:3
01-09 12:13:34.065  1086  1254 I ASH     : @ 969684.867: tcs3701: stop power rail pending_off timer
01-09 12:13:34.065  1086  1254 D ASH     : @ 969684.867: tcs3701: start power rail timer, state:3
01-09 12:13:34.072  1785  2464 E WifiScoringParams: Invalid frequency(-1), using 5G as default rssi array
01-09 12:13:34.106  1086  1254 I ASH     : @ 969684.907: tcs3701: stop power rail pending_off timer
01-09 12:13:34.106  1086  1254 D ASH     : @ 969684.907: tcs3701: start power rail timer, state:3
01-09 12:13:34.145  1086  1254 I ASH     : @ 969684.947: tcs3701: stop power rail pending_off timer
01-09 12:13:34.145  1086  1254 D ASH     : @ 969684.947: tcs3701: start power rail timer, state:3
01-09 12:13:34.185  1086  1254 I ASH     : @ 969684.987: tcs3701: stop power rail pending_off timer
01-09 12:13:34.185  1086  1254 D ASH     : @ 969684.987: tcs3701: start power rail timer, state:3
01-09 12:13:34.225  1086  1254 I ASH     : @ 969685.027: tcs3701: stop power rail pending_off timer
01-09 12:13:34.225  1086  1254 D ASH     : @ 969685.027: tcs3701: start power rail timer, state:3
01-09 12:13:34.267  1086  1254 I ASH     : @ 969685.067: tcs3701: stop power rail pending_off timer
01-09 12:13:34.267  1086  1254 D ASH     : @ 969685.067: tcs3701: start power rail timer, state:3
01-09 12:13:34.305  1086  1254 I ASH     : @ 969685.107: tcs3701: stop power rail pending_off timer
01-09 12:13:34.305  1086  1254 D ASH     : @ 969685.107: tcs3701: start power rail timer, state:3
01-09 12:13:34.345  1086  1254 I ASH     : @ 969685.147: tcs3701: stop power rail pending_off timer
01-09 12:13:34.345  1086  1254 D ASH     : @ 969685.147: tcs3701: start power rail timer, state:3
01-09 12:13:34.385  1086  1254 I ASH     : @ 969685.187: tcs3701: stop power rail pending_off timer
01-09 12:13:34.385  1086  1254 D ASH     : @ 969685.187: tcs3701: start power rail timer, state:3
01-09 12:13:34.425  1086  1254 I ASH     : @ 969685.227: tcs3701: stop power rail pending_off timer
01-09 12:13:34.425  1086  1254 D ASH     : @ 969685.227: tcs3701: start power rail timer, state:3
01-09 12:13:34.465  1086  1254 I ASH     : @ 969685.267: tcs3701: stop power rail pending_off timer
01-09 12:13:34.465  1086  1254 D ASH     : @ 969685.267: tcs3701: start power rail timer, state:3
01-09 12:13:34.505  1086  1254 I ASH     : @ 969685.307: tcs3701: stop power rail pending_off timer
01-09 12:13:34.505  1086  1254 D ASH     : @ 969685.307: tcs3701: start power rail timer, state:3
01-09 12:13:34.545  1086  1254 I ASH     : @ 969685.347: tcs3701: stop power rail pending_off timer
01-09 12:13:34.545  1086  1254 D ASH     : @ 969685.347: tcs3701: start power rail timer, state:3
01-09 12:13:34.585  1086  1254 I ASH     : @ 969685.387: tcs3701: stop power rail pending_off timer
01-09 12:13:34.585  1086  1254 D ASH     : @ 969685.387: tcs3701: start power rail timer, state:3
01-09 12:13:34.625  1086  1254 I ASH     : @ 969685.427: tcs3701: stop power rail pending_off timer
01-09 12:13:34.625  1086  1254 D ASH     : @ 969685.427: tcs3701: start power rail timer, state:3
01-09 12:13:34.665  1086  1254 I ASH     : @ 969685.467: tcs3701: stop power rail pending_off timer
01-09 12:13:34.665  1086  1254 D ASH     : @ 969685.467: tcs3701: start power rail timer, state:3
01-09 12:13:34.705  1086  1254 I ASH     : @ 969685.507: tcs3701: stop power rail pending_off timer
01-09 12:13:34.706  1086  1254 D ASH     : @ 969685.507: tcs3701: start power rail timer, state:3
01-09 12:13:34.745  1086  1254 I ASH     : @ 969685.547: tcs3701: stop power rail pending_off timer
01-09 12:13:34.745  1086  1254 D ASH     : @ 969685.547: tcs3701: start power rail timer, state:3
01-09 12:13:34.785  1086  1254 I ASH     : @ 969685.587: tcs3701: stop power rail pending_off timer
01-09 12:13:34.785  1086  1254 D ASH     : @ 969685.587: tcs3701: start power rail timer, state:3
01-09 12:13:34.825  1086  1254 I ASH     : @ 969685.627: tcs3701: stop power rail pending_off timer
01-09 12:13:34.825  1086  1254 D ASH     : @ 969685.627: tcs3701: start power rail timer, state:3
01-09 12:13:34.865  1086  1254 I ASH     : @ 969685.667: tcs3701: stop power rail pending_off timer
01-09 12:13:34.865  1086  1254 D ASH     : @ 969685.667: tcs3701: start power rail timer, state:3
01-09 12:13:34.905  1086  1254 I ASH     : @ 969685.707: tcs3701: stop power rail pending_off timer
01-09 12:13:34.905  1086  1254 D ASH     : @ 969685.707: tcs3701: start power rail timer, state:3
01-09 12:13:34.945  1086  1254 I ASH     : @ 969685.747: tcs3701: stop power rail pending_off timer
01-09 12:13:34.945  1086  1254 D ASH     : @ 969685.747: tcs3701: start power rail timer, state:3
01-09 12:13:34.985  1086  1254 I ASH     : @ 969685.787: tcs3701: stop power rail pending_off timer
01-09 12:13:34.985  1086  1254 D ASH     : @ 969685.787: tcs3701: start power rail timer, state:3
01-09 12:13:35.025  1086  1254 I ASH     : @ 969685.827: tcs3701: stop power rail pending_off timer
01-09 12:13:35.025  1086  1254 D ASH     : @ 969685.827: tcs3701: start power rail timer, state:3
01-09 12:13:35.065  1086  1254 I ASH     : @ 969685.867: tcs3701: stop power rail pending_off timer
01-09 12:13:35.065  1086  1254 D ASH     : @ 969685.867: tcs3701: start power rail timer, state:3
01-09 12:13:35.106  1086  1254 I ASH     : @ 969685.907: tcs3701: stop power rail pending_off timer
01-09 12:13:35.106  1086  1254 D ASH     : @ 969685.907: tcs3701: start power rail timer, state:3
01-09 12:13:35.145  1086  1254 I ASH     : @ 969685.947: tcs3701: stop power rail pending_off timer
01-09 12:13:35.145  1086  1254 D ASH     : @ 969685.947: tcs3701: start power rail timer, state:3
01-09 12:13:35.185  1086  1254 I ASH     : @ 969685.987: tcs3701: stop power rail pending_off timer
01-09 12:13:35.185  1086  1254 D ASH     : @ 969685.987: tcs3701: start power rail timer, state:3
01-09 12:13:35.225  1086  1254 I ASH     : @ 969686.027: tcs3701: stop power rail pending_off timer
01-09 12:13:35.225  1086  1254 D ASH     : @ 969686.027: tcs3701: start power rail timer, state:3
01-09 12:13:35.265  1086  1254 I ASH     : @ 969686.067: tcs3701: stop power rail pending_off timer
01-09 12:13:35.265  1086  1254 D ASH     : @ 969686.067: tcs3701: start power rail timer, state:3
01-09 12:13:35.305  1086  1254 I ASH     : @ 969686.107: tcs3701: stop power rail pending_off timer
01-09 12:13:35.305  1086  1254 D ASH     : @ 969686.107: tcs3701: start power rail timer, state:3
01-09 12:13:35.345  1086  1254 I ASH     : @ 969686.147: tcs3701: stop power rail pending_off timer
01-09 12:13:35.345  1086  1254 D ASH     : @ 969686.147: tcs3701: start power rail timer, state:3
01-09 12:13:35.385  1086  1254 I ASH     : @ 969686.187: tcs3701: stop power rail pending_off timer
01-09 12:13:35.385  1086  1254 D ASH     : @ 969686.187: tcs3701: start power rail timer, state:3
01-09 12:13:35.425  1086  1254 I ASH     : @ 969686.227: tcs3701: stop power rail pending_off timer
01-09 12:13:35.425  1086  1254 D ASH     : @ 969686.227: tcs3701: start power rail timer, state:3
01-09 12:13:35.465  1086  1254 I ASH     : @ 969686.267: tcs3701: stop power rail pending_off timer
01-09 12:13:35.465  1086  1254 D ASH     : @ 969686.267: tcs3701: start power rail timer, state:3
01-09 12:13:35.505  1086  1254 I ASH     : @ 969686.307: tcs3701: stop power rail pending_off timer
01-09 12:13:35.505  1086  1254 D ASH     : @ 969686.307: tcs3701: start power rail timer, state:3
01-09 12:13:35.545  1086  1254 I ASH     : @ 969686.347: tcs3701: stop power rail pending_off timer
01-09 12:13:35.545  1086  1254 D ASH     : @ 969686.347: tcs3701: start power rail timer, state:3
01-09 12:13:35.585  1086  1254 I ASH     : @ 969686.387: tcs3701: stop power rail pending_off timer
01-09 12:13:35.585  1086  1254 D ASH     : @ 969686.387: tcs3701: start power rail timer, state:3
01-09 12:13:35.625  1086  1254 I ASH     : @ 969686.427: tcs3701: stop power rail pending_off timer
01-09 12:13:35.625  1086  1254 D ASH     : @ 969686.427: tcs3701: start power rail timer, state:3
01-09 12:13:35.665  1086  1254 I ASH     : @ 969686.467: tcs3701: stop power rail pending_off timer
01-09 12:13:35.665  1086  1254 D ASH     : @ 969686.467: tcs3701: start power rail timer, state:3
01-09 12:13:35.705  1086  1254 I ASH     : @ 969686.507: tcs3701: stop power rail pending_off timer
01-09 12:13:35.705  1086  1254 D ASH     : @ 969686.507: tcs3701: start power rail timer, state:3
01-09 12:13:35.745  1086  1254 I ASH     : @ 969686.547: tcs3701: stop power rail pending_off timer
01-09 12:13:35.745  1086  1254 D ASH     : @ 969686.547: tcs3701: start power rail timer, state:3
01-09 12:13:35.785  1086  1254 I ASH     : @ 969686.587: tcs3701: stop power rail pending_off timer
01-09 12:13:35.785  1086  1254 D ASH     : @ 969686.587: tcs3701: start power rail timer, state:3
01-09 12:13:35.825  1086  1254 I ASH     : @ 969686.627: tcs3701: stop power rail pending_off timer
01-09 12:13:35.825  1086  1254 D ASH     : @ 969686.627: tcs3701: start power rail timer, state:3
01-09 12:13:35.865  1086  1254 I ASH     : @ 969686.667: tcs3701: stop power rail pending_off timer
01-09 12:13:35.865  1086  1254 D ASH     : @ 969686.667: tcs3701: start power rail timer, state:3
01-09 12:13:35.905  1086  1254 I ASH     : @ 969686.707: tcs3701: stop power rail pending_off timer
01-09 12:13:35.905  1086  1254 D ASH     : @ 969686.707: tcs3701: start power rail timer, state:3
01-09 12:13:35.945  1086  1254 I ASH     : @ 969686.747: tcs3701: stop power rail pending_off timer
01-09 12:13:35.945  1086  1254 D ASH     : @ 969686.747: tcs3701: start power rail timer, state:3
01-09 12:13:35.985  1086  1254 I ASH     : @ 969686.787: tcs3701: stop power rail pending_off timer
01-09 12:13:35.985  1086  1254 D ASH     : @ 969686.787: tcs3701: start power rail timer, state:3
01-09 12:13:36.025  1086  1254 I ASH     : @ 969686.827: tcs3701: stop power rail pending_off timer
01-09 12:13:36.025  1086  1254 D ASH     : @ 969686.827: tcs3701: start power rail timer, state:3
01-09 12:13:36.065  1086  1254 I ASH     : @ 969686.867: tcs3701: stop power rail pending_off timer
01-09 12:13:36.065  1086  1254 D ASH     : @ 969686.867: tcs3701: start power rail timer, state:3
01-09 12:13:36.105  1086  1254 I ASH     : @ 969686.907: tcs3701: stop power rail pending_off timer
01-09 12:13:36.105  1086  1254 D ASH     : @ 969686.907: tcs3701: start power rail timer, state:3
01-09 12:13:36.145  1086  1254 I ASH     : @ 969686.947: tcs3701: stop power rail pending_off timer
01-09 12:13:36.145  1086  1254 D ASH     : @ 969686.947: tcs3701: start power rail timer, state:3
01-09 12:13:36.185  1086  1254 I ASH     : @ 969686.987: tcs3701: stop power rail pending_off timer
01-09 12:13:36.185  1086  1254 D ASH     : @ 969686.987: tcs3701: start power rail timer, state:3
01-09 12:13:36.225  1086  1254 I ASH     : @ 969687.027: tcs3701: stop power rail pending_off timer
01-09 12:13:36.225  1086  1254 D ASH     : @ 969687.027: tcs3701: start power rail timer, state:3
01-09 12:13:36.265  1086  1254 I ASH     : @ 969687.067: tcs3701: stop power rail pending_off timer
01-09 12:13:36.265  1086  1254 D ASH     : @ 969687.067: tcs3701: start power rail timer, state:3
01-09 12:13:36.307  1086  1254 I ASH     : @ 969687.107: tcs3701: stop power rail pending_off timer
01-09 12:13:36.307  1086  1254 D ASH     : @ 969687.107: tcs3701: start power rail timer, state:3
01-09 12:13:36.345  1086  1254 I ASH     : @ 969687.147: tcs3701: stop power rail pending_off timer
01-09 12:13:36.345  1086  1254 D ASH     : @ 969687.147: tcs3701: start power rail timer, state:3
01-09 12:13:36.385  1086  1254 I ASH     : @ 969687.187: tcs3701: stop power rail pending_off timer
01-09 12:13:36.385  1086  1254 D ASH     : @ 969687.187: tcs3701: start power rail timer, state:3
01-09 12:13:36.425  1086  1254 I ASH     : @ 969687.227: tcs3701: stop power rail pending_off timer
01-09 12:13:36.425  1086  1254 D ASH     : @ 969687.227: tcs3701: start power rail timer, state:3
01-09 12:13:36.465  1086  1254 I ASH     : @ 969687.267: tcs3701: stop power rail pending_off timer
01-09 12:13:36.465  1086  1254 D ASH     : @ 969687.267: tcs3701: start power rail timer, state:3
01-09 12:13:36.505  1086  1254 I ASH     : @ 969687.307: tcs3701: stop power rail pending_off timer
01-09 12:13:36.505  1086  1254 D ASH     : @ 969687.307: tcs3701: start power rail timer, state:3
01-09 12:13:36.545  1086  1254 I ASH     : @ 969687.347: tcs3701: stop power rail pending_off timer
01-09 12:13:36.545  1086  1254 D ASH     : @ 969687.347: tcs3701: start power rail timer, state:3
01-09 12:13:36.585  1086  1254 I ASH     : @ 969687.387: tcs3701: stop power rail pending_off timer
01-09 12:13:36.585  1086  1254 D ASH     : @ 969687.387: tcs3701: start power rail timer, state:3
01-09 12:13:36.625  1086  1254 I ASH     : @ 969687.427: tcs3701: stop power rail pending_off timer
01-09 12:13:36.625  1086  1254 D ASH     : @ 969687.427: tcs3701: start power rail timer, state:3
01-09 12:13:36.665  1086  1254 I ASH     : @ 969687.467: tcs3701: stop power rail pending_off timer
01-09 12:13:36.665  1086  1254 D ASH     : @ 969687.467: tcs3701: start power rail timer, state:3
01-09 12:13:36.705  1086  1254 I ASH     : @ 969687.507: tcs3701: stop power rail pending_off timer
01-09 12:13:36.705  1086  1254 D ASH     : @ 969687.507: tcs3701: start power rail timer, state:3
01-09 12:13:36.745  1086  1254 I ASH     : @ 969687.547: tcs3701: stop power rail pending_off timer
01-09 12:13:36.745  1086  1254 D ASH     : @ 969687.547: tcs3701: start power rail timer, state:3
01-09 12:13:36.785  1086  1254 I ASH     : @ 969687.587: tcs3701: stop power rail pending_off timer
01-09 12:13:36.785  1086  1254 D ASH     : @ 969687.587: tcs3701: start power rail timer, state:3
01-09 12:13:36.825  1086  1254 I ASH     : @ 969687.627: tcs3701: stop power rail pending_off timer
01-09 12:13:36.825  1086  1254 D ASH     : @ 969687.627: tcs3701: start power rail timer, state:3
01-09 12:13:36.865  1086  1254 I ASH     : @ 969687.667: tcs3701: stop power rail pending_off timer
01-09 12:13:36.865  1086  1254 D ASH     : @ 969687.667: tcs3701: start power rail timer, state:3
01-09 12:13:36.905  1086  1254 I ASH     : @ 969687.707: tcs3701: stop power rail pending_off timer
01-09 12:13:36.905  1086  1254 D ASH     : @ 969687.707: tcs3701: start power rail timer, state:3
01-09 12:13:36.945  1086  1254 I ASH     : @ 969687.747: tcs3701: stop power rail pending_off timer
01-09 12:13:36.945  1086  1254 D ASH     : @ 969687.747: tcs3701: start power rail timer, state:3
01-09 12:13:36.985  1086  1254 I ASH     : @ 969687.787: tcs3701: stop power rail pending_off timer
01-09 12:13:36.985  1086  1254 D ASH     : @ 969687.787: tcs3701: start power rail timer, state:3
01-09 12:13:37.025  1086  1254 I ASH     : @ 969687.827: tcs3701: stop power rail pending_off timer
01-09 12:13:37.025  1086  1254 D ASH     : @ 969687.827: tcs3701: start power rail timer, state:3
01-09 12:13:37.065  1086  1254 I ASH     : @ 969687.867: tcs3701: stop power rail pending_off timer
01-09 12:13:37.065  1086  1254 D ASH     : @ 969687.867: tcs3701: start power rail timer, state:3
01-09 12:13:37.105  1086  1254 I ASH     : @ 969687.907: tcs3701: stop power rail pending_off timer
01-09 12:13:37.105  1086  1254 D ASH     : @ 969687.907: tcs3701: start power rail timer, state:3
01-09 12:13:37.145  1086  1254 I ASH     : @ 969687.947: tcs3701: stop power rail pending_off timer
01-09 12:13:37.145  1086  1254 D ASH     : @ 969687.947: tcs3701: start power rail timer, state:3
01-09 12:13:37.168  1785  4024 D WifiNl80211Manager: Scan result ready event
01-09 12:13:37.168  1785  4024 D WifiNative: Scan result ready event
01-09 12:13:37.173  1465  2557 I LOWI-9.0.0.89.f: [LOWI-Scan] lowi_close_record:Scan done in 969671586ms, 17 APs in scan results
01-09 12:13:37.185  1086  1254 I ASH     : @ 969687.987: tcs3701: stop power rail pending_off timer
01-09 12:13:37.185  1086  1254 D ASH     : @ 969687.987: tcs3701: start power rail timer, state:3
01-09 12:13:37.206  1785  2464 D PasspointManager: ANQP entry not found for: be:19:21:f3:26:d4:<>
01-09 12:13:37.206  1785  2464 D PasspointManager: ANQP entry not found for: be:19:21:f3:26:d5:<Villeneuve>
01-09 12:13:37.207  1785  2464 D PasspointManager: ANQP entry not found for: a2:19:21:f2:ee:0d:<>
01-09 12:13:37.207  1785  2464 D PasspointManager: ANQP entry not found for: a2:19:21:f2:ee:0e:<Villeneuve>
01-09 12:13:37.207  1785  2464 D PasspointManager: ANQP entry not found for: 8c:97:ea:c1:f5:64:<Freebox-3485DF>
01-09 12:13:37.225  1086  1254 I ASH     : @ 969688.027: tcs3701: stop power rail pending_off timer
01-09 12:13:37.225  1086  1254 D ASH     : @ 969688.027: tcs3701: start power rail timer, state:3
01-09 12:13:37.265  1086  1254 I ASH     : @ 969688.067: tcs3701: stop power rail pending_off timer
01-09 12:13:37.265  1086  1254 D ASH     : @ 969688.067: tcs3701: start power rail timer, state:3
01-09 12:13:37.305  1086  1254 I ASH     : @ 969688.107: tcs3701: stop power rail pending_off timer
01-09 12:13:37.306  1086  1254 D ASH     : @ 969688.107: tcs3701: start power rail timer, state:3
01-09 12:13:37.345  1086  1254 I ASH     : @ 969688.147: tcs3701: stop power rail pending_off timer
01-09 12:13:37.345  1086  1254 D ASH     : @ 969688.147: tcs3701: start power rail timer, state:3
01-09 12:13:37.385  1086  1254 I ASH     : @ 969688.187: tcs3701: stop power rail pending_off timer
01-09 12:13:37.385  1086  1254 D ASH     : @ 969688.187: tcs3701: start power rail timer, state:3
01-09 12:13:37.425  1086  1254 I ASH     : @ 969688.227: tcs3701: stop power rail pending_off timer
01-09 12:13:37.425  1086  1254 D ASH     : @ 969688.227: tcs3701: start power rail timer, state:3
01-09 12:13:37.465  1086  1254 I ASH     : @ 969688.267: tcs3701: stop power rail pending_off timer
01-09 12:13:37.465  1086  1254 D ASH     : @ 969688.267: tcs3701: start power rail timer, state:3
01-09 12:13:37.505  1086  1254 I ASH     : @ 969688.307: tcs3701: stop power rail pending_off timer
01-09 12:13:37.505  1086  1254 D ASH     : @ 969688.307: tcs3701: start power rail timer, state:3
01-09 12:13:37.545  1086  1254 I ASH     : @ 969688.347: tcs3701: stop power rail pending_off timer
01-09 12:13:37.545  1086  1254 D ASH     : @ 969688.347: tcs3701: start power rail timer, state:3
01-09 12:13:37.585  1086  1254 I ASH     : @ 969688.387: tcs3701: stop power rail pending_off timer
01-09 12:13:37.585  1086  1254 D ASH     : @ 969688.387: tcs3701: start power rail timer, state:3
01-09 12:13:37.625  1086  1254 I ASH     : @ 969688.427: tcs3701: stop power rail pending_off timer
01-09 12:13:37.625  1086  1254 D ASH     : @ 969688.427: tcs3701: start power rail timer, state:3
01-09 12:13:37.632 29542 29560 I Unity   : [showcase] frame cost — paint: fills, strokes, corners, and one image fill the painter refuses at 1080x2340 over 240 frames — tick 0.01 ms, draw mean 0.17 p50 0.17 p95 0.21 max 0.73 ms (5379.2 fps if unpaced)
01-09 12:13:37.632 29542 29560 I Unity   : UnityEngine.DebugLogHandler:Internal_Log(LogType, LogOption, String, Object)
01-09 12:13:37.632 29542 29560 I Unity   : Driftsys.Dashscene.Samples.DashsceneShowcase:Update()
01-09 12:13:37.632 29542 29560 I Unity   : 
01-09 12:13:37.665  1086  1254 I ASH     : @ 969688.467: tcs3701: stop power rail pending_off timer
01-09 12:13:37.665  1086  1254 D ASH     : @ 969688.467: tcs3701: start power rail timer, state:3
01-09 12:13:37.705  1086  1254 I ASH     : @ 969688.507: tcs3701: stop power rail pending_off timer
01-09 12:13:37.705  1086  1254 D ASH     : @ 969688.507: tcs3701: start power rail timer, state:3
01-09 12:13:37.745  1086  1254 I ASH     : @ 969688.547: tcs3701: stop power rail pending_off timer
01-09 12:13:37.745  1086  1254 D ASH     : @ 969688.547: tcs3701: start power rail timer, state:3
01-09 12:13:37.785  1086  1254 I ASH     : @ 969688.587: tcs3701: stop power rail pending_off timer
01-09 12:13:37.785  1086  1254 D ASH     : @ 969688.587: tcs3701: start power rail timer, state:3
01-09 12:13:37.825  1086  1254 I ASH     : @ 969688.627: tcs3701: stop power rail pending_off timer
01-09 12:13:37.825  1086  1254 D ASH     : @ 969688.627: tcs3701: start power rail timer, state:3
01-09 12:13:37.865  1086  1254 I ASH     : @ 969688.667: tcs3701: stop power rail pending_off timer
01-09 12:13:37.865  1086  1254 D ASH     : @ 969688.667: tcs3701: start power rail timer, state:3
01-09 12:13:37.905  1086  1254 I ASH     : @ 969688.707: tcs3701: stop power rail pending_off timer
01-09 12:13:37.905  1086  1254 D ASH     : @ 969688.707: tcs3701: start power rail timer, state:3
01-09 12:13:37.945  1086  1254 I ASH     : @ 969688.747: tcs3701: stop power rail pending_off timer
01-09 12:13:37.945  1086  1254 D ASH     : @ 969688.747: tcs3701: start power rail timer, state:3
01-09 12:13:37.985  1086  1254 I ASH     : @ 969688.787: tcs3701: stop power rail pending_off timer
01-09 12:13:37.985  1086  1254 D ASH     : @ 969688.787: tcs3701: start power rail timer, state:3
01-09 12:13:38.025  1086  1254 I ASH     : @ 969688.827: tcs3701: stop power rail pending_off timer
01-09 12:13:38.025  1086  1254 D ASH     : @ 969688.827: tcs3701: start power rail timer, state:3
01-09 12:13:38.065  1086  1254 I ASH     : @ 969688.867: tcs3701: stop power rail pending_off timer
01-09 12:13:38.065  1086  1254 D ASH     : @ 969688.867: tcs3701: start power rail timer, state:3
01-09 12:13:38.107  1086  1254 I ASH     : @ 969688.907: tcs3701: stop power rail pending_off timer
01-09 12:13:38.107  1086  1254 D ASH     : @ 969688.907: tcs3701: start power rail timer, state:3
01-09 12:13:38.145  1086  1254 I ASH     : @ 969688.947: tcs3701: stop power rail pending_off timer
01-09 12:13:38.145  1086  1254 D ASH     : @ 969688.947: tcs3701: start power rail timer, state:3
01-09 12:13:38.185  1086  1254 I ASH     : @ 969688.987: tcs3701: stop power rail pending_off timer
01-09 12:13:38.185  1086  1254 D ASH     : @ 969688.987: tcs3701: start power rail timer, state:3
01-09 12:13:38.225  1086  1254 I ASH     : @ 969689.027: tcs3701: stop power rail pending_off timer
01-09 12:13:38.225  1086  1254 D ASH     : @ 969689.027: tcs3701: start power rail timer, state:3
01-09 12:13:38.265  1086  1254 I ASH     : @ 969689.067: tcs3701: stop power rail pending_off timer
01-09 12:13:38.265  1086  1254 D ASH     : @ 969689.067: tcs3701: start power rail timer, state:3
01-09 12:13:38.305  1086  1254 I ASH     : @ 969689.107: tcs3701: stop power rail pending_off timer
01-09 12:13:38.305  1086  1254 D ASH     : @ 969689.107: tcs3701: start power rail timer, state:3
01-09 12:13:38.345  1086  1254 I ASH     : @ 969689.147: tcs3701: stop power rail pending_off timer
01-09 12:13:38.345  1086  1254 D ASH     : @ 969689.147: tcs3701: start power rail timer, state:3
01-09 12:13:38.385  1086  1254 I ASH     : @ 969689.187: tcs3701: stop power rail pending_off timer
01-09 12:13:38.385  1086  1254 D ASH     : @ 969689.187: tcs3701: start power rail timer, state:3
01-09 12:13:38.425  1086  1254 I ASH     : @ 969689.227: tcs3701: stop power rail pending_off timer
01-09 12:13:38.425  1086  1254 D ASH     : @ 969689.227: tcs3701: start power rail timer, state:3
01-09 12:13:38.465  1086  1254 I ASH     : @ 969689.267: tcs3701: stop power rail pending_off timer
01-09 12:13:38.465  1086  1254 D ASH     : @ 969689.267: tcs3701: start power rail timer, state:3
01-09 12:13:38.505  1086  1254 I ASH     : @ 969689.307: tcs3701: stop power rail pending_off timer
01-09 12:13:38.505  1086  1254 D ASH     : @ 969689.307: tcs3701: start power rail timer, state:3
01-09 12:13:38.545  1086  1254 I ASH     : @ 969689.347: tcs3701: stop power rail pending_off timer
01-09 12:13:38.545  1086  1254 D ASH     : @ 969689.347: tcs3701: start power rail timer, state:3
01-09 12:13:38.585  1086  1254 I ASH     : @ 969689.387: tcs3701: stop power rail pending_off timer
01-09 12:13:38.585  1086  1254 D ASH     : @ 969689.387: tcs3701: start power rail timer, state:3
01-09 12:13:38.625  1086  1254 I ASH     : @ 969689.427: tcs3701: stop power rail pending_off timer
01-09 12:13:38.625  1086  1254 D ASH     : @ 969689.427: tcs3701: start power rail timer, state:3
01-09 12:13:38.665  1086  1254 I ASH     : @ 969689.467: tcs3701: stop power rail pending_off timer
01-09 12:13:38.665  1086  1254 D ASH     : @ 969689.467: tcs3701: start power rail timer, state:3
01-09 12:13:38.705  1086  1254 I ASH     : @ 969689.507: tcs3701: stop power rail pending_off timer
01-09 12:13:38.705  1086  1254 D ASH     : @ 969689.507: tcs3701: start power rail timer, state:3
01-09 12:13:38.745  1086  1254 I ASH     : @ 969689.547: tcs3701: stop power rail pending_off timer
01-09 12:13:38.745  1086  1254 D ASH     : @ 969689.547: tcs3701: start power rail timer, state:3
01-09 12:13:38.785  1086  1254 I ASH     : @ 969689.587: tcs3701: stop power rail pending_off timer
01-09 12:13:38.785  1086  1254 D ASH     : @ 969689.587: tcs3701: start power rail timer, state:3
01-09 12:13:38.825  1086  1254 I ASH     : @ 969689.627: tcs3701: stop power rail pending_off timer
01-09 12:13:38.825  1086  1254 D ASH     : @ 969689.627: tcs3701: start power rail timer, state:3
01-09 12:13:38.861  5908  6007 I PhenotypeProcessReaper: Memory state is: 125
01-09 12:13:38.861  3450  4410 I PhenotypeProcessReaper: Memory state is: 200
01-09 12:13:38.861  4821  6204 W ProcessReaper: Memory state is: 300
01-09 12:13:38.865  1086  1254 I ASH     : @ 969689.667: tcs3701: stop power rail pending_off timer
01-09 12:13:38.865  1086  1254 D ASH     : @ 969689.667: tcs3701: start power rail timer, state:3
01-09 12:13:38.905  1086  1254 I ASH     : @ 969689.707: tcs3701: stop power rail pending_off timer
01-09 12:13:38.905  1086  1254 D ASH     : @ 969689.707: tcs3701: start power rail timer, state:3
01-09 12:13:38.945  1086  1254 I ASH     : @ 969689.747: tcs3701: stop power rail pending_off timer
01-09 12:13:38.945  1086  1254 D ASH     : @ 969689.747: tcs3701: start power rail timer, state:3
01-09 12:13:38.985  1086  1254 I ASH     : @ 969689.787: tcs3701: stop power rail pending_off timer
01-09 12:13:38.985  1086  1254 D ASH     : @ 969689.787: tcs3701: start power rail timer, state:3
01-09 12:13:39.025  1086  1254 I ASH     : @ 969689.827: tcs3701: stop power rail pending_off timer
01-09 12:13:39.025  1086  1254 D ASH     : @ 969689.827: tcs3701: start power rail timer, state:3
01-09 12:13:39.065  1086  1254 I ASH     : @ 969689.867: tcs3701: stop power rail pending_off timer
01-09 12:13:39.065  1086  1254 D ASH     : @ 969689.867: tcs3701: start power rail timer, state:3
01-09 12:13:39.105  1086  1254 I ASH     : @ 969689.907: tcs3701: stop power rail pending_off timer
01-09 12:13:39.105  1086  1254 D ASH     : @ 969689.907: tcs3701: start power rail timer, state:3
01-09 12:13:39.145  1086  1254 I ASH     : @ 969689.947: tcs3701: stop power rail pending_off timer
01-09 12:13:39.145  1086  1254 D ASH     : @ 969689.947: tcs3701: start power rail timer, state:3
01-09 12:13:39.185  1086  1254 I ASH     : @ 969689.987: tcs3701: stop power rail pending_off timer
01-09 12:13:39.185  1086  1254 D ASH     : @ 969689.987: tcs3701: start power rail timer, state:3
01-09 12:13:39.225  1086  1254 I ASH     : @ 969690.027: tcs3701: stop power rail pending_off timer
01-09 12:13:39.225  1086  1254 D ASH     : @ 969690.027: tcs3701: start power rail timer, state:3
01-09 12:13:39.265  1086  1254 I ASH     : @ 969690.067: tcs3701: stop power rail pending_off timer
01-09 12:13:39.265  1086  1254 D ASH     : @ 969690.067: tcs3701: start power rail timer, state:3
01-09 12:13:39.305  1086  1254 I ASH     : @ 969690.107: tcs3701: stop power rail pending_off timer
01-09 12:13:39.305  1086  1254 D ASH     : @ 969690.107: tcs3701: start power rail timer, state:3
01-09 12:13:39.345  1086  1254 I ASH     : @ 969690.147: tcs3701: stop power rail pending_off timer
01-09 12:13:39.345  1086  1254 D ASH     : @ 969690.147: tcs3701: start power rail timer, state:3
01-09 12:13:39.385  1086  1254 I ASH     : @ 969690.187: tcs3701: stop power rail pending_off timer
01-09 12:13:39.385  1086  1254 D ASH     : @ 969690.187: tcs3701: start power rail timer, state:3
01-09 12:13:39.425  1086  1254 I ASH     : @ 969690.227: tcs3701: stop power rail pending_off timer
01-09 12:13:39.425  1086  1254 D ASH     : @ 969690.227: tcs3701: start power rail timer, state:3
01-09 12:13:39.465  1086  1254 I ASH     : @ 969690.267: tcs3701: stop power rail pending_off timer
01-09 12:13:39.465  1086  1254 D ASH     : @ 969690.267: tcs3701: start power rail timer, state:3
01-09 12:13:39.505  1086  1254 I ASH     : @ 969690.307: tcs3701: stop power rail pending_off timer
01-09 12:13:39.505  1086  1254 D ASH     : @ 969690.307: tcs3701: start power rail timer, state:3
01-09 12:13:39.545  1086  1254 I ASH     : @ 969690.347: tcs3701: stop power rail pending_off timer
01-09 12:13:39.545  1086  1254 D ASH     : @ 969690.347: tcs3701: start power rail timer, state:3
01-09 12:13:39.585  1086  1254 I ASH     : @ 969690.387: tcs3701: stop power rail pending_off timer
01-09 12:13:39.585  1086  1254 D ASH     : @ 969690.387: tcs3701: start power rail timer, state:3
01-09 12:13:39.625  1086  1254 I ASH     : @ 969690.427: tcs3701: stop power rail pending_off timer
01-09 12:13:39.625  1086  1254 D ASH     : @ 969690.427: tcs3701: start power rail timer, state:3
01-09 12:13:39.665  1086  1254 I ASH     : @ 969690.467: tcs3701: stop power rail pending_off timer
01-09 12:13:39.665  1086  1254 D ASH     : @ 969690.467: tcs3701: start power rail timer, state:3
01-09 12:13:39.705  1086  1254 I ASH     : @ 969690.507: tcs3701: stop power rail pending_off timer
01-09 12:13:39.705  1086  1254 D ASH     : @ 969690.507: tcs3701: start power rail timer, state:3
01-09 12:13:39.745  1086  1254 I ASH     : @ 969690.547: tcs3701: stop power rail pending_off timer
01-09 12:13:39.746  1086  1254 D ASH     : @ 969690.547: tcs3701: start power rail timer, state:3
01-09 12:13:39.785  1086  1254 I ASH     : @ 969690.587: tcs3701: stop power rail pending_off timer
01-09 12:13:39.785  1086  1254 D ASH     : @ 969690.587: tcs3701: start power rail timer, state:3
01-09 12:13:39.825  1086  1254 I ASH     : @ 969690.627: tcs3701: stop power rail pending_off timer
01-09 12:13:39.825  1086  1254 D ASH     : @ 969690.627: tcs3701: start power rail timer, state:3
01-09 12:13:39.865  1086  1254 I ASH     : @ 969690.667: tcs3701: stop power rail pending_off timer
01-09 12:13:39.865  1086  1254 D ASH     : @ 969690.667: tcs3701: start power rail timer, state:3
01-09 12:13:39.905  1086  1254 I ASH     : @ 969690.707: tcs3701: stop power rail pending_off timer
01-09 12:13:39.905  1086  1254 D ASH     : @ 969690.707: tcs3701: start power rail timer, state:3
01-09 12:13:39.945  1086  1254 I ASH     : @ 969690.747: tcs3701: stop power rail pending_off timer
01-09 12:13:39.945  1086  1254 D ASH     : @ 969690.747: tcs3701: start power rail timer, state:3
01-09 12:13:39.985  1086  1254 I ASH     : @ 969690.787: tcs3701: stop power rail pending_off timer
01-09 12:13:39.985  1086  1254 D ASH     : @ 969690.787: tcs3701: start power rail timer, state:3
01-09 12:13:40.025  1086  1254 I ASH     : @ 969690.827: tcs3701: stop power rail pending_off timer
01-09 12:13:40.025  1086  1254 D ASH     : @ 969690.827: tcs3701: start power rail timer, state:3
01-09 12:13:40.065  1086  1254 I ASH     : @ 969690.867: tcs3701: stop power rail pending_off timer
01-09 12:13:40.065  1086  1254 D ASH     : @ 969690.867: tcs3701: start power rail timer, state:3
01-09 12:13:40.105  1086  1254 I ASH     : @ 969690.907: tcs3701: stop power rail pending_off timer
01-09 12:13:40.105  1086  1254 D ASH     : @ 969690.907: tcs3701: start power rail timer, state:3
01-09 12:13:40.145  1086  1254 I ASH     : @ 969690.947: tcs3701: stop power rail pending_off timer
01-09 12:13:40.145  1086  1254 D ASH     : @ 969690.947: tcs3701: start power rail timer, state:3
01-09 12:13:40.185  1086  1254 I ASH     : @ 969690.987: tcs3701: stop power rail pending_off timer
01-09 12:13:40.185  1086  1254 D ASH     : @ 969690.987: tcs3701: start power rail timer, state:3
01-09 12:13:40.225  1086  1254 I ASH     : @ 969691.027: tcs3701: stop power rail pending_off timer
01-09 12:13:40.225  1086  1254 D ASH     : @ 969691.027: tcs3701: start power rail timer, state:3
01-09 12:13:40.265  1086  1254 I ASH     : @ 969691.067: tcs3701: stop power rail pending_off timer
01-09 12:13:40.266  1086  1254 D ASH     : @ 969691.067: tcs3701: start power rail timer, state:3
01-09 12:13:40.305  1086  1254 I ASH     : @ 969691.107: tcs3701: stop power rail pending_off timer
01-09 12:13:40.305  1086  1254 D ASH     : @ 969691.107: tcs3701: start power rail timer, state:3
01-09 12:13:40.345  1086  1254 I ASH     : @ 969691.147: tcs3701: stop power rail pending_off timer
01-09 12:13:40.345  1086  1254 D ASH     : @ 969691.147: tcs3701: start power rail timer, state:3
01-09 12:13:40.385  1086  1254 I ASH     : @ 969691.187: tcs3701: stop power rail pending_off timer
01-09 12:13:40.385  1086  1254 D ASH     : @ 969691.187: tcs3701: start power rail timer, state:3
01-09 12:13:40.425  1086  1254 I ASH     : @ 969691.227: tcs3701: stop power rail pending_off timer
01-09 12:13:40.425  1086  1254 D ASH     : @ 969691.227: tcs3701: start power rail timer, state:3
01-09 12:13:40.465  1086  1254 I ASH     : @ 969691.267: tcs3701: stop power rail pending_off timer
01-09 12:13:40.465  1086  1254 D ASH     : @ 969691.267: tcs3701: start power rail timer, state:3
01-09 12:13:40.505  1086  1254 I ASH     : @ 969691.307: tcs3701: stop power rail pending_off timer
01-09 12:13:40.505  1086  1254 D ASH     : @ 969691.307: tcs3701: start power rail timer, state:3
01-09 12:13:40.545  1086  1254 I ASH     : @ 969691.347: tcs3701: stop power rail pending_off timer
01-09 12:13:40.545  1086  1254 D ASH     : @ 969691.347: tcs3701: start power rail timer, state:3
01-09 12:13:40.585  1086  1254 I ASH     : @ 969691.387: tcs3701: stop power rail pending_off timer
01-09 12:13:40.585  1086  1254 D ASH     : @ 969691.387: tcs3701: start power rail timer, state:3
01-09 12:13:40.625  1086  1254 I ASH     : @ 969691.427: tcs3701: stop power rail pending_off timer
01-09 12:13:40.625  1086  1254 D ASH     : @ 969691.427: tcs3701: start power rail timer, state:3
01-09 12:13:40.665  1086  1254 I ASH     : @ 969691.467: tcs3701: stop power rail pending_off timer
01-09 12:13:40.665  1086  1254 D ASH     : @ 969691.467: tcs3701: start power rail timer, state:3
01-09 12:13:40.705  1086  1254 I ASH     : @ 969691.507: tcs3701: stop power rail pending_off timer
01-09 12:13:40.705  1086  1254 D ASH     : @ 969691.507: tcs3701: start power rail timer, state:3
01-09 12:13:40.745  1086  1254 I ASH     : @ 969691.547: tcs3701: stop power rail pending_off timer
01-09 12:13:40.745  1086  1254 D ASH     : @ 969691.547: tcs3701: start power rail timer, state:3
01-09 12:13:40.785  1086  1254 I ASH     : @ 969691.587: tcs3701: stop power rail pending_off timer
01-09 12:13:40.785  1086  1254 D ASH     : @ 969691.587: tcs3701: start power rail timer, state:3
01-09 12:13:40.825  1086  1254 I ASH     : @ 969691.627: tcs3701: stop power rail pending_off timer
01-09 12:13:40.825  1086  1254 D ASH     : @ 969691.627: tcs3701: start power rail timer, state:3
01-09 12:13:40.865  1086  1254 I ASH     : @ 969691.667: tcs3701: stop power rail pending_off timer
01-09 12:13:40.865  1086  1254 D ASH     : @ 969691.667: tcs3701: start power rail timer, state:3
01-09 12:13:40.905  1086  1254 I ASH     : @ 969691.707: tcs3701: stop power rail pending_off timer
01-09 12:13:40.905  1086  1254 D ASH     : @ 969691.707: tcs3701: start power rail timer, state:3
01-09 12:13:40.945  1086  1254 I ASH     : @ 969691.747: tcs3701: stop power rail pending_off timer
01-09 12:13:40.945  1086  1254 D ASH     : @ 969691.747: tcs3701: start power rail timer, state:3
01-09 12:13:40.985  1086  1254 I ASH     : @ 969691.787: tcs3701: stop power rail pending_off timer
01-09 12:13:40.985  1086  1254 D ASH     : @ 969691.787: tcs3701: start power rail timer, state:3
01-09 12:13:41.025  1086  1254 I ASH     : @ 969691.827: tcs3701: stop power rail pending_off timer
01-09 12:13:41.025  1086  1254 D ASH     : @ 969691.827: tcs3701: start power rail timer, state:3
01-09 12:13:41.065  1086  1254 I ASH     : @ 969691.867: tcs3701: stop power rail pending_off timer
01-09 12:13:41.065  1086  1254 D ASH     : @ 969691.867: tcs3701: start power rail timer, state:3
01-09 12:13:41.105  1086  1254 I ASH     : @ 969691.907: tcs3701: stop power rail pending_off timer
01-09 12:13:41.105  1086  1254 D ASH     : @ 969691.907: tcs3701: start power rail timer, state:3
01-09 12:13:41.145  1086  1254 I ASH     : @ 969691.947: tcs3701: stop power rail pending_off timer
01-09 12:13:41.145  1086  1254 D ASH     : @ 969691.947: tcs3701: start power rail timer, state:3
01-09 12:13:41.185  1086  1254 I ASH     : @ 969691.987: tcs3701: stop power rail pending_off timer
01-09 12:13:41.185  1086  1254 D ASH     : @ 969691.987: tcs3701: start power rail timer, state:3
01-09 12:13:41.225  1086  1254 I ASH     : @ 969692.027: tcs3701: stop power rail pending_off timer
01-09 12:13:41.225  1086  1254 D ASH     : @ 969692.027: tcs3701: start power rail timer, state:3
01-09 12:13:41.265  1086  1254 I ASH     : @ 969692.067: tcs3701: stop power rail pending_off timer
01-09 12:13:41.265  1086  1254 D ASH     : @ 969692.067: tcs3701: start power rail timer, state:3
01-09 12:13:41.305  1086  1254 I ASH     : @ 969692.107: tcs3701: stop power rail pending_off timer
01-09 12:13:41.305  1086  1254 D ASH     : @ 969692.107: tcs3701: start power rail timer, state:3
01-09 12:13:41.345  1086  1254 I ASH     : @ 969692.147: tcs3701: stop power rail pending_off timer
01-09 12:13:41.345  1086  1254 D ASH     : @ 969692.147: tcs3701: start power rail timer, state:3
01-09 12:13:41.385  1086  1254 I ASH     : @ 969692.187: tcs3701: stop power rail pending_off timer
01-09 12:13:41.385  1086  1254 D ASH     : @ 969692.187: tcs3701: start power rail timer, state:3
01-09 12:13:41.425  1086  1254 I ASH     : @ 969692.227: tcs3701: stop power rail pending_off timer
01-09 12:13:41.425  1086  1254 D ASH     : @ 969692.227: tcs3701: start power rail timer, state:3
01-09 12:13:41.465  1086  1254 I ASH     : @ 969692.267: tcs3701: stop power rail pending_off timer
01-09 12:13:41.465  1086  1254 D ASH     : @ 969692.267: tcs3701: start power rail timer, state:3
01-09 12:13:41.505  1086  1254 I ASH     : @ 969692.307: tcs3701: stop power rail pending_off timer
01-09 12:13:41.505  1086  1254 D ASH     : @ 969692.307: tcs3701: start power rail timer, state:3
01-09 12:13:41.545  1086  1254 I ASH     : @ 969692.347: tcs3701: stop power rail pending_off timer
01-09 12:13:41.545  1086  1254 D ASH     : @ 969692.347: tcs3701: start power rail timer, state:3
01-09 12:13:41.585  1086  1254 I ASH     : @ 969692.387: tcs3701: stop power rail pending_off timer
01-09 12:13:41.585  1086  1254 D ASH     : @ 969692.387: tcs3701: start power rail timer, state:3
01-09 12:13:41.625  1086  1254 I ASH     : @ 969692.427: tcs3701: stop power rail pending_off timer
01-09 12:13:41.625  1086  1254 D ASH     : @ 969692.427: tcs3701: start power rail timer, state:3
01-09 12:13:41.665  1086  1254 I ASH     : @ 969692.467: tcs3701: stop power rail pending_off timer
01-09 12:13:41.665  1086  1254 D ASH     : @ 969692.467: tcs3701: start power rail timer, state:3
01-09 12:13:41.705  1086  1254 I ASH     : @ 969692.507: tcs3701: stop power rail pending_off timer
01-09 12:13:41.705  1086  1254 D ASH     : @ 969692.507: tcs3701: start power rail timer, state:3
01-09 12:13:41.746  1086  1254 I ASH     : @ 969692.547: tcs3701: stop power rail pending_off timer
01-09 12:13:41.746  1086  1254 D ASH     : @ 969692.547: tcs3701: start power rail timer, state:3
01-09 12:13:41.785  1086  1254 I ASH     : @ 969692.587: tcs3701: stop power rail pending_off timer
01-09 12:13:41.785  1086  1254 D ASH     : @ 969692.587: tcs3701: start power rail timer, state:3
01-09 12:13:41.825  1086  1254 I ASH     : @ 969692.627: tcs3701: stop power rail pending_off timer
01-09 12:13:41.825  1086  1254 D ASH     : @ 969692.627: tcs3701: start power rail timer, state:3
01-09 12:13:41.865  1086  1254 I ASH     : @ 969692.667: tcs3701: stop power rail pending_off timer
01-09 12:13:41.865  1086  1254 D ASH     : @ 969692.667: tcs3701: start power rail timer, state:3
01-09 12:13:41.905  1086  1254 I ASH     : @ 969692.707: tcs3701: stop power rail pending_off timer
01-09 12:13:41.905  1086  1254 D ASH     : @ 969692.707: tcs3701: start power rail timer, state:3
01-09 12:13:41.945  1086  1254 I ASH     : @ 969692.747: tcs3701: stop power rail pending_off timer
01-09 12:13:41.945  1086  1254 D ASH     : @ 969692.747: tcs3701: start power rail timer, state:3
01-09 12:13:41.985  1086  1254 I ASH     : @ 969692.787: tcs3701: stop power rail pending_off timer
01-09 12:13:41.985  1086  1254 D ASH     : @ 969692.787: tcs3701: start power rail timer, state:3
01-09 12:13:42.025  1086  1254 I ASH     : @ 969692.827: tcs3701: stop power rail pending_off timer
01-09 12:13:42.025  1086  1254 D ASH     : @ 969692.827: tcs3701: start power rail timer, state:3
01-09 12:13:42.065  1086  1254 I ASH     : @ 969692.867: tcs3701: stop power rail pending_off timer
01-09 12:13:42.065  1086  1254 D ASH     : @ 969692.867: tcs3701: start power rail timer, state:3
01-09 12:13:42.105  1086  1254 I ASH     : @ 969692.907: tcs3701: stop power rail pending_off timer
01-09 12:13:42.105  1086  1254 D ASH     : @ 969692.907: tcs3701: start power rail timer, state:3
01-09 12:13:42.145  1086  1254 I ASH     : @ 969692.947: tcs3701: stop power rail pending_off timer
01-09 12:13:42.145  1086  1254 D ASH     : @ 969692.947: tcs3701: start power rail timer, state:3
01-09 12:13:42.185  1086  1254 I ASH     : @ 969692.987: tcs3701: stop power rail pending_off timer
01-09 12:13:42.185  1086  1254 D ASH     : @ 969692.987: tcs3701: start power rail timer, state:3
01-09 12:13:42.225  1086  1254 I ASH     : @ 969693.027: tcs3701: stop power rail pending_off timer
01-09 12:13:42.225  1086  1254 D ASH     : @ 969693.027: tcs3701: start power rail timer, state:3
01-09 12:13:42.265  1086  1254 I ASH     : @ 969693.067: tcs3701: stop power rail pending_off timer
01-09 12:13:42.265  1086  1254 D ASH     : @ 969693.067: tcs3701: start power rail timer, state:3
01-09 12:13:42.305  1086  1254 I ASH     : @ 969693.107: tcs3701: stop power rail pending_off timer
01-09 12:13:42.305  1086  1254 D ASH     : @ 969693.107: tcs3701: start power rail timer, state:3
01-09 12:13:42.345  1086  1254 I ASH     : @ 969693.147: tcs3701: stop power rail pending_off timer
01-09 12:13:42.345  1086  1254 D ASH     : @ 969693.147: tcs3701: start power rail timer, state:3
01-09 12:13:42.379  2565  2600 D ControlsListingControllerImpl: Subscribing callback, service count: 0
01-09 12:13:42.385  1086  1254 I ASH     : @ 969693.187: tcs3701: stop power rail pending_off timer
01-09 12:13:42.385  1086  1254 D ASH     : @ 969693.187: tcs3701: start power rail timer, state:3
01-09 12:13:42.393  2565  2600 D ControlsListingControllerImpl: Unsubscribing callback
01-09 12:13:42.425  1086  1254 I ASH     : @ 969693.227: tcs3701: stop power rail pending_off timer
01-09 12:13:42.425  1086  1254 D ASH     : @ 969693.227: tcs3701: start power rail timer, state:3
01-09 12:13:42.465  1086  1254 I ASH     : @ 969693.267: tcs3701: stop power rail pending_off timer
01-09 12:13:42.466  1086  1254 D ASH     : @ 969693.267: tcs3701: start power rail timer, state:3
01-09 12:13:42.505  1086  1254 I ASH     : @ 969693.307: tcs3701: stop power rail pending_off timer
01-09 12:13:42.505  1086  1254 D ASH     : @ 969693.307: tcs3701: start power rail timer, state:3
01-09 12:13:42.545  1086  1254 I ASH     : @ 969693.347: tcs3701: stop power rail pending_off timer
01-09 12:13:42.545  1086  1254 D ASH     : @ 969693.347: tcs3701: start power rail timer, state:3
01-09 12:13:42.585  1086  1254 I ASH     : @ 969693.387: tcs3701: stop power rail pending_off timer
01-09 12:13:42.585  1086  1254 D ASH     : @ 969693.387: tcs3701: start power rail timer, state:3
01-09 12:13:42.625  1086  1254 I ASH     : @ 969693.427: tcs3701: stop power rail pending_off timer
01-09 12:13:42.625  1086  1254 D ASH     : @ 969693.427: tcs3701: start power rail timer, state:3
01-09 12:13:42.665  1086  1254 I ASH     : @ 969693.467: tcs3701: stop power rail pending_off timer
01-09 12:13:42.665  1086  1254 D ASH     : @ 969693.467: tcs3701: start power rail timer, state:3
01-09 12:13:42.705  1086  1254 I ASH     : @ 969693.507: tcs3701: stop power rail pending_off timer
01-09 12:13:42.705  1086  1254 D ASH     : @ 969693.507: tcs3701: start power rail timer, state:3
01-09 12:13:42.745  1086  1254 I ASH     : @ 969693.547: tcs3701: stop power rail pending_off timer
01-09 12:13:42.745  1086  1254 D ASH     : @ 969693.547: tcs3701: start power rail timer, state:3
01-09 12:13:42.785  1086  1254 I ASH     : @ 969693.587: tcs3701: stop power rail pending_off timer
01-09 12:13:42.785  1086  1254 D ASH     : @ 969693.587: tcs3701: start power rail timer, state:3
01-09 12:13:42.825  1086  1254 I ASH     : @ 969693.627: tcs3701: stop power rail pending_off timer
01-09 12:13:42.825  1086  1254 D ASH     : @ 969693.627: tcs3701: start power rail timer, state:3
01-09 12:13:42.865  1086  1254 I ASH     : @ 969693.667: tcs3701: stop power rail pending_off timer
01-09 12:13:42.865  1086  1254 D ASH     : @ 969693.667: tcs3701: start power rail timer, state:3
01-09 12:13:42.905  1086  1254 I ASH     : @ 969693.707: tcs3701: stop power rail pending_off timer
01-09 12:13:42.905  1086  1254 D ASH     : @ 969693.707: tcs3701: start power rail timer, state:3
01-09 12:13:42.945  1086  1254 I ASH     : @ 969693.747: tcs3701: stop power rail pending_off timer
01-09 12:13:42.945  1086  1254 D ASH     : @ 969693.747: tcs3701: start power rail timer, state:3
01-09 12:13:42.985  1086  1254 I ASH     : @ 969693.787: tcs3701: stop power rail pending_off timer
01-09 12:13:42.985  1086  1254 D ASH     : @ 969693.787: tcs3701: start power rail timer, state:3
01-09 12:13:43.025  1086  1254 I ASH     : @ 969693.827: tcs3701: stop power rail pending_off timer
01-09 12:13:43.025  1086  1254 D ASH     : @ 969693.827: tcs3701: start power rail timer, state:3
01-09 12:13:43.065  1086  1254 I ASH     : @ 969693.867: tcs3701: stop power rail pending_off timer
01-09 12:13:43.065  1086  1254 D ASH     : @ 969693.867: tcs3701: start power rail timer, state:3
01-09 12:13:43.105  1086  1254 I ASH     : @ 969693.907: tcs3701: stop power rail pending_off timer
01-09 12:13:43.105  1086  1254 D ASH     : @ 969693.907: tcs3701: start power rail timer, state:3
01-09 12:13:43.145  1086  1254 I ASH     : @ 969693.947: tcs3701: stop power rail pending_off timer
01-09 12:13:43.145  1086  1254 D ASH     : @ 969693.947: tcs3701: start power rail timer, state:3
01-09 12:13:43.185  1086  1254 I ASH     : @ 969693.987: tcs3701: stop power rail pending_off timer
01-09 12:13:43.185  1086  1254 D ASH     : @ 969693.987: tcs3701: start power rail timer, state:3
01-09 12:13:43.225  1086  1254 I ASH     : @ 969694.027: tcs3701: stop power rail pending_off timer
01-09 12:13:43.225  1086  1254 D ASH     : @ 969694.027: tcs3701: start power rail timer, state:3
01-09 12:13:43.240  2909  3101 D EuiccConnector: handleMessage: E msg.what=3
01-09 12:13:43.240  2909  3101 D EuiccConnector: processMsg: ConnectedState
01-09 12:13:43.245 22152 22152 I EuiccGoogle: [2] EuiccServiceImpl.onDestroy: onDestroy: EuiccService on destroy.
01-09 12:13:43.246  2909  3101 D EuiccConnector: transitionTo: destState=AvailableState
01-09 12:13:43.246  2909  3101 D EuiccConnector: handleMessage: new destination call exit/enter
01-09 12:13:43.247  2909  3101 D EuiccConnector: setupTempStateStackWithStatesToEnter: X mTempStateStackCount=2,curStateInfo: null
01-09 12:13:43.247  2909  3101 D EuiccConnector: invokeExitMethods: ConnectedState
01-09 12:13:43.247  2909  3101 D EuiccConnector: invokeExitMethods: DisconnectedState
01-09 12:13:43.247  2909  3101 D EuiccConnector: moveTempStackToStateStack: i=1,j=0
01-09 12:13:43.247  2909  3101 D EuiccConnector: moveTempStackToStateStack: i=0,j=1
01-09 12:13:43.247  2909  3101 D EuiccConnector: moveTempStackToStateStack: X mStateStackTop=1,startingIndex=0,Top=AvailableState
01-09 12:13:43.247  2909  3101 D EuiccConnector: invokeEnterMethods: UnavailableState
01-09 12:13:43.247  2909  3101 D EuiccConnector: invokeEnterMethods: AvailableState
01-09 12:13:43.247  2909  3101 D EuiccConnector: handleMessage: X
01-09 12:13:43.265  1086  1254 I ASH     : @ 969694.067: tcs3701: stop power rail pending_off timer
01-09 12:13:43.266  1086  1254 D ASH     : @ 969694.067: tcs3701: start power rail timer, state:3
01-09 12:13:43.305  1086  1254 I ASH     : @ 969694.107: tcs3701: stop power rail pending_off timer
01-09 12:13:43.305  1086  1254 D ASH     : @ 969694.107: tcs3701: start power rail timer, state:3
01-09 12:13:43.345  1086  1254 I ASH     : @ 969694.147: tcs3701: stop power rail pending_off timer
01-09 12:13:43.345  1086  1254 D ASH     : @ 969694.147: tcs3701: start power rail timer, state:3
01-09 12:13:43.386  1086  1254 I ASH     : @ 969694.187: tcs3701: stop power rail pending_off timer
01-09 12:13:43.386  1086  1254 D ASH     : @ 969694.187: tcs3701: start power rail timer, state:3
01-09 12:13:43.425  1086  1254 I ASH     : @ 969694.227: tcs3701: stop power rail pending_off timer
01-09 12:13:43.425  1086  1254 D ASH     : @ 969694.227: tcs3701: start power rail timer, state:3
01-09 12:13:43.465  1086  1254 I ASH     : @ 969694.267: tcs3701: stop power rail pending_off timer
01-09 12:13:43.465  1086  1254 D ASH     : @ 969694.267: tcs3701: start power rail timer, state:3
01-09 12:13:43.505  1086  1254 I ASH     : @ 969694.307: tcs3701: stop power rail pending_off timer
01-09 12:13:43.505  1086  1254 D ASH     : @ 969694.307: tcs3701: start power rail timer, state:3
01-09 12:13:43.545  1086  1254 I ASH     : @ 969694.347: tcs3701: stop power rail pending_off timer
01-09 12:13:43.545  1086  1254 D ASH     : @ 969694.347: tcs3701: start power rail timer, state:3
01-09 12:13:43.585  1086  1254 I ASH     : @ 969694.387: tcs3701: stop power rail pending_off timer
01-09 12:13:43.585  1086  1254 D ASH     : @ 969694.387: tcs3701: start power rail timer, state:3
01-09 12:13:43.625  1086  1254 I ASH     : @ 969694.427: tcs3701: stop power rail pending_off timer
01-09 12:13:43.625  1086  1254 D ASH     : @ 969694.427: tcs3701: start power rail timer, state:3
01-09 12:13:43.665  1086  1254 I ASH     : @ 969694.467: tcs3701: stop power rail pending_off timer
01-09 12:13:43.665  1086  1254 D ASH     : @ 969694.467: tcs3701: start power rail timer, state:3
01-09 12:13:43.705  1086  1254 I ASH     : @ 969694.507: tcs3701: stop power rail pending_off timer
01-09 12:13:43.705  1086  1254 D ASH     : @ 969694.507: tcs3701: start power rail timer, state:3
01-09 12:13:43.741 29542 29560 I Unity   : [showcase] drew layout: a variant set, at rest — nothing here can switch it: 2 instance(s), rung RawBuffer
01-09 12:13:43.741 29542 29560 I Unity   : UnityEngine.DebugLogHandler:Internal_Log(LogType, LogOption, String, Object)
01-09 12:13:43.741 29542 29560 I Unity   : Driftsys.Dashscene.Samples.DashsceneShowcase:Update()
01-09 12:13:43.741 29542 29560 I Unity   : 
01-09 12:13:43.745  1086  1254 I ASH     : @ 969694.547: tcs3701: stop power rail pending_off timer
01-09 12:13:43.745  1086  1254 D ASH     : @ 969694.547: tcs3701: start power rail timer, state:3
01-09 12:13:43.785  1086  1254 I ASH     : @ 969694.587: tcs3701: stop power rail pending_off timer
01-09 12:13:43.785  1086  1254 D ASH     : @ 969694.587: tcs3701: start power rail timer, state:3
01-09 12:13:43.825  1086  1254 I ASH     : @ 969694.627: tcs3701: stop power rail pending_off timer
01-09 12:13:43.825  1086  1254 D ASH     : @ 969694.627: tcs3701: start power rail timer, state:3
01-09 12:13:43.865  1086  1254 I ASH     : @ 969694.667: tcs3701: stop power rail pending_off timer
01-09 12:13:43.866  1086  1254 D ASH     : @ 969694.667: tcs3701: start power rail timer, state:3
01-09 12:13:43.905  1086  1254 I ASH     : @ 969694.707: tcs3701: stop power rail pending_off timer
01-09 12:13:43.905  1086  1254 D ASH     : @ 969694.707: tcs3701: start power rail timer, state:3
01-09 12:13:43.945  1086  1254 I ASH     : @ 969694.747: tcs3701: stop power rail pending_off timer
01-09 12:13:43.945  1086  1254 D ASH     : @ 969694.747: tcs3701: start power rail timer, state:3
01-09 12:13:43.985  1086  1254 I ASH     : @ 969694.787: tcs3701: stop power rail pending_off timer
01-09 12:13:43.985  1086  1254 D ASH     : @ 969694.787: tcs3701: start power rail timer, state:3
01-09 12:13:44.025  1086  1254 I ASH     : @ 969694.827: tcs3701: stop power rail pending_off timer
01-09 12:13:44.025  1086  1254 D ASH     : @ 969694.827: tcs3701: start power rail timer, state:3
01-09 12:13:44.065  1086  1254 I ASH     : @ 969694.867: tcs3701: stop power rail pending_off timer
01-09 12:13:44.065  1086  1254 D ASH     : @ 969694.867: tcs3701: start power rail timer, state:3
01-09 12:13:44.105  1086  1254 I ASH     : @ 969694.907: tcs3701: stop power rail pending_off timer
01-09 12:13:44.105  1086  1254 D ASH     : @ 969694.907: tcs3701: start power rail timer, state:3
01-09 12:13:44.145  1086  1254 I ASH     : @ 969694.947: tcs3701: stop power rail pending_off timer
01-09 12:13:44.145  1086  1254 D ASH     : @ 969694.947: tcs3701: start power rail timer, state:3
01-09 12:13:44.185  1086  1254 I ASH     : @ 969694.987: tcs3701: stop power rail pending_off timer
01-09 12:13:44.185  1086  1254 D ASH     : @ 969694.987: tcs3701: start power rail timer, state:3
01-09 12:13:44.225  1086  1254 I ASH     : @ 969695.027: tcs3701: stop power rail pending_off timer
01-09 12:13:44.225  1086  1254 D ASH     : @ 969695.027: tcs3701: start power rail timer, state:3
01-09 12:13:44.265  1086  1254 I ASH     : @ 969695.067: tcs3701: stop power rail pending_off timer
01-09 12:13:44.265  1086  1254 D ASH     : @ 969695.067: tcs3701: start power rail timer, state:3
01-09 12:13:44.305  1086  1254 I ASH     : @ 969695.107: tcs3701: stop power rail pending_off timer
01-09 12:13:44.305  1086  1254 D ASH     : @ 969695.107: tcs3701: start power rail timer, state:3
01-09 12:13:44.345  1086  1254 I ASH     : @ 969695.147: tcs3701: stop power rail pending_off timer
01-09 12:13:44.345  1086  1254 D ASH     : @ 969695.147: tcs3701: start power rail timer, state:3
01-09 12:13:44.385  1086  1254 I ASH     : @ 969695.187: tcs3701: stop power rail pending_off timer
01-09 12:13:44.385  1086  1254 D ASH     : @ 969695.187: tcs3701: start power rail timer, state:3
01-09 12:13:44.425  1086  1254 I ASH     : @ 969695.227: tcs3701: stop power rail pending_off timer
01-09 12:13:44.425  1086  1254 D ASH     : @ 969695.227: tcs3701: start power rail timer, state:3
01-09 12:13:44.465  1086  1254 I ASH     : @ 969695.267: tcs3701: stop power rail pending_off timer
01-09 12:13:44.465  1086  1254 D ASH     : @ 969695.267: tcs3701: start power rail timer, state:3
01-09 12:13:44.505  1086  1254 I ASH     : @ 969695.307: tcs3701: stop power rail pending_off timer
01-09 12:13:44.505  1086  1254 D ASH     : @ 969695.307: tcs3701: start power rail timer, state:3
01-09 12:13:44.545  1086  1254 I ASH     : @ 969695.347: tcs3701: stop power rail pending_off timer
01-09 12:13:44.545  1086  1254 D ASH     : @ 969695.347: tcs3701: start power rail timer, state:3
01-09 12:13:44.585  1086  1254 I ASH     : @ 969695.387: tcs3701: stop power rail pending_off timer
01-09 12:13:44.585  1086  1254 D ASH     : @ 969695.387: tcs3701: start power rail timer, state:3
01-09 12:13:44.625  1086  1254 I ASH     : @ 969695.427: tcs3701: stop power rail pending_off timer
01-09 12:13:44.625  1086  1254 D ASH     : @ 969695.427: tcs3701: start power rail timer, state:3
01-09 12:13:44.665  1086  1254 I ASH     : @ 969695.467: tcs3701: stop power rail pending_off timer
01-09 12:13:44.665  1086  1254 D ASH     : @ 969695.467: tcs3701: start power rail timer, state:3
01-09 12:13:44.705  1086  1254 I ASH     : @ 969695.507: tcs3701: stop power rail pending_off timer
01-09 12:13:44.705  1086  1254 D ASH     : @ 969695.507: tcs3701: start power rail timer, state:3
01-09 12:13:44.745  1086  1254 I ASH     : @ 969695.547: tcs3701: stop power rail pending_off timer
01-09 12:13:44.745  1086  1254 D ASH     : @ 969695.547: tcs3701: start power rail timer, state:3
01-09 12:13:44.785  1086  1254 I ASH     : @ 969695.587: tcs3701: stop power rail pending_off timer
01-09 12:13:44.785  1086  1254 D ASH     : @ 969695.587: tcs3701: start power rail timer, state:3
01-09 12:13:44.825  1086  1254 I ASH     : @ 969695.627: tcs3701: stop power rail pending_off timer
01-09 12:13:44.825  1086  1254 D ASH     : @ 969695.627: tcs3701: start power rail timer, state:3
01-09 12:13:44.865  1086  1254 I ASH     : @ 969695.667: tcs3701: stop power rail pending_off timer
01-09 12:13:44.865  1086  1254 D ASH     : @ 969695.667: tcs3701: start power rail timer, state:3
01-09 12:13:44.905  1086  1254 I ASH     : @ 969695.707: tcs3701: stop power rail pending_off timer
01-09 12:13:44.905  1086  1254 D ASH     : @ 969695.707: tcs3701: start power rail timer, state:3
01-09 12:13:44.945  1086  1254 I ASH     : @ 969695.747: tcs3701: stop power rail pending_off timer
01-09 12:13:44.945  1086  1254 D ASH     : @ 969695.747: tcs3701: start power rail timer, state:3
01-09 12:13:44.985  1086  1254 I ASH     : @ 969695.787: tcs3701: stop power rail pending_off timer
01-09 12:13:44.985  1086  1254 D ASH     : @ 969695.787: tcs3701: start power rail timer, state:3
01-09 12:13:45.025  1086  1254 I ASH     : @ 969695.827: tcs3701: stop power rail pending_off timer
01-09 12:13:45.025  1086  1254 D ASH     : @ 969695.827: tcs3701: start power rail timer, state:3
01-09 12:13:45.065  1086  1254 I ASH     : @ 969695.867: tcs3701: stop power rail pending_off timer
01-09 12:13:45.065  1086  1254 D ASH     : @ 969695.867: tcs3701: start power rail timer, state:3
01-09 12:13:45.105  1086  1254 I ASH     : @ 969695.907: tcs3701: stop power rail pending_off timer
01-09 12:13:45.105  1086  1254 D ASH     : @ 969695.907: tcs3701: start power rail timer, state:3
01-09 12:13:45.145  1086  1254 I ASH     : @ 969695.947: tcs3701: stop power rail pending_off timer
01-09 12:13:45.145  1086  1254 D ASH     : @ 969695.947: tcs3701: start power rail timer, state:3
01-09 12:13:45.185  1086  1254 I ASH     : @ 969695.987: tcs3701: stop power rail pending_off timer
01-09 12:13:45.185  1086  1254 D ASH     : @ 969695.987: tcs3701: start power rail timer, state:3
01-09 12:13:45.225  1086  1254 I ASH     : @ 969696.027: tcs3701: stop power rail pending_off timer
01-09 12:13:45.225  1086  1254 D ASH     : @ 969696.027: tcs3701: start power rail timer, state:3
01-09 12:13:45.265  1086  1254 I ASH     : @ 969696.067: tcs3701: stop power rail pending_off timer
01-09 12:13:45.265  1086  1254 D ASH     : @ 969696.067: tcs3701: start power rail timer, state:3
01-09 12:13:45.305  1086  1254 I ASH     : @ 969696.107: tcs3701: stop power rail pending_off timer
01-09 12:13:45.305  1086  1254 D ASH     : @ 969696.107: tcs3701: start power rail timer, state:3
01-09 12:13:45.345  1086  1254 I ASH     : @ 969696.147: tcs3701: stop power rail pending_off timer
01-09 12:13:45.345  1086  1254 D ASH     : @ 969696.147: tcs3701: start power rail timer, state:3
01-09 12:13:45.385  1086  1254 I ASH     : @ 969696.187: tcs3701: stop power rail pending_off timer
01-09 12:13:45.385  1086  1254 D ASH     : @ 969696.187: tcs3701: start power rail timer, state:3
01-09 12:13:45.425  1086  1254 I ASH     : @ 969696.227: tcs3701: stop power rail pending_off timer
01-09 12:13:45.425  1086  1254 D ASH     : @ 969696.227: tcs3701: start power rail timer, state:3
01-09 12:13:45.467  1086  1254 I ASH     : @ 969696.267: tcs3701: stop power rail pending_off timer
01-09 12:13:45.467  1086  1254 D ASH     : @ 969696.267: tcs3701: start power rail timer, state:3
01-09 12:13:45.505  1086  1254 I ASH     : @ 969696.307: tcs3701: stop power rail pending_off timer
01-09 12:13:45.505  1086  1254 D ASH     : @ 969696.307: tcs3701: start power rail timer, state:3
01-09 12:13:45.545  1086  1254 I ASH     : @ 969696.347: tcs3701: stop power rail pending_off timer
01-09 12:13:45.545  1086  1254 D ASH     : @ 969696.347: tcs3701: start power rail timer, state:3
01-09 12:13:45.585  1086  1254 I ASH     : @ 969696.387: tcs3701: stop power rail pending_off timer
01-09 12:13:45.585  1086  1254 D ASH     : @ 969696.387: tcs3701: start power rail timer, state:3
01-09 12:13:45.625  1086  1254 I ASH     : @ 969696.427: tcs3701: stop power rail pending_off timer
01-09 12:13:45.625  1086  1254 D ASH     : @ 969696.427: tcs3701: start power rail timer, state:3
01-09 12:13:45.668  1086  1254 I ASH     : @ 969696.467: tcs3701: stop power rail pending_off timer
01-09 12:13:45.668  1086  1254 D ASH     : @ 969696.467: tcs3701: start power rail timer, state:3
01-09 12:13:45.705  1086  1254 I ASH     : @ 969696.507: tcs3701: stop power rail pending_off timer
01-09 12:13:45.705  1086  1254 D ASH     : @ 969696.507: tcs3701: start power rail timer, state:3
01-09 12:13:45.745  1086  1254 I ASH     : @ 969696.547: tcs3701: stop power rail pending_off timer
01-09 12:13:45.745  1086  1254 D ASH     : @ 969696.547: tcs3701: start power rail timer, state:3
01-09 12:13:45.785  1086  1254 I ASH     : @ 969696.587: tcs3701: stop power rail pending_off timer
01-09 12:13:45.785  1086  1254 D ASH     : @ 969696.587: tcs3701: start power rail timer, state:3
01-09 12:13:45.825  1086  1254 I ASH     : @ 969696.627: tcs3701: stop power rail pending_off timer
01-09 12:13:45.825  1086  1254 D ASH     : @ 969696.627: tcs3701: start power rail timer, state:3
01-09 12:13:45.865  1086  1254 I ASH     : @ 969696.667: tcs3701: stop power rail pending_off timer
01-09 12:13:45.865  1086  1254 D ASH     : @ 969696.667: tcs3701: start power rail timer, state:3
01-09 12:13:45.905  1086  1254 I ASH     : @ 969696.707: tcs3701: stop power rail pending_off timer
01-09 12:13:45.905  1086  1254 D ASH     : @ 969696.707: tcs3701: start power rail timer, state:3
01-09 12:13:45.945  1086  1254 I ASH     : @ 969696.747: tcs3701: stop power rail pending_off timer
01-09 12:13:45.945  1086  1254 D ASH     : @ 969696.747: tcs3701: start power rail timer, state:3
01-09 12:13:45.985  1086  1254 I ASH     : @ 969696.787: tcs3701: stop power rail pending_off timer
01-09 12:13:45.985  1086  1254 D ASH     : @ 969696.787: tcs3701: start power rail timer, state:3
01-09 12:13:46.025  1086  1254 I ASH     : @ 969696.827: tcs3701: stop power rail pending_off timer
01-09 12:13:46.025  1086  1254 D ASH     : @ 969696.827: tcs3701: start power rail timer, state:3
01-09 12:13:46.065  1086  1254 I ASH     : @ 969696.867: tcs3701: stop power rail pending_off timer
01-09 12:13:46.065  1086  1254 D ASH     : @ 969696.867: tcs3701: start power rail timer, state:3
01-09 12:13:46.105  1086  1254 I ASH     : @ 969696.907: tcs3701: stop power rail pending_off timer
01-09 12:13:46.105  1086  1254 D ASH     : @ 969696.907: tcs3701: start power rail timer, state:3
01-09 12:13:46.145  1086  1254 I ASH     : @ 969696.947: tcs3701: stop power rail pending_off timer
01-09 12:13:46.145  1086  1254 D ASH     : @ 969696.947: tcs3701: start power rail timer, state:3
01-09 12:13:46.185  1086  1254 I ASH     : @ 969696.987: tcs3701: stop power rail pending_off timer
01-09 12:13:46.185  1086  1254 D ASH     : @ 969696.987: tcs3701: start power rail timer, state:3
01-09 12:13:46.225  1086  1254 I ASH     : @ 969697.027: tcs3701: stop power rail pending_off timer
01-09 12:13:46.225  1086  1254 D ASH     : @ 969697.027: tcs3701: start power rail timer, state:3
01-09 12:13:46.265  1086  1254 I ASH     : @ 969697.067: tcs3701: stop power rail pending_off timer
01-09 12:13:46.265  1086  1254 D ASH     : @ 969697.067: tcs3701: start power rail timer, state:3
01-09 12:13:46.305  1086  1254 I ASH     : @ 969697.107: tcs3701: stop power rail pending_off timer
01-09 12:13:46.305  1086  1254 D ASH     : @ 969697.107: tcs3701: start power rail timer, state:3
01-09 12:13:46.345  1086  1254 I ASH     : @ 969697.147: tcs3701: stop power rail pending_off timer
01-09 12:13:46.345  1086  1254 D ASH     : @ 969697.147: tcs3701: start power rail timer, state:3
01-09 12:13:46.385  1086  1254 I ASH     : @ 969697.187: tcs3701: stop power rail pending_off timer
01-09 12:13:46.385  1086  1254 D ASH     : @ 969697.187: tcs3701: start power rail timer, state:3
01-09 12:13:46.425  1086  1254 I ASH     : @ 969697.227: tcs3701: stop power rail pending_off timer
01-09 12:13:46.425  1086  1254 D ASH     : @ 969697.227: tcs3701: start power rail timer, state:3
01-09 12:13:46.465  1086  1254 I ASH     : @ 969697.267: tcs3701: stop power rail pending_off timer
01-09 12:13:46.465  1086  1254 D ASH     : @ 969697.267: tcs3701: start power rail timer, state:3
01-09 12:13:46.505  1086  1254 I ASH     : @ 969697.307: tcs3701: stop power rail pending_off timer
01-09 12:13:46.505  1086  1254 D ASH     : @ 969697.307: tcs3701: start power rail timer, state:3
01-09 12:13:46.545  1086  1254 I ASH     : @ 969697.347: tcs3701: stop power rail pending_off timer
01-09 12:13:46.545  1086  1254 D ASH     : @ 969697.347: tcs3701: start power rail timer, state:3
01-09 12:13:46.585  1086  1254 I ASH     : @ 969697.387: tcs3701: stop power rail pending_off timer
01-09 12:13:46.585  1086  1254 D ASH     : @ 969697.387: tcs3701: start power rail timer, state:3
01-09 12:13:46.625  1086  1254 I ASH     : @ 969697.427: tcs3701: stop power rail pending_off timer
01-09 12:13:46.625  1086  1254 D ASH     : @ 969697.427: tcs3701: start power rail timer, state:3
01-09 12:13:46.665  1086  1254 I ASH     : @ 969697.467: tcs3701: stop power rail pending_off timer
01-09 12:13:46.665  1086  1254 D ASH     : @ 969697.467: tcs3701: start power rail timer, state:3
01-09 12:13:46.705  1086  1254 I ASH     : @ 969697.507: tcs3701: stop power rail pending_off timer
01-09 12:13:46.705  1086  1254 D ASH     : @ 969697.507: tcs3701: start power rail timer, state:3
01-09 12:13:46.745  1086  1254 I ASH     : @ 969697.547: tcs3701: stop power rail pending_off timer
01-09 12:13:46.745  1086  1254 D ASH     : @ 969697.547: tcs3701: start power rail timer, state:3
01-09 12:13:46.785  1086  1254 I ASH     : @ 969697.587: tcs3701: stop power rail pending_off timer
01-09 12:13:46.785  1086  1254 D ASH     : @ 969697.587: tcs3701: start power rail timer, state:3
01-09 12:13:46.825  1086  1254 I ASH     : @ 969697.627: tcs3701: stop power rail pending_off timer
01-09 12:13:46.825  1086  1254 D ASH     : @ 969697.627: tcs3701: start power rail timer, state:3
01-09 12:13:46.865  1086  1254 I ASH     : @ 969697.667: tcs3701: stop power rail pending_off timer
01-09 12:13:46.865  1086  1254 D ASH     : @ 969697.667: tcs3701: start power rail timer, state:3
01-09 12:13:46.905  1086  1254 I ASH     : @ 969697.707: tcs3701: stop power rail pending_off timer
01-09 12:13:46.905  1086  1254 D ASH     : @ 969697.707: tcs3701: start power rail timer, state:3
01-09 12:13:46.945  1086  1254 I ASH     : @ 969697.747: tcs3701: stop power rail pending_off timer
01-09 12:13:46.945  1086  1254 D ASH     : @ 969697.747: tcs3701: start power rail timer, state:3
01-09 12:13:46.985  1086  1254 I ASH     : @ 969697.787: tcs3701: stop power rail pending_off timer
01-09 12:13:46.985  1086  1254 D ASH     : @ 969697.787: tcs3701: start power rail timer, state:3
01-09 12:13:47.025  1086  1254 I ASH     : @ 969697.827: tcs3701: stop power rail pending_off timer
01-09 12:13:47.025  1086  1254 D ASH     : @ 969697.827: tcs3701: start power rail timer, state:3
01-09 12:13:47.065  1086  1254 I ASH     : @ 969697.867: tcs3701: stop power rail pending_off timer
01-09 12:13:47.065  1086  1254 D ASH     : @ 969697.867: tcs3701: start power rail timer, state:3
01-09 12:13:47.105  1086  1254 I ASH     : @ 969697.907: tcs3701: stop power rail pending_off timer
01-09 12:13:47.105  1086  1254 D ASH     : @ 969697.907: tcs3701: start power rail timer, state:3
01-09 12:13:47.145  1086  1254 I ASH     : @ 969697.947: tcs3701: stop power rail pending_off timer
01-09 12:13:47.145  1086  1254 D ASH     : @ 969697.947: tcs3701: start power rail timer, state:3
01-09 12:13:47.185  1086  1254 I ASH     : @ 969697.987: tcs3701: stop power rail pending_off timer
01-09 12:13:47.185  1086  1254 D ASH     : @ 969697.987: tcs3701: start power rail timer, state:3
01-09 12:13:47.225  1086  1254 I ASH     : @ 969698.027: tcs3701: stop power rail pending_off timer
01-09 12:13:47.225  1086  1254 D ASH     : @ 969698.027: tcs3701: start power rail timer, state:3
01-09 12:13:47.265  1086  1254 I ASH     : @ 969698.067: tcs3701: stop power rail pending_off timer
01-09 12:13:47.265  1086  1254 D ASH     : @ 969698.067: tcs3701: start power rail timer, state:3
01-09 12:13:47.307  1086  1254 I ASH     : @ 969698.107: tcs3701: stop power rail pending_off timer
01-09 12:13:47.307  1086  1254 D ASH     : @ 969698.107: tcs3701: start power rail timer, state:3
01-09 12:13:47.345  1086  1254 I ASH     : @ 969698.147: tcs3701: stop power rail pending_off timer
01-09 12:13:47.345  1086  1254 D ASH     : @ 969698.147: tcs3701: start power rail timer, state:3
01-09 12:13:47.385  1086  1254 I ASH     : @ 969698.187: tcs3701: stop power rail pending_off timer
01-09 12:13:47.385  1086  1254 D ASH     : @ 969698.187: tcs3701: start power rail timer, state:3
01-09 12:13:47.425  1086  1254 I ASH     : @ 969698.227: tcs3701: stop power rail pending_off timer
01-09 12:13:47.425  1086  1254 D ASH     : @ 969698.227: tcs3701: start power rail timer, state:3
01-09 12:13:47.465  1086  1254 I ASH     : @ 969698.267: tcs3701: stop power rail pending_off timer
01-09 12:13:47.465  1086  1254 D ASH     : @ 969698.267: tcs3701: start power rail timer, state:3
01-09 12:13:47.505  1086  1254 I ASH     : @ 969698.307: tcs3701: stop power rail pending_off timer
01-09 12:13:47.505  1086  1254 D ASH     : @ 969698.307: tcs3701: start power rail timer, state:3
01-09 12:13:47.545  1086  1254 I ASH     : @ 969698.347: tcs3701: stop power rail pending_off timer
01-09 12:13:47.545  1086  1254 D ASH     : @ 969698.347: tcs3701: start power rail timer, state:3
01-09 12:13:47.585  1086  1254 I ASH     : @ 969698.387: tcs3701: stop power rail pending_off timer
01-09 12:13:47.585  1086  1254 D ASH     : @ 969698.387: tcs3701: start power rail timer, state:3
01-09 12:13:47.625  1086  1254 I ASH     : @ 969698.427: tcs3701: stop power rail pending_off timer
01-09 12:13:47.625  1086  1254 D ASH     : @ 969698.427: tcs3701: start power rail timer, state:3
01-09 12:13:47.665  1086  1254 I ASH     : @ 969698.467: tcs3701: stop power rail pending_off timer
01-09 12:13:47.665  1086  1254 D ASH     : @ 969698.467: tcs3701: start power rail timer, state:3
01-09 12:13:47.705  1086  1254 I ASH     : @ 969698.507: tcs3701: stop power rail pending_off timer
01-09 12:13:47.705  1086  1254 D ASH     : @ 969698.507: tcs3701: start power rail timer, state:3
01-09 12:13:47.745  1086  1254 I ASH     : @ 969698.547: tcs3701: stop power rail pending_off timer
01-09 12:13:47.745  1086  1254 D ASH     : @ 969698.547: tcs3701: start power rail timer, state:3
01-09 12:13:47.785  1086  1254 I ASH     : @ 969698.587: tcs3701: stop power rail pending_off timer
01-09 12:13:47.785  1086  1254 D ASH     : @ 969698.587: tcs3701: start power rail timer, state:3
01-09 12:13:47.825  1086  1254 I ASH     : @ 969698.627: tcs3701: stop power rail pending_off timer
01-09 12:13:47.825  1086  1254 D ASH     : @ 969698.627: tcs3701: start power rail timer, state:3
01-09 12:13:47.865  1086  1254 I ASH     : @ 969698.667: tcs3701: stop power rail pending_off timer
01-09 12:13:47.865  1086  1254 D ASH     : @ 969698.667: tcs3701: start power rail timer, state:3
01-09 12:13:47.905  1086  1254 I ASH     : @ 969698.707: tcs3701: stop power rail pending_off timer
01-09 12:13:47.905  1086  1254 D ASH     : @ 969698.707: tcs3701: start power rail timer, state:3
01-09 12:13:47.945  1086  1254 I ASH     : @ 969698.747: tcs3701: stop power rail pending_off timer
01-09 12:13:47.945  1086  1254 D ASH     : @ 969698.747: tcs3701: start power rail timer, state:3
01-09 12:13:47.985  1086  1254 I ASH     : @ 969698.787: tcs3701: stop power rail pending_off timer
01-09 12:13:47.985  1086  1254 D ASH     : @ 969698.787: tcs3701: start power rail timer, state:3
01-09 12:13:48.025  1086  1254 I ASH     : @ 969698.827: tcs3701: stop power rail pending_off timer
01-09 12:13:48.025  1086  1254 D ASH     : @ 969698.827: tcs3701: start power rail timer, state:3
01-09 12:13:48.065  1086  1254 I ASH     : @ 969698.867: tcs3701: stop power rail pending_off timer
01-09 12:13:48.065  1086  1254 D ASH     : @ 969698.867: tcs3701: start power rail timer, state:3
01-09 12:13:48.105  1086  1254 I ASH     : @ 969698.907: tcs3701: stop power rail pending_off timer
01-09 12:13:48.105  1086  1254 D ASH     : @ 969698.907: tcs3701: start power rail timer, state:3
01-09 12:13:48.145  1086  1254 I ASH     : @ 969698.947: tcs3701: stop power rail pending_off timer
01-09 12:13:48.145  1086  1254 D ASH     : @ 969698.947: tcs3701: start power rail timer, state:3
01-09 12:13:48.185  1086  1254 I ASH     : @ 969698.987: tcs3701: stop power rail pending_off timer
01-09 12:13:48.185  1086  1254 D ASH     : @ 969698.987: tcs3701: start power rail timer, state:3
01-09 12:13:48.225  1086  1254 I ASH     : @ 969699.027: tcs3701: stop power rail pending_off timer
01-09 12:13:48.225  1086  1254 D ASH     : @ 969699.027: tcs3701: start power rail timer, state:3
01-09 12:13:48.265  1086  1254 I ASH     : @ 969699.067: tcs3701: stop power rail pending_off timer
01-09 12:13:48.265  1086  1254 D ASH     : @ 969699.067: tcs3701: start power rail timer, state:3
01-09 12:13:48.305  1086  1254 I ASH     : @ 969699.107: tcs3701: stop power rail pending_off timer
01-09 12:13:48.305  1086  1254 D ASH     : @ 969699.107: tcs3701: start power rail timer, state:3
01-09 12:13:48.345  1086  1254 I ASH     : @ 969699.147: tcs3701: stop power rail pending_off timer
01-09 12:13:48.345  1086  1254 D ASH     : @ 969699.147: tcs3701: start power rail timer, state:3
01-09 12:13:48.385  1086  1254 I ASH     : @ 969699.187: tcs3701: stop power rail pending_off timer
01-09 12:13:48.385  1086  1254 D ASH     : @ 969699.187: tcs3701: start power rail timer, state:3
01-09 12:13:48.425  1086  1254 I ASH     : @ 969699.227: tcs3701: stop power rail pending_off timer
01-09 12:13:48.425  1086  1254 D ASH     : @ 969699.227: tcs3701: start power rail timer, state:3
01-09 12:13:48.465  1086  1254 I ASH     : @ 969699.267: tcs3701: stop power rail pending_off timer
01-09 12:13:48.466  1086  1254 D ASH     : @ 969699.267: tcs3701: start power rail timer, state:3
01-09 12:13:48.505  1086  1254 I ASH     : @ 969699.307: tcs3701: stop power rail pending_off timer
01-09 12:13:48.505  1086  1254 D ASH     : @ 969699.307: tcs3701: start power rail timer, state:3
01-09 12:13:48.545  1086  1254 I ASH     : @ 969699.347: tcs3701: stop power rail pending_off timer
01-09 12:13:48.545  1086  1254 D ASH     : @ 969699.347: tcs3701: start power rail timer, state:3
01-09 12:13:48.585  1086  1254 I ASH     : @ 969699.387: tcs3701: stop power rail pending_off timer
01-09 12:13:48.585  1086  1254 D ASH     : @ 969699.387: tcs3701: start power rail timer, state:3
01-09 12:13:48.625  1086  1254 I ASH     : @ 969699.427: tcs3701: stop power rail pending_off timer
01-09 12:13:48.625  1086  1254 D ASH     : @ 969699.427: tcs3701: start power rail timer, state:3
01-09 12:13:48.665  1086  1254 I ASH     : @ 969699.467: tcs3701: stop power rail pending_off timer
01-09 12:13:48.665  1086  1254 D ASH     : @ 969699.467: tcs3701: start power rail timer, state:3
01-09 12:13:48.705  1086  1254 I ASH     : @ 969699.507: tcs3701: stop power rail pending_off timer
01-09 12:13:48.705  1086  1254 D ASH     : @ 969699.507: tcs3701: start power rail timer, state:3
01-09 12:13:48.745  1086  1254 I ASH     : @ 969699.547: tcs3701: stop power rail pending_off timer
01-09 12:13:48.745  1086  1254 D ASH     : @ 969699.547: tcs3701: start power rail timer, state:3
01-09 12:13:48.785  1086  1254 I ASH     : @ 969699.587: tcs3701: stop power rail pending_off timer
01-09 12:13:48.785  1086  1254 D ASH     : @ 969699.587: tcs3701: start power rail timer, state:3
01-09 12:13:48.825  1086  1254 I ASH     : @ 969699.627: tcs3701: stop power rail pending_off timer
01-09 12:13:48.825  1086  1254 D ASH     : @ 969699.627: tcs3701: start power rail timer, state:3
01-09 12:13:48.865  1086  1254 I ASH     : @ 969699.667: tcs3701: stop power rail pending_off timer
01-09 12:13:48.865  1086  1254 D ASH     : @ 969699.667: tcs3701: start power rail timer, state:3
01-09 12:13:48.905  1086  1254 I ASH     : @ 969699.707: tcs3701: stop power rail pending_off timer
01-09 12:13:48.905  1086  1254 D ASH     : @ 969699.707: tcs3701: start power rail timer, state:3
01-09 12:13:48.945  1086  1254 I ASH     : @ 969699.747: tcs3701: stop power rail pending_off timer
01-09 12:13:48.945  1086  1254 D ASH     : @ 969699.747: tcs3701: start power rail timer, state:3
01-09 12:13:48.985  1086  1254 I ASH     : @ 969699.787: tcs3701: stop power rail pending_off timer
01-09 12:13:48.985  1086  1254 D ASH     : @ 969699.787: tcs3701: start power rail timer, state:3
01-09 12:13:49.025  1086  1254 I ASH     : @ 969699.827: tcs3701: stop power rail pending_off timer
01-09 12:13:49.025  1086  1254 D ASH     : @ 969699.827: tcs3701: start power rail timer, state:3
01-09 12:13:49.065  1086  1254 I ASH     : @ 969699.867: tcs3701: stop power rail pending_off timer
01-09 12:13:49.065  1086  1254 D ASH     : @ 969699.867: tcs3701: start power rail timer, state:3
01-09 12:13:49.105  1086  1254 I ASH     : @ 969699.907: tcs3701: stop power rail pending_off timer
01-09 12:13:49.105  1086  1254 D ASH     : @ 969699.907: tcs3701: start power rail timer, state:3
01-09 12:13:49.145  1086  1254 I ASH     : @ 969699.947: tcs3701: stop power rail pending_off timer
01-09 12:13:49.145  1086  1254 D ASH     : @ 969699.947: tcs3701: start power rail timer, state:3
01-09 12:13:49.185  1086  1254 I ASH     : @ 969699.987: tcs3701: stop power rail pending_off timer
01-09 12:13:49.185  1086  1254 D ASH     : @ 969699.987: tcs3701: start power rail timer, state:3
01-09 12:13:49.225  1086  1254 I ASH     : @ 969700.027: tcs3701: stop power rail pending_off timer
01-09 12:13:49.225  1086  1254 D ASH     : @ 969700.027: tcs3701: start power rail timer, state:3
01-09 12:13:49.265  1086  1254 I ASH     : @ 969700.067: tcs3701: stop power rail pending_off timer
01-09 12:13:49.265  1086  1254 D ASH     : @ 969700.067: tcs3701: start power rail timer, state:3
01-09 12:13:49.305  1086  1254 I ASH     : @ 969700.107: tcs3701: stop power rail pending_off timer
01-09 12:13:49.305  1086  1254 D ASH     : @ 969700.107: tcs3701: start power rail timer, state:3
01-09 12:13:49.345  1086  1254 I ASH     : @ 969700.147: tcs3701: stop power rail pending_off timer
01-09 12:13:49.345  1086  1254 D ASH     : @ 969700.147: tcs3701: start power rail timer, state:3
01-09 12:13:49.385  1086  1254 I ASH     : @ 969700.187: tcs3701: stop power rail pending_off timer
01-09 12:13:49.385  1086  1254 D ASH     : @ 969700.187: tcs3701: start power rail timer, state:3
01-09 12:13:49.425  1086  1254 I ASH     : @ 969700.227: tcs3701: stop power rail pending_off timer
01-09 12:13:49.425  1086  1254 D ASH     : @ 969700.227: tcs3701: start power rail timer, state:3
01-09 12:13:49.465  1086  1254 I ASH     : @ 969700.267: tcs3701: stop power rail pending_off timer
01-09 12:13:49.465  1086  1254 D ASH     : @ 969700.267: tcs3701: start power rail timer, state:3
01-09 12:13:49.505  1086  1254 I ASH     : @ 969700.307: tcs3701: stop power rail pending_off timer
01-09 12:13:49.505  1086  1254 D ASH     : @ 969700.307: tcs3701: start power rail timer, state:3
01-09 12:13:49.545  1086  1254 I ASH     : @ 969700.347: tcs3701: stop power rail pending_off timer
01-09 12:13:49.545  1086  1254 D ASH     : @ 969700.347: tcs3701: start power rail timer, state:3
01-09 12:13:49.585  1086  1254 I ASH     : @ 969700.387: tcs3701: stop power rail pending_off timer
01-09 12:13:49.585  1086  1254 D ASH     : @ 969700.387: tcs3701: start power rail timer, state:3
01-09 12:13:49.625  1086  1254 I ASH     : @ 969700.427: tcs3701: stop power rail pending_off timer
01-09 12:13:49.625  1086  1254 D ASH     : @ 969700.427: tcs3701: start power rail timer, state:3
01-09 12:13:49.665  1086  1254 I ASH     : @ 969700.467: tcs3701: stop power rail pending_off timer
01-09 12:13:49.665  1086  1254 D ASH     : @ 969700.467: tcs3701: start power rail timer, state:3
01-09 12:13:49.705  1086  1254 I ASH     : @ 969700.507: tcs3701: stop power rail pending_off timer
01-09 12:13:49.705  1086  1254 D ASH     : @ 969700.507: tcs3701: start power rail timer, state:3
01-09 12:13:49.745  1086  1254 I ASH     : @ 969700.547: tcs3701: stop power rail pending_off timer
01-09 12:13:49.745  1086  1254 D ASH     : @ 969700.547: tcs3701: start power rail timer, state:3
01-09 12:13:49.785  1086  1254 I ASH     : @ 969700.587: tcs3701: stop power rail pending_off timer
01-09 12:13:49.785  1086  1254 D ASH     : @ 969700.587: tcs3701: start power rail timer, state:3
01-09 12:13:49.825  1086  1254 I ASH     : @ 969700.627: tcs3701: stop power rail pending_off timer
01-09 12:13:49.825  1086  1254 D ASH     : @ 969700.627: tcs3701: start power rail timer, state:3
01-09 12:13:49.865  1086  1254 I ASH     : @ 969700.667: tcs3701: stop power rail pending_off timer
01-09 12:13:49.865  1086  1254 D ASH     : @ 969700.667: tcs3701: start power rail timer, state:3
01-09 12:13:49.905  1086  1254 I ASH     : @ 969700.707: tcs3701: stop power rail pending_off timer
01-09 12:13:49.905  1086  1254 D ASH     : @ 969700.707: tcs3701: start power rail timer, state:3
01-09 12:13:49.945  1086  1254 I ASH     : @ 969700.747: tcs3701: stop power rail pending_off timer
01-09 12:13:49.946  1086  1254 D ASH     : @ 969700.747: tcs3701: start power rail timer, state:3
01-09 12:13:49.985  1086  1254 I ASH     : @ 969700.787: tcs3701: stop power rail pending_off timer
01-09 12:13:49.985  1086  1254 D ASH     : @ 969700.787: tcs3701: start power rail timer, state:3
01-09 12:13:50.025  1086  1254 I ASH     : @ 969700.827: tcs3701: stop power rail pending_off timer
01-09 12:13:50.025  1086  1254 D ASH     : @ 969700.827: tcs3701: start power rail timer, state:3
01-09 12:13:50.065  1086  1254 I ASH     : @ 969700.867: tcs3701: stop power rail pending_off timer
01-09 12:13:50.065  1086  1254 D ASH     : @ 969700.867: tcs3701: start power rail timer, state:3
01-09 12:13:50.105  1086  1254 I ASH     : @ 969700.907: tcs3701: stop power rail pending_off timer
01-09 12:13:50.105  1086  1254 D ASH     : @ 969700.907: tcs3701: start power rail timer, state:3
01-09 12:13:50.145  1086  1254 I ASH     : @ 969700.947: tcs3701: stop power rail pending_off timer
01-09 12:13:50.145  1086  1254 D ASH     : @ 969700.947: tcs3701: start power rail timer, state:3
01-09 12:13:50.154  1122  1183 D rlsservice: MonitorDisplayStatus client num 0, display status 1, sensor status 0
01-09 12:13:50.185  1086  1254 I ASH     : @ 969700.987: tcs3701: stop power rail pending_off timer
01-09 12:13:50.185  1086  1254 D ASH     : @ 969700.987: tcs3701: start power rail timer, state:3
01-09 12:13:50.225  1086  1254 I ASH     : @ 969701.027: tcs3701: stop power rail pending_off timer
01-09 12:13:50.225  1086  1254 D ASH     : @ 969701.027: tcs3701: start power rail timer, state:3
01-09 12:13:50.265  1086  1254 I ASH     : @ 969701.067: tcs3701: stop power rail pending_off timer
01-09 12:13:50.265  1086  1254 D ASH     : @ 969701.067: tcs3701: start power rail timer, state:3
01-09 12:13:50.305  1086  1254 I ASH     : @ 969701.107: tcs3701: stop power rail pending_off timer
01-09 12:13:50.305  1086  1254 D ASH     : @ 969701.107: tcs3701: start power rail timer, state:3
01-09 12:13:50.345  1086  1254 I ASH     : @ 969701.147: tcs3701: stop power rail pending_off timer
01-09 12:13:50.345  1086  1254 D ASH     : @ 969701.147: tcs3701: start power rail timer, state:3
01-09 12:13:50.385  1086  1254 I ASH     : @ 969701.187: tcs3701: stop power rail pending_off timer
01-09 12:13:50.385  1086  1254 D ASH     : @ 969701.187: tcs3701: start power rail timer, state:3
01-09 12:13:50.425  1086  1254 I ASH     : @ 969701.227: tcs3701: stop power rail pending_off timer
01-09 12:13:50.425  1086  1254 D ASH     : @ 969701.227: tcs3701: start power rail timer, state:3
01-09 12:13:50.465  1086  1254 I ASH     : @ 969701.267: tcs3701: stop power rail pending_off timer
01-09 12:13:50.465  1086  1254 D ASH     : @ 969701.267: tcs3701: start power rail timer, state:3
01-09 12:13:50.505  1086  1254 I ASH     : @ 969701.307: tcs3701: stop power rail pending_off timer
01-09 12:13:50.505  1086  1254 D ASH     : @ 969701.307: tcs3701: start power rail timer, state:3
01-09 12:13:50.545  1086  1254 I ASH     : @ 969701.347: tcs3701: stop power rail pending_off timer
01-09 12:13:50.545  1086  1254 D ASH     : @ 969701.347: tcs3701: start power rail timer, state:3
01-09 12:13:50.585  1086  1254 I ASH     : @ 969701.387: tcs3701: stop power rail pending_off timer
01-09 12:13:50.585  1086  1254 D ASH     : @ 969701.387: tcs3701: start power rail timer, state:3
01-09 12:13:50.625  1086  1254 I ASH     : @ 969701.427: tcs3701: stop power rail pending_off timer
01-09 12:13:50.625  1086  1254 D ASH     : @ 969701.427: tcs3701: start power rail timer, state:3
01-09 12:13:50.665  1086  1254 I ASH     : @ 969701.467: tcs3701: stop power rail pending_off timer
01-09 12:13:50.665  1086  1254 D ASH     : @ 969701.467: tcs3701: start power rail timer, state:3
01-09 12:13:50.705  1086  1254 I ASH     : @ 969701.507: tcs3701: stop power rail pending_off timer
01-09 12:13:50.705  1086  1254 D ASH     : @ 969701.507: tcs3701: start power rail timer, state:3
01-09 12:13:50.745  1086  1254 I ASH     : @ 969701.547: tcs3701: stop power rail pending_off timer
01-09 12:13:50.745  1086  1254 D ASH     : @ 969701.547: tcs3701: start power rail timer, state:3
01-09 12:13:50.785  1086  1254 I ASH     : @ 969701.587: tcs3701: stop power rail pending_off timer
01-09 12:13:50.785  1086  1254 D ASH     : @ 969701.587: tcs3701: start power rail timer, state:3
01-09 12:13:50.825  1086  1254 I ASH     : @ 969701.627: tcs3701: stop power rail pending_off timer
01-09 12:13:50.825  1086  1254 D ASH     : @ 969701.627: tcs3701: start power rail timer, state:3
01-09 12:13:50.865  1086  1254 I ASH     : @ 969701.667: tcs3701: stop power rail pending_off timer
01-09 12:13:50.865  1086  1254 D ASH     : @ 969701.667: tcs3701: start power rail timer, state:3
01-09 12:13:50.905  1086  1254 I ASH     : @ 969701.707: tcs3701: stop power rail pending_off timer
01-09 12:13:50.905  1086  1254 D ASH     : @ 969701.707: tcs3701: start power rail timer, state:3
01-09 12:13:50.945  1086  1254 I ASH     : @ 969701.747: tcs3701: stop power rail pending_off timer
01-09 12:13:50.945  1086  1254 D ASH     : @ 969701.747: tcs3701: start power rail timer, state:3
01-09 12:13:50.985  1086  1254 I ASH     : @ 969701.787: tcs3701: stop power rail pending_off timer
01-09 12:13:50.985  1086  1254 D ASH     : @ 969701.787: tcs3701: start power rail timer, state:3
01-09 12:13:51.025  1086  1254 I ASH     : @ 969701.827: tcs3701: stop power rail pending_off timer
01-09 12:13:51.025  1086  1254 D ASH     : @ 969701.827: tcs3701: start power rail timer, state:3
01-09 12:13:51.065  1086  1254 I ASH     : @ 969701.867: tcs3701: stop power rail pending_off timer
01-09 12:13:51.065  1086  1254 D ASH     : @ 969701.867: tcs3701: start power rail timer, state:3
01-09 12:13:51.105  1086  1254 I ASH     : @ 969701.907: tcs3701: stop power rail pending_off timer
01-09 12:13:51.105  1086  1254 D ASH     : @ 969701.907: tcs3701: start power rail timer, state:3
01-09 12:13:51.145  1086  1254 I ASH     : @ 969701.947: tcs3701: stop power rail pending_off timer
01-09 12:13:51.145  1086  1254 D ASH     : @ 969701.947: tcs3701: start power rail timer, state:3
01-09 12:13:51.185  1086  1254 I ASH     : @ 969701.987: tcs3701: stop power rail pending_off timer
01-09 12:13:51.185  1086  1254 D ASH     : @ 969701.987: tcs3701: start power rail timer, state:3
01-09 12:13:51.225  1086  1254 I ASH     : @ 969702.027: tcs3701: stop power rail pending_off timer
01-09 12:13:51.225  1086  1254 D ASH     : @ 969702.027: tcs3701: start power rail timer, state:3
01-09 12:13:51.265  1086  1254 I ASH     : @ 969702.067: tcs3701: stop power rail pending_off timer
01-09 12:13:51.265  1086  1254 D ASH     : @ 969702.067: tcs3701: start power rail timer, state:3
01-09 12:13:51.305  1086  1254 I ASH     : @ 969702.107: tcs3701: stop power rail pending_off timer
01-09 12:13:51.305  1086  1254 D ASH     : @ 969702.107: tcs3701: start power rail timer, state:3
01-09 12:13:51.345  1086  1254 I ASH     : @ 969702.147: tcs3701: stop power rail pending_off timer
01-09 12:13:51.345  1086  1254 D ASH     : @ 969702.147: tcs3701: start power rail timer, state:3
01-09 12:13:51.385  1086  1254 I ASH     : @ 969702.187: tcs3701: stop power rail pending_off timer
01-09 12:13:51.385  1086  1254 D ASH     : @ 969702.187: tcs3701: start power rail timer, state:3
01-09 12:13:51.425  1086  1254 I ASH     : @ 969702.227: tcs3701: stop power rail pending_off timer
01-09 12:13:51.425  1086  1254 D ASH     : @ 969702.227: tcs3701: start power rail timer, state:3
01-09 12:13:51.465  1086  1254 I ASH     : @ 969702.267: tcs3701: stop power rail pending_off timer
01-09 12:13:51.466  1086  1254 D ASH     : @ 969702.267: tcs3701: start power rail timer, state:3
01-09 12:13:51.505  1086  1254 I ASH     : @ 969702.307: tcs3701: stop power rail pending_off timer
01-09 12:13:51.505  1086  1254 D ASH     : @ 969702.307: tcs3701: start power rail timer, state:3
01-09 12:13:51.545  1086  1254 I ASH     : @ 969702.347: tcs3701: stop power rail pending_off timer
01-09 12:13:51.545  1086  1254 D ASH     : @ 969702.347: tcs3701: start power rail timer, state:3
01-09 12:13:51.585  1086  1254 I ASH     : @ 969702.387: tcs3701: stop power rail pending_off timer
01-09 12:13:51.585  1086  1254 D ASH     : @ 969702.387: tcs3701: start power rail timer, state:3
01-09 12:13:51.625  1086  1254 I ASH     : @ 969702.427: tcs3701: stop power rail pending_off timer
01-09 12:13:51.625  1086  1254 D ASH     : @ 969702.427: tcs3701: start power rail timer, state:3
01-09 12:13:51.665  1086  1254 I ASH     : @ 969702.467: tcs3701: stop power rail pending_off timer
01-09 12:13:51.665  1086  1254 D ASH     : @ 969702.467: tcs3701: start power rail timer, state:3
01-09 12:13:51.705  1086  1254 I ASH     : @ 969702.507: tcs3701: stop power rail pending_off timer
01-09 12:13:51.705  1086  1254 D ASH     : @ 969702.507: tcs3701: start power rail timer, state:3
01-09 12:13:51.719 29542 29560 I Unity   : [showcase] frame cost — layout: a variant set, at rest — nothing here can switch it at 1080x2340 over 240 frames — tick 0.01 ms, draw mean 0.16 p50 0.16 p95 0.20 max 0.25 ms (5848.3 fps if unpaced)
01-09 12:13:51.719 29542 29560 I Unity   : UnityEngine.DebugLogHandler:Internal_Log(LogType, LogOption, String, Object)
01-09 12:13:51.719 29542 29560 I Unity   : Driftsys.Dashscene.Samples.DashsceneShowcase:Update()
01-09 12:13:51.719 29542 29560 I Unity   : 
01-09 12:13:51.745  1086  1254 I ASH     : @ 969702.547: tcs3701: stop power rail pending_off timer
01-09 12:13:51.745  1086  1254 D ASH     : @ 969702.547: tcs3701: start power rail timer, state:3
01-09 12:13:51.785  1086  1254 I ASH     : @ 969702.587: tcs3701: stop power rail pending_off timer
01-09 12:13:51.785  1086  1254 D ASH     : @ 969702.587: tcs3701: start power rail timer, state:3
01-09 12:13:51.825  1086  1254 I ASH     : @ 969702.627: tcs3701: stop power rail pending_off timer
01-09 12:13:51.825  1086  1254 D ASH     : @ 969702.627: tcs3701: start power rail timer, state:3
01-09 12:13:51.865  1086  1254 I ASH     : @ 969702.667: tcs3701: stop power rail pending_off timer
01-09 12:13:51.865  1086  1254 D ASH     : @ 969702.667: tcs3701: start power rail timer, state:3
01-09 12:13:51.905  1086  1254 I ASH     : @ 969702.707: tcs3701: stop power rail pending_off timer
01-09 12:13:51.905  1086  1254 D ASH     : @ 969702.707: tcs3701: start power rail timer, state:3
01-09 12:13:51.945  1086  1254 I ASH     : @ 969702.747: tcs3701: stop power rail pending_off timer
01-09 12:13:51.945  1086  1254 D ASH     : @ 969702.747: tcs3701: start power rail timer, state:3
01-09 12:13:51.985  1086  1254 I ASH     : @ 969702.787: tcs3701: stop power rail pending_off timer
01-09 12:13:51.985  1086  1254 D ASH     : @ 969702.787: tcs3701: start power rail timer, state:3
01-09 12:13:52.025  1086  1254 I ASH     : @ 969702.827: tcs3701: stop power rail pending_off timer
01-09 12:13:52.025  1086  1254 D ASH     : @ 969702.827: tcs3701: start power rail timer, state:3
01-09 12:13:52.065  1086  1254 I ASH     : @ 969702.867: tcs3701: stop power rail pending_off timer
01-09 12:13:52.065  1086  1254 D ASH     : @ 969702.867: tcs3701: start power rail timer, state:3
01-09 12:13:52.105  1086  1254 I ASH     : @ 969702.907: tcs3701: stop power rail pending_off timer
01-09 12:13:52.105  1086  1254 D ASH     : @ 969702.907: tcs3701: start power rail timer, state:3
01-09 12:13:52.145  1086  1254 I ASH     : @ 969702.947: tcs3701: stop power rail pending_off timer
01-09 12:13:52.145  1086  1254 D ASH     : @ 969702.947: tcs3701: start power rail timer, state:3
01-09 12:13:52.185  1086  1254 I ASH     : @ 969702.987: tcs3701: stop power rail pending_off timer
01-09 12:13:52.185  1086  1254 D ASH     : @ 969702.987: tcs3701: start power rail timer, state:3
01-09 12:13:52.225  1086  1254 I ASH     : @ 969703.027: tcs3701: stop power rail pending_off timer
01-09 12:13:52.225  1086  1254 D ASH     : @ 969703.027: tcs3701: start power rail timer, state:3
01-09 12:13:52.265  1086  1254 I ASH     : @ 969703.067: tcs3701: stop power rail pending_off timer
01-09 12:13:52.265  1086  1254 D ASH     : @ 969703.067: tcs3701: start power rail timer, state:3
01-09 12:13:52.305  1086  1254 I ASH     : @ 969703.107: tcs3701: stop power rail pending_off timer
01-09 12:13:52.305  1086  1254 D ASH     : @ 969703.107: tcs3701: start power rail timer, state:3
01-09 12:13:52.345  1086  1254 I ASH     : @ 969703.147: tcs3701: stop power rail pending_off timer
01-09 12:13:52.345  1086  1254 D ASH     : @ 969703.147: tcs3701: start power rail timer, state:3
01-09 12:13:52.385  1086  1254 I ASH     : @ 969703.187: tcs3701: stop power rail pending_off timer
01-09 12:13:52.385  1086  1254 D ASH     : @ 969703.187: tcs3701: start power rail timer, state:3
01-09 12:13:52.425  1086  1254 I ASH     : @ 969703.227: tcs3701: stop power rail pending_off timer
01-09 12:13:52.425  1086  1254 D ASH     : @ 969703.227: tcs3701: start power rail timer, state:3
01-09 12:13:52.465  1086  1254 I ASH     : @ 969703.267: tcs3701: stop power rail pending_off timer
01-09 12:13:52.465  1086  1254 D ASH     : @ 969703.267: tcs3701: start power rail timer, state:3
01-09 12:13:52.505  1086  1254 I ASH     : @ 969703.307: tcs3701: stop power rail pending_off timer
01-09 12:13:52.505  1086  1254 D ASH     : @ 969703.307: tcs3701: start power rail timer, state:3
01-09 12:13:52.545  1086  1254 I ASH     : @ 969703.347: tcs3701: stop power rail pending_off timer
01-09 12:13:52.545  1086  1254 D ASH     : @ 969703.347: tcs3701: start power rail timer, state:3
01-09 12:13:52.585  1086  1254 I ASH     : @ 969703.387: tcs3701: stop power rail pending_off timer
01-09 12:13:52.585  1086  1254 D ASH     : @ 969703.387: tcs3701: start power rail timer, state:3
01-09 12:13:52.625  1086  1254 I ASH     : @ 969703.427: tcs3701: stop power rail pending_off timer
01-09 12:13:52.625  1086  1254 D ASH     : @ 969703.427: tcs3701: start power rail timer, state:3
01-09 12:13:52.665  1086  1254 I ASH     : @ 969703.467: tcs3701: stop power rail pending_off timer
01-09 12:13:52.665  1086  1254 D ASH     : @ 969703.467: tcs3701: start power rail timer, state:3
01-09 12:13:52.705  1086  1254 I ASH     : @ 969703.507: tcs3701: stop power rail pending_off timer
01-09 12:13:52.706  1086  1254 D ASH     : @ 969703.507: tcs3701: start power rail timer, state:3
01-09 12:13:52.745  1086  1254 I ASH     : @ 969703.547: tcs3701: stop power rail pending_off timer
01-09 12:13:52.745  1086  1254 D ASH     : @ 969703.547: tcs3701: start power rail timer, state:3
01-09 12:13:52.785  1086  1254 I ASH     : @ 969703.587: tcs3701: stop power rail pending_off timer
01-09 12:13:52.785  1086  1254 D ASH     : @ 969703.587: tcs3701: start power rail timer, state:3
01-09 12:13:52.825  1086  1254 I ASH     : @ 969703.627: tcs3701: stop power rail pending_off timer
01-09 12:13:52.825  1086  1254 D ASH     : @ 969703.627: tcs3701: start power rail timer, state:3
01-09 12:13:52.865  1086  1254 I ASH     : @ 969703.667: tcs3701: stop power rail pending_off timer
01-09 12:13:52.865  1086  1254 D ASH     : @ 969703.667: tcs3701: start power rail timer, state:3
01-09 12:13:52.905  1086  1254 I ASH     : @ 969703.707: tcs3701: stop power rail pending_off timer
01-09 12:13:52.905  1086  1254 D ASH     : @ 969703.707: tcs3701: start power rail timer, state:3
01-09 12:13:52.945  1086  1254 I ASH     : @ 969703.747: tcs3701: stop power rail pending_off timer
01-09 12:13:52.945  1086  1254 D ASH     : @ 969703.747: tcs3701: start power rail timer, state:3
01-09 12:13:52.985  1086  1254 I ASH     : @ 969703.787: tcs3701: stop power rail pending_off timer
01-09 12:13:52.986  1086  1254 D ASH     : @ 969703.787: tcs3701: start power rail timer, state:3
01-09 12:13:53.025  1086  1254 I ASH     : @ 969703.827: tcs3701: stop power rail pending_off timer
01-09 12:13:53.025  1086  1254 D ASH     : @ 969703.827: tcs3701: start power rail timer, state:3
01-09 12:13:53.065  1086  1254 I ASH     : @ 969703.867: tcs3701: stop power rail pending_off timer
01-09 12:13:53.065  1086  1254 D ASH     : @ 969703.867: tcs3701: start power rail timer, state:3
01-09 12:13:53.105  1086  1254 I ASH     : @ 969703.907: tcs3701: stop power rail pending_off timer
01-09 12:13:53.105  1086  1254 D ASH     : @ 969703.907: tcs3701: start power rail timer, state:3
01-09 12:13:53.145  1086  1254 I ASH     : @ 969703.947: tcs3701: stop power rail pending_off timer
01-09 12:13:53.145  1086  1254 D ASH     : @ 969703.947: tcs3701: start power rail timer, state:3
01-09 12:13:53.185  1086  1254 I ASH     : @ 969703.987: tcs3701: stop power rail pending_off timer
01-09 12:13:53.185  1086  1254 D ASH     : @ 969703.987: tcs3701: start power rail timer, state:3
01-09 12:13:53.225  1086  1254 I ASH     : @ 969704.027: tcs3701: stop power rail pending_off timer
01-09 12:13:53.225  1086  1254 D ASH     : @ 969704.027: tcs3701: start power rail timer, state:3
01-09 12:13:53.265  1086  1254 I ASH     : @ 969704.067: tcs3701: stop power rail pending_off timer
01-09 12:13:53.265  1086  1254 D ASH     : @ 969704.067: tcs3701: start power rail timer, state:3
01-09 12:13:53.301  1785  2388 D ActivityManager: freezing 22152 com.google.android.euicc
01-09 12:13:53.305  1086  1254 I ASH     : @ 969704.107: tcs3701: stop power rail pending_off timer
01-09 12:13:53.305  1086  1254 D ASH     : @ 969704.107: tcs3701: start power rail timer, state:3
01-09 12:13:53.345  1086  1254 I ASH     : @ 969704.147: tcs3701: stop power rail pending_off timer
01-09 12:13:53.345  1086  1254 D ASH     : @ 969704.147: tcs3701: start power rail timer, state:3
01-09 12:13:53.385  1086  1254 I ASH     : @ 969704.187: tcs3701: stop power rail pending_off timer
01-09 12:13:53.385  1086  1254 D ASH     : @ 969704.187: tcs3701: start power rail timer, state:3
01-09 12:13:53.425  1086  1254 I ASH     : @ 969704.227: tcs3701: stop power rail pending_off timer
01-09 12:13:53.425  1086  1254 D ASH     : @ 969704.227: tcs3701: start power rail timer, state:3
01-09 12:13:53.465  1086  1254 I ASH     : @ 969704.267: tcs3701: stop power rail pending_off timer
01-09 12:13:53.465  1086  1254 D ASH     : @ 969704.267: tcs3701: start power rail timer, state:3
01-09 12:13:53.505  1086  1254 I ASH     : @ 969704.307: tcs3701: stop power rail pending_off timer
01-09 12:13:53.505  1086  1254 D ASH     : @ 969704.307: tcs3701: start power rail timer, state:3
01-09 12:13:53.545  1086  1254 I ASH     : @ 969704.347: tcs3701: stop power rail pending_off timer
01-09 12:13:53.545  1086  1254 D ASH     : @ 969704.347: tcs3701: start power rail timer, state:3
01-09 12:13:53.585  1086  1254 I ASH     : @ 969704.387: tcs3701: stop power rail pending_off timer
01-09 12:13:53.585  1086  1254 D ASH     : @ 969704.387: tcs3701: start power rail timer, state:3
01-09 12:13:53.625  1086  1254 I ASH     : @ 969704.427: tcs3701: stop power rail pending_off timer
01-09 12:13:53.625  1086  1254 D ASH     : @ 969704.427: tcs3701: start power rail timer, state:3
01-09 12:13:53.665  1086  1254 I ASH     : @ 969704.467: tcs3701: stop power rail pending_off timer
01-09 12:13:53.665  1086  1254 D ASH     : @ 969704.467: tcs3701: start power rail timer, state:3
01-09 12:13:53.705  1086  1254 I ASH     : @ 969704.507: tcs3701: stop power rail pending_off timer
01-09 12:13:53.706  1086  1254 D ASH     : @ 969704.507: tcs3701: start power rail timer, state:3
01-09 12:13:53.745  1086  1254 I ASH     : @ 969704.547: tcs3701: stop power rail pending_off timer
01-09 12:13:53.745  1086  1254 D ASH     : @ 969704.547: tcs3701: start power rail timer, state:3
01-09 12:13:53.785  1086  1254 I ASH     : @ 969704.587: tcs3701: stop power rail pending_off timer
01-09 12:13:53.785  1086  1254 D ASH     : @ 969704.587: tcs3701: start power rail timer, state:3
01-09 12:13:53.825  1086  1254 I ASH     : @ 969704.627: tcs3701: stop power rail pending_off timer
01-09 12:13:53.825  1086  1254 D ASH     : @ 969704.627: tcs3701: start power rail timer, state:3
01-09 12:13:53.865  1086  1254 I ASH     : @ 969704.667: tcs3701: stop power rail pending_off timer
01-09 12:13:53.865  1086  1254 D ASH     : @ 969704.667: tcs3701: start power rail timer, state:3
01-09 12:13:53.905  1086  1254 I ASH     : @ 969704.707: tcs3701: stop power rail pending_off timer
01-09 12:13:53.905  1086  1254 D ASH     : @ 969704.707: tcs3701: start power rail timer, state:3
01-09 12:13:53.945  1086  1254 I ASH     : @ 969704.747: tcs3701: stop power rail pending_off timer
01-09 12:13:53.945  1086  1254 D ASH     : @ 969704.747: tcs3701: start power rail timer, state:3
01-09 12:13:53.985  1086  1254 I ASH     : @ 969704.787: tcs3701: stop power rail pending_off timer
01-09 12:13:53.985  1086  1254 D ASH     : @ 969704.787: tcs3701: start power rail timer, state:3
01-09 12:13:54.025  1086  1254 I ASH     : @ 969704.827: tcs3701: stop power rail pending_off timer
01-09 12:13:54.026  1086  1254 D ASH     : @ 969704.827: tcs3701: start power rail timer, state:3
01-09 12:13:54.065  1086  1254 I ASH     : @ 969704.867: tcs3701: stop power rail pending_off timer
01-09 12:13:54.065  1086  1254 D ASH     : @ 969704.867: tcs3701: start power rail timer, state:3
01-09 12:13:54.105  1086  1254 I ASH     : @ 969704.907: tcs3701: stop power rail pending_off timer
01-09 12:13:54.105  1086  1254 D ASH     : @ 969704.907: tcs3701: start power rail timer, state:3
01-09 12:13:54.145  1086  1254 I ASH     : @ 969704.947: tcs3701: stop power rail pending_off timer
01-09 12:13:54.145  1086  1254 D ASH     : @ 969704.947: tcs3701: start power rail timer, state:3
01-09 12:13:54.185  1086  1254 I ASH     : @ 969704.987: tcs3701: stop power rail pending_off timer
01-09 12:13:54.185  1086  1254 D ASH     : @ 969704.987: tcs3701: start power rail timer, state:3
01-09 12:13:54.225  1086  1254 I ASH     : @ 969705.027: tcs3701: stop power rail pending_off timer
01-09 12:13:54.225  1086  1254 D ASH     : @ 969705.027: tcs3701: start power rail timer, state:3
01-09 12:13:54.265  1086  1254 I ASH     : @ 969705.067: tcs3701: stop power rail pending_off timer
01-09 12:13:54.265  1086  1254 D ASH     : @ 969705.067: tcs3701: start power rail timer, state:3
01-09 12:13:54.305  1086  1254 I ASH     : @ 969705.107: tcs3701: stop power rail pending_off timer
01-09 12:13:54.305  1086  1254 D ASH     : @ 969705.107: tcs3701: start power rail timer, state:3
01-09 12:13:54.345  1086  1254 I ASH     : @ 969705.147: tcs3701: stop power rail pending_off timer
01-09 12:13:54.345  1086  1254 D ASH     : @ 969705.147: tcs3701: start power rail timer, state:3
01-09 12:13:54.385  1086  1254 I ASH     : @ 969705.187: tcs3701: stop power rail pending_off timer
01-09 12:13:54.385  1086  1254 D ASH     : @ 969705.187: tcs3701: start power rail timer, state:3
01-09 12:13:54.425  1086  1254 I ASH     : @ 969705.227: tcs3701: stop power rail pending_off timer
01-09 12:13:54.425  1086  1254 D ASH     : @ 969705.227: tcs3701: start power rail timer, state:3
01-09 12:13:54.466  1086  1254 I ASH     : @ 969705.267: tcs3701: stop power rail pending_off timer
01-09 12:13:54.466  1086  1254 D ASH     : @ 969705.267: tcs3701: start power rail timer, state:3
01-09 12:13:54.505  1086  1254 I ASH     : @ 969705.307: tcs3701: stop power rail pending_off timer
01-09 12:13:54.505  1086  1254 D ASH     : @ 969705.307: tcs3701: start power rail timer, state:3
01-09 12:13:54.545  1086  1254 I ASH     : @ 969705.347: tcs3701: stop power rail pending_off timer
01-09 12:13:54.545  1086  1254 D ASH     : @ 969705.347: tcs3701: start power rail timer, state:3
01-09 12:13:54.585  1086  1254 I ASH     : @ 969705.387: tcs3701: stop power rail pending_off timer
01-09 12:13:54.585  1086  1254 D ASH     : @ 969705.387: tcs3701: start power rail timer, state:3
01-09 12:13:54.625  1086  1254 I ASH     : @ 969705.427: tcs3701: stop power rail pending_off timer
01-09 12:13:54.625  1086  1254 D ASH     : @ 969705.427: tcs3701: start power rail timer, state:3
01-09 12:13:54.665  1086  1254 I ASH     : @ 969705.467: tcs3701: stop power rail pending_off timer
01-09 12:13:54.665  1086  1254 D ASH     : @ 969705.467: tcs3701: start power rail timer, state:3
01-09 12:13:54.705  1086  1254 I ASH     : @ 969705.507: tcs3701: stop power rail pending_off timer
01-09 12:13:54.705  1086  1254 D ASH     : @ 969705.507: tcs3701: start power rail timer, state:3
01-09 12:13:54.745  1086  1254 I ASH     : @ 969705.547: tcs3701: stop power rail pending_off timer
01-09 12:13:54.745  1086  1254 D ASH     : @ 969705.547: tcs3701: start power rail timer, state:3
01-09 12:13:54.785  1086  1254 I ASH     : @ 969705.587: tcs3701: stop power rail pending_off timer
01-09 12:13:54.785  1086  1254 D ASH     : @ 969705.587: tcs3701: start power rail timer, state:3
01-09 12:13:54.825  1086  1254 I ASH     : @ 969705.627: tcs3701: stop power rail pending_off timer
01-09 12:13:54.826  1086  1254 D ASH     : @ 969705.627: tcs3701: start power rail timer, state:3
01-09 12:13:54.865  1086  1254 I ASH     : @ 969705.667: tcs3701: stop power rail pending_off timer
01-09 12:13:54.865  1086  1254 D ASH     : @ 969705.667: tcs3701: start power rail timer, state:3
01-09 12:13:54.905  1086  1254 I ASH     : @ 969705.707: tcs3701: stop power rail pending_off timer
01-09 12:13:54.905  1086  1254 D ASH     : @ 969705.707: tcs3701: start power rail timer, state:3
01-09 12:13:54.945  1086  1254 I ASH     : @ 969705.747: tcs3701: stop power rail pending_off timer
01-09 12:13:54.945  1086  1254 D ASH     : @ 969705.747: tcs3701: start power rail timer, state:3
01-09 12:13:54.985  1086  1254 I ASH     : @ 969705.787: tcs3701: stop power rail pending_off timer
01-09 12:13:54.985  1086  1254 D ASH     : @ 969705.787: tcs3701: start power rail timer, state:3
01-09 12:13:55.025  1086  1254 I ASH     : @ 969705.827: tcs3701: stop power rail pending_off timer
01-09 12:13:55.025  1086  1254 D ASH     : @ 969705.827: tcs3701: start power rail timer, state:3
01-09 12:13:55.065  1086  1254 I ASH     : @ 969705.867: tcs3701: stop power rail pending_off timer
01-09 12:13:55.065  1086  1254 D ASH     : @ 969705.867: tcs3701: start power rail timer, state:3
01-09 12:13:55.105  1086  1254 I ASH     : @ 969705.907: tcs3701: stop power rail pending_off timer
01-09 12:13:55.105  1086  1254 D ASH     : @ 969705.907: tcs3701: start power rail timer, state:3
01-09 12:13:55.145  1086  1254 I ASH     : @ 969705.947: tcs3701: stop power rail pending_off timer
01-09 12:13:55.145  1086  1254 D ASH     : @ 969705.947: tcs3701: start power rail timer, state:3
01-09 12:13:55.185  1086  1254 I ASH     : @ 969705.987: tcs3701: stop power rail pending_off timer
01-09 12:13:55.185  1086  1254 D ASH     : @ 969705.987: tcs3701: start power rail timer, state:3
01-09 12:13:55.225  1086  1254 I ASH     : @ 969706.027: tcs3701: stop power rail pending_off timer
01-09 12:13:55.225  1086  1254 D ASH     : @ 969706.027: tcs3701: start power rail timer, state:3
01-09 12:13:55.265  1086  1254 I ASH     : @ 969706.067: tcs3701: stop power rail pending_off timer
01-09 12:13:55.265  1086  1254 D ASH     : @ 969706.067: tcs3701: start power rail timer, state:3
01-09 12:13:55.305  1086  1254 I ASH     : @ 969706.107: tcs3701: stop power rail pending_off timer
01-09 12:13:55.305  1086  1254 D ASH     : @ 969706.107: tcs3701: start power rail timer, state:3
01-09 12:13:55.345  1086  1254 I ASH     : @ 969706.147: tcs3701: stop power rail pending_off timer
01-09 12:13:55.345  1086  1254 D ASH     : @ 969706.147: tcs3701: start power rail timer, state:3
01-09 12:13:55.385  1086  1254 I ASH     : @ 969706.187: tcs3701: stop power rail pending_off timer
01-09 12:13:55.385  1086  1254 D ASH     : @ 969706.187: tcs3701: start power rail timer, state:3
01-09 12:13:55.425  1086  1254 I ASH     : @ 969706.227: tcs3701: stop power rail pending_off timer
01-09 12:13:55.425  1086  1254 D ASH     : @ 969706.227: tcs3701: start power rail timer, state:3
01-09 12:13:55.465  1086  1254 I ASH     : @ 969706.267: tcs3701: stop power rail pending_off timer
01-09 12:13:55.465  1086  1254 D ASH     : @ 969706.267: tcs3701: start power rail timer, state:3
01-09 12:13:55.505  1086  1254 I ASH     : @ 969706.307: tcs3701: stop power rail pending_off timer
01-09 12:13:55.505  1086  1254 D ASH     : @ 969706.307: tcs3701: start power rail timer, state:3
01-09 12:13:55.547  1086  1254 I ASH     : @ 969706.347: tcs3701: stop power rail pending_off timer
01-09 12:13:55.547  1086  1254 D ASH     : @ 969706.347: tcs3701: start power rail timer, state:3
01-09 12:13:55.586  1086  1254 I ASH     : @ 969706.387: tcs3701: stop power rail pending_off timer
01-09 12:13:55.586  1086  1254 D ASH     : @ 969706.387: tcs3701: start power rail timer, state:3
01-09 12:13:55.625  1086  1254 I ASH     : @ 969706.427: tcs3701: stop power rail pending_off timer
01-09 12:13:55.625  1086  1254 D ASH     : @ 969706.427: tcs3701: start power rail timer, state:3
01-09 12:13:55.665  1086  1254 I ASH     : @ 969706.467: tcs3701: stop power rail pending_off timer
01-09 12:13:55.665  1086  1254 D ASH     : @ 969706.467: tcs3701: start power rail timer, state:3
01-09 12:13:55.705  1086  1254 I ASH     : @ 969706.507: tcs3701: stop power rail pending_off timer
01-09 12:13:55.705  1086  1254 D ASH     : @ 969706.507: tcs3701: start power rail timer, state:3
01-09 12:13:55.745  1086  1254 I ASH     : @ 969706.547: tcs3701: stop power rail pending_off timer
01-09 12:13:55.745  1086  1254 D ASH     : @ 969706.547: tcs3701: start power rail timer, state:3
01-09 12:13:55.785  1086  1254 I ASH     : @ 969706.587: tcs3701: stop power rail pending_off timer
01-09 12:13:55.785  1086  1254 D ASH     : @ 969706.587: tcs3701: start power rail timer, state:3
01-09 12:13:55.825  1086  1254 I ASH     : @ 969706.627: tcs3701: stop power rail pending_off timer
01-09 12:13:55.825  1086  1254 D ASH     : @ 969706.627: tcs3701: start power rail timer, state:3
01-09 12:13:55.865  1086  1254 I ASH     : @ 969706.667: tcs3701: stop power rail pending_off timer
01-09 12:13:55.865  1086  1254 D ASH     : @ 969706.667: tcs3701: start power rail timer, state:3
01-09 12:13:55.905  1086  1254 I ASH     : @ 969706.707: tcs3701: stop power rail pending_off timer
01-09 12:13:55.905  1086  1254 D ASH     : @ 969706.707: tcs3701: start power rail timer, state:3
01-09 12:13:55.945  1086  1254 I ASH     : @ 969706.747: tcs3701: stop power rail pending_off timer
01-09 12:13:55.945  1086  1254 D ASH     : @ 969706.747: tcs3701: start power rail timer, state:3
01-09 12:13:55.985  1086  1254 I ASH     : @ 969706.787: tcs3701: stop power rail pending_off timer
01-09 12:13:55.985  1086  1254 D ASH     : @ 969706.787: tcs3701: start power rail timer, state:3
01-09 12:13:56.025  1086  1254 I ASH     : @ 969706.827: tcs3701: stop power rail pending_off timer
01-09 12:13:56.025  1086  1254 D ASH     : @ 969706.827: tcs3701: start power rail timer, state:3
01-09 12:13:56.065  1086  1254 I ASH     : @ 969706.867: tcs3701: stop power rail pending_off timer
01-09 12:13:56.065  1086  1254 D ASH     : @ 969706.867: tcs3701: start power rail timer, state:3
01-09 12:13:56.105  1086  1254 I ASH     : @ 969706.907: tcs3701: stop power rail pending_off timer
01-09 12:13:56.105  1086  1254 D ASH     : @ 969706.907: tcs3701: start power rail timer, state:3
01-09 12:13:56.145  1086  1254 I ASH     : @ 969706.947: tcs3701: stop power rail pending_off timer
01-09 12:13:56.145  1086  1254 D ASH     : @ 969706.947: tcs3701: start power rail timer, state:3
01-09 12:13:56.185  1086  1254 I ASH     : @ 969706.987: tcs3701: stop power rail pending_off timer
01-09 12:13:56.185  1086  1254 D ASH     : @ 969706.987: tcs3701: start power rail timer, state:3
01-09 12:13:56.225  1086  1254 I ASH     : @ 969707.027: tcs3701: stop power rail pending_off timer
01-09 12:13:56.225  1086  1254 D ASH     : @ 969707.027: tcs3701: start power rail timer, state:3
01-09 12:13:56.265  1086  1254 I ASH     : @ 969707.067: tcs3701: stop power rail pending_off timer
01-09 12:13:56.265  1086  1254 D ASH     : @ 969707.067: tcs3701: start power rail timer, state:3
01-09 12:13:56.305  1086  1254 I ASH     : @ 969707.107: tcs3701: stop power rail pending_off timer
01-09 12:13:56.305  1086  1254 D ASH     : @ 969707.107: tcs3701: start power rail timer, state:3
01-09 12:13:56.345  1086  1254 I ASH     : @ 969707.147: tcs3701: stop power rail pending_off timer
01-09 12:13:56.345  1086  1254 D ASH     : @ 969707.147: tcs3701: start power rail timer, state:3
01-09 12:13:56.385  1086  1254 I ASH     : @ 969707.187: tcs3701: stop power rail pending_off timer
01-09 12:13:56.386  1086  1254 D ASH     : @ 969707.187: tcs3701: start power rail timer, state:3
01-09 12:13:56.425  1086  1254 I ASH     : @ 969707.227: tcs3701: stop power rail pending_off timer
01-09 12:13:56.425  1086  1254 D ASH     : @ 969707.227: tcs3701: start power rail timer, state:3
01-09 12:13:56.465  1086  1254 I ASH     : @ 969707.267: tcs3701: stop power rail pending_off timer
01-09 12:13:56.465  1086  1254 D ASH     : @ 969707.267: tcs3701: start power rail timer, state:3
01-09 12:13:56.505  1086  1254 I ASH     : @ 969707.307: tcs3701: stop power rail pending_off timer
01-09 12:13:56.505  1086  1254 D ASH     : @ 969707.307: tcs3701: start power rail timer, state:3
01-09 12:13:56.545  1086  1254 I ASH     : @ 969707.347: tcs3701: stop power rail pending_off timer
01-09 12:13:56.545  1086  1254 D ASH     : @ 969707.347: tcs3701: start power rail timer, state:3
01-09 12:13:56.586  1086  1254 I ASH     : @ 969707.387: tcs3701: stop power rail pending_off timer
01-09 12:13:56.586  1086  1254 D ASH     : @ 969707.387: tcs3701: start power rail timer, state:3
01-09 12:13:56.625  1086  1254 I ASH     : @ 969707.427: tcs3701: stop power rail pending_off timer
01-09 12:13:56.625  1086  1254 D ASH     : @ 969707.427: tcs3701: start power rail timer, state:3
01-09 12:13:56.665  1086  1254 I ASH     : @ 969707.467: tcs3701: stop power rail pending_off timer
01-09 12:13:56.665  1086  1254 D ASH     : @ 969707.467: tcs3701: start power rail timer, state:3
01-09 12:13:56.705  1086  1254 I ASH     : @ 969707.507: tcs3701: stop power rail pending_off timer
01-09 12:13:56.705  1086  1254 D ASH     : @ 969707.507: tcs3701: start power rail timer, state:3
01-09 12:13:56.745  1086  1254 I ASH     : @ 969707.547: tcs3701: stop power rail pending_off timer
01-09 12:13:56.745  1086  1254 D ASH     : @ 969707.547: tcs3701: start power rail timer, state:3
01-09 12:13:56.785  1086  1254 I ASH     : @ 969707.587: tcs3701: stop power rail pending_off timer
01-09 12:13:56.785  1086  1254 D ASH     : @ 969707.587: tcs3701: start power rail timer, state:3
01-09 12:13:56.825  1086  1254 I ASH     : @ 969707.627: tcs3701: stop power rail pending_off timer
01-09 12:13:56.825  1086  1254 D ASH     : @ 969707.627: tcs3701: start power rail timer, state:3
01-09 12:13:56.865  1086  1254 I ASH     : @ 969707.667: tcs3701: stop power rail pending_off timer
01-09 12:13:56.865  1086  1254 D ASH     : @ 969707.667: tcs3701: start power rail timer, state:3
01-09 12:13:56.905  1086  1254 I ASH     : @ 969707.707: tcs3701: stop power rail pending_off timer
01-09 12:13:56.905  1086  1254 D ASH     : @ 969707.707: tcs3701: start power rail timer, state:3
01-09 12:13:56.945  1086  1254 I ASH     : @ 969707.747: tcs3701: stop power rail pending_off timer
01-09 12:13:56.945  1086  1254 D ASH     : @ 969707.747: tcs3701: start power rail timer, state:3
01-09 12:13:56.985  1086  1254 I ASH     : @ 969707.787: tcs3701: stop power rail pending_off timer
01-09 12:13:56.985  1086  1254 D ASH     : @ 969707.787: tcs3701: start power rail timer, state:3
01-09 12:13:57.025  1086  1254 I ASH     : @ 969707.827: tcs3701: stop power rail pending_off timer
01-09 12:13:57.025  1086  1254 D ASH     : @ 969707.827: tcs3701: start power rail timer, state:3
01-09 12:13:57.065  1086  1254 I ASH     : @ 969707.867: tcs3701: stop power rail pending_off timer
01-09 12:13:57.065  1086  1254 D ASH     : @ 969707.867: tcs3701: start power rail timer, state:3
01-09 12:13:57.105  1086  1254 I ASH     : @ 969707.907: tcs3701: stop power rail pending_off timer
01-09 12:13:57.105  1086  1254 D ASH     : @ 969707.907: tcs3701: start power rail timer, state:3
01-09 12:13:57.145  1086  1254 I ASH     : @ 969707.947: tcs3701: stop power rail pending_off timer
01-09 12:13:57.145  1086  1254 D ASH     : @ 969707.947: tcs3701: start power rail timer, state:3
01-09 12:13:57.185  1086  1254 I ASH     : @ 969707.987: tcs3701: stop power rail pending_off timer
01-09 12:13:57.185  1086  1254 D ASH     : @ 969707.987: tcs3701: start power rail timer, state:3
01-09 12:13:57.225  1086  1254 I ASH     : @ 969708.027: tcs3701: stop power rail pending_off timer
01-09 12:13:57.225  1086  1254 D ASH     : @ 969708.027: tcs3701: start power rail timer, state:3
01-09 12:13:57.265  1086  1254 I ASH     : @ 969708.067: tcs3701: stop power rail pending_off timer
01-09 12:13:57.265  1086  1254 D ASH     : @ 969708.067: tcs3701: start power rail timer, state:3
01-09 12:13:57.305  1086  1254 I ASH     : @ 969708.107: tcs3701: stop power rail pending_off timer
01-09 12:13:57.305  1086  1254 D ASH     : @ 969708.107: tcs3701: start power rail timer, state:3
01-09 12:13:57.345  1086  1254 I ASH     : @ 969708.147: tcs3701: stop power rail pending_off timer
01-09 12:13:57.345  1086  1254 D ASH     : @ 969708.147: tcs3701: start power rail timer, state:3
01-09 12:13:57.385  1086  1254 I ASH     : @ 969708.187: tcs3701: stop power rail pending_off timer
01-09 12:13:57.385  1086  1254 D ASH     : @ 969708.187: tcs3701: start power rail timer, state:3
01-09 12:13:57.425  1086  1254 I ASH     : @ 969708.227: tcs3701: stop power rail pending_off timer
01-09 12:13:57.425  1086  1254 D ASH     : @ 969708.227: tcs3701: start power rail timer, state:3
01-09 12:13:57.465  1086  1254 I ASH     : @ 969708.267: tcs3701: stop power rail pending_off timer
01-09 12:13:57.465  1086  1254 D ASH     : @ 969708.267: tcs3701: start power rail timer, state:3
01-09 12:13:57.505  1086  1254 I ASH     : @ 969708.307: tcs3701: stop power rail pending_off timer
01-09 12:13:57.505  1086  1254 D ASH     : @ 969708.307: tcs3701: start power rail timer, state:3
01-09 12:13:57.545  1086  1254 I ASH     : @ 969708.347: tcs3701: stop power rail pending_off timer
01-09 12:13:57.545  1086  1254 D ASH     : @ 969708.347: tcs3701: start power rail timer, state:3
01-09 12:13:57.585  1086  1254 I ASH     : @ 969708.387: tcs3701: stop power rail pending_off timer
01-09 12:13:57.585  1086  1254 D ASH     : @ 969708.387: tcs3701: start power rail timer, state:3
01-09 12:13:57.625  1086  1254 I ASH     : @ 969708.427: tcs3701: stop power rail pending_off timer
01-09 12:13:57.625  1086  1254 D ASH     : @ 969708.427: tcs3701: start power rail timer, state:3
01-09 12:13:57.665  1086  1254 I ASH     : @ 969708.467: tcs3701: stop power rail pending_off timer
01-09 12:13:57.665  1086  1254 D ASH     : @ 969708.467: tcs3701: start power rail timer, state:3
01-09 12:13:57.705  1086  1254 I ASH     : @ 969708.507: tcs3701: stop power rail pending_off timer
01-09 12:13:57.705  1086  1254 D ASH     : @ 969708.507: tcs3701: start power rail timer, state:3
01-09 12:13:57.745  1086  1254 I ASH     : @ 969708.547: tcs3701: stop power rail pending_off timer
01-09 12:13:57.745  1086  1254 D ASH     : @ 969708.547: tcs3701: start power rail timer, state:3
01-09 12:13:57.785  1086  1254 I ASH     : @ 969708.587: tcs3701: stop power rail pending_off timer
01-09 12:13:57.785  1086  1254 D ASH     : @ 969708.587: tcs3701: start power rail timer, state:3
01-09 12:13:57.825  1086  1254 I ASH     : @ 969708.627: tcs3701: stop power rail pending_off timer
01-09 12:13:57.825  1086  1254 D ASH     : @ 969708.627: tcs3701: start power rail timer, state:3
01-09 12:13:57.827 29542 29560 I Unity   : [showcase] drew layout: the variant shelf: 3 instance(s), rung RawBuffer
01-09 12:13:57.827 29542 29560 I Unity   : UnityEngine.DebugLogHandler:Internal_Log(LogType, LogOption, String, Object)
01-09 12:13:57.827 29542 29560 I Unity   : Driftsys.Dashscene.Samples.DashsceneShowcase:Update()
01-09 12:13:57.827 29542 29560 I Unity   : 
01-09 12:13:57.828 29542 29560 I Unity   : [showcase] all 6 entries drew (3 scene(s), 3 document(s))
01-09 12:13:57.828 29542 29560 I Unity   : UnityEngine.DebugLogHandler:Internal_Log(LogType, LogOption, String, Object)
01-09 12:13:57.828 29542 29560 I Unity   : Driftsys.Dashscene.Samples.DashsceneShowcase:AnnounceIfEveryEntryHasDrawn()
01-09 12:13:57.828 29542 29560 I Unity   : Driftsys.Dashscene.Samples.DashsceneShowcase:Update()
01-09 12:13:57.828 29542 29560 I Unity   : 
01-09 12:13:57.865  1086  1254 I ASH     : @ 969708.667: tcs3701: stop power rail pending_off timer
01-09 12:13:57.865  1086  1254 D ASH     : @ 969708.667: tcs3701: start power rail timer, state:3
01-09 12:13:57.905  1086  1254 I ASH     : @ 969708.707: tcs3701: stop power rail pending_off timer
01-09 12:13:57.905  1086  1254 D ASH     : @ 969708.707: tcs3701: start power rail timer, state:3
01-09 12:13:57.945  1086  1254 I ASH     : @ 969708.747: tcs3701: stop power rail pending_off timer
01-09 12:13:57.945  1086  1254 D ASH     : @ 969708.747: tcs3701: start power rail timer, state:3
01-09 12:13:57.985  1086  1254 I ASH     : @ 969708.787: tcs3701: stop power rail pending_off timer
01-09 12:13:57.985  1086  1254 D ASH     : @ 969708.787: tcs3701: start power rail timer, state:3
01-09 12:13:58.025  1086  1254 I ASH     : @ 969708.827: tcs3701: stop power rail pending_off timer
01-09 12:13:58.025  1086  1254 D ASH     : @ 969708.827: tcs3701: start power rail timer, state:3
01-09 12:13:58.065  1086  1254 I ASH     : @ 969708.867: tcs3701: stop power rail pending_off timer
01-09 12:13:58.065  1086  1254 D ASH     : @ 969708.867: tcs3701: start power rail timer, state:3
01-09 12:13:58.105  1086  1254 I ASH     : @ 969708.907: tcs3701: stop power rail pending_off timer
01-09 12:13:58.105  1086  1254 D ASH     : @ 969708.907: tcs3701: start power rail timer, state:3
01-09 12:13:58.145  1086  1254 I ASH     : @ 969708.947: tcs3701: stop power rail pending_off timer
01-09 12:13:58.145  1086  1254 D ASH     : @ 969708.947: tcs3701: start power rail timer, state:3
01-09 12:13:58.185  1086  1254 I ASH     : @ 969708.987: tcs3701: stop power rail pending_off timer
01-09 12:13:58.186  1086  1254 D ASH     : @ 969708.987: tcs3701: start power rail timer, state:3
01-09 12:13:58.225  1086  1254 I ASH     : @ 969709.027: tcs3701: stop power rail pending_off timer
01-09 12:13:58.225  1086  1254 D ASH     : @ 969709.027: tcs3701: start power rail timer, state:3
01-09 12:13:58.265  1086  1254 I ASH     : @ 969709.067: tcs3701: stop power rail pending_off timer
01-09 12:13:58.265  1086  1254 D ASH     : @ 969709.067: tcs3701: start power rail timer, state:3
01-09 12:13:58.305  1086  1254 I ASH     : @ 969709.107: tcs3701: stop power rail pending_off timer
01-09 12:13:58.305  1086  1254 D ASH     : @ 969709.107: tcs3701: start power rail timer, state:3
01-09 12:13:58.345  1086  1254 I ASH     : @ 969709.147: tcs3701: stop power rail pending_off timer
01-09 12:13:58.345  1086  1254 D ASH     : @ 969709.147: tcs3701: start power rail timer, state:3
01-09 12:13:58.385  1086  1254 I ASH     : @ 969709.187: tcs3701: stop power rail pending_off timer
01-09 12:13:58.385  1086  1254 D ASH     : @ 969709.187: tcs3701: start power rail timer, state:3
01-09 12:13:58.425  1086  1254 I ASH     : @ 969709.227: tcs3701: stop power rail pending_off timer
01-09 12:13:58.425  1086  1254 D ASH     : @ 969709.227: tcs3701: start power rail timer, state:3
01-09 12:13:58.465  1086  1254 I ASH     : @ 969709.267: tcs3701: stop power rail pending_off timer
01-09 12:13:58.465  1086  1254 D ASH     : @ 969709.267: tcs3701: start power rail timer, state:3
01-09 12:13:58.505  1086  1254 I ASH     : @ 969709.307: tcs3701: stop power rail pending_off timer
01-09 12:13:58.505  1086  1254 D ASH     : @ 969709.307: tcs3701: start power rail timer, state:3
01-09 12:13:58.545  1086  1254 I ASH     : @ 969709.347: tcs3701: stop power rail pending_off timer
01-09 12:13:58.545  1086  1254 D ASH     : @ 969709.347: tcs3701: start power rail timer, state:3
01-09 12:13:58.585  1086  1254 I ASH     : @ 969709.387: tcs3701: stop power rail pending_off timer
01-09 12:13:58.585  1086  1254 D ASH     : @ 969709.387: tcs3701: start power rail timer, state:3
01-09 12:13:58.625  1086  1254 I ASH     : @ 969709.427: tcs3701: stop power rail pending_off timer
01-09 12:13:58.625  1086  1254 D ASH     : @ 969709.427: tcs3701: start power rail timer, state:3
01-09 12:13:58.665  1086  1254 I ASH     : @ 969709.467: tcs3701: stop power rail pending_off timer
01-09 12:13:58.665  1086  1254 D ASH     : @ 969709.467: tcs3701: start power rail timer, state:3
01-09 12:13:58.705  1086  1254 I ASH     : @ 969709.507: tcs3701: stop power rail pending_off timer
01-09 12:13:58.705  1086  1254 D ASH     : @ 969709.507: tcs3701: start power rail timer, state:3
01-09 12:13:58.745  1086  1254 I ASH     : @ 969709.547: tcs3701: stop power rail pending_off timer
01-09 12:13:58.745  1086  1254 D ASH     : @ 969709.547: tcs3701: start power rail timer, state:3
01-09 12:13:58.785  1086  1254 I ASH     : @ 969709.587: tcs3701: stop power rail pending_off timer
01-09 12:13:58.785  1086  1254 D ASH     : @ 969709.587: tcs3701: start power rail timer, state:3
01-09 12:13:58.825  1086  1254 I ASH     : @ 969709.627: tcs3701: stop power rail pending_off timer
01-09 12:13:58.825  1086  1254 D ASH     : @ 969709.627: tcs3701: start power rail timer, state:3
01-09 12:13:58.865  1086  1254 I ASH     : @ 969709.667: tcs3701: stop power rail pending_off timer
01-09 12:13:58.865  1086  1254 D ASH     : @ 969709.667: tcs3701: start power rail timer, state:3
01-09 12:13:58.905  1086  1254 I ASH     : @ 969709.707: tcs3701: stop power rail pending_off timer
01-09 12:13:58.905  1086  1254 D ASH     : @ 969709.707: tcs3701: start power rail timer, state:3
01-09 12:13:58.945  1086  1254 I ASH     : @ 969709.747: tcs3701: stop power rail pending_off timer
01-09 12:13:58.945  1086  1254 D ASH     : @ 969709.747: tcs3701: start power rail timer, state:3
01-09 12:13:58.985  1086  1254 I ASH     : @ 969709.787: tcs3701: stop power rail pending_off timer
01-09 12:13:58.985  1086  1254 D ASH     : @ 969709.787: tcs3701: start power rail timer, state:3
01-09 12:13:59.025  1086  1254 I ASH     : @ 969709.827: tcs3701: stop power rail pending_off timer
01-09 12:13:59.025  1086  1254 D ASH     : @ 969709.827: tcs3701: start power rail timer, state:3
01-09 12:13:59.065  1086  1254 I ASH     : @ 969709.867: tcs3701: stop power rail pending_off timer
01-09 12:13:59.065  1086  1254 D ASH     : @ 969709.867: tcs3701: start power rail timer, state:3
01-09 12:13:59.105  1086  1254 I ASH     : @ 969709.907: tcs3701: stop power rail pending_off timer
01-09 12:13:59.105  1086  1254 D ASH     : @ 969709.907: tcs3701: start power rail timer, state:3
01-09 12:13:59.145  1086  1254 I ASH     : @ 969709.947: tcs3701: stop power rail pending_off timer
01-09 12:13:59.145  1086  1254 D ASH     : @ 969709.947: tcs3701: start power rail timer, state:3
01-09 12:13:59.185  1086  1254 I ASH     : @ 969709.987: tcs3701: stop power rail pending_off timer
01-09 12:13:59.185  1086  1254 D ASH     : @ 969709.987: tcs3701: start power rail timer, state:3
01-09 12:13:59.225  1086  1254 I ASH     : @ 969710.027: tcs3701: stop power rail pending_off timer
01-09 12:13:59.225  1086  1254 D ASH     : @ 969710.027: tcs3701: start power rail timer, state:3
01-09 12:13:59.265  1086  1254 I ASH     : @ 969710.067: tcs3701: stop power rail pending_off timer
01-09 12:13:59.265  1086  1254 D ASH     : @ 969710.067: tcs3701: start power rail timer, state:3
01-09 12:13:59.305  1086  1254 I ASH     : @ 969710.107: tcs3701: stop power rail pending_off timer
01-09 12:13:59.305  1086  1254 D ASH     : @ 969710.107: tcs3701: start power rail timer, state:3
01-09 12:13:59.345  1086  1254 I ASH     : @ 969710.147: tcs3701: stop power rail pending_off timer
01-09 12:13:59.345  1086  1254 D ASH     : @ 969710.147: tcs3701: start power rail timer, state:3
01-09 12:13:59.385  1086  1254 I ASH     : @ 969710.187: tcs3701: stop power rail pending_off timer
01-09 12:13:59.385  1086  1254 D ASH     : @ 969710.187: tcs3701: start power rail timer, state:3
01-09 12:13:59.425  1086  1254 I ASH     : @ 969710.227: tcs3701: stop power rail pending_off timer
01-09 12:13:59.425  1086  1254 D ASH     : @ 969710.227: tcs3701: start power rail timer, state:3
01-09 12:13:59.465  1086  1254 I ASH     : @ 969710.267: tcs3701: stop power rail pending_off timer
01-09 12:13:59.465  1086  1254 D ASH     : @ 969710.267: tcs3701: start power rail timer, state:3
01-09 12:13:59.505  1086  1254 I ASH     : @ 969710.307: tcs3701: stop power rail pending_off timer
01-09 12:13:59.505  1086  1254 D ASH     : @ 969710.307: tcs3701: start power rail timer, state:3
01-09 12:13:59.545  1086  1254 I ASH     : @ 969710.347: tcs3701: stop power rail pending_off timer
01-09 12:13:59.545  1086  1254 D ASH     : @ 969710.347: tcs3701: start power rail timer, state:3
01-09 12:13:59.585  1086  1254 I ASH     : @ 969710.387: tcs3701: stop power rail pending_off timer
01-09 12:13:59.585  1086  1254 D ASH     : @ 969710.387: tcs3701: start power rail timer, state:3
01-09 12:13:59.625  1086  1254 I ASH     : @ 969710.427: tcs3701: stop power rail pending_off timer
01-09 12:13:59.625  1086  1254 D ASH     : @ 969710.427: tcs3701: start power rail timer, state:3
01-09 12:13:59.665  1086  1254 I ASH     : @ 969710.467: tcs3701: stop power rail pending_off timer
01-09 12:13:59.665  1086  1254 D ASH     : @ 969710.467: tcs3701: start power rail timer, state:3
01-09 12:13:59.705  1086  1254 I ASH     : @ 969710.507: tcs3701: stop power rail pending_off timer
01-09 12:13:59.705  1086  1254 D ASH     : @ 969710.507: tcs3701: start power rail timer, state:3
01-09 12:13:59.745  1086  1254 I ASH     : @ 969710.547: tcs3701: stop power rail pending_off timer
01-09 12:13:59.745  1086  1254 D ASH     : @ 969710.547: tcs3701: start power rail timer, state:3
01-09 12:13:59.785  1086  1254 I ASH     : @ 969710.587: tcs3701: stop power rail pending_off timer
01-09 12:13:59.785  1086  1254 D ASH     : @ 969710.587: tcs3701: start power rail timer, state:3
01-09 12:13:59.825  1086  1254 I ASH     : @ 969710.627: tcs3701: stop power rail pending_off timer
01-09 12:13:59.825  1086  1254 D ASH     : @ 969710.627: tcs3701: start power rail timer, state:3
01-09 12:13:59.865  1086  1254 I ASH     : @ 969710.667: tcs3701: stop power rail pending_off timer
01-09 12:13:59.866  1086  1254 D ASH     : @ 969710.667: tcs3701: start power rail timer, state:3
01-09 12:13:59.905  1086  1254 I ASH     : @ 969710.707: tcs3701: stop power rail pending_off timer
01-09 12:13:59.905  1086  1254 D ASH     : @ 969710.707: tcs3701: start power rail timer, state:3
01-09 12:13:59.945  1086  1254 I ASH     : @ 969710.747: tcs3701: stop power rail pending_off timer
01-09 12:13:59.945  1086  1254 D ASH     : @ 969710.747: tcs3701: start power rail timer, state:3
01-09 12:13:59.985  1086  1254 I ASH     : @ 969710.787: tcs3701: stop power rail pending_off timer
01-09 12:13:59.985  1086  1254 D ASH     : @ 969710.787: tcs3701: start power rail timer, state:3
01-09 12:14:00.006  3591  3823 I AiAiEcho: Predicting[0]: 
01-09 12:14:00.006  3591  3823 I AiAiEcho: EchoTargets: 
01-09 12:14:00.006  3591  3823 I AiAiEcho: Filtered by AiAi flag check: 
01-09 12:14:00.006  3591  3823 I AiAiEcho: Ranked targets strategy: SORT, count: 0, ranking metadata: 
01-09 12:14:00.007  3591  3823 I AiAiEcho: #postPredictionTargets: Sending updates to UISurface lockscreen with targets# 0 (types=[])
01-09 12:14:00.019  2565  2565 W PageIndicator: Total number of pages invalid: 0. Assuming 1 page.
01-09 12:14:00.025  1086  1254 I ASH     : @ 969710.827: tcs3701: stop power rail pending_off timer
01-09 12:14:00.025  1086  1254 D ASH     : @ 969710.827: tcs3701: start power rail timer, state:3
01-09 12:14:00.066  1086  1254 I ASH     : @ 969710.867: tcs3701: stop power rail pending_off timer
01-09 12:14:00.066  1086  1254 D ASH     : @ 969710.867: tcs3701: start power rail timer, state:3
01-09 12:14:00.105  1086  1254 I ASH     : @ 969710.907: tcs3701: stop power rail pending_off timer
01-09 12:14:00.105  1086  1254 D ASH     : @ 969710.907: tcs3701: start power rail timer, state:3
01-09 12:14:00.145  1086  1254 I ASH     : @ 969710.947: tcs3701: stop power rail pending_off timer
01-09 12:14:00.145  1086  1254 D ASH     : @ 969710.947: tcs3701: start power rail timer, state:3
01-09 12:14:00.188  1086  1254 I ASH     : @ 969710.987: tcs3701: stop power rail pending_off timer
01-09 12:14:00.188  1086  1254 D ASH     : @ 969710.987: tcs3701: start power rail timer, state:3
01-09 12:14:00.226  1086  1254 I ASH     : @ 969711.027: tcs3701: stop power rail pending_off timer
01-09 12:14:00.226  1086  1254 D ASH     : @ 969711.027: tcs3701: start power rail timer, state:3
01-09 12:14:00.265  1086  1254 I ASH     : @ 969711.067: tcs3701: stop power rail pending_off timer
01-09 12:14:00.265  1086  1254 D ASH     : @ 969711.067: tcs3701: start power rail timer, state:3
01-09 12:14:00.305  1086  1254 I ASH     : @ 969711.107: tcs3701: stop power rail pending_off timer
01-09 12:14:00.305  1086  1254 D ASH     : @ 969711.107: tcs3701: start power rail timer, state:3
01-09 12:14:00.345  1086  1254 I ASH     : @ 969711.147: tcs3701: stop power rail pending_off timer
01-09 12:14:00.345  1086  1254 D ASH     : @ 969711.147: tcs3701: start power rail timer, state:3
01-09 12:14:00.385  1086  1254 I ASH     : @ 969711.187: tcs3701: stop power rail pending_off timer
01-09 12:14:00.385  1086  1254 D ASH     : @ 969711.187: tcs3701: start power rail timer, state:3
01-09 12:14:00.425  1086  1254 I ASH     : @ 969711.227: tcs3701: stop power rail pending_off timer
01-09 12:14:00.425  1086  1254 D ASH     : @ 969711.227: tcs3701: start power rail timer, state:3
01-09 12:14:00.465  1086  1254 I ASH     : @ 969711.267: tcs3701: stop power rail pending_off timer
01-09 12:14:00.465  1086  1254 D ASH     : @ 969711.267: tcs3701: start power rail timer, state:3
01-09 12:14:00.505  1086  1254 I ASH     : @ 969711.307: tcs3701: stop power rail pending_off timer
01-09 12:14:00.505  1086  1254 D ASH     : @ 969711.307: tcs3701: start power rail timer, state:3
01-09 12:14:00.545  1086  1254 I ASH     : @ 969711.347: tcs3701: stop power rail pending_off timer
01-09 12:14:00.545  1086  1254 D ASH     : @ 969711.347: tcs3701: start power rail timer, state:3
01-09 12:14:00.585  1086  1254 I ASH     : @ 969711.387: tcs3701: stop power rail pending_off timer
01-09 12:14:00.585  1086  1254 D ASH     : @ 969711.387: tcs3701: start power rail timer, state:3
01-09 12:14:00.625  1086  1254 I ASH     : @ 969711.427: tcs3701: stop power rail pending_off timer
01-09 12:14:00.625  1086  1254 D ASH     : @ 969711.427: tcs3701: start power rail timer, state:3
01-09 12:14:00.665  1086  1254 I ASH     : @ 969711.467: tcs3701: stop power rail pending_off timer
01-09 12:14:00.665  1086  1254 D ASH     : @ 969711.467: tcs3701: start power rail timer, state:3
01-09 12:14:00.705  1086  1254 I ASH     : @ 969711.507: tcs3701: stop power rail pending_off timer
01-09 12:14:00.705  1086  1254 D ASH     : @ 969711.507: tcs3701: start power rail timer, state:3
01-09 12:14:00.745  1086  1254 I ASH     : @ 969711.547: tcs3701: stop power rail pending_off timer
01-09 12:14:00.745  1086  1254 D ASH     : @ 969711.547: tcs3701: start power rail timer, state:3
01-09 12:14:00.785  1086  1254 I ASH     : @ 969711.587: tcs3701: stop power rail pending_off timer
01-09 12:14:00.785  1086  1254 D ASH     : @ 969711.587: tcs3701: start power rail timer, state:3
01-09 12:14:00.825  1086  1254 I ASH     : @ 969711.627: tcs3701: stop power rail pending_off timer
01-09 12:14:00.825  1086  1254 D ASH     : @ 969711.627: tcs3701: start power rail timer, state:3
01-09 12:14:00.865  1086  1254 I ASH     : @ 969711.667: tcs3701: stop power rail pending_off timer
01-09 12:14:00.865  1086  1254 D ASH     : @ 969711.667: tcs3701: start power rail timer, state:3
01-09 12:14:00.905  1086  1254 I ASH     : @ 969711.707: tcs3701: stop power rail pending_off timer
01-09 12:14:00.905  1086  1254 D ASH     : @ 969711.707: tcs3701: start power rail timer, state:3
01-09 12:14:00.945  1086  1254 I ASH     : @ 969711.747: tcs3701: stop power rail pending_off timer
01-09 12:14:00.945  1086  1254 D ASH     : @ 969711.747: tcs3701: start power rail timer, state:3
01-09 12:14:00.985  1086  1254 I ASH     : @ 969711.787: tcs3701: stop power rail pending_off timer
01-09 12:14:00.985  1086  1254 D ASH     : @ 969711.787: tcs3701: start power rail timer, state:3
01-09 12:14:01.025  1086  1254 I ASH     : @ 969711.827: tcs3701: stop power rail pending_off timer
01-09 12:14:01.025  1086  1254 D ASH     : @ 969711.827: tcs3701: start power rail timer, state:3
01-09 12:14:01.065  1086  1254 I ASH     : @ 969711.867: tcs3701: stop power rail pending_off timer
01-09 12:14:01.065  1086  1254 D ASH     : @ 969711.867: tcs3701: start power rail timer, state:3
01-09 12:14:01.105  1086  1254 I ASH     : @ 969711.907: tcs3701: stop power rail pending_off timer
01-09 12:14:01.105  1086  1254 D ASH     : @ 969711.907: tcs3701: start power rail timer, state:3
01-09 12:14:01.145  1086  1254 I ASH     : @ 969711.947: tcs3701: stop power rail pending_off timer
01-09 12:14:01.145  1086  1254 D ASH     : @ 969711.947: tcs3701: start power rail timer, state:3
01-09 12:14:01.185  1086  1254 I ASH     : @ 969711.987: tcs3701: stop power rail pending_off timer
01-09 12:14:01.185  1086  1254 D ASH     : @ 969711.987: tcs3701: start power rail timer, state:3
01-09 12:14:01.225  1086  1254 I ASH     : @ 969712.027: tcs3701: stop power rail pending_off timer
01-09 12:14:01.225  1086  1254 D ASH     : @ 969712.027: tcs3701: start power rail timer, state:3
01-09 12:14:01.265  1086  1254 I ASH     : @ 969712.067: tcs3701: stop power rail pending_off timer
01-09 12:14:01.265  1086  1254 D ASH     : @ 969712.067: tcs3701: start power rail timer, state:3
01-09 12:14:01.305  1086  1254 I ASH     : @ 969712.107: tcs3701: stop power rail pending_off timer
01-09 12:14:01.305  1086  1254 D ASH     : @ 969712.107: tcs3701: start power rail timer, state:3
01-09 12:14:01.345  1086  1254 I ASH     : @ 969712.147: tcs3701: stop power rail pending_off timer
01-09 12:14:01.345  1086  1254 D ASH     : @ 969712.147: tcs3701: start power rail timer, state:3
01-09 12:14:01.385  1086  1254 I ASH     : @ 969712.187: tcs3701: stop power rail pending_off timer
01-09 12:14:01.385  1086  1254 D ASH     : @ 969712.187: tcs3701: start power rail timer, state:3
01-09 12:14:01.425  1086  1254 I ASH     : @ 969712.227: tcs3701: stop power rail pending_off timer
01-09 12:14:01.425  1086  1254 D ASH     : @ 969712.227: tcs3701: start power rail timer, state:3
01-09 12:14:01.465  1086  1254 I ASH     : @ 969712.267: tcs3701: stop power rail pending_off timer
01-09 12:14:01.465  1086  1254 D ASH     : @ 969712.267: tcs3701: start power rail timer, state:3
01-09 12:14:01.505  1086  1254 I ASH     : @ 969712.307: tcs3701: stop power rail pending_off timer
01-09 12:14:01.505  1086  1254 D ASH     : @ 969712.307: tcs3701: start power rail timer, state:3
01-09 12:14:01.545  1086  1254 I ASH     : @ 969712.347: tcs3701: stop power rail pending_off timer
01-09 12:14:01.546  1086  1254 D ASH     : @ 969712.347: tcs3701: start power rail timer, state:3
01-09 12:14:01.585  1086  1254 I ASH     : @ 969712.387: tcs3701: stop power rail pending_off timer
01-09 12:14:01.585  1086  1254 D ASH     : @ 969712.387: tcs3701: start power rail timer, state:3
01-09 12:14:01.625  1086  1254 I ASH     : @ 969712.427: tcs3701: stop power rail pending_off timer
01-09 12:14:01.625  1086  1254 D ASH     : @ 969712.427: tcs3701: start power rail timer, state:3
01-09 12:14:01.665  1086  1254 I ASH     : @ 969712.467: tcs3701: stop power rail pending_off timer
01-09 12:14:01.665  1086  1254 D ASH     : @ 969712.467: tcs3701: start power rail timer, state:3
01-09 12:14:01.705  1086  1254 I ASH     : @ 969712.507: tcs3701: stop power rail pending_off timer
01-09 12:14:01.705  1086  1254 D ASH     : @ 969712.507: tcs3701: start power rail timer, state:3
01-09 12:14:01.745  1086  1254 I ASH     : @ 969712.547: tcs3701: stop power rail pending_off timer
01-09 12:14:01.745  1086  1254 D ASH     : @ 969712.547: tcs3701: start power rail timer, state:3
01-09 12:14:01.785  1086  1254 I ASH     : @ 969712.587: tcs3701: stop power rail pending_off timer
01-09 12:14:01.785  1086  1254 D ASH     : @ 969712.587: tcs3701: start power rail timer, state:3
01-09 12:14:01.825  1086  1254 I ASH     : @ 969712.627: tcs3701: stop power rail pending_off timer
01-09 12:14:01.825  1086  1254 D ASH     : @ 969712.627: tcs3701: start power rail timer, state:3
01-09 12:14:01.865  1086  1254 I ASH     : @ 969712.667: tcs3701: stop power rail pending_off timer
01-09 12:14:01.865  1086  1254 D ASH     : @ 969712.667: tcs3701: start power rail timer, state:3
01-09 12:14:01.905  1086  1254 I ASH     : @ 969712.707: tcs3701: stop power rail pending_off timer
01-09 12:14:01.905  1086  1254 D ASH     : @ 969712.707: tcs3701: start power rail timer, state:3
01-09 12:14:01.945  1086  1254 I ASH     : @ 969712.747: tcs3701: stop power rail pending_off timer
01-09 12:14:01.945  1086  1254 D ASH     : @ 969712.747: tcs3701: start power rail timer, state:3
01-09 12:14:01.985  1086  1254 I ASH     : @ 969712.787: tcs3701: stop power rail pending_off timer
01-09 12:14:01.985  1086  1254 D ASH     : @ 969712.787: tcs3701: start power rail timer, state:3
01-09 12:14:02.025  1086  1254 I ASH     : @ 969712.827: tcs3701: stop power rail pending_off timer
01-09 12:14:02.025  1086  1254 D ASH     : @ 969712.827: tcs3701: start power rail timer, state:3
01-09 12:14:02.065  1086  1254 I ASH     : @ 969712.867: tcs3701: stop power rail pending_off timer
01-09 12:14:02.065  1086  1254 D ASH     : @ 969712.867: tcs3701: start power rail timer, state:3
01-09 12:14:02.105  1086  1254 I ASH     : @ 969712.907: tcs3701: stop power rail pending_off timer
01-09 12:14:02.105  1086  1254 D ASH     : @ 969712.907: tcs3701: start power rail timer, state:3
01-09 12:14:02.145  1086  1254 I ASH     : @ 969712.947: tcs3701: stop power rail pending_off timer
01-09 12:14:02.145  1086  1254 D ASH     : @ 969712.947: tcs3701: start power rail timer, state:3
01-09 12:14:02.185  1086  1254 I ASH     : @ 969712.987: tcs3701: stop power rail pending_off timer
01-09 12:14:02.185  1086  1254 D ASH     : @ 969712.987: tcs3701: start power rail timer, state:3
01-09 12:14:02.225  1086  1254 I ASH     : @ 969713.027: tcs3701: stop power rail pending_off timer
01-09 12:14:02.225  1086  1254 D ASH     : @ 969713.027: tcs3701: start power rail timer, state:3
01-09 12:14:02.265  1086  1254 I ASH     : @ 969713.067: tcs3701: stop power rail pending_off timer
01-09 12:14:02.265  1086  1254 D ASH     : @ 969713.067: tcs3701: start power rail timer, state:3
01-09 12:14:02.305  1086  1254 I ASH     : @ 969713.107: tcs3701: stop power rail pending_off timer
01-09 12:14:02.305  1086  1254 D ASH     : @ 969713.107: tcs3701: start power rail timer, state:3
01-09 12:14:02.345  1086  1254 I ASH     : @ 969713.147: tcs3701: stop power rail pending_off timer
01-09 12:14:02.345  1086  1254 D ASH     : @ 969713.147: tcs3701: start power rail timer, state:3
01-09 12:14:02.385  1086  1254 I ASH     : @ 969713.187: tcs3701: stop power rail pending_off timer
01-09 12:14:02.385  1086  1254 D ASH     : @ 969713.187: tcs3701: start power rail timer, state:3
01-09 12:14:02.425  1086  1254 I ASH     : @ 969713.227: tcs3701: stop power rail pending_off timer
01-09 12:14:02.425  1086  1254 D ASH     : @ 969713.227: tcs3701: start power rail timer, state:3
01-09 12:14:02.465  1086  1254 I ASH     : @ 969713.267: tcs3701: stop power rail pending_off timer
01-09 12:14:02.465  1086  1254 D ASH     : @ 969713.267: tcs3701: start power rail timer, state:3
01-09 12:14:02.505  1086  1254 I ASH     : @ 969713.307: tcs3701: stop power rail pending_off timer
01-09 12:14:02.505  1086  1254 D ASH     : @ 969713.307: tcs3701: start power rail timer, state:3
01-09 12:14:02.545  1086  1254 I ASH     : @ 969713.347: tcs3701: stop power rail pending_off timer
01-09 12:14:02.545  1086  1254 D ASH     : @ 969713.347: tcs3701: start power rail timer, state:3
01-09 12:14:02.585  1086  1254 I ASH     : @ 969713.387: tcs3701: stop power rail pending_off timer
01-09 12:14:02.585  1086  1254 D ASH     : @ 969713.387: tcs3701: start power rail timer, state:3
01-09 12:14:02.625  1086  1254 I ASH     : @ 969713.427: tcs3701: stop power rail pending_off timer
01-09 12:14:02.625  1086  1254 D ASH     : @ 969713.427: tcs3701: start power rail timer, state:3
01-09 12:14:02.665  1086  1254 I ASH     : @ 969713.467: tcs3701: stop power rail pending_off timer
01-09 12:14:02.665  1086  1254 D ASH     : @ 969713.467: tcs3701: start power rail timer, state:3
01-09 12:14:02.705  1086  1254 I ASH     : @ 969713.507: tcs3701: stop power rail pending_off timer
01-09 12:14:02.705  1086  1254 D ASH     : @ 969713.507: tcs3701: start power rail timer, state:3
01-09 12:14:02.745  1086  1254 I ASH     : @ 969713.547: tcs3701: stop power rail pending_off timer
01-09 12:14:02.745  1086  1254 D ASH     : @ 969713.547: tcs3701: start power rail timer, state:3
01-09 12:14:02.785  1086  1254 I ASH     : @ 969713.587: tcs3701: stop power rail pending_off timer
01-09 12:14:02.785  1086  1254 D ASH     : @ 969713.587: tcs3701: start power rail timer, state:3
01-09 12:14:02.825  1086  1254 I ASH     : @ 969713.627: tcs3701: stop power rail pending_off timer
01-09 12:14:02.827  1086  1254 D ASH     : @ 969713.627: tcs3701: start power rail timer, state:3
01-09 12:14:02.865  1086  1254 I ASH     : @ 969713.667: tcs3701: stop power rail pending_off timer
01-09 12:14:02.865  1086  1254 D ASH     : @ 969713.667: tcs3701: start power rail timer, state:3
01-09 12:14:02.905  1086  1254 I ASH     : @ 969713.707: tcs3701: stop power rail pending_off timer
01-09 12:14:02.905  1086  1254 D ASH     : @ 969713.707: tcs3701: start power rail timer, state:3
01-09 12:14:02.945  1086  1254 I ASH     : @ 969713.747: tcs3701: stop power rail pending_off timer
01-09 12:14:02.945  1086  1254 D ASH     : @ 969713.747: tcs3701: start power rail timer, state:3
01-09 12:14:02.985  1086  1254 I ASH     : @ 969713.787: tcs3701: stop power rail pending_off timer
01-09 12:14:02.985  1086  1254 D ASH     : @ 969713.787: tcs3701: start power rail timer, state:3
01-09 12:14:03.025  1086  1254 I ASH     : @ 969713.827: tcs3701: stop power rail pending_off timer
01-09 12:14:03.025  1086  1254 D ASH     : @ 969713.827: tcs3701: start power rail timer, state:3
01-09 12:14:03.065  1086  1254 I ASH     : @ 969713.867: tcs3701: stop power rail pending_off timer
01-09 12:14:03.065  1086  1254 D ASH     : @ 969713.867: tcs3701: start power rail timer, state:3
01-09 12:14:03.105  1086  1254 I ASH     : @ 969713.907: tcs3701: stop power rail pending_off timer
01-09 12:14:03.105  1086  1254 D ASH     : @ 969713.907: tcs3701: start power rail timer, state:3
01-09 12:14:03.145  1086  1254 I ASH     : @ 969713.947: tcs3701: stop power rail pending_off timer
01-09 12:14:03.145  1086  1254 D ASH     : @ 969713.947: tcs3701: start power rail timer, state:3
01-09 12:14:03.185  1086  1254 I ASH     : @ 969713.987: tcs3701: stop power rail pending_off timer
01-09 12:14:03.185  1086  1254 D ASH     : @ 969713.987: tcs3701: start power rail timer, state:3
01-09 12:14:03.225  1086  1254 I ASH     : @ 969714.027: tcs3701: stop power rail pending_off timer
01-09 12:14:03.225  1086  1254 D ASH     : @ 969714.027: tcs3701: start power rail timer, state:3
01-09 12:14:03.265  1086  1254 I ASH     : @ 969714.067: tcs3701: stop power rail pending_off timer
01-09 12:14:03.265  1086  1254 D ASH     : @ 969714.067: tcs3701: start power rail timer, state:3
01-09 12:14:03.305  1086  1254 I ASH     : @ 969714.107: tcs3701: stop power rail pending_off timer
01-09 12:14:03.305  1086  1254 D ASH     : @ 969714.107: tcs3701: start power rail timer, state:3
01-09 12:14:03.345  1086  1254 I ASH     : @ 969714.147: tcs3701: stop power rail pending_off timer
01-09 12:14:03.345  1086  1254 D ASH     : @ 969714.147: tcs3701: start power rail timer, state:3
01-09 12:14:03.385  1086  1254 I ASH     : @ 969714.187: tcs3701: stop power rail pending_off timer
01-09 12:14:03.385  1086  1254 D ASH     : @ 969714.187: tcs3701: start power rail timer, state:3
01-09 12:14:03.426  1086  1254 I ASH     : @ 969714.227: tcs3701: stop power rail pending_off timer
01-09 12:14:03.426  1086  1254 D ASH     : @ 969714.227: tcs3701: start power rail timer, state:3
01-09 12:14:03.465  1086  1254 I ASH     : @ 969714.267: tcs3701: stop power rail pending_off timer
01-09 12:14:03.465  1086  1254 D ASH     : @ 969714.267: tcs3701: start power rail timer, state:3
01-09 12:14:03.505  1086  1254 I ASH     : @ 969714.307: tcs3701: stop power rail pending_off timer
01-09 12:14:03.505  1086  1254 D ASH     : @ 969714.307: tcs3701: start power rail timer, state:3
01-09 12:14:03.545  1086  1254 I ASH     : @ 969714.347: tcs3701: stop power rail pending_off timer
01-09 12:14:03.545  1086  1254 D ASH     : @ 969714.347: tcs3701: start power rail timer, state:3
01-09 12:14:03.585  1086  1254 I ASH     : @ 969714.387: tcs3701: stop power rail pending_off timer
01-09 12:14:03.585  1086  1254 D ASH     : @ 969714.387: tcs3701: start power rail timer, state:3
01-09 12:14:03.625  1086  1254 I ASH     : @ 969714.427: tcs3701: stop power rail pending_off timer
01-09 12:14:03.625  1086  1254 D ASH     : @ 969714.427: tcs3701: start power rail timer, state:3
01-09 12:14:03.665  1086  1254 I ASH     : @ 969714.467: tcs3701: stop power rail pending_off timer
01-09 12:14:03.665  1086  1254 D ASH     : @ 969714.467: tcs3701: start power rail timer, state:3
01-09 12:14:03.705  1086  1254 I ASH     : @ 969714.507: tcs3701: stop power rail pending_off timer
01-09 12:14:03.705  1086  1254 D ASH     : @ 969714.507: tcs3701: start power rail timer, state:3
01-09 12:14:03.745  1086  1254 I ASH     : @ 969714.547: tcs3701: stop power rail pending_off timer
01-09 12:14:03.745  1086  1254 D ASH     : @ 969714.547: tcs3701: start power rail timer, state:3
01-09 12:14:03.785  1086  1254 I ASH     : @ 969714.587: tcs3701: stop power rail pending_off timer
01-09 12:14:03.785  1086  1254 D ASH     : @ 969714.587: tcs3701: start power rail timer, state:3
01-09 12:14:03.825  1086  1254 I ASH     : @ 969714.627: tcs3701: stop power rail pending_off timer
01-09 12:14:03.825  1086  1254 D ASH     : @ 969714.627: tcs3701: start power rail timer, state:3
01-09 12:14:03.865  1086  1254 I ASH     : @ 969714.667: tcs3701: stop power rail pending_off timer
01-09 12:14:03.865  1086  1254 D ASH     : @ 969714.667: tcs3701: start power rail timer, state:3
01-09 12:14:03.905  1086  1254 I ASH     : @ 969714.707: tcs3701: stop power rail pending_off timer
01-09 12:14:03.905  1086  1254 D ASH     : @ 969714.707: tcs3701: start power rail timer, state:3
01-09 12:14:03.945  1086  1254 I ASH     : @ 969714.747: tcs3701: stop power rail pending_off timer
01-09 12:14:03.945  1086  1254 D ASH     : @ 969714.747: tcs3701: start power rail timer, state:3
01-09 12:14:03.985  1086  1254 I ASH     : @ 969714.787: tcs3701: stop power rail pending_off timer
01-09 12:14:03.985  1086  1254 D ASH     : @ 969714.787: tcs3701: start power rail timer, state:3
01-09 12:14:04.025  1086  1254 I ASH     : @ 969714.827: tcs3701: stop power rail pending_off timer
01-09 12:14:04.025  1086  1254 D ASH     : @ 969714.827: tcs3701: start power rail timer, state:3
01-09 12:14:04.065  1086  1254 I ASH     : @ 969714.867: tcs3701: stop power rail pending_off timer
01-09 12:14:04.065  1086  1254 D ASH     : @ 969714.867: tcs3701: start power rail timer, state:3
01-09 12:14:04.105  1086  1254 I ASH     : @ 969714.907: tcs3701: stop power rail pending_off timer
01-09 12:14:04.105  1086  1254 D ASH     : @ 969714.907: tcs3701: start power rail timer, state:3
01-09 12:14:04.145  1086  1254 I ASH     : @ 969714.947: tcs3701: stop power rail pending_off timer
01-09 12:14:04.145  1086  1254 D ASH     : @ 969714.947: tcs3701: start power rail timer, state:3
01-09 12:14:04.185  1086  1254 I ASH     : @ 969714.987: tcs3701: stop power rail pending_off timer
01-09 12:14:04.185  1086  1254 D ASH     : @ 969714.987: tcs3701: start power rail timer, state:3
01-09 12:14:04.225  1086  1254 I ASH     : @ 969715.027: tcs3701: stop power rail pending_off timer
01-09 12:14:04.225  1086  1254 D ASH     : @ 969715.027: tcs3701: start power rail timer, state:3
01-09 12:14:04.265  1086  1254 I ASH     : @ 969715.067: tcs3701: stop power rail pending_off timer
01-09 12:14:04.265  1086  1254 D ASH     : @ 969715.067: tcs3701: start power rail timer, state:3
01-09 12:14:04.305  1086  1254 I ASH     : @ 969715.107: tcs3701: stop power rail pending_off timer
01-09 12:14:04.306  1086  1254 D ASH     : @ 969715.107: tcs3701: start power rail timer, state:3
01-09 12:14:04.345  1086  1254 I ASH     : @ 969715.147: tcs3701: stop power rail pending_off timer
01-09 12:14:04.345  1086  1254 D ASH     : @ 969715.147: tcs3701: start power rail timer, state:3
01-09 12:14:04.385  1086  1254 I ASH     : @ 969715.187: tcs3701: stop power rail pending_off timer
01-09 12:14:04.385  1086  1254 D ASH     : @ 969715.187: tcs3701: start power rail timer, state:3
01-09 12:14:04.425  1086  1254 I ASH     : @ 969715.227: tcs3701: stop power rail pending_off timer
01-09 12:14:04.425  1086  1254 D ASH     : @ 969715.227: tcs3701: start power rail timer, state:3
01-09 12:14:04.465  1086  1254 I ASH     : @ 969715.267: tcs3701: stop power rail pending_off timer
01-09 12:14:04.465  1086  1254 D ASH     : @ 969715.267: tcs3701: start power rail timer, state:3
01-09 12:14:04.505  1086  1254 I ASH     : @ 969715.307: tcs3701: stop power rail pending_off timer
01-09 12:14:04.505  1086  1254 D ASH     : @ 969715.307: tcs3701: start power rail timer, state:3
01-09 12:14:04.545  1086  1254 I ASH     : @ 969715.347: tcs3701: stop power rail pending_off timer
01-09 12:14:04.545  1086  1254 D ASH     : @ 969715.347: tcs3701: start power rail timer, state:3
01-09 12:14:04.585  1086  1254 I ASH     : @ 969715.387: tcs3701: stop power rail pending_off timer
01-09 12:14:04.585  1086  1254 D ASH     : @ 969715.387: tcs3701: start power rail timer, state:3
01-09 12:14:04.625  1086  1254 I ASH     : @ 969715.427: tcs3701: stop power rail pending_off timer
01-09 12:14:04.625  1086  1254 D ASH     : @ 969715.427: tcs3701: start power rail timer, state:3
01-09 12:14:04.665  1086  1254 I ASH     : @ 969715.467: tcs3701: stop power rail pending_off timer
01-09 12:14:04.665  1086  1254 D ASH     : @ 969715.467: tcs3701: start power rail timer, state:3
01-09 12:14:04.705  1086  1254 I ASH     : @ 969715.507: tcs3701: stop power rail pending_off timer
01-09 12:14:04.705  1086  1254 D ASH     : @ 969715.507: tcs3701: start power rail timer, state:3
01-09 12:14:04.745  1086  1254 I ASH     : @ 969715.547: tcs3701: stop power rail pending_off timer
01-09 12:14:04.745  1086  1254 D ASH     : @ 969715.547: tcs3701: start power rail timer, state:3
01-09 12:14:04.785  1086  1254 I ASH     : @ 969715.587: tcs3701: stop power rail pending_off timer
01-09 12:14:04.785  1086  1254 D ASH     : @ 969715.587: tcs3701: start power rail timer, state:3
01-09 12:14:04.825  1086  1254 I ASH     : @ 969715.627: tcs3701: stop power rail pending_off timer
01-09 12:14:04.825  1086  1254 D ASH     : @ 969715.627: tcs3701: start power rail timer, state:3
01-09 12:14:04.865  1086  1254 I ASH     : @ 969715.667: tcs3701: stop power rail pending_off timer
01-09 12:14:04.865  1086  1254 D ASH     : @ 969715.667: tcs3701: start power rail timer, state:3
01-09 12:14:04.906  1086  1254 I ASH     : @ 969715.707: tcs3701: stop power rail pending_off timer
01-09 12:14:04.906  1086  1254 D ASH     : @ 969715.707: tcs3701: start power rail timer, state:3
01-09 12:14:04.945  1086  1254 I ASH     : @ 969715.747: tcs3701: stop power rail pending_off timer
01-09 12:14:04.945  1086  1254 D ASH     : @ 969715.747: tcs3701: start power rail timer, state:3
01-09 12:14:04.985  1086  1254 I ASH     : @ 969715.787: tcs3701: stop power rail pending_off timer
01-09 12:14:04.985  1086  1254 D ASH     : @ 969715.787: tcs3701: start power rail timer, state:3
01-09 12:14:05.025  1086  1254 I ASH     : @ 969715.827: tcs3701: stop power rail pending_off timer
01-09 12:14:05.025  1086  1254 D ASH     : @ 969715.827: tcs3701: start power rail timer, state:3
01-09 12:14:05.065  1086  1254 I ASH     : @ 969715.867: tcs3701: stop power rail pending_off timer
01-09 12:14:05.065  1086  1254 D ASH     : @ 969715.867: tcs3701: start power rail timer, state:3
01-09 12:14:05.105  1086  1254 I ASH     : @ 969715.907: tcs3701: stop power rail pending_off timer
01-09 12:14:05.105  1086  1254 D ASH     : @ 969715.907: tcs3701: start power rail timer, state:3
01-09 12:14:05.145  1086  1254 I ASH     : @ 969715.947: tcs3701: stop power rail pending_off timer
01-09 12:14:05.145  1086  1254 D ASH     : @ 969715.947: tcs3701: start power rail timer, state:3
01-09 12:14:05.185  1086  1254 I ASH     : @ 969715.987: tcs3701: stop power rail pending_off timer
01-09 12:14:05.185  1086  1254 D ASH     : @ 969715.987: tcs3701: start power rail timer, state:3
01-09 12:14:05.225  1086  1254 I ASH     : @ 969716.027: tcs3701: stop power rail pending_off timer
01-09 12:14:05.225  1086  1254 D ASH     : @ 969716.027: tcs3701: start power rail timer, state:3
01-09 12:14:05.266  1086  1254 I ASH     : @ 969716.067: tcs3701: stop power rail pending_off timer
01-09 12:14:05.266  1086  1254 D ASH     : @ 969716.067: tcs3701: start power rail timer, state:3
01-09 12:14:05.305  1086  1254 I ASH     : @ 969716.107: tcs3701: stop power rail pending_off timer
01-09 12:14:05.305  1086  1254 D ASH     : @ 969716.107: tcs3701: start power rail timer, state:3
01-09 12:14:05.345  1086  1254 I ASH     : @ 969716.147: tcs3701: stop power rail pending_off timer
01-09 12:14:05.345  1086  1254 D ASH     : @ 969716.147: tcs3701: start power rail timer, state:3
01-09 12:14:05.385  1086  1254 I ASH     : @ 969716.187: tcs3701: stop power rail pending_off timer
01-09 12:14:05.385  1086  1254 D ASH     : @ 969716.187: tcs3701: start power rail timer, state:3
01-09 12:14:05.425  1086  1254 I ASH     : @ 969716.227: tcs3701: stop power rail pending_off timer
01-09 12:14:05.425  1086  1254 D ASH     : @ 969716.227: tcs3701: start power rail timer, state:3
01-09 12:14:05.465  1086  1254 I ASH     : @ 969716.267: tcs3701: stop power rail pending_off timer
01-09 12:14:05.465  1086  1254 D ASH     : @ 969716.267: tcs3701: start power rail timer, state:3
01-09 12:14:05.505  1086  1254 I ASH     : @ 969716.307: tcs3701: stop power rail pending_off timer
01-09 12:14:05.505  1086  1254 D ASH     : @ 969716.307: tcs3701: start power rail timer, state:3
01-09 12:14:05.545  1086  1254 I ASH     : @ 969716.347: tcs3701: stop power rail pending_off timer
01-09 12:14:05.545  1086  1254 D ASH     : @ 969716.347: tcs3701: start power rail timer, state:3
01-09 12:14:05.585  1086  1254 I ASH     : @ 969716.387: tcs3701: stop power rail pending_off timer
01-09 12:14:05.585  1086  1254 D ASH     : @ 969716.387: tcs3701: start power rail timer, state:3
01-09 12:14:05.625  1086  1254 I ASH     : @ 969716.427: tcs3701: stop power rail pending_off timer
01-09 12:14:05.625  1086  1254 D ASH     : @ 969716.427: tcs3701: start power rail timer, state:3
01-09 12:14:05.665  1086  1254 I ASH     : @ 969716.467: tcs3701: stop power rail pending_off timer
01-09 12:14:05.665  1086  1254 D ASH     : @ 969716.467: tcs3701: start power rail timer, state:3
01-09 12:14:05.705  1086  1254 I ASH     : @ 969716.507: tcs3701: stop power rail pending_off timer
01-09 12:14:05.705  1086  1254 D ASH     : @ 969716.507: tcs3701: start power rail timer, state:3
01-09 12:14:05.745  1086  1254 I ASH     : @ 969716.547: tcs3701: stop power rail pending_off timer
01-09 12:14:05.745  1086  1254 D ASH     : @ 969716.547: tcs3701: start power rail timer, state:3
01-09 12:14:05.785  1086  1254 I ASH     : @ 969716.587: tcs3701: stop power rail pending_off timer
01-09 12:14:05.785  1086  1254 D ASH     : @ 969716.587: tcs3701: start power rail timer, state:3
01-09 12:14:05.806 29542 29560 I Unity   : [showcase] frame cost — layout: the variant shelf at 1080x2340 over 240 frames — tick 0.01 ms, draw mean 0.16 p50 0.15 p95 0.21 max 0.27 ms (5832.2 fps if unpaced)
01-09 12:14:05.806 29542 29560 I Unity   : UnityEngine.DebugLogHandler:Internal_Log(LogType, LogOption, String, Object)
01-09 12:14:05.806 29542 29560 I Unity   : Driftsys.Dashscene.Samples.DashsceneShowcase:Update()
01-09 12:14:05.806 29542 29560 I Unity   : 
01-09 12:14:05.825  1086  1254 I ASH     : @ 969716.627: tcs3701: stop power rail pending_off timer
01-09 12:14:05.825  1086  1254 D ASH     : @ 969716.627: tcs3701: start power rail timer, state:3
01-09 12:14:05.865  1086  1254 I ASH     : @ 969716.667: tcs3701: stop power rail pending_off timer
01-09 12:14:05.865  1086  1254 D ASH     : @ 969716.667: tcs3701: start power rail timer, state:3
01-09 12:14:05.905  1086  1254 I ASH     : @ 969716.707: tcs3701: stop power rail pending_off timer
01-09 12:14:05.905  1086  1254 D ASH     : @ 969716.707: tcs3701: start power rail timer, state:3
01-09 12:14:05.945  1086  1254 I ASH     : @ 969716.747: tcs3701: stop power rail pending_off timer
01-09 12:14:05.945  1086  1254 D ASH     : @ 969716.747: tcs3701: start power rail timer, state:3
01-09 12:14:05.985  1086  1254 I ASH     : @ 969716.787: tcs3701: stop power rail pending_off timer
01-09 12:14:05.985  1086  1254 D ASH     : @ 969716.787: tcs3701: start power rail timer, state:3
01-09 12:14:06.025  1086  1254 I ASH     : @ 969716.827: tcs3701: stop power rail pending_off timer
01-09 12:14:06.025  1086  1254 D ASH     : @ 969716.827: tcs3701: start power rail timer, state:3
01-09 12:14:06.065  1086  1254 I ASH     : @ 969716.867: tcs3701: stop power rail pending_off timer
01-09 12:14:06.065  1086  1254 D ASH     : @ 969716.867: tcs3701: start power rail timer, state:3
01-09 12:14:06.105  1086  1254 I ASH     : @ 969716.907: tcs3701: stop power rail pending_off timer
01-09 12:14:06.105  1086  1254 D ASH     : @ 969716.907: tcs3701: start power rail timer, state:3
01-09 12:14:06.145  1086  1254 I ASH     : @ 969716.947: tcs3701: stop power rail pending_off timer
01-09 12:14:06.145  1086  1254 D ASH     : @ 969716.947: tcs3701: start power rail timer, state:3
01-09 12:14:06.185  1086  1254 I ASH     : @ 969716.987: tcs3701: stop power rail pending_off timer
01-09 12:14:06.185  1086  1254 D ASH     : @ 969716.987: tcs3701: start power rail timer, state:3
01-09 12:14:06.225  1086  1254 I ASH     : @ 969717.027: tcs3701: stop power rail pending_off timer
01-09 12:14:06.225  1086  1254 D ASH     : @ 969717.027: tcs3701: start power rail timer, state:3
01-09 12:14:06.265  1086  1254 I ASH     : @ 969717.067: tcs3701: stop power rail pending_off timer
01-09 12:14:06.265  1086  1254 D ASH     : @ 969717.067: tcs3701: start power rail timer, state:3
01-09 12:14:06.305  1086  1254 I ASH     : @ 969717.107: tcs3701: stop power rail pending_off timer
01-09 12:14:06.305  1086  1254 D ASH     : @ 969717.107: tcs3701: start power rail timer, state:3
01-09 12:14:06.345  1086  1254 I ASH     : @ 969717.147: tcs3701: stop power rail pending_off timer
01-09 12:14:06.345  1086  1254 D ASH     : @ 969717.147: tcs3701: start power rail timer, state:3
01-09 12:14:06.385  1086  1254 I ASH     : @ 969717.187: tcs3701: stop power rail pending_off timer
01-09 12:14:06.385  1086  1254 D ASH     : @ 969717.187: tcs3701: start power rail timer, state:3
01-09 12:14:06.425  1086  1254 I ASH     : @ 969717.227: tcs3701: stop power rail pending_off timer
01-09 12:14:06.425  1086  1254 D ASH     : @ 969717.227: tcs3701: start power rail timer, state:3
01-09 12:14:06.465  1086  1254 I ASH     : @ 969717.267: tcs3701: stop power rail pending_off timer
01-09 12:14:06.465  1086  1254 D ASH     : @ 969717.267: tcs3701: start power rail timer, state:3
01-09 12:14:06.505  1086  1254 I ASH     : @ 969717.307: tcs3701: stop power rail pending_off timer
01-09 12:14:06.505  1086  1254 D ASH     : @ 969717.307: tcs3701: start power rail timer, state:3
01-09 12:14:06.545  1086  1254 I ASH     : @ 969717.347: tcs3701: stop power rail pending_off timer
01-09 12:14:06.545  1086  1254 D ASH     : @ 969717.347: tcs3701: start power rail timer, state:3
01-09 12:14:06.585  1086  1254 I ASH     : @ 969717.387: tcs3701: stop power rail pending_off timer
01-09 12:14:06.585  1086  1254 D ASH     : @ 969717.387: tcs3701: start power rail timer, state:3
01-09 12:14:06.625  1086  1254 I ASH     : @ 969717.427: tcs3701: stop power rail pending_off timer
01-09 12:14:06.625  1086  1254 D ASH     : @ 969717.427: tcs3701: start power rail timer, state:3
01-09 12:14:06.665  1086  1254 I ASH     : @ 969717.467: tcs3701: stop power rail pending_off timer
01-09 12:14:06.665  1086  1254 D ASH     : @ 969717.467: tcs3701: start power rail timer, state:3
01-09 12:14:06.705  1086  1254 I ASH     : @ 969717.507: tcs3701: stop power rail pending_off timer
01-09 12:14:06.705  1086  1254 D ASH     : @ 969717.507: tcs3701: start power rail timer, state:3
01-09 12:14:06.745  1086  1254 I ASH     : @ 969717.547: tcs3701: stop power rail pending_off timer
01-09 12:14:06.745  1086  1254 D ASH     : @ 969717.547: tcs3701: start power rail timer, state:3
01-09 12:14:06.785  1086  1254 I ASH     : @ 969717.587: tcs3701: stop power rail pending_off timer
01-09 12:14:06.785  1086  1254 D ASH     : @ 969717.587: tcs3701: start power rail timer, state:3
01-09 12:14:06.825  1086  1254 I ASH     : @ 969717.627: tcs3701: stop power rail pending_off timer
01-09 12:14:06.825  1086  1254 D ASH     : @ 969717.627: tcs3701: start power rail timer, state:3
01-09 12:14:06.865  1086  1254 I ASH     : @ 969717.667: tcs3701: stop power rail pending_off timer
01-09 12:14:06.865  1086  1254 D ASH     : @ 969717.667: tcs3701: start power rail timer, state:3
01-09 12:14:06.905  1086  1254 I ASH     : @ 969717.707: tcs3701: stop power rail pending_off timer
01-09 12:14:06.905  1086  1254 D ASH     : @ 969717.707: tcs3701: start power rail timer, state:3
01-09 12:14:06.945  1086  1254 I ASH     : @ 969717.747: tcs3701: stop power rail pending_off timer
01-09 12:14:06.945  1086  1254 D ASH     : @ 969717.747: tcs3701: start power rail timer, state:3
01-09 12:14:06.985  1086  1254 I ASH     : @ 969717.787: tcs3701: stop power rail pending_off timer
01-09 12:14:06.985  1086  1254 D ASH     : @ 969717.787: tcs3701: start power rail timer, state:3
01-09 12:14:07.025  1086  1254 I ASH     : @ 969717.827: tcs3701: stop power rail pending_off timer
01-09 12:14:07.025  1086  1254 D ASH     : @ 969717.827: tcs3701: start power rail timer, state:3
01-09 12:14:07.067  1086  1254 I ASH     : @ 969717.867: tcs3701: stop power rail pending_off timer
01-09 12:14:07.067  1086  1254 D ASH     : @ 969717.867: tcs3701: start power rail timer, state:3
01-09 12:14:07.105  1086  1254 I ASH     : @ 969717.907: tcs3701: stop power rail pending_off timer
01-09 12:14:07.105  1086  1254 D ASH     : @ 969717.907: tcs3701: start power rail timer, state:3
01-09 12:14:07.145  1086  1254 I ASH     : @ 969717.947: tcs3701: stop power rail pending_off timer
01-09 12:14:07.145  1086  1254 D ASH     : @ 969717.947: tcs3701: start power rail timer, state:3
01-09 12:14:07.185  1086  1254 I ASH     : @ 969717.987: tcs3701: stop power rail pending_off timer
01-09 12:14:07.185  1086  1254 D ASH     : @ 969717.987: tcs3701: start power rail timer, state:3
01-09 12:14:07.225  1086  1254 I ASH     : @ 969718.027: tcs3701: stop power rail pending_off timer
01-09 12:14:07.225  1086  1254 D ASH     : @ 969718.027: tcs3701: start power rail timer, state:3
01-09 12:14:07.267  1086  1254 I ASH     : @ 969718.067: tcs3701: stop power rail pending_off timer
01-09 12:14:07.267  1086  1254 D ASH     : @ 969718.067: tcs3701: start power rail timer, state:3
01-09 12:14:07.305  1086  1254 I ASH     : @ 969718.107: tcs3701: stop power rail pending_off timer
01-09 12:14:07.305  1086  1254 D ASH     : @ 969718.107: tcs3701: start power rail timer, state:3
01-09 12:14:07.345  1086  1254 I ASH     : @ 969718.147: tcs3701: stop power rail pending_off timer
01-09 12:14:07.345  1086  1254 D ASH     : @ 969718.147: tcs3701: start power rail timer, state:3
01-09 12:14:07.385  1086  1254 I ASH     : @ 969718.187: tcs3701: stop power rail pending_off timer
01-09 12:14:07.385  1086  1254 D ASH     : @ 969718.187: tcs3701: start power rail timer, state:3
01-09 12:14:07.425  1086  1254 I ASH     : @ 969718.227: tcs3701: stop power rail pending_off timer
01-09 12:14:07.425  1086  1254 D ASH     : @ 969718.227: tcs3701: start power rail timer, state:3
01-09 12:14:07.465  1086  1254 I ASH     : @ 969718.267: tcs3701: stop power rail pending_off timer
01-09 12:14:07.465  1086  1254 D ASH     : @ 969718.267: tcs3701: start power rail timer, state:3
01-09 12:14:07.505  1086  1254 I ASH     : @ 969718.307: tcs3701: stop power rail pending_off timer
01-09 12:14:07.505  1086  1254 D ASH     : @ 969718.307: tcs3701: start power rail timer, state:3
01-09 12:14:07.545  1086  1254 I ASH     : @ 969718.347: tcs3701: stop power rail pending_off timer
01-09 12:14:07.545  1086  1254 D ASH     : @ 969718.347: tcs3701: start power rail timer, state:3
01-09 12:14:07.585  1086  1254 I ASH     : @ 969718.387: tcs3701: stop power rail pending_off timer
01-09 12:14:07.585  1086  1254 D ASH     : @ 969718.387: tcs3701: start power rail timer, state:3
01-09 12:14:07.625  1086  1254 I ASH     : @ 969718.427: tcs3701: stop power rail pending_off timer
01-09 12:14:07.625  1086  1254 D ASH     : @ 969718.427: tcs3701: start power rail timer, state:3
01-09 12:14:07.665  1086  1254 I ASH     : @ 969718.467: tcs3701: stop power rail pending_off timer
01-09 12:14:07.665  1086  1254 D ASH     : @ 969718.467: tcs3701: start power rail timer, state:3
01-09 12:14:07.705  1086  1254 I ASH     : @ 969718.507: tcs3701: stop power rail pending_off timer
01-09 12:14:07.705  1086  1254 D ASH     : @ 969718.507: tcs3701: start power rail timer, state:3
01-09 12:14:07.745  1086  1254 I ASH     : @ 969718.547: tcs3701: stop power rail pending_off timer
01-09 12:14:07.745  1086  1254 D ASH     : @ 969718.547: tcs3701: start power rail timer, state:3
01-09 12:14:07.785  1086  1254 I ASH     : @ 969718.587: tcs3701: stop power rail pending_off timer
01-09 12:14:07.785  1086  1254 D ASH     : @ 969718.587: tcs3701: start power rail timer, state:3
01-09 12:14:07.825  1086  1254 I ASH     : @ 969718.627: tcs3701: stop power rail pending_off timer
01-09 12:14:07.825  1086  1254 D ASH     : @ 969718.627: tcs3701: start power rail timer, state:3
01-09 12:14:07.865  1086  1254 I ASH     : @ 969718.667: tcs3701: stop power rail pending_off timer
01-09 12:14:07.865  1086  1254 D ASH     : @ 969718.667: tcs3701: start power rail timer, state:3
01-09 12:14:07.906  1086  1254 I ASH     : @ 969718.707: tcs3701: stop power rail pending_off timer
01-09 12:14:07.906  1086  1254 D ASH     : @ 969718.707: tcs3701: start power rail timer, state:3
01-09 12:14:07.945  1086  1254 I ASH     : @ 969718.747: tcs3701: stop power rail pending_off timer
01-09 12:14:07.945  1086  1254 D ASH     : @ 969718.747: tcs3701: start power rail timer, state:3
01-09 12:14:07.985  1086  1254 I ASH     : @ 969718.787: tcs3701: stop power rail pending_off timer
01-09 12:14:07.985  1086  1254 D ASH     : @ 969718.787: tcs3701: start power rail timer, state:3
01-09 12:14:08.025  1086  1254 I ASH     : @ 969718.827: tcs3701: stop power rail pending_off timer
01-09 12:14:08.025  1086  1254 D ASH     : @ 969718.827: tcs3701: start power rail timer, state:3
01-09 12:14:08.065  1086  1254 I ASH     : @ 969718.867: tcs3701: stop power rail pending_off timer
01-09 12:14:08.065  1086  1254 D ASH     : @ 969718.867: tcs3701: start power rail timer, state:3
01-09 12:14:08.105  1086  1254 I ASH     : @ 969718.907: tcs3701: stop power rail pending_off timer
01-09 12:14:08.105  1086  1254 D ASH     : @ 969718.907: tcs3701: start power rail timer, state:3
01-09 12:14:08.145  1086  1254 I ASH     : @ 969718.947: tcs3701: stop power rail pending_off timer
01-09 12:14:08.145  1086  1254 D ASH     : @ 969718.947: tcs3701: start power rail timer, state:3
01-09 12:14:08.185  1086  1254 I ASH     : @ 969718.987: tcs3701: stop power rail pending_off timer
01-09 12:14:08.185  1086  1254 D ASH     : @ 969718.987: tcs3701: start power rail timer, state:3
01-09 12:14:08.225  1086  1254 I ASH     : @ 969719.027: tcs3701: stop power rail pending_off timer
01-09 12:14:08.225  1086  1254 D ASH     : @ 969719.027: tcs3701: start power rail timer, state:3
01-09 12:14:08.265  1086  1254 I ASH     : @ 969719.067: tcs3701: stop power rail pending_off timer
01-09 12:14:08.265  1086  1254 D ASH     : @ 969719.067: tcs3701: start power rail timer, state:3
01-09 12:14:08.305  1086  1254 I ASH     : @ 969719.107: tcs3701: stop power rail pending_off timer
01-09 12:14:08.305  1086  1254 D ASH     : @ 969719.107: tcs3701: start power rail timer, state:3
01-09 12:14:08.345  1086  1254 I ASH     : @ 969719.147: tcs3701: stop power rail pending_off timer
01-09 12:14:08.345  1086  1254 D ASH     : @ 969719.147: tcs3701: start power rail timer, state:3
01-09 12:14:08.385  1086  1254 I ASH     : @ 969719.187: tcs3701: stop power rail pending_off timer
01-09 12:14:08.385  1086  1254 D ASH     : @ 969719.187: tcs3701: start power rail timer, state:3
01-09 12:14:08.425  1086  1254 I ASH     : @ 969719.227: tcs3701: stop power rail pending_off timer
01-09 12:14:08.425  1086  1254 D ASH     : @ 969719.227: tcs3701: start power rail timer, state:3
01-09 12:14:08.465  1086  1254 I ASH     : @ 969719.267: tcs3701: stop power rail pending_off timer
01-09 12:14:08.465  1086  1254 D ASH     : @ 969719.267: tcs3701: start power rail timer, state:3
01-09 12:14:08.505  1086  1254 I ASH     : @ 969719.307: tcs3701: stop power rail pending_off timer
01-09 12:14:08.505  1086  1254 D ASH     : @ 969719.307: tcs3701: start power rail timer, state:3
01-09 12:14:08.545  1086  1254 I ASH     : @ 969719.347: tcs3701: stop power rail pending_off timer
01-09 12:14:08.545  1086  1254 D ASH     : @ 969719.347: tcs3701: start power rail timer, state:3
01-09 12:14:08.585  1086  1254 I ASH     : @ 969719.387: tcs3701: stop power rail pending_off timer
01-09 12:14:08.585  1086  1254 D ASH     : @ 969719.387: tcs3701: start power rail timer, state:3
01-09 12:14:08.625  1086  1254 I ASH     : @ 969719.427: tcs3701: stop power rail pending_off timer
01-09 12:14:08.625  1086  1254 D ASH     : @ 969719.427: tcs3701: start power rail timer, state:3
01-09 12:14:08.665  1086  1254 I ASH     : @ 969719.467: tcs3701: stop power rail pending_off timer
01-09 12:14:08.665  1086  1254 D ASH     : @ 969719.467: tcs3701: start power rail timer, state:3
01-09 12:14:08.705  1086  1254 I ASH     : @ 969719.507: tcs3701: stop power rail pending_off timer
01-09 12:14:08.705  1086  1254 D ASH     : @ 969719.507: tcs3701: start power rail timer, state:3
01-09 12:14:08.745  1086  1254 I ASH     : @ 969719.547: tcs3701: stop power rail pending_off timer
01-09 12:14:08.745  1086  1254 D ASH     : @ 969719.547: tcs3701: start power rail timer, state:3
01-09 12:14:08.785  1086  1254 I ASH     : @ 969719.587: tcs3701: stop power rail pending_off timer
01-09 12:14:08.785  1086  1254 D ASH     : @ 969719.587: tcs3701: start power rail timer, state:3
01-09 12:14:08.825  1086  1254 I ASH     : @ 969719.627: tcs3701: stop power rail pending_off timer
01-09 12:14:08.825  1086  1254 D ASH     : @ 969719.627: tcs3701: start power rail timer, state:3
01-09 12:14:08.865  1086  1254 I ASH     : @ 969719.667: tcs3701: stop power rail pending_off timer
01-09 12:14:08.865  1086  1254 D ASH     : @ 969719.667: tcs3701: start power rail timer, state:3
01-09 12:14:08.905  1086  1254 I ASH     : @ 969719.707: tcs3701: stop power rail pending_off timer
01-09 12:14:08.905  1086  1254 D ASH     : @ 969719.707: tcs3701: start power rail timer, state:3
01-09 12:14:08.945  1086  1254 I ASH     : @ 969719.747: tcs3701: stop power rail pending_off timer
01-09 12:14:08.945  1086  1254 D ASH     : @ 969719.747: tcs3701: start power rail timer, state:3
01-09 12:14:08.985  1086  1254 I ASH     : @ 969719.787: tcs3701: stop power rail pending_off timer
01-09 12:14:08.986  1086  1254 D ASH     : @ 969719.787: tcs3701: start power rail timer, state:3
01-09 12:14:09.025  1086  1254 I ASH     : @ 969719.827: tcs3701: stop power rail pending_off timer
01-09 12:14:09.025  1086  1254 D ASH     : @ 969719.827: tcs3701: start power rail timer, state:3
01-09 12:14:09.065  1086  1254 I ASH     : @ 969719.867: tcs3701: stop power rail pending_off timer
01-09 12:14:09.065  1086  1254 D ASH     : @ 969719.867: tcs3701: start power rail timer, state:3
01-09 12:14:09.106  1086  1254 I ASH     : @ 969719.907: tcs3701: stop power rail pending_off timer
01-09 12:14:09.106  1086  1254 D ASH     : @ 969719.907: tcs3701: start power rail timer, state:3
01-09 12:14:09.145  1086  1254 I ASH     : @ 969719.947: tcs3701: stop power rail pending_off timer
01-09 12:14:09.145  1086  1254 D ASH     : @ 969719.947: tcs3701: start power rail timer, state:3
01-09 12:14:09.185  1086  1254 I ASH     : @ 969719.987: tcs3701: stop power rail pending_off timer
01-09 12:14:09.185  1086  1254 D ASH     : @ 969719.987: tcs3701: start power rail timer, state:3
01-09 12:14:09.225  1086  1254 I ASH     : @ 969720.027: tcs3701: stop power rail pending_off timer
01-09 12:14:09.225  1086  1254 D ASH     : @ 969720.027: tcs3701: start power rail timer, state:3
01-09 12:14:09.265  1086  1254 I ASH     : @ 969720.067: tcs3701: stop power rail pending_off timer
01-09 12:14:09.265  1086  1254 D ASH     : @ 969720.067: tcs3701: start power rail timer, state:3
01-09 12:14:09.305  1086  1254 I ASH     : @ 969720.107: tcs3701: stop power rail pending_off timer
01-09 12:14:09.305  1086  1254 D ASH     : @ 969720.107: tcs3701: start power rail timer, state:3
01-09 12:14:09.345  1086  1254 I ASH     : @ 969720.147: tcs3701: stop power rail pending_off timer
01-09 12:14:09.345  1086  1254 D ASH     : @ 969720.147: tcs3701: start power rail timer, state:3
01-09 12:14:09.385  1086  1254 I ASH     : @ 969720.187: tcs3701: stop power rail pending_off timer
01-09 12:14:09.385  1086  1254 D ASH     : @ 969720.187: tcs3701: start power rail timer, state:3
01-09 12:14:09.425  1086  1254 I ASH     : @ 969720.227: tcs3701: stop power rail pending_off timer
01-09 12:14:09.425  1086  1254 D ASH     : @ 969720.227: tcs3701: start power rail timer, state:3
01-09 12:14:09.465  1086  1254 I ASH     : @ 969720.267: tcs3701: stop power rail pending_off timer
01-09 12:14:09.465  1086  1254 D ASH     : @ 969720.267: tcs3701: start power rail timer, state:3
01-09 12:14:09.505  1086  1254 I ASH     : @ 969720.307: tcs3701: stop power rail pending_off timer
01-09 12:14:09.505  1086  1254 D ASH     : @ 969720.307: tcs3701: start power rail timer, state:3
01-09 12:14:09.545  1086  1254 I ASH     : @ 969720.347: tcs3701: stop power rail pending_off timer
01-09 12:14:09.545  1086  1254 D ASH     : @ 969720.347: tcs3701: start power rail timer, state:3
01-09 12:14:09.585  1086  1254 I ASH     : @ 969720.387: tcs3701: stop power rail pending_off timer
01-09 12:14:09.585  1086  1254 D ASH     : @ 969720.387: tcs3701: start power rail timer, state:3
01-09 12:14:09.625  1086  1254 I ASH     : @ 969720.427: tcs3701: stop power rail pending_off timer
01-09 12:14:09.625  1086  1254 D ASH     : @ 969720.427: tcs3701: start power rail timer, state:3
01-09 12:14:09.665  1086  1254 I ASH     : @ 969720.467: tcs3701: stop power rail pending_off timer
01-09 12:14:09.666  1086  1254 D ASH     : @ 969720.467: tcs3701: start power rail timer, state:3
01-09 12:14:09.705  1086  1254 I ASH     : @ 969720.507: tcs3701: stop power rail pending_off timer
01-09 12:14:09.705  1086  1254 D ASH     : @ 969720.507: tcs3701: start power rail timer, state:3
01-09 12:14:09.745  1086  1254 I ASH     : @ 969720.547: tcs3701: stop power rail pending_off timer
01-09 12:14:09.745  1086  1254 D ASH     : @ 969720.547: tcs3701: start power rail timer, state:3
01-09 12:14:09.785  1086  1254 I ASH     : @ 969720.587: tcs3701: stop power rail pending_off timer
01-09 12:14:09.785  1086  1254 D ASH     : @ 969720.587: tcs3701: start power rail timer, state:3
01-09 12:14:09.825  1086  1254 I ASH     : @ 969720.627: tcs3701: stop power rail pending_off timer
01-09 12:14:09.825  1086  1254 D ASH     : @ 969720.627: tcs3701: start power rail timer, state:3
01-09 12:14:09.865  1086  1254 I ASH     : @ 969720.667: tcs3701: stop power rail pending_off timer
01-09 12:14:09.865  1086  1254 D ASH     : @ 969720.667: tcs3701: start power rail timer, state:3
01-09 12:14:09.905  1086  1254 I ASH     : @ 969720.707: tcs3701: stop power rail pending_off timer
01-09 12:14:09.905  1086  1254 D ASH     : @ 969720.707: tcs3701: start power rail timer, state:3
01-09 12:14:09.945  1086  1254 I ASH     : @ 969720.747: tcs3701: stop power rail pending_off timer
01-09 12:14:09.945  1086  1254 D ASH     : @ 969720.747: tcs3701: start power rail timer, state:3
01-09 12:14:09.985  1086  1254 I ASH     : @ 969720.787: tcs3701: stop power rail pending_off timer
01-09 12:14:09.985  1086  1254 D ASH     : @ 969720.787: tcs3701: start power rail timer, state:3
01-09 12:14:10.025  1086  1254 I ASH     : @ 969720.827: tcs3701: stop power rail pending_off timer
01-09 12:14:10.025  1086  1254 D ASH     : @ 969720.827: tcs3701: start power rail timer, state:3
01-09 12:14:10.065  1086  1254 I ASH     : @ 969720.867: tcs3701: stop power rail pending_off timer
01-09 12:14:10.065  1086  1254 D ASH     : @ 969720.867: tcs3701: start power rail timer, state:3
01-09 12:14:10.105  1086  1254 I ASH     : @ 969720.907: tcs3701: stop power rail pending_off timer
01-09 12:14:10.105  1086  1254 D ASH     : @ 969720.907: tcs3701: start power rail timer, state:3
01-09 12:14:10.145  1086  1254 I ASH     : @ 969720.947: tcs3701: stop power rail pending_off timer
01-09 12:14:10.145  1086  1254 D ASH     : @ 969720.947: tcs3701: start power rail timer, state:3
01-09 12:14:10.185  1086  1254 I ASH     : @ 969720.987: tcs3701: stop power rail pending_off timer
01-09 12:14:10.185  1086  1254 D ASH     : @ 969720.987: tcs3701: start power rail timer, state:3
01-09 12:14:10.225  1086  1254 I ASH     : @ 969721.027: tcs3701: stop power rail pending_off timer
01-09 12:14:10.225  1086  1254 D ASH     : @ 969721.027: tcs3701: start power rail timer, state:3
01-09 12:14:10.265  1086  1254 I ASH     : @ 969721.067: tcs3701: stop power rail pending_off timer
01-09 12:14:10.265  1086  1254 D ASH     : @ 969721.067: tcs3701: start power rail timer, state:3
01-09 12:14:10.305  1086  1254 I ASH     : @ 969721.107: tcs3701: stop power rail pending_off timer
01-09 12:14:10.305  1086  1254 D ASH     : @ 969721.107: tcs3701: start power rail timer, state:3
01-09 12:14:10.345  1086  1254 I ASH     : @ 969721.147: tcs3701: stop power rail pending_off timer
01-09 12:14:10.345  1086  1254 D ASH     : @ 969721.147: tcs3701: start power rail timer, state:3
01-09 12:14:10.385  1086  1254 I ASH     : @ 969721.187: tcs3701: stop power rail pending_off timer
01-09 12:14:10.385  1086  1254 D ASH     : @ 969721.187: tcs3701: start power rail timer, state:3
01-09 12:14:10.425  1086  1254 I ASH     : @ 969721.227: tcs3701: stop power rail pending_off timer
01-09 12:14:10.425  1086  1254 D ASH     : @ 969721.227: tcs3701: start power rail timer, state:3
01-09 12:14:10.465  1086  1254 I ASH     : @ 969721.267: tcs3701: stop power rail pending_off timer
01-09 12:14:10.465  1086  1254 D ASH     : @ 969721.267: tcs3701: start power rail timer, state:3
01-09 12:14:10.505  1086  1254 I ASH     : @ 969721.307: tcs3701: stop power rail pending_off timer
01-09 12:14:10.505  1086  1254 D ASH     : @ 969721.307: tcs3701: start power rail timer, state:3
01-09 12:14:10.545  1086  1254 I ASH     : @ 969721.347: tcs3701: stop power rail pending_off timer
01-09 12:14:10.545  1086  1254 D ASH     : @ 969721.347: tcs3701: start power rail timer, state:3
01-09 12:14:10.585  1086  1254 I ASH     : @ 969721.387: tcs3701: stop power rail pending_off timer
01-09 12:14:10.585  1086  1254 D ASH     : @ 969721.387: tcs3701: start power rail timer, state:3
01-09 12:14:10.625  1086  1254 I ASH     : @ 969721.427: tcs3701: stop power rail pending_off timer
01-09 12:14:10.625  1086  1254 D ASH     : @ 969721.427: tcs3701: start power rail timer, state:3
01-09 12:14:10.666  1086  1254 I ASH     : @ 969721.467: tcs3701: stop power rail pending_off timer
01-09 12:14:10.666  1086  1254 D ASH     : @ 969721.467: tcs3701: start power rail timer, state:3
01-09 12:14:10.705  1086  1254 I ASH     : @ 969721.507: tcs3701: stop power rail pending_off timer
01-09 12:14:10.705  1086  1254 D ASH     : @ 969721.507: tcs3701: start power rail timer, state:3
01-09 12:14:10.745  1086  1254 I ASH     : @ 969721.547: tcs3701: stop power rail pending_off timer
01-09 12:14:10.745  1086  1254 D ASH     : @ 969721.547: tcs3701: start power rail timer, state:3
01-09 12:14:10.785  1086  1254 I ASH     : @ 969721.587: tcs3701: stop power rail pending_off timer
01-09 12:14:10.785  1086  1254 D ASH     : @ 969721.587: tcs3701: start power rail timer, state:3
01-09 12:14:10.825  1086  1254 I ASH     : @ 969721.627: tcs3701: stop power rail pending_off timer
01-09 12:14:10.825  1086  1254 D ASH     : @ 969721.627: tcs3701: start power rail timer, state:3
01-09 12:14:10.865  1086  1254 I ASH     : @ 969721.667: tcs3701: stop power rail pending_off timer
01-09 12:14:10.865  1086  1254 D ASH     : @ 969721.667: tcs3701: start power rail timer, state:3
01-09 12:14:10.905  1086  1254 I ASH     : @ 969721.707: tcs3701: stop power rail pending_off timer
01-09 12:14:10.905  1086  1254 D ASH     : @ 969721.707: tcs3701: start power rail timer, state:3
01-09 12:14:10.945  1086  1254 I ASH     : @ 969721.747: tcs3701: stop power rail pending_off timer
01-09 12:14:10.945  1086  1254 D ASH     : @ 969721.747: tcs3701: start power rail timer, state:3
01-09 12:14:10.985  1086  1254 I ASH     : @ 969721.787: tcs3701: stop power rail pending_off timer
01-09 12:14:10.985  1086  1254 D ASH     : @ 969721.787: tcs3701: start power rail timer, state:3
01-09 12:14:11.025  1086  1254 I ASH     : @ 969721.827: tcs3701: stop power rail pending_off timer
01-09 12:14:11.025  1086  1254 D ASH     : @ 969721.827: tcs3701: start power rail timer, state:3
01-09 12:14:11.065  1086  1254 I ASH     : @ 969721.867: tcs3701: stop power rail pending_off timer
01-09 12:14:11.065  1086  1254 D ASH     : @ 969721.867: tcs3701: start power rail timer, state:3
01-09 12:14:11.105  1086  1254 I ASH     : @ 969721.907: tcs3701: stop power rail pending_off timer
01-09 12:14:11.105  1086  1254 D ASH     : @ 969721.907: tcs3701: start power rail timer, state:3
01-09 12:14:11.145  1086  1254 I ASH     : @ 969721.947: tcs3701: stop power rail pending_off timer
01-09 12:14:11.145  1086  1254 D ASH     : @ 969721.947: tcs3701: start power rail timer, state:3
01-09 12:14:11.185  1086  1254 I ASH     : @ 969721.987: tcs3701: stop power rail pending_off timer
01-09 12:14:11.185  1086  1254 D ASH     : @ 969721.987: tcs3701: start power rail timer, state:3
01-09 12:14:11.225  1086  1254 I ASH     : @ 969722.027: tcs3701: stop power rail pending_off timer
01-09 12:14:11.225  1086  1254 D ASH     : @ 969722.027: tcs3701: start power rail timer, state:3
01-09 12:14:11.265  1086  1254 I ASH     : @ 969722.067: tcs3701: stop power rail pending_off timer
01-09 12:14:11.266  1086  1254 D ASH     : @ 969722.067: tcs3701: start power rail timer, state:3
01-09 12:14:11.305  1086  1254 I ASH     : @ 969722.107: tcs3701: stop power rail pending_off timer
01-09 12:14:11.305  1086  1254 D ASH     : @ 969722.107: tcs3701: start power rail timer, state:3
01-09 12:14:11.345  1086  1254 I ASH     : @ 969722.147: tcs3701: stop power rail pending_off timer
01-09 12:14:11.345  1086  1254 D ASH     : @ 969722.147: tcs3701: start power rail timer, state:3
01-09 12:14:11.385  1086  1254 I ASH     : @ 969722.187: tcs3701: stop power rail pending_off timer
01-09 12:14:11.385  1086  1254 D ASH     : @ 969722.187: tcs3701: start power rail timer, state:3
01-09 12:14:11.425  1086  1254 I ASH     : @ 969722.227: tcs3701: stop power rail pending_off timer
01-09 12:14:11.425  1086  1254 D ASH     : @ 969722.227: tcs3701: start power rail timer, state:3
01-09 12:14:11.465  1086  1254 I ASH     : @ 969722.267: tcs3701: stop power rail pending_off timer
01-09 12:14:11.465  1086  1254 D ASH     : @ 969722.267: tcs3701: start power rail timer, state:3
01-09 12:14:11.505  1086  1254 I ASH     : @ 969722.307: tcs3701: stop power rail pending_off timer
01-09 12:14:11.505  1086  1254 D ASH     : @ 969722.307: tcs3701: start power rail timer, state:3
01-09 12:14:11.545  1086  1254 I ASH     : @ 969722.347: tcs3701: stop power rail pending_off timer
01-09 12:14:11.545  1086  1254 D ASH     : @ 969722.347: tcs3701: start power rail timer, state:3
01-09 12:14:11.585  1086  1254 I ASH     : @ 969722.387: tcs3701: stop power rail pending_off timer
01-09 12:14:11.585  1086  1254 D ASH     : @ 969722.387: tcs3701: start power rail timer, state:3
01-09 12:14:11.625  1086  1254 I ASH     : @ 969722.427: tcs3701: stop power rail pending_off timer
01-09 12:14:11.626  1086  1254 D ASH     : @ 969722.427: tcs3701: start power rail timer, state:3
01-09 12:14:11.665  1086  1254 I ASH     : @ 969722.467: tcs3701: stop power rail pending_off timer
01-09 12:14:11.665  1086  1254 D ASH     : @ 969722.467: tcs3701: start power rail timer, state:3
01-09 12:14:11.707  1086  1254 I ASH     : @ 969722.507: tcs3701: stop power rail pending_off timer
01-09 12:14:11.707  1086  1254 D ASH     : @ 969722.507: tcs3701: start power rail timer, state:3
01-09 12:14:11.745  1086  1254 I ASH     : @ 969722.547: tcs3701: stop power rail pending_off timer
01-09 12:14:11.745  1086  1254 D ASH     : @ 969722.547: tcs3701: start power rail timer, state:3
01-09 12:14:11.785  1086  1254 I ASH     : @ 969722.587: tcs3701: stop power rail pending_off timer
01-09 12:14:11.785  1086  1254 D ASH     : @ 969722.587: tcs3701: start power rail timer, state:3
01-09 12:14:11.825  1086  1254 I ASH     : @ 969722.627: tcs3701: stop power rail pending_off timer
01-09 12:14:11.825  1086  1254 D ASH     : @ 969722.627: tcs3701: start power rail timer, state:3
01-09 12:14:11.865  1086  1254 I ASH     : @ 969722.667: tcs3701: stop power rail pending_off timer
01-09 12:14:11.865  1086  1254 D ASH     : @ 969722.667: tcs3701: start power rail timer, state:3
01-09 12:14:11.897 29542 29560 W Unity   : [dashscene] shadows: not drawn — this painter emits no shadow instance.
01-09 12:14:11.897 29542 29560 W Unity   : UnityEngine.DebugLogHandler:Internal_Log(LogType, LogOption, String, Object)
01-09 12:14:11.897 29542 29560 W Unity   : Driftsys.Dashscene.BrgPainter:Draw(FrameLease)
01-09 12:14:11.897 29542 29560 W Unity   : Driftsys.Dashscene.Samples.DashsceneShowcase:Update()
01-09 12:14:11.897 29542 29560 W Unity   : 
01-09 12:14:11.897 29542 29560 W Unity   : [dashscene] backdrop blurs: not drawn, and not fixable by adding a pass — a backdrop reads what the painter itself composited, and this painter's target also holds the engine's scene.
01-09 12:14:11.897 29542 29560 W Unity   : UnityEngine.DebugLogHandler:Internal_Log(LogType, LogOption, String, Object)
01-09 12:14:11.897 29542 29560 W Unity   : Driftsys.Dashscene.BrgPainter:Draw(FrameLease)
01-09 12:14:11.897 29542 29560 W Unity   : Driftsys.Dashscene.Samples.DashsceneShowcase:Update()
01-09 12:14:11.897 29542 29560 W Unity   : 
01-09 12:14:11.898 29542 29560 W Unity   : [dashscene] image fills: not drawn — no texture is uploaded from the payload.
01-09 12:14:11.898 29542 29560 W Unity   : UnityEngine.DebugLogHandler:Internal_Log(LogType, LogOption, String, Object)
01-09 12:14:11.898 29542 29560 W Unity   : Driftsys.Dashscene.BrgPainter:Draw(FrameLease)
01-09 12:14:11.898 29542 29560 W Unity   : Driftsys.Dashscene.Samples.DashsceneShowcase:Update()
01-09 12:14:11.898 29542 29560 W Unity   : 
01-09 12:14:11.898 29542 29560 W Unity   : [dashscene] baked vector nodes: not drawn — their outline is a coverage field rather than the parametric rounded box shaded here.
01-09 12:14:11.898 29542 29560 W Unity   : UnityEngine.DebugLogHandler:Internal_Log(LogType, LogOption, String, Object)
01-09 12:14:11.898 29542 29560 W Unity   : Driftsys.Dashscene.BrgPainter:Draw(FrameLease)
01-09 12:14:11.898 29542 29560 W Unity   : Driftsys.Dashscene.Samples.DashsceneShowcase:Update()
01-09 12:14:11.898 29542 29560 W Unity   : 
01-09 12:14:11.898 29542 29560 W Unity   : [dashscene] render-target groups: not composited — a translucent group's overlapping children are drawn twice.
01-09 12:14:11.898 29542 29560 W Unity   : UnityEngine.DebugLogHandler:Internal_Log(LogType, LogOption, String, Object)
01-09 12:14:11.898 29542 29560 W Unity   : Driftsys.Dashscene.BrgPainter:Draw(FrameLease)
01-09 12:14:11.898 29542 29560 W Unity   : Driftsys.Dashscene.Samples.DashsceneShowcase:Update()
01-09 12:14:11.898 29542 29560 W Unity   : 
01-09 12:14:11.898 29542 29560 W Unity   : [dashscene] 9 rect(s) affected, first at index 2. The document asked for these and this painter did not draw them.
01-09 12:14:11.898 29542 29560 W Unity   : UnityEngine.DebugLogHandler:Internal_Log(LogType, LogOption, String, Object)
01-09 12:14:11.898 29542 29560 W Unity   : Driftsys.Dashscene.BrgPainter:Draw(FrameLease)
01-09 12:14:11.898 29542 29560 W Unity   : Driftsys.Dashscene.Samples.DashsceneShowcase:Update()
01-09 12:14:11.898 29542 29560 W Unity   : 
01-09 12:14:11.898 29542 29560 I Unity   : [showcase] drew scene surfaces: 56 instance(s), rung RawBuffer, refused shadows: not drawn — this painter emits no shadow instance. backdrop blurs: not drawn, and not fixable by adding a pass — a backdrop reads what the painter itself composited, and this painter's target also holds the engine's scene. image fills: not drawn — no texture is uploaded from the payload. baked vector nodes: not drawn — their outline is a coverage field rather than the parametric rounded box shaded here. render-target groups: not composited — a translucent group's overlapping children are drawn twice. 9 rect(s) affected, first at index 2. The document asked for these and this painter did not draw them.
01-09 12:14:11.898 29542 29560 I Unity   : UnityEngine.DebugLogHandler:Internal_Log(LogType, LogOption, String, Object)
01-09 12:14:11.898 29542 29560 I Unity   : Driftsys.Dashscene.Samples.DashsceneShowcase:Update()
01-09 12:14:11.898 29542 29560 I Unity   : 
01-09 12:14:11.905  1086  1254 I ASH     : @ 969722.707: tcs3701: stop power rail pending_off timer
01-09 12:14:11.905  1086  1254 D ASH     : @ 969722.707: tcs3701: start power rail timer, state:3
01-09 12:14:11.945  1086  1254 I ASH     : @ 969722.747: tcs3701: stop power rail pending_off timer
01-09 12:14:11.945  1086  1254 D ASH     : @ 969722.747: tcs3701: start power rail timer, state:3
01-09 12:14:11.986  1086  1254 I ASH     : @ 969722.787: tcs3701: stop power rail pending_off timer
01-09 12:14:11.986  1086  1254 D ASH     : @ 969722.787: tcs3701: start power rail timer, state:3
01-09 12:14:12.025  1086  1254 I ASH     : @ 969722.827: tcs3701: stop power rail pending_off timer
01-09 12:14:12.025  1086  1254 D ASH     : @ 969722.827: tcs3701: start power rail timer, state:3
01-09 12:14:12.065  1086  1254 I ASH     : @ 969722.867: tcs3701: stop power rail pending_off timer
01-09 12:14:12.065  1086  1254 D ASH     : @ 969722.867: tcs3701: start power rail timer, state:3
01-09 12:14:12.105  1086  1254 I ASH     : @ 969722.907: tcs3701: stop power rail pending_off timer
01-09 12:14:12.105  1086  1254 D ASH     : @ 969722.907: tcs3701: start power rail timer, state:3
01-09 12:14:12.145  1086  1254 I ASH     : @ 969722.947: tcs3701: stop power rail pending_off timer
01-09 12:14:12.145  1086  1254 D ASH     : @ 969722.947: tcs3701: start power rail timer, state:3
01-09 12:14:12.185  1086  1254 I ASH     : @ 969722.987: tcs3701: stop power rail pending_off timer
01-09 12:14:12.185  1086  1254 D ASH     : @ 969722.987: tcs3701: start power rail timer, state:3
01-09 12:14:12.225  1086  1254 I ASH     : @ 969723.027: tcs3701: stop power rail pending_off timer
01-09 12:14:12.225  1086  1254 D ASH     : @ 969723.027: tcs3701: start power rail timer, state:3
01-09 12:14:12.265  1086  1254 I ASH     : @ 969723.067: tcs3701: stop power rail pending_off timer
01-09 12:14:12.265  1086  1254 D ASH     : @ 969723.067: tcs3701: start power rail timer, state:3
01-09 12:14:12.305  1086  1254 I ASH     : @ 969723.107: tcs3701: stop power rail pending_off timer
01-09 12:14:12.305  1086  1254 D ASH     : @ 969723.107: tcs3701: start power rail timer, state:3
01-09 12:14:12.345  1086  1254 I ASH     : @ 969723.147: tcs3701: stop power rail pending_off timer
01-09 12:14:12.345  1086  1254 D ASH     : @ 969723.147: tcs3701: start power rail timer, state:3
01-09 12:14:12.385  1086  1254 I ASH     : @ 969723.187: tcs3701: stop power rail pending_off timer
01-09 12:14:12.385  1086  1254 D ASH     : @ 969723.187: tcs3701: start power rail timer, state:3
01-09 12:14:12.425  1086  1254 I ASH     : @ 969723.227: tcs3701: stop power rail pending_off timer
01-09 12:14:12.425  1086  1254 D ASH     : @ 969723.227: tcs3701: start power rail timer, state:3
01-09 12:14:12.465  1086  1254 I ASH     : @ 969723.267: tcs3701: stop power rail pending_off timer
01-09 12:14:12.465  1086  1254 D ASH     : @ 969723.267: tcs3701: start power rail timer, state:3
01-09 12:14:12.505  1086  1254 I ASH     : @ 969723.307: tcs3701: stop power rail pending_off timer
01-09 12:14:12.505  1086  1254 D ASH     : @ 969723.307: tcs3701: start power rail timer, state:3
01-09 12:14:12.545  1086  1254 I ASH     : @ 969723.347: tcs3701: stop power rail pending_off timer
01-09 12:14:12.545  1086  1254 D ASH     : @ 969723.347: tcs3701: start power rail timer, state:3
01-09 12:14:12.585  1086  1254 I ASH     : @ 969723.387: tcs3701: stop power rail pending_off timer
01-09 12:14:12.585  1086  1254 D ASH     : @ 969723.387: tcs3701: start power rail timer, state:3
01-09 12:14:12.625  1086  1254 I ASH     : @ 969723.427: tcs3701: stop power rail pending_off timer
01-09 12:14:12.625  1086  1254 D ASH     : @ 969723.427: tcs3701: start power rail timer, state:3
01-09 12:14:12.665  1086  1254 I ASH     : @ 969723.467: tcs3701: stop power rail pending_off timer
01-09 12:14:12.665  1086  1254 D ASH     : @ 969723.467: tcs3701: start power rail timer, state:3
01-09 12:14:12.705  1086  1254 I ASH     : @ 969723.507: tcs3701: stop power rail pending_off timer
01-09 12:14:12.705  1086  1254 D ASH     : @ 969723.507: tcs3701: start power rail timer, state:3
01-09 12:14:12.745  1086  1254 I ASH     : @ 969723.547: tcs3701: stop power rail pending_off timer
01-09 12:14:12.745  1086  1254 D ASH     : @ 969723.547: tcs3701: start power rail timer, state:3
01-09 12:14:12.785  1086  1254 I ASH     : @ 969723.587: tcs3701: stop power rail pending_off timer
01-09 12:14:12.785  1086  1254 D ASH     : @ 969723.587: tcs3701: start power rail timer, state:3
01-09 12:14:12.825  1086  1254 I ASH     : @ 969723.627: tcs3701: stop power rail pending_off timer
01-09 12:14:12.825  1086  1254 D ASH     : @ 969723.627: tcs3701: start power rail timer, state:3
01-09 12:14:12.865  1086  1254 I ASH     : @ 969723.667: tcs3701: stop power rail pending_off timer
01-09 12:14:12.865  1086  1254 D ASH     : @ 969723.667: tcs3701: start power rail timer, state:3
01-09 12:14:12.905  1086  1254 I ASH     : @ 969723.707: tcs3701: stop power rail pending_off timer
01-09 12:14:12.905  1086  1254 D ASH     : @ 969723.707: tcs3701: start power rail timer, state:3
01-09 12:14:12.945  1086  1254 I ASH     : @ 969723.747: tcs3701: stop power rail pending_off timer
01-09 12:14:12.945  1086  1254 D ASH     : @ 969723.747: tcs3701: start power rail timer, state:3
01-09 12:14:12.985  1086  1254 I ASH     : @ 969723.787: tcs3701: stop power rail pending_off timer
01-09 12:14:12.985  1086  1254 D ASH     : @ 969723.787: tcs3701: start power rail timer, state:3
01-09 12:14:13.025  1086  1254 I ASH     : @ 969723.827: tcs3701: stop power rail pending_off timer
01-09 12:14:13.025  1086  1254 D ASH     : @ 969723.827: tcs3701: start power rail timer, state:3
01-09 12:14:13.065  1086  1254 I ASH     : @ 969723.867: tcs3701: stop power rail pending_off timer
01-09 12:14:13.065  1086  1254 D ASH     : @ 969723.867: tcs3701: start power rail timer, state:3
01-09 12:14:13.105  1086  1254 I ASH     : @ 969723.907: tcs3701: stop power rail pending_off timer
01-09 12:14:13.105  1086  1254 D ASH     : @ 969723.907: tcs3701: start power rail timer, state:3
01-09 12:14:13.145  1086  1254 I ASH     : @ 969723.947: tcs3701: stop power rail pending_off timer
01-09 12:14:13.145  1086  1254 D ASH     : @ 969723.947: tcs3701: start power rail timer, state:3
01-09 12:14:13.185  1086  1254 I ASH     : @ 969723.987: tcs3701: stop power rail pending_off timer
01-09 12:14:13.185  1086  1254 D ASH     : @ 969723.987: tcs3701: start power rail timer, state:3
01-09 12:14:13.225  1086  1254 I ASH     : @ 969724.027: tcs3701: stop power rail pending_off timer
01-09 12:14:13.225  1086  1254 D ASH     : @ 969724.027: tcs3701: start power rail timer, state:3
01-09 12:14:13.265  1086  1254 I ASH     : @ 969724.067: tcs3701: stop power rail pending_off timer
01-09 12:14:13.265  1086  1254 D ASH     : @ 969724.067: tcs3701: start power rail timer, state:3
01-09 12:14:13.305  1086  1254 I ASH     : @ 969724.107: tcs3701: stop power rail pending_off timer
01-09 12:14:13.305  1086  1254 D ASH     : @ 969724.107: tcs3701: start power rail timer, state:3
01-09 12:14:13.345  1086  1254 I ASH     : @ 969724.147: tcs3701: stop power rail pending_off timer
01-09 12:14:13.345  1086  1254 D ASH     : @ 969724.147: tcs3701: start power rail timer, state:3
01-09 12:14:13.385  1086  1254 I ASH     : @ 969724.187: tcs3701: stop power rail pending_off timer
01-09 12:14:13.385  1086  1254 D ASH     : @ 969724.187: tcs3701: start power rail timer, state:3
01-09 12:14:13.425  1086  1254 I ASH     : @ 969724.227: tcs3701: stop power rail pending_off timer
01-09 12:14:13.425  1086  1254 D ASH     : @ 969724.227: tcs3701: start power rail timer, state:3
01-09 12:14:13.465  1086  1254 I ASH     : @ 969724.267: tcs3701: stop power rail pending_off timer
01-09 12:14:13.465  1086  1254 D ASH     : @ 969724.267: tcs3701: start power rail timer, state:3
01-09 12:14:13.505  1086  1254 I ASH     : @ 969724.307: tcs3701: stop power rail pending_off timer
01-09 12:14:13.505  1086  1254 D ASH     : @ 969724.307: tcs3701: start power rail timer, state:3
01-09 12:14:13.545  1086  1254 I ASH     : @ 969724.347: tcs3701: stop power rail pending_off timer
01-09 12:14:13.545  1086  1254 D ASH     : @ 969724.347: tcs3701: start power rail timer, state:3
01-09 12:14:13.585  1086  1254 I ASH     : @ 969724.387: tcs3701: stop power rail pending_off timer
01-09 12:14:13.585  1086  1254 D ASH     : @ 969724.387: tcs3701: start power rail timer, state:3
01-09 12:14:13.625  1086  1254 I ASH     : @ 969724.427: tcs3701: stop power rail pending_off timer
01-09 12:14:13.625  1086  1254 D ASH     : @ 969724.427: tcs3701: start power rail timer, state:3
01-09 12:14:13.665  1086  1254 I ASH     : @ 969724.467: tcs3701: stop power rail pending_off timer
01-09 12:14:13.665  1086  1254 D ASH     : @ 969724.467: tcs3701: start power rail timer, state:3
01-09 12:14:13.705  1086  1254 I ASH     : @ 969724.507: tcs3701: stop power rail pending_off timer
01-09 12:14:13.705  1086  1254 D ASH     : @ 969724.507: tcs3701: start power rail timer, state:3
01-09 12:14:13.745  1086  1254 I ASH     : @ 969724.547: tcs3701: stop power rail pending_off timer
01-09 12:14:13.745  1086  1254 D ASH     : @ 969724.547: tcs3701: start power rail timer, state:3
01-09 12:14:13.785  1086  1254 I ASH     : @ 969724.587: tcs3701: stop power rail pending_off timer
01-09 12:14:13.785  1086  1254 D ASH     : @ 969724.587: tcs3701: start power rail timer, state:3
01-09 12:14:13.825  1086  1254 I ASH     : @ 969724.627: tcs3701: stop power rail pending_off timer
01-09 12:14:13.825  1086  1254 D ASH     : @ 969724.627: tcs3701: start power rail timer, state:3
01-09 12:14:13.865  1086  1254 I ASH     : @ 969724.667: tcs3701: stop power rail pending_off timer
01-09 12:14:13.865  1086  1254 D ASH     : @ 969724.667: tcs3701: start power rail timer, state:3
01-09 12:14:13.905  1086  1254 I ASH     : @ 969724.707: tcs3701: stop power rail pending_off timer
01-09 12:14:13.905  1086  1254 D ASH     : @ 969724.707: tcs3701: start power rail timer, state:3
01-09 12:14:13.945  1086  1254 I ASH     : @ 969724.747: tcs3701: stop power rail pending_off timer
01-09 12:14:13.945  1086  1254 D ASH     : @ 969724.747: tcs3701: start power rail timer, state:3
01-09 12:14:13.985  1086  1254 I ASH     : @ 969724.787: tcs3701: stop power rail pending_off timer
01-09 12:14:13.985  1086  1254 D ASH     : @ 969724.787: tcs3701: start power rail timer, state:3
01-09 12:14:14.025  1086  1254 I ASH     : @ 969724.827: tcs3701: stop power rail pending_off timer
01-09 12:14:14.025  1086  1254 D ASH     : @ 969724.827: tcs3701: start power rail timer, state:3
01-09 12:14:14.065  1086  1254 I ASH     : @ 969724.867: tcs3701: stop power rail pending_off timer
01-09 12:14:14.065  1086  1254 D ASH     : @ 969724.867: tcs3701: start power rail timer, state:3
01-09 12:14:14.105  1086  1254 I ASH     : @ 969724.907: tcs3701: stop power rail pending_off timer
01-09 12:14:14.105  1086  1254 D ASH     : @ 969724.907: tcs3701: start power rail timer, state:3
01-09 12:14:14.145  1086  1254 I ASH     : @ 969724.947: tcs3701: stop power rail pending_off timer
01-09 12:14:14.145  1086  1254 D ASH     : @ 969724.947: tcs3701: start power rail timer, state:3
01-09 12:14:14.185  1086  1254 I ASH     : @ 969724.987: tcs3701: stop power rail pending_off timer
01-09 12:14:14.185  1086  1254 D ASH     : @ 969724.987: tcs3701: start power rail timer, state:3
01-09 12:14:14.225  1086  1254 I ASH     : @ 969725.027: tcs3701: stop power rail pending_off timer
01-09 12:14:14.225  1086  1254 D ASH     : @ 969725.027: tcs3701: start power rail timer, state:3
01-09 12:14:14.265  1086  1254 I ASH     : @ 969725.067: tcs3701: stop power rail pending_off timer
01-09 12:14:14.265  1086  1254 D ASH     : @ 969725.067: tcs3701: start power rail timer, state:3
01-09 12:14:14.305  1086  1254 I ASH     : @ 969725.107: tcs3701: stop power rail pending_off timer
01-09 12:14:14.305  1086  1254 D ASH     : @ 969725.107: tcs3701: start power rail timer, state:3
01-09 12:14:14.345  1086  1254 I ASH     : @ 969725.147: tcs3701: stop power rail pending_off timer
01-09 12:14:14.345  1086  1254 D ASH     : @ 969725.147: tcs3701: start power rail timer, state:3
01-09 12:14:14.385  1086  1254 I ASH     : @ 969725.187: tcs3701: stop power rail pending_off timer
01-09 12:14:14.385  1086  1254 D ASH     : @ 969725.187: tcs3701: start power rail timer, state:3
01-09 12:14:14.425  1086  1254 I ASH     : @ 969725.227: tcs3701: stop power rail pending_off timer
01-09 12:14:14.425  1086  1254 D ASH     : @ 969725.227: tcs3701: start power rail timer, state:3
01-09 12:14:14.465  1086  1254 I ASH     : @ 969725.267: tcs3701: stop power rail pending_off timer
01-09 12:14:14.465  1086  1254 D ASH     : @ 969725.267: tcs3701: start power rail timer, state:3
01-09 12:14:14.505  1086  1254 I ASH     : @ 969725.307: tcs3701: stop power rail pending_off timer
01-09 12:14:14.505  1086  1254 D ASH     : @ 969725.307: tcs3701: start power rail timer, state:3
01-09 12:14:14.545  1086  1254 I ASH     : @ 969725.347: tcs3701: stop power rail pending_off timer
01-09 12:14:14.545  1086  1254 D ASH     : @ 969725.347: tcs3701: start power rail timer, state:3
01-09 12:14:14.585  1086  1254 I ASH     : @ 969725.387: tcs3701: stop power rail pending_off timer
01-09 12:14:14.585  1086  1254 D ASH     : @ 969725.387: tcs3701: start power rail timer, state:3
01-09 12:14:14.625  1086  1254 I ASH     : @ 969725.427: tcs3701: stop power rail pending_off timer
01-09 12:14:14.625  1086  1254 D ASH     : @ 969725.427: tcs3701: start power rail timer, state:3
01-09 12:14:14.665  1086  1254 I ASH     : @ 969725.467: tcs3701: stop power rail pending_off timer
01-09 12:14:14.665  1086  1254 D ASH     : @ 969725.467: tcs3701: start power rail timer, state:3
01-09 12:14:14.705  1086  1254 I ASH     : @ 969725.507: tcs3701: stop power rail pending_off timer
01-09 12:14:14.705  1086  1254 D ASH     : @ 969725.507: tcs3701: start power rail timer, state:3
01-09 12:14:14.745  1086  1254 I ASH     : @ 969725.547: tcs3701: stop power rail pending_off timer
01-09 12:14:14.745  1086  1254 D ASH     : @ 969725.547: tcs3701: start power rail timer, state:3
01-09 12:14:14.785  1086  1254 I ASH     : @ 969725.587: tcs3701: stop power rail pending_off timer
01-09 12:14:14.785  1086  1254 D ASH     : @ 969725.587: tcs3701: start power rail timer, state:3
01-09 12:14:14.825  1086  1254 I ASH     : @ 969725.627: tcs3701: stop power rail pending_off timer
01-09 12:14:14.825  1086  1254 D ASH     : @ 969725.627: tcs3701: start power rail timer, state:3
01-09 12:14:14.865  1086  1254 I ASH     : @ 969725.667: tcs3701: stop power rail pending_off timer
01-09 12:14:14.865  1086  1254 D ASH     : @ 969725.667: tcs3701: start power rail timer, state:3
01-09 12:14:14.905  1086  1254 I ASH     : @ 969725.707: tcs3701: stop power rail pending_off timer
01-09 12:14:14.905  1086  1254 D ASH     : @ 969725.707: tcs3701: start power rail timer, state:3
01-09 12:14:14.945  1086  1254 I ASH     : @ 969725.747: tcs3701: stop power rail pending_off timer
01-09 12:14:14.945  1086  1254 D ASH     : @ 969725.747: tcs3701: start power rail timer, state:3
