--------- beginning of main
         1703830698.853  1078  1264 I ASH     : @ 1570.234: tcs3701: stop power rail pending_off timer
         1703830698.853  1078  1264 D ASH     : @ 1570.234: tcs3701: start power rail timer, state:3
--------- beginning of system
         1703830698.871  1845  3829 D CompatibilityChangeReporter: Compat change id reported: 161252188; UID 10265; state: DISABLED
         1703830698.871  1845  3829 W ActivityTaskManager: callingPackage for (uid=2000, pid=10429) has no WPC
         1703830698.871  1845  3829 D CompatibilityChangeReporter: Compat change id reported: 265464455; UID 10265; state: DISABLED
         1703830698.871  1845  3829 D CompatibilityChangeReporter: Compat change id reported: 265452344; UID 10265; state: DISABLED
         1703830698.872  1845  3829 D CompatibilityChangeReporter: Compat change id reported: 266124927; UID 10265; state: DISABLED
         1703830698.872  1845  3829 D CompatibilityChangeReporter: Compat change id reported: 265451093; UID 10265; state: DISABLED
         1703830698.872  1845  3829 D CompatibilityChangeReporter: Compat change id reported: 265456536; UID 10265; state: DISABLED
         1703830698.872  1845  3829 D CompatibilityChangeReporter: Compat change id reported: 255940284; UID 10265; state: DISABLED
         1703830698.872  1845  3829 D CompatibilityChangeReporter: Compat change id reported: 236283604; UID 10265; state: DISABLED
         1703830698.872  1845  3829 D CompatibilityChangeReporter: Compat change id reported: 263959004; UID 10265; state: DISABLED
         1703830698.872  1845  3829 D CompatibilityChangeReporter: Compat change id reported: 264304459; UID 10265; state: DISABLED
         1703830698.872  1845  3829 D CompatibilityChangeReporter: Compat change id reported: 264301586; UID 10265; state: DISABLED
         1703830698.872  1845  3829 D CompatibilityChangeReporter: Compat change id reported: 254631730; UID 10265; state: DISABLED
         1703830698.872  1845  3829 D CompatibilityChangeReporter: Compat change id reported: 273509367; UID 10265; state: DISABLED
         1703830698.873  1845  3829 D CompatibilityChangeReporter: Compat change id reported: 263259275; UID 10265; state: DISABLED
         1703830698.873  1845  3829 D CompatibilityChangeReporter: Compat change id reported: 174042980; UID 10265; state: DISABLED
         1703830698.873  1845  3829 D CompatibilityChangeReporter: Compat change id reported: 174042936; UID 10265; state: DISABLED
         1703830698.873  1845  3829 D CompatibilityChangeReporter: Compat change id reported: 181136395; UID 10265; state: DISABLED
         1703830698.873  1845  3829 D CompatibilityChangeReporter: Compat change id reported: 194480991; UID 10265; state: ENABLED
         1703830698.876  1845  3829 D CompatibilityChangeReporter: Compat change id reported: 184838306; UID 10265; state: DISABLED
         1703830698.876  1845  3829 D CompatibilityChangeReporter: Compat change id reported: 185004937; UID 10265; state: DISABLED
         1703830698.876  1845  3829 D CompatibilityChangeReporter: Compat change id reported: 197654537; UID 10265; state: ENABLED
         1703830698.877  1845  3829 D CompatibilityChangeReporter: Compat change id reported: 205907456; UID 10265; state: ENABLED
         1703830698.878  1845  3829 I ActivityTaskManager: Add Task{595675 #47 type=standard A=10265:dev.driftsys.dashscene.demo} to hidden list because adding Task{4e444ce #48 type=standard A=10265:dev.driftsys.dashscene.demo}
         1703830698.879  1845  3829 I ActivityTaskManager: START u0 {flg=0x10000000 cmp=dev.driftsys.dashscene.demo/.DemoActivity (has extras)} with LAUNCH_MULTIPLE from uid 2000 (BAL_ALLOW_PERMISSION) result code=0
         1703830698.879  2572  2596 V WindowManagerShell: Transition requested: android.os.BinderProxy@75518fc TransitionRequestInfo { type = OPEN, triggerTask = TaskInfo{userId=0 taskId=48 displayId=0 isRunning=true baseIntent=Intent { flg=0x10000000 cmp=dev.driftsys.dashscene.demo/.DemoActivity } baseActivity=ComponentInfo{dev.driftsys.dashscene.demo/dev.driftsys.dashscene.demo.DemoActivity} topActivity=ComponentInfo{dev.driftsys.dashscene.demo/dev.driftsys.dashscene.demo.DemoActivity} origActivity=null realActivity=ComponentInfo{dev.driftsys.dashscene.demo/dev.driftsys.dashscene.demo.DemoActivity} numActivities=1 lastActiveTime=1567391 supportsMultiWindow=true resizeMode=2 isResizeable=true minWidth=-1 minHeight=-1 defaultMinSize=220 token=WCT{android.window.IWindowContainerToken$Stub$Proxy@bc09b85} topActivityType=1 pictureInPictureParams=null shouldDockBigOverlays=false launchIntoPipHostTaskId=-1 lastParentTaskIdBeforePip=-1 displayCutoutSafeInsets=Rect(0, 63 - 0, 0) topActivityInfo=ActivityInfo{e42edda dev.driftsys.dashscene.demo.DemoActivity} launchCookies=[] positionInParent=Point(0, 0) parentTaskId=-1 isFocused=false isVisible=false isVisibleRequested=false isSleeping=false topActivityInSizeCompat=false topActivityEligibleForLetterboxEducation= false topActivityLetterboxed= false isFromDoubleTap= false topActivityLetterboxVerticalPosition= -1 topActivityLetterboxHorizontalPosition= -1 topActivityLetterboxWidth=-1 topActivityLetterboxHeight=-1 locusId=null displayAreaFeatureId=1 cameraCompatControlState=hidden}, remoteTransition = null, displayChange = null }
         1703830698.880  1845  2123 D CompatibilityChangeReporter: Compat change id reported: 135634846; UID 10265; state: DISABLED
         1703830698.880  2572  2615 W Parcel  : Expecting binder but got null!
         1703830698.880  1845  2123 D CompatibilityChangeReporter: Compat change id reported: 177438394; UID 10265; state: DISABLED
         1703830698.880  1845  2123 D CompatibilityChangeReporter: Compat change id reported: 135772972; UID 10265; state: DISABLED
         1703830698.880  1845  2123 D CompatibilityChangeReporter: Compat change id reported: 135754954; UID 10265; state: ENABLED
         1703830698.881  1845  2146 D CompatibilityChangeReporter: Compat change id reported: 143937733; UID 10265; state: ENABLED
         1703830698.885  1038  1038 D Zygote  : Forked child process 10432
         1703830698.886  1845  2146 I ActivityManager: Start proc 10432:dev.driftsys.dashscene.demo/u0a265 for next-top-activity {dev.driftsys.dashscene.demo/dev.driftsys.dashscene.demo.DemoActivity}
         1703830698.888  1845  6542 D CompatibilityChangeReporter: Compat change id reported: 168419799; UID 10265; state: DISABLED
         1703830698.888  1845  6542 D CompatibilityChangeReporter: Compat change id reported: 273564678; UID 10265; state: DISABLED
         1703830698.891 10432 10432 I .dashscene.demo: Using CollectorTypeCC GC.
         1703830698.891  1845  2349 D CompatibilityChangeReporter: Compat change id reported: 265195908; UID 10265; state: ENABLED
         1703830698.892  1078  1264 I ASH     : @ 1570.274: tcs3701: stop power rail pending_off timer
         1703830698.893  1078  1264 D ASH     : @ 1570.274: tcs3701: start power rail timer, state:3
         1703830698.893  1845  2492 D CoreBackPreview: Window{883dfda u0 Splash Screen dev.driftsys.dashscene.demo}: Setting back callback OnBackInvokedCallbackInfo{mCallback=android.window.IOnBackInvokedCallback$Stub$Proxy@2178501, mPriority=0, mIsAnimationCallback=false}
         1703830698.895 10432 10432 E .dashscene.demo: Not starting debugger since process cannot load the jdwp agent.
         1703830698.902  2572  2609 E OpenGLRenderer: Unable to match the desired swap behavior.
         1703830698.905 10432 10432 D CompatibilityChangeReporter: Compat change id reported: 171979766; UID 10265; state: ENABLED
         1703830698.906 10432 10432 D CompatibilityChangeReporter: Compat change id reported: 242716250; UID 10265; state: ENABLED
         1703830698.906  1845  2124 W WindowManager: Failed to deliver inset control state change to w=Window{f8aee0c u0 dev.driftsys.dashscene.demo/dev.driftsys.dashscene.demo.DemoActivity EXITING}
         1703830698.906  1845  2124 W WindowManager: android.os.DeadObjectException
         1703830698.906  1845  2124 W WindowManager: 	at android.os.BinderProxy.transactNative(Native Method)
         1703830698.906  1845  2124 W WindowManager: 	at android.os.BinderProxy.transact(BinderProxy.java:584)
         1703830698.906  1845  2124 W WindowManager: 	at android.view.IWindow$Stub$Proxy.insetsControlChanged(IWindow.java:479)
         1703830698.906  1845  2124 W WindowManager: 	at com.android.server.wm.WindowState.notifyInsetsControlChanged(WindowState.java:3802)
         1703830698.906  1845  2124 W WindowManager: 	at com.android.server.wm.InsetsStateController.lambda$notifyPendingInsetsControlChanged$3(InsetsStateController.java:343)
         1703830698.906  1845  2124 W WindowManager: 	at com.android.server.wm.InsetsStateController.$r8$lambda$8yykPRG1GyNq_J17QvL9d5xANMc(InsetsStateController.java:0)
         1703830698.906  1845  2124 W WindowManager: 	at com.android.server.wm.InsetsStateController$$ExternalSyntheticLambda2.run(R8$$SyntheticClass:0)
         1703830698.906  1845  2124 W WindowManager: 	at com.android.server.wm.WindowAnimator.executeAfterPrepareSurfacesRunnables(WindowAnimator.java:294)
         1703830698.906  1845  2124 W WindowManager: 	at com.android.server.wm.RootWindowContainer.performSurfacePlacementNoTrace(RootWindowContainer.java:811)
         1703830698.906  1845  2124 W WindowManager: 	at com.android.server.wm.RootWindowContainer.performSurfacePlacement(RootWindowContainer.java:756)
         1703830698.906  1845  2124 W WindowManager: 	at com.android.server.wm.WindowSurfacePlacer.performSurfacePlacementLoop(WindowSurfacePlacer.java:177)
         1703830698.906  1845  2124 W WindowManager: 	at com.android.server.wm.WindowSurfacePlacer.performSurfacePlacement(WindowSurfacePlacer.java:126)
         1703830698.906  1845  2124 W WindowManager: 	at com.android.server.wm.WindowSurfacePlacer.performSurfacePlacement(WindowSurfacePlacer.java:115)
         1703830698.906  1845  2124 W WindowManager: 	at com.android.server.wm.WindowSurfacePlacer$Traverser.run(WindowSurfacePlacer.java:57)
         1703830698.906  1845  2124 W WindowManager: 	at android.os.Handler.handleCallback(Handler.java:958)
         1703830698.906  1845  2124 W WindowManager: 	at android.os.Handler.dispatchMessage(Handler.java:99)
         1703830698.906  1845  2124 W WindowManager: 	at android.os.Looper.loopOnce(Looper.java:205)
         1703830698.906  1845  2124 W WindowManager: 	at android.os.Looper.loop(Looper.java:294)
         1703830698.906  1845  2124 W WindowManager: 	at android.os.HandlerThread.run(HandlerThread.java:67)
         1703830698.906  1845  2124 W WindowManager: 	at com.android.server.ServiceThread.run(ServiceThread.java:46)
         1703830698.909  1845  2492 D CompatibilityChangeReporter: Compat change id reported: 170503758; UID 10265; state: ENABLED
         1703830698.910  2572  2596 V WindowManagerShell: onTransitionReady android.os.BinderProxy@75518fc: {id=44 t=OPEN f=0x0 trk=0 r=[0@Point(0, 0)] c=[{WCT{android.window.IWindowContainerToken$Stub$Proxy@a327939} m=OPEN f=NONE leash=Surface(name=Task=48)/@0xc215e32 sb=Rect(0, 0 - 2340, 1080) eb=Rect(0, 0 - 2340, 1080) d=0},{WCT{android.window.IWindowContainerToken$Stub$Proxy@3832b7e} m=TO_BACK f=SHOW_WALLPAPER leash=Surface(name=Task=1)/@0x1948783 sb=Rect(0, 0 - 2340, 1080) eb=Rect(0, 0 - 2340, 1080) d=0}]}
         1703830698.910  1845  2120 V WindowManager: Sent Transition #44 createdAt=12-29 07:18:18.873 via request=TransitionRequestInfo { type = OPEN, triggerTask = TaskInfo{userId=0 taskId=48 displayId=0 isRunning=true baseIntent=Intent { flg=0x10000000 cmp=dev.driftsys.dashscene.demo/.DemoActivity } baseActivity=ComponentInfo{dev.driftsys.dashscene.demo/dev.driftsys.dashscene.demo.DemoActivity} topActivity=ComponentInfo{dev.driftsys.dashscene.demo/dev.driftsys.dashscene.demo.DemoActivity} origActivity=null realActivity=ComponentInfo{dev.driftsys.dashscene.demo/dev.driftsys.dashscene.demo.DemoActivity} numActivities=1 lastActiveTime=1567391 supportsMultiWindow=true resizeMode=2 isResizeable=true minWidth=-1 minHeight=-1 defaultMinSize=220 token=WCT{RemoteToken{d517d7e Task{4e444ce #48 type=standard A=10265:dev.driftsys.dashscene.demo}}} topActivityType=1 pictureInPictureParams=null shouldDockBigOverlays=false launchIntoPipHostTaskId=-1 lastParentTaskIdBeforePip=-1 displayCutoutSafeInsets=Rect(0, 63 - 0, 0) topActivityInfo=ActivityInfo{d6302df dev.driftsys.dashscene.demo.DemoActivity} launchCookies=[] positionInParent=Point(0, 0) parentTaskId=-1 isFocused=false isVisible=false isVisibleRequested=false isSleeping=false topActivityInSizeCompat=false topActivityEligibleForLetterboxEducation= false topActivityLetterboxed= false isFromDoubleTap= false topActivityLetterboxVerticalPosition= -1 topActivityLetterboxHorizontalPosition= -1 topActivityLetterboxWidth=-1 topActivityLetterboxHeight=-1 locusId=null displayAreaFeatureId=1 cameraCompatControlState=hidden}, remoteTransition = null, displayChange = null }
         1703830698.910  1845  2120 V WindowManager:     startWCT=WindowContainerTransaction { changes = {} hops = [] errorCallbackToken=null taskFragmentOrganizer=null }
         1703830698.910  2572  2596 V WindowManagerShell: Transition (#44)android.os.BinderProxy@75518fc@0 ready while (#43)android.os.BinderProxy@e4d2eff@0 is still animating. Notify the animating transition in case they can be merged
         1703830698.910  1845  2120 V WindowManager:     info={id=44 t=OPEN f=0x0 trk=0 r=[0@Point(0, 0)] c=[{WCT{RemoteToken{d517d7e Task{4e444ce #48 type=standard A=10265:dev.driftsys.dashscene.demo}}} m=OPEN f=NONE leash=Surface(name=Task=48)/@0xd774f00 sb=Rect(0, 0 - 2340, 1080) eb=Rect(0, 0 - 2340, 1080) d=0},{WCT{RemoteToken{233bb8a Task{7784f30 #1 type=home}}} m=TO_BACK f=SHOW_WALLPAPER leash=Surface(name=Task=1)/@0x43ccbff sb=Rect(0, 0 - 2340, 1080) eb=Rect(0, 0 - 2340, 1080) d=0}]}
         1703830698.911  2572  2596 V WindowManagerShell: Transition animation finished (aborted=false), notifying core (#43)android.os.BinderProxy@e4d2eff@0
         1703830698.912 10432 10432 W ziparchive: Unable to open '/data/app/~~yfCqioWOTVtQOcnv4EsnSA==/dev.driftsys.dashscene.demo-QMCUnAkIB0vfP7yLHwj7ag==/base.dm': No such file or directory
         1703830698.912 10432 10432 W ziparchive: Unable to open '/data/app/~~yfCqioWOTVtQOcnv4EsnSA==/dev.driftsys.dashscene.demo-QMCUnAkIB0vfP7yLHwj7ag==/base.dm': No such file or directory
         1703830698.912  1845  2120 V WindowManager: Finish Transition #43: created at 12-29 07:18:18.716 collect-started=0.122ms request-sent=0.338ms started=23.99ms ready=23.946ms sent=60.506ms finished=195.83ms
         1703830698.912  1845  2492 W WindowManager: Exception thrown during dispatchAppVisibility Window{f8aee0c u0 dev.driftsys.dashscene.demo/dev.driftsys.dashscene.demo.DemoActivity EXITING}
         1703830698.912  1845  2492 W WindowManager: android.os.DeadObjectException
         1703830698.912  1845  2492 W WindowManager: 	at android.os.BinderProxy.transactNative(Native Method)
         1703830698.912  1845  2492 W WindowManager: 	at android.os.BinderProxy.transact(BinderProxy.java:584)
         1703830698.912  1845  2492 W WindowManager: 	at android.view.IWindow$Stub$Proxy.dispatchAppVisibility(IWindow.java:546)
         1703830698.912  1845  2492 W WindowManager: 	at com.android.server.wm.WindowState.sendAppVisibilityToClients(WindowState.java:3271)
         1703830698.912  1845  2492 W WindowManager: 	at com.android.server.wm.WindowContainer.sendAppVisibilityToClients(WindowContainer.java:1221)
         1703830698.912  1845  2492 W WindowManager: 	at com.android.server.wm.WindowToken.setClientVisible(WindowToken.java:409)
         1703830698.912  1845  2492 W WindowManager: 	at com.android.server.wm.ActivityRecord.setClientVisible(ActivityRecord.java:6946)
         1703830698.912  1845  2492 W WindowManager: 	at com.android.server.wm.ActivityRecord.postApplyAnimation(ActivityRecord.java:5637)
         1703830698.912  1845  2492 W WindowManager: 	at com.android.server.wm.ActivityRecord.commitVisibility(ActivityRecord.java:5580)
         1703830698.912  1845  2492 W WindowManager: 	at com.android.server.wm.Transition.finishTransition(Transition.java:1151)
         1703830698.912  1845  2492 W WindowManager: 	at com.android.server.wm.TransitionController.finishTransition(TransitionController.java:875)
         1703830698.912  1845  2492 W WindowManager: 	at com.android.server.wm.WindowOrganizerController.finishTransition(WindowOrganizerController.java:396)
         1703830698.912  1845  2492 W WindowManager: 	at android.window.IWindowOrganizerController$Stub.onTransact(IWindowOrganizerController.java:286)
         1703830698.912  1845  2492 W WindowManager: 	at com.android.server.wm.WindowOrganizerController.onTransact(WindowOrganizerController.java:181)
         1703830698.912  1845  2492 W WindowManager: 	at android.os.Binder.execTransactInternal(Binder.java:1339)
         1703830698.912  1845  2492 W WindowManager: 	at android.os.Binder.execTransact(Binder.java:1275)
         1703830698.912  1845  2492 I Process : Sending signal. PID: 10136 SIG: 9
         1703830698.913 10432 10432 D nativeloader: Configuring clns-4 for other apk /data/app/~~yfCqioWOTVtQOcnv4EsnSA==/dev.driftsys.dashscene.demo-QMCUnAkIB0vfP7yLHwj7ag==/base.apk. target_sdk_version=34, uses_libraries=, library_path=/data/app/~~yfCqioWOTVtQOcnv4EsnSA==/dev.driftsys.dashscene.demo-QMCUnAkIB0vfP7yLHwj7ag==/lib/arm64:/data/app/~~yfCqioWOTVtQOcnv4EsnSA==/dev.driftsys.dashscene.demo-QMCUnAkIB0vfP7yLHwj7ag==/base.apk!/lib/arm64-v8a, permitted_path=/data:/mnt/expand:/data/user/0/dev.driftsys.dashscene.demo
         1703830698.917  1845  2492 W WindowManager: Failed to deliver inset control state change to w=Window{f8aee0c u0 dev.driftsys.dashscene.demo/dev.driftsys.dashscene.demo.DemoActivity EXITING}
         1703830698.917  1845  2492 W WindowManager: android.os.DeadObjectException
         1703830698.917  1845  2492 W WindowManager: 	at android.os.BinderProxy.transactNative(Native Method)
         1703830698.917  1845  2492 W WindowManager: 	at android.os.BinderProxy.transact(BinderProxy.java:584)
         1703830698.917  1845  2492 W WindowManager: 	at android.view.IWindow$Stub$Proxy.insetsControlChanged(IWindow.java:479)
         1703830698.917  1845  2492 W WindowManager: 	at com.android.server.wm.WindowState.notifyInsetsControlChanged(WindowState.java:3802)
         1703830698.917  1845  2492 W WindowManager: 	at com.android.server.wm.InsetsStateController.lambda$notifyPendingInsetsControlChanged$3(InsetsStateController.java:343)
         1703830698.917  1845  2492 W WindowManager: 	at com.android.server.wm.InsetsStateController.$r8$lambda$8yykPRG1GyNq_J17QvL9d5xANMc(InsetsStateController.java:0)
         1703830698.917  1845  2492 W WindowManager: 	at com.android.server.wm.InsetsStateController$$ExternalSyntheticLambda2.run(R8$$SyntheticClass:0)
         1703830698.917  1845  2492 W WindowManager: 	at com.android.server.wm.WindowAnimator.executeAfterPrepareSurfacesRunnables(WindowAnimator.java:294)
         1703830698.917  1845  2492 W WindowManager: 	at com.android.server.wm.RootWindowContainer.performSurfacePlacementNoTrace(RootWindowContainer.java:811)
         1703830698.917  1845  2492 W WindowManager: 	at com.android.server.wm.RootWindowContainer.performSurfacePlacement(RootWindowContainer.java:756)
         1703830698.917  1845  2492 W WindowManager: 	at com.android.server.wm.WindowSurfacePlacer.performSurfacePlacementLoop(WindowSurfacePlacer.java:177)
         1703830698.917  1845  2492 W WindowManager: 	at com.android.server.wm.WindowSurfacePlacer.performSurfacePlacement(WindowSurfacePlacer.java:126)
         1703830698.917  1845  2492 W WindowManager: 	at com.android.server.wm.WindowSurfacePlacer.performSurfacePlacement(WindowSurfacePlacer.java:115)
         1703830698.917  1845  2492 W WindowManager: 	at com.android.server.wm.WindowState.setupWindowForRemoveOnExit(WindowState.java:2538)
         1703830698.917  1845  2492 W WindowManager: 	at com.android.server.wm.WindowState.removeIfPossible(WindowState.java:2498)
         1703830698.917  1845  2492 W WindowManager: 	at com.android.server.wm.WindowToken.removeAllWindowsIfPossible(WindowToken.java:249)
         1703830698.917  1845  2492 W WindowManager: 	at com.android.server.wm.ActivityRecord.removeIfPossible(ActivityRecord.java:4259)
         1703830698.917  1845  2492 W WindowManager: 	at com.android.server.wm.ActivityRecord.handleCompleteDeferredRemoval(ActivityRecord.java:4266)
         1703830698.917  1845  2492 W WindowManager: 	at com.android.server.wm.WindowContainer.handleCompleteDeferredRemoval(WindowContainer.java:1396)
         1703830698.917  1845  2492 W WindowManager: 	at com.android.server.wm.TaskFragment.handleCompleteDeferredRemoval(TaskFragment.java:2844)
         1703830698.917  1845  2492 W WindowManager: 	at com.android.server.wm.WindowContainer.handleCompleteDeferredRemoval(WindowContainer.java:1396)
         1703830698.917  1845  2492 W WindowManager: 	at com.android.server.wm.WindowContainer.handleCompleteDeferredRemoval(WindowContainer.java:1396)
         1703830698.917  1845  2492 W WindowManager: 	at com.android.server.wm.WindowContainer.handleCompleteDeferredRemoval(WindowContainer.java:1396)
         1703830698.917  1845  2492 W WindowManager: 	at com.android.server.wm.WindowContainer.handleCompleteDeferredRemoval(WindowContainer.java:1396)
         1703830698.917  1845  2492 W WindowManager: 	at com.android.server.wm.WindowContainer.handleCompleteDeferredRemoval(WindowContainer.java:1396)
         1703830698.917  1845  2492 W WindowManager: 	at com.android.server.wm.WindowContainer.handleCompleteDeferredRemoval(WindowContainer.java:1396)
         1703830698.917  1845  2492 W WindowManager: 	at com.android.server.wm.DisplayContent.handleCompleteDeferredRemoval(DisplayContent.java:3382)
         1703830698.917  1845  2492 W WindowManager: 	at com.android.server.wm.Transition.finishTransition(Transition.java:1322)
         1703830698.917  1845  2492 W WindowManager: 	at com.android.server.wm.TransitionController.finishTransition(TransitionController.java:875)
         1703830698.917  1845  2492 W WindowManager: 	at com.android.server.wm.WindowOrganizerController.finishTransition(WindowOrganizerController.java:396)
         1703830698.917  1845  2492 W WindowManager: 	at android.window.IWindowOrganizerController$Stub.onTransact(IWindowOrganizerController.java:286)
         1703830698.917  1845  2492 W WindowManager: 	at com.android.server.wm.WindowOrganizerController.onTransact(WindowOrganizerController.java:181)
         1703830698.917  1845  2492 W WindowManager: 	at android.os.Binder.execTransactInternal(Binder.java:1339)
         1703830698.917  1845  2492 W WindowManager: 	at android.os.Binder.execTransact(Binder.java:1275)
         1703830698.919  1845  2123 W ActivityManager: setHasOverlayUi called on unknown pid: 10136
         1703830698.920 10432 10432 V GraphicsEnvironment: Currently set values for:
         1703830698.920 10432 10432 V GraphicsEnvironment:   angle_gl_driver_selection_pkgs=[]
         1703830698.920 10432 10432 V GraphicsEnvironment:   angle_gl_driver_selection_values=[]
         1703830698.920 10432 10432 V GraphicsEnvironment: ANGLE GameManagerService for dev.driftsys.dashscene.demo: false
         1703830698.920 10432 10432 V GraphicsEnvironment: dev.driftsys.dashscene.demo is not listed in per-application setting
         1703830698.920 10432 10432 V GraphicsEnvironment: Updatable production driver is not supported on the device.
         1703830698.922  2572  2596 V WindowManagerShell: Playing animation for (#44)android.os.BinderProxy@75518fc@0
         1703830698.922  2572  2596 V WindowManagerShell:  try handler com.android.wm.shell.transition.DefaultMixedHandler@763dc57
         1703830698.922  1845  2492 I ActivityManager: Flag disabled. Ignoring finishAttachApplication from uid: 10265. pid: 10432
         1703830698.922  2572  2596 V WindowManagerShell:  try handler com.android.wm.shell.keyguard.KeyguardTransitionHandler@5239141
         1703830698.922  2572  2596 V WindowManagerShell:  try handler com.android.wm.shell.activityembedding.ActivityEmbeddingController@facd6e6
         1703830698.922  2572  2596 V WindowManagerShell:  try handler com.android.wm.shell.recents.RecentsTransitionHandler@1f5c427
         1703830698.922  2572  2596 V ShellRecents: RecentsTransitionHandler.startAnimation: no controller found
         1703830698.922  2572  2596 V WindowManagerShell:  try handler com.android.wm.shell.pip.PipTransition@49296d4
         1703830698.922  2572  2596 V WindowManagerShell:  try handler com.android.wm.shell.splitscreen.StageCoordinator@857007d
         1703830698.922  2572  2596 V WindowManagerShell:  try handler com.android.wm.shell.transition.RemoteTransitionHandler@cdf7b72
         1703830698.922  2572  2596 V WindowManagerShell: Transition doesn't have explicit remote, search filters for match for {id=44 t=OPEN f=0x0 trk=0 r=[0@Point(0, 0)] c=[{WCT{android.window.IWindowContainerToken$Stub$Proxy@a327939} m=OPEN f=NONE leash=Surface(name=Task=48)/@0xc215e32 sb=Rect(0, 0 - 2340, 1080) eb=Rect(0, 0 - 2340, 1080) d=0},{WCT{android.window.IWindowContainerToken$Stub$Proxy@3832b7e} m=TO_BACK f=SHOW_WALLPAPER leash=Surface(name=Task=1)/@0x1948783 sb=Rect(0, 0 - 2340, 1080) eb=Rect(0, 0 - 2340, 1080) d=0}]}
         1703830698.922  2572  2596 V WindowManagerShell:  Checking filter Pair{{types=[] flags=0x0] notFlags=0x0 checks=[{atype=dream independent=true modes=[OPEN,TO_FRONT] flags=NONE mustBeTask=false order=ANY topActivity=null},{atype=home independent=true modes=[CLOSE,TO_BACK] flags=NONE mustBeTask=false order=ANY topActivity=null}]} RemoteTransition { remoteTransition = android.window.IRemoteTransition$Stub$Proxy@44762f3, appThread = android.app.IApplicationThread$Stub$Proxy@d7d5bb0, debugName = LauncherToDream }}
         1703830698.922  2572  2596 V WindowManagerShell:  Checking filter Pair{{types=[] flags=0x0] notFlags=0x100 checks=[{atype=home independent=true modes=[OPEN,TO_FRONT] flags=NONE mustBeTask=false order=TOP topActivity=ComponentInfo{com.google.android.apps.nexuslauncher/com.google.android.apps.nexuslauncher.NexusLauncherActivity}},{atype=standard independent=true modes=[CLOSE,TO_BACK] flags=NONE mustBeTask=false order=ANY topActivity=null}]} RemoteTransition { remoteTransition = android.window.IRemoteTransition$Stub$Proxy@a6fda29, appThread = android.app.IApplicationThread$Stub$Proxy@ace91ae, debugName = QuickstepLaunchHome }}
         1703830698.922  2572  2596 V WindowManagerShell:  Delegate animation for #44 to null
         1703830698.922  2572  2596 V WindowManagerShell:  try handler com.android.wm.shell.transition.DefaultTransitionHandler@ef07bc3
         1703830698.923  2572  2596 V WindowManagerShell: start default transition animation, info = {id=44 t=OPEN f=0x0 trk=0 r=[0@Point(0, 0)] c=[{WCT{android.window.IWindowContainerToken$Stub$Proxy@a327939} m=OPEN f=NONE leash=Surface(name=Task=48)/@0xc215e32 sb=Rect(0, 0 - 2340, 1080) eb=Rect(0, 0 - 2340, 1080) d=0},{WCT{android.window.IWindowContainerToken$Stub$Proxy@3832b7e} m=TO_BACK f=SHOW_WALLPAPER leash=Surface(name=Task=1)/@0x1948783 sb=Rect(0, 0 - 2340, 1080) eb=Rect(0, 0 - 2340, 1080) d=0}]}
         1703830698.923  2572  2596 V WindowManagerShell: loadAnimation: anim=android.view.animation.AnimationSet@c6563fb animAttr=0x13 type=OPEN isEntrance=false
         1703830698.924  2572  2596 V WindowManagerShell: loadAnimation: anim=android.view.animation.AnimationSet@79c44d7 animAttr=0x12 type=OPEN isEntrance=true
         1703830698.925  2572  2596 V WindowManagerShell:  animated by com.android.wm.shell.transition.DefaultTransitionHandler@ef07bc3
         1703830698.930 10432 10432 I dashscene: demo: scene extra = layout
         1703830698.932  1078  1264 I ASH     : @ 1570.314: tcs3701: stop power rail pending_off timer
         1703830698.933  1078  1264 D ASH     : @ 1570.314: tcs3701: start power rail timer, state:3
         1703830698.941 10432 10432 D CompatibilityChangeReporter: Compat change id reported: 210923482; UID 10265; state: ENABLED
         1703830698.942   658   658 E BpTransactionCompletedListener: Failed to transact (-32)
         1703830698.942   658   658 E BpTransactionCompletedListener: Failed to transact (-32)
         1703830698.943 10432 10432 D CompatibilityChangeReporter: Compat change id reported: 237531167; UID 10265; state: DISABLED
         1703830698.948 10432 10452 W Parcel  : Expecting binder but got null!
         1703830698.959  1845  2492 D CoreBackPreview: Window{8034beb u0 dev.driftsys.dashscene.demo/dev.driftsys.dashscene.demo.DemoActivity}: Setting back callback OnBackInvokedCallbackInfo{mCallback=android.window.IOnBackInvokedCallback$Stub$Proxy@ed86906, mPriority=0, mIsAnimationCallback=false}
         1703830698.966 10432 10449 I AdrenoGLES-0: QUALCOMM build                   : 4783c89, I46ff5fc46f
         1703830698.966 10432 10449 I AdrenoGLES-0: Build Date                       : 11/30/20
         1703830698.966 10432 10449 I AdrenoGLES-0: OpenGL ES Shader Compiler Version: EV031.31.04.01
         1703830698.966 10432 10449 I AdrenoGLES-0: Local Branch                     : QPR2
         1703830698.966 10432 10449 I AdrenoGLES-0: Remote Branch                    : 
         1703830698.966 10432 10449 I AdrenoGLES-0: Remote Branch                    : 
         1703830698.966 10432 10449 I AdrenoGLES-0: Reconstruct Branch               : 
         1703830698.966 10432 10449 I AdrenoGLES-0: Build Config                     : S P 10.0.4 AArch64
         1703830698.966 10432 10449 I AdrenoGLES-0: Driver Path                      : /vendor/lib64/egl/libGLESv2_adreno.so
         1703830698.968 10432 10432 I dashscene: demo: surfaceCreated
         1703830698.968 10432 10432 I dashscene: demo: surfaceChanged 2340x805
         1703830698.968 10432 10432 I dashscene: scene layout — the flex vocabulary, a grid with spans, a reflow driven by a topology change, and a variant switch on a key
         1703830698.968 10432 10432 I dashscene: demo: handle -5476376646254269168
         1703830698.969 10432 10454 I dashscene: attaching a 2340x805 surface
         1703830698.969 10432 10449 I AdrenoGLES-0: PFP: 0x016dd093, ME: 0x00000000
         1703830698.971 10432 10449 W AdrenoUtils: <ReadGpuID_from_sysfs:197>: Failed to open /sys/class/kgsl/kgsl-3d0/gpu_model
         1703830698.971 10432 10449 W AdrenoUtils: <ReadGpuID:221>: Failed to read chip ID from gpu_model. Fallback to use the GSL path
         1703830698.972 10432 10454 D vulkan  : searching for layers in '/data/app/~~yfCqioWOTVtQOcnv4EsnSA==/dev.driftsys.dashscene.demo-QMCUnAkIB0vfP7yLHwj7ag==/lib/arm64'
         1703830698.972 10432 10454 D vulkan  : searching for layers in '/data/app/~~yfCqioWOTVtQOcnv4EsnSA==/dev.driftsys.dashscene.demo-QMCUnAkIB0vfP7yLHwj7ag==/base.apk!/lib/arm64-v8a'
         1703830698.973  1078  1264 I ASH     : @ 1570.354: tcs3701: stop power rail pending_off timer
         1703830698.973  1078  1264 D ASH     : @ 1570.354: tcs3701: start power rail timer, state:3
         1703830698.974 10432 10454 I AdrenoVK-0: ===== BEGIN DUMP OF OVERRIDDEN SETTINGS =====
         1703830698.974 10432 10454 I AdrenoVK-0: ===== END DUMP OF OVERRIDDEN SETTINGS =====
         1703830698.975 10432 10454 I AdrenoVK-0: QUALCOMM build          : 4783c89, I46ff5fc46f
         1703830698.975 10432 10454 I AdrenoVK-0: Build Date              : 11/30/20
         1703830698.975 10432 10454 I AdrenoVK-0: Shader Compiler Version : EV031.31.04.01
         1703830698.975 10432 10454 I AdrenoVK-0: Local Branch            : QPR2
         1703830698.975 10432 10454 I AdrenoVK-0: Remote Branch           : 
         1703830698.975 10432 10454 I AdrenoVK-0: Remote Branch           : 
         1703830698.975 10432 10454 I AdrenoVK-0: Reconstruct Branch      : 
         1703830698.975 10432 10454 I AdrenoVK-0: Build Config            : S P 10.0.4 AArch64
         1703830698.975 10432 10454 I AdrenoVK-0: Driver Path             : /vendor/lib64/hw/vulkan.adreno.so
         1703830698.977 10432 10449 E OpenGLRenderer: Unable to match the desired swap behavior.
         1703830698.980 10432 10454 E qdgralloc: GetGpuPixelFormat: No map for format: 0x38
         1703830698.980 10432 10454 E AdrenoUtils: <validate_memory_layout_input_parmas:1923>: Unknown Format 0
         1703830698.980 10432 10454 E AdrenoUtils: <adreno_init_memory_layout:4634>: Memory Layout input parameter validation failed!
         1703830698.980 10432 10454 E qdgralloc: GetGpuResourceSizeAndDimensions Graphics metadata init failed
         1703830698.980 10432 10454 E Gralloc4: isSupported(1, 1, 56, 1, ...) failed with 1
         1703830698.980   663   671 E qdgralloc: GetGpuPixelFormat: No map for format: 0x38
         1703830698.980   663   671 E AdrenoUtils: <validate_memory_layout_input_parmas:1923>: Unknown Format 0
         1703830698.980   663   671 E AdrenoUtils: <adreno_init_memory_layout:4634>: Memory Layout input parameter validation failed!
         1703830698.980   663   671 E qdgralloc: GetGpuResourceSizeAndDimensions Graphics metadata init failed
         1703830698.980 10432 10454 E GraphicBufferAllocator: Failed to allocate (4 x 4) layerCount 1 format 56 usage b00: 1
         1703830698.980 10432 10454 E AHardwareBuffer: GraphicBuffer(w=4, h=4, lc=1) failed (Unknown error -1), handle=0x0
         1703830698.980 10432 10454 E qdgralloc: GetGpuPixelFormat: No map for format: 0x3b
         1703830698.980 10432 10454 E AdrenoUtils: <validate_memory_layout_input_parmas:1923>: Unknown Format 0
         1703830698.980 10432 10454 E AdrenoUtils: <adreno_init_memory_layout:4634>: Memory Layout input parameter validation failed!
         1703830698.980 10432 10454 E qdgralloc: GetGpuResourceSizeAndDimensions Graphics metadata init failed
         1703830698.980 10432 10454 E Gralloc4: isSupported(1, 1, 59, 1, ...) failed with 1
         1703830698.980   663  8166 E qdgralloc: GetGpuPixelFormat: No map for format: 0x3b
         1703830698.980   663  8166 E AdrenoUtils: <validate_memory_layout_input_parmas:1923>: Unknown Format 0
         1703830698.980   663  8166 E AdrenoUtils: <adreno_init_memory_layout:4634>: Memory Layout input parameter validation failed!
         1703830698.981   663  8166 E qdgralloc: GetGpuResourceSizeAndDimensions Graphics metadata init failed
         1703830698.981 10432 10454 E GraphicBufferAllocator: Failed to allocate (4 x 4) layerCount 1 format 59 usage b00: 1
         1703830698.981 10432 10454 E AHardwareBuffer: GraphicBuffer(w=4, h=4, lc=1) failed (Unknown error -1), handle=0x0
         1703830698.981 10432 10454 E qdgralloc: GetGpuPixelFormat: No map for format: 0x38
         1703830698.981 10432 10454 E AdrenoUtils: <validate_memory_layout_input_parmas:1923>: Unknown Format 0
         1703830698.981 10432 10454 E AdrenoUtils: <adreno_init_memory_layout:4634>: Memory Layout input parameter validation failed!
         1703830698.981 10432 10454 E qdgralloc: GetGpuResourceSizeAndDimensions Graphics metadata init failed
         1703830698.981 10432 10454 E Gralloc4: isSupported(1, 1, 56, 1, ...) failed with 1
         1703830698.981   663  8166 E qdgralloc: GetGpuPixelFormat: No map for format: 0x38
         1703830698.981   663  8166 E AdrenoUtils: <validate_memory_layout_input_parmas:1923>: Unknown Format 0
         1703830698.981   663  8166 E AdrenoUtils: <adreno_init_memory_layout:4634>: Memory Layout input parameter validation failed!
         1703830698.981   663  8166 E qdgralloc: GetGpuResourceSizeAndDimensions Graphics metadata init failed
         1703830698.981 10432 10454 E GraphicBufferAllocator: Failed to allocate (4 x 4) layerCount 1 format 56 usage b00: 1
         1703830698.981 10432 10454 E AHardwareBuffer: GraphicBuffer(w=4, h=4, lc=1) failed (Unknown error -1), handle=0x0
         1703830698.981 10432 10454 E qdgralloc: GetGpuPixelFormat: No map for format: 0x3b
         1703830698.981 10432 10454 E AdrenoUtils: <validate_memory_layout_input_parmas:1923>: Unknown Format 0
         1703830698.981 10432 10454 E AdrenoUtils: <adreno_init_memory_layout:4634>: Memory Layout input parameter validation failed!
         1703830698.981 10432 10454 E qdgralloc: GetGpuResourceSizeAndDimensions Graphics metadata init failed
         1703830698.981 10432 10454 E Gralloc4: isSupported(1, 1, 59, 1, ...) failed with 1
         1703830698.981   663  8166 E qdgralloc: GetGpuPixelFormat: No map for format: 0x3b
         1703830698.981   663  8166 E AdrenoUtils: <validate_memory_layout_input_parmas:1923>: Unknown Format 0
         1703830698.981   663  8166 E AdrenoUtils: <adreno_init_memory_layout:4634>: Memory Layout input parameter validation failed!
         1703830698.981   663  8166 E qdgralloc: GetGpuResourceSizeAndDimensions Graphics metadata init failed
         1703830698.981 10432 10454 E GraphicBufferAllocator: Failed to allocate (4 x 4) layerCount 1 format 59 usage b00: 1
         1703830698.981 10432 10454 E AHardwareBuffer: GraphicBuffer(w=4, h=4, lc=1) failed (Unknown error -1), handle=0x0
         1703830698.987  1845  2120 W ziparchive: Unable to open '/data/app/~~yfCqioWOTVtQOcnv4EsnSA==/dev.driftsys.dashscene.demo-QMCUnAkIB0vfP7yLHwj7ag==/base.dm': No such file or directory
         1703830698.989  1845  2120 I ActivityTaskManager: Displayed dev.driftsys.dashscene.demo/.DemoActivity for user 0: +115ms
         1703830698.996  1845  6542 D CompatibilityChangeReporter: Compat change id reported: 214016041; UID 10265; state: ENABLED
         1703830698.996  1845  6542 I ImeTracker: dev.driftsys.dashscene.demo:63e24b68: onRequestHide at ORIGIN_SERVER_HIDE_INPUT reason HIDE_UNSPECIFIED_WINDOW
         1703830698.996  1845  6542 I ImeTracker: dev.driftsys.dashscene.demo:63e24b68: onCancelled at PHASE_SERVER_SHOULD_HIDE
         1703830698.999  5681  5681 I GoogleInputMethodService: GoogleInputMethodService.onFinishInput():3227 
         1703830699.000  5681  5681 I GoogleInputMethodService: GoogleInputMethodService.updateDeviceLockedStatus():2087 repeatCheckTimes = 0, unlocked = true
         1703830699.000  5681  5681 I GoogleInputMethodService: GoogleInputMethodService.onStartInput():1877 onStartInput(EditorInfo{inputType=0x0(NULL) imeOptions=0x0 privateImeOptions=null actionName=UNSPECIFIED actionLabel=null actionId=0 initialSelStart=-1 initialSelEnd=-1 initialCapsMode=0x0 hintText=null label=null packageName=dev.driftsys.dashscene.demo fieldId=0 fieldName=null extras=null}, false)
         1703830699.001  5681  5681 I GoogleInputMethodService: GoogleInputMethodService.shouldHideHeaderOnInitialState():4008 ShouldHideHeaderOnInitialState = false
         1703830699.001  5681  5681 I GoogleInputMethodService: GoogleInputMethodService.updateDeviceLockedStatus():2087 repeatCheckTimes = 2, unlocked = true
         1703830699.012  1078  1264 I ASH     : @ 1570.394: tcs3701: stop power rail pending_off timer
         1703830699.013  1078  1264 D ASH     : @ 1570.394: tcs3701: start power rail timer, state:3
         1703830699.020 10432 10454 E qdgralloc: GetGpuPixelFormat: No map for format: 0x38
         1703830699.020 10432 10454 E AdrenoUtils: <validate_memory_layout_input_parmas:1923>: Unknown Format 0
         1703830699.020 10432 10454 E AdrenoUtils: <adreno_init_memory_layout:4634>: Memory Layout input parameter validation failed!
         1703830699.020 10432 10454 E qdgralloc: GetGpuResourceSizeAndDimensions Graphics metadata init failed
         1703830699.020 10432 10454 E Gralloc4: isSupported(1, 1, 56, 1, ...) failed with 1
         1703830699.020   663  8166 E qdgralloc: GetGpuPixelFormat: No map for format: 0x38
         1703830699.020   663  8166 E AdrenoUtils: <validate_memory_layout_input_parmas:1923>: Unknown Format 0
         1703830699.020   663  8166 E AdrenoUtils: <adreno_init_memory_layout:4634>: Memory Layout input parameter validation failed!
         1703830699.020   663  8166 E qdgralloc: GetGpuResourceSizeAndDimensions Graphics metadata init failed
         1703830699.020 10432 10454 E GraphicBufferAllocator: Failed to allocate (4 x 4) layerCount 1 format 56 usage b00: 1
         1703830699.020 10432 10454 E AHardwareBuffer: GraphicBuffer(w=4, h=4, lc=1) failed (Unknown error -1), handle=0x0
         1703830699.020 10432 10454 E qdgralloc: GetGpuPixelFormat: No map for format: 0x3b
         1703830699.020 10432 10454 E AdrenoUtils: <validate_memory_layout_input_parmas:1923>: Unknown Format 0
         1703830699.020 10432 10454 E AdrenoUtils: <adreno_init_memory_layout:4634>: Memory Layout input parameter validation failed!
         1703830699.020 10432 10454 E qdgralloc: GetGpuResourceSizeAndDimensions Graphics metadata init failed
         1703830699.020 10432 10454 E Gralloc4: isSupported(1, 1, 59, 1, ...) failed with 1
         1703830699.020   663  8166 E qdgralloc: GetGpuPixelFormat: No map for format: 0x3b
         1703830699.020   663  8166 E AdrenoUtils: <validate_memory_layout_input_parmas:1923>: Unknown Format 0
         1703830699.020   663  8166 E AdrenoUtils: <adreno_init_memory_layout:4634>: Memory Layout input parameter validation failed!
         1703830699.020   663  8166 E qdgralloc: GetGpuResourceSizeAndDimensions Graphics metadata init failed
         1703830699.020 10432 10454 E GraphicBufferAllocator: Failed to allocate (4 x 4) layerCount 1 format 59 usage b00: 1
         1703830699.020 10432 10454 E AHardwareBuffer: GraphicBuffer(w=4, h=4, lc=1) failed (Unknown error -1), handle=0x0
         1703830699.020 10432 10454 E qdgralloc: GetGpuPixelFormat: No map for format: 0x38
         1703830699.020 10432 10454 E AdrenoUtils: <validate_memory_layout_input_parmas:1923>: Unknown Format 0
         1703830699.020 10432 10454 E AdrenoUtils: <adreno_init_memory_layout:4634>: Memory Layout input parameter validation failed!
         1703830699.020 10432 10454 E qdgralloc: GetGpuResourceSizeAndDimensions Graphics metadata init failed
         1703830699.020 10432 10454 E Gralloc4: isSupported(1, 1, 56, 1, ...) failed with 1
         1703830699.020   663  8166 E qdgralloc: GetGpuPixelFormat: No map for format: 0x38
         1703830699.021   663  8166 E AdrenoUtils: <validate_memory_layout_input_parmas:1923>: Unknown Format 0
         1703830699.021   663  8166 E AdrenoUtils: <adreno_init_memory_layout:4634>: Memory Layout input parameter validation failed!
         1703830699.021   663  8166 E qdgralloc: GetGpuResourceSizeAndDimensions Graphics metadata init failed
         1703830699.021 10432 10454 E GraphicBufferAllocator: Failed to allocate (4 x 4) layerCount 1 format 56 usage b00: 1
         1703830699.021 10432 10454 E AHardwareBuffer: GraphicBuffer(w=4, h=4, lc=1) failed (Unknown error -1), handle=0x0
         1703830699.021 10432 10454 E qdgralloc: GetGpuPixelFormat: No map for format: 0x3b
         1703830699.021 10432 10454 E AdrenoUtils: <validate_memory_layout_input_parmas:1923>: Unknown Format 0
         1703830699.021 10432 10454 E AdrenoUtils: <adreno_init_memory_layout:4634>: Memory Layout input parameter validation failed!
         1703830699.021 10432 10454 E qdgralloc: GetGpuResourceSizeAndDimensions Graphics metadata init failed
         1703830699.021 10432 10454 E Gralloc4: isSupported(1, 1, 59, 1, ...) failed with 1
         1703830699.021   663  8166 E qdgralloc: GetGpuPixelFormat: No map for format: 0x3b
         1703830699.021   663  8166 E AdrenoUtils: <validate_memory_layout_input_parmas:1923>: Unknown Format 0
         1703830699.021   663  8166 E AdrenoUtils: <adreno_init_memory_layout:4634>: Memory Layout input parameter validation failed!
         1703830699.021   663  8166 E qdgralloc: GetGpuResourceSizeAndDimensions Graphics metadata init failed
         1703830699.021 10432 10454 E GraphicBufferAllocator: Failed to allocate (4 x 4) layerCount 1 format 59 usage b00: 1
         1703830699.021 10432 10454 E AHardwareBuffer: GraphicBuffer(w=4, h=4, lc=1) failed (Unknown error -1), handle=0x0
         1703830699.053  1078  1264 I ASH     : @ 1570.434: tcs3701: stop power rail pending_off timer
         1703830699.053  1078  1264 D ASH     : @ 1570.434: tcs3701: start power rail timer, state:3
         1703830699.092 10466 10466 I dashscene-cpu: 10432 (.dashscene.demo) S 1038 1038 0 0 -1 1077936448 4968 0 0 0 11 6 0 0 10 -10 21 0 156739 15181926400 37321 18446744073709551615 1 1 0 0 0 0 4612 1 1073775864 0 0 0 17 7 0 0 0 0 0 0 0 0 0 0 0 0 0
         1703830699.092  1078  1264 I ASH     : @ 1570.474: tcs3701: stop power rail pending_off timer
         1703830699.093  1078  1264 D ASH     : @ 1570.474: tcs3701: start power rail timer, state:3
         1703830699.098  5681  5690 I putmethod.latin: JIT allocated 91KB for compiled code of boolean drz.a(ikb, java.lang.Object[])
         1703830699.098  5681  5690 I putmethod.latin: Compiler allocated 5079KB to compile boolean drz.a(ikb, java.lang.Object[])
         1703830699.132  1078  1264 I ASH     : @ 1570.514: tcs3701: stop power rail pending_off timer
         1703830699.133  1078  1264 D ASH     : @ 1570.514: tcs3701: start power rail timer, state:3
         1703830699.173  1078  1264 I ASH     : @ 1570.554: tcs3701: stop power rail pending_off timer
         1703830699.173  1078  1264 D ASH     : @ 1570.554: tcs3701: start power rail timer, state:3
         1703830699.211  2572  2596 V WindowManagerShell: Transition animation finished (aborted=false), notifying core (#44)android.os.BinderProxy@75518fc@0
         1703830699.213  1078  1264 I ASH     : @ 1570.594: tcs3701: stop power rail pending_off timer
         1703830699.213  1078  1264 D ASH     : @ 1570.594: tcs3701: start power rail timer, state:3
         1703830699.213  1845  2120 V WindowManager: Finish Transition #44: created at 12-29 07:18:18.873 collect-started=0.043ms request-sent=5.245ms started=6.479ms ready=31.028ms sent=35.609ms finished=339.506ms
         1703830699.215  2638  2638 I WallpaperService: engine paused
         1703830699.216  1078  1078 I sensors-hal: [hal]activate_physical_sensor:251, android.sensor.gyroscope/41 en=0
         1703830699.216  2572  2596 V WindowManagerShell: Track 0 became idle
         1703830699.216  2572  2596 V WindowManagerShell: All active transition animations finished
         1703830699.218  1078  1078 D Diag_Lib: diag: Diag_LSM_DeInit: invoked for pid: 1078
         1703830699.218  1078  1078 D Diag_Lib: diag: Diag_LSM_DeInit: done for pid: 1078
         1703830699.218  1078  1078 D Diag_Lib: diag: Diag_LSM_DeInit: invoked for pid: 1078
         1703830699.218  1078  1078 D Diag_Lib: diag: Diag_LSM_DeInit: done for pid: 1078
         1703830699.218  1078  1078 I sensors-hal: [hal]activate_physical_sensor:262, android.sensor.gyroscope/41 en=0 completed
         1703830699.236  3034  3082 I ImeTracker: com.google.android.apps.nexuslauncher:7b9644ee: onRequestHide at ORIGIN_CLIENT_HIDE_SOFT_INPUT reason HIDE_SOFT_INPUT
         1703830699.237  3034  3082 I ImeTracker: com.google.android.apps.nexuslauncher:7b9644ee: onFailed at PHASE_CLIENT_VIEW_SERVED
         1703830699.237  3034  4035 D OneSearchSuggestProvider: Shut down the binder channel
         1703830699.252  1078  1264 I ASH     : @ 1570.634: tcs3701: stop power rail pending_off timer
         1703830699.252  1078  1264 D ASH     : @ 1570.634: tcs3701: start power rail timer, state:3
         1703830699.282  2572  2604 W WindowOnBackDispatcher: sendCancelIfRunning: isInProgress=falsecallback=android.view.ViewRootImpl$$ExternalSyntheticLambda17@6746b01
         1703830699.283  1845  3829 D CoreBackPreview: Window{883dfda u0 Splash Screen dev.driftsys.dashscene.demo EXITING}: Setting back callback null
         1703830699.283  1845  6542 W InputManager-JNI: Input channel object '883dfda Splash Screen dev.driftsys.dashscene.demo (client)' was disposed without first being removed with the input manager!
         1703830699.292  1078  1264 I ASH     : @ 1570.674: tcs3701: stop power rail pending_off timer
         1703830699.293  1078  1264 D ASH     : @ 1570.674: tcs3701: start power rail timer, state:3
         1703830699.332  1078  1264 I ASH     : @ 1570.714: tcs3701: stop power rail pending_off timer
         1703830699.332  1078  1264 D ASH     : @ 1570.714: tcs3701: start power rail timer, state:3
         1703830699.373  1078  1264 I ASH     : @ 1570.754: tcs3701: stop power rail pending_off timer
         1703830699.373  1078  1264 D ASH     : @ 1570.754: tcs3701: start power rail timer, state:3
         1703830699.413  1078  1264 I ASH     : @ 1570.794: tcs3701: stop power rail pending_off timer
         1703830699.413  1078  1264 D ASH     : @ 1570.794: tcs3701: start power rail timer, state:3
         1703830699.420 10432 10454 E qdgralloc: GetGpuPixelFormat: No map for format: 0x38
         1703830699.420 10432 10454 E AdrenoUtils: <validate_memory_layout_input_parmas:1923>: Unknown Format 0
         1703830699.420 10432 10454 E AdrenoUtils: <adreno_init_memory_layout:4634>: Memory Layout input parameter validation failed!
         1703830699.420 10432 10454 E qdgralloc: GetGpuResourceSizeAndDimensions Graphics metadata init failed
         1703830699.420 10432 10454 E Gralloc4: isSupported(1, 1, 56, 1, ...) failed with 1
         1703830699.420   663  8166 E qdgralloc: GetGpuPixelFormat: No map for format: 0x38
         1703830699.420   663  8166 E AdrenoUtils: <validate_memory_layout_input_parmas:1923>: Unknown Format 0
         1703830699.420   663  8166 E AdrenoUtils: <adreno_init_memory_layout:4634>: Memory Layout input parameter validation failed!
         1703830699.420   663  8166 E qdgralloc: GetGpuResourceSizeAndDimensions Graphics metadata init failed
         1703830699.420 10432 10454 E GraphicBufferAllocator: Failed to allocate (4 x 4) layerCount 1 format 56 usage b00: 1
         1703830699.420 10432 10454 E AHardwareBuffer: GraphicBuffer(w=4, h=4, lc=1) failed (Unknown error -1), handle=0x0
         1703830699.420 10432 10454 E qdgralloc: GetGpuPixelFormat: No map for format: 0x3b
         1703830699.420 10432 10454 E AdrenoUtils: <validate_memory_layout_input_parmas:1923>: Unknown Format 0
         1703830699.420 10432 10454 E AdrenoUtils: <adreno_init_memory_layout:4634>: Memory Layout input parameter validation failed!
         1703830699.420 10432 10454 E qdgralloc: GetGpuResourceSizeAndDimensions Graphics metadata init failed
         1703830699.420 10432 10454 E Gralloc4: isSupported(1, 1, 59, 1, ...) failed with 1
         1703830699.420   663  8166 E qdgralloc: GetGpuPixelFormat: No map for format: 0x3b
         1703830699.420   663  8166 E AdrenoUtils: <validate_memory_layout_input_parmas:1923>: Unknown Format 0
         1703830699.420   663  8166 E AdrenoUtils: <adreno_init_memory_layout:4634>: Memory Layout input parameter validation failed!
         1703830699.420   663  8166 E qdgralloc: GetGpuResourceSizeAndDimensions Graphics metadata init failed
         1703830699.420 10432 10454 E GraphicBufferAllocator: Failed to allocate (4 x 4) layerCount 1 format 59 usage b00: 1
         1703830699.420 10432 10454 E AHardwareBuffer: GraphicBuffer(w=4, h=4, lc=1) failed (Unknown error -1), handle=0x0
         1703830699.421 10432 10454 E qdgralloc: GetGpuPixelFormat: No map for format: 0x38
         1703830699.421 10432 10454 E AdrenoUtils: <validate_memory_layout_input_parmas:1923>: Unknown Format 0
         1703830699.421 10432 10454 E AdrenoUtils: <adreno_init_memory_layout:4634>: Memory Layout input parameter validation failed!
         1703830699.421 10432 10454 E qdgralloc: GetGpuResourceSizeAndDimensions Graphics metadata init failed
         1703830699.421 10432 10454 E Gralloc4: isSupported(1, 1, 56, 1, ...) failed with 1
         1703830699.421   663  8166 E qdgralloc: GetGpuPixelFormat: No map for format: 0x38
         1703830699.421   663  8166 E AdrenoUtils: <validate_memory_layout_input_parmas:1923>: Unknown Format 0
         1703830699.421   663  8166 E AdrenoUtils: <adreno_init_memory_layout:4634>: Memory Layout input parameter validation failed!
         1703830699.421   663  8166 E qdgralloc: GetGpuResourceSizeAndDimensions Graphics metadata init failed
         1703830699.421 10432 10454 E GraphicBufferAllocator: Failed to allocate (4 x 4) layerCount 1 format 56 usage b00: 1
         1703830699.421 10432 10454 E AHardwareBuffer: GraphicBuffer(w=4, h=4, lc=1) failed (Unknown error -1), handle=0x0
         1703830699.421 10432 10454 E qdgralloc: GetGpuPixelFormat: No map for format: 0x3b
         1703830699.421 10432 10454 E AdrenoUtils: <validate_memory_layout_input_parmas:1923>: Unknown Format 0
         1703830699.421 10432 10454 E AdrenoUtils: <adreno_init_memory_layout:4634>: Memory Layout input parameter validation failed!
         1703830699.421 10432 10454 E qdgralloc: GetGpuResourceSizeAndDimensions Graphics metadata init failed
         1703830699.421 10432 10454 E Gralloc4: isSupported(1, 1, 59, 1, ...) failed with 1
         1703830699.421   663  8166 E qdgralloc: GetGpuPixelFormat: No map for format: 0x3b
         1703830699.421   663  8166 E AdrenoUtils: <validate_memory_layout_input_parmas:1923>: Unknown Format 0
         1703830699.421   663  8166 E AdrenoUtils: <adreno_init_memory_layout:4634>: Memory Layout input parameter validation failed!
         1703830699.421   663  8166 E qdgralloc: GetGpuResourceSizeAndDimensions Graphics metadata init failed
         1703830699.421 10432 10454 E GraphicBufferAllocator: Failed to allocate (4 x 4) layerCount 1 format 59 usage b00: 1
         1703830699.421 10432 10454 E AHardwareBuffer: GraphicBuffer(w=4, h=4, lc=1) failed (Unknown error -1), handle=0x0
         1703830699.422 10432 10454 I dashscene: dashscene-gpu (Adreno (TM) 620, Vulkan, Rgba8Unorm) — 2340x805, scene layout
         1703830699.438 10432 10454 I dashscene: attached a 2340x805 surface
         1703830699.440 10432 10454 I dashscene: first vsync callback
         1703830699.445 10432 10454 I dashscene: first frame
         1703830699.453  1078  1264 I ASH     : @ 1570.834: tcs3701: stop power rail pending_off timer
         1703830699.453  1078  1264 D ASH     : @ 1570.834: tcs3701: start power rail timer, state:3
         1703830699.493  1078  1264 I ASH     : @ 1570.874: tcs3701: stop power rail pending_off timer
         1703830699.493  1078  1264 D ASH     : @ 1570.874: tcs3701: start power rail timer, state:3
         1703830699.533  1078  1264 I ASH     : @ 1570.914: tcs3701: stop power rail pending_off timer
         1703830699.533  1078  1264 D ASH     : @ 1570.914: tcs3701: start power rail timer, state:3
         1703830699.573  1078  1264 I ASH     : @ 1570.954: tcs3701: stop power rail pending_off timer
         1703830699.573  1078  1264 D ASH     : @ 1570.954: tcs3701: start power rail timer, state:3
         1703830699.613  1078  1264 I ASH     : @ 1570.994: tcs3701: stop power rail pending_off timer
         1703830699.613  1078  1264 D ASH     : @ 1570.994: tcs3701: start power rail timer, state:3
         1703830699.632 10470 10470 I dashscene-cpu: 10432 (.dashscene.demo) S 1038 1038 0 0 -1 1077936448 7751 0 70 0 47 6 0 0 10 -10 21 0 156739 15227641856 40793 18446744073709551615 1 1 0 0 0 0 4612 1 1073775864 0 0 0 17 6 0 0 0 0 0 0 0 0 0 0 0 0 0
         1703830699.653  1078  1264 I ASH     : @ 1571.034: tcs3701: stop power rail pending_off timer
         1703830699.653  1078  1264 D ASH     : @ 1571.034: tcs3701: start power rail timer, state:3
         1703830699.693  1078  1264 I ASH     : @ 1571.074: tcs3701: stop power rail pending_off timer
         1703830699.693  1078  1264 D ASH     : @ 1571.074: tcs3701: start power rail timer, state:3
         1703830699.734  1078  1264 I ASH     : @ 1571.114: tcs3701: stop power rail pending_off timer
         1703830699.734  1078  1264 D ASH     : @ 1571.114: tcs3701: start power rail timer, state:3
         1703830699.774  1078  1264 I ASH     : @ 1571.154: tcs3701: stop power rail pending_off timer
         1703830699.774  1078  1264 D ASH     : @ 1571.154: tcs3701: start power rail timer, state:3
         1703830699.815  1078  1264 I ASH     : @ 1571.194: tcs3701: stop power rail pending_off timer
         1703830699.815  1078  1264 D ASH     : @ 1571.194: tcs3701: start power rail timer, state:3
         1703830699.854  1078  1264 I ASH     : @ 1571.234: tcs3701: stop power rail pending_off timer
         1703830699.854  1078  1264 D ASH     : @ 1571.234: tcs3701: start power rail timer, state:3
         1703830699.893  1078  1264 I ASH     : @ 1571.274: tcs3701: stop power rail pending_off timer
         1703830699.893  1078  1264 D ASH     : @ 1571.274: tcs3701: start power rail timer, state:3
         1703830699.935  1078  1264 I ASH     : @ 1571.314: tcs3701: stop power rail pending_off timer
         1703830699.935  1078  1264 D ASH     : @ 1571.314: tcs3701: start power rail timer, state:3
         1703830699.974  1078  1264 I ASH     : @ 1571.354: tcs3701: stop power rail pending_off timer
         1703830699.974  1078  1264 D ASH     : @ 1571.354: tcs3701: start power rail timer, state:3
         1703830700.013  1078  1264 I ASH     : @ 1571.394: tcs3701: stop power rail pending_off timer
         1703830700.013  1078  1264 D ASH     : @ 1571.394: tcs3701: start power rail timer, state:3
         1703830700.054  1078  1264 I ASH     : @ 1571.434: tcs3701: stop power rail pending_off timer
         1703830700.054  1078  1264 D ASH     : @ 1571.434: tcs3701: start power rail timer, state:3
         1703830700.093  1078  1264 I ASH     : @ 1571.474: tcs3701: stop power rail pending_off timer
         1703830700.093  1078  1264 D ASH     : @ 1571.474: tcs3701: start power rail timer, state:3
         1703830700.134  1078  1264 I ASH     : @ 1571.514: tcs3701: stop power rail pending_off timer
         1703830700.135  1078  1264 D ASH     : @ 1571.514: tcs3701: start power rail timer, state:3
         1703830700.162 10473 10473 I dashscene-cpu: 10432 (.dashscene.demo) S 1038 1038 0 0 -1 1077936448 7751 0 70 0 49 6 0 0 10 -10 21 0 156739 15227641856 40793 18446744073709551615 1 1 0 0 0 0 4612 1 1073775864 0 0 0 17 6 0 0 0 0 0 0 0 0 0 0 0 0 0
         1703830700.173  1078  1264 I ASH     : @ 1571.554: tcs3701: stop power rail pending_off timer
         1703830700.173  1078  1264 D ASH     : @ 1571.554: tcs3701: start power rail timer, state:3
         1703830700.213  1078  1264 I ASH     : @ 1571.594: tcs3701: stop power rail pending_off timer
         1703830700.213  1078  1264 D ASH     : @ 1571.594: tcs3701: start power rail timer, state:3
         1703830700.253  1078  1264 I ASH     : @ 1571.634: tcs3701: stop power rail pending_off timer
         1703830700.253  1078  1264 D ASH     : @ 1571.634: tcs3701: start power rail timer, state:3
         1703830700.293  1078  1264 I ASH     : @ 1571.674: tcs3701: stop power rail pending_off timer
         1703830700.293  1078  1264 D ASH     : @ 1571.674: tcs3701: start power rail timer, state:3
         1703830700.334  1078  1264 I ASH     : @ 1571.714: tcs3701: stop power rail pending_off timer
         1703830700.335  1078  1264 D ASH     : @ 1571.714: tcs3701: start power rail timer, state:3
         1703830700.375  1078  1264 I ASH     : @ 1571.754: tcs3701: stop power rail pending_off timer
         1703830700.375  1078  1264 D ASH     : @ 1571.754: tcs3701: start power rail timer, state:3
         1703830700.414  1078  1264 I ASH     : @ 1571.794: tcs3701: stop power rail pending_off timer
         1703830700.415  1078  1264 D ASH     : @ 1571.794: tcs3701: start power rail timer, state:3
         1703830700.455  1078  1264 I ASH     : @ 1571.834: tcs3701: stop power rail pending_off timer
         1703830700.455  1078  1264 D ASH     : @ 1571.834: tcs3701: start power rail timer, state:3
         1703830700.493  1078  1264 I ASH     : @ 1571.874: tcs3701: stop power rail pending_off timer
         1703830700.493  1078  1264 D ASH     : @ 1571.874: tcs3701: start power rail timer, state:3
         1703830700.535  1078  1264 I ASH     : @ 1571.914: tcs3701: stop power rail pending_off timer
         1703830700.535  1078  1264 D ASH     : @ 1571.914: tcs3701: start power rail timer, state:3
         1703830700.574  1078  1264 I ASH     : @ 1571.954: tcs3701: stop power rail pending_off timer
         1703830700.575  1078  1264 D ASH     : @ 1571.954: tcs3701: start power rail timer, state:3
         1703830700.614  1078  1264 I ASH     : @ 1571.994: tcs3701: stop power rail pending_off timer
         1703830700.615  1078  1264 D ASH     : @ 1571.994: tcs3701: start power rail timer, state:3
         1703830700.655  1078  1264 I ASH     : @ 1572.034: tcs3701: stop power rail pending_off timer
         1703830700.655  1078  1264 D ASH     : @ 1572.034: tcs3701: start power rail timer, state:3
         1703830700.693  1078  1264 I ASH     : @ 1572.074: tcs3701: stop power rail pending_off timer
         1703830700.693  1078  1264 D ASH     : @ 1572.074: tcs3701: start power rail timer, state:3
         1703830700.697 10476 10476 I dashscene-cpu: 10432 (.dashscene.demo) S 1038 1038 0 0 -1 1077936448 7751 0 70 0 51 7 0 0 10 -10 21 0 156739 15227641856 40793 18446744073709551615 1 1 0 0 0 0 4612 1 1073775864 0 0 0 17 6 0 0 0 0 0 0 0 0 0 0 0 0 0
         1703830700.734  1078  1264 I ASH     : @ 1572.114: tcs3701: stop power rail pending_off timer
         1703830700.735  1078  1264 D ASH     : @ 1572.114: tcs3701: start power rail timer, state:3
         1703830700.774  1078  1264 I ASH     : @ 1572.154: tcs3701: stop power rail pending_off timer
         1703830700.774  1078  1264 D ASH     : @ 1572.154: tcs3701: start power rail timer, state:3
         1703830700.814  1078  1264 I ASH     : @ 1572.194: tcs3701: stop power rail pending_off timer
         1703830700.815  1078  1264 D ASH     : @ 1572.194: tcs3701: start power rail timer, state:3
         1703830700.854  1078  1264 I ASH     : @ 1572.234: tcs3701: stop power rail pending_off timer
         1703830700.854  1078  1264 D ASH     : @ 1572.234: tcs3701: start power rail timer, state:3
         1703830700.893  1078  1264 I ASH     : @ 1572.274: tcs3701: stop power rail pending_off timer
         1703830700.893  1078  1264 D ASH     : @ 1572.274: tcs3701: start power rail timer, state:3
         1703830700.934  1078  1264 I ASH     : @ 1572.314: tcs3701: stop power rail pending_off timer
         1703830700.935  1078  1264 D ASH     : @ 1572.314: tcs3701: start power rail timer, state:3
         1703830700.973  1078  1264 I ASH     : @ 1572.354: tcs3701: stop power rail pending_off timer
         1703830700.974  1078  1264 D ASH     : @ 1572.354: tcs3701: start power rail timer, state:3
         1703830701.015  1078  1264 I ASH     : @ 1572.394: tcs3701: stop power rail pending_off timer
         1703830701.015  1078  1264 D ASH     : @ 1572.394: tcs3701: start power rail timer, state:3
         1703830701.054  1078  1264 I ASH     : @ 1572.434: tcs3701: stop power rail pending_off timer
         1703830701.055  1078  1264 D ASH     : @ 1572.434: tcs3701: start power rail timer, state:3
         1703830701.093  1078  1264 I ASH     : @ 1572.474: tcs3701: stop power rail pending_off timer
         1703830701.093  1078  1264 D ASH     : @ 1572.474: tcs3701: start power rail timer, state:3
         1703830701.134  1078  1264 I ASH     : @ 1572.514: tcs3701: stop power rail pending_off timer
         1703830701.135  1078  1264 D ASH     : @ 1572.514: tcs3701: start power rail timer, state:3
         1703830701.175  1078  1264 I ASH     : @ 1572.554: tcs3701: stop power rail pending_off timer
         1703830701.175  1078  1264 D ASH     : @ 1572.554: tcs3701: start power rail timer, state:3
         1703830701.213  1078  1264 I ASH     : @ 1572.594: tcs3701: stop power rail pending_off timer
         1703830701.213  1078  1264 D ASH     : @ 1572.594: tcs3701: start power rail timer, state:3
         1703830701.227 10479 10479 I dashscene-cpu: 10432 (.dashscene.demo) S 1038 1038 0 0 -1 1077936448 7751 0 70 0 53 7 0 0 10 -10 21 0 156739 15227641856 40793 18446744073709551615 1 1 0 0 0 0 4612 1 1073775864 0 0 0 17 6 0 0 0 0 0 0 0 0 0 0 0 0 0
         1703830701.253  1078  1264 I ASH     : @ 1572.634: tcs3701: stop power rail pending_off timer
         1703830701.253  1078  1264 D ASH     : @ 1572.634: tcs3701: start power rail timer, state:3
         1703830701.293  1078  1264 I ASH     : @ 1572.674: tcs3701: stop power rail pending_off timer
         1703830701.294  1078  1264 D ASH     : @ 1572.674: tcs3701: start power rail timer, state:3
         1703830701.334  1078  1264 I ASH     : @ 1572.714: tcs3701: stop power rail pending_off timer
         1703830701.335  1078  1264 D ASH     : @ 1572.714: tcs3701: start power rail timer, state:3
         1703830701.375  1078  1264 I ASH     : @ 1572.754: tcs3701: stop power rail pending_off timer
         1703830701.375  1078  1264 D ASH     : @ 1572.754: tcs3701: start power rail timer, state:3
         1703830701.415  1078  1264 I ASH     : @ 1572.794: tcs3701: stop power rail pending_off timer
         1703830701.415  1078  1264 D ASH     : @ 1572.794: tcs3701: start power rail timer, state:3
         1703830701.455  1078  1264 I ASH     : @ 1572.834: tcs3701: stop power rail pending_off timer
         1703830701.455  1078  1264 D ASH     : @ 1572.834: tcs3701: start power rail timer, state:3
         1703830701.493  1078  1264 I ASH     : @ 1572.874: tcs3701: stop power rail pending_off timer
         1703830701.494  1078  1264 D ASH     : @ 1572.874: tcs3701: start power rail timer, state:3
         1703830701.534  1078  1264 I ASH     : @ 1572.914: tcs3701: stop power rail pending_off timer
         1703830701.535  1078  1264 D ASH     : @ 1572.914: tcs3701: start power rail timer, state:3
         1703830701.574  1078  1264 I ASH     : @ 1572.954: tcs3701: stop power rail pending_off timer
         1703830701.575  1078  1264 D ASH     : @ 1572.954: tcs3701: start power rail timer, state:3
         1703830701.614  1078  1264 I ASH     : @ 1572.994: tcs3701: stop power rail pending_off timer
         1703830701.615  1078  1264 D ASH     : @ 1572.994: tcs3701: start power rail timer, state:3
         1703830701.654  1078  1264 I ASH     : @ 1573.034: tcs3701: stop power rail pending_off timer
         1703830701.655  1078  1264 D ASH     : @ 1573.034: tcs3701: start power rail timer, state:3
         1703830701.693  1078  1264 I ASH     : @ 1573.074: tcs3701: stop power rail pending_off timer
         1703830701.694  1078  1264 D ASH     : @ 1573.074: tcs3701: start power rail timer, state:3
         1703830701.734  1078  1264 I ASH     : @ 1573.114: tcs3701: stop power rail pending_off timer
         1703830701.734  1078  1264 D ASH     : @ 1573.114: tcs3701: start power rail timer, state:3
         1703830701.758 10482 10482 I dashscene-cpu: 10432 (.dashscene.demo) S 1038 1038 0 0 -1 1077936448 7751 0 70 0 54 9 0 0 10 -10 21 0 156739 15227641856 40793 18446744073709551615 1 1 0 0 0 0 4612 1 1073775864 0 0 0 17 6 0 0 0 0 0 0 0 0 0 0 0 0 0
         1703830701.773  1078  1264 I ASH     : @ 1573.154: tcs3701: stop power rail pending_off timer
         1703830701.773  1078  1264 D ASH     : @ 1573.154: tcs3701: start power rail timer, state:3
         1703830701.814  1078  1264 I ASH     : @ 1573.194: tcs3701: stop power rail pending_off timer
         1703830701.815  1078  1264 D ASH     : @ 1573.194: tcs3701: start power rail timer, state:3
         1703830701.854  1078  1264 I ASH     : @ 1573.234: tcs3701: stop power rail pending_off timer
         1703830701.855  1078  1264 D ASH     : @ 1573.234: tcs3701: start power rail timer, state:3
         1703830701.893  1078  1264 I ASH     : @ 1573.274: tcs3701: stop power rail pending_off timer
         1703830701.894  1078  1264 D ASH     : @ 1573.274: tcs3701: start power rail timer, state:3
         1703830701.934  1078  1264 I ASH     : @ 1573.314: tcs3701: stop power rail pending_off timer
         1703830701.934  1078  1264 D ASH     : @ 1573.314: tcs3701: start power rail timer, state:3
         1703830701.973  1078  1264 I ASH     : @ 1573.354: tcs3701: stop power rail pending_off timer
         1703830701.973  1078  1264 D ASH     : @ 1573.354: tcs3701: start power rail timer, state:3
         1703830702.013  1078  1264 I ASH     : @ 1573.394: tcs3701: stop power rail pending_off timer
         1703830702.013  1078  1264 D ASH     : @ 1573.394: tcs3701: start power rail timer, state:3
         1703830702.053  1078  1264 I ASH     : @ 1573.434: tcs3701: stop power rail pending_off timer
         1703830702.053  1078  1264 D ASH     : @ 1573.434: tcs3701: start power rail timer, state:3
         1703830702.093  1078  1264 I ASH     : @ 1573.474: tcs3701: stop power rail pending_off timer
         1703830702.093  1078  1264 D ASH     : @ 1573.474: tcs3701: start power rail timer, state:3
         1703830702.135  1078  1264 I ASH     : @ 1573.514: tcs3701: stop power rail pending_off timer
         1703830702.135  1078  1264 D ASH     : @ 1573.514: tcs3701: start power rail timer, state:3
         1703830702.174  1078  1264 I ASH     : @ 1573.554: tcs3701: stop power rail pending_off timer
         1703830702.174  1078  1264 D ASH     : @ 1573.554: tcs3701: start power rail timer, state:3
         1703830702.213  1078  1264 I ASH     : @ 1573.594: tcs3701: stop power rail pending_off timer
         1703830702.213  1078  1264 D ASH     : @ 1573.594: tcs3701: start power rail timer, state:3
         1703830702.255  1078  1264 I ASH     : @ 1573.634: tcs3701: stop power rail pending_off timer
         1703830702.255  1078  1264 D ASH     : @ 1573.634: tcs3701: start power rail timer, state:3
         1703830702.290 10485 10485 I dashscene-cpu: 10432 (.dashscene.demo) S 1038 1038 0 0 -1 1077936448 7886 0 70 0 56 11 0 0 10 -10 21 0 156739 15228559360 40883 18446744073709551615 1 1 0 0 0 0 4612 1 1073775864 0 0 0 17 6 0 0 0 0 0 0 0 0 0 0 0 0 0
         1703830702.293  1078  1264 I ASH     : @ 1573.674: tcs3701: stop power rail pending_off timer
         1703830702.293  1078  1264 D ASH     : @ 1573.674: tcs3701: start power rail timer, state:3
         1703830702.333  1078  1264 I ASH     : @ 1573.714: tcs3701: stop power rail pending_off timer
         1703830702.333  1078  1264 D ASH     : @ 1573.714: tcs3701: start power rail timer, state:3
         1703830702.374  1078  1264 I ASH     : @ 1573.754: tcs3701: stop power rail pending_off timer
         1703830702.375  1078  1264 D ASH     : @ 1573.754: tcs3701: start power rail timer, state:3
         1703830702.413  1078  1264 I ASH     : @ 1573.794: tcs3701: stop power rail pending_off timer
         1703830702.414  1078  1264 D ASH     : @ 1573.794: tcs3701: start power rail timer, state:3
         1703830702.454  1078  1264 I ASH     : @ 1573.834: tcs3701: stop power rail pending_off timer
         1703830702.455  1078  1264 D ASH     : @ 1573.834: tcs3701: start power rail timer, state:3
         1703830702.495  1078  1264 I ASH     : @ 1573.874: tcs3701: stop power rail pending_off timer
         1703830702.495  1078  1264 D ASH     : @ 1573.874: tcs3701: start power rail timer, state:3
         1703830702.535  1078  1264 I ASH     : @ 1573.914: tcs3701: stop power rail pending_off timer
         1703830702.535  1078  1264 D ASH     : @ 1573.914: tcs3701: start power rail timer, state:3
         1703830702.575  1078  1264 I ASH     : @ 1573.954: tcs3701: stop power rail pending_off timer
         1703830702.575  1078  1264 D ASH     : @ 1573.954: tcs3701: start power rail timer, state:3
         1703830702.613  1078  1264 I ASH     : @ 1573.994: tcs3701: stop power rail pending_off timer
         1703830702.614  1078  1264 D ASH     : @ 1573.994: tcs3701: start power rail timer, state:3
         1703830702.654  1078  1264 I ASH     : @ 1574.034: tcs3701: stop power rail pending_off timer
         1703830702.655  1078  1264 D ASH     : @ 1574.034: tcs3701: start power rail timer, state:3
         1703830702.695  1078  1264 I ASH     : @ 1574.074: tcs3701: stop power rail pending_off timer
         1703830702.695  1078  1264 D ASH     : @ 1574.074: tcs3701: start power rail timer, state:3
         1703830702.735  1078  1264 I ASH     : @ 1574.114: tcs3701: stop power rail pending_off timer
         1703830702.735  1078  1264 D ASH     : @ 1574.114: tcs3701: start power rail timer, state:3
         1703830702.774  1078  1264 I ASH     : @ 1574.154: tcs3701: stop power rail pending_off timer
         1703830702.774  1078  1264 D ASH     : @ 1574.154: tcs3701: start power rail timer, state:3
         1703830702.813  1078  1264 I ASH     : @ 1574.194: tcs3701: stop power rail pending_off timer
         1703830702.813  1078  1264 D ASH     : @ 1574.194: tcs3701: start power rail timer, state:3
         1703830702.820 10488 10488 I dashscene-cpu: 10432 (.dashscene.demo) S 1038 1038 0 0 -1 1077936448 7886 0 70 0 56 13 0 0 10 -10 21 0 156739 15228559360 40883 18446744073709551615 1 1 0 0 0 0 4612 1 1073775864 0 0 0 17 6 0 0 0 0 0 0 0 0 0 0 0 0 0
         1703830702.853  1078  1264 I ASH     : @ 1574.234: tcs3701: stop power rail pending_off timer
         1703830702.853  1078  1264 D ASH     : @ 1574.234: tcs3701: start power rail timer, state:3
         1703830702.893  1078  1264 I ASH     : @ 1574.274: tcs3701: stop power rail pending_off timer
         1703830702.893  1078  1264 D ASH     : @ 1574.274: tcs3701: start power rail timer, state:3
         1703830702.933  1078  1264 I ASH     : @ 1574.314: tcs3701: stop power rail pending_off timer
         1703830702.933  1078  1264 D ASH     : @ 1574.314: tcs3701: start power rail timer, state:3
         1703830702.974  1078  1264 I ASH     : @ 1574.354: tcs3701: stop power rail pending_off timer
         1703830702.974  1078  1264 D ASH     : @ 1574.354: tcs3701: start power rail timer, state:3
         1703830703.013  1078  1264 I ASH     : @ 1574.394: tcs3701: stop power rail pending_off timer
         1703830703.013  1078  1264 D ASH     : @ 1574.394: tcs3701: start power rail timer, state:3
         1703830703.054  1078  1264 I ASH     : @ 1574.434: tcs3701: stop power rail pending_off timer
         1703830703.055  1078  1264 D ASH     : @ 1574.434: tcs3701: start power rail timer, state:3
         1703830703.094  1078  1264 I ASH     : @ 1574.474: tcs3701: stop power rail pending_off timer
         1703830703.095  1078  1264 D ASH     : @ 1574.474: tcs3701: start power rail timer, state:3
         1703830703.135  1078  1264 I ASH     : @ 1574.514: tcs3701: stop power rail pending_off timer
         1703830703.135  1078  1264 D ASH     : @ 1574.514: tcs3701: start power rail timer, state:3
         1703830703.174  1078  1264 I ASH     : @ 1574.554: tcs3701: stop power rail pending_off timer
         1703830703.174  1078  1264 D ASH     : @ 1574.554: tcs3701: start power rail timer, state:3
         1703830703.213  1078  1264 I ASH     : @ 1574.594: tcs3701: stop power rail pending_off timer
         1703830703.214  1078  1264 D ASH     : @ 1574.594: tcs3701: start power rail timer, state:3
         1703830703.254  1078  1264 I ASH     : @ 1574.634: tcs3701: stop power rail pending_off timer
         1703830703.254  1078  1264 D ASH     : @ 1574.634: tcs3701: start power rail timer, state:3
         1703830703.294  1078  1264 I ASH     : @ 1574.674: tcs3701: stop power rail pending_off timer
         1703830703.295  1078  1264 D ASH     : @ 1574.674: tcs3701: start power rail timer, state:3
         1703830703.333  1078  1264 I ASH     : @ 1574.714: tcs3701: stop power rail pending_off timer
         1703830703.333  1078  1264 D ASH     : @ 1574.714: tcs3701: start power rail timer, state:3
         1703830703.352 10491 10491 I dashscene-cpu: 10432 (.dashscene.demo) S 1038 1038 0 0 -1 1077936448 7886 0 70 0 56 15 0 0 10 -10 21 0 156739 15228559360 40883 18446744073709551615 1 1 0 0 0 0 4612 1 1073775864 0 0 0 17 6 0 0 0 0 0 0 0 0 0 0 0 0 0
         1703830703.373  1078  1264 I ASH     : @ 1574.754: tcs3701: stop power rail pending_off timer
         1703830703.373  1078  1264 D ASH     : @ 1574.754: tcs3701: start power rail timer, state:3
         1703830703.413  1078  1264 I ASH     : @ 1574.794: tcs3701: stop power rail pending_off timer
         1703830703.413  1078  1264 D ASH     : @ 1574.794: tcs3701: start power rail timer, state:3
         1703830703.448 10432 10454 I dashscene: 240 frames over 240 vsyncs
         1703830703.454  1078  1264 I ASH     : @ 1574.834: tcs3701: stop power rail pending_off timer
         1703830703.455  1078  1264 D ASH     : @ 1574.834: tcs3701: start power rail timer, state:3
         1703830703.494  1078  1264 I ASH     : @ 1574.874: tcs3701: stop power rail pending_off timer
         1703830703.495  1078  1264 D ASH     : @ 1574.874: tcs3701: start power rail timer, state:3
         1703830703.535  1078  1264 I ASH     : @ 1574.914: tcs3701: stop power rail pending_off timer
         1703830703.535  1078  1264 D ASH     : @ 1574.914: tcs3701: start power rail timer, state:3
         1703830703.574  1078  1264 I ASH     : @ 1574.954: tcs3701: stop power rail pending_off timer
         1703830703.574  1078  1264 D ASH     : @ 1574.954: tcs3701: start power rail timer, state:3
         1703830703.613  1078  1264 I ASH     : @ 1574.994: tcs3701: stop power rail pending_off timer
         1703830703.613  1078  1264 D ASH     : @ 1574.994: tcs3701: start power rail timer, state:3
         1703830703.653  1078  1264 I ASH     : @ 1575.034: tcs3701: stop power rail pending_off timer
         1703830703.653  1078  1264 D ASH     : @ 1575.034: tcs3701: start power rail timer, state:3
         1703830703.694  1078  1264 I ASH     : @ 1575.074: tcs3701: stop power rail pending_off timer
         1703830703.694  1078  1264 D ASH     : @ 1575.074: tcs3701: start power rail timer, state:3
         1703830703.734  1078  1264 I ASH     : @ 1575.114: tcs3701: stop power rail pending_off timer
         1703830703.735  1078  1264 D ASH     : @ 1575.114: tcs3701: start power rail timer, state:3
         1703830703.774  1078  1264 I ASH     : @ 1575.154: tcs3701: stop power rail pending_off timer
         1703830703.774  1078  1264 D ASH     : @ 1575.154: tcs3701: start power rail timer, state:3
         1703830703.813  1078  1264 I ASH     : @ 1575.194: tcs3701: stop power rail pending_off timer
         1703830703.813  1078  1264 D ASH     : @ 1575.194: tcs3701: start power rail timer, state:3
         1703830703.854  1078  1264 I ASH     : @ 1575.234: tcs3701: stop power rail pending_off timer
         1703830703.854  1078  1264 D ASH     : @ 1575.234: tcs3701: start power rail timer, state:3
         1703830703.884 10494 10494 I dashscene-cpu: 10432 (.dashscene.demo) S 1038 1038 0 0 -1 1077936448 7886 0 70 0 56 17 0 0 10 -10 21 0 156739 15228559360 40883 18446744073709551615 1 1 0 0 0 0 4612 1 1073775864 0 0 0 17 6 0 0 0 0 0 0 0 0 0 0 0 0 0
         1703830703.893  1078  1264 I ASH     : @ 1575.274: tcs3701: stop power rail pending_off timer
         1703830703.893  1078  1264 D ASH     : @ 1575.274: tcs3701: start power rail timer, state:3
         1703830703.933  1078  1264 I ASH     : @ 1575.314: tcs3701: stop power rail pending_off timer
         1703830703.933  1078  1264 D ASH     : @ 1575.314: tcs3701: start power rail timer, state:3
         1703830703.975  1078  1264 I ASH     : @ 1575.354: tcs3701: stop power rail pending_off timer
         1703830703.975  1078  1264 D ASH     : @ 1575.354: tcs3701: start power rail timer, state:3
         1703830704.013  1078  1264 I ASH     : @ 1575.394: tcs3701: stop power rail pending_off timer
         1703830704.014  1078  1264 D ASH     : @ 1575.394: tcs3701: start power rail timer, state:3
         1703830704.054  1078  1264 I ASH     : @ 1575.434: tcs3701: stop power rail pending_off timer
         1703830704.055  1078  1264 D ASH     : @ 1575.434: tcs3701: start power rail timer, state:3
         1703830704.094  1078  1264 I ASH     : @ 1575.474: tcs3701: stop power rail pending_off timer
         1703830704.095  1078  1264 D ASH     : @ 1575.474: tcs3701: start power rail timer, state:3
         1703830704.133  1078  1264 I ASH     : @ 1575.514: tcs3701: stop power rail pending_off timer
         1703830704.133  1078  1264 D ASH     : @ 1575.514: tcs3701: start power rail timer, state:3
         1703830704.173  1078  1264 I ASH     : @ 1575.554: tcs3701: stop power rail pending_off timer
         1703830704.173  1078  1264 D ASH     : @ 1575.554: tcs3701: start power rail timer, state:3
         1703830704.213  1078  1264 I ASH     : @ 1575.594: tcs3701: stop power rail pending_off timer
         1703830704.214  1078  1264 D ASH     : @ 1575.594: tcs3701: start power rail timer, state:3
         1703830704.255  1078  1264 I ASH     : @ 1575.634: tcs3701: stop power rail pending_off timer
         1703830704.255  1078  1264 D ASH     : @ 1575.634: tcs3701: start power rail timer, state:3
         1703830704.294  1078  1264 I ASH     : @ 1575.674: tcs3701: stop power rail pending_off timer
         1703830704.295  1078  1264 D ASH     : @ 1575.674: tcs3701: start power rail timer, state:3
         1703830704.333  1078  1264 I ASH     : @ 1575.714: tcs3701: stop power rail pending_off timer
         1703830704.334  1078  1264 D ASH     : @ 1575.714: tcs3701: start power rail timer, state:3
         1703830704.375  1078  1264 I ASH     : @ 1575.754: tcs3701: stop power rail pending_off timer
         1703830704.375  1078  1264 D ASH     : @ 1575.754: tcs3701: start power rail timer, state:3
         1703830704.413  1078  1264 I ASH     : @ 1575.794: tcs3701: stop power rail pending_off timer
         1703830704.413  1078  1264 D ASH     : @ 1575.794: tcs3701: start power rail timer, state:3
         1703830704.414 10500 10500 I dashscene-cpu: 10432 (.dashscene.demo) S 1038 1038 0 0 -1 1077936448 7916 0 70 0 58 18 0 0 10 -10 17 0 156739 15161073664 41027 18446744073709551615 1 1 0 0 0 0 4612 1 1073775864 0 0 0 17 6 0 0 0 0 0 0 0 0 0 0 0 0 0
         1703830704.453  1078  1264 I ASH     : @ 1575.834: tcs3701: stop power rail pending_off timer
         1703830704.453  1078  1264 D ASH     : @ 1575.834: tcs3701: start power rail timer, state:3
         1703830704.493  1078  1264 I ASH     : @ 1575.874: tcs3701: stop power rail pending_off timer
         1703830704.494  1078  1264 D ASH     : @ 1575.874: tcs3701: start power rail timer, state:3
         1703830704.533  1078  1264 I ASH     : @ 1575.914: tcs3701: stop power rail pending_off timer
         1703830704.533  1078  1264 D ASH     : @ 1575.914: tcs3701: start power rail timer, state:3
         1703830704.573  1078  1264 I ASH     : @ 1575.954: tcs3701: stop power rail pending_off timer
         1703830704.573  1078  1264 D ASH     : @ 1575.954: tcs3701: start power rail timer, state:3
         1703830704.613  1078  1264 I ASH     : @ 1575.994: tcs3701: stop power rail pending_off timer
         1703830704.613  1078  1264 D ASH     : @ 1575.994: tcs3701: start power rail timer, state:3
         1703830704.653  1078  1264 I ASH     : @ 1576.034: tcs3701: stop power rail pending_off timer
         1703830704.653  1078  1264 D ASH     : @ 1576.034: tcs3701: start power rail timer, state:3
         1703830704.693  1078  1264 I ASH     : @ 1576.074: tcs3701: stop power rail pending_off timer
         1703830704.693  1078  1264 D ASH     : @ 1576.074: tcs3701: start power rail timer, state:3
         1703830704.733  1078  1264 I ASH     : @ 1576.114: tcs3701: stop power rail pending_off timer
         1703830704.733  1078  1264 D ASH     : @ 1576.114: tcs3701: start power rail timer, state:3
         1703830704.773  1078  1264 I ASH     : @ 1576.154: tcs3701: stop power rail pending_off timer
         1703830704.773  1078  1264 D ASH     : @ 1576.154: tcs3701: start power rail timer, state:3
         1703830704.813  1078  1264 I ASH     : @ 1576.194: tcs3701: stop power rail pending_off timer
         1703830704.813  1078  1264 D ASH     : @ 1576.194: tcs3701: start power rail timer, state:3
         1703830704.853  1078  1264 I ASH     : @ 1576.234: tcs3701: stop power rail pending_off timer
         1703830704.853  1078  1264 D ASH     : @ 1576.234: tcs3701: start power rail timer, state:3
         1703830704.893  1078  1264 I ASH     : @ 1576.274: tcs3701: stop power rail pending_off timer
         1703830704.893  1078  1264 D ASH     : @ 1576.274: tcs3701: start power rail timer, state:3
         1703830704.933  1078  1264 I ASH     : @ 1576.314: tcs3701: stop power rail pending_off timer
         1703830704.933  1078  1264 D ASH     : @ 1576.314: tcs3701: start power rail timer, state:3
         1703830704.945 10504 10504 I dashscene-cpu: 10432 (.dashscene.demo) S 1038 1038 0 0 -1 1077936448 8019 0 70 0 76 21 0 0 10 -10 18 0 156739 15178944512 40907 18446744073709551615 1 1 0 0 0 0 4612 1 1073775864 0 0 0 17 6 0 0 0 0 0 0 0 0 0 0 0 0 0
         1703830704.973  1078  1264 I ASH     : @ 1576.354: tcs3701: stop power rail pending_off timer
         1703830704.973  1078  1264 D ASH     : @ 1576.354: tcs3701: start power rail timer, state:3
         1703830705.013  1078  1264 I ASH     : @ 1576.394: tcs3701: stop power rail pending_off timer
         1703830705.013  1078  1264 D ASH     : @ 1576.394: tcs3701: start power rail timer, state:3
         1703830705.053  1078  1264 I ASH     : @ 1576.434: tcs3701: stop power rail pending_off timer
         1703830705.053  1078  1264 D ASH     : @ 1576.434: tcs3701: start power rail timer, state:3
         1703830705.093  1078  1264 I ASH     : @ 1576.474: tcs3701: stop power rail pending_off timer
         1703830705.093  1078  1264 D ASH     : @ 1576.474: tcs3701: start power rail timer, state:3
         1703830705.133  1078  1264 I ASH     : @ 1576.514: tcs3701: stop power rail pending_off timer
         1703830705.133  1078  1264 D ASH     : @ 1576.514: tcs3701: start power rail timer, state:3
         1703830705.173  1078  1264 I ASH     : @ 1576.554: tcs3701: stop power rail pending_off timer
         1703830705.173  1078  1264 D ASH     : @ 1576.554: tcs3701: start power rail timer, state:3
         1703830705.213  1078  1264 I ASH     : @ 1576.594: tcs3701: stop power rail pending_off timer
         1703830705.213  1078  1264 D ASH     : @ 1576.594: tcs3701: start power rail timer, state:3
         1703830705.253  1078  1264 I ASH     : @ 1576.634: tcs3701: stop power rail pending_off timer
         1703830705.253  1078  1264 D ASH     : @ 1576.634: tcs3701: start power rail timer, state:3
         1703830705.293  1078  1264 I ASH     : @ 1576.674: tcs3701: stop power rail pending_off timer
         1703830705.293  1078  1264 D ASH     : @ 1576.674: tcs3701: start power rail timer, state:3
         1703830705.333  1078  1264 I ASH     : @ 1576.714: tcs3701: stop power rail pending_off timer
         1703830705.333  1078  1264 D ASH     : @ 1576.714: tcs3701: start power rail timer, state:3
         1703830705.373  1078  1264 I ASH     : @ 1576.754: tcs3701: stop power rail pending_off timer
         1703830705.373  1078  1264 D ASH     : @ 1576.754: tcs3701: start power rail timer, state:3
         1703830705.413  1078  1264 I ASH     : @ 1576.794: tcs3701: stop power rail pending_off timer
         1703830705.413  1078  1264 D ASH     : @ 1576.794: tcs3701: start power rail timer, state:3
         1703830705.453  1078  1264 I ASH     : @ 1576.834: tcs3701: stop power rail pending_off timer
         1703830705.453  1078  1264 D ASH     : @ 1576.834: tcs3701: start power rail timer, state:3
         1703830705.476 10507 10507 I dashscene-cpu: 10432 (.dashscene.demo) S 1038 1038 0 0 -1 1077936448 8115 0 70 0 94 24 0 0 10 -10 18 0 156739 15178944512 40907 18446744073709551615 1 1 0 0 0 0 4612 1 1073775864 0 0 0 17 6 0 0 0 0 0 0 0 0 0 0 0 0 0
         1703830705.493  1078  1264 I ASH     : @ 1576.874: tcs3701: stop power rail pending_off timer
         1703830705.493  1078  1264 D ASH     : @ 1576.874: tcs3701: start power rail timer, state:3
         1703830705.533  1078  1264 I ASH     : @ 1576.914: tcs3701: stop power rail pending_off timer
         1703830705.533  1078  1264 D ASH     : @ 1576.914: tcs3701: start power rail timer, state:3
         1703830705.573  1078  1264 I ASH     : @ 1576.954: tcs3701: stop power rail pending_off timer
         1703830705.573  1078  1264 D ASH     : @ 1576.954: tcs3701: start power rail timer, state:3
         1703830705.613  1078  1264 I ASH     : @ 1576.994: tcs3701: stop power rail pending_off timer
         1703830705.613  1078  1264 D ASH     : @ 1576.994: tcs3701: start power rail timer, state:3
         1703830705.653  1078  1264 I ASH     : @ 1577.034: tcs3701: stop power rail pending_off timer
         1703830705.653  1078  1264 D ASH     : @ 1577.034: tcs3701: start power rail timer, state:3
         1703830705.693  1078  1264 I ASH     : @ 1577.074: tcs3701: stop power rail pending_off timer
         1703830705.693  1078  1264 D ASH     : @ 1577.074: tcs3701: start power rail timer, state:3
         1703830705.733  1078  1264 I ASH     : @ 1577.114: tcs3701: stop power rail pending_off timer
         1703830705.733  1078  1264 D ASH     : @ 1577.114: tcs3701: start power rail timer, state:3
         1703830705.773  1078  1264 I ASH     : @ 1577.154: tcs3701: stop power rail pending_off timer
         1703830705.774  1078  1264 D ASH     : @ 1577.154: tcs3701: start power rail timer, state:3
         1703830705.813  1078  1264 I ASH     : @ 1577.194: tcs3701: stop power rail pending_off timer
         1703830705.813  1078  1264 D ASH     : @ 1577.194: tcs3701: start power rail timer, state:3
         1703830705.853  1078  1264 I ASH     : @ 1577.234: tcs3701: stop power rail pending_off timer
         1703830705.853  1078  1264 D ASH     : @ 1577.234: tcs3701: start power rail timer, state:3
         1703830705.893  1078  1264 I ASH     : @ 1577.274: tcs3701: stop power rail pending_off timer
         1703830705.893  1078  1264 D ASH     : @ 1577.274: tcs3701: start power rail timer, state:3
         1703830705.933  1078  1264 I ASH     : @ 1577.314: tcs3701: stop power rail pending_off timer
         1703830705.933  1078  1264 D ASH     : @ 1577.314: tcs3701: start power rail timer, state:3
         1703830705.973  1078  1264 I ASH     : @ 1577.354: tcs3701: stop power rail pending_off timer
         1703830705.973  1078  1264 D ASH     : @ 1577.354: tcs3701: start power rail timer, state:3
         1703830706.007 10510 10510 I dashscene-cpu: 10432 (.dashscene.demo) S 1038 1038 0 0 -1 1077936448 8199 0 70 0 111 26 0 0 10 -10 18 0 156739 15178944512 40907 18446744073709551615 1 1 0 0 0 0 4612 1 1073775864 0 0 0 17 6 0 0 0 0 0 0 0 0 0 0 0 0 0
         1703830706.013  1078  1264 I ASH     : @ 1577.394: tcs3701: stop power rail pending_off timer
         1703830706.013  1078  1264 D ASH     : @ 1577.394: tcs3701: start power rail timer, state:3
         1703830706.053  1078  1264 I ASH     : @ 1577.434: tcs3701: stop power rail pending_off timer
         1703830706.053  1078  1264 D ASH     : @ 1577.434: tcs3701: start power rail timer, state:3
         1703830706.093  1078  1264 I ASH     : @ 1577.474: tcs3701: stop power rail pending_off timer
         1703830706.093  1078  1264 D ASH     : @ 1577.474: tcs3701: start power rail timer, state:3
         1703830706.134  1078  1264 I ASH     : @ 1577.514: tcs3701: stop power rail pending_off timer
         1703830706.134  1078  1264 D ASH     : @ 1577.514: tcs3701: start power rail timer, state:3
         1703830706.174  1078  1264 I ASH     : @ 1577.554: tcs3701: stop power rail pending_off timer
         1703830706.175  1078  1264 D ASH     : @ 1577.554: tcs3701: start power rail timer, state:3
         1703830706.214  1078  1264 I ASH     : @ 1577.594: tcs3701: stop power rail pending_off timer
         1703830706.215  1078  1264 D ASH     : @ 1577.594: tcs3701: start power rail timer, state:3
         1703830706.253  1078  1264 I ASH     : @ 1577.634: tcs3701: stop power rail pending_off timer
         1703830706.253  1078  1264 D ASH     : @ 1577.634: tcs3701: start power rail timer, state:3
         1703830706.294  1078  1264 I ASH     : @ 1577.674: tcs3701: stop power rail pending_off timer
         1703830706.295  1078  1264 D ASH     : @ 1577.674: tcs3701: start power rail timer, state:3
         1703830706.333  1078  1264 I ASH     : @ 1577.714: tcs3701: stop power rail pending_off timer
         1703830706.333  1078  1264 D ASH     : @ 1577.714: tcs3701: start power rail timer, state:3
         1703830706.374  1078  1264 I ASH     : @ 1577.754: tcs3701: stop power rail pending_off timer
         1703830706.375  1078  1264 D ASH     : @ 1577.754: tcs3701: start power rail timer, state:3
         1703830706.414  1078  1264 I ASH     : @ 1577.794: tcs3701: stop power rail pending_off timer
         1703830706.415  1078  1264 D ASH     : @ 1577.794: tcs3701: start power rail timer, state:3
         1703830706.455  1078  1264 I ASH     : @ 1577.834: tcs3701: stop power rail pending_off timer
         1703830706.455  1078  1264 D ASH     : @ 1577.834: tcs3701: start power rail timer, state:3
         1703830706.495  1078  1264 I ASH     : @ 1577.874: tcs3701: stop power rail pending_off timer
         1703830706.495  1078  1264 D ASH     : @ 1577.874: tcs3701: start power rail timer, state:3
         1703830706.533  1078  1264 I ASH     : @ 1577.914: tcs3701: stop power rail pending_off timer
         1703830706.533  1078  1264 D ASH     : @ 1577.914: tcs3701: start power rail timer, state:3
         1703830706.542 10513 10513 I dashscene-cpu: 10432 (.dashscene.demo) S 1038 1038 0 0 -1 1077936448 8199 0 70 0 111 28 0 0 10 -10 18 0 156739 15178944512 40907 18446744073709551615 1 1 0 0 0 0 4612 1 1073775864 0 0 0 17 6 0 0 0 0 0 0 0 0 0 0 0 0 0
         1703830706.573  1078  1264 I ASH     : @ 1577.954: tcs3701: stop power rail pending_off timer
         1703830706.573  1078  1264 D ASH     : @ 1577.954: tcs3701: start power rail timer, state:3
         1703830706.614  1078  1264 I ASH     : @ 1577.994: tcs3701: stop power rail pending_off timer
         1703830706.615  1078  1264 D ASH     : @ 1577.994: tcs3701: start power rail timer, state:3
         1703830706.655  1078  1264 I ASH     : @ 1578.034: tcs3701: stop power rail pending_off timer
         1703830706.655  1078  1264 D ASH     : @ 1578.034: tcs3701: start power rail timer, state:3
         1703830706.694  1078  1264 I ASH     : @ 1578.074: tcs3701: stop power rail pending_off timer
         1703830706.694  1078  1264 D ASH     : @ 1578.074: tcs3701: start power rail timer, state:3
         1703830706.733  1078  1264 I ASH     : @ 1578.114: tcs3701: stop power rail pending_off timer
         1703830706.733  1078  1264 D ASH     : @ 1578.114: tcs3701: start power rail timer, state:3
         1703830706.774  1078  1264 I ASH     : @ 1578.154: tcs3701: stop power rail pending_off timer
         1703830706.775  1078  1264 D ASH     : @ 1578.154: tcs3701: start power rail timer, state:3
         1703830706.814  1078  1264 I ASH     : @ 1578.194: tcs3701: stop power rail pending_off timer
         1703830706.815  1078  1264 D ASH     : @ 1578.194: tcs3701: start power rail timer, state:3
         1703830706.853  1078  1264 I ASH     : @ 1578.234: tcs3701: stop power rail pending_off timer
         1703830706.853  1078  1264 D ASH     : @ 1578.234: tcs3701: start power rail timer, state:3
         1703830706.895  1078  1264 I ASH     : @ 1578.274: tcs3701: stop power rail pending_off timer
         1703830706.895  1078  1264 D ASH     : @ 1578.274: tcs3701: start power rail timer, state:3
         1703830706.934  1078  1264 I ASH     : @ 1578.314: tcs3701: stop power rail pending_off timer
         1703830706.934  1078  1264 D ASH     : @ 1578.314: tcs3701: start power rail timer, state:3
         1703830706.973  1078  1264 I ASH     : @ 1578.354: tcs3701: stop power rail pending_off timer
         1703830706.973  1078  1264 D ASH     : @ 1578.354: tcs3701: start power rail timer, state:3
         1703830707.013  1078  1264 I ASH     : @ 1578.394: tcs3701: stop power rail pending_off timer
         1703830707.013  1078  1264 D ASH     : @ 1578.394: tcs3701: start power rail timer, state:3
         1703830707.053  1078  1264 I ASH     : @ 1578.434: tcs3701: stop power rail pending_off timer
         1703830707.053  1078  1264 D ASH     : @ 1578.434: tcs3701: start power rail timer, state:3
         1703830707.073 10516 10516 I dashscene-cpu: 10432 (.dashscene.demo) S 1038 1038 0 0 -1 1077936448 8203 0 70 0 114 29 0 0 10 -10 18 0 156739 15178944512 40907 18446744073709551615 1 1 0 0 0 0 4612 1 1073775864 0 0 0 17 6 0 0 0 0 0 0 0 0 0 0 0 0 0
         1703830707.093  1078  1264 I ASH     : @ 1578.474: tcs3701: stop power rail pending_off timer
         1703830707.093  1078  1264 D ASH     : @ 1578.474: tcs3701: start power rail timer, state:3
         1703830707.133  1078  1264 I ASH     : @ 1578.514: tcs3701: stop power rail pending_off timer
         1703830707.133  1078  1264 D ASH     : @ 1578.514: tcs3701: start power rail timer, state:3
         1703830707.174  1078  1264 I ASH     : @ 1578.554: tcs3701: stop power rail pending_off timer
         1703830707.174  1078  1264 D ASH     : @ 1578.554: tcs3701: start power rail timer, state:3
         1703830707.214  1078  1264 I ASH     : @ 1578.594: tcs3701: stop power rail pending_off timer
         1703830707.215  1078  1264 D ASH     : @ 1578.594: tcs3701: start power rail timer, state:3
         1703830707.253  1078  1264 I ASH     : @ 1578.634: tcs3701: stop power rail pending_off timer
         1703830707.253  1078  1264 D ASH     : @ 1578.634: tcs3701: start power rail timer, state:3
         1703830707.295  1078  1264 I ASH     : @ 1578.674: tcs3701: stop power rail pending_off timer
         1703830707.295  1078  1264 D ASH     : @ 1578.674: tcs3701: start power rail timer, state:3
         1703830707.334  1078  1264 I ASH     : @ 1578.714: tcs3701: stop power rail pending_off timer
         1703830707.334  1078  1264 D ASH     : @ 1578.714: tcs3701: start power rail timer, state:3
         1703830707.375  1078  1264 I ASH     : @ 1578.754: tcs3701: stop power rail pending_off timer
         1703830707.375  1078  1264 D ASH     : @ 1578.754: tcs3701: start power rail timer, state:3
         1703830707.415  1078  1264 I ASH     : @ 1578.794: tcs3701: stop power rail pending_off timer
         1703830707.415  1078  1264 D ASH     : @ 1578.794: tcs3701: start power rail timer, state:3
         1703830707.453  1078  1264 I ASH     : @ 1578.834: tcs3701: stop power rail pending_off timer
         1703830707.453  1078  1264 D ASH     : @ 1578.834: tcs3701: start power rail timer, state:3
         1703830707.484 10432 10454 I dashscene: 480 frames over 480 vsyncs
         1703830707.495  1078  1264 I ASH     : @ 1578.874: tcs3701: stop power rail pending_off timer
         1703830707.495  1078  1264 D ASH     : @ 1578.874: tcs3701: start power rail timer, state:3
         1703830707.534  1078  1264 I ASH     : @ 1578.914: tcs3701: stop power rail pending_off timer
         1703830707.534  1078  1264 D ASH     : @ 1578.914: tcs3701: start power rail timer, state:3
         1703830707.574  1078  1264 I ASH     : @ 1578.954: tcs3701: stop power rail pending_off timer
         1703830707.575  1078  1264 D ASH     : @ 1578.954: tcs3701: start power rail timer, state:3
         1703830707.607 10519 10519 I dashscene-cpu: 10432 (.dashscene.demo) S 1038 1038 0 0 -1 1077936448 8203 0 70 0 115 30 0 0 10 -10 18 0 156739 15178944512 40907 18446744073709551615 1 1 0 0 0 0 4612 1 1073775864 0 0 0 17 6 0 0 0 0 0 0 0 0 0 0 0 0 0
         1703830707.613  1078  1264 I ASH     : @ 1578.994: tcs3701: stop power rail pending_off timer
         1703830707.613  1078  1264 D ASH     : @ 1578.994: tcs3701: start power rail timer, state:3
         1703830707.653  1078  1264 I ASH     : @ 1579.034: tcs3701: stop power rail pending_off timer
         1703830707.653  1078  1264 D ASH     : @ 1579.034: tcs3701: start power rail timer, state:3
         1703830707.675  2168  2174 I pixel-thermal: skin-therm-monitor:30.983 raw data: skin-therm-monitor:30983 
         1703830707.676  1079  2511 I android.hardware.usb.aidl-service: port0
         1703830707.677  2168  2174 I pixel-thermal: cellular-emergency:30.983 raw data: cellular-emergency:30983 
         1703830707.678  1079  2511 I android.hardware.usb.aidl-service: 0:port0 connected:1 canChangeMode:1 canChagedata:1 canChangePower:1 usbDataEnabled:1
         1703830707.678  2168  2174 I pixel-thermal: panel-audio-therm:30.986 raw data: panel-audio-therm:30986 
         1703830707.679  2168  2174 I pixel-thermal: usbc-virt-monitor:-274 raw data: usbc-virt-monitor:-274000 
         1703830707.679  1079  2511 I android.hardware.usb.aidl-service: ContaminantDetectionStatus:2 ContaminantProtectionStatus:0
         1703830707.679  1079  2511 I android.hardware.usb.aidl-service: powerTransferLimited:0
         1703830707.680  1845  3829 I UsbPortManager: AIDL UsbDataStatus:1
         1703830707.681  1845  3829 I UsbPortManager: ClientCallback AIDL V1: port0
         1703830707.693  1078  1264 I ASH     : @ 1579.074: tcs3701: stop power rail pending_off timer
         1703830707.693  1078  1264 D ASH     : @ 1579.074: tcs3701: start power rail timer, state:3
         1703830707.698  1079  2511 I android.hardware.usb.aidl-service: port0
         1703830707.700  1079  2511 I android.hardware.usb.aidl-service: 0:port0 connected:1 canChangeMode:1 canChagedata:1 canChangePower:1 usbDataEnabled:1
         1703830707.702  1079  2511 I android.hardware.usb.aidl-service: ContaminantDetectionStatus:2 ContaminantProtectionStatus:0
         1703830707.702  1079  2511 I android.hardware.usb.aidl-service: powerTransferLimited:0
         1703830707.703  1845  3829 I UsbPortManager: AIDL UsbDataStatus:1
         1703830707.703  1845  3829 I UsbPortManager: ClientCallback AIDL V1: port0
         1703830707.733  1078  1264 I ASH     : @ 1579.114: tcs3701: stop power rail pending_off timer
         1703830707.733  1078  1264 D ASH     : @ 1579.114: tcs3701: start power rail timer, state:3
         1703830707.774  1078  1264 I ASH     : @ 1579.154: tcs3701: stop power rail pending_off timer
         1703830707.774  1078  1264 D ASH     : @ 1579.154: tcs3701: start power rail timer, state:3
         1703830707.814  1078  1264 I ASH     : @ 1579.194: tcs3701: stop power rail pending_off timer
         1703830707.814  1078  1264 D ASH     : @ 1579.194: tcs3701: start power rail timer, state:3
         1703830707.853  1078  1264 I ASH     : @ 1579.234: tcs3701: stop power rail pending_off timer
         1703830707.853  1078  1264 D ASH     : @ 1579.234: tcs3701: start power rail timer, state:3
         1703830707.894  1078  1264 I ASH     : @ 1579.274: tcs3701: stop power rail pending_off timer
         1703830707.895  1078  1264 D ASH     : @ 1579.274: tcs3701: start power rail timer, state:3
         1703830707.934  1078  1264 I ASH     : @ 1579.314: tcs3701: stop power rail pending_off timer
         1703830707.934  1078  1264 D ASH     : @ 1579.314: tcs3701: start power rail timer, state:3
         1703830707.975  1078  1264 I ASH     : @ 1579.354: tcs3701: stop power rail pending_off timer
         1703830707.975  1078  1264 D ASH     : @ 1579.354: tcs3701: start power rail timer, state:3
         1703830708.015  1078  1264 I ASH     : @ 1579.394: tcs3701: stop power rail pending_off timer
         1703830708.015  1078  1264 D ASH     : @ 1579.394: tcs3701: start power rail timer, state:3
         1703830708.053  1078  1264 I ASH     : @ 1579.434: tcs3701: stop power rail pending_off timer
         1703830708.053  1078  1264 D ASH     : @ 1579.434: tcs3701: start power rail timer, state:3
         1703830708.095  1078  1264 I ASH     : @ 1579.474: tcs3701: stop power rail pending_off timer
         1703830708.095  1078  1264 D ASH     : @ 1579.474: tcs3701: start power rail timer, state:3
         1703830708.133  1078  1264 I ASH     : @ 1579.514: tcs3701: stop power rail pending_off timer
         1703830708.133  1078  1264 D ASH     : @ 1579.514: tcs3701: start power rail timer, state:3
         1703830708.138 10522 10522 I dashscene-cpu: 10432 (.dashscene.demo) S 1038 1038 0 0 -1 1077936448 8203 0 70 0 116 31 0 0 10 -10 18 0 156739 15178944512 40907 18446744073709551615 1 1 0 0 0 0 4612 1 1073775864 0 0 0 17 6 0 0 0 0 0 0 0 0 0 0 0 0 0
         1703830708.173  1078  1264 I ASH     : @ 1579.554: tcs3701: stop power rail pending_off timer
         1703830708.173  1078  1264 D ASH     : @ 1579.554: tcs3701: start power rail timer, state:3
         1703830708.214  1078  1264 I ASH     : @ 1579.594: tcs3701: stop power rail pending_off timer
         1703830708.215  1078  1264 D ASH     : @ 1579.594: tcs3701: start power rail timer, state:3
         1703830708.253  1078  1264 I ASH     : @ 1579.634: tcs3701: stop power rail pending_off timer
         1703830708.253  1078  1264 D ASH     : @ 1579.634: tcs3701: start power rail timer, state:3
         1703830708.294  1078  1264 I ASH     : @ 1579.674: tcs3701: stop power rail pending_off timer
         1703830708.295  1078  1264 D ASH     : @ 1579.674: tcs3701: start power rail timer, state:3
         1703830708.335  1078  1264 I ASH     : @ 1579.714: tcs3701: stop power rail pending_off timer
         1703830708.335  1078  1264 D ASH     : @ 1579.714: tcs3701: start power rail timer, state:3
         1703830708.375  1078  1264 I ASH     : @ 1579.754: tcs3701: stop power rail pending_off timer
         1703830708.375  1078  1264 D ASH     : @ 1579.754: tcs3701: start power rail timer, state:3
         1703830708.414  1078  1264 I ASH     : @ 1579.794: tcs3701: stop power rail pending_off timer
         1703830708.414  1078  1264 D ASH     : @ 1579.794: tcs3701: start power rail timer, state:3
         1703830708.453  1078  1264 I ASH     : @ 1579.834: tcs3701: stop power rail pending_off timer
         1703830708.454  1078  1264 D ASH     : @ 1579.834: tcs3701: start power rail timer, state:3
         1703830708.495  1078  1264 I ASH     : @ 1579.874: tcs3701: stop power rail pending_off timer
         1703830708.495  1078  1264 D ASH     : @ 1579.874: tcs3701: start power rail timer, state:3
         1703830708.534  1078  1264 I ASH     : @ 1579.914: tcs3701: stop power rail pending_off timer
         1703830708.535  1078  1264 D ASH     : @ 1579.914: tcs3701: start power rail timer, state:3
         1703830708.575  1078  1264 I ASH     : @ 1579.954: tcs3701: stop power rail pending_off timer
         1703830708.575  1078  1264 D ASH     : @ 1579.954: tcs3701: start power rail timer, state:3
         1703830708.614  1078  1264 I ASH     : @ 1579.994: tcs3701: stop power rail pending_off timer
         1703830708.615  1078  1264 D ASH     : @ 1579.994: tcs3701: start power rail timer, state:3
         1703830708.653  1078  1264 I ASH     : @ 1580.034: tcs3701: stop power rail pending_off timer
         1703830708.653  1078  1264 D ASH     : @ 1580.034: tcs3701: start power rail timer, state:3
         1703830708.674 10525 10525 I dashscene-cpu: 10432 (.dashscene.demo) S 1038 1038 0 0 -1 1077936448 8203 0 70 0 117 32 0 0 10 -10 18 0 156739 15178944512 40907 18446744073709551615 1 1 0 0 0 0 4612 1 1073775864 0 0 0 17 6 0 0 0 0 0 0 0 0 0 0 0 0 0
         1703830708.693  1078  1264 I ASH     : @ 1580.074: tcs3701: stop power rail pending_off timer
         1703830708.693  1078  1264 D ASH     : @ 1580.074: tcs3701: start power rail timer, state:3
         1703830708.733  1078  1264 I ASH     : @ 1580.114: tcs3701: stop power rail pending_off timer
         1703830708.733  1078  1264 D ASH     : @ 1580.114: tcs3701: start power rail timer, state:3
         1703830708.773  1078  1264 I ASH     : @ 1580.154: tcs3701: stop power rail pending_off timer
         1703830708.773  1078  1264 D ASH     : @ 1580.154: tcs3701: start power rail timer, state:3
         1703830708.813  1078  1264 I ASH     : @ 1580.194: tcs3701: stop power rail pending_off timer
         1703830708.813  1078  1264 D ASH     : @ 1580.194: tcs3701: start power rail timer, state:3
         1703830708.853  1078  1264 I ASH     : @ 1580.234: tcs3701: stop power rail pending_off timer
         1703830708.853  1078  1264 D ASH     : @ 1580.234: tcs3701: start power rail timer, state:3
         1703830708.894  1078  1264 I ASH     : @ 1580.274: tcs3701: stop power rail pending_off timer
         1703830708.895  1078  1264 D ASH     : @ 1580.274: tcs3701: start power rail timer, state:3
         1703830708.933  1078  1264 I ASH     : @ 1580.314: tcs3701: stop power rail pending_off timer
         1703830708.934  1078  1264 D ASH     : @ 1580.314: tcs3701: start power rail timer, state:3
         1703830708.974  1078  1264 I ASH     : @ 1580.354: tcs3701: stop power rail pending_off timer
         1703830708.975  1078  1264 D ASH     : @ 1580.354: tcs3701: start power rail timer, state:3
         1703830709.015  1078  1264 I ASH     : @ 1580.394: tcs3701: stop power rail pending_off timer
         1703830709.015  1078  1264 D ASH     : @ 1580.394: tcs3701: start power rail timer, state:3
         1703830709.053  1078  1264 I ASH     : @ 1580.434: tcs3701: stop power rail pending_off timer
         1703830709.054  1078  1264 D ASH     : @ 1580.434: tcs3701: start power rail timer, state:3
         1703830709.094  1078  1264 I ASH     : @ 1580.474: tcs3701: stop power rail pending_off timer
         1703830709.095  1078  1264 D ASH     : @ 1580.474: tcs3701: start power rail timer, state:3
         1703830709.135  1078  1264 I ASH     : @ 1580.514: tcs3701: stop power rail pending_off timer
         1703830709.135  1078  1264 D ASH     : @ 1580.514: tcs3701: start power rail timer, state:3
         1703830709.175  1078  1264 I ASH     : @ 1580.554: tcs3701: stop power rail pending_off timer
         1703830709.175  1078  1264 D ASH     : @ 1580.554: tcs3701: start power rail timer, state:3
         1703830709.213  1078  1264 I ASH     : @ 1580.594: tcs3701: stop power rail pending_off timer
         1703830709.213 10529 10529 I dashscene-cpu: 10432 (.dashscene.demo) S 1038 1038 0 0 -1 1077936448 8203 0 70 0 119 32 0 0 10 -10 18 0 156739 15178944512 40907 18446744073709551615 1 1 0 0 0 0 4612 1 1073775864 0 0 0 17 6 0 0 0 0 0 0 0 0 0 0 0 0 0
         1703830709.213  1078  1264 D ASH     : @ 1580.594: tcs3701: start power rail timer, state:3
         1703830709.253  1078  1264 I ASH     : @ 1580.634: tcs3701: stop power rail pending_off timer
         1703830709.253  1078  1264 D ASH     : @ 1580.634: tcs3701: start power rail timer, state:3
         1703830709.294  1078  1264 I ASH     : @ 1580.674: tcs3701: stop power rail pending_off timer
         1703830709.295  1078  1264 D ASH     : @ 1580.674: tcs3701: start power rail timer, state:3
         1703830709.334  1078  1264 I ASH     : @ 1580.714: tcs3701: stop power rail pending_off timer
         1703830709.334  1078  1264 D ASH     : @ 1580.714: tcs3701: start power rail timer, state:3
         1703830709.374  1078  1264 I ASH     : @ 1580.754: tcs3701: stop power rail pending_off timer
         1703830709.375  1078  1264 D ASH     : @ 1580.754: tcs3701: start power rail timer, state:3
         1703830709.415  1078  1264 I ASH     : @ 1580.794: tcs3701: stop power rail pending_off timer
         1703830709.415  1078  1264 D ASH     : @ 1580.794: tcs3701: start power rail timer, state:3
         1703830709.453  1078  1264 I ASH     : @ 1580.834: tcs3701: stop power rail pending_off timer
         1703830709.453  1078  1264 D ASH     : @ 1580.834: tcs3701: start power rail timer, state:3
         1703830709.493  1078  1264 I ASH     : @ 1580.874: tcs3701: stop power rail pending_off timer
         1703830709.493  1078  1264 D ASH     : @ 1580.874: tcs3701: start power rail timer, state:3
         1703830709.533  1078  1264 I ASH     : @ 1580.914: tcs3701: stop power rail pending_off timer
         1703830709.533  1078  1264 D ASH     : @ 1580.914: tcs3701: start power rail timer, state:3
         1703830709.573  1078  1264 I ASH     : @ 1580.954: tcs3701: stop power rail pending_off timer
         1703830709.573  1078  1264 D ASH     : @ 1580.954: tcs3701: start power rail timer, state:3
         1703830709.613  1078  1264 I ASH     : @ 1580.994: tcs3701: stop power rail pending_off timer
         1703830709.613  1078  1264 D ASH     : @ 1580.994: tcs3701: start power rail timer, state:3
         1703830709.653  1078  1264 I ASH     : @ 1581.034: tcs3701: stop power rail pending_off timer
         1703830709.653  1078  1264 D ASH     : @ 1581.034: tcs3701: start power rail timer, state:3
         1703830709.693  1078  1264 I ASH     : @ 1581.074: tcs3701: stop power rail pending_off timer
         1703830709.693  1078  1264 D ASH     : @ 1581.074: tcs3701: start power rail timer, state:3
         1703830709.733  1078  1264 I ASH     : @ 1581.114: tcs3701: stop power rail pending_off timer
         1703830709.733  1078  1264 D ASH     : @ 1581.114: tcs3701: start power rail timer, state:3
         1703830709.741 10534 10534 I dashscene-cpu: 10432 (.dashscene.demo) S 1038 1038 0 0 -1 1077936448 8404 0 70 0 131 34 0 0 10 -10 18 0 156739 15179878400 41063 18446744073709551615 1 1 0 0 0 0 4612 1 1073775864 0 0 0 17 6 0 0 0 0 0 0 0 0 0 0 0 0 0
         1703830709.773  1078  1264 I ASH     : @ 1581.154: tcs3701: stop power rail pending_off timer
         1703830709.773  1078  1264 D ASH     : @ 1581.154: tcs3701: start power rail timer, state:3
         1703830709.813  1078  1264 I ASH     : @ 1581.194: tcs3701: stop power rail pending_off timer
         1703830709.813  1078  1264 D ASH     : @ 1581.194: tcs3701: start power rail timer, state:3
         1703830709.853  1078  1264 I ASH     : @ 1581.234: tcs3701: stop power rail pending_off timer
         1703830709.853  1078  1264 D ASH     : @ 1581.234: tcs3701: start power rail timer, state:3
         1703830709.893  1078  1264 I ASH     : @ 1581.274: tcs3701: stop power rail pending_off timer
         1703830709.893  1078  1264 D ASH     : @ 1581.274: tcs3701: start power rail timer, state:3
         1703830709.933  1078  1264 I ASH     : @ 1581.314: tcs3701: stop power rail pending_off timer
         1703830709.933  1078  1264 D ASH     : @ 1581.314: tcs3701: start power rail timer, state:3
         1703830709.973  1078  1264 I ASH     : @ 1581.354: tcs3701: stop power rail pending_off timer
         1703830709.973  1078  1264 D ASH     : @ 1581.354: tcs3701: start power rail timer, state:3
         1703830710.013  1078  1264 I ASH     : @ 1581.394: tcs3701: stop power rail pending_off timer
         1703830710.013  1078  1264 D ASH     : @ 1581.394: tcs3701: start power rail timer, state:3
         1703830710.053  1078  1264 I ASH     : @ 1581.434: tcs3701: stop power rail pending_off timer
         1703830710.053  1078  1264 D ASH     : @ 1581.434: tcs3701: start power rail timer, state:3
         1703830710.093  1078  1264 I ASH     : @ 1581.474: tcs3701: stop power rail pending_off timer
         1703830710.093  1078  1264 D ASH     : @ 1581.474: tcs3701: start power rail timer, state:3
         1703830710.133  1078  1264 I ASH     : @ 1581.514: tcs3701: stop power rail pending_off timer
         1703830710.133  1078  1264 D ASH     : @ 1581.514: tcs3701: start power rail timer, state:3
         1703830710.173  1078  1264 I ASH     : @ 1581.554: tcs3701: stop power rail pending_off timer
         1703830710.173  1078  1264 D ASH     : @ 1581.554: tcs3701: start power rail timer, state:3
         1703830710.213  1078  1264 I ASH     : @ 1581.594: tcs3701: stop power rail pending_off timer
         1703830710.213  1078  1264 D ASH     : @ 1581.594: tcs3701: start power rail timer, state:3
         1703830710.253  1078  1264 I ASH     : @ 1581.634: tcs3701: stop power rail pending_off timer
         1703830710.253  1078  1264 D ASH     : @ 1581.634: tcs3701: start power rail timer, state:3
         1703830710.270 10537 10537 I dashscene-cpu: 10432 (.dashscene.demo) S 1038 1038 0 0 -1 1077936448 8500 0 70 0 154 36 0 0 10 -10 18 0 156739 15179878400 41063 18446744073709551615 1 1 0 0 0 0 4612 1 1073775864 0 0 0 17 6 0 0 0 0 0 0 0 0 0 0 0 0 0
         1703830710.293  1078  1264 I ASH     : @ 1581.674: tcs3701: stop power rail pending_off timer
         1703830710.293  1078  1264 D ASH     : @ 1581.674: tcs3701: start power rail timer, state:3
         1703830710.333  1078  1264 I ASH     : @ 1581.714: tcs3701: stop power rail pending_off timer
         1703830710.333  1078  1264 D ASH     : @ 1581.714: tcs3701: start power rail timer, state:3
         1703830710.373  1078  1264 I ASH     : @ 1581.754: tcs3701: stop power rail pending_off timer
         1703830710.373  1078  1264 D ASH     : @ 1581.754: tcs3701: start power rail timer, state:3
         1703830710.413  1078  1264 I ASH     : @ 1581.794: tcs3701: stop power rail pending_off timer
         1703830710.413  1078  1264 D ASH     : @ 1581.794: tcs3701: start power rail timer, state:3
         1703830710.453  1078  1264 I ASH     : @ 1581.834: tcs3701: stop power rail pending_off timer
         1703830710.453  1078  1264 D ASH     : @ 1581.834: tcs3701: start power rail timer, state:3
         1703830710.493  1078  1264 I ASH     : @ 1581.874: tcs3701: stop power rail pending_off timer
         1703830710.493  1078  1264 D ASH     : @ 1581.874: tcs3701: start power rail timer, state:3
         1703830710.533  1078  1264 I ASH     : @ 1581.914: tcs3701: stop power rail pending_off timer
         1703830710.533  1078  1264 D ASH     : @ 1581.914: tcs3701: start power rail timer, state:3
         1703830710.573  1078  1264 I ASH     : @ 1581.954: tcs3701: stop power rail pending_off timer
         1703830710.574  1078  1264 D ASH     : @ 1581.954: tcs3701: start power rail timer, state:3
         1703830710.613  1078  1264 I ASH     : @ 1581.994: tcs3701: stop power rail pending_off timer
         1703830710.613  1078  1264 D ASH     : @ 1581.994: tcs3701: start power rail timer, state:3
         1703830710.653  1078  1264 I ASH     : @ 1582.034: tcs3701: stop power rail pending_off timer
         1703830710.653  1078  1264 D ASH     : @ 1582.034: tcs3701: start power rail timer, state:3
         1703830710.693  1078  1264 I ASH     : @ 1582.074: tcs3701: stop power rail pending_off timer
         1703830710.693  1078  1264 D ASH     : @ 1582.074: tcs3701: start power rail timer, state:3
         1703830710.733  1078  1264 I ASH     : @ 1582.114: tcs3701: stop power rail pending_off timer
         1703830710.733  1078  1264 D ASH     : @ 1582.114: tcs3701: start power rail timer, state:3
         1703830710.773  1078  1264 I ASH     : @ 1582.154: tcs3701: stop power rail pending_off timer
         1703830710.773  1078  1264 D ASH     : @ 1582.154: tcs3701: start power rail timer, state:3
         1703830710.799 10540 10540 I dashscene-cpu: 10432 (.dashscene.demo) S 1038 1038 0 0 -1 1077936448 8598 0 70 0 176 38 0 0 10 -10 18 0 156739 15179878400 41065 18446744073709551615 1 1 0 0 0 0 4612 1 1073775864 0 0 0 17 6 0 0 0 0 0 0 0 0 0 0 0 0 0
         1703830710.813  1078  1264 I ASH     : @ 1582.194: tcs3701: stop power rail pending_off timer
         1703830710.813  1078  1264 D ASH     : @ 1582.194: tcs3701: start power rail timer, state:3
         1703830710.853  1078  1264 I ASH     : @ 1582.234: tcs3701: stop power rail pending_off timer
         1703830710.853  1078  1264 D ASH     : @ 1582.234: tcs3701: start power rail timer, state:3
         1703830710.893  1078  1264 I ASH     : @ 1582.274: tcs3701: stop power rail pending_off timer
         1703830710.893  1078  1264 D ASH     : @ 1582.274: tcs3701: start power rail timer, state:3
         1703830710.933  1078  1264 I ASH     : @ 1582.314: tcs3701: stop power rail pending_off timer
         1703830710.933  1078  1264 D ASH     : @ 1582.314: tcs3701: start power rail timer, state:3
         1703830710.973  1078  1264 I ASH     : @ 1582.354: tcs3701: stop power rail pending_off timer
         1703830710.973  1078  1264 D ASH     : @ 1582.354: tcs3701: start power rail timer, state:3
         1703830711.013  1078  1264 I ASH     : @ 1582.394: tcs3701: stop power rail pending_off timer
         1703830711.013  1078  1264 D ASH     : @ 1582.394: tcs3701: start power rail timer, state:3
         1703830711.053  1078  1264 I ASH     : @ 1582.434: tcs3701: stop power rail pending_off timer
         1703830711.053  1078  1264 D ASH     : @ 1582.434: tcs3701: start power rail timer, state:3
         1703830711.093  1078  1264 I ASH     : @ 1582.474: tcs3701: stop power rail pending_off timer
         1703830711.093  1078  1264 D ASH     : @ 1582.474: tcs3701: start power rail timer, state:3
         1703830711.133  1078  1264 I ASH     : @ 1582.514: tcs3701: stop power rail pending_off timer
         1703830711.133  1078  1264 D ASH     : @ 1582.514: tcs3701: start power rail timer, state:3
         1703830711.174  1078  1264 I ASH     : @ 1582.554: tcs3701: stop power rail pending_off timer
         1703830711.175  1078  1264 D ASH     : @ 1582.554: tcs3701: start power rail timer, state:3
         1703830711.214  1078  1264 I ASH     : @ 1582.594: tcs3701: stop power rail pending_off timer
         1703830711.215  1078  1264 D ASH     : @ 1582.594: tcs3701: start power rail timer, state:3
         1703830711.253  1078  1264 I ASH     : @ 1582.634: tcs3701: stop power rail pending_off timer
         1703830711.253  1078  1264 D ASH     : @ 1582.634: tcs3701: start power rail timer, state:3
         1703830711.295  1078  1264 I ASH     : @ 1582.674: tcs3701: stop power rail pending_off timer
         1703830711.295  1078  1264 D ASH     : @ 1582.674: tcs3701: start power rail timer, state:3
         1703830711.333 10543 10543 I dashscene-cpu: 10432 (.dashscene.demo) S 1038 1038 0 0 -1 1077936448 8629 0 70 0 183 39 0 0 10 -10 18 0 156739 15179878400 41066 18446744073709551615 1 1 0 0 0 0 4612 1 1073775864 0 0 0 17 6 0 0 0 0 0 0 0 0 0 0 0 0 0
         1703830711.333  1078  1264 I ASH     : @ 1582.714: tcs3701: stop power rail pending_off timer
         1703830711.333  1078  1264 D ASH     : @ 1582.714: tcs3701: start power rail timer, state:3
         1703830711.373  1078  1264 I ASH     : @ 1582.754: tcs3701: stop power rail pending_off timer
         1703830711.374  1078  1264 D ASH     : @ 1582.754: tcs3701: start power rail timer, state:3
         1703830711.414  1078  1264 I ASH     : @ 1582.794: tcs3701: stop power rail pending_off timer
         1703830711.415  1078  1264 D ASH     : @ 1582.794: tcs3701: start power rail timer, state:3
         1703830711.453  1078  1264 I ASH     : @ 1582.834: tcs3701: stop power rail pending_off timer
         1703830711.454  1078  1264 D ASH     : @ 1582.834: tcs3701: start power rail timer, state:3
         1703830711.494  1078  1264 I ASH     : @ 1582.874: tcs3701: stop power rail pending_off timer
         1703830711.495  1078  1264 D ASH     : @ 1582.874: tcs3701: start power rail timer, state:3
         1703830711.534  1078  1264 I ASH     : @ 1582.914: tcs3701: stop power rail pending_off timer
         1703830711.535  1078  1264 D ASH     : @ 1582.914: tcs3701: start power rail timer, state:3
         1703830711.537 10432 10454 I dashscene: 720 frames over 720 vsyncs
         1703830711.575  1078  1264 I ASH     : @ 1582.954: tcs3701: stop power rail pending_off timer
         1703830711.575  1078  1264 D ASH     : @ 1582.954: tcs3701: start power rail timer, state:3
         1703830711.614  1078  1264 I ASH     : @ 1582.994: tcs3701: stop power rail pending_off timer
         1703830711.614  1078  1264 D ASH     : @ 1582.994: tcs3701: start power rail timer, state:3
         1703830711.653  1078  1264 I ASH     : @ 1583.034: tcs3701: stop power rail pending_off timer
         1703830711.654  1078  1264 D ASH     : @ 1583.034: tcs3701: start power rail timer, state:3
         1703830711.695  1078  1264 I ASH     : @ 1583.074: tcs3701: stop power rail pending_off timer
         1703830711.695  1078  1264 D ASH     : @ 1583.074: tcs3701: start power rail timer, state:3
         1703830711.734  1078  1264 I ASH     : @ 1583.114: tcs3701: stop power rail pending_off timer
         1703830711.734  1078  1264 D ASH     : @ 1583.114: tcs3701: start power rail timer, state:3
         1703830711.773  1078  1264 I ASH     : @ 1583.154: tcs3701: stop power rail pending_off timer
         1703830711.774  1078  1264 D ASH     : @ 1583.154: tcs3701: start power rail timer, state:3
         1703830711.814  1078  1264 I ASH     : @ 1583.194: tcs3701: stop power rail pending_off timer
         1703830711.815  1078  1264 D ASH     : @ 1583.194: tcs3701: start power rail timer, state:3
         1703830711.853  1078  1264 I ASH     : @ 1583.234: tcs3701: stop power rail pending_off timer
         1703830711.853  1078  1264 D ASH     : @ 1583.234: tcs3701: start power rail timer, state:3
         1703830711.864 10546 10546 I dashscene-cpu: 10432 (.dashscene.demo) S 1038 1038 0 0 -1 1077936448 8629 0 70 0 184 39 0 0 10 -10 18 0 156739 15179878400 41066 18446744073709551615 1 1 0 0 0 0 4612 1 1073775864 0 0 0 17 6 0 0 0 0 0 0 0 0 0 0 0 0 0
         1703830711.893  1078  1264 I ASH     : @ 1583.274: tcs3701: stop power rail pending_off timer
         1703830711.893  1078  1264 D ASH     : @ 1583.274: tcs3701: start power rail timer, state:3
         1703830711.933  1078  1264 I ASH     : @ 1583.314: tcs3701: stop power rail pending_off timer
         1703830711.933  1078  1264 D ASH     : @ 1583.314: tcs3701: start power rail timer, state:3
         1703830711.973  1078  1264 I ASH     : @ 1583.354: tcs3701: stop power rail pending_off timer
         1703830711.973  1078  1264 D ASH     : @ 1583.354: tcs3701: start power rail timer, state:3
         1703830712.014  1078  1264 I ASH     : @ 1583.394: tcs3701: stop power rail pending_off timer
         1703830712.014  1078  1264 D ASH     : @ 1583.394: tcs3701: start power rail timer, state:3
         1703830712.053  1078  1264 I ASH     : @ 1583.434: tcs3701: stop power rail pending_off timer
         1703830712.053  1078  1264 D ASH     : @ 1583.434: tcs3701: start power rail timer, state:3
         1703830712.093  1078  1264 I ASH     : @ 1583.474: tcs3701: stop power rail pending_off timer
         1703830712.093  1078  1264 D ASH     : @ 1583.474: tcs3701: start power rail timer, state:3
         1703830712.135  1078  1264 I ASH     : @ 1583.514: tcs3701: stop power rail pending_off timer
         1703830712.135  1078  1264 D ASH     : @ 1583.514: tcs3701: start power rail timer, state:3
         1703830712.173  1078  1264 I ASH     : @ 1583.554: tcs3701: stop power rail pending_off timer
         1703830712.173  1078  1264 D ASH     : @ 1583.554: tcs3701: start power rail timer, state:3
         1703830712.214  1078  1264 I ASH     : @ 1583.594: tcs3701: stop power rail pending_off timer
         1703830712.215  1078  1264 D ASH     : @ 1583.594: tcs3701: start power rail timer, state:3
         1703830712.254  1078  1264 I ASH     : @ 1583.634: tcs3701: stop power rail pending_off timer
         1703830712.254  1078  1264 D ASH     : @ 1583.634: tcs3701: start power rail timer, state:3
         1703830712.295  1078  1264 I ASH     : @ 1583.674: tcs3701: stop power rail pending_off timer
         1703830712.295  1078  1264 D ASH     : @ 1583.674: tcs3701: start power rail timer, state:3
         1703830712.334  1078  1264 I ASH     : @ 1583.714: tcs3701: stop power rail pending_off timer
         1703830712.334  1078  1264 D ASH     : @ 1583.714: tcs3701: start power rail timer, state:3
         1703830712.373  1078  1264 I ASH     : @ 1583.754: tcs3701: stop power rail pending_off timer
         1703830712.373  1078  1264 D ASH     : @ 1583.754: tcs3701: start power rail timer, state:3
         1703830712.392 10549 10549 I dashscene-cpu: 10432 (.dashscene.demo) S 1038 1038 0 0 -1 1077936448 8632 0 70 0 187 40 0 0 10 -10 18 0 156739 15179878400 41066 18446744073709551615 1 1 0 0 0 0 4612 1 1073775864 0 0 0 17 6 0 0 0 0 0 0 0 0 0 0 0 0 0
         1703830712.413  1078  1264 I ASH     : @ 1583.794: tcs3701: stop power rail pending_off timer
         1703830712.413  1078  1264 D ASH     : @ 1583.794: tcs3701: start power rail timer, state:3
         1703830712.454  1078  1264 I ASH     : @ 1583.834: tcs3701: stop power rail pending_off timer
         1703830712.454  1078  1264 D ASH     : @ 1583.834: tcs3701: start power rail timer, state:3
         1703830712.494  1078  1264 I ASH     : @ 1583.874: tcs3701: stop power rail pending_off timer
         1703830712.495  1078  1264 D ASH     : @ 1583.874: tcs3701: start power rail timer, state:3
         1703830712.534  1078  1264 I ASH     : @ 1583.914: tcs3701: stop power rail pending_off timer
         1703830712.534  1078  1264 D ASH     : @ 1583.914: tcs3701: start power rail timer, state:3
         1703830712.573  1078  1264 I ASH     : @ 1583.954: tcs3701: stop power rail pending_off timer
         1703830712.573  1078  1264 D ASH     : @ 1583.954: tcs3701: start power rail timer, state:3
         1703830712.615  1078  1264 I ASH     : @ 1583.994: tcs3701: stop power rail pending_off timer
         1703830712.615  1078  1264 D ASH     : @ 1583.994: tcs3701: start power rail timer, state:3
         1703830712.654  1078  1264 I ASH     : @ 1584.034: tcs3701: stop power rail pending_off timer
         1703830712.654  1078  1264 D ASH     : @ 1584.034: tcs3701: start power rail timer, state:3
         1703830712.695  1078  1264 I ASH     : @ 1584.074: tcs3701: stop power rail pending_off timer
         1703830712.695  1078  1264 D ASH     : @ 1584.074: tcs3701: start power rail timer, state:3
         1703830712.734  1078  1264 I ASH     : @ 1584.114: tcs3701: stop power rail pending_off timer
         1703830712.735  1078  1264 D ASH     : @ 1584.114: tcs3701: start power rail timer, state:3
         1703830712.773  1078  1264 I ASH     : @ 1584.154: tcs3701: stop power rail pending_off timer
         1703830712.773  1078  1264 D ASH     : @ 1584.154: tcs3701: start power rail timer, state:3
         1703830712.815  1078  1264 I ASH     : @ 1584.194: tcs3701: stop power rail pending_off timer
         1703830712.815  1078  1264 D ASH     : @ 1584.194: tcs3701: start power rail timer, state:3
         1703830712.854  1078  1264 I ASH     : @ 1584.234: tcs3701: stop power rail pending_off timer
         1703830712.854  1078  1264 D ASH     : @ 1584.234: tcs3701: start power rail timer, state:3
         1703830712.894  1078  1264 I ASH     : @ 1584.274: tcs3701: stop power rail pending_off timer
         1703830712.895  1078  1264 D ASH     : @ 1584.274: tcs3701: start power rail timer, state:3
         1703830712.927 10552 10552 I dashscene-cpu: 10432 (.dashscene.demo) S 1038 1038 0 0 -1 1077936448 8632 0 70 0 188 41 0 0 10 -10 18 0 156739 15179878400 41066 18446744073709551615 1 1 0 0 0 0 4612 1 1073775864 0 0 0 17 6 0 0 0 0 0 0 0 0 0 0 0 0 0
         1703830712.933  1078  1264 I ASH     : @ 1584.314: tcs3701: stop power rail pending_off timer
         1703830712.933  1078  1264 D ASH     : @ 1584.314: tcs3701: start power rail timer, state:3
         1703830712.973  1078  1264 I ASH     : @ 1584.354: tcs3701: stop power rail pending_off timer
         1703830712.973  1078  1264 D ASH     : @ 1584.354: tcs3701: start power rail timer, state:3
         1703830713.015  1078  1264 I ASH     : @ 1584.394: tcs3701: stop power rail pending_off timer
         1703830713.015  1078  1264 D ASH     : @ 1584.394: tcs3701: start power rail timer, state:3
         1703830713.054  1078  1264 I ASH     : @ 1584.434: tcs3701: stop power rail pending_off timer
         1703830713.054  1078  1264 D ASH     : @ 1584.434: tcs3701: start power rail timer, state:3
         1703830713.094  1078  1264 I ASH     : @ 1584.474: tcs3701: stop power rail pending_off timer
         1703830713.095  1078  1264 D ASH     : @ 1584.474: tcs3701: start power rail timer, state:3
         1703830713.134  1078  1264 I ASH     : @ 1584.514: tcs3701: stop power rail pending_off timer
         1703830713.135  1078  1264 D ASH     : @ 1584.514: tcs3701: start power rail timer, state:3
         1703830713.173  1078  1264 I ASH     : @ 1584.554: tcs3701: stop power rail pending_off timer
         1703830713.173  1078  1264 D ASH     : @ 1584.554: tcs3701: start power rail timer, state:3
         1703830713.215  1078  1264 I ASH     : @ 1584.594: tcs3701: stop power rail pending_off timer
         1703830713.215  1078  1264 D ASH     : @ 1584.594: tcs3701: start power rail timer, state:3
         1703830713.254  1078  1264 I ASH     : @ 1584.634: tcs3701: stop power rail pending_off timer
         1703830713.254  1078  1264 D ASH     : @ 1584.634: tcs3701: start power rail timer, state:3
         1703830713.294  1078  1264 I ASH     : @ 1584.674: tcs3701: stop power rail pending_off timer
         1703830713.295  1078  1264 D ASH     : @ 1584.674: tcs3701: start power rail timer, state:3
         1703830713.334  1078  1264 I ASH     : @ 1584.714: tcs3701: stop power rail pending_off timer
         1703830713.335  1078  1264 D ASH     : @ 1584.714: tcs3701: start power rail timer, state:3
         1703830713.373  1078  1264 I ASH     : @ 1584.754: tcs3701: stop power rail pending_off timer
         1703830713.373  1078  1264 D ASH     : @ 1584.754: tcs3701: start power rail timer, state:3
         1703830713.415  1078  1264 I ASH     : @ 1584.794: tcs3701: stop power rail pending_off timer
         1703830713.415  1078  1264 D ASH     : @ 1584.794: tcs3701: start power rail timer, state:3
         1703830713.453  1078  1264 I ASH     : @ 1584.834: tcs3701: stop power rail pending_off timer
         1703830713.454  1078  1264 D ASH     : @ 1584.834: tcs3701: start power rail timer, state:3
         1703830713.459 10555 10555 I dashscene-cpu: 10432 (.dashscene.demo) S 1038 1038 0 0 -1 1077936448 8632 0 70 0 190 41 0 0 10 -10 18 0 156739 15179878400 41066 18446744073709551615 1 1 0 0 0 0 4612 1 1073775864 0 0 0 17 6 0 0 0 0 0 0 0 0 0 0 0 0 0
         1703830713.493  1078  1264 I ASH     : @ 1584.874: tcs3701: stop power rail pending_off timer
         1703830713.493  1078  1264 D ASH     : @ 1584.874: tcs3701: start power rail timer, state:3
         1703830713.535  1078  1264 I ASH     : @ 1584.914: tcs3701: stop power rail pending_off timer
         1703830713.535  1078  1264 D ASH     : @ 1584.914: tcs3701: start power rail timer, state:3
         1703830713.573  1078  1264 I ASH     : @ 1584.954: tcs3701: stop power rail pending_off timer
         1703830713.573  1078  1264 D ASH     : @ 1584.954: tcs3701: start power rail timer, state:3
         1703830713.614  1078  1264 I ASH     : @ 1584.994: tcs3701: stop power rail pending_off timer
         1703830713.615  1078  1264 D ASH     : @ 1584.994: tcs3701: start power rail timer, state:3
         1703830713.655  1078  1264 I ASH     : @ 1585.034: tcs3701: stop power rail pending_off timer
         1703830713.655  1078  1264 D ASH     : @ 1585.034: tcs3701: start power rail timer, state:3
         1703830713.695  1078  1264 I ASH     : @ 1585.074: tcs3701: stop power rail pending_off timer
         1703830713.695  1078  1264 D ASH     : @ 1585.074: tcs3701: start power rail timer, state:3
         1703830713.734  1078  1264 I ASH     : @ 1585.114: tcs3701: stop power rail pending_off timer
         1703830713.734  1078  1264 D ASH     : @ 1585.114: tcs3701: start power rail timer, state:3
         1703830713.773  1078  1264 I ASH     : @ 1585.154: tcs3701: stop power rail pending_off timer
         1703830713.774  1078  1264 D ASH     : @ 1585.154: tcs3701: start power rail timer, state:3
         1703830713.814  1078  1264 I ASH     : @ 1585.194: tcs3701: stop power rail pending_off timer
         1703830713.815  1078  1264 D ASH     : @ 1585.194: tcs3701: start power rail timer, state:3
         1703830713.854  1078  1264 I ASH     : @ 1585.234: tcs3701: stop power rail pending_off timer
         1703830713.854  1078  1264 D ASH     : @ 1585.234: tcs3701: start power rail timer, state:3
         1703830713.894  1078  1264 I ASH     : @ 1585.274: tcs3701: stop power rail pending_off timer
         1703830713.895  1078  1264 D ASH     : @ 1585.274: tcs3701: start power rail timer, state:3
         1703830713.933  1078  1264 I ASH     : @ 1585.314: tcs3701: stop power rail pending_off timer
         1703830713.933  1078  1264 D ASH     : @ 1585.314: tcs3701: start power rail timer, state:3
         1703830713.973  1078  1264 I ASH     : @ 1585.354: tcs3701: stop power rail pending_off timer
         1703830713.973  1078  1264 D ASH     : @ 1585.354: tcs3701: start power rail timer, state:3
         1703830713.995 10558 10558 I dashscene-cpu: 10432 (.dashscene.demo) S 1038 1038 0 0 -1 1077936448 8632 0 70 0 192 42 0 0 10 -10 18 0 156739 15179878400 41066 18446744073709551615 1 1 0 0 0 0 4612 1 1073775864 0 0 0 17 6 0 0 0 0 0 0 0 0 0 0 0 0 0
         1703830714.013  1078  1264 I ASH     : @ 1585.394: tcs3701: stop power rail pending_off timer
         1703830714.013  1078  1264 D ASH     : @ 1585.394: tcs3701: start power rail timer, state:3
         1703830714.053  1078  1264 I ASH     : @ 1585.434: tcs3701: stop power rail pending_off timer
         1703830714.053  1078  1264 D ASH     : @ 1585.434: tcs3701: start power rail timer, state:3
         1703830714.095  1078  1264 I ASH     : @ 1585.474: tcs3701: stop power rail pending_off timer
         1703830714.095  1078  1264 D ASH     : @ 1585.474: tcs3701: start power rail timer, state:3
         1703830714.134  1078  1264 I ASH     : @ 1585.514: tcs3701: stop power rail pending_off timer
         1703830714.134  1078  1264 D ASH     : @ 1585.514: tcs3701: start power rail timer, state:3
         1703830714.173  1078  1264 I ASH     : @ 1585.554: tcs3701: stop power rail pending_off timer
         1703830714.174  1078  1264 D ASH     : @ 1585.554: tcs3701: start power rail timer, state:3
         1703830714.214  1078  1264 I ASH     : @ 1585.594: tcs3701: stop power rail pending_off timer
         1703830714.215  1078  1264 D ASH     : @ 1585.594: tcs3701: start power rail timer, state:3
         1703830714.253  1078  1264 I ASH     : @ 1585.634: tcs3701: stop power rail pending_off timer
         1703830714.253  1078  1264 D ASH     : @ 1585.634: tcs3701: start power rail timer, state:3
         1703830714.293  1078  1264 I ASH     : @ 1585.674: tcs3701: stop power rail pending_off timer
         1703830714.293  1078  1264 D ASH     : @ 1585.674: tcs3701: start power rail timer, state:3
         1703830714.334  1078  1264 I ASH     : @ 1585.714: tcs3701: stop power rail pending_off timer
         1703830714.334  1078  1264 D ASH     : @ 1585.714: tcs3701: start power rail timer, state:3
         1703830714.373  1078  1264 I ASH     : @ 1585.754: tcs3701: stop power rail pending_off timer
         1703830714.373  1078  1264 D ASH     : @ 1585.754: tcs3701: start power rail timer, state:3
         1703830714.415  1078  1264 I ASH     : @ 1585.794: tcs3701: stop power rail pending_off timer
         1703830714.415  1078  1264 D ASH     : @ 1585.794: tcs3701: start power rail timer, state:3
         1703830714.455  1078  1264 I ASH     : @ 1585.834: tcs3701: stop power rail pending_off timer
         1703830714.455  1078  1264 D ASH     : @ 1585.834: tcs3701: start power rail timer, state:3
         1703830714.493  1078  1264 I ASH     : @ 1585.874: tcs3701: stop power rail pending_off timer
         1703830714.493  1078  1264 D ASH     : @ 1585.874: tcs3701: start power rail timer, state:3
         1703830714.527 10564 10564 I dashscene-cpu: 10432 (.dashscene.demo) S 1038 1038 0 0 -1 1077936448 8641 0 70 0 196 42 0 0 10 -10 18 0 156739 15179890688 41063 18446744073709551615 1 1 0 0 0 0 4612 1 1073775864 0 0 0 17 6 0 0 0 0 0 0 0 0 0 0 0 0 0
         1703830714.533  1078  1264 I ASH     : @ 1585.914: tcs3701: stop power rail pending_off timer
         1703830714.533  1078  1264 D ASH     : @ 1585.914: tcs3701: start power rail timer, state:3
         1703830714.573  1078  1264 I ASH     : @ 1585.954: tcs3701: stop power rail pending_off timer
         1703830714.573  1078  1264 D ASH     : @ 1585.954: tcs3701: start power rail timer, state:3
         1703830714.613  1078  1264 I ASH     : @ 1585.994: tcs3701: stop power rail pending_off timer
         1703830714.613  1078  1264 D ASH     : @ 1585.994: tcs3701: start power rail timer, state:3
         1703830714.653  1078  1264 I ASH     : @ 1586.034: tcs3701: stop power rail pending_off timer
         1703830714.653  1078  1264 D ASH     : @ 1586.034: tcs3701: start power rail timer, state:3
         1703830714.693  1078  1264 I ASH     : @ 1586.074: tcs3701: stop power rail pending_off timer
         1703830714.693  1078  1264 D ASH     : @ 1586.074: tcs3701: start power rail timer, state:3
         1703830714.733  1078  1264 I ASH     : @ 1586.114: tcs3701: stop power rail pending_off timer
         1703830714.733  1078  1264 D ASH     : @ 1586.114: tcs3701: start power rail timer, state:3
         1703830714.773  1078  1264 I ASH     : @ 1586.154: tcs3701: stop power rail pending_off timer
         1703830714.773  1078  1264 D ASH     : @ 1586.154: tcs3701: start power rail timer, state:3
         1703830714.813  1078  1264 I ASH     : @ 1586.194: tcs3701: stop power rail pending_off timer
         1703830714.813  1078  1264 D ASH     : @ 1586.194: tcs3701: start power rail timer, state:3
         1703830714.853  1078  1264 I ASH     : @ 1586.234: tcs3701: stop power rail pending_off timer
         1703830714.853  1078  1264 D ASH     : @ 1586.234: tcs3701: start power rail timer, state:3
         1703830714.893  1078  1264 I ASH     : @ 1586.274: tcs3701: stop power rail pending_off timer
         1703830714.893  1078  1264 D ASH     : @ 1586.274: tcs3701: start power rail timer, state:3
         1703830714.933  1078  1264 I ASH     : @ 1586.314: tcs3701: stop power rail pending_off timer
         1703830714.933  1078  1264 D ASH     : @ 1586.314: tcs3701: start power rail timer, state:3
         1703830714.973  1078  1264 I ASH     : @ 1586.354: tcs3701: stop power rail pending_off timer
         1703830714.973  1078  1264 D ASH     : @ 1586.354: tcs3701: start power rail timer, state:3
         1703830715.013  1078  1264 I ASH     : @ 1586.394: tcs3701: stop power rail pending_off timer
         1703830715.013  1078  1264 D ASH     : @ 1586.394: tcs3701: start power rail timer, state:3
         1703830715.053  1078  1264 I ASH     : @ 1586.434: tcs3701: stop power rail pending_off timer
         1703830715.053  1078  1264 D ASH     : @ 1586.434: tcs3701: start power rail timer, state:3
         1703830715.057 10567 10567 I dashscene-cpu: 10432 (.dashscene.demo) S 1038 1038 0 0 -1 1077936448 8743 0 70 0 217 45 0 0 10 -10 18 0 156739 15179878400 41069 18446744073709551615 1 1 0 0 0 0 4612 1 1073775864 0 0 0 17 6 0 0 0 0 0 0 0 0 0 0 0 0 0
         1703830715.093  1078  1264 I ASH     : @ 1586.474: tcs3701: stop power rail pending_off timer
         1703830715.093  1078  1264 D ASH     : @ 1586.474: tcs3701: start power rail timer, state:3
         1703830715.133  1078  1264 I ASH     : @ 1586.514: tcs3701: stop power rail pending_off timer
         1703830715.133  1078  1264 D ASH     : @ 1586.514: tcs3701: start power rail timer, state:3
         1703830715.173  1078  1264 I ASH     : @ 1586.554: tcs3701: stop power rail pending_off timer
         1703830715.173  1078  1264 D ASH     : @ 1586.554: tcs3701: start power rail timer, state:3
         1703830715.213  1078  1264 I ASH     : @ 1586.594: tcs3701: stop power rail pending_off timer
         1703830715.213  1078  1264 D ASH     : @ 1586.594: tcs3701: start power rail timer, state:3
         1703830715.253  1078  1264 I ASH     : @ 1586.634: tcs3701: stop power rail pending_off timer
         1703830715.253  1078  1264 D ASH     : @ 1586.634: tcs3701: start power rail timer, state:3
         1703830715.293  1078  1264 I ASH     : @ 1586.674: tcs3701: stop power rail pending_off timer
         1703830715.293  1078  1264 D ASH     : @ 1586.674: tcs3701: start power rail timer, state:3
         1703830715.333  1078  1264 I ASH     : @ 1586.714: tcs3701: stop power rail pending_off timer
         1703830715.333  1078  1264 D ASH     : @ 1586.714: tcs3701: start power rail timer, state:3
         1703830715.373  1078  1264 I ASH     : @ 1586.754: tcs3701: stop power rail pending_off timer
         1703830715.373  1078  1264 D ASH     : @ 1586.754: tcs3701: start power rail timer, state:3
         1703830715.413  1078  1264 I ASH     : @ 1586.794: tcs3701: stop power rail pending_off timer
         1703830715.413  1078  1264 D ASH     : @ 1586.794: tcs3701: start power rail timer, state:3
         1703830715.453  1078  1264 I ASH     : @ 1586.834: tcs3701: stop power rail pending_off timer
         1703830715.453  1078  1264 D ASH     : @ 1586.834: tcs3701: start power rail timer, state:3
         1703830715.493  1078  1264 I ASH     : @ 1586.874: tcs3701: stop power rail pending_off timer
         1703830715.494  1078  1264 D ASH     : @ 1586.874: tcs3701: start power rail timer, state:3
         1703830715.495 10432 10454 I dashscene: layout over 240 frames — tick 1.13 ms, draw mean 8.40 p50 5.85 p95 13.42 max 31.35 ms (104.9 fps if unpaced)
         1703830715.533  1078  1264 I ASH     : @ 1586.914: tcs3701: stop power rail pending_off timer
         1703830715.533  1078  1264 D ASH     : @ 1586.914: tcs3701: start power rail timer, state:3
         1703830715.573  1078  1264 I ASH     : @ 1586.954: tcs3701: stop power rail pending_off timer
         1703830715.573  1078  1264 D ASH     : @ 1586.954: tcs3701: start power rail timer, state:3
         1703830715.587 10570 10570 I dashscene-cpu: 10432 (.dashscene.demo) S 1038 1038 0 0 -1 1077936448 8840 0 70 0 235 46 0 0 10 -10 18 0 156739 15179878400 41085 18446744073709551615 1 1 0 0 0 0 4612 1 1073775864 0 0 0 17 6 0 0 0 0 0 0 0 0 0 0 0 0 0
         1703830715.612 10432 10454 I dashscene: 960 frames over 960 vsyncs
         1703830715.613  1078  1264 I ASH     : @ 1586.994: tcs3701: stop power rail pending_off timer
         1703830715.613  1078  1264 D ASH     : @ 1586.994: tcs3701: start power rail timer, state:3
         1703830715.653  1078  1264 I ASH     : @ 1587.034: tcs3701: stop power rail pending_off timer
         1703830715.653  1078  1264 D ASH     : @ 1587.034: tcs3701: start power rail timer, state:3
         1703830715.693  1078  1264 I ASH     : @ 1587.074: tcs3701: stop power rail pending_off timer
         1703830715.693  1078  1264 D ASH     : @ 1587.074: tcs3701: start power rail timer, state:3
         1703830715.733  1078  1264 I ASH     : @ 1587.114: tcs3701: stop power rail pending_off timer
         1703830715.733  1078  1264 D ASH     : @ 1587.114: tcs3701: start power rail timer, state:3
         1703830715.773  1078  1264 I ASH     : @ 1587.154: tcs3701: stop power rail pending_off timer
         1703830715.773  1078  1264 D ASH     : @ 1587.154: tcs3701: start power rail timer, state:3
         1703830715.813  1078  1264 I ASH     : @ 1587.194: tcs3701: stop power rail pending_off timer
         1703830715.813  1078  1264 D ASH     : @ 1587.194: tcs3701: start power rail timer, state:3
         1703830715.853  1078  1264 I ASH     : @ 1587.234: tcs3701: stop power rail pending_off timer
         1703830715.853  1078  1264 D ASH     : @ 1587.234: tcs3701: start power rail timer, state:3
         1703830715.893  1078  1264 I ASH     : @ 1587.274: tcs3701: stop power rail pending_off timer
         1703830715.893  1078  1264 D ASH     : @ 1587.274: tcs3701: start power rail timer, state:3
         1703830715.933  1078  1264 I ASH     : @ 1587.314: tcs3701: stop power rail pending_off timer
         1703830715.933  1078  1264 D ASH     : @ 1587.314: tcs3701: start power rail timer, state:3
         1703830715.973  1078  1264 I ASH     : @ 1587.354: tcs3701: stop power rail pending_off timer
         1703830715.973  1078  1264 D ASH     : @ 1587.354: tcs3701: start power rail timer, state:3
         1703830716.013  1078  1264 I ASH     : @ 1587.394: tcs3701: stop power rail pending_off timer
         1703830716.013  1078  1264 D ASH     : @ 1587.394: tcs3701: start power rail timer, state:3
         1703830716.053  1078  1264 I ASH     : @ 1587.434: tcs3701: stop power rail pending_off timer
         1703830716.053  1078  1264 D ASH     : @ 1587.434: tcs3701: start power rail timer, state:3
         1703830716.093  1078  1264 I ASH     : @ 1587.474: tcs3701: stop power rail pending_off timer
         1703830716.093  1078  1264 D ASH     : @ 1587.474: tcs3701: start power rail timer, state:3
         1703830716.117 10573 10573 I dashscene-cpu: 10432 (.dashscene.demo) S 1038 1038 0 0 -1 1077936448 8907 0 70 0 249 47 0 0 10 -10 18 0 156739 15179878400 41085 18446744073709551615 1 1 0 0 0 0 4612 1 1073775864 0 0 0 17 6 0 0 0 0 0 0 0 0 0 0 0 0 0
         1703830716.133  1078  1264 I ASH     : @ 1587.514: tcs3701: stop power rail pending_off timer
         1703830716.133  1078  1264 D ASH     : @ 1587.514: tcs3701: start power rail timer, state:3
         1703830716.173  1078  1264 I ASH     : @ 1587.554: tcs3701: stop power rail pending_off timer
         1703830716.173  1078  1264 D ASH     : @ 1587.554: tcs3701: start power rail timer, state:3
         1703830716.214  1078  1264 I ASH     : @ 1587.594: tcs3701: stop power rail pending_off timer
         1703830716.215  1078  1264 D ASH     : @ 1587.594: tcs3701: start power rail timer, state:3
         1703830716.253  1078  1264 I ASH     : @ 1587.634: tcs3701: stop power rail pending_off timer
         1703830716.254  1078  1264 D ASH     : @ 1587.634: tcs3701: start power rail timer, state:3
         1703830716.294  1078  1264 I ASH     : @ 1587.674: tcs3701: stop power rail pending_off timer
         1703830716.295  1078  1264 D ASH     : @ 1587.674: tcs3701: start power rail timer, state:3
         1703830716.334  1078  1264 I ASH     : @ 1587.714: tcs3701: stop power rail pending_off timer
         1703830716.335  1078  1264 D ASH     : @ 1587.714: tcs3701: start power rail timer, state:3
         1703830716.373  1078  1264 I ASH     : @ 1587.754: tcs3701: stop power rail pending_off timer
         1703830716.374  1078  1264 D ASH     : @ 1587.754: tcs3701: start power rail timer, state:3
         1703830716.415  1078  1264 I ASH     : @ 1587.794: tcs3701: stop power rail pending_off timer
         1703830716.415  1078  1264 D ASH     : @ 1587.794: tcs3701: start power rail timer, state:3
         1703830716.455  1078  1264 I ASH     : @ 1587.834: tcs3701: stop power rail pending_off timer
         1703830716.455  1078  1264 D ASH     : @ 1587.834: tcs3701: start power rail timer, state:3
         1703830716.494  1078  1264 I ASH     : @ 1587.874: tcs3701: stop power rail pending_off timer
         1703830716.495  1078  1264 D ASH     : @ 1587.874: tcs3701: start power rail timer, state:3
         1703830716.535  1078  1264 I ASH     : @ 1587.914: tcs3701: stop power rail pending_off timer
         1703830716.535  1078  1264 D ASH     : @ 1587.914: tcs3701: start power rail timer, state:3
         1703830716.573  1078  1264 I ASH     : @ 1587.954: tcs3701: stop power rail pending_off timer
         1703830716.574  1078  1264 D ASH     : @ 1587.954: tcs3701: start power rail timer, state:3
         1703830716.615  1078  1264 I ASH     : @ 1587.994: tcs3701: stop power rail pending_off timer
         1703830716.615  1078  1264 D ASH     : @ 1587.994: tcs3701: start power rail timer, state:3
         1703830716.650 10576 10576 I dashscene-cpu: 10432 (.dashscene.demo) S 1038 1038 0 0 -1 1077936448 8907 0 70 0 249 48 0 0 10 -10 18 0 156739 15179878400 41085 18446744073709551615 1 1 0 0 0 0 4612 1 1073775864 0 0 0 17 6 0 0 0 0 0 0 0 0 0 0 0 0 0
         1703830716.653  1078  1264 I ASH     : @ 1588.034: tcs3701: stop power rail pending_off timer
         1703830716.653  1078  1264 D ASH     : @ 1588.034: tcs3701: start power rail timer, state:3
         1703830716.693  1078  1264 I ASH     : @ 1588.074: tcs3701: stop power rail pending_off timer
         1703830716.693  1078  1264 D ASH     : @ 1588.074: tcs3701: start power rail timer, state:3
         1703830716.735  1078  1264 I ASH     : @ 1588.114: tcs3701: stop power rail pending_off timer
         1703830716.735  1078  1264 D ASH     : @ 1588.114: tcs3701: start power rail timer, state:3
         1703830716.773  1078  1264 I ASH     : @ 1588.154: tcs3701: stop power rail pending_off timer
         1703830716.774  1078  1264 D ASH     : @ 1588.154: tcs3701: start power rail timer, state:3
         1703830716.814  1078  1264 I ASH     : @ 1588.194: tcs3701: stop power rail pending_off timer
         1703830716.815  1078  1264 D ASH     : @ 1588.194: tcs3701: start power rail timer, state:3
         1703830716.855  1078  1264 I ASH     : @ 1588.234: tcs3701: stop power rail pending_off timer
         1703830716.855  1078  1264 D ASH     : @ 1588.234: tcs3701: start power rail timer, state:3
         1703830716.895  1078  1264 I ASH     : @ 1588.274: tcs3701: stop power rail pending_off timer
         1703830716.895  1078  1264 D ASH     : @ 1588.274: tcs3701: start power rail timer, state:3
         1703830716.935  1078  1264 I ASH     : @ 1588.314: tcs3701: stop power rail pending_off timer
         1703830716.935  1078  1264 D ASH     : @ 1588.314: tcs3701: start power rail timer, state:3
         1703830716.973  1078  1264 I ASH     : @ 1588.354: tcs3701: stop power rail pending_off timer
         1703830716.973  1078  1264 D ASH     : @ 1588.354: tcs3701: start power rail timer, state:3
         1703830717.013  1078  1264 I ASH     : @ 1588.394: tcs3701: stop power rail pending_off timer
         1703830717.013  1078  1264 D ASH     : @ 1588.394: tcs3701: start power rail timer, state:3
         1703830717.053  1078  1264 I ASH     : @ 1588.434: tcs3701: stop power rail pending_off timer
         1703830717.053  1078  1264 D ASH     : @ 1588.434: tcs3701: start power rail timer, state:3
         1703830717.093  1078  1264 I ASH     : @ 1588.474: tcs3701: stop power rail pending_off timer
         1703830717.093  1078  1264 D ASH     : @ 1588.474: tcs3701: start power rail timer, state:3
         1703830717.134  1078  1264 I ASH     : @ 1588.514: tcs3701: stop power rail pending_off timer
         1703830717.134  1078  1264 D ASH     : @ 1588.514: tcs3701: start power rail timer, state:3
         1703830717.173  1078  1264 I ASH     : @ 1588.554: tcs3701: stop power rail pending_off timer
         1703830717.173  1078  1264 D ASH     : @ 1588.554: tcs3701: start power rail timer, state:3
         1703830717.181 10579 10579 I dashscene-cpu: 10432 (.dashscene.demo) S 1038 1038 0 0 -1 1077936448 8910 0 70 0 252 49 0 0 10 -10 18 0 156739 15179878400 41085 18446744073709551615 1 1 0 0 0 0 4612 1 1073775864 0 0 0 17 6 0 0 0 0 0 0 0 0 0 0 0 0 0
         1703830717.213  1078  1264 I ASH     : @ 1588.594: tcs3701: stop power rail pending_off timer
         1703830717.213  1078  1264 D ASH     : @ 1588.594: tcs3701: start power rail timer, state:3
         1703830717.254  1078  1264 I ASH     : @ 1588.634: tcs3701: stop power rail pending_off timer
         1703830717.254  1078  1264 D ASH     : @ 1588.634: tcs3701: start power rail timer, state:3
         1703830717.293  1078  1264 I ASH     : @ 1588.674: tcs3701: stop power rail pending_off timer
         1703830717.293  1078  1264 D ASH     : @ 1588.674: tcs3701: start power rail timer, state:3
         1703830717.335  1078  1264 I ASH     : @ 1588.714: tcs3701: stop power rail pending_off timer
         1703830717.335  1078  1264 D ASH     : @ 1588.714: tcs3701: start power rail timer, state:3
         1703830717.374  1078  1264 I ASH     : @ 1588.754: tcs3701: stop power rail pending_off timer
         1703830717.374  1078  1264 D ASH     : @ 1588.754: tcs3701: start power rail timer, state:3
         1703830717.415  1078  1264 I ASH     : @ 1588.794: tcs3701: stop power rail pending_off timer
         1703830717.415  1078  1264 D ASH     : @ 1588.794: tcs3701: start power rail timer, state:3
         1703830717.455  1078  1264 I ASH     : @ 1588.834: tcs3701: stop power rail pending_off timer
         1703830717.455  1078  1264 D ASH     : @ 1588.834: tcs3701: start power rail timer, state:3
         1703830717.495  1078  1264 I ASH     : @ 1588.874: tcs3701: stop power rail pending_off timer
         1703830717.495  1078  1264 D ASH     : @ 1588.874: tcs3701: start power rail timer, state:3
         1703830717.535  1078  1264 I ASH     : @ 1588.914: tcs3701: stop power rail pending_off timer
         1703830717.535  1078  1264 D ASH     : @ 1588.914: tcs3701: start power rail timer, state:3
         1703830717.574  1078  1264 I ASH     : @ 1588.954: tcs3701: stop power rail pending_off timer
         1703830717.574  1078  1264 D ASH     : @ 1588.954: tcs3701: start power rail timer, state:3
         1703830717.615  1078  1264 I ASH     : @ 1588.994: tcs3701: stop power rail pending_off timer
         1703830717.615  1078  1264 D ASH     : @ 1588.994: tcs3701: start power rail timer, state:3
         1703830717.655  1078  1264 I ASH     : @ 1589.034: tcs3701: stop power rail pending_off timer
         1703830717.655  1078  1264 D ASH     : @ 1589.034: tcs3701: start power rail timer, state:3
         1703830717.693  1078  1264 I ASH     : @ 1589.074: tcs3701: stop power rail pending_off timer
         1703830717.693  1078  1264 D ASH     : @ 1589.074: tcs3701: start power rail timer, state:3
         1703830717.710 10582 10582 I dashscene-cpu: 10432 (.dashscene.demo) S 1038 1038 0 0 -1 1077936448 8910 0 70 0 253 50 0 0 10 -10 18 0 156739 15179878400 41085 18446744073709551615 1 1 0 0 0 0 4612 1 1073775864 0 0 0 17 6 0 0 0 0 0 0 0 0 0 0 0 0 0
         1703830717.733  1078  1264 I ASH     : @ 1589.114: tcs3701: stop power rail pending_off timer
         1703830717.733  1078  1264 D ASH     : @ 1589.114: tcs3701: start power rail timer, state:3
         1703830717.774  1078  1264 I ASH     : @ 1589.154: tcs3701: stop power rail pending_off timer
         1703830717.774  1078  1264 D ASH     : @ 1589.154: tcs3701: start power rail timer, state:3
         1703830717.814  1078  1264 I ASH     : @ 1589.194: tcs3701: stop power rail pending_off timer
         1703830717.814  1078  1264 D ASH     : @ 1589.194: tcs3701: start power rail timer, state:3
         1703830717.854  1078  1264 I ASH     : @ 1589.234: tcs3701: stop power rail pending_off timer
         1703830717.854  1078  1264 D ASH     : @ 1589.234: tcs3701: start power rail timer, state:3
         1703830717.894  1078  1264 I ASH     : @ 1589.274: tcs3701: stop power rail pending_off timer
         1703830717.895  1078  1264 D ASH     : @ 1589.274: tcs3701: start power rail timer, state:3
         1703830717.935  1078  1264 I ASH     : @ 1589.314: tcs3701: stop power rail pending_off timer
         1703830717.935  1078  1264 D ASH     : @ 1589.314: tcs3701: start power rail timer, state:3
         1703830717.974  1078  1264 I ASH     : @ 1589.354: tcs3701: stop power rail pending_off timer
         1703830717.974  1078  1264 D ASH     : @ 1589.354: tcs3701: start power rail timer, state:3
         1703830718.015  1078  1264 I ASH     : @ 1589.394: tcs3701: stop power rail pending_off timer
         1703830718.015  1078  1264 D ASH     : @ 1589.394: tcs3701: start power rail timer, state:3
         1703830718.054  1078  1264 I ASH     : @ 1589.434: tcs3701: stop power rail pending_off timer
         1703830718.055  1078  1264 D ASH     : @ 1589.434: tcs3701: start power rail timer, state:3
         1703830718.093  1078  1264 I ASH     : @ 1589.474: tcs3701: stop power rail pending_off timer
         1703830718.093  1078  1264 D ASH     : @ 1589.474: tcs3701: start power rail timer, state:3
         1703830718.135  1078  1264 I ASH     : @ 1589.514: tcs3701: stop power rail pending_off timer
         1703830718.135  1078  1264 D ASH     : @ 1589.514: tcs3701: start power rail timer, state:3
         1703830718.174  1078  1264 I ASH     : @ 1589.554: tcs3701: stop power rail pending_off timer
         1703830718.175  1078  1264 D ASH     : @ 1589.554: tcs3701: start power rail timer, state:3
         1703830718.214  1078  1264 I ASH     : @ 1589.594: tcs3701: stop power rail pending_off timer
         1703830718.214  1078  1264 D ASH     : @ 1589.594: tcs3701: start power rail timer, state:3
         1703830718.237 10585 10585 I dashscene-cpu: 10432 (.dashscene.demo) S 1038 1038 0 0 -1 1077936448 8910 0 70 0 255 51 0 0 10 -10 18 0 156739 15179878400 41085 18446744073709551615 1 1 0 0 0 0 4612 1 1073775864 0 0 0 17 6 0 0 0 0 0 0 0 0 0 0 0 0 0
         1703830718.253  1078  1264 I ASH     : @ 1589.634: tcs3701: stop power rail pending_off timer
         1703830718.253  1078  1264 D ASH     : @ 1589.634: tcs3701: start power rail timer, state:3
         1703830718.293  1078  1264 I ASH     : @ 1589.674: tcs3701: stop power rail pending_off timer
         1703830718.293  1078  1264 D ASH     : @ 1589.674: tcs3701: start power rail timer, state:3
         1703830718.335  1078  1264 I ASH     : @ 1589.714: tcs3701: stop power rail pending_off timer
         1703830718.335  1078  1264 D ASH     : @ 1589.714: tcs3701: start power rail timer, state:3
         1703830718.374  1078  1264 I ASH     : @ 1589.754: tcs3701: stop power rail pending_off timer
         1703830718.375  1078  1264 D ASH     : @ 1589.754: tcs3701: start power rail timer, state:3
         1703830718.415  1078  1264 I ASH     : @ 1589.794: tcs3701: stop power rail pending_off timer
         1703830718.415  1078  1264 D ASH     : @ 1589.794: tcs3701: start power rail timer, state:3
         1703830718.454  1078  1264 I ASH     : @ 1589.834: tcs3701: stop power rail pending_off timer
         1703830718.455  1078  1264 D ASH     : @ 1589.834: tcs3701: start power rail timer, state:3
         1703830718.493  1078  1264 I ASH     : @ 1589.874: tcs3701: stop power rail pending_off timer
         1703830718.493  1078  1264 D ASH     : @ 1589.874: tcs3701: start power rail timer, state:3
         1703830718.534  1078  1264 I ASH     : @ 1589.914: tcs3701: stop power rail pending_off timer
         1703830718.535  1078  1264 D ASH     : @ 1589.914: tcs3701: start power rail timer, state:3
         1703830718.574  1078  1264 I ASH     : @ 1589.954: tcs3701: stop power rail pending_off timer
         1703830718.575  1078  1264 D ASH     : @ 1589.954: tcs3701: start power rail timer, state:3
         1703830718.614  1078  1264 I ASH     : @ 1589.994: tcs3701: stop power rail pending_off timer
         1703830718.615  1078  1264 D ASH     : @ 1589.994: tcs3701: start power rail timer, state:3
         1703830718.654  1078  1264 I ASH     : @ 1590.034: tcs3701: stop power rail pending_off timer
         1703830718.655  1078  1264 D ASH     : @ 1590.034: tcs3701: start power rail timer, state:3
         1703830718.693  1078  1264 I ASH     : @ 1590.074: tcs3701: stop power rail pending_off timer
         1703830718.693  1078  1264 D ASH     : @ 1590.074: tcs3701: start power rail timer, state:3
         1703830718.734  1078  1264 I ASH     : @ 1590.114: tcs3701: stop power rail pending_off timer
         1703830718.735  1078  1264 D ASH     : @ 1590.114: tcs3701: start power rail timer, state:3
         1703830718.765 10588 10588 I dashscene-cpu: 10432 (.dashscene.demo) S 1038 1038 0 0 -1 1077936448 8910 0 70 0 256 51 0 0 10 -10 18 0 156739 15179878400 41085 18446744073709551615 1 1 0 0 0 0 4612 1 1073775864 0 0 0 17 6 0 0 0 0 0 0 0 0 0 0 0 0 0
         1703830718.773  1078  1264 I ASH     : @ 1590.154: tcs3701: stop power rail pending_off timer
         1703830718.773  1078  1264 D ASH     : @ 1590.154: tcs3701: start power rail timer, state:3
         1703830718.813  1078  1264 I ASH     : @ 1590.194: tcs3701: stop power rail pending_off timer
         1703830718.813  1078  1264 D ASH     : @ 1590.194: tcs3701: start power rail timer, state:3
         1703830718.854  1078  1264 I ASH     : @ 1590.234: tcs3701: stop power rail pending_off timer
         1703830718.854  1078  1264 D ASH     : @ 1590.234: tcs3701: start power rail timer, state:3
         1703830718.893  1078  1264 I ASH     : @ 1590.274: tcs3701: stop power rail pending_off timer
         1703830718.894  1078  1264 D ASH     : @ 1590.274: tcs3701: start power rail timer, state:3
         1703830718.935  1078  1264 I ASH     : @ 1590.314: tcs3701: stop power rail pending_off timer
         1703830718.935  1078  1264 D ASH     : @ 1590.314: tcs3701: start power rail timer, state:3
         1703830718.974  1078  1264 I ASH     : @ 1590.354: tcs3701: stop power rail pending_off timer
         1703830718.974  1078  1264 D ASH     : @ 1590.354: tcs3701: start power rail timer, state:3
         1703830719.015  1078  1264 I ASH     : @ 1590.394: tcs3701: stop power rail pending_off timer
         1703830719.015  1078  1264 D ASH     : @ 1590.394: tcs3701: start power rail timer, state:3
         1703830719.054  1078  1264 I ASH     : @ 1590.434: tcs3701: stop power rail pending_off timer
         1703830719.055  1078  1264 D ASH     : @ 1590.434: tcs3701: start power rail timer, state:3
         1703830719.093  1078  1264 I ASH     : @ 1590.474: tcs3701: stop power rail pending_off timer
         1703830719.094  1078  1264 D ASH     : @ 1590.474: tcs3701: start power rail timer, state:3
         1703830719.135  1078  1264 I ASH     : @ 1590.514: tcs3701: stop power rail pending_off timer
         1703830719.135  1078  1264 D ASH     : @ 1590.514: tcs3701: start power rail timer, state:3
         1703830719.175  1078  1264 I ASH     : @ 1590.554: tcs3701: stop power rail pending_off timer
         1703830719.175  1078  1264 D ASH     : @ 1590.554: tcs3701: start power rail timer, state:3
         1703830719.215  1078  1264 I ASH     : @ 1590.594: tcs3701: stop power rail pending_off timer
         1703830719.215  1078  1264 D ASH     : @ 1590.594: tcs3701: start power rail timer, state:3
         1703830719.255  1078  1264 I ASH     : @ 1590.634: tcs3701: stop power rail pending_off timer
         1703830719.255  1078  1264 D ASH     : @ 1590.634: tcs3701: start power rail timer, state:3
         1703830719.293  1078  1264 I ASH     : @ 1590.674: tcs3701: stop power rail pending_off timer
         1703830719.293  1078  1264 D ASH     : @ 1590.674: tcs3701: start power rail timer, state:3
         1703830719.298 10591 10591 I dashscene-cpu: 10432 (.dashscene.demo) S 1038 1038 0 0 -1 1077936448 8910 0 70 0 258 52 0 0 10 -10 18 0 156739 15179878400 41085 18446744073709551615 1 1 0 0 0 0 4612 1 1073775864 0 0 0 17 6 0 0 0 0 0 0 0 0 0 0 0 0 0
         1703830719.333  1078  1264 I ASH     : @ 1590.714: tcs3701: stop power rail pending_off timer
         1703830719.333  1078  1264 D ASH     : @ 1590.714: tcs3701: start power rail timer, state:3
         1703830719.374  1078  1264 I ASH     : @ 1590.754: tcs3701: stop power rail pending_off timer
         1703830719.374  1078  1264 D ASH     : @ 1590.754: tcs3701: start power rail timer, state:3
         1703830719.413  1078  1264 I ASH     : @ 1590.794: tcs3701: stop power rail pending_off timer
         1703830719.414  1078  1264 D ASH     : @ 1590.794: tcs3701: start power rail timer, state:3
         1703830719.453  1078  1264 I ASH     : @ 1590.834: tcs3701: stop power rail pending_off timer
         1703830719.453  1078  1264 D ASH     : @ 1590.834: tcs3701: start power rail timer, state:3
         1703830719.493  1078  1264 I ASH     : @ 1590.874: tcs3701: stop power rail pending_off timer
         1703830719.493  1078  1264 D ASH     : @ 1590.874: tcs3701: start power rail timer, state:3
         1703830719.533  1078  1264 I ASH     : @ 1590.914: tcs3701: stop power rail pending_off timer
         1703830719.533  1078  1264 D ASH     : @ 1590.914: tcs3701: start power rail timer, state:3
         1703830719.573  1078  1264 I ASH     : @ 1590.954: tcs3701: stop power rail pending_off timer
         1703830719.573  1078  1264 D ASH     : @ 1590.954: tcs3701: start power rail timer, state:3
         1703830719.613  1078  1264 I ASH     : @ 1590.994: tcs3701: stop power rail pending_off timer
         1703830719.613  1078  1264 D ASH     : @ 1590.994: tcs3701: start power rail timer, state:3
         1703830719.653  1078  1264 I ASH     : @ 1591.034: tcs3701: stop power rail pending_off timer
         1703830719.653  1078  1264 D ASH     : @ 1591.034: tcs3701: start power rail timer, state:3
         1703830719.665 10432 10454 I dashscene: 1200 frames over 1200 vsyncs
         1703830719.693  1078  1264 I ASH     : @ 1591.074: tcs3701: stop power rail pending_off timer
         1703830719.693  1078  1264 D ASH     : @ 1591.074: tcs3701: start power rail timer, state:3
         1703830719.733  1078  1264 I ASH     : @ 1591.114: tcs3701: stop power rail pending_off timer
         1703830719.733  1078  1264 D ASH     : @ 1591.114: tcs3701: start power rail timer, state:3
         1703830719.773  1078  1264 I ASH     : @ 1591.154: tcs3701: stop power rail pending_off timer
         1703830719.773  1078  1264 D ASH     : @ 1591.154: tcs3701: start power rail timer, state:3
         1703830719.813  1078  1264 I ASH     : @ 1591.194: tcs3701: stop power rail pending_off timer
         1703830719.813  1078  1264 D ASH     : @ 1591.194: tcs3701: start power rail timer, state:3
         1703830719.826 10597 10597 I dashscene-cpu: 10432 (.dashscene.demo) S 1038 1038 0 0 -1 1077936448 8981 0 70 0 274 53 0 0 10 -10 18 0 156739 15179878400 41081 18446744073709551615 1 1 0 0 0 0 4612 1 1073775864 0 0 0 17 6 0 0 0 0 0 0 0 0 0 0 0 0 0
         1703830719.853  1078  1264 I ASH     : @ 1591.234: tcs3701: stop power rail pending_off timer
         1703830719.853  1078  1264 D ASH     : @ 1591.234: tcs3701: start power rail timer, state:3
         1703830719.893  1078  1264 I ASH     : @ 1591.274: tcs3701: stop power rail pending_off timer
         1703830719.893  1078  1264 D ASH     : @ 1591.274: tcs3701: start power rail timer, state:3
         1703830719.933  1078  1264 I ASH     : @ 1591.314: tcs3701: stop power rail pending_off timer
         1703830719.933  1078  1264 D ASH     : @ 1591.314: tcs3701: start power rail timer, state:3
         1703830719.973  1078  1264 I ASH     : @ 1591.354: tcs3701: stop power rail pending_off timer
         1703830719.973  1078  1264 D ASH     : @ 1591.354: tcs3701: start power rail timer, state:3
         1703830720.013  1078  1264 I ASH     : @ 1591.394: tcs3701: stop power rail pending_off timer
         1703830720.013  1078  1264 D ASH     : @ 1591.394: tcs3701: start power rail timer, state:3
         1703830720.053  1078  1264 I ASH     : @ 1591.434: tcs3701: stop power rail pending_off timer
         1703830720.053  1078  1264 D ASH     : @ 1591.434: tcs3701: start power rail timer, state:3
         1703830720.093  1078  1264 I ASH     : @ 1591.474: tcs3701: stop power rail pending_off timer
         1703830720.093  1078  1264 D ASH     : @ 1591.474: tcs3701: start power rail timer, state:3
         1703830720.133  1078  1264 I ASH     : @ 1591.514: tcs3701: stop power rail pending_off timer
         1703830720.133  1078  1264 D ASH     : @ 1591.514: tcs3701: start power rail timer, state:3
         1703830720.173  1078  1264 I ASH     : @ 1591.554: tcs3701: stop power rail pending_off timer
         1703830720.173  1078  1264 D ASH     : @ 1591.554: tcs3701: start power rail timer, state:3
         1703830720.213  1078  1264 I ASH     : @ 1591.594: tcs3701: stop power rail pending_off timer
         1703830720.213  1078  1264 D ASH     : @ 1591.594: tcs3701: start power rail timer, state:3
         1703830720.253  1078  1264 I ASH     : @ 1591.634: tcs3701: stop power rail pending_off timer
         1703830720.253  1078  1264 D ASH     : @ 1591.634: tcs3701: start power rail timer, state:3
         1703830720.293  1078  1264 I ASH     : @ 1591.674: tcs3701: stop power rail pending_off timer
         1703830720.293  1078  1264 D ASH     : @ 1591.674: tcs3701: start power rail timer, state:3
         1703830720.333  1078  1264 I ASH     : @ 1591.714: tcs3701: stop power rail pending_off timer
         1703830720.333  1078  1264 D ASH     : @ 1591.714: tcs3701: start power rail timer, state:3
         1703830720.358 10600 10600 I dashscene-cpu: 10432 (.dashscene.demo) S 1038 1038 0 0 -1 1077936448 9077 0 70 0 291 57 0 0 10 -10 18 0 156739 15179878400 41081 18446744073709551615 1 1 0 0 0 0 4612 1 1073775864 0 0 0 17 6 0 0 0 0 0 0 0 0 0 0 0 0 0
         1703830720.373  1078  1264 I ASH     : @ 1591.754: tcs3701: stop power rail pending_off timer
         1703830720.373  1078  1264 D ASH     : @ 1591.754: tcs3701: start power rail timer, state:3
         1703830720.413  1078  1264 I ASH     : @ 1591.794: tcs3701: stop power rail pending_off timer
         1703830720.413  1078  1264 D ASH     : @ 1591.794: tcs3701: start power rail timer, state:3
         1703830720.453  1078  1264 I ASH     : @ 1591.834: tcs3701: stop power rail pending_off timer
         1703830720.453  1078  1264 D ASH     : @ 1591.834: tcs3701: start power rail timer, state:3
         1703830720.493  1078  1264 I ASH     : @ 1591.874: tcs3701: stop power rail pending_off timer
         1703830720.493  1078  1264 D ASH     : @ 1591.874: tcs3701: start power rail timer, state:3
         1703830720.533  1078  1264 I ASH     : @ 1591.914: tcs3701: stop power rail pending_off timer
         1703830720.533  1078  1264 D ASH     : @ 1591.914: tcs3701: start power rail timer, state:3
         1703830720.573  1078  1264 I ASH     : @ 1591.954: tcs3701: stop power rail pending_off timer
         1703830720.573  1078  1264 D ASH     : @ 1591.954: tcs3701: start power rail timer, state:3
         1703830720.613  1078  1264 I ASH     : @ 1591.994: tcs3701: stop power rail pending_off timer
         1703830720.613  1078  1264 D ASH     : @ 1591.994: tcs3701: start power rail timer, state:3
         1703830720.653  1078  1264 I ASH     : @ 1592.034: tcs3701: stop power rail pending_off timer
         1703830720.653  1078  1264 D ASH     : @ 1592.034: tcs3701: start power rail timer, state:3
         1703830720.693  1078  1264 I ASH     : @ 1592.074: tcs3701: stop power rail pending_off timer
         1703830720.693  1078  1264 D ASH     : @ 1592.074: tcs3701: start power rail timer, state:3
         1703830720.733  1078  1264 I ASH     : @ 1592.114: tcs3701: stop power rail pending_off timer
         1703830720.733  1078  1264 D ASH     : @ 1592.114: tcs3701: start power rail timer, state:3
         1703830720.773  1078  1264 I ASH     : @ 1592.154: tcs3701: stop power rail pending_off timer
         1703830720.773  1078  1264 D ASH     : @ 1592.154: tcs3701: start power rail timer, state:3
         1703830720.813  1078  1264 I ASH     : @ 1592.194: tcs3701: stop power rail pending_off timer
         1703830720.813  1078  1264 D ASH     : @ 1592.194: tcs3701: start power rail timer, state:3
         1703830720.853  1078  1264 I ASH     : @ 1592.234: tcs3701: stop power rail pending_off timer
         1703830720.853  1078  1264 D ASH     : @ 1592.234: tcs3701: start power rail timer, state:3
         1703830720.889 10603 10603 I dashscene-cpu: 10432 (.dashscene.demo) S 1038 1038 0 0 -1 1077936448 9173 0 70 0 309 59 0 0 10 -10 18 0 156739 15179878400 41081 18446744073709551615 1 1 0 0 0 0 4612 1 1073775864 0 0 0 17 6 0 0 0 0 0 0 0 0 0 0 0 0 0
         1703830720.893  1078  1264 I ASH     : @ 1592.274: tcs3701: stop power rail pending_off timer
         1703830720.893  1078  1264 D ASH     : @ 1592.274: tcs3701: start power rail timer, state:3
         1703830720.933  1078  1264 I ASH     : @ 1592.314: tcs3701: stop power rail pending_off timer
         1703830720.933  1078  1264 D ASH     : @ 1592.314: tcs3701: start power rail timer, state:3
         1703830720.973  1078  1264 I ASH     : @ 1592.354: tcs3701: stop power rail pending_off timer
         1703830720.973  1078  1264 D ASH     : @ 1592.354: tcs3701: start power rail timer, state:3
         1703830721.013  1078  1264 I ASH     : @ 1592.394: tcs3701: stop power rail pending_off timer
         1703830721.013  1078  1264 D ASH     : @ 1592.394: tcs3701: start power rail timer, state:3
         1703830721.053  1078  1264 I ASH     : @ 1592.434: tcs3701: stop power rail pending_off timer
         1703830721.053  1078  1264 D ASH     : @ 1592.434: tcs3701: start power rail timer, state:3
         1703830721.092  1078  1264 I ASH     : @ 1592.474: tcs3701: stop power rail pending_off timer
         1703830721.093  1078  1264 D ASH     : @ 1592.474: tcs3701: start power rail timer, state:3
         1703830721.134  1078  1264 I ASH     : @ 1592.514: tcs3701: stop power rail pending_off timer
         1703830721.135  1078  1264 D ASH     : @ 1592.514: tcs3701: start power rail timer, state:3
         1703830721.175  1078  1264 I ASH     : @ 1592.554: tcs3701: stop power rail pending_off timer
         1703830721.175  1078  1264 D ASH     : @ 1592.554: tcs3701: start power rail timer, state:3
         1703830721.215  1078  1264 I ASH     : @ 1592.594: tcs3701: stop power rail pending_off timer
         1703830721.215  1078  1264 D ASH     : @ 1592.594: tcs3701: start power rail timer, state:3
         1703830721.253  1078  1264 I ASH     : @ 1592.634: tcs3701: stop power rail pending_off timer
         1703830721.253  1078  1264 D ASH     : @ 1592.634: tcs3701: start power rail timer, state:3
         1703830721.293  1078  1264 I ASH     : @ 1592.674: tcs3701: stop power rail pending_off timer
         1703830721.293  1078  1264 D ASH     : @ 1592.674: tcs3701: start power rail timer, state:3
         1703830721.334  1078  1264 I ASH     : @ 1592.714: tcs3701: stop power rail pending_off timer
         1703830721.335  1078  1264 D ASH     : @ 1592.714: tcs3701: start power rail timer, state:3
         1703830721.374  1078  1264 I ASH     : @ 1592.754: tcs3701: stop power rail pending_off timer
         1703830721.375  1078  1264 D ASH     : @ 1592.754: tcs3701: start power rail timer, state:3
         1703830721.413  1078  1264 I ASH     : @ 1592.794: tcs3701: stop power rail pending_off timer
         1703830721.413  1078  1264 D ASH     : @ 1592.794: tcs3701: start power rail timer, state:3
         1703830721.422 10606 10606 I dashscene-cpu: 10432 (.dashscene.demo) S 1038 1038 0 0 -1 1077936448 9185 0 70 0 312 60 0 0 10 -10 18 0 156739 15179878400 41081 18446744073709551615 1 1 0 0 0 0 4612 1 1073775864 0 0 0 17 6 0 0 0 0 0 0 0 0 0 0 0 0 0
         1703830721.453  1078  1264 I ASH     : @ 1592.834: tcs3701: stop power rail pending_off timer
         1703830721.453  1078  1264 D ASH     : @ 1592.834: tcs3701: start power rail timer, state:3
         1703830721.493  1078  1264 I ASH     : @ 1592.874: tcs3701: stop power rail pending_off timer
         1703830721.494  1078  1264 D ASH     : @ 1592.874: tcs3701: start power rail timer, state:3
         1703830721.534  1078  1264 I ASH     : @ 1592.914: tcs3701: stop power rail pending_off timer
         1703830721.535  1078  1264 D ASH     : @ 1592.914: tcs3701: start power rail timer, state:3
         1703830721.574  1078  1264 I ASH     : @ 1592.954: tcs3701: stop power rail pending_off timer
         1703830721.574  1078  1264 D ASH     : @ 1592.954: tcs3701: start power rail timer, state:3
         1703830721.614  1078  1264 I ASH     : @ 1592.994: tcs3701: stop power rail pending_off timer
         1703830721.615  1078  1264 D ASH     : @ 1592.994: tcs3701: start power rail timer, state:3
         1703830721.655  1078  1264 I ASH     : @ 1593.034: tcs3701: stop power rail pending_off timer
         1703830721.655  1078  1264 D ASH     : @ 1593.034: tcs3701: start power rail timer, state:3
         1703830721.694  1078  1264 I ASH     : @ 1593.074: tcs3701: stop power rail pending_off timer
         1703830721.694  1078  1264 D ASH     : @ 1593.074: tcs3701: start power rail timer, state:3
         1703830721.735  1078  1264 I ASH     : @ 1593.114: tcs3701: stop power rail pending_off timer
         1703830721.735  1078  1264 D ASH     : @ 1593.114: tcs3701: start power rail timer, state:3
         1703830721.774  1078  1264 I ASH     : @ 1593.154: tcs3701: stop power rail pending_off timer
         1703830721.774  1078  1264 D ASH     : @ 1593.154: tcs3701: start power rail timer, state:3
         1703830721.813  1078  1264 I ASH     : @ 1593.194: tcs3701: stop power rail pending_off timer
         1703830721.813  1078  1264 D ASH     : @ 1593.194: tcs3701: start power rail timer, state:3
         1703830721.854  1078  1264 I ASH     : @ 1593.234: tcs3701: stop power rail pending_off timer
         1703830721.855  1078  1264 D ASH     : @ 1593.234: tcs3701: start power rail timer, state:3
         1703830721.894  1078  1264 I ASH     : @ 1593.274: tcs3701: stop power rail pending_off timer
         1703830721.894  1078  1264 D ASH     : @ 1593.274: tcs3701: start power rail timer, state:3
         1703830721.933  1078  1264 I ASH     : @ 1593.314: tcs3701: stop power rail pending_off timer
         1703830721.933  1078  1264 D ASH     : @ 1593.314: tcs3701: start power rail timer, state:3
         1703830721.953 10609 10609 I dashscene-cpu: 10432 (.dashscene.demo) S 1038 1038 0 0 -1 1077936448 9185 0 70 0 313 61 0 0 10 -10 18 0 156739 15179878400 41081 18446744073709551615 1 1 0 0 0 0 4612 1 1073775864 0 0 0 17 6 0 0 0 0 0 0 0 0 0 0 0 0 0
         1703830721.973  1078  1264 I ASH     : @ 1593.354: tcs3701: stop power rail pending_off timer
         1703830721.973  1078  1264 D ASH     : @ 1593.354: tcs3701: start power rail timer, state:3
         1703830722.013  1078  1264 I ASH     : @ 1593.394: tcs3701: stop power rail pending_off timer
         1703830722.013  1078  1264 D ASH     : @ 1593.394: tcs3701: start power rail timer, state:3
         1703830722.053  1078  1264 I ASH     : @ 1593.434: tcs3701: stop power rail pending_off timer
         1703830722.053  1078  1264 D ASH     : @ 1593.434: tcs3701: start power rail timer, state:3
         1703830722.093  1078  1264 I ASH     : @ 1593.474: tcs3701: stop power rail pending_off timer
         1703830722.093  1078  1264 D ASH     : @ 1593.474: tcs3701: start power rail timer, state:3
         1703830722.135  1078  1264 I ASH     : @ 1593.514: tcs3701: stop power rail pending_off timer
         1703830722.135  1078  1264 D ASH     : @ 1593.514: tcs3701: start power rail timer, state:3
         1703830722.174  1078  1264 I ASH     : @ 1593.554: tcs3701: stop power rail pending_off timer
         1703830722.174  1078  1264 D ASH     : @ 1593.554: tcs3701: start power rail timer, state:3
         1703830722.213  1078  1264 I ASH     : @ 1593.594: tcs3701: stop power rail pending_off timer
         1703830722.214  1078  1264 D ASH     : @ 1593.594: tcs3701: start power rail timer, state:3
         1703830722.255  1078  1264 I ASH     : @ 1593.634: tcs3701: stop power rail pending_off timer
         1703830722.255  1078  1264 D ASH     : @ 1593.634: tcs3701: start power rail timer, state:3
         1703830722.294  1078  1264 I ASH     : @ 1593.674: tcs3701: stop power rail pending_off timer
         1703830722.294  1078  1264 D ASH     : @ 1593.674: tcs3701: start power rail timer, state:3
         1703830722.335  1078  1264 I ASH     : @ 1593.714: tcs3701: stop power rail pending_off timer
         1703830722.335  1078  1264 D ASH     : @ 1593.714: tcs3701: start power rail timer, state:3
         1703830722.374  1078  1264 I ASH     : @ 1593.754: tcs3701: stop power rail pending_off timer
         1703830722.374  1078  1264 D ASH     : @ 1593.754: tcs3701: start power rail timer, state:3
         1703830722.413  1078  1264 I ASH     : @ 1593.794: tcs3701: stop power rail pending_off timer
         1703830722.413  1078  1264 D ASH     : @ 1593.794: tcs3701: start power rail timer, state:3
         1703830722.454  1078  1264 I ASH     : @ 1593.834: tcs3701: stop power rail pending_off timer
         1703830722.455  1078  1264 D ASH     : @ 1593.834: tcs3701: start power rail timer, state:3
         1703830722.482 10612 10612 I dashscene-cpu: 10432 (.dashscene.demo) S 1038 1038 0 0 -1 1077936448 9188 0 70 0 315 62 0 0 10 -10 18 0 156739 15179878400 41080 18446744073709551615 1 1 0 0 0 0 4612 1 1073775864 0 0 0 17 6 0 0 0 0 0 0 0 0 0 0 0 0 0
         1703830722.493  1078  1264 I ASH     : @ 1593.874: tcs3701: stop power rail pending_off timer
         1703830722.493  1078  1264 D ASH     : @ 1593.874: tcs3701: start power rail timer, state:3
         1703830722.534  1078  1264 I ASH     : @ 1593.914: tcs3701: stop power rail pending_off timer
         1703830722.535  1078  1264 D ASH     : @ 1593.914: tcs3701: start power rail timer, state:3
         1703830722.574  1078  1264 I ASH     : @ 1593.954: tcs3701: stop power rail pending_off timer
         1703830722.575  1078  1264 D ASH     : @ 1593.954: tcs3701: start power rail timer, state:3
         1703830722.613  1078  1264 I ASH     : @ 1593.994: tcs3701: stop power rail pending_off timer
         1703830722.614  1078  1264 D ASH     : @ 1593.994: tcs3701: start power rail timer, state:3
         1703830722.654  1078  1264 I ASH     : @ 1594.034: tcs3701: stop power rail pending_off timer
         1703830722.655  1078  1264 D ASH     : @ 1594.034: tcs3701: start power rail timer, state:3
         1703830722.694  1078  1264 I ASH     : @ 1594.074: tcs3701: stop power rail pending_off timer
         1703830722.694  1078  1264 D ASH     : @ 1594.074: tcs3701: start power rail timer, state:3
         1703830722.734  1078  1264 I ASH     : @ 1594.114: tcs3701: stop power rail pending_off timer
         1703830722.735  1078  1264 D ASH     : @ 1594.114: tcs3701: start power rail timer, state:3
         1703830722.774  1078  1264 I ASH     : @ 1594.154: tcs3701: stop power rail pending_off timer
         1703830722.774  1078  1264 D ASH     : @ 1594.154: tcs3701: start power rail timer, state:3
         1703830722.813  1078  1264 I ASH     : @ 1594.194: tcs3701: stop power rail pending_off timer
         1703830722.813  1078  1264 D ASH     : @ 1594.194: tcs3701: start power rail timer, state:3
         1703830722.855  1078  1264 I ASH     : @ 1594.234: tcs3701: stop power rail pending_off timer
         1703830722.855  1078  1264 D ASH     : @ 1594.234: tcs3701: start power rail timer, state:3
         1703830722.894  1078  1264 I ASH     : @ 1594.274: tcs3701: stop power rail pending_off timer
         1703830722.894  1078  1264 D ASH     : @ 1594.274: tcs3701: start power rail timer, state:3
         1703830722.934  1078  1264 I ASH     : @ 1594.314: tcs3701: stop power rail pending_off timer
         1703830722.935  1078  1264 D ASH     : @ 1594.314: tcs3701: start power rail timer, state:3
         1703830722.974  1078  1264 I ASH     : @ 1594.354: tcs3701: stop power rail pending_off timer
         1703830722.974  1078  1264 D ASH     : @ 1594.354: tcs3701: start power rail timer, state:3
         1703830723.012 10615 10615 I dashscene-cpu: 10432 (.dashscene.demo) S 1038 1038 0 0 -1 1077936448 9188 0 70 0 317 62 0 0 10 -10 18 0 156739 15179878400 41080 18446744073709551615 1 1 0 0 0 0 4612 1 1073775864 0 0 0 17 6 0 0 0 0 0 0 0 0 0 0 0 0 0
         1703830723.013  1078  1264 I ASH     : @ 1594.394: tcs3701: stop power rail pending_off timer
         1703830723.013  1078  1264 D ASH     : @ 1594.394: tcs3701: start power rail timer, state:3
         1703830723.053  1078  1264 I ASH     : @ 1594.434: tcs3701: stop power rail pending_off timer
         1703830723.053  1078  1264 D ASH     : @ 1594.434: tcs3701: start power rail timer, state:3
         1703830723.094  1078  1264 I ASH     : @ 1594.474: tcs3701: stop power rail pending_off timer
         1703830723.095  1078  1264 D ASH     : @ 1594.474: tcs3701: start power rail timer, state:3
         1703830723.134  1078  1264 I ASH     : @ 1594.514: tcs3701: stop power rail pending_off timer
         1703830723.134  1078  1264 D ASH     : @ 1594.514: tcs3701: start power rail timer, state:3
         1703830723.174  1078  1264 I ASH     : @ 1594.554: tcs3701: stop power rail pending_off timer
         1703830723.175  1078  1264 D ASH     : @ 1594.554: tcs3701: start power rail timer, state:3
         1703830723.213  1078  1264 I ASH     : @ 1594.594: tcs3701: stop power rail pending_off timer
         1703830723.213  1078  1264 D ASH     : @ 1594.594: tcs3701: start power rail timer, state:3
         1703830723.254  1078  1264 I ASH     : @ 1594.634: tcs3701: stop power rail pending_off timer
         1703830723.254  1078  1264 D ASH     : @ 1594.634: tcs3701: start power rail timer, state:3
         1703830723.294  1078  1264 I ASH     : @ 1594.674: tcs3701: stop power rail pending_off timer
         1703830723.295  1078  1264 D ASH     : @ 1594.674: tcs3701: start power rail timer, state:3
         1703830723.335  1078  1264 I ASH     : @ 1594.714: tcs3701: stop power rail pending_off timer
         1703830723.335  1078  1264 D ASH     : @ 1594.714: tcs3701: start power rail timer, state:3
         1703830723.374  1078  1264 I ASH     : @ 1594.754: tcs3701: stop power rail pending_off timer
         1703830723.375  1078  1264 D ASH     : @ 1594.754: tcs3701: start power rail timer, state:3
         1703830723.413  1078  1264 I ASH     : @ 1594.794: tcs3701: stop power rail pending_off timer
         1703830723.413  1078  1264 D ASH     : @ 1594.794: tcs3701: start power rail timer, state:3
         1703830723.455  1078  1264 I ASH     : @ 1594.834: tcs3701: stop power rail pending_off timer
         1703830723.455  1078  1264 D ASH     : @ 1594.834: tcs3701: start power rail timer, state:3
         1703830723.494  1078  1264 I ASH     : @ 1594.874: tcs3701: stop power rail pending_off timer
         1703830723.495  1078  1264 D ASH     : @ 1594.874: tcs3701: start power rail timer, state:3
         1703830723.533  1078  1264 I ASH     : @ 1594.914: tcs3701: stop power rail pending_off timer
         1703830723.533  1078  1264 D ASH     : @ 1594.914: tcs3701: start power rail timer, state:3
         1703830723.545 10618 10618 I dashscene-cpu: 10432 (.dashscene.demo) S 1038 1038 0 0 -1 1077936448 9188 0 70 0 319 63 0 0 10 -10 18 0 156739 15179878400 41080 18446744073709551615 1 1 0 0 0 0 4612 1 1073775864 0 0 0 17 6 0 0 0 0 0 0 0 0 0 0 0 0 0
         1703830723.573  1078  1264 I ASH     : @ 1594.954: tcs3701: stop power rail pending_off timer
         1703830723.573  1078  1264 D ASH     : @ 1594.954: tcs3701: start power rail timer, state:3
         1703830723.613  1078  1264 I ASH     : @ 1594.994: tcs3701: stop power rail pending_off timer
         1703830723.614  1078  1264 D ASH     : @ 1594.994: tcs3701: start power rail timer, state:3
         1703830723.655  1078  1264 I ASH     : @ 1595.034: tcs3701: stop power rail pending_off timer
         1703830723.655  1078  1264 D ASH     : @ 1595.034: tcs3701: start power rail timer, state:3
         1703830723.662 10432 10454 I dashscene: 1440 frames over 1440 vsyncs
         1703830723.695  1078  1264 I ASH     : @ 1595.074: tcs3701: stop power rail pending_off timer
         1703830723.695  1078  1264 D ASH     : @ 1595.074: tcs3701: start power rail timer, state:3
         1703830723.734  1078  1264 I ASH     : @ 1595.114: tcs3701: stop power rail pending_off timer
         1703830723.735  1078  1264 D ASH     : @ 1595.114: tcs3701: start power rail timer, state:3
         1703830723.774  1078  1264 I ASH     : @ 1595.154: tcs3701: stop power rail pending_off timer
         1703830723.774  1078  1264 D ASH     : @ 1595.154: tcs3701: start power rail timer, state:3
         1703830723.813  1078  1264 I ASH     : @ 1595.194: tcs3701: stop power rail pending_off timer
         1703830723.813  1078  1264 D ASH     : @ 1595.194: tcs3701: start power rail timer, state:3
         1703830723.854  1078  1264 I ASH     : @ 1595.234: tcs3701: stop power rail pending_off timer
         1703830723.855  1078  1264 D ASH     : @ 1595.234: tcs3701: start power rail timer, state:3
         1703830723.893  1078  1264 I ASH     : @ 1595.274: tcs3701: stop power rail pending_off timer
         1703830723.893  1078  1264 D ASH     : @ 1595.274: tcs3701: start power rail timer, state:3
         1703830723.935  1078  1264 I ASH     : @ 1595.314: tcs3701: stop power rail pending_off timer
         1703830723.935  1078  1264 D ASH     : @ 1595.314: tcs3701: start power rail timer, state:3
         1703830723.974  1078  1264 I ASH     : @ 1595.354: tcs3701: stop power rail pending_off timer
         1703830723.974  1078  1264 D ASH     : @ 1595.354: tcs3701: start power rail timer, state:3
         1703830724.013  1078  1264 I ASH     : @ 1595.394: tcs3701: stop power rail pending_off timer
         1703830724.014  1078  1264 D ASH     : @ 1595.394: tcs3701: start power rail timer, state:3
         1703830724.054  1078  1264 I ASH     : @ 1595.434: tcs3701: stop power rail pending_off timer
         1703830724.055  1078  1264 D ASH     : @ 1595.434: tcs3701: start power rail timer, state:3
         1703830724.078 10621 10621 I dashscene-cpu: 10432 (.dashscene.demo) S 1038 1038 0 0 -1 1077936448 9188 0 70 0 320 64 0 0 10 -10 18 0 156739 15179878400 41080 18446744073709551615 1 1 0 0 0 0 4612 1 1073775864 0 0 0 17 6 0 0 0 0 0 0 0 0 0 0 0 0 0
         1703830724.093  1078  1264 I ASH     : @ 1595.474: tcs3701: stop power rail pending_off timer
         1703830724.093  1078  1264 D ASH     : @ 1595.474: tcs3701: start power rail timer, state:3
         1703830724.134  1078  1264 I ASH     : @ 1595.514: tcs3701: stop power rail pending_off timer
         1703830724.134  1078  1264 D ASH     : @ 1595.514: tcs3701: start power rail timer, state:3
         1703830724.174  1078  1264 I ASH     : @ 1595.554: tcs3701: stop power rail pending_off timer
         1703830724.175  1078  1264 D ASH     : @ 1595.554: tcs3701: start power rail timer, state:3
         1703830724.213  1078  1264 I ASH     : @ 1595.594: tcs3701: stop power rail pending_off timer
         1703830724.213  1078  1264 D ASH     : @ 1595.594: tcs3701: start power rail timer, state:3
         1703830724.254  1078  1264 I ASH     : @ 1595.634: tcs3701: stop power rail pending_off timer
         1703830724.255  1078  1264 D ASH     : @ 1595.634: tcs3701: start power rail timer, state:3
         1703830724.293  1078  1264 I ASH     : @ 1595.674: tcs3701: stop power rail pending_off timer
         1703830724.294  1078  1264 D ASH     : @ 1595.674: tcs3701: start power rail timer, state:3
         1703830724.335  1078  1264 I ASH     : @ 1595.714: tcs3701: stop power rail pending_off timer
         1703830724.335  1078  1264 D ASH     : @ 1595.714: tcs3701: start power rail timer, state:3
         1703830724.374  1078  1264 I ASH     : @ 1595.754: tcs3701: stop power rail pending_off timer
         1703830724.374  1078  1264 D ASH     : @ 1595.754: tcs3701: start power rail timer, state:3
         1703830724.413  1078  1264 I ASH     : @ 1595.794: tcs3701: stop power rail pending_off timer
         1703830724.413  1078  1264 D ASH     : @ 1595.794: tcs3701: start power rail timer, state:3
         1703830724.453  1078  1264 I ASH     : @ 1595.834: tcs3701: stop power rail pending_off timer
         1703830724.453  1078  1264 D ASH     : @ 1595.834: tcs3701: start power rail timer, state:3
         1703830724.493  1078  1264 I ASH     : @ 1595.874: tcs3701: stop power rail pending_off timer
         1703830724.493  1078  1264 D ASH     : @ 1595.874: tcs3701: start power rail timer, state:3
         1703830724.534  1078  1264 I ASH     : @ 1595.914: tcs3701: stop power rail pending_off timer
         1703830724.534  1078  1264 D ASH     : @ 1595.914: tcs3701: start power rail timer, state:3
         1703830724.573  1078  1264 I ASH     : @ 1595.954: tcs3701: stop power rail pending_off timer
         1703830724.573  1078  1264 D ASH     : @ 1595.954: tcs3701: start power rail timer, state:3
         1703830724.605 10627 10627 I dashscene-cpu: 10432 (.dashscene.demo) S 1038 1038 0 0 -1 1077936448 9206 0 70 0 327 64 0 0 10 -10 18 0 156739 15179878400 41080 18446744073709551615 1 1 0 0 0 0 4612 1 1073775864 0 0 0 17 6 0 0 0 0 0 0 0 0 0 0 0 0 0
         1703830724.613  1078  1264 I ASH     : @ 1595.994: tcs3701: stop power rail pending_off timer
         1703830724.613  1078  1264 D ASH     : @ 1595.994: tcs3701: start power rail timer, state:3
         1703830724.653  1078  1264 I ASH     : @ 1596.034: tcs3701: stop power rail pending_off timer
         1703830724.653  1078  1264 D ASH     : @ 1596.034: tcs3701: start power rail timer, state:3
         1703830724.693  1078  1264 I ASH     : @ 1596.074: tcs3701: stop power rail pending_off timer
         1703830724.693  1078  1264 D ASH     : @ 1596.074: tcs3701: start power rail timer, state:3
         1703830724.733  1078  1264 I ASH     : @ 1596.114: tcs3701: stop power rail pending_off timer
         1703830724.733  1078  1264 D ASH     : @ 1596.114: tcs3701: start power rail timer, state:3
         1703830724.773  1078  1264 I ASH     : @ 1596.154: tcs3701: stop power rail pending_off timer
         1703830724.773  1078  1264 D ASH     : @ 1596.154: tcs3701: start power rail timer, state:3
         1703830724.813  1078  1264 I ASH     : @ 1596.194: tcs3701: stop power rail pending_off timer
         1703830724.813  1078  1264 D ASH     : @ 1596.194: tcs3701: start power rail timer, state:3
         1703830724.853  1078  1264 I ASH     : @ 1596.234: tcs3701: stop power rail pending_off timer
         1703830724.853  1078  1264 D ASH     : @ 1596.234: tcs3701: start power rail timer, state:3
         1703830724.893  1078  1264 I ASH     : @ 1596.274: tcs3701: stop power rail pending_off timer
         1703830724.893  1078  1264 D ASH     : @ 1596.274: tcs3701: start power rail timer, state:3
         1703830724.933  1078  1264 I ASH     : @ 1596.314: tcs3701: stop power rail pending_off timer
         1703830724.934  1078  1264 D ASH     : @ 1596.314: tcs3701: start power rail timer, state:3
         1703830724.973  1078  1264 I ASH     : @ 1596.354: tcs3701: stop power rail pending_off timer
         1703830724.973  1078  1264 D ASH     : @ 1596.354: tcs3701: start power rail timer, state:3
         1703830725.013  1078  1264 I ASH     : @ 1596.394: tcs3701: stop power rail pending_off timer
         1703830725.013  1078  1264 D ASH     : @ 1596.394: tcs3701: start power rail timer, state:3
         1703830725.053  1078  1264 I ASH     : @ 1596.434: tcs3701: stop power rail pending_off timer
         1703830725.053  1078  1264 D ASH     : @ 1596.434: tcs3701: start power rail timer, state:3
         1703830725.093  1078  1264 I ASH     : @ 1596.474: tcs3701: stop power rail pending_off timer
         1703830725.093  1078  1264 D ASH     : @ 1596.474: tcs3701: start power rail timer, state:3
         1703830725.133  1078  1264 I ASH     : @ 1596.514: tcs3701: stop power rail pending_off timer
         1703830725.133  1078  1264 D ASH     : @ 1596.514: tcs3701: start power rail timer, state:3
         1703830725.140 10630 10630 I dashscene-cpu: 10432 (.dashscene.demo) S 1038 1038 0 0 -1 1077936448 9302 0 70 0 346 66 0 0 10 -10 18 0 156739 15179878400 41080 18446744073709551615 1 1 0 0 0 0 4612 1 1073775864 0 0 0 17 6 0 0 0 0 0 0 0 0 0 0 0 0 0
         1703830725.173  1078  1264 I ASH     : @ 1596.554: tcs3701: stop power rail pending_off timer
         1703830725.173  1078  1264 D ASH     : @ 1596.554: tcs3701: start power rail timer, state:3
         1703830725.213  1078  1264 I ASH     : @ 1596.594: tcs3701: stop power rail pending_off timer
         1703830725.213  1078  1264 D ASH     : @ 1596.594: tcs3701: start power rail timer, state:3
         1703830725.253  1078  1264 I ASH     : @ 1596.634: tcs3701: stop power rail pending_off timer
         1703830725.253  1078  1264 D ASH     : @ 1596.634: tcs3701: start power rail timer, state:3
         1703830725.293  1078  1264 I ASH     : @ 1596.674: tcs3701: stop power rail pending_off timer
         1703830725.293  1078  1264 D ASH     : @ 1596.674: tcs3701: start power rail timer, state:3
         1703830725.333  1078  1264 I ASH     : @ 1596.714: tcs3701: stop power rail pending_off timer
         1703830725.334  1078  1264 D ASH     : @ 1596.714: tcs3701: start power rail timer, state:3
         1703830725.373  1078  1264 I ASH     : @ 1596.754: tcs3701: stop power rail pending_off timer
         1703830725.373  1078  1264 D ASH     : @ 1596.754: tcs3701: start power rail timer, state:3
         1703830725.413  1078  1264 I ASH     : @ 1596.794: tcs3701: stop power rail pending_off timer
         1703830725.413  1078  1264 D ASH     : @ 1596.794: tcs3701: start power rail timer, state:3
         1703830725.453  1078  1264 I ASH     : @ 1596.834: tcs3701: stop power rail pending_off timer
         1703830725.453  1078  1264 D ASH     : @ 1596.834: tcs3701: start power rail timer, state:3
         1703830725.493  1078  1264 I ASH     : @ 1596.874: tcs3701: stop power rail pending_off timer
         1703830725.493  1078  1264 D ASH     : @ 1596.874: tcs3701: start power rail timer, state:3
         1703830725.533  1078  1264 I ASH     : @ 1596.914: tcs3701: stop power rail pending_off timer
         1703830725.533  1078  1264 D ASH     : @ 1596.914: tcs3701: start power rail timer, state:3
         1703830725.573  1078  1264 I ASH     : @ 1596.954: tcs3701: stop power rail pending_off timer
         1703830725.573  1078  1264 D ASH     : @ 1596.954: tcs3701: start power rail timer, state:3
         1703830725.613  1078  1264 I ASH     : @ 1596.994: tcs3701: stop power rail pending_off timer
         1703830725.613  1078  1264 D ASH     : @ 1596.994: tcs3701: start power rail timer, state:3
         1703830725.653  1078  1264 I ASH     : @ 1597.034: tcs3701: stop power rail pending_off timer
         1703830725.653  1078  1264 D ASH     : @ 1597.034: tcs3701: start power rail timer, state:3
         1703830725.668 10633 10633 I dashscene-cpu: 10432 (.dashscene.demo) S 1038 1038 0 0 -1 1077936448 9398 0 70 0 364 68 0 0 10 -10 18 0 156739 15179878400 41080 18446744073709551615 1 1 0 0 0 0 4612 1 1073775864 0 0 0 17 6 0 0 0 0 0 0 0 0 0 0 0 0 0
         1703830725.693  1078  1264 I ASH     : @ 1597.074: tcs3701: stop power rail pending_off timer
         1703830725.693  1078  1264 D ASH     : @ 1597.074: tcs3701: start power rail timer, state:3
         1703830725.733  1078  1264 I ASH     : @ 1597.114: tcs3701: stop power rail pending_off timer
         1703830725.733  1078  1264 D ASH     : @ 1597.114: tcs3701: start power rail timer, state:3
         1703830725.773  1078  1264 I ASH     : @ 1597.154: tcs3701: stop power rail pending_off timer
         1703830725.773  1078  1264 D ASH     : @ 1597.154: tcs3701: start power rail timer, state:3
         1703830725.813  1078  1264 I ASH     : @ 1597.194: tcs3701: stop power rail pending_off timer
         1703830725.813  1078  1264 D ASH     : @ 1597.194: tcs3701: start power rail timer, state:3
         1703830725.853  1078  1264 I ASH     : @ 1597.234: tcs3701: stop power rail pending_off timer
         1703830725.853  1078  1264 D ASH     : @ 1597.234: tcs3701: start power rail timer, state:3
         1703830725.893  1078  1264 I ASH     : @ 1597.274: tcs3701: stop power rail pending_off timer
         1703830725.893  1078  1264 D ASH     : @ 1597.274: tcs3701: start power rail timer, state:3
         1703830725.933  1078  1264 I ASH     : @ 1597.314: tcs3701: stop power rail pending_off timer
         1703830725.933  1078  1264 D ASH     : @ 1597.314: tcs3701: start power rail timer, state:3
         1703830725.973  1078  1264 I ASH     : @ 1597.354: tcs3701: stop power rail pending_off timer
         1703830725.973  1078  1264 D ASH     : @ 1597.354: tcs3701: start power rail timer, state:3
         1703830726.004  1114  1177 D rlsservice: MonitorDisplayStatus client num 0, display status 1, sensor status 0
         1703830726.013  1078  1264 I ASH     : @ 1597.394: tcs3701: stop power rail pending_off timer
         1703830726.013  1078  1264 D ASH     : @ 1597.394: tcs3701: start power rail timer, state:3
         1703830726.053  1078  1264 I ASH     : @ 1597.434: tcs3701: stop power rail pending_off timer
         1703830726.053  1078  1264 D ASH     : @ 1597.434: tcs3701: start power rail timer, state:3
         1703830726.093  1078  1264 I ASH     : @ 1597.474: tcs3701: stop power rail pending_off timer
         1703830726.093  1078  1264 D ASH     : @ 1597.474: tcs3701: start power rail timer, state:3
         1703830726.134  1078  1264 I ASH     : @ 1597.514: tcs3701: stop power rail pending_off timer
         1703830726.134  1078  1264 D ASH     : @ 1597.514: tcs3701: start power rail timer, state:3
         1703830726.174  1078  1264 I ASH     : @ 1597.554: tcs3701: stop power rail pending_off timer
         1703830726.174  1078  1264 D ASH     : @ 1597.554: tcs3701: start power rail timer, state:3
         1703830726.199 10636 10636 I dashscene-cpu: 10432 (.dashscene.demo) S 1038 1038 0 0 -1 1077936448 9449 0 70 0 375 68 0 0 10 -10 18 0 156739 15179878400 41080 18446744073709551615 1 1 0 0 0 0 4612 1 1073775864 0 0 0 17 6 0 0 0 0 0 0 0 0 0 0 0 0 0
         1703830726.213  1078  1264 I ASH     : @ 1597.594: tcs3701: stop power rail pending_off timer
         1703830726.213  1078  1264 D ASH     : @ 1597.594: tcs3701: start power rail timer, state:3
         1703830726.254  1078  1264 I ASH     : @ 1597.634: tcs3701: stop power rail pending_off timer
         1703830726.255  1078  1264 D ASH     : @ 1597.634: tcs3701: start power rail timer, state:3
         1703830726.293  1078  1264 I ASH     : @ 1597.674: tcs3701: stop power rail pending_off timer
         1703830726.293  1078  1264 D ASH     : @ 1597.674: tcs3701: start power rail timer, state:3
         1703830726.335  1078  1264 I ASH     : @ 1597.714: tcs3701: stop power rail pending_off timer
         1703830726.335  1078  1264 D ASH     : @ 1597.714: tcs3701: start power rail timer, state:3
         1703830726.374  1078  1264 I ASH     : @ 1597.754: tcs3701: stop power rail pending_off timer
         1703830726.374  1078  1264 D ASH     : @ 1597.754: tcs3701: start power rail timer, state:3
         1703830726.413  1078  1264 I ASH     : @ 1597.794: tcs3701: stop power rail pending_off timer
         1703830726.414  1078  1264 D ASH     : @ 1597.794: tcs3701: start power rail timer, state:3
         1703830726.454  1078  1264 I ASH     : @ 1597.834: tcs3701: stop power rail pending_off timer
         1703830726.455  1078  1264 D ASH     : @ 1597.834: tcs3701: start power rail timer, state:3
         1703830726.495  1078  1264 I ASH     : @ 1597.874: tcs3701: stop power rail pending_off timer
         1703830726.495  1078  1264 D ASH     : @ 1597.874: tcs3701: start power rail timer, state:3
         1703830726.533  1078  1264 I ASH     : @ 1597.914: tcs3701: stop power rail pending_off timer
         1703830726.534  1078  1264 D ASH     : @ 1597.914: tcs3701: start power rail timer, state:3
         1703830726.575  1078  1264 I ASH     : @ 1597.954: tcs3701: stop power rail pending_off timer
         1703830726.575  1078  1264 D ASH     : @ 1597.954: tcs3701: start power rail timer, state:3
         1703830726.614  1078  1264 I ASH     : @ 1597.994: tcs3701: stop power rail pending_off timer
         1703830726.614  1078  1264 D ASH     : @ 1597.994: tcs3701: start power rail timer, state:3
         1703830726.655  1078  1264 I ASH     : @ 1598.034: tcs3701: stop power rail pending_off timer
         1703830726.655  1078  1264 D ASH     : @ 1598.034: tcs3701: start power rail timer, state:3
         1703830726.694  1078  1264 I ASH     : @ 1598.074: tcs3701: stop power rail pending_off timer
         1703830726.695  1078  1264 D ASH     : @ 1598.074: tcs3701: start power rail timer, state:3
         1703830726.732 10639 10639 I dashscene-cpu: 10432 (.dashscene.demo) S 1038 1038 0 0 -1 1077936448 9449 0 70 0 376 69 0 0 10 -10 18 0 156739 15179878400 41080 18446744073709551615 1 1 0 0 0 0 4612 1 1073775864 0 0 0 17 6 0 0 0 0 0 0 0 0 0 0 0 0 0
         1703830726.733  1078  1264 I ASH     : @ 1598.114: tcs3701: stop power rail pending_off timer
         1703830726.733  1078  1264 D ASH     : @ 1598.114: tcs3701: start power rail timer, state:3
         1703830726.773  1078  1264 I ASH     : @ 1598.154: tcs3701: stop power rail pending_off timer
         1703830726.773  1078  1264 D ASH     : @ 1598.154: tcs3701: start power rail timer, state:3
         1703830726.814  1078  1264 I ASH     : @ 1598.194: tcs3701: stop power rail pending_off timer
         1703830726.814  1078  1264 D ASH     : @ 1598.194: tcs3701: start power rail timer, state:3
         1703830726.854  1078  1264 I ASH     : @ 1598.234: tcs3701: stop power rail pending_off timer
         1703830726.855  1078  1264 D ASH     : @ 1598.234: tcs3701: start power rail timer, state:3
         1703830726.894  1078  1264 I ASH     : @ 1598.274: tcs3701: stop power rail pending_off timer
         1703830726.894  1078  1264 D ASH     : @ 1598.274: tcs3701: start power rail timer, state:3
         1703830726.933  1078  1264 I ASH     : @ 1598.314: tcs3701: stop power rail pending_off timer
         1703830726.933  1078  1264 D ASH     : @ 1598.314: tcs3701: start power rail timer, state:3
         1703830726.973  1078  1264 I ASH     : @ 1598.354: tcs3701: stop power rail pending_off timer
         1703830726.973  1078  1264 D ASH     : @ 1598.354: tcs3701: start power rail timer, state:3
         1703830727.013  1078  1264 I ASH     : @ 1598.394: tcs3701: stop power rail pending_off timer
         1703830727.013  1078  1264 D ASH     : @ 1598.394: tcs3701: start power rail timer, state:3
         1703830727.053  1078  1264 I ASH     : @ 1598.434: tcs3701: stop power rail pending_off timer
         1703830727.053  1078  1264 D ASH     : @ 1598.434: tcs3701: start power rail timer, state:3
         1703830727.093  1078  1264 I ASH     : @ 1598.474: tcs3701: stop power rail pending_off timer
         1703830727.093  1078  1264 D ASH     : @ 1598.474: tcs3701: start power rail timer, state:3
         1703830727.133  1078  1264 I ASH     : @ 1598.514: tcs3701: stop power rail pending_off timer
         1703830727.133  1078  1264 D ASH     : @ 1598.514: tcs3701: start power rail timer, state:3
         1703830727.174  1078  1264 I ASH     : @ 1598.554: tcs3701: stop power rail pending_off timer
         1703830727.175  1078  1264 D ASH     : @ 1598.554: tcs3701: start power rail timer, state:3
         1703830727.214  1078  1264 I ASH     : @ 1598.594: tcs3701: stop power rail pending_off timer
         1703830727.215  1078  1264 D ASH     : @ 1598.594: tcs3701: start power rail timer, state:3
         1703830727.253  1078  1264 I ASH     : @ 1598.634: tcs3701: stop power rail pending_off timer
         1703830727.253  1078  1264 D ASH     : @ 1598.634: tcs3701: start power rail timer, state:3
         1703830727.266 10642 10642 I dashscene-cpu: 10432 (.dashscene.demo) S 1038 1038 0 0 -1 1077936448 9452 0 70 0 379 70 0 0 10 -10 18 0 156739 15179878400 41080 18446744073709551615 1 1 0 0 0 0 4612 1 1073775864 0 0 0 17 6 0 0 0 0 0 0 0 0 0 0 0 0 0
         1703830727.293  1078  1264 I ASH     : @ 1598.674: tcs3701: stop power rail pending_off timer
         1703830727.293  1078  1264 D ASH     : @ 1598.674: tcs3701: start power rail timer, state:3
         1703830727.333  1078  1264 I ASH     : @ 1598.714: tcs3701: stop power rail pending_off timer
         1703830727.333  1078  1264 D ASH     : @ 1598.714: tcs3701: start power rail timer, state:3
         1703830727.374  1078  1264 I ASH     : @ 1598.754: tcs3701: stop power rail pending_off timer
         1703830727.375  1078  1264 D ASH     : @ 1598.754: tcs3701: start power rail timer, state:3
         1703830727.414  1078  1264 I ASH     : @ 1598.794: tcs3701: stop power rail pending_off timer
         1703830727.415  1078  1264 D ASH     : @ 1598.794: tcs3701: start power rail timer, state:3
         1703830727.454  1078  1264 I ASH     : @ 1598.834: tcs3701: stop power rail pending_off timer
         1703830727.455  1078  1264 D ASH     : @ 1598.834: tcs3701: start power rail timer, state:3
         1703830727.495  1078  1264 I ASH     : @ 1598.874: tcs3701: stop power rail pending_off timer
         1703830727.495  1078  1264 D ASH     : @ 1598.874: tcs3701: start power rail timer, state:3
         1703830727.535  1078  1264 I ASH     : @ 1598.914: tcs3701: stop power rail pending_off timer
         1703830727.535  1078  1264 D ASH     : @ 1598.914: tcs3701: start power rail timer, state:3
         1703830727.575  1078  1264 I ASH     : @ 1598.954: tcs3701: stop power rail pending_off timer
         1703830727.575  1078  1264 D ASH     : @ 1598.954: tcs3701: start power rail timer, state:3
         1703830727.614  1078  1264 I ASH     : @ 1598.994: tcs3701: stop power rail pending_off timer
         1703830727.615  1078  1264 D ASH     : @ 1598.994: tcs3701: start power rail timer, state:3
         1703830727.654  1078  1264 I ASH     : @ 1599.034: tcs3701: stop power rail pending_off timer
         1703830727.655  1078  1264 D ASH     : @ 1599.034: tcs3701: start power rail timer, state:3
         1703830727.694  1078  1264 I ASH     : @ 1599.074: tcs3701: stop power rail pending_off timer
         1703830727.694  1078  1264 D ASH     : @ 1599.074: tcs3701: start power rail timer, state:3
         1703830727.733 10432 10454 I dashscene: 1680 frames over 1680 vsyncs
         1703830727.733  1078  1264 I ASH     : @ 1599.114: tcs3701: stop power rail pending_off timer
         1703830727.733  1078  1264 D ASH     : @ 1599.114: tcs3701: start power rail timer, state:3
         1703830727.774  1078  1264 I ASH     : @ 1599.154: tcs3701: stop power rail pending_off timer
         1703830727.775  1078  1264 D ASH     : @ 1599.154: tcs3701: start power rail timer, state:3
         1703830727.797 10645 10645 I dashscene-cpu: 10432 (.dashscene.demo) S 1038 1038 0 0 -1 1077936448 9452 0 70 0 380 71 0 0 10 -10 18 0 156739 15179878400 41080 18446744073709551615 1 1 0 0 0 0 4612 1 1073775864 0 0 0 17 6 0 0 0 0 0 0 0 0 0 0 0 0 0
         1703830727.813  1078  1264 I ASH     : @ 1599.194: tcs3701: stop power rail pending_off timer
         1703830727.813  1078  1264 D ASH     : @ 1599.194: tcs3701: start power rail timer, state:3
         1703830727.854  1078  1264 I ASH     : @ 1599.234: tcs3701: stop power rail pending_off timer
         1703830727.854  1078  1264 D ASH     : @ 1599.234: tcs3701: start power rail timer, state:3
         1703830727.894  1078  1264 I ASH     : @ 1599.274: tcs3701: stop power rail pending_off timer
         1703830727.895  1078  1264 D ASH     : @ 1599.274: tcs3701: start power rail timer, state:3
         1703830727.933  1078  1264 I ASH     : @ 1599.314: tcs3701: stop power rail pending_off timer
         1703830727.933  1078  1264 D ASH     : @ 1599.314: tcs3701: start power rail timer, state:3
         1703830727.975  1078  1264 I ASH     : @ 1599.354: tcs3701: stop power rail pending_off timer
         1703830727.975  1078  1264 D ASH     : @ 1599.354: tcs3701: start power rail timer, state:3
         1703830728.014  1078  1264 I ASH     : @ 1599.394: tcs3701: stop power rail pending_off timer
         1703830728.015  1078  1264 D ASH     : @ 1599.394: tcs3701: start power rail timer, state:3
         1703830728.055  1078  1264 I ASH     : @ 1599.434: tcs3701: stop power rail pending_off timer
         1703830728.055  1078  1264 D ASH     : @ 1599.434: tcs3701: start power rail timer, state:3
         1703830728.094  1078  1264 I ASH     : @ 1599.474: tcs3701: stop power rail pending_off timer
         1703830728.094  1078  1264 D ASH     : @ 1599.474: tcs3701: start power rail timer, state:3
         1703830728.133  1078  1264 I ASH     : @ 1599.514: tcs3701: stop power rail pending_off timer
         1703830728.134  1078  1264 D ASH     : @ 1599.514: tcs3701: start power rail timer, state:3
         1703830728.174  1078  1264 I ASH     : @ 1599.554: tcs3701: stop power rail pending_off timer
         1703830728.175  1078  1264 D ASH     : @ 1599.554: tcs3701: start power rail timer, state:3
         1703830728.214  1078  1264 I ASH     : @ 1599.594: tcs3701: stop power rail pending_off timer
         1703830728.215  1078  1264 D ASH     : @ 1599.594: tcs3701: start power rail timer, state:3
         1703830728.255  1078  1264 I ASH     : @ 1599.634: tcs3701: stop power rail pending_off timer
         1703830728.255  1078  1264 D ASH     : @ 1599.634: tcs3701: start power rail timer, state:3
         1703830728.295  1078  1264 I ASH     : @ 1599.674: tcs3701: stop power rail pending_off timer
         1703830728.295  1078  1264 D ASH     : @ 1599.674: tcs3701: start power rail timer, state:3
         1703830728.330 10648 10648 I dashscene-cpu: 10432 (.dashscene.demo) S 1038 1038 0 0 -1 1077936448 9452 0 70 0 382 72 0 0 10 -10 18 0 156739 15179878400 41080 18446744073709551615 1 1 0 0 0 0 4612 1 1073775864 0 0 0 17 6 0 0 0 0 0 0 0 0 0 0 0 0 0
         1703830728.333  1078  1264 I ASH     : @ 1599.714: tcs3701: stop power rail pending_off timer
         1703830728.333  1078  1264 D ASH     : @ 1599.714: tcs3701: start power rail timer, state:3
         1703830728.373  1078  1264 I ASH     : @ 1599.754: tcs3701: stop power rail pending_off timer
         1703830728.374  1078  1264 D ASH     : @ 1599.754: tcs3701: start power rail timer, state:3
         1703830728.414  1078  1264 I ASH     : @ 1599.794: tcs3701: stop power rail pending_off timer
         1703830728.415  1078  1264 D ASH     : @ 1599.794: tcs3701: start power rail timer, state:3
         1703830728.454  1078  1264 I ASH     : @ 1599.834: tcs3701: stop power rail pending_off timer
         1703830728.455  1078  1264 D ASH     : @ 1599.834: tcs3701: start power rail timer, state:3
         1703830728.495  1078  1264 I ASH     : @ 1599.874: tcs3701: stop power rail pending_off timer
         1703830728.495  1078  1264 D ASH     : @ 1599.874: tcs3701: start power rail timer, state:3
         1703830728.533  1078  1264 I ASH     : @ 1599.914: tcs3701: stop power rail pending_off timer
         1703830728.533  1078  1264 D ASH     : @ 1599.914: tcs3701: start power rail timer, state:3
         1703830728.575  1078  1264 I ASH     : @ 1599.954: tcs3701: stop power rail pending_off timer
         1703830728.575  1078  1264 D ASH     : @ 1599.954: tcs3701: start power rail timer, state:3
         1703830728.615  1078  1264 I ASH     : @ 1599.994: tcs3701: stop power rail pending_off timer
         1703830728.615  1078  1264 D ASH     : @ 1599.994: tcs3701: start power rail timer, state:3
         1703830728.654  1078  1264 I ASH     : @ 1600.034: tcs3701: stop power rail pending_off timer
         1703830728.655  1078  1264 D ASH     : @ 1600.034: tcs3701: start power rail timer, state:3
         1703830728.694  1078  1264 I ASH     : @ 1600.074: tcs3701: stop power rail pending_off timer
         1703830728.694  1078  1264 D ASH     : @ 1600.074: tcs3701: start power rail timer, state:3
         1703830728.734  1078  1264 I ASH     : @ 1600.114: tcs3701: stop power rail pending_off timer
         1703830728.734  1078  1264 D ASH     : @ 1600.114: tcs3701: start power rail timer, state:3
         1703830728.774  1078  1264 I ASH     : @ 1600.154: tcs3701: stop power rail pending_off timer
         1703830728.775  1078  1264 D ASH     : @ 1600.154: tcs3701: start power rail timer, state:3
         1703830728.813  1078  1264 I ASH     : @ 1600.194: tcs3701: stop power rail pending_off timer
         1703830728.813  1078  1264 D ASH     : @ 1600.194: tcs3701: start power rail timer, state:3
         1703830728.853  1078  1264 I ASH     : @ 1600.234: tcs3701: stop power rail pending_off timer
         1703830728.853  1078  1264 D ASH     : @ 1600.234: tcs3701: start power rail timer, state:3
         1703830728.863 10651 10651 I dashscene-cpu: 10432 (.dashscene.demo) S 1038 1038 0 0 -1 1077936448 9452 0 70 0 382 74 0 0 10 -10 18 0 156739 15179878400 41080 18446744073709551615 1 1 0 0 0 0 4612 1 1073775864 0 0 0 17 6 0 0 0 0 0 0 0 0 0 0 0 0 0
         1703830728.893  1078  1264 I ASH     : @ 1600.274: tcs3701: stop power rail pending_off timer
         1703830728.893  1078  1264 D ASH     : @ 1600.274: tcs3701: start power rail timer, state:3
         1703830728.933  1078  1264 I ASH     : @ 1600.314: tcs3701: stop power rail pending_off timer
         1703830728.933  1078  1264 D ASH     : @ 1600.314: tcs3701: start power rail timer, state:3
         1703830728.974  1078  1264 I ASH     : @ 1600.354: tcs3701: stop power rail pending_off timer
         1703830728.975  1078  1264 D ASH     : @ 1600.354: tcs3701: start power rail timer, state:3
         1703830729.014  1078  1264 I ASH     : @ 1600.394: tcs3701: stop power rail pending_off timer
         1703830729.015  1078  1264 D ASH     : @ 1600.394: tcs3701: start power rail timer, state:3
         1703830729.055  1078  1264 I ASH     : @ 1600.434: tcs3701: stop power rail pending_off timer
         1703830729.055  1078  1264 D ASH     : @ 1600.434: tcs3701: start power rail timer, state:3
         1703830729.094  1078  1264 I ASH     : @ 1600.474: tcs3701: stop power rail pending_off timer
         1703830729.095  1078  1264 D ASH     : @ 1600.474: tcs3701: start power rail timer, state:3
         1703830729.133  1078  1264 I ASH     : @ 1600.514: tcs3701: stop power rail pending_off timer
         1703830729.134  1078  1264 D ASH     : @ 1600.514: tcs3701: start power rail timer, state:3
         1703830729.174  1078  1264 I ASH     : @ 1600.554: tcs3701: stop power rail pending_off timer
         1703830729.175  1078  1264 D ASH     : @ 1600.554: tcs3701: start power rail timer, state:3
         1703830729.215  1078  1264 I ASH     : @ 1600.594: tcs3701: stop power rail pending_off timer
         1703830729.215  1078  1264 D ASH     : @ 1600.594: tcs3701: start power rail timer, state:3
         1703830729.253  1078  1264 I ASH     : @ 1600.634: tcs3701: stop power rail pending_off timer
         1703830729.253  1078  1264 D ASH     : @ 1600.634: tcs3701: start power rail timer, state:3
         1703830729.295  1078  1264 I ASH     : @ 1600.674: tcs3701: stop power rail pending_off timer
         1703830729.295  1078  1264 D ASH     : @ 1600.674: tcs3701: start power rail timer, state:3
         1703830729.334  1078  1264 I ASH     : @ 1600.714: tcs3701: stop power rail pending_off timer
         1703830729.334  1078  1264 D ASH     : @ 1600.714: tcs3701: start power rail timer, state:3
         1703830729.373  1078  1264 I ASH     : @ 1600.754: tcs3701: stop power rail pending_off timer
         1703830729.374  1078  1264 D ASH     : @ 1600.754: tcs3701: start power rail timer, state:3
         1703830729.395 10654 10654 I dashscene-cpu: 10432 (.dashscene.demo) S 1038 1038 0 0 -1 1077936448 9452 0 70 0 382 76 0 0 10 -10 18 0 156739 15179878400 41080 18446744073709551615 1 1 0 0 0 0 4612 1 1073775864 0 0 0 17 6 0 0 0 0 0 0 0 0 0 0 0 0 0
         1703830729.413  1078  1264 I ASH     : @ 1600.794: tcs3701: stop power rail pending_off timer
         1703830729.413  1078  1264 D ASH     : @ 1600.794: tcs3701: start power rail timer, state:3
         1703830729.453  1078  1264 I ASH     : @ 1600.834: tcs3701: stop power rail pending_off timer
         1703830729.453  1078  1264 D ASH     : @ 1600.834: tcs3701: start power rail timer, state:3
         1703830729.492  1078  1264 I ASH     : @ 1600.874: tcs3701: stop power rail pending_off timer
         1703830729.493  1078  1264 D ASH     : @ 1600.874: tcs3701: start power rail timer, state:3
         1703830729.533  1078  1264 I ASH     : @ 1600.914: tcs3701: stop power rail pending_off timer
         1703830729.533  1078  1264 D ASH     : @ 1600.914: tcs3701: start power rail timer, state:3
         1703830729.573  1078  1264 I ASH     : @ 1600.954: tcs3701: stop power rail pending_off timer
         1703830729.573  1078  1264 D ASH     : @ 1600.954: tcs3701: start power rail timer, state:3
         1703830729.613  1078  1264 I ASH     : @ 1600.994: tcs3701: stop power rail pending_off timer
         1703830729.613  1078  1264 D ASH     : @ 1600.994: tcs3701: start power rail timer, state:3
         1703830729.653  1078  1264 I ASH     : @ 1601.034: tcs3701: stop power rail pending_off timer
         1703830729.653  1078  1264 D ASH     : @ 1601.034: tcs3701: start power rail timer, state:3
         1703830729.693  1078  1264 I ASH     : @ 1601.074: tcs3701: stop power rail pending_off timer
         1703830729.693  1078  1264 D ASH     : @ 1601.074: tcs3701: start power rail timer, state:3
         1703830729.733  1078  1264 I ASH     : @ 1601.114: tcs3701: stop power rail pending_off timer
         1703830729.733  1078  1264 D ASH     : @ 1601.114: tcs3701: start power rail timer, state:3
         1703830729.773  1078  1264 I ASH     : @ 1601.154: tcs3701: stop power rail pending_off timer
         1703830729.773  1078  1264 D ASH     : @ 1601.154: tcs3701: start power rail timer, state:3
         1703830729.813  1078  1264 I ASH     : @ 1601.194: tcs3701: stop power rail pending_off timer
         1703830729.813  1078  1264 D ASH     : @ 1601.194: tcs3701: start power rail timer, state:3
         1703830729.853  1078  1264 I ASH     : @ 1601.234: tcs3701: stop power rail pending_off timer
         1703830729.853  1078  1264 D ASH     : @ 1601.234: tcs3701: start power rail timer, state:3
         1703830729.893  1078  1264 I ASH     : @ 1601.274: tcs3701: stop power rail pending_off timer
         1703830729.893  1078  1264 D ASH     : @ 1601.274: tcs3701: start power rail timer, state:3
         1703830729.926 10660 10660 I dashscene-cpu: 10432 (.dashscene.demo) S 1038 1038 0 0 -1 1077936448 9532 0 70 0 399 79 0 0 10 -10 18 0 156739 15179890688 41081 18446744073709551615 1 1 0 0 0 0 4612 1 1073775864 0 0 0 17 6 0 0 0 0 0 0 0 0 0 0 0 0 0
         1703830729.933  1078  1264 I ASH     : @ 1601.314: tcs3701: stop power rail pending_off timer
         1703830729.933  1078  1264 D ASH     : @ 1601.314: tcs3701: start power rail timer, state:3
         1703830729.973  1078  1264 I ASH     : @ 1601.354: tcs3701: stop power rail pending_off timer
         1703830729.973  1078  1264 D ASH     : @ 1601.354: tcs3701: start power rail timer, state:3
         1703830730.013  1078  1264 I ASH     : @ 1601.394: tcs3701: stop power rail pending_off timer
         1703830730.013  1078  1264 D ASH     : @ 1601.394: tcs3701: start power rail timer, state:3
         1703830730.053  1078  1264 I ASH     : @ 1601.434: tcs3701: stop power rail pending_off timer
         1703830730.053  1078  1264 D ASH     : @ 1601.434: tcs3701: start power rail timer, state:3
         1703830730.055 10432 10454 I dashscene: layout over 240 frames — tick 1.07 ms, draw mean 5.39 p50 4.64 p95 11.54 max 18.83 ms (154.7 fps if unpaced)
         1703830730.093  1078  1264 I ASH     : @ 1601.474: tcs3701: stop power rail pending_off timer
         1703830730.093  1078  1264 D ASH     : @ 1601.474: tcs3701: start power rail timer, state:3
         1703830730.133  1078  1264 I ASH     : @ 1601.514: tcs3701: stop power rail pending_off timer
         1703830730.133  1078  1264 D ASH     : @ 1601.514: tcs3701: start power rail timer, state:3
         1703830730.173  1078  1264 I ASH     : @ 1601.554: tcs3701: stop power rail pending_off timer
         1703830730.173  1078  1264 D ASH     : @ 1601.554: tcs3701: start power rail timer, state:3
         1703830730.213  1078  1264 I ASH     : @ 1601.594: tcs3701: stop power rail pending_off timer
         1703830730.213  1078  1264 D ASH     : @ 1601.594: tcs3701: start power rail timer, state:3
         1703830730.254  1078  1264 I ASH     : @ 1601.634: tcs3701: stop power rail pending_off timer
         1703830730.254  1078  1264 D ASH     : @ 1601.634: tcs3701: start power rail timer, state:3
         1703830730.293  1078  1264 I ASH     : @ 1601.674: tcs3701: stop power rail pending_off timer
         1703830730.293  1078  1264 D ASH     : @ 1601.674: tcs3701: start power rail timer, state:3
         1703830730.333  1078  1264 I ASH     : @ 1601.714: tcs3701: stop power rail pending_off timer
         1703830730.333  1078  1264 D ASH     : @ 1601.714: tcs3701: start power rail timer, state:3
         1703830730.373  1078  1264 I ASH     : @ 1601.754: tcs3701: stop power rail pending_off timer
         1703830730.373  1078  1264 D ASH     : @ 1601.754: tcs3701: start power rail timer, state:3
         1703830730.413  1078  1264 I ASH     : @ 1601.794: tcs3701: stop power rail pending_off timer
         1703830730.413  1078  1264 D ASH     : @ 1601.794: tcs3701: start power rail timer, state:3
         1703830730.453  1078  1264 I ASH     : @ 1601.834: tcs3701: stop power rail pending_off timer
         1703830730.453  1078  1264 D ASH     : @ 1601.834: tcs3701: start power rail timer, state:3
         1703830730.455 10663 10663 I dashscene-cpu: 10432 (.dashscene.demo) S 1038 1038 0 0 -1 1077936448 9625 0 70 0 417 82 0 0 10 -10 18 0 156739 15179878400 41081 18446744073709551615 1 1 0 0 0 0 4612 1 1073775864 0 0 0 17 6 0 0 0 0 0 0 0 0 0 0 0 0 0
         1703830730.493  1078  1264 I ASH     : @ 1601.874: tcs3701: stop power rail pending_off timer
         1703830730.493  1078  1264 D ASH     : @ 1601.874: tcs3701: start power rail timer, state:3
         1703830730.533  1078  1264 I ASH     : @ 1601.914: tcs3701: stop power rail pending_off timer
         1703830730.533  1078  1264 D ASH     : @ 1601.914: tcs3701: start power rail timer, state:3
         1703830730.573  1078  1264 I ASH     : @ 1601.954: tcs3701: stop power rail pending_off timer
         1703830730.573  1078  1264 D ASH     : @ 1601.954: tcs3701: start power rail timer, state:3
         1703830730.613  1078  1264 I ASH     : @ 1601.994: tcs3701: stop power rail pending_off timer
         1703830730.613  1078  1264 D ASH     : @ 1601.994: tcs3701: start power rail timer, state:3
         1703830730.653  1078  1264 I ASH     : @ 1602.034: tcs3701: stop power rail pending_off timer
         1703830730.653  1078  1264 D ASH     : @ 1602.034: tcs3701: start power rail timer, state:3
         1703830730.693  1078  1264 I ASH     : @ 1602.074: tcs3701: stop power rail pending_off timer
         1703830730.693  1078  1264 D ASH     : @ 1602.074: tcs3701: start power rail timer, state:3
         1703830730.733  1078  1264 I ASH     : @ 1602.114: tcs3701: stop power rail pending_off timer
         1703830730.733  1078  1264 D ASH     : @ 1602.114: tcs3701: start power rail timer, state:3
         1703830730.773  1078  1264 I ASH     : @ 1602.154: tcs3701: stop power rail pending_off timer
         1703830730.773  1078  1264 D ASH     : @ 1602.154: tcs3701: start power rail timer, state:3
         1703830730.813  1078  1264 I ASH     : @ 1602.194: tcs3701: stop power rail pending_off timer
         1703830730.813  1078  1264 D ASH     : @ 1602.194: tcs3701: start power rail timer, state:3
         1703830730.853  1078  1264 I ASH     : @ 1602.234: tcs3701: stop power rail pending_off timer
         1703830730.853  1078  1264 D ASH     : @ 1602.234: tcs3701: start power rail timer, state:3
         1703830730.893  1078  1264 I ASH     : @ 1602.274: tcs3701: stop power rail pending_off timer
         1703830730.893  1078  1264 D ASH     : @ 1602.274: tcs3701: start power rail timer, state:3
         1703830730.933  1078  1264 I ASH     : @ 1602.314: tcs3701: stop power rail pending_off timer
         1703830730.933  1078  1264 D ASH     : @ 1602.314: tcs3701: start power rail timer, state:3
         1703830730.973  1078  1264 I ASH     : @ 1602.354: tcs3701: stop power rail pending_off timer
         1703830730.973  1078  1264 D ASH     : @ 1602.354: tcs3701: start power rail timer, state:3
         1703830730.988 10666 10666 I dashscene-cpu: 10432 (.dashscene.demo) S 1038 1038 0 0 -1 1077936448 9720 0 70 0 434 84 0 0 10 -10 18 0 156739 15179878400 41082 18446744073709551615 1 1 0 0 0 0 4612 1 1073775864 0 0 0 17 6 0 0 0 0 0 0 0 0 0 0 0 0 0
         1703830731.013  1078  1264 I ASH     : @ 1602.394: tcs3701: stop power rail pending_off timer
         1703830731.013  1078  1264 D ASH     : @ 1602.394: tcs3701: start power rail timer, state:3
         1703830731.053  1078  1264 I ASH     : @ 1602.434: tcs3701: stop power rail pending_off timer
         1703830731.053  1078  1264 D ASH     : @ 1602.434: tcs3701: start power rail timer, state:3
         1703830731.093  1078  1264 I ASH     : @ 1602.474: tcs3701: stop power rail pending_off timer
         1703830731.093  1078  1264 D ASH     : @ 1602.474: tcs3701: start power rail timer, state:3
         1703830731.133  1078  1264 I ASH     : @ 1602.514: tcs3701: stop power rail pending_off timer
         1703830731.133  1078  1264 D ASH     : @ 1602.514: tcs3701: start power rail timer, state:3
         1703830731.174  1078  1264 I ASH     : @ 1602.554: tcs3701: stop power rail pending_off timer
         1703830731.175  1078  1264 D ASH     : @ 1602.554: tcs3701: start power rail timer, state:3
         1703830731.214  1078  1264 I ASH     : @ 1602.594: tcs3701: stop power rail pending_off timer
         1703830731.215  1078  1264 D ASH     : @ 1602.594: tcs3701: start power rail timer, state:3
         1703830731.254  1078  1264 I ASH     : @ 1602.634: tcs3701: stop power rail pending_off timer
         1703830731.255  1078  1264 D ASH     : @ 1602.634: tcs3701: start power rail timer, state:3
         1703830731.293  1078  1264 I ASH     : @ 1602.674: tcs3701: stop power rail pending_off timer
         1703830731.293  1078  1264 D ASH     : @ 1602.674: tcs3701: start power rail timer, state:3
         1703830731.334  1078  1264 I ASH     : @ 1602.714: tcs3701: stop power rail pending_off timer
         1703830731.334  1078  1264 D ASH     : @ 1602.714: tcs3701: start power rail timer, state:3
         1703830731.375  1078  1264 I ASH     : @ 1602.754: tcs3701: stop power rail pending_off timer
         1703830731.375  1078  1264 D ASH     : @ 1602.754: tcs3701: start power rail timer, state:3
         1703830731.414  1078  1264 I ASH     : @ 1602.794: tcs3701: stop power rail pending_off timer
         1703830731.415  1078  1264 D ASH     : @ 1602.794: tcs3701: start power rail timer, state:3
         1703830731.455  1078  1264 I ASH     : @ 1602.834: tcs3701: stop power rail pending_off timer
         1703830731.455  1078  1264 D ASH     : @ 1602.834: tcs3701: start power rail timer, state:3
         1703830731.494  1078  1264 I ASH     : @ 1602.874: tcs3701: stop power rail pending_off timer
         1703830731.495  1078  1264 D ASH     : @ 1602.874: tcs3701: start power rail timer, state:3
         1703830731.519 10669 10669 I dashscene-cpu: 10432 (.dashscene.demo) S 1038 1038 0 0 -1 1077936448 9720 0 70 0 436 85 0 0 10 -10 18 0 156739 15179878400 41082 18446744073709551615 1 1 0 0 0 0 4612 1 1073775864 0 0 0 17 6 0 0 0 0 0 0 0 0 0 0 0 0 0
         1703830731.533  1078  1264 I ASH     : @ 1602.914: tcs3701: stop power rail pending_off timer
         1703830731.533  1078  1264 D ASH     : @ 1602.914: tcs3701: start power rail timer, state:3
         1703830731.574  1078  1264 I ASH     : @ 1602.954: tcs3701: stop power rail pending_off timer
         1703830731.575  1078  1264 D ASH     : @ 1602.954: tcs3701: start power rail timer, state:3
         1703830731.614  1078  1264 I ASH     : @ 1602.994: tcs3701: stop power rail pending_off timer
         1703830731.615  1078  1264 D ASH     : @ 1602.994: tcs3701: start power rail timer, state:3
         1703830731.653  1078  1264 I ASH     : @ 1603.034: tcs3701: stop power rail pending_off timer
         1703830731.653  1078  1264 D ASH     : @ 1603.034: tcs3701: start power rail timer, state:3
         1703830731.695  1078  1264 I ASH     : @ 1603.074: tcs3701: stop power rail pending_off timer
         1703830731.695  1078  1264 D ASH     : @ 1603.074: tcs3701: start power rail timer, state:3
         1703830731.734  1078  1264 I ASH     : @ 1603.114: tcs3701: stop power rail pending_off timer
         1703830731.734  1078  1264 D ASH     : @ 1603.114: tcs3701: start power rail timer, state:3
         1703830731.774  1078  1264 I ASH     : @ 1603.154: tcs3701: stop power rail pending_off timer
         1703830731.775  1078  1264 D ASH     : @ 1603.154: tcs3701: start power rail timer, state:3
         1703830731.785 10432 10454 I dashscene: 1920 frames over 1920 vsyncs
         1703830731.814  1078  1264 I ASH     : @ 1603.194: tcs3701: stop power rail pending_off timer
         1703830731.815  1078  1264 D ASH     : @ 1603.194: tcs3701: start power rail timer, state:3
         1703830731.855  1078  1264 I ASH     : @ 1603.234: tcs3701: stop power rail pending_off timer
         1703830731.855  1078  1264 D ASH     : @ 1603.234: tcs3701: start power rail timer, state:3
         1703830731.894  1078  1264 I ASH     : @ 1603.274: tcs3701: stop power rail pending_off timer
         1703830731.895  1078  1264 D ASH     : @ 1603.274: tcs3701: start power rail timer, state:3
         1703830731.934  1078  1264 I ASH     : @ 1603.314: tcs3701: stop power rail pending_off timer
         1703830731.934  1078  1264 D ASH     : @ 1603.314: tcs3701: start power rail timer, state:3
         1703830731.973  1078  1264 I ASH     : @ 1603.354: tcs3701: stop power rail pending_off timer
         1703830731.973  1078  1264 D ASH     : @ 1603.354: tcs3701: start power rail timer, state:3
         1703830732.013  1078  1264 I ASH     : @ 1603.394: tcs3701: stop power rail pending_off timer
         1703830732.013  1078  1264 D ASH     : @ 1603.394: tcs3701: start power rail timer, state:3
         1703830732.049 10672 10672 I dashscene-cpu: 10432 (.dashscene.demo) S 1038 1038 0 0 -1 1077936448 9724 0 70 0 439 85 0 0 10 -10 18 0 156739 15179878400 41083 18446744073709551615 1 1 0 0 0 0 4612 1 1073775864 0 0 0 17 6 0 0 0 0 0 0 0 0 0 0 0 0 0
         1703830732.053  1078  1264 I ASH     : @ 1603.434: tcs3701: stop power rail pending_off timer
         1703830732.053  1078  1264 D ASH     : @ 1603.434: tcs3701: start power rail timer, state:3
         1703830732.093  1078  1264 I ASH     : @ 1603.474: tcs3701: stop power rail pending_off timer
         1703830732.093  1078  1264 D ASH     : @ 1603.474: tcs3701: start power rail timer, state:3
         1703830732.133  1078  1264 I ASH     : @ 1603.514: tcs3701: stop power rail pending_off timer
         1703830732.133  1078  1264 D ASH     : @ 1603.514: tcs3701: start power rail timer, state:3
         1703830732.174  1078  1264 I ASH     : @ 1603.554: tcs3701: stop power rail pending_off timer
         1703830732.175  1078  1264 D ASH     : @ 1603.554: tcs3701: start power rail timer, state:3
         1703830732.214  1078  1264 I ASH     : @ 1603.594: tcs3701: stop power rail pending_off timer
         1703830732.215  1078  1264 D ASH     : @ 1603.594: tcs3701: start power rail timer, state:3
         1703830732.253  1078  1264 I ASH     : @ 1603.634: tcs3701: stop power rail pending_off timer
         1703830732.254  1078  1264 D ASH     : @ 1603.634: tcs3701: start power rail timer, state:3
         1703830732.294  1078  1264 I ASH     : @ 1603.674: tcs3701: stop power rail pending_off timer
         1703830732.295  1078  1264 D ASH     : @ 1603.674: tcs3701: start power rail timer, state:3
         1703830732.334  1078  1264 I ASH     : @ 1603.714: tcs3701: stop power rail pending_off timer
         1703830732.335  1078  1264 D ASH     : @ 1603.714: tcs3701: start power rail timer, state:3
         1703830732.374  1078  1264 I ASH     : @ 1603.754: tcs3701: stop power rail pending_off timer
         1703830732.375  1078  1264 D ASH     : @ 1603.754: tcs3701: start power rail timer, state:3
         1703830732.414  1078  1264 I ASH     : @ 1603.794: tcs3701: stop power rail pending_off timer
         1703830732.414  1078  1264 D ASH     : @ 1603.794: tcs3701: start power rail timer, state:3
         1703830732.453  1078  1264 I ASH     : @ 1603.834: tcs3701: stop power rail pending_off timer
         1703830732.453  1078  1264 D ASH     : @ 1603.834: tcs3701: start power rail timer, state:3
         1703830732.495  1078  1264 I ASH     : @ 1603.874: tcs3701: stop power rail pending_off timer
         1703830732.495  1078  1264 D ASH     : @ 1603.874: tcs3701: start power rail timer, state:3
         1703830732.534  1078  1264 I ASH     : @ 1603.914: tcs3701: stop power rail pending_off timer
         1703830732.534  1078  1264 D ASH     : @ 1603.914: tcs3701: start power rail timer, state:3
         1703830732.574  1078  1264 I ASH     : @ 1603.954: tcs3701: stop power rail pending_off timer
         1703830732.574  1078  1264 D ASH     : @ 1603.954: tcs3701: start power rail timer, state:3
         1703830732.584 10675 10675 I dashscene-cpu: 10432 (.dashscene.demo) S 1038 1038 0 0 -1 1077936448 9724 0 70 0 440 86 0 0 10 -10 18 0 156739 15179878400 41083 18446744073709551615 1 1 0 0 0 0 4612 1 1073775864 0 0 0 17 6 0 0 0 0 0 0 0 0 0 0 0 0 0
         1703830732.613  1078  1264 I ASH     : @ 1603.994: tcs3701: stop power rail pending_off timer
         1703830732.613  1078  1264 D ASH     : @ 1603.994: tcs3701: start power rail timer, state:3
         1703830732.653  1078  1264 I ASH     : @ 1604.034: tcs3701: stop power rail pending_off timer
         1703830732.653  1078  1264 D ASH     : @ 1604.034: tcs3701: start power rail timer, state:3
         1703830732.695  1078  1264 I ASH     : @ 1604.074: tcs3701: stop power rail pending_off timer
         1703830732.695  1078  1264 D ASH     : @ 1604.074: tcs3701: start power rail timer, state:3
         1703830732.735  1078  1264 I ASH     : @ 1604.114: tcs3701: stop power rail pending_off timer
         1703830732.735  1078  1264 D ASH     : @ 1604.114: tcs3701: start power rail timer, state:3
         1703830732.775  1078  1264 I ASH     : @ 1604.154: tcs3701: stop power rail pending_off timer
         1703830732.775  1078  1264 D ASH     : @ 1604.154: tcs3701: start power rail timer, state:3
         1703830732.814  1078  1264 I ASH     : @ 1604.194: tcs3701: stop power rail pending_off timer
         1703830732.814  1078  1264 D ASH     : @ 1604.194: tcs3701: start power rail timer, state:3
         1703830732.853  1078  1264 I ASH     : @ 1604.234: tcs3701: stop power rail pending_off timer
         1703830732.853  1078  1264 D ASH     : @ 1604.234: tcs3701: start power rail timer, state:3
         1703830732.894  1078  1264 I ASH     : @ 1604.274: tcs3701: stop power rail pending_off timer
         1703830732.895  1078  1264 D ASH     : @ 1604.274: tcs3701: start power rail timer, state:3
         1703830732.935  1078  1264 I ASH     : @ 1604.314: tcs3701: stop power rail pending_off timer
         1703830732.935  1078  1264 D ASH     : @ 1604.314: tcs3701: start power rail timer, state:3
         1703830732.974  1078  1264 I ASH     : @ 1604.354: tcs3701: stop power rail pending_off timer
         1703830732.975  1078  1264 D ASH     : @ 1604.354: tcs3701: start power rail timer, state:3
         1703830733.014  1078  1264 I ASH     : @ 1604.394: tcs3701: stop power rail pending_off timer
         1703830733.015  1078  1264 D ASH     : @ 1604.394: tcs3701: start power rail timer, state:3
         1703830733.053  1078  1264 I ASH     : @ 1604.434: tcs3701: stop power rail pending_off timer
         1703830733.053  1078  1264 D ASH     : @ 1604.434: tcs3701: start power rail timer, state:3
         1703830733.093  1078  1264 I ASH     : @ 1604.474: tcs3701: stop power rail pending_off timer
         1703830733.094  1078  1264 D ASH     : @ 1604.474: tcs3701: start power rail timer, state:3
         1703830733.113 10678 10678 I dashscene-cpu: 10432 (.dashscene.demo) S 1038 1038 0 0 -1 1077936448 9724 0 70 0 442 86 0 0 10 -10 18 0 156739 15179878400 41083 18446744073709551615 1 1 0 0 0 0 4612 1 1073775864 0 0 0 17 6 0 0 0 0 0 0 0 0 0 0 0 0 0
         1703830733.133  1078  1264 I ASH     : @ 1604.514: tcs3701: stop power rail pending_off timer
         1703830733.133  1078  1264 D ASH     : @ 1604.514: tcs3701: start power rail timer, state:3
         1703830733.173  1078  1264 I ASH     : @ 1604.554: tcs3701: stop power rail pending_off timer
         1703830733.173  1078  1264 D ASH     : @ 1604.554: tcs3701: start power rail timer, state:3
         1703830733.215  1078  1264 I ASH     : @ 1604.594: tcs3701: stop power rail pending_off timer
         1703830733.215  1078  1264 D ASH     : @ 1604.594: tcs3701: start power rail timer, state:3
         1703830733.253  1078  1264 I ASH     : @ 1604.634: tcs3701: stop power rail pending_off timer
         1703830733.253  1078  1264 D ASH     : @ 1604.634: tcs3701: start power rail timer, state:3
         1703830733.295  1078  1264 I ASH     : @ 1604.674: tcs3701: stop power rail pending_off timer
         1703830733.295  1078  1264 D ASH     : @ 1604.674: tcs3701: start power rail timer, state:3
         1703830733.334  1078  1264 I ASH     : @ 1604.714: tcs3701: stop power rail pending_off timer
         1703830733.334  1078  1264 D ASH     : @ 1604.714: tcs3701: start power rail timer, state:3
         1703830733.374  1078  1264 I ASH     : @ 1604.754: tcs3701: stop power rail pending_off timer
         1703830733.375  1078  1264 D ASH     : @ 1604.754: tcs3701: start power rail timer, state:3
         1703830733.414  1078  1264 I ASH     : @ 1604.794: tcs3701: stop power rail pending_off timer
         1703830733.415  1078  1264 D ASH     : @ 1604.794: tcs3701: start power rail timer, state:3
         1703830733.453  1078  1264 I ASH     : @ 1604.834: tcs3701: stop power rail pending_off timer
         1703830733.453  1078  1264 D ASH     : @ 1604.834: tcs3701: start power rail timer, state:3
         1703830733.494  1078  1264 I ASH     : @ 1604.874: tcs3701: stop power rail pending_off timer
         1703830733.495  1078  1264 D ASH     : @ 1604.874: tcs3701: start power rail timer, state:3
         1703830733.534  1078  1264 I ASH     : @ 1604.914: tcs3701: stop power rail pending_off timer
         1703830733.535  1078  1264 D ASH     : @ 1604.914: tcs3701: start power rail timer, state:3
         1703830733.575  1078  1264 I ASH     : @ 1604.954: tcs3701: stop power rail pending_off timer
         1703830733.575  1078  1264 D ASH     : @ 1604.954: tcs3701: start power rail timer, state:3
         1703830733.614  1078  1264 I ASH     : @ 1604.994: tcs3701: stop power rail pending_off timer
         1703830733.614  1078  1264 D ASH     : @ 1604.994: tcs3701: start power rail timer, state:3
         1703830733.643 10681 10681 I dashscene-cpu: 10432 (.dashscene.demo) S 1038 1038 0 0 -1 1077936448 9724 0 70 0 444 86 0 0 10 -10 18 0 156739 15179878400 41083 18446744073709551615 1 1 0 0 0 0 4612 1 1073775864 0 0 0 17 6 0 0 0 0 0 0 0 0 0 0 0 0 0
         1703830733.653  1078  1264 I ASH     : @ 1605.034: tcs3701: stop power rail pending_off timer
         1703830733.653  1078  1264 D ASH     : @ 1605.034: tcs3701: start power rail timer, state:3
         1703830733.695  1078  1264 I ASH     : @ 1605.074: tcs3701: stop power rail pending_off timer
         1703830733.695  1078  1264 D ASH     : @ 1605.074: tcs3701: start power rail timer, state:3
         1703830733.733  1078  1264 I ASH     : @ 1605.114: tcs3701: stop power rail pending_off timer
         1703830733.733  1078  1264 D ASH     : @ 1605.114: tcs3701: start power rail timer, state:3
         1703830733.774  1078  1264 I ASH     : @ 1605.154: tcs3701: stop power rail pending_off timer
         1703830733.774  1078  1264 D ASH     : @ 1605.154: tcs3701: start power rail timer, state:3
         1703830733.813  1078  1264 I ASH     : @ 1605.194: tcs3701: stop power rail pending_off timer
         1703830733.813  1078  1264 D ASH     : @ 1605.194: tcs3701: start power rail timer, state:3
         1703830733.853  1078  1264 I ASH     : @ 1605.234: tcs3701: stop power rail pending_off timer
         1703830733.853  1078  1264 D ASH     : @ 1605.234: tcs3701: start power rail timer, state:3
         1703830733.894  1078  1264 I ASH     : @ 1605.274: tcs3701: stop power rail pending_off timer
         1703830733.895  1078  1264 D ASH     : @ 1605.274: tcs3701: start power rail timer, state:3
         1703830733.934  1078  1264 I ASH     : @ 1605.314: tcs3701: stop power rail pending_off timer
         1703830733.934  1078  1264 D ASH     : @ 1605.314: tcs3701: start power rail timer, state:3
         1703830733.974  1078  1264 I ASH     : @ 1605.354: tcs3701: stop power rail pending_off timer
         1703830733.975  1078  1264 D ASH     : @ 1605.354: tcs3701: start power rail timer, state:3
         1703830734.014  1078  1264 I ASH     : @ 1605.394: tcs3701: stop power rail pending_off timer
         1703830734.015  1078  1264 D ASH     : @ 1605.394: tcs3701: start power rail timer, state:3
         1703830734.053  1078  1264 I ASH     : @ 1605.434: tcs3701: stop power rail pending_off timer
         1703830734.053  1078  1264 D ASH     : @ 1605.434: tcs3701: start power rail timer, state:3
         1703830734.094  1078  1264 I ASH     : @ 1605.474: tcs3701: stop power rail pending_off timer
         1703830734.095  1078  1264 D ASH     : @ 1605.474: tcs3701: start power rail timer, state:3
         1703830734.134  1078  1264 I ASH     : @ 1605.514: tcs3701: stop power rail pending_off timer
         1703830734.135  1078  1264 D ASH     : @ 1605.514: tcs3701: start power rail timer, state:3
         1703830734.173  1078  1264 I ASH     : @ 1605.554: tcs3701: stop power rail pending_off timer
         1703830734.173  1078  1264 D ASH     : @ 1605.554: tcs3701: start power rail timer, state:3
         1703830734.176 10684 10684 I dashscene-cpu: 10432 (.dashscene.demo) S 1038 1038 0 0 -1 1077936448 9999 0 70 0 450 88 0 0 10 -10 18 0 156739 15179878400 41152 18446744073709551615 1 1 0 0 0 0 4612 1 1073775864 0 0 0 17 6 0 0 0 0 0 0 0 0 0 0 0 0 0
         1703830734.213  1078  1264 I ASH     : @ 1605.594: tcs3701: stop power rail pending_off timer
         1703830734.213  1078  1264 D ASH     : @ 1605.594: tcs3701: start power rail timer, state:3
         1703830734.253  1078  1264 I ASH     : @ 1605.634: tcs3701: stop power rail pending_off timer
         1703830734.254  1078  1264 D ASH     : @ 1605.634: tcs3701: start power rail timer, state:3
         1703830734.295  1078  1264 I ASH     : @ 1605.674: tcs3701: stop power rail pending_off timer
         1703830734.295  1078  1264 D ASH     : @ 1605.674: tcs3701: start power rail timer, state:3
         1703830734.335  1078  1264 I ASH     : @ 1605.714: tcs3701: stop power rail pending_off timer
         1703830734.335  1078  1264 D ASH     : @ 1605.714: tcs3701: start power rail timer, state:3
         1703830734.375  1078  1264 I ASH     : @ 1605.754: tcs3701: stop power rail pending_off timer
         1703830734.375  1078  1264 D ASH     : @ 1605.754: tcs3701: start power rail timer, state:3
         1703830734.414  1078  1264 I ASH     : @ 1605.794: tcs3701: stop power rail pending_off timer
         1703830734.414  1078  1264 D ASH     : @ 1605.794: tcs3701: start power rail timer, state:3
         1703830734.453  1078  1264 I ASH     : @ 1605.834: tcs3701: stop power rail pending_off timer
         1703830734.453  1078  1264 D ASH     : @ 1605.834: tcs3701: start power rail timer, state:3
         1703830734.493  1078  1264 I ASH     : @ 1605.874: tcs3701: stop power rail pending_off timer
         1703830734.493  1078  1264 D ASH     : @ 1605.874: tcs3701: start power rail timer, state:3
         1703830734.533  1078  1264 I ASH     : @ 1605.914: tcs3701: stop power rail pending_off timer
         1703830734.533  1078  1264 D ASH     : @ 1605.914: tcs3701: start power rail timer, state:3
         1703830734.573  1078  1264 I ASH     : @ 1605.954: tcs3701: stop power rail pending_off timer
         1703830734.573  1078  1264 D ASH     : @ 1605.954: tcs3701: start power rail timer, state:3
         1703830734.613  1078  1264 I ASH     : @ 1605.994: tcs3701: stop power rail pending_off timer
         1703830734.613  1078  1264 D ASH     : @ 1605.994: tcs3701: start power rail timer, state:3
         1703830734.653  1078  1264 I ASH     : @ 1606.034: tcs3701: stop power rail pending_off timer
         1703830734.653  1078  1264 D ASH     : @ 1606.034: tcs3701: start power rail timer, state:3
         1703830734.693  1078  1264 I ASH     : @ 1606.074: tcs3701: stop power rail pending_off timer
         1703830734.693  1078  1264 D ASH     : @ 1606.074: tcs3701: start power rail timer, state:3
         1703830734.708 10690 10690 I dashscene-cpu: 10432 (.dashscene.demo) S 1038 1038 0 0 -1 1077936448 10035 0 70 0 459 90 0 0 10 -10 18 0 156739 15179878400 41148 18446744073709551615 1 1 0 0 0 0 4612 1 1073775864 0 0 0 17 6 0 0 0 0 0 0 0 0 0 0 0 0 0
         1703830734.733  1078  1264 I ASH     : @ 1606.114: tcs3701: stop power rail pending_off timer
         1703830734.733  1078  1264 D ASH     : @ 1606.114: tcs3701: start power rail timer, state:3
         1703830734.773  1078  1264 I ASH     : @ 1606.154: tcs3701: stop power rail pending_off timer
         1703830734.773  1078  1264 D ASH     : @ 1606.154: tcs3701: start power rail timer, state:3
         1703830734.813  1078  1264 I ASH     : @ 1606.194: tcs3701: stop power rail pending_off timer
         1703830734.813  1078  1264 D ASH     : @ 1606.194: tcs3701: start power rail timer, state:3
         1703830734.853  1078  1264 I ASH     : @ 1606.234: tcs3701: stop power rail pending_off timer
         1703830734.853  1078  1264 D ASH     : @ 1606.234: tcs3701: start power rail timer, state:3
         1703830734.893  1078  1264 I ASH     : @ 1606.274: tcs3701: stop power rail pending_off timer
         1703830734.893  1078  1264 D ASH     : @ 1606.274: tcs3701: start power rail timer, state:3
         1703830734.933  1078  1264 I ASH     : @ 1606.314: tcs3701: stop power rail pending_off timer
         1703830734.933  1078  1264 D ASH     : @ 1606.314: tcs3701: start power rail timer, state:3
         1703830734.973  1078  1264 I ASH     : @ 1606.354: tcs3701: stop power rail pending_off timer
         1703830734.973  1078  1264 D ASH     : @ 1606.354: tcs3701: start power rail timer, state:3
         1703830735.013  1078  1264 I ASH     : @ 1606.394: tcs3701: stop power rail pending_off timer
         1703830735.013  1078  1264 D ASH     : @ 1606.394: tcs3701: start power rail timer, state:3
         1703830735.053  1078  1264 I ASH     : @ 1606.434: tcs3701: stop power rail pending_off timer
         1703830735.053  1078  1264 D ASH     : @ 1606.434: tcs3701: start power rail timer, state:3
         1703830735.093  1078  1264 I ASH     : @ 1606.474: tcs3701: stop power rail pending_off timer
         1703830735.093  1078  1264 D ASH     : @ 1606.474: tcs3701: start power rail timer, state:3
         1703830735.133  1078  1264 I ASH     : @ 1606.514: tcs3701: stop power rail pending_off timer
         1703830735.133  1078  1264 D ASH     : @ 1606.514: tcs3701: start power rail timer, state:3
         1703830735.174  1078  1264 I ASH     : @ 1606.554: tcs3701: stop power rail pending_off timer
         1703830735.174  1078  1264 D ASH     : @ 1606.554: tcs3701: start power rail timer, state:3
         1703830735.213  1078  1264 I ASH     : @ 1606.594: tcs3701: stop power rail pending_off timer
         1703830735.213  1078  1264 D ASH     : @ 1606.594: tcs3701: start power rail timer, state:3
         1703830735.239 10693 10693 I dashscene-cpu: 10432 (.dashscene.demo) S 1038 1038 0 0 -1 1077936448 10131 0 70 0 478 91 0 0 10 -10 18 0 156739 15179878400 41148 18446744073709551615 1 1 0 0 0 0 4612 1 1073775864 0 0 0 17 6 0 0 0 0 0 0 0 0 0 0 0 0 0
         1703830735.253  1078  1264 I ASH     : @ 1606.634: tcs3701: stop power rail pending_off timer
         1703830735.253  1078  1264 D ASH     : @ 1606.634: tcs3701: start power rail timer, state:3
         1703830735.293  1078  1264 I ASH     : @ 1606.674: tcs3701: stop power rail pending_off timer
         1703830735.293  1078  1264 D ASH     : @ 1606.674: tcs3701: start power rail timer, state:3
         1703830735.333  1078  1264 I ASH     : @ 1606.714: tcs3701: stop power rail pending_off timer
         1703830735.333  1078  1264 D ASH     : @ 1606.714: tcs3701: start power rail timer, state:3
         1703830735.373  1078  1264 I ASH     : @ 1606.754: tcs3701: stop power rail pending_off timer
         1703830735.373  1078  1264 D ASH     : @ 1606.754: tcs3701: start power rail timer, state:3
         1703830735.413  1078  1264 I ASH     : @ 1606.794: tcs3701: stop power rail pending_off timer
         1703830735.413  1078  1264 D ASH     : @ 1606.794: tcs3701: start power rail timer, state:3
         1703830735.453  1078  1264 I ASH     : @ 1606.834: tcs3701: stop power rail pending_off timer
         1703830735.453  1078  1264 D ASH     : @ 1606.834: tcs3701: start power rail timer, state:3
         1703830735.493  1078  1264 I ASH     : @ 1606.874: tcs3701: stop power rail pending_off timer
         1703830735.493  1078  1264 D ASH     : @ 1606.874: tcs3701: start power rail timer, state:3
         1703830735.533  1078  1264 I ASH     : @ 1606.914: tcs3701: stop power rail pending_off timer
         1703830735.533  1078  1264 D ASH     : @ 1606.914: tcs3701: start power rail timer, state:3
         1703830735.573  1078  1264 I ASH     : @ 1606.954: tcs3701: stop power rail pending_off timer
         1703830735.573  1078  1264 D ASH     : @ 1606.954: tcs3701: start power rail timer, state:3
         1703830735.613  1078  1264 I ASH     : @ 1606.994: tcs3701: stop power rail pending_off timer
         1703830735.613  1078  1264 D ASH     : @ 1606.994: tcs3701: start power rail timer, state:3
         1703830735.653  1078  1264 I ASH     : @ 1607.034: tcs3701: stop power rail pending_off timer
         1703830735.653  1078  1264 D ASH     : @ 1607.034: tcs3701: start power rail timer, state:3
         1703830735.693  1078  1264 I ASH     : @ 1607.074: tcs3701: stop power rail pending_off timer
         1703830735.693  1078  1264 D ASH     : @ 1607.074: tcs3701: start power rail timer, state:3
         1703830735.735  1078  1264 I ASH     : @ 1607.114: tcs3701: stop power rail pending_off timer
         1703830735.735  1078  1264 D ASH     : @ 1607.114: tcs3701: start power rail timer, state:3
         1703830735.771 10696 10696 I dashscene-cpu: 10432 (.dashscene.demo) S 1038 1038 0 0 -1 1077936448 10227 0 70 0 496 93 0 0 10 -10 18 0 156739 15179878400 41148 18446744073709551615 1 1 0 0 0 0 4612 1 1073775864 0 0 0 17 6 0 0 0 0 0 0 0 0 0 0 0 0 0
         1703830735.773  1078  1264 I ASH     : @ 1607.154: tcs3701: stop power rail pending_off timer
         1703830735.773  1078  1264 D ASH     : @ 1607.154: tcs3701: start power rail timer, state:3
         1703830735.813  1078  1264 I ASH     : @ 1607.194: tcs3701: stop power rail pending_off timer
         1703830735.813  1078  1264 D ASH     : @ 1607.194: tcs3701: start power rail timer, state:3
         1703830735.853  1078  1264 I ASH     : @ 1607.234: tcs3701: stop power rail pending_off timer
         1703830735.853  1078  1264 D ASH     : @ 1607.234: tcs3701: start power rail timer, state:3
         1703830735.858 10432 10454 I dashscene: 2160 frames over 2160 vsyncs
         1703830735.893  1078  1264 I ASH     : @ 1607.274: tcs3701: stop power rail pending_off timer
         1703830735.893  1078  1264 D ASH     : @ 1607.274: tcs3701: start power rail timer, state:3
         1703830735.933  1078  1264 I ASH     : @ 1607.314: tcs3701: stop power rail pending_off timer
         1703830735.933  1078  1264 D ASH     : @ 1607.314: tcs3701: start power rail timer, state:3
         1703830735.973  1078  1264 I ASH     : @ 1607.354: tcs3701: stop power rail pending_off timer
         1703830735.973  1078  1264 D ASH     : @ 1607.354: tcs3701: start power rail timer, state:3
         1703830736.013  1078  1264 I ASH     : @ 1607.394: tcs3701: stop power rail pending_off timer
         1703830736.013  1078  1264 D ASH     : @ 1607.394: tcs3701: start power rail timer, state:3
         1703830736.053  1078  1264 I ASH     : @ 1607.434: tcs3701: stop power rail pending_off timer
         1703830736.053  1078  1264 D ASH     : @ 1607.434: tcs3701: start power rail timer, state:3
         1703830736.093  1078  1264 I ASH     : @ 1607.474: tcs3701: stop power rail pending_off timer
         1703830736.093  1078  1264 D ASH     : @ 1607.474: tcs3701: start power rail timer, state:3
         1703830736.134  1078  1264 I ASH     : @ 1607.514: tcs3701: stop power rail pending_off timer
         1703830736.134  1078  1264 D ASH     : @ 1607.514: tcs3701: start power rail timer, state:3
         1703830736.175  1078  1264 I ASH     : @ 1607.554: tcs3701: stop power rail pending_off timer
         1703830736.175  1078  1264 D ASH     : @ 1607.554: tcs3701: start power rail timer, state:3
         1703830736.214  1078  1264 I ASH     : @ 1607.594: tcs3701: stop power rail pending_off timer
         1703830736.214  1078  1264 D ASH     : @ 1607.594: tcs3701: start power rail timer, state:3
         1703830736.253  1078  1264 I ASH     : @ 1607.634: tcs3701: stop power rail pending_off timer
         1703830736.253  1078  1264 D ASH     : @ 1607.634: tcs3701: start power rail timer, state:3
         1703830736.293  1078  1264 I ASH     : @ 1607.674: tcs3701: stop power rail pending_off timer
         1703830736.294  1078  1264 D ASH     : @ 1607.674: tcs3701: start power rail timer, state:3
         1703830736.304 10699 10699 I dashscene-cpu: 10432 (.dashscene.demo) S 1038 1038 0 0 -1 1077936448 10261 0 70 0 503 94 0 0 10 -10 18 0 156739 15179878400 41148 18446744073709551615 1 1 0 0 0 0 4612 1 1073775864 0 0 0 17 6 0 0 0 0 0 0 0 0 0 0 0 0 0
         1703830736.333  1078  1264 I ASH     : @ 1607.714: tcs3701: stop power rail pending_off timer
         1703830736.333  1078  1264 D ASH     : @ 1607.714: tcs3701: start power rail timer, state:3
         1703830736.374  1078  1264 I ASH     : @ 1607.754: tcs3701: stop power rail pending_off timer
         1703830736.375  1078  1264 D ASH     : @ 1607.754: tcs3701: start power rail timer, state:3
         1703830736.415  1078  1264 I ASH     : @ 1607.794: tcs3701: stop power rail pending_off timer
         1703830736.415  1078  1264 D ASH     : @ 1607.794: tcs3701: start power rail timer, state:3
         1703830736.453  1078  1264 I ASH     : @ 1607.834: tcs3701: stop power rail pending_off timer
         1703830736.454  1078  1264 D ASH     : @ 1607.834: tcs3701: start power rail timer, state:3
         1703830736.494  1078  1264 I ASH     : @ 1607.874: tcs3701: stop power rail pending_off timer
         1703830736.495  1078  1264 D ASH     : @ 1607.874: tcs3701: start power rail timer, state:3
         1703830736.535  1078  1264 I ASH     : @ 1607.914: tcs3701: stop power rail pending_off timer
         1703830736.535  1078  1264 D ASH     : @ 1607.914: tcs3701: start power rail timer, state:3
         1703830736.574  1078  1264 I ASH     : @ 1607.954: tcs3701: stop power rail pending_off timer
         1703830736.575  1078  1264 D ASH     : @ 1607.954: tcs3701: start power rail timer, state:3
         1703830736.614  1078  1264 I ASH     : @ 1607.994: tcs3701: stop power rail pending_off timer
         1703830736.614  1078  1264 D ASH     : @ 1607.994: tcs3701: start power rail timer, state:3
         1703830736.653  1078  1264 I ASH     : @ 1608.034: tcs3701: stop power rail pending_off timer
         1703830736.654  1078  1264 D ASH     : @ 1608.034: tcs3701: start power rail timer, state:3
         1703830736.695  1078  1264 I ASH     : @ 1608.074: tcs3701: stop power rail pending_off timer
         1703830736.695  1078  1264 D ASH     : @ 1608.074: tcs3701: start power rail timer, state:3
         1703830736.735  1078  1264 I ASH     : @ 1608.114: tcs3701: stop power rail pending_off timer
         1703830736.735  1078  1264 D ASH     : @ 1608.114: tcs3701: start power rail timer, state:3
         1703830736.775  1078  1264 I ASH     : @ 1608.154: tcs3701: stop power rail pending_off timer
         1703830736.775  1078  1264 D ASH     : @ 1608.154: tcs3701: start power rail timer, state:3
         1703830736.814  1078  1264 I ASH     : @ 1608.194: tcs3701: stop power rail pending_off timer
         1703830736.814  1078  1264 D ASH     : @ 1608.194: tcs3701: start power rail timer, state:3
         1703830736.837 10702 10702 I dashscene-cpu: 10432 (.dashscene.demo) S 1038 1038 0 0 -1 1077936448 10261 0 70 0 503 96 0 0 10 -10 18 0 156739 15179878400 41148 18446744073709551615 1 1 0 0 0 0 4612 1 1073775864 0 0 0 17 6 0 0 0 0 0 0 0 0 0 0 0 0 0
         1703830736.853  1078  1264 I ASH     : @ 1608.234: tcs3701: stop power rail pending_off timer
         1703830736.853  1078  1264 D ASH     : @ 1608.234: tcs3701: start power rail timer, state:3
         1703830736.890  3269 10704 W enyb    : [{0}] Failed to resolve name. status={1}
         1703830736.893  1078  1264 I ASH     : @ 1608.274: tcs3701: stop power rail pending_off timer
         1703830736.893  1078  1264 D ASH     : @ 1608.274: tcs3701: start power rail timer, state:3
         1703830736.934  1078  1264 I ASH     : @ 1608.314: tcs3701: stop power rail pending_off timer
         1703830736.934  1078  1264 D ASH     : @ 1608.314: tcs3701: start power rail timer, state:3
         1703830736.973  1078  1264 I ASH     : @ 1608.354: tcs3701: stop power rail pending_off timer
         1703830736.973  1078  1264 D ASH     : @ 1608.354: tcs3701: start power rail timer, state:3
         1703830737.013  1078  1264 I ASH     : @ 1608.394: tcs3701: stop power rail pending_off timer
         1703830737.013  1078  1264 D ASH     : @ 1608.394: tcs3701: start power rail timer, state:3
         1703830737.053  1078  1264 I ASH     : @ 1608.434: tcs3701: stop power rail pending_off timer
         1703830737.053  1078  1264 D ASH     : @ 1608.434: tcs3701: start power rail timer, state:3
         1703830737.093  1078  1264 I ASH     : @ 1608.474: tcs3701: stop power rail pending_off timer
         1703830737.093  1078  1264 D ASH     : @ 1608.474: tcs3701: start power rail timer, state:3
         1703830737.135  1078  1264 I ASH     : @ 1608.514: tcs3701: stop power rail pending_off timer
         1703830737.135  1078  1264 D ASH     : @ 1608.514: tcs3701: start power rail timer, state:3
         1703830737.174  1078  1264 I ASH     : @ 1608.554: tcs3701: stop power rail pending_off timer
         1703830737.175  1078  1264 D ASH     : @ 1608.554: tcs3701: start power rail timer, state:3
         1703830737.214  1078  1264 I ASH     : @ 1608.594: tcs3701: stop power rail pending_off timer
         1703830737.214  1078  1264 D ASH     : @ 1608.594: tcs3701: start power rail timer, state:3
         1703830737.254  1078  1264 I ASH     : @ 1608.634: tcs3701: stop power rail pending_off timer
         1703830737.254  1078  1264 D ASH     : @ 1608.634: tcs3701: start power rail timer, state:3
         1703830737.294  1078  1264 I ASH     : @ 1608.674: tcs3701: stop power rail pending_off timer
         1703830737.295  1078  1264 D ASH     : @ 1608.674: tcs3701: start power rail timer, state:3
         1703830737.334  1078  1264 I ASH     : @ 1608.714: tcs3701: stop power rail pending_off timer
         1703830737.335  1078  1264 D ASH     : @ 1608.714: tcs3701: start power rail timer, state:3
         1703830737.367 10707 10707 I dashscene-cpu: 10432 (.dashscene.demo) S 1038 1038 0 0 -1 1077936448 10265 0 70 0 505 97 0 0 10 -10 18 0 156739 15179878400 41149 18446744073709551615 1 1 0 0 0 0 4612 1 1073775864 0 0 0 17 6 0 0 0 0 0 0 0 0 0 0 0 0 0
         1703830737.373  1078  1264 I ASH     : @ 1608.754: tcs3701: stop power rail pending_off timer
         1703830737.373  1078  1264 D ASH     : @ 1608.754: tcs3701: start power rail timer, state:3
         1703830737.414  1078  1264 I ASH     : @ 1608.794: tcs3701: stop power rail pending_off timer
         1703830737.414  1078  1264 D ASH     : @ 1608.794: tcs3701: start power rail timer, state:3
         1703830737.454  1078  1264 I ASH     : @ 1608.834: tcs3701: stop power rail pending_off timer
         1703830737.454  1078  1264 D ASH     : @ 1608.834: tcs3701: start power rail timer, state:3
         1703830737.494  1078  1264 I ASH     : @ 1608.874: tcs3701: stop power rail pending_off timer
         1703830737.495  1078  1264 D ASH     : @ 1608.874: tcs3701: start power rail timer, state:3
         1703830737.535  1078  1264 I ASH     : @ 1608.914: tcs3701: stop power rail pending_off timer
         1703830737.535  1078  1264 D ASH     : @ 1608.914: tcs3701: start power rail timer, state:3
         1703830737.574  1078  1264 I ASH     : @ 1608.954: tcs3701: stop power rail pending_off timer
         1703830737.574  1078  1264 D ASH     : @ 1608.954: tcs3701: start power rail timer, state:3
         1703830737.615  1078  1264 I ASH     : @ 1608.994: tcs3701: stop power rail pending_off timer
         1703830737.615  1078  1264 D ASH     : @ 1608.994: tcs3701: start power rail timer, state:3
         1703830737.654  1078  1264 I ASH     : @ 1609.034: tcs3701: stop power rail pending_off timer
         1703830737.654  1078  1264 D ASH     : @ 1609.034: tcs3701: start power rail timer, state:3
         1703830737.694  1078  1264 I ASH     : @ 1609.074: tcs3701: stop power rail pending_off timer
         1703830737.695  1078  1264 D ASH     : @ 1609.074: tcs3701: start power rail timer, state:3
         1703830737.735  1078  1264 I ASH     : @ 1609.114: tcs3701: stop power rail pending_off timer
         1703830737.735  1078  1264 D ASH     : @ 1609.114: tcs3701: start power rail timer, state:3
         1703830737.773  1078  1264 I ASH     : @ 1609.154: tcs3701: stop power rail pending_off timer
         1703830737.774  1078  1264 D ASH     : @ 1609.154: tcs3701: start power rail timer, state:3
         1703830737.814  1078  1264 I ASH     : @ 1609.194: tcs3701: stop power rail pending_off timer
         1703830737.814  1078  1264 D ASH     : @ 1609.194: tcs3701: start power rail timer, state:3
         1703830737.854  1078  1264 I ASH     : @ 1609.234: tcs3701: stop power rail pending_off timer
         1703830737.854  1078  1264 D ASH     : @ 1609.234: tcs3701: start power rail timer, state:3
         1703830737.893  1078  1264 I ASH     : @ 1609.274: tcs3701: stop power rail pending_off timer
         1703830737.893  1078  1264 D ASH     : @ 1609.274: tcs3701: start power rail timer, state:3
         1703830737.895 10710 10710 I dashscene-cpu: 10432 (.dashscene.demo) S 1038 1038 0 0 -1 1077936448 10265 0 70 0 506 99 0 0 10 -10 18 0 156739 15179878400 41149 18446744073709551615 1 1 0 0 0 0 4612 1 1073775864 0 0 0 17 6 0 0 0 0 0 0 0 0 0 0 0 0 0
         1703830737.933  1078  1264 I ASH     : @ 1609.314: tcs3701: stop power rail pending_off timer
         1703830737.933  1078  1264 D ASH     : @ 1609.314: tcs3701: start power rail timer, state:3
         1703830737.973  1078  1264 I ASH     : @ 1609.354: tcs3701: stop power rail pending_off timer
         1703830737.973  1078  1264 D ASH     : @ 1609.354: tcs3701: start power rail timer, state:3
         1703830738.014  1078  1264 I ASH     : @ 1609.394: tcs3701: stop power rail pending_off timer
         1703830738.015  1078  1264 D ASH     : @ 1609.394: tcs3701: start power rail timer, state:3
         1703830738.054  1078  1264 I ASH     : @ 1609.434: tcs3701: stop power rail pending_off timer
         1703830738.054  1078  1264 D ASH     : @ 1609.434: tcs3701: start power rail timer, state:3
         1703830738.094  1078  1264 I ASH     : @ 1609.474: tcs3701: stop power rail pending_off timer
         1703830738.095  1078  1264 D ASH     : @ 1609.474: tcs3701: start power rail timer, state:3
         1703830738.135  1078  1264 I ASH     : @ 1609.514: tcs3701: stop power rail pending_off timer
         1703830738.135  1078  1264 D ASH     : @ 1609.514: tcs3701: start power rail timer, state:3
         1703830738.173  1078  1264 I ASH     : @ 1609.554: tcs3701: stop power rail pending_off timer
         1703830738.173  1078  1264 D ASH     : @ 1609.554: tcs3701: start power rail timer, state:3
         1703830738.214  1078  1264 I ASH     : @ 1609.594: tcs3701: stop power rail pending_off timer
         1703830738.215  1078  1264 D ASH     : @ 1609.594: tcs3701: start power rail timer, state:3
         1703830738.254  1078  1264 I ASH     : @ 1609.634: tcs3701: stop power rail pending_off timer
         1703830738.254  1078  1264 D ASH     : @ 1609.634: tcs3701: start power rail timer, state:3
         1703830738.295  1078  1264 I ASH     : @ 1609.674: tcs3701: stop power rail pending_off timer
         1703830738.295  1078  1264 D ASH     : @ 1609.674: tcs3701: start power rail timer, state:3
         1703830738.334  1078  1264 I ASH     : @ 1609.714: tcs3701: stop power rail pending_off timer
         1703830738.335  1078  1264 D ASH     : @ 1609.714: tcs3701: start power rail timer, state:3
         1703830738.375  1078  1264 I ASH     : @ 1609.754: tcs3701: stop power rail pending_off timer
         1703830738.375  1078  1264 D ASH     : @ 1609.754: tcs3701: start power rail timer, state:3
         1703830738.413  1078  1264 I ASH     : @ 1609.794: tcs3701: stop power rail pending_off timer
         1703830738.413  1078  1264 D ASH     : @ 1609.794: tcs3701: start power rail timer, state:3
         1703830738.427 10713 10713 I dashscene-cpu: 10432 (.dashscene.demo) S 1038 1038 0 0 -1 1077936448 10265 0 70 0 507 99 0 0 10 -10 18 0 156739 15179878400 41149 18446744073709551615 1 1 0 0 0 0 4612 1 1073775864 0 0 0 17 6 0 0 0 0 0 0 0 0 0 0 0 0 0
         1703830738.453  1078  1264 I ASH     : @ 1609.834: tcs3701: stop power rail pending_off timer
         1703830738.453  1078  1264 D ASH     : @ 1609.834: tcs3701: start power rail timer, state:3
         1703830738.493  1078  1264 I ASH     : @ 1609.874: tcs3701: stop power rail pending_off timer
         1703830738.493  1078  1264 D ASH     : @ 1609.874: tcs3701: start power rail timer, state:3
         1703830738.534  1078  1264 I ASH     : @ 1609.914: tcs3701: stop power rail pending_off timer
         1703830738.534  1078  1264 D ASH     : @ 1609.914: tcs3701: start power rail timer, state:3
         1703830738.573  1078  1264 I ASH     : @ 1609.954: tcs3701: stop power rail pending_off timer
         1703830738.574  1078  1264 D ASH     : @ 1609.954: tcs3701: start power rail timer, state:3
         1703830738.615  1078  1264 I ASH     : @ 1609.994: tcs3701: stop power rail pending_off timer
         1703830738.615  1078  1264 D ASH     : @ 1609.994: tcs3701: start power rail timer, state:3
         1703830738.654  1078  1264 I ASH     : @ 1610.034: tcs3701: stop power rail pending_off timer
         1703830738.654  1078  1264 D ASH     : @ 1610.034: tcs3701: start power rail timer, state:3
         1703830738.695  1078  1264 I ASH     : @ 1610.074: tcs3701: stop power rail pending_off timer
         1703830738.695  1078  1264 D ASH     : @ 1610.074: tcs3701: start power rail timer, state:3
         1703830738.735  1078  1264 I ASH     : @ 1610.114: tcs3701: stop power rail pending_off timer
         1703830738.735  1078  1264 D ASH     : @ 1610.114: tcs3701: start power rail timer, state:3
         1703830738.773  1078  1264 I ASH     : @ 1610.154: tcs3701: stop power rail pending_off timer
         1703830738.773  1078  1264 D ASH     : @ 1610.154: tcs3701: start power rail timer, state:3
         1703830738.814  1078  1264 I ASH     : @ 1610.194: tcs3701: stop power rail pending_off timer
         1703830738.814  1078  1264 D ASH     : @ 1610.194: tcs3701: start power rail timer, state:3
         1703830738.855  1078  1264 I ASH     : @ 1610.234: tcs3701: stop power rail pending_off timer
         1703830738.855  1078  1264 D ASH     : @ 1610.234: tcs3701: start power rail timer, state:3
         1703830738.894  1078  1264 I ASH     : @ 1610.274: tcs3701: stop power rail pending_off timer
         1703830738.894  1078  1264 D ASH     : @ 1610.274: tcs3701: start power rail timer, state:3
         1703830738.934  1078  1264 I ASH     : @ 1610.314: tcs3701: stop power rail pending_off timer
         1703830738.935  1078  1264 D ASH     : @ 1610.314: tcs3701: start power rail timer, state:3
         1703830738.960 10716 10716 I dashscene-cpu: 10432 (.dashscene.demo) S 1038 1038 0 0 -1 1077936448 10265 0 70 0 508 101 0 0 10 -10 18 0 156739 15179878400 41144 18446744073709551615 1 1 0 0 0 0 4612 1 1073775864 0 0 0 17 6 0 0 0 0 0 0 0 0 0 0 0 0 0
         1703830738.973  1078  1264 I ASH     : @ 1610.354: tcs3701: stop power rail pending_off timer
         1703830738.973  1078  1264 D ASH     : @ 1610.354: tcs3701: start power rail timer, state:3
         1703830739.014  1078  1264 I ASH     : @ 1610.394: tcs3701: stop power rail pending_off timer
         1703830739.015  1078  1264 D ASH     : @ 1610.394: tcs3701: start power rail timer, state:3
         1703830739.053  1078  1264 I ASH     : @ 1610.434: tcs3701: stop power rail pending_off timer
         1703830739.054  1078  1264 D ASH     : @ 1610.434: tcs3701: start power rail timer, state:3
         1703830739.094  1078  1264 I ASH     : @ 1610.474: tcs3701: stop power rail pending_off timer
         1703830739.095  1078  1264 D ASH     : @ 1610.474: tcs3701: start power rail timer, state:3
         1703830739.134  1078  1264 I ASH     : @ 1610.514: tcs3701: stop power rail pending_off timer
         1703830739.134  1078  1264 D ASH     : @ 1610.514: tcs3701: start power rail timer, state:3
         1703830739.173  1078  1264 I ASH     : @ 1610.554: tcs3701: stop power rail pending_off timer
         1703830739.174  1078  1264 D ASH     : @ 1610.554: tcs3701: start power rail timer, state:3
         1703830739.214  1078  1264 I ASH     : @ 1610.594: tcs3701: stop power rail pending_off timer
         1703830739.215  1078  1264 D ASH     : @ 1610.594: tcs3701: start power rail timer, state:3
         1703830739.254  1078  1264 I ASH     : @ 1610.634: tcs3701: stop power rail pending_off timer
         1703830739.254  1078  1264 D ASH     : @ 1610.634: tcs3701: start power rail timer, state:3
         1703830739.294  1078  1264 I ASH     : @ 1610.674: tcs3701: stop power rail pending_off timer
         1703830739.295  1078  1264 D ASH     : @ 1610.674: tcs3701: start power rail timer, state:3
         1703830739.334  1078  1264 I ASH     : @ 1610.714: tcs3701: stop power rail pending_off timer
         1703830739.334  1078  1264 D ASH     : @ 1610.714: tcs3701: start power rail timer, state:3
         1703830739.373  1078  1264 I ASH     : @ 1610.754: tcs3701: stop power rail pending_off timer
         1703830739.373  1078  1264 D ASH     : @ 1610.754: tcs3701: start power rail timer, state:3
         1703830739.414  1078  1264 I ASH     : @ 1610.794: tcs3701: stop power rail pending_off timer
         1703830739.415  1078  1264 D ASH     : @ 1610.794: tcs3701: start power rail timer, state:3
         1703830739.454  1078  1264 I ASH     : @ 1610.834: tcs3701: stop power rail pending_off timer
         1703830739.455  1078  1264 D ASH     : @ 1610.834: tcs3701: start power rail timer, state:3
         1703830739.490 10719 10719 I dashscene-cpu: 10432 (.dashscene.demo) S 1038 1038 0 0 -1 1077936448 10268 0 70 0 511 102 0 0 10 -10 18 0 156739 15179878400 41144 18446744073709551615 1 1 0 0 0 0 4612 1 1073775864 0 0 0 17 6 0 0 0 0 0 0 0 0 0 0 0 0 0
         1703830739.493  1078  1264 I ASH     : @ 1610.874: tcs3701: stop power rail pending_off timer
         1703830739.493  1078  1264 D ASH     : @ 1610.874: tcs3701: start power rail timer, state:3
         1703830739.533  1078  1264 I ASH     : @ 1610.914: tcs3701: stop power rail pending_off timer
         1703830739.533  1078  1264 D ASH     : @ 1610.914: tcs3701: start power rail timer, state:3
         1703830739.573  1078  1264 I ASH     : @ 1610.954: tcs3701: stop power rail pending_off timer
         1703830739.573  1078  1264 D ASH     : @ 1610.954: tcs3701: start power rail timer, state:3
         1703830739.613  1078  1264 I ASH     : @ 1610.994: tcs3701: stop power rail pending_off timer
         1703830739.613  1078  1264 D ASH     : @ 1610.994: tcs3701: start power rail timer, state:3
         1703830739.653  1078  1264 I ASH     : @ 1611.034: tcs3701: stop power rail pending_off timer
         1703830739.653  1078  1264 D ASH     : @ 1611.034: tcs3701: start power rail timer, state:3
         1703830739.693  1078  1264 I ASH     : @ 1611.074: tcs3701: stop power rail pending_off timer
         1703830739.693  1078  1264 D ASH     : @ 1611.074: tcs3701: start power rail timer, state:3
         1703830739.733  1078  1264 I ASH     : @ 1611.114: tcs3701: stop power rail pending_off timer
         1703830739.733  1078  1264 D ASH     : @ 1611.114: tcs3701: start power rail timer, state:3
         1703830739.773  1078  1264 I ASH     : @ 1611.154: tcs3701: stop power rail pending_off timer
         1703830739.773  1078  1264 D ASH     : @ 1611.154: tcs3701: start power rail timer, state:3
         1703830739.813  1078  1264 I ASH     : @ 1611.194: tcs3701: stop power rail pending_off timer
         1703830739.813  1078  1264 D ASH     : @ 1611.194: tcs3701: start power rail timer, state:3
         1703830739.853  1078  1264 I ASH     : @ 1611.234: tcs3701: stop power rail pending_off timer
         1703830739.853  1078  1264 D ASH     : @ 1611.234: tcs3701: start power rail timer, state:3
         1703830739.893  1078  1264 I ASH     : @ 1611.274: tcs3701: stop power rail pending_off timer
         1703830739.893  1078  1264 D ASH     : @ 1611.274: tcs3701: start power rail timer, state:3
         1703830739.918 10432 10454 I dashscene: 2400 frames over 2400 vsyncs
         1703830739.933  1078  1264 I ASH     : @ 1611.314: tcs3701: stop power rail pending_off timer
         1703830739.933  1078  1264 D ASH     : @ 1611.314: tcs3701: start power rail timer, state:3
         1703830739.973  1078  1264 I ASH     : @ 1611.354: tcs3701: stop power rail pending_off timer
         1703830739.973  1078  1264 D ASH     : @ 1611.354: tcs3701: start power rail timer, state:3
         1703830740.007  3612  3842 I AiAiEcho: Predicting[0]: 
         1703830740.008  3612  3842 I AiAiEcho: EchoTargets: 
         1703830740.008  3612  3842 I AiAiEcho: Filtered by AiAi flag check: 
         1703830740.009  3612  3842 I AiAiEcho: Ranked targets strategy: SORT, count: 0, ranking metadata: 
         1703830740.013  3612  3842 I AiAiEcho: #postPredictionTargets: Sending updates to UISurface lockscreen with targets# 0 (types=[])
         1703830740.013  1078  1264 I ASH     : @ 1611.394: tcs3701: stop power rail pending_off timer
         1703830740.013  1078  1264 D ASH     : @ 1611.394: tcs3701: start power rail timer, state:3
         1703830740.020 10725 10725 I dashscene-cpu: 10432 (.dashscene.demo) S 1038 1038 0 0 -1 1077936448 10361 0 70 0 528 104 0 0 10 -10 18 0 156739 15179878400 41142 18446744073709551615 1 1 0 0 0 0 4612 1 1073775864 0 0 0 17 6 0 0 0 0 0 0 0 0 0 0 0 0 0
         1703830740.043  2572  2572 W PageIndicator: Total number of pages invalid: 0. Assuming 1 page.
         1703830740.053  1078  1264 I ASH     : @ 1611.434: tcs3701: stop power rail pending_off timer
         1703830740.053  1078  1264 D ASH     : @ 1611.434: tcs3701: start power rail timer, state:3
         1703830740.093  1078  1264 I ASH     : @ 1611.474: tcs3701: stop power rail pending_off timer
         1703830740.093  1078  1264 D ASH     : @ 1611.474: tcs3701: start power rail timer, state:3
         1703830740.133  1078  1264 I ASH     : @ 1611.514: tcs3701: stop power rail pending_off timer
         1703830740.133  1078  1264 D ASH     : @ 1611.514: tcs3701: start power rail timer, state:3
         1703830740.173  1078  1264 I ASH     : @ 1611.554: tcs3701: stop power rail pending_off timer
         1703830740.173  1078  1264 D ASH     : @ 1611.554: tcs3701: start power rail timer, state:3
         1703830740.213  1078  1264 I ASH     : @ 1611.594: tcs3701: stop power rail pending_off timer
         1703830740.213  1078  1264 D ASH     : @ 1611.594: tcs3701: start power rail timer, state:3
         1703830740.253  1078  1264 I ASH     : @ 1611.634: tcs3701: stop power rail pending_off timer
         1703830740.253  1078  1264 D ASH     : @ 1611.634: tcs3701: start power rail timer, state:3
         1703830740.293  1078  1264 I ASH     : @ 1611.674: tcs3701: stop power rail pending_off timer
         1703830740.293  1078  1264 D ASH     : @ 1611.674: tcs3701: start power rail timer, state:3
         1703830740.333  1078  1264 I ASH     : @ 1611.714: tcs3701: stop power rail pending_off timer
         1703830740.333  1078  1264 D ASH     : @ 1611.714: tcs3701: start power rail timer, state:3
         1703830740.373  1078  1264 I ASH     : @ 1611.754: tcs3701: stop power rail pending_off timer
         1703830740.373  1078  1264 D ASH     : @ 1611.754: tcs3701: start power rail timer, state:3
         1703830740.413  1078  1264 I ASH     : @ 1611.794: tcs3701: stop power rail pending_off timer
         1703830740.413  1078  1264 D ASH     : @ 1611.794: tcs3701: start power rail timer, state:3
         1703830740.453  1078  1264 I ASH     : @ 1611.834: tcs3701: stop power rail pending_off timer
         1703830740.453  1078  1264 D ASH     : @ 1611.834: tcs3701: start power rail timer, state:3
         1703830740.493  1078  1264 I ASH     : @ 1611.874: tcs3701: stop power rail pending_off timer
         1703830740.493  1078  1264 D ASH     : @ 1611.874: tcs3701: start power rail timer, state:3
         1703830740.533  1078  1264 I ASH     : @ 1611.914: tcs3701: stop power rail pending_off timer
         1703830740.533  1078  1264 D ASH     : @ 1611.914: tcs3701: start power rail timer, state:3
         1703830740.552 10728 10728 I dashscene-cpu: 10432 (.dashscene.demo) S 1038 1038 0 0 -1 1077936448 10455 0 70 0 546 109 0 0 10 -10 18 0 156739 15179878400 41141 18446744073709551615 1 1 0 0 0 0 4612 1 1073775864 0 0 0 17 6 0 0 0 0 0 0 0 0 0 0 0 0 0
         1703830740.573  1078  1264 I ASH     : @ 1611.954: tcs3701: stop power rail pending_off timer
         1703830740.573  1078  1264 D ASH     : @ 1611.954: tcs3701: start power rail timer, state:3
         1703830740.613  1078  1264 I ASH     : @ 1611.994: tcs3701: stop power rail pending_off timer
         1703830740.613  1078  1264 D ASH     : @ 1611.994: tcs3701: start power rail timer, state:3
         1703830740.653  1078  1264 I ASH     : @ 1612.034: tcs3701: stop power rail pending_off timer
         1703830740.653  1078  1264 D ASH     : @ 1612.034: tcs3701: start power rail timer, state:3
         1703830740.693  1078  1264 I ASH     : @ 1612.074: tcs3701: stop power rail pending_off timer
         1703830740.693  1078  1264 D ASH     : @ 1612.074: tcs3701: start power rail timer, state:3
         1703830740.733  1078  1264 I ASH     : @ 1612.114: tcs3701: stop power rail pending_off timer
         1703830740.733  1078  1264 D ASH     : @ 1612.114: tcs3701: start power rail timer, state:3
         1703830740.773  1078  1264 I ASH     : @ 1612.154: tcs3701: stop power rail pending_off timer
         1703830740.773  1078  1264 D ASH     : @ 1612.154: tcs3701: start power rail timer, state:3
         1703830740.813  1078  1264 I ASH     : @ 1612.194: tcs3701: stop power rail pending_off timer
         1703830740.813  1078  1264 D ASH     : @ 1612.194: tcs3701: start power rail timer, state:3
         1703830740.853  1078  1264 I ASH     : @ 1612.234: tcs3701: stop power rail pending_off timer
         1703830740.853  1078  1264 D ASH     : @ 1612.234: tcs3701: start power rail timer, state:3
         1703830740.893  1078  1264 I ASH     : @ 1612.274: tcs3701: stop power rail pending_off timer
         1703830740.893  1078  1264 D ASH     : @ 1612.274: tcs3701: start power rail timer, state:3
         1703830740.933  1078  1264 I ASH     : @ 1612.314: tcs3701: stop power rail pending_off timer
         1703830740.933  1078  1264 D ASH     : @ 1612.314: tcs3701: start power rail timer, state:3
         1703830740.973  1078  1264 I ASH     : @ 1612.354: tcs3701: stop power rail pending_off timer
         1703830740.973  1078  1264 D ASH     : @ 1612.354: tcs3701: start power rail timer, state:3
         1703830741.013  1078  1264 I ASH     : @ 1612.394: tcs3701: stop power rail pending_off timer
         1703830741.013  1078  1264 D ASH     : @ 1612.394: tcs3701: start power rail timer, state:3
         1703830741.053  1078  1264 I ASH     : @ 1612.434: tcs3701: stop power rail pending_off timer
         1703830741.053  1078  1264 D ASH     : @ 1612.434: tcs3701: start power rail timer, state:3
         1703830741.080 10731 10731 I dashscene-cpu: 10432 (.dashscene.demo) S 1038 1038 0 0 -1 1077936448 10530 0 70 0 562 109 0 0 10 -10 18 0 156739 15179878400 41141 18446744073709551615 1 1 0 0 0 0 4612 1 1073775864 0 0 0 17 6 0 0 0 0 0 0 0 0 0 0 0 0 0
         1703830741.093  1078  1264 I ASH     : @ 1612.474: tcs3701: stop power rail pending_off timer
         1703830741.093  1078  1264 D ASH     : @ 1612.474: tcs3701: start power rail timer, state:3
         1703830741.133  1078  1264 I ASH     : @ 1612.514: tcs3701: stop power rail pending_off timer
         1703830741.133  1078  1264 D ASH     : @ 1612.514: tcs3701: start power rail timer, state:3
         1703830741.173  1078  1264 I ASH     : @ 1612.554: tcs3701: stop power rail pending_off timer
         1703830741.173  1078  1264 D ASH     : @ 1612.554: tcs3701: start power rail timer, state:3
         1703830741.214  1078  1264 I ASH     : @ 1612.594: tcs3701: stop power rail pending_off timer
         1703830741.214  1078  1264 D ASH     : @ 1612.594: tcs3701: start power rail timer, state:3
         1703830741.253  1078  1264 I ASH     : @ 1612.634: tcs3701: stop power rail pending_off timer
         1703830741.253  1078  1264 D ASH     : @ 1612.634: tcs3701: start power rail timer, state:3
         1703830741.293  1078  1264 I ASH     : @ 1612.674: tcs3701: stop power rail pending_off timer
         1703830741.293  1078  1264 D ASH     : @ 1612.674: tcs3701: start power rail timer, state:3
         1703830741.335  1078  1264 I ASH     : @ 1612.714: tcs3701: stop power rail pending_off timer
         1703830741.335  1078  1264 D ASH     : @ 1612.714: tcs3701: start power rail timer, state:3
         1703830741.373  1078  1264 I ASH     : @ 1612.754: tcs3701: stop power rail pending_off timer
         1703830741.374  1078  1264 D ASH     : @ 1612.754: tcs3701: start power rail timer, state:3
         1703830741.414  1078  1264 I ASH     : @ 1612.794: tcs3701: stop power rail pending_off timer
         1703830741.415  1078  1264 D ASH     : @ 1612.794: tcs3701: start power rail timer, state:3
         1703830741.454  1078  1264 I ASH     : @ 1612.834: tcs3701: stop power rail pending_off timer
         1703830741.455  1078  1264 D ASH     : @ 1612.834: tcs3701: start power rail timer, state:3
         1703830741.494  1078  1264 I ASH     : @ 1612.874: tcs3701: stop power rail pending_off timer
         1703830741.494  1078  1264 D ASH     : @ 1612.874: tcs3701: start power rail timer, state:3
         1703830741.535  1078  1264 I ASH     : @ 1612.914: tcs3701: stop power rail pending_off timer
         1703830741.535  1078  1264 D ASH     : @ 1612.914: tcs3701: start power rail timer, state:3
         1703830741.574  1078  1264 I ASH     : @ 1612.954: tcs3701: stop power rail pending_off timer
         1703830741.574  1078  1264 D ASH     : @ 1612.954: tcs3701: start power rail timer, state:3
         1703830741.613  1078  1264 I ASH     : @ 1612.994: tcs3701: stop power rail pending_off timer
         1703830741.613  1078  1264 D ASH     : @ 1612.994: tcs3701: start power rail timer, state:3
         1703830741.616 10734 10734 I dashscene-cpu: 10432 (.dashscene.demo) S 1038 1038 0 0 -1 1077936448 10530 0 70 0 563 110 0 0 10 -10 18 0 156739 15179878400 41141 18446744073709551615 1 1 0 0 0 0 4612 1 1073775864 0 0 0 17 6 0 0 0 0 0 0 0 0 0 0 0 0 0
         1703830741.653  1078  1264 I ASH     : @ 1613.034: tcs3701: stop power rail pending_off timer
         1703830741.653  1078  1264 D ASH     : @ 1613.034: tcs3701: start power rail timer, state:3
         1703830741.694  1078  1264 I ASH     : @ 1613.074: tcs3701: stop power rail pending_off timer
         1703830741.694  1078  1264 D ASH     : @ 1613.074: tcs3701: start power rail timer, state:3
         1703830741.734  1078  1264 I ASH     : @ 1613.114: tcs3701: stop power rail pending_off timer
         1703830741.735  1078  1264 D ASH     : @ 1613.114: tcs3701: start power rail timer, state:3
         1703830741.774  1078  1264 I ASH     : @ 1613.154: tcs3701: stop power rail pending_off timer
         1703830741.774  1078  1264 D ASH     : @ 1613.154: tcs3701: start power rail timer, state:3
         1703830741.815  1078  1264 I ASH     : @ 1613.194: tcs3701: stop power rail pending_off timer
         1703830741.815  1078  1264 D ASH     : @ 1613.194: tcs3701: start power rail timer, state:3
         1703830741.854  1078  1264 I ASH     : @ 1613.234: tcs3701: stop power rail pending_off timer
         1703830741.854  1078  1264 D ASH     : @ 1613.234: tcs3701: start power rail timer, state:3
         1703830741.893  1078  1264 I ASH     : @ 1613.274: tcs3701: stop power rail pending_off timer
         1703830741.893  1078  1264 D ASH     : @ 1613.274: tcs3701: start power rail timer, state:3
         1703830741.934  1078  1264 I ASH     : @ 1613.314: tcs3701: stop power rail pending_off timer
         1703830741.935  1078  1264 D ASH     : @ 1613.314: tcs3701: start power rail timer, state:3
         1703830741.973  1078  1264 I ASH     : @ 1613.354: tcs3701: stop power rail pending_off timer
         1703830741.973  1078  1264 D ASH     : @ 1613.354: tcs3701: start power rail timer, state:3
         1703830742.013  1078  1264 I ASH     : @ 1613.394: tcs3701: stop power rail pending_off timer
         1703830742.013  1078  1264 D ASH     : @ 1613.394: tcs3701: start power rail timer, state:3
         1703830742.053  1078  1264 I ASH     : @ 1613.434: tcs3701: stop power rail pending_off timer
         1703830742.053  1078  1264 D ASH     : @ 1613.434: tcs3701: start power rail timer, state:3
         1703830742.093  1078  1264 I ASH     : @ 1613.474: tcs3701: stop power rail pending_off timer
         1703830742.093  1078  1264 D ASH     : @ 1613.474: tcs3701: start power rail timer, state:3
         1703830742.133  1078  1264 I ASH     : @ 1613.514: tcs3701: stop power rail pending_off timer
         1703830742.133  1078  1264 D ASH     : @ 1613.514: tcs3701: start power rail timer, state:3
         1703830742.143 10737 10737 I dashscene-cpu: 10432 (.dashscene.demo) S 1038 1038 0 0 -1 1077936448 10533 0 70 0 564 113 0 0 10 -10 18 0 156739 15179878400 41141 18446744073709551615 1 1 0 0 0 0 4612 1 1073775864 0 0 0 17 6 0 0 0 0 0 0 0 0 0 0 0 0 0
         1703830742.173  1078  1264 I ASH     : @ 1613.554: tcs3701: stop power rail pending_off timer
         1703830742.173  1078  1264 D ASH     : @ 1613.554: tcs3701: start power rail timer, state:3
         1703830742.214  1078  1264 I ASH     : @ 1613.594: tcs3701: stop power rail pending_off timer
         1703830742.214  1078  1264 D ASH     : @ 1613.594: tcs3701: start power rail timer, state:3
         1703830742.254  1078  1264 I ASH     : @ 1613.634: tcs3701: stop power rail pending_off timer
         1703830742.254  1078  1264 D ASH     : @ 1613.634: tcs3701: start power rail timer, state:3
         1703830742.293  1078  1264 I ASH     : @ 1613.674: tcs3701: stop power rail pending_off timer
         1703830742.293  1078  1264 D ASH     : @ 1613.674: tcs3701: start power rail timer, state:3
         1703830742.335  1078  1264 I ASH     : @ 1613.714: tcs3701: stop power rail pending_off timer
         1703830742.335  1078  1264 D ASH     : @ 1613.714: tcs3701: start power rail timer, state:3
         1703830742.374  1078  1264 I ASH     : @ 1613.754: tcs3701: stop power rail pending_off timer
         1703830742.375  1078  1264 D ASH     : @ 1613.754: tcs3701: start power rail timer, state:3
         1703830742.414  1078  1264 I ASH     : @ 1613.794: tcs3701: stop power rail pending_off timer
         1703830742.415  1078  1264 D ASH     : @ 1613.794: tcs3701: start power rail timer, state:3
         1703830742.454  1078  1264 I ASH     : @ 1613.834: tcs3701: stop power rail pending_off timer
         1703830742.455  1078  1264 D ASH     : @ 1613.834: tcs3701: start power rail timer, state:3
         1703830742.493  1078  1264 I ASH     : @ 1613.874: tcs3701: stop power rail pending_off timer
         1703830742.493  1078  1264 D ASH     : @ 1613.874: tcs3701: start power rail timer, state:3
         1703830742.535  1078  1264 I ASH     : @ 1613.914: tcs3701: stop power rail pending_off timer
         1703830742.535  1078  1264 D ASH     : @ 1613.914: tcs3701: start power rail timer, state:3
         1703830742.574  1078  1264 I ASH     : @ 1613.954: tcs3701: stop power rail pending_off timer
         1703830742.575  1078  1264 D ASH     : @ 1613.954: tcs3701: start power rail timer, state:3
         1703830742.615  1078  1264 I ASH     : @ 1613.994: tcs3701: stop power rail pending_off timer
         1703830742.615  1078  1264 D ASH     : @ 1613.994: tcs3701: start power rail timer, state:3
         1703830742.653  1078  1264 I ASH     : @ 1614.034: tcs3701: stop power rail pending_off timer
         1703830742.654  1078  1264 D ASH     : @ 1614.034: tcs3701: start power rail timer, state:3
         1703830742.670 10740 10740 I dashscene-cpu: 10432 (.dashscene.demo) S 1038 1038 0 0 -1 1077936448 10533 0 70 0 565 113 0 0 10 -10 18 0 156739 15179878400 41141 18446744073709551615 1 1 0 0 0 0 4612 1 1073775864 0 0 0 17 6 0 0 0 0 0 0 0 0 0 0 0 0 0
         1703830742.693  1078  1264 I ASH     : @ 1614.074: tcs3701: stop power rail pending_off timer
         1703830742.693  1078  1264 D ASH     : @ 1614.074: tcs3701: start power rail timer, state:3
         1703830742.734  1078  1264 I ASH     : @ 1614.114: tcs3701: stop power rail pending_off timer
         1703830742.734  1078  1264 D ASH     : @ 1614.114: tcs3701: start power rail timer, state:3
         1703830742.774  1078  1264 I ASH     : @ 1614.154: tcs3701: stop power rail pending_off timer
         1703830742.775  1078  1264 D ASH     : @ 1614.154: tcs3701: start power rail timer, state:3
         1703830742.814  1078  1264 I ASH     : @ 1614.194: tcs3701: stop power rail pending_off timer
         1703830742.815  1078  1264 D ASH     : @ 1614.194: tcs3701: start power rail timer, state:3
         1703830742.854  1078  1264 I ASH     : @ 1614.234: tcs3701: stop power rail pending_off timer
         1703830742.854  1078  1264 D ASH     : @ 1614.234: tcs3701: start power rail timer, state:3
         1703830742.893  1078  1264 I ASH     : @ 1614.274: tcs3701: stop power rail pending_off timer
         1703830742.893  1078  1264 D ASH     : @ 1614.274: tcs3701: start power rail timer, state:3
         1703830742.934  1078  1264 I ASH     : @ 1614.314: tcs3701: stop power rail pending_off timer
         1703830742.935  1078  1264 D ASH     : @ 1614.314: tcs3701: start power rail timer, state:3
         1703830742.974  1078  1264 I ASH     : @ 1614.354: tcs3701: stop power rail pending_off timer
         1703830742.975  1078  1264 D ASH     : @ 1614.354: tcs3701: start power rail timer, state:3
         1703830743.015  1078  1264 I ASH     : @ 1614.394: tcs3701: stop power rail pending_off timer
         1703830743.015  1078  1264 D ASH     : @ 1614.394: tcs3701: start power rail timer, state:3
         1703830743.054  1078  1264 I ASH     : @ 1614.434: tcs3701: stop power rail pending_off timer
         1703830743.054  1078  1264 D ASH     : @ 1614.434: tcs3701: start power rail timer, state:3
         1703830743.093  1078  1264 I ASH     : @ 1614.474: tcs3701: stop power rail pending_off timer
         1703830743.093  1078  1264 D ASH     : @ 1614.474: tcs3701: start power rail timer, state:3
         1703830743.134  1078  1264 I ASH     : @ 1614.514: tcs3701: stop power rail pending_off timer
         1703830743.135  1078  1264 D ASH     : @ 1614.514: tcs3701: start power rail timer, state:3
         1703830743.174  1078  1264 I ASH     : @ 1614.554: tcs3701: stop power rail pending_off timer
         1703830743.174  1078  1264 D ASH     : @ 1614.554: tcs3701: start power rail timer, state:3
         1703830743.201 10743 10743 I dashscene-cpu: 10432 (.dashscene.demo) S 1038 1038 0 0 -1 1077936448 10533 0 70 0 567 114 0 0 10 -10 18 0 156739 15179878400 41141 18446744073709551615 1 1 0 0 0 0 4612 1 1073775864 0 0 0 17 6 0 0 0 0 0 0 0 0 0 0 0 0 0
         1703830743.213  1078  1264 I ASH     : @ 1614.594: tcs3701: stop power rail pending_off timer
         1703830743.213  1078  1264 D ASH     : @ 1614.594: tcs3701: start power rail timer, state:3
         1703830743.254  1078  1264 I ASH     : @ 1614.634: tcs3701: stop power rail pending_off timer
         1703830743.254  1078  1264 D ASH     : @ 1614.634: tcs3701: start power rail timer, state:3
         1703830743.293  1078  1264 I ASH     : @ 1614.674: tcs3701: stop power rail pending_off timer
         1703830743.293  1078  1264 D ASH     : @ 1614.674: tcs3701: start power rail timer, state:3
         1703830743.334  1078  1264 I ASH     : @ 1614.714: tcs3701: stop power rail pending_off timer
         1703830743.335  1078  1264 D ASH     : @ 1614.714: tcs3701: start power rail timer, state:3
         1703830743.374  1078  1264 I ASH     : @ 1614.754: tcs3701: stop power rail pending_off timer
         1703830743.375  1078  1264 D ASH     : @ 1614.754: tcs3701: start power rail timer, state:3
         1703830743.414  1078  1264 I ASH     : @ 1614.794: tcs3701: stop power rail pending_off timer
         1703830743.415  1078  1264 D ASH     : @ 1614.794: tcs3701: start power rail timer, state:3
         1703830743.454  1078  1264 I ASH     : @ 1614.834: tcs3701: stop power rail pending_off timer
         1703830743.455  1078  1264 D ASH     : @ 1614.834: tcs3701: start power rail timer, state:3
         1703830743.493  1078  1264 I ASH     : @ 1614.874: tcs3701: stop power rail pending_off timer
         1703830743.493  1078  1264 D ASH     : @ 1614.874: tcs3701: start power rail timer, state:3
         1703830743.534  1078  1264 I ASH     : @ 1614.914: tcs3701: stop power rail pending_off timer
         1703830743.535  1078  1264 D ASH     : @ 1614.914: tcs3701: start power rail timer, state:3
         1703830743.574  1078  1264 I ASH     : @ 1614.954: tcs3701: stop power rail pending_off timer
         1703830743.575  1078  1264 D ASH     : @ 1614.954: tcs3701: start power rail timer, state:3
         1703830743.615  1078  1264 I ASH     : @ 1614.994: tcs3701: stop power rail pending_off timer
         1703830743.615  1078  1264 D ASH     : @ 1614.994: tcs3701: start power rail timer, state:3
         1703830743.654  1078  1264 I ASH     : @ 1615.034: tcs3701: stop power rail pending_off timer
         1703830743.655  1078  1264 D ASH     : @ 1615.034: tcs3701: start power rail timer, state:3
         1703830743.693  1078  1264 I ASH     : @ 1615.074: tcs3701: stop power rail pending_off timer
         1703830743.694  1078  1264 D ASH     : @ 1615.074: tcs3701: start power rail timer, state:3
         1703830743.729 10746 10746 I dashscene-cpu: 10432 (.dashscene.demo) S 1038 1038 0 0 -1 1077936448 10533 0 70 0 567 116 0 0 10 -10 18 0 156739 15179878400 41141 18446744073709551615 1 1 0 0 0 0 4612 1 1073775864 0 0 0 17 6 0 0 0 0 0 0 0 0 0 0 0 0 0
         1703830743.733  1078  1264 I ASH     : @ 1615.114: tcs3701: stop power rail pending_off timer
         1703830743.734  1078  1264 D ASH     : @ 1615.114: tcs3701: start power rail timer, state:3
         1703830743.773  1078  1264 I ASH     : @ 1615.154: tcs3701: stop power rail pending_off timer
         1703830743.773  1078  1264 D ASH     : @ 1615.154: tcs3701: start power rail timer, state:3
         1703830743.814  1078  1264 I ASH     : @ 1615.194: tcs3701: stop power rail pending_off timer
         1703830743.814  1078  1264 D ASH     : @ 1615.194: tcs3701: start power rail timer, state:3
         1703830743.854  1078  1264 I ASH     : @ 1615.234: tcs3701: stop power rail pending_off timer
         1703830743.855  1078  1264 D ASH     : @ 1615.234: tcs3701: start power rail timer, state:3
         1703830743.893  1078  1264 I ASH     : @ 1615.274: tcs3701: stop power rail pending_off timer
         1703830743.893  1078  1264 D ASH     : @ 1615.274: tcs3701: start power rail timer, state:3
         1703830743.934  1078  1264 I ASH     : @ 1615.314: tcs3701: stop power rail pending_off timer
         1703830743.935  1078  1264 D ASH     : @ 1615.314: tcs3701: start power rail timer, state:3
         1703830743.961 10432 10454 I dashscene: 2640 frames over 2640 vsyncs
         1703830743.974  1078  1264 I ASH     : @ 1615.354: tcs3701: stop power rail pending_off timer
         1703830743.975  1078  1264 D ASH     : @ 1615.354: tcs3701: start power rail timer, state:3
         1703830744.015  1078  1264 I ASH     : @ 1615.394: tcs3701: stop power rail pending_off timer
         1703830744.015  1078  1264 D ASH     : @ 1615.394: tcs3701: start power rail timer, state:3
         1703830744.054  1078  1264 I ASH     : @ 1615.434: tcs3701: stop power rail pending_off timer
         1703830744.054  1078  1264 D ASH     : @ 1615.434: tcs3701: start power rail timer, state:3
         1703830744.093  1078  1264 I ASH     : @ 1615.474: tcs3701: stop power rail pending_off timer
         1703830744.093  1078  1264 D ASH     : @ 1615.474: tcs3701: start power rail timer, state:3
         1703830744.134  1078  1264 I ASH     : @ 1615.514: tcs3701: stop power rail pending_off timer
         1703830744.135  1078  1264 D ASH     : @ 1615.514: tcs3701: start power rail timer, state:3
         1703830744.174  1078  1264 I ASH     : @ 1615.554: tcs3701: stop power rail pending_off timer
         1703830744.174  1078  1264 D ASH     : @ 1615.554: tcs3701: start power rail timer, state:3
         1703830744.215  1078  1264 I ASH     : @ 1615.594: tcs3701: stop power rail pending_off timer
         1703830744.215  1078  1264 D ASH     : @ 1615.594: tcs3701: start power rail timer, state:3
         1703830744.253  1078  1264 I ASH     : @ 1615.634: tcs3701: stop power rail pending_off timer
         1703830744.253  1078  1264 D ASH     : @ 1615.634: tcs3701: start power rail timer, state:3
         1703830744.257 10749 10749 I dashscene-cpu: 10432 (.dashscene.demo) S 1038 1038 0 0 -1 1077936448 10535 0 70 0 568 118 0 0 10 -10 18 0 156739 15179878400 41141 18446744073709551615 1 1 0 0 0 0 4612 1 1073775864 0 0 0 17 6 0 0 0 0 0 0 0 0 0 0 0 0 0
         1703830744.293  1078  1264 I ASH     : @ 1615.674: tcs3701: stop power rail pending_off timer
         1703830744.293  1078  1264 D ASH     : @ 1615.674: tcs3701: start power rail timer, state:3
         1703830744.335  1078  1264 I ASH     : @ 1615.714: tcs3701: stop power rail pending_off timer
         1703830744.335  1078  1264 D ASH     : @ 1615.714: tcs3701: start power rail timer, state:3
         1703830744.374  1078  1264 I ASH     : @ 1615.754: tcs3701: stop power rail pending_off timer
         1703830744.375  1078  1264 D ASH     : @ 1615.754: tcs3701: start power rail timer, state:3
         1703830744.413  1078  1264 I ASH     : @ 1615.794: tcs3701: stop power rail pending_off timer
         1703830744.413  1078  1264 D ASH     : @ 1615.794: tcs3701: start power rail timer, state:3
         1703830744.453  1078  1264 I ASH     : @ 1615.834: tcs3701: stop power rail pending_off timer
         1703830744.453  1078  1264 D ASH     : @ 1615.834: tcs3701: start power rail timer, state:3
         1703830744.493  1078  1264 I ASH     : @ 1615.874: tcs3701: stop power rail pending_off timer
         1703830744.493  1078  1264 D ASH     : @ 1615.874: tcs3701: start power rail timer, state:3
         1703830744.533  1078  1264 I ASH     : @ 1615.914: tcs3701: stop power rail pending_off timer
         1703830744.533  1078  1264 D ASH     : @ 1615.914: tcs3701: start power rail timer, state:3
         1703830744.573  1078  1264 I ASH     : @ 1615.954: tcs3701: stop power rail pending_off timer
         1703830744.573  1078  1264 D ASH     : @ 1615.954: tcs3701: start power rail timer, state:3
         1703830744.613  1078  1264 I ASH     : @ 1615.994: tcs3701: stop power rail pending_off timer
         1703830744.613  1078  1264 D ASH     : @ 1615.994: tcs3701: start power rail timer, state:3
         1703830744.633 10432 10454 I dashscene: layout over 240 frames — tick 1.05 ms, draw mean 6.51 p50 4.67 p95 13.98 max 23.29 ms (132.3 fps if unpaced)
         1703830744.653  1078  1264 I ASH     : @ 1616.034: tcs3701: stop power rail pending_off timer
         1703830744.653  1078  1264 D ASH     : @ 1616.034: tcs3701: start power rail timer, state:3
         1703830744.692  1078  1264 I ASH     : @ 1616.074: tcs3701: stop power rail pending_off timer
         1703830744.693  1078  1264 D ASH     : @ 1616.074: tcs3701: start power rail timer, state:3
         1703830744.733  1078  1264 I ASH     : @ 1616.114: tcs3701: stop power rail pending_off timer
         1703830744.733  1078  1264 D ASH     : @ 1616.114: tcs3701: start power rail timer, state:3
