--------- beginning of main
         1704836210.959  1086  1254 D ASH     : @ 1007081.758: tcs3701: start power rail timer, state:3
         1704836210.975  1785  2204 I incfs-mounts: [incfs] Loaded incremental-fs mount info: 1 instances, 2 mount points
         1704836210.999  1086  1254 I ASH     : @ 1007081.798: tcs3701: stop power rail pending_off timer
         1704836210.999  1086  1254 D ASH     : @ 1007081.798: tcs3701: start power rail timer, state:3
         1704836211.015  1785  2448 I InputReader: Reconfiguring input devices, changes=KEYBOARD_LAYOUTS
         1704836211.018 21720 23782 I PermissionControllerServiceImpl: Updating user sensitive for uid 10277
--------- beginning of system
         1704836211.019  1785  2380 D CompatibilityChangeReporter: Compat change id reported: 218533173; UID 10277; state: ENABLED
         1704836211.019  1785  2380 D CompatibilityChangeReporter: Compat change id reported: 262645982; UID 10277; state: ENABLED
         1704836211.023 21720  1761 E RoleControllerServiceImpl: Default/fallback role holder package doesn't qualify for the role, package: com.google.android.apps.photos, role: android.app.role.SYSTEM_GALLERY
         1704836211.028  1785  2122 W WindowMagnificationMgr: requestConnection duplicated request: connect=false, mConnectionState=DISCONNECTED
         1704836211.034  1785  2122 W Searchables: No global search activity found
         1704836211.037  1785  2122 W Searchables: No global search activity found
         1704836211.039  1086  1254 I ASH     : @ 1007081.838: tcs3701: stop power rail pending_off timer
         1704836211.039  1086  1254 D ASH     : @ 1007081.838: tcs3701: start power rail timer, state:3
         1704836211.047  3591  3591 I AiAiEcho: AppFetcherImpl onPackageChanged dev.driftsys.dashscene.demo.
         1704836211.049  3591  1736 I AiAiEcho: AppIndexer Package:[dev.driftsys.dashscene.demo] UserProfile:[0] Enabled:[true].
         1704836211.049  3591  1736 I AiAiEcho: AppFetcherImplV2 updateApps package:[dev.driftsys.dashscene.demo], userId:[0], reason:[package is updated.].
         1704836211.052  1785  1842 I system_server: Background concurrent copying GC freed 468187(21MB) AllocSpace objects, 32(1108KB) LOS objects, 75% free, 31MB/126MB, paused 146us,119us total 224.608ms
         1704836211.058  1785  1844 W System  : A resource failed to call HardwareBuffer.close. 
         1704836211.079  1086  1254 I ASH     : @ 1007081.878: tcs3701: stop power rail pending_off timer
         1704836211.079  1086  1254 D ASH     : @ 1007081.878: tcs3701: start power rail timer, state:3
         1704836211.093  1785  4022 W AppOps  : setUidMode() called with a mode inconsistent with runtime permission state, this is discouraged and you should revoke the runtime permission instead: uid=10129, switchCode=0, mode=4, permission=android.permission.ACCESS_BACKGROUND_LOCATION
         1704836211.119  1086  1254 I ASH     : @ 1007081.918: tcs3701: stop power rail pending_off timer
         1704836211.119  1086  1254 D ASH     : @ 1007081.918: tcs3701: start power rail timer, state:3
         1704836211.159  1086  1254 I ASH     : @ 1007081.958: tcs3701: stop power rail pending_off timer
         1704836211.159  1086  1254 D ASH     : @ 1007081.959: tcs3701: start power rail timer, state:3
         1704836211.186  1785  4022 D CompatibilityChangeReporter: Compat change id reported: 161252188; UID 10277; state: DISABLED
         1704836211.186  1785  4022 W ActivityTaskManager: callingPackage for (uid=2000, pid=1796) has no WPC
         1704836211.187  1785  4022 D CompatibilityChangeReporter: Compat change id reported: 265464455; UID 10277; state: DISABLED
         1704836211.187  1785  4022 D CompatibilityChangeReporter: Compat change id reported: 265452344; UID 10277; state: DISABLED
         1704836211.187  1785  4022 D CompatibilityChangeReporter: Compat change id reported: 266124927; UID 10277; state: DISABLED
         1704836211.187  1785  4022 D CompatibilityChangeReporter: Compat change id reported: 265451093; UID 10277; state: DISABLED
         1704836211.187  1785  4022 D CompatibilityChangeReporter: Compat change id reported: 265456536; UID 10277; state: DISABLED
         1704836211.187  1785  4022 D CompatibilityChangeReporter: Compat change id reported: 255940284; UID 10277; state: DISABLED
         1704836211.187  1785  4022 D CompatibilityChangeReporter: Compat change id reported: 236283604; UID 10277; state: DISABLED
         1704836211.188  1785  4022 D CompatibilityChangeReporter: Compat change id reported: 263959004; UID 10277; state: DISABLED
         1704836211.188  1785  4022 D CompatibilityChangeReporter: Compat change id reported: 264304459; UID 10277; state: DISABLED
         1704836211.188  1785  4022 D CompatibilityChangeReporter: Compat change id reported: 264301586; UID 10277; state: DISABLED
         1704836211.188  1785  4022 D CompatibilityChangeReporter: Compat change id reported: 254631730; UID 10277; state: DISABLED
         1704836211.188  1785  4022 D CompatibilityChangeReporter: Compat change id reported: 273509367; UID 10277; state: DISABLED
         1704836211.188  1785  4022 D CompatibilityChangeReporter: Compat change id reported: 263259275; UID 10277; state: DISABLED
         1704836211.188  1785  4022 D CompatibilityChangeReporter: Compat change id reported: 174042980; UID 10277; state: DISABLED
         1704836211.188  1785  4022 D CompatibilityChangeReporter: Compat change id reported: 174042936; UID 10277; state: DISABLED
         1704836211.188  1785  4022 D CompatibilityChangeReporter: Compat change id reported: 181136395; UID 10277; state: DISABLED
         1704836211.190  1785  4022 D CompatibilityChangeReporter: Compat change id reported: 194480991; UID 10277; state: ENABLED
         1704836211.193  1785  4022 D CompatibilityChangeReporter: Compat change id reported: 184838306; UID 10277; state: DISABLED
         1704836211.193  1785  4022 D CompatibilityChangeReporter: Compat change id reported: 185004937; UID 10277; state: DISABLED
         1704836211.194  1785  4022 D CompatibilityChangeReporter: Compat change id reported: 197654537; UID 10277; state: ENABLED
         1704836211.194  1785  4022 D CompatibilityChangeReporter: Compat change id reported: 205907456; UID 10277; state: ENABLED
         1704836211.196  1785  4022 I ActivityTaskManager: START u0 {flg=0x10000000 cmp=dev.driftsys.dashscene.demo/.DemoActivity} with LAUNCH_MULTIPLE from uid 2000 (BAL_ALLOW_PERMISSION) result code=0
         1704836211.196  2565  2589 V WindowManagerShell: Transition requested: android.os.BinderProxy@3e2886f TransitionRequestInfo { type = OPEN, triggerTask = TaskInfo{userId=0 taskId=114 displayId=0 isRunning=true baseIntent=Intent { flg=0x10000000 cmp=dev.driftsys.dashscene.demo/.DemoActivity } baseActivity=ComponentInfo{dev.driftsys.dashscene.demo/dev.driftsys.dashscene.demo.DemoActivity} topActivity=ComponentInfo{dev.driftsys.dashscene.demo/dev.driftsys.dashscene.demo.DemoActivity} origActivity=null realActivity=ComponentInfo{dev.driftsys.dashscene.demo/dev.driftsys.dashscene.demo.DemoActivity} numActivities=1 lastActiveTime=1007079141 supportsMultiWindow=true resizeMode=2 isResizeable=true minWidth=-1 minHeight=-1 defaultMinSize=220 token=WCT{android.window.IWindowContainerToken$Stub$Proxy@1e0197c} topActivityType=1 pictureInPictureParams=null shouldDockBigOverlays=false launchIntoPipHostTaskId=-1 lastParentTaskIdBeforePip=-1 displayCutoutSafeInsets=Rect(0, 136 - 0, 0) topActivityInfo=ActivityInfo{616d205 dev.driftsys.dashscene.demo.DemoActivity} launchCookies=[] positionInParent=Point(0, 0) parentTaskId=-1 isFocused=false isVisible=false isVisibleRequested=false isSleeping=false topActivityInSizeCompat=false topActivityEligibleForLetterboxEducation= false topActivityLetterboxed= false isFromDoubleTap= false topActivityLetterboxVerticalPosition= -1 topActivityLetterboxHorizontalPosition= -1 topActivityLetterboxWidth=-1 topActivityLetterboxHeight=-1 locusId=null displayAreaFeatureId=1 cameraCompatControlState=hidden}, remoteTransition = null, displayChange = null }
         1704836211.197  1785  2098 D CompatibilityChangeReporter: Compat change id reported: 135634846; UID 10277; state: DISABLED
         1704836211.197  1785  2098 D CompatibilityChangeReporter: Compat change id reported: 177438394; UID 10277; state: DISABLED
         1704836211.197  1785  2098 D CompatibilityChangeReporter: Compat change id reported: 135772972; UID 10277; state: DISABLED
         1704836211.197  1785  2098 D CompatibilityChangeReporter: Compat change id reported: 135754954; UID 10277; state: ENABLED
         1704836211.198  2565  2595 I incfs-mounts: [incfs] Loaded incremental-fs mount info: 1 instances, 2 mount points
         1704836211.198  1785  2125 D CompatibilityChangeReporter: Compat change id reported: 143937733; UID 10277; state: ENABLED
         1704836211.199  1086  1254 I ASH     : @ 1007081.998: tcs3701: stop power rail pending_off timer
         1704836211.199  1086  1254 D ASH     : @ 1007081.998: tcs3701: start power rail timer, state:3
         1704836211.203   665   665 I BpBinder: onLastStrongRef automatically unlinking death recipients: 
         1704836211.203  2565  2603 W Parcel  : Expecting binder but got null!
         1704836211.203  1041  1041 D Zygote  : Forked child process 1799
         1704836211.204  1785  2125 I ActivityManager: Start proc 1799:dev.driftsys.dashscene.demo/u0a277 for next-top-activity {dev.driftsys.dashscene.demo/dev.driftsys.dashscene.demo.DemoActivity}
         1704836211.207  1785  2380 D CompatibilityChangeReporter: Compat change id reported: 265195908; UID 10277; state: ENABLED
         1704836211.209  1799  1799 I .dashscene.demo: Using CollectorTypeCC GC.
         1704836211.210  1785  3042 W AppOps  : setUidMode() called with a mode inconsistent with runtime permission state, this is discouraged and you should revoke the runtime permission instead: uid=10129, switchCode=0, mode=4, permission=android.permission.ACCESS_BACKGROUND_LOCATION
         1704836211.212  1799  1799 E .dashscene.demo: Not starting debugger since process cannot load the jdwp agent.
         1704836211.219  1785  3042 D CoreBackPreview: Window{2a93458 u0 Splash Screen dev.driftsys.dashscene.demo}: Setting back callback OnBackInvokedCallbackInfo{mCallback=android.window.IOnBackInvokedCallback$Stub$Proxy@ea93e04, mPriority=0, mIsAnimationCallback=false}
         1704836211.224  2565  2599 E OpenGLRenderer: Unable to match the desired swap behavior.
         1704836211.227  1799  1799 D CompatibilityChangeReporter: Compat change id reported: 171979766; UID 10277; state: ENABLED
         1704836211.227  1799  1799 D CompatibilityChangeReporter: Compat change id reported: 242716250; UID 10277; state: ENABLED
         1704836211.229  1785  4033 D CompatibilityChangeReporter: Compat change id reported: 170503758; UID 10277; state: ENABLED
         1704836211.230  1799  1799 W ziparchive: Unable to open '/data/app/~~JMCZEtWoHr0HaC5JXyIq8w==/dev.driftsys.dashscene.demo-BOP9ZIdf1RpKWfMLclChcg==/base.dm': No such file or directory
         1704836211.230  1799  1799 W ziparchive: Unable to open '/data/app/~~JMCZEtWoHr0HaC5JXyIq8w==/dev.driftsys.dashscene.demo-BOP9ZIdf1RpKWfMLclChcg==/base.dm': No such file or directory
         1704836211.231  1799  1799 D nativeloader: Configuring clns-4 for other apk /data/app/~~JMCZEtWoHr0HaC5JXyIq8w==/dev.driftsys.dashscene.demo-BOP9ZIdf1RpKWfMLclChcg==/base.apk. target_sdk_version=34, uses_libraries=, library_path=/data/app/~~JMCZEtWoHr0HaC5JXyIq8w==/dev.driftsys.dashscene.demo-BOP9ZIdf1RpKWfMLclChcg==/lib/arm64:/data/app/~~JMCZEtWoHr0HaC5JXyIq8w==/dev.driftsys.dashscene.demo-BOP9ZIdf1RpKWfMLclChcg==/base.apk!/lib/arm64-v8a, permitted_path=/data:/mnt/expand:/data/user/0/dev.driftsys.dashscene.demo
         1704836211.232  1785  2122 D IntervalStats: Unable to parse usage stats packages: [311]
         1704836211.236  1785  2122 D IntervalStats: Unable to parse usage stats packages: [311]
         1704836211.236  1799  1799 V GraphicsEnvironment: Currently set values for:
         1704836211.237  1799  1799 V GraphicsEnvironment:   angle_gl_driver_selection_pkgs=[]
         1704836211.237  1799  1799 V GraphicsEnvironment:   angle_gl_driver_selection_values=[]
         1704836211.237  1785  2095 V WindowManager: Sent Transition #230 createdAt=01-09 22:36:51.190 via request=TransitionRequestInfo { type = OPEN, triggerTask = TaskInfo{userId=0 taskId=114 displayId=0 isRunning=true baseIntent=Intent { flg=0x10000000 cmp=dev.driftsys.dashscene.demo/.DemoActivity } baseActivity=ComponentInfo{dev.driftsys.dashscene.demo/dev.driftsys.dashscene.demo.DemoActivity} topActivity=ComponentInfo{dev.driftsys.dashscene.demo/dev.driftsys.dashscene.demo.DemoActivity} origActivity=null realActivity=ComponentInfo{dev.driftsys.dashscene.demo/dev.driftsys.dashscene.demo.DemoActivity} numActivities=1 lastActiveTime=1007079141 supportsMultiWindow=true resizeMode=2 isResizeable=true minWidth=-1 minHeight=-1 defaultMinSize=220 token=WCT{RemoteToken{e06707 Task{f97010 #114 type=standard A=10277:dev.driftsys.dashscene.demo}}} topActivityType=1 pictureInPictureParams=null shouldDockBigOverlays=false launchIntoPipHostTaskId=-1 lastParentTaskIdBeforePip=-1 displayCutoutSafeInsets=Rect(0, 136 - 0, 0) topActivityInfo=ActivityInfo{55a3034 dev.driftsys.dashscene.demo.DemoActivity} launchCookies=[] positionInParent=Point(0, 0) parentTaskId=-1 isFocused=false isVisible=false isVisibleRequested=false isSleeping=false topActivityInSizeCompat=false topActivityEligibleForLetterboxEducation= false topActivityLetterboxed= false isFromDoubleTap= false topActivityLetterboxVerticalPosition= -1 topActivityLetterboxHorizontalPosition= -1 topActivityLetterboxWidth=-1 topActivityLetterboxHeight=-1 locusId=null displayAreaFeatureId=1 cameraCompatControlState=hidden}, remoteTransition = null, displayChange = null }
         1704836211.237  1785  2095 V WindowManager:     startWCT=WindowContainerTransaction { changes = {} hops = [] errorCallbackToken=null taskFragmentOrganizer=null }
         1704836211.237  1785  2095 V WindowManager:     info={id=230 t=OPEN f=0x0 trk=0 r=[0@Point(0, 0)] c=[{WCT{RemoteToken{e06707 Task{f97010 #114 type=standard A=10277:dev.driftsys.dashscene.demo}}} m=OPEN f=NONE leash=Surface(name=Task=114)/@0xe7e6388 sb=Rect(0, 0 - 1080, 2340) eb=Rect(0, 0 - 1080, 2340) d=0},{WCT{RemoteToken{b323a89 Task{bfe9da4 #1 type=home}}} m=TO_BACK f=SHOW_WALLPAPER leash=Surface(name=Task=1)/@0xbe01ecc sb=Rect(0, 0 - 1080, 2340) eb=Rect(0, 0 - 1080, 2340) d=0}]}
         1704836211.238  2565  2589 V WindowManagerShell: onTransitionReady android.os.BinderProxy@3e2886f: {id=230 t=OPEN f=0x0 trk=0 r=[0@Point(0, 0)] c=[{WCT{android.window.IWindowContainerToken$Stub$Proxy@8a8d60a} m=OPEN f=NONE leash=Surface(name=Task=114)/@0xe2c6b5f sb=Rect(0, 0 - 1080, 2340) eb=Rect(0, 0 - 1080, 2340) d=0},{WCT{android.window.IWindowContainerToken$Stub$Proxy@6d65e7b} m=TO_BACK f=SHOW_WALLPAPER leash=Surface(name=Task=1)/@0xc1ad9ac sb=Rect(0, 0 - 1080, 2340) eb=Rect(0, 0 - 1080, 2340) d=0}]}
         1704836211.238  2565  2589 V WindowManagerShell: Playing animation for (#230)android.os.BinderProxy@3e2886f@0
         1704836211.238  2565  2589 V WindowManagerShell:  try handler com.android.wm.shell.transition.DefaultMixedHandler@83c3803
         1704836211.238  2565  2589 V WindowManagerShell:  try handler com.android.wm.shell.keyguard.KeyguardTransitionHandler@6f380
         1704836211.238  2565  2589 V WindowManagerShell:  try handler com.android.wm.shell.activityembedding.ActivityEmbeddingController@626ddb9
         1704836211.238  2565  2589 V WindowManagerShell:  try handler com.android.wm.shell.recents.RecentsTransitionHandler@c30f5fe
         1704836211.238  2565  2589 V ShellRecents: RecentsTransitionHandler.startAnimation: no controller found
         1704836211.238  2565  2589 V WindowManagerShell:  try handler com.android.wm.shell.pip.PipTransition@c40515f
         1704836211.238  2565  2589 V WindowManagerShell:  try handler com.android.wm.shell.splitscreen.StageCoordinator@ea7c7ac
         1704836211.238  2565  2589 V WindowManagerShell:  try handler com.android.wm.shell.transition.RemoteTransitionHandler@74e9c75
         1704836211.238  2565  2589 V WindowManagerShell: Transition doesn't have explicit remote, search filters for match for {id=230 t=OPEN f=0x0 trk=0 r=[0@Point(0, 0)] c=[{WCT{android.window.IWindowContainerToken$Stub$Proxy@8a8d60a} m=OPEN f=NONE leash=Surface(name=Task=114)/@0xe2c6b5f sb=Rect(0, 0 - 1080, 2340) eb=Rect(0, 0 - 1080, 2340) d=0},{WCT{android.window.IWindowContainerToken$Stub$Proxy@6d65e7b} m=TO_BACK f=SHOW_WALLPAPER leash=Surface(name=Task=1)/@0xc1ad9ac sb=Rect(0, 0 - 1080, 2340) eb=Rect(0, 0 - 1080, 2340) d=0}]}
         1704836211.238  2565  2589 V WindowManagerShell:  Checking filter Pair{{types=[] flags=0x0] notFlags=0x0 checks=[{atype=dream independent=true modes=[OPEN,TO_FRONT] flags=NONE mustBeTask=false order=ANY topActivity=null},{atype=home independent=true modes=[CLOSE,TO_BACK] flags=NONE mustBeTask=false order=ANY topActivity=null}]} RemoteTransition { remoteTransition = android.window.IRemoteTransition$Stub$Proxy@7a2740a, appThread = android.app.IApplicationThread$Stub$Proxy@942a47b, debugName = LauncherToDream }}
         1704836211.238  2565  2589 V WindowManagerShell:  Checking filter Pair{{types=[] flags=0x0] notFlags=0x100 checks=[{atype=home independent=true modes=[OPEN,TO_FRONT] flags=NONE mustBeTask=false order=TOP topActivity=ComponentInfo{com.google.android.apps.nexuslauncher/com.google.android.apps.nexuslauncher.NexusLauncherActivity}},{atype=standard independent=true modes=[CLOSE,TO_BACK] flags=NONE mustBeTask=false order=ANY topActivity=null}]} RemoteTransition { remoteTransition = android.window.IRemoteTransition$Stub$Proxy@19fb298, appThread = android.app.IApplicationThread$Stub$Proxy@2f98af1, debugName = QuickstepLaunchHome }}
         1704836211.238  2565  2589 V WindowManagerShell:  Delegate animation for #230 to null
         1704836211.238  2565  2589 V WindowManagerShell:  try handler com.android.wm.shell.transition.DefaultTransitionHandler@3fbc6d6
         1704836211.238  2565  2589 V WindowManagerShell: start default transition animation, info = {id=230 t=OPEN f=0x0 trk=0 r=[0@Point(0, 0)] c=[{WCT{android.window.IWindowContainerToken$Stub$Proxy@8a8d60a} m=OPEN f=NONE leash=Surface(name=Task=114)/@0xe2c6b5f sb=Rect(0, 0 - 1080, 2340) eb=Rect(0, 0 - 1080, 2340) d=0},{WCT{android.window.IWindowContainerToken$Stub$Proxy@6d65e7b} m=TO_BACK f=SHOW_WALLPAPER leash=Surface(name=Task=1)/@0xc1ad9ac sb=Rect(0, 0 - 1080, 2340) eb=Rect(0, 0 - 1080, 2340) d=0}]}
         1704836211.239  2565  2589 V WindowManagerShell: loadAnimation: anim=android.view.animation.AnimationSet@c0648d6 animAttr=0x13 type=OPEN isEntrance=false
         1704836211.239  1799  1799 V GraphicsEnvironment: ANGLE GameManagerService for dev.driftsys.dashscene.demo: false
         1704836211.239  1086  1254 I ASH     : @ 1007082.038: tcs3701: stop power rail pending_off timer
         1704836211.239  2565  2589 V WindowManagerShell: loadAnimation: anim=android.view.animation.AnimationSet@9f61c62 animAttr=0x12 type=OPEN isEntrance=true
         1704836211.239  1086  1254 D ASH     : @ 1007082.038: tcs3701: start power rail timer, state:3
         1704836211.239  1799  1799 V GraphicsEnvironment: dev.driftsys.dashscene.demo is not listed in per-application setting
         1704836211.239  1799  1799 V GraphicsEnvironment: Updatable production driver is not supported on the device.
         1704836211.240  2565  2589 V WindowManagerShell:  animated by com.android.wm.shell.transition.DefaultTransitionHandler@3fbc6d6
         1704836211.242  1785  4033 I ActivityManager: Flag disabled. Ignoring finishAttachApplication from uid: 10277. pid: 1799
         1704836211.251  1799  1799 I dashscene: demo: scene extra = null
         1704836211.262  1799  1799 D CompatibilityChangeReporter: Compat change id reported: 210923482; UID 10277; state: ENABLED
         1704836211.265  1799  1799 D CompatibilityChangeReporter: Compat change id reported: 237531167; UID 10277; state: DISABLED
         1704836211.267  1799  1821 W Parcel  : Expecting binder but got null!
         1704836211.272  1785  3042 D CoreBackPreview: Window{656cd1b u0 dev.driftsys.dashscene.demo/dev.driftsys.dashscene.demo.DemoActivity}: Setting back callback OnBackInvokedCallbackInfo{mCallback=android.window.IOnBackInvokedCallback$Stub$Proxy@731fff6, mPriority=0, mIsAnimationCallback=false}
         1704836211.279  1086  1254 I ASH     : @ 1007082.078: tcs3701: stop power rail pending_off timer
         1704836211.279  1086  1254 D ASH     : @ 1007082.078: tcs3701: start power rail timer, state:3
         1704836211.280   665  2607 W ServiceManagerCppClient: Permission failure: android.permission.ROTATE_SURFACE_FLINGER from uid=10277 pid=0
         1704836211.280   665  2212 W ServiceManagerCppClient: Permission failure: android.permission.ROTATE_SURFACE_FLINGER from uid=10277 pid=1799
         1704836211.281   665  2212 D PermissionCache: checking android.permission.ROTATE_SURFACE_FLINGER for uid=10277 => denied (251 us)
         1704836211.281   665  2607 D PermissionCache: checking android.permission.ROTATE_SURFACE_FLINGER for uid=10277 => denied (343 us)
         1704836211.281   665  2212 W ServiceManagerCppClient: Permission failure: android.permission.INTERNAL_SYSTEM_WINDOW from uid=10277 pid=1799
         1704836211.281   665  2212 D PermissionCache: checking android.permission.INTERNAL_SYSTEM_WINDOW for uid=10277 => denied (164 us)
         1704836211.281   665  2607 W ServiceManagerCppClient: Permission failure: android.permission.INTERNAL_SYSTEM_WINDOW from uid=10277 pid=0
         1704836211.281   665  2607 D PermissionCache: checking android.permission.INTERNAL_SYSTEM_WINDOW for uid=10277 => denied (259 us)
         1704836211.281   665  2212 W ServiceManagerCppClient: Permission failure: android.permission.ACCESS_SURFACE_FLINGER from uid=10277 pid=1799
         1704836211.281   665  2212 D PermissionCache: checking android.permission.ACCESS_SURFACE_FLINGER for uid=10277 => denied (223 us)
         1704836211.281   665  2607 W ServiceManagerCppClient: Permission failure: android.permission.ACCESS_SURFACE_FLINGER from uid=10277 pid=0
         1704836211.281   665  2607 D PermissionCache: checking android.permission.ACCESS_SURFACE_FLINGER for uid=10277 => denied (356 us)
         1704836211.281  1799  1817 I AdrenoGLES-0: QUALCOMM build                   : 4783c89, I46ff5fc46f
         1704836211.281  1799  1817 I AdrenoGLES-0: Build Date                       : 11/30/20
         1704836211.281  1799  1817 I AdrenoGLES-0: OpenGL ES Shader Compiler Version: EV031.31.04.01
         1704836211.281  1799  1817 I AdrenoGLES-0: Local Branch                     : QPR2
         1704836211.281  1799  1817 I AdrenoGLES-0: Remote Branch                    : 
         1704836211.281  1799  1817 I AdrenoGLES-0: Remote Branch                    : 
         1704836211.281  1799  1817 I AdrenoGLES-0: Reconstruct Branch               : 
         1704836211.281  1799  1817 I AdrenoGLES-0: Build Config                     : S P 10.0.4 AArch64
         1704836211.281  1799  1817 I AdrenoGLES-0: Driver Path                      : /vendor/lib64/egl/libGLESv2_adreno.so
         1704836211.284  1799  1799 I dashscene: demo: surfaceCreated
         1704836211.284  1799  1799 I dashscene: demo: surfaceChanged 1080x1984
         1704836211.284  1799  1799 I dashscene: scene surfaces — fills, strokes, corners, images, a baked vector field, shadows, clips, masks, group opacity and a backdrop blur
         1704836211.285  1799  1799 I dashscene: demo: handle -5476376668486869040
         1704836211.285  1799  1817 I AdrenoGLES-0: PFP: 0x016dd093, ME: 0x00000000
         1704836211.286  1799  1822 I dashscene: attaching a 1080x1984 surface
         1704836211.289  1799  1817 W AdrenoUtils: <ReadGpuID_from_sysfs:197>: Failed to open /sys/class/kgsl/kgsl-3d0/gpu_model
         1704836211.289  1799  1817 W AdrenoUtils: <ReadGpuID:221>: Failed to read chip ID from gpu_model. Fallback to use the GSL path
         1704836211.292  1799  1822 D vulkan  : searching for layers in '/data/app/~~JMCZEtWoHr0HaC5JXyIq8w==/dev.driftsys.dashscene.demo-BOP9ZIdf1RpKWfMLclChcg==/lib/arm64'
         1704836211.292  1799  1822 D vulkan  : searching for layers in '/data/app/~~JMCZEtWoHr0HaC5JXyIq8w==/dev.driftsys.dashscene.demo-BOP9ZIdf1RpKWfMLclChcg==/base.apk!/lib/arm64-v8a'
         1704836211.295  1799  1822 I AdrenoVK-0: ===== BEGIN DUMP OF OVERRIDDEN SETTINGS =====
         1704836211.295  1799  1822 I AdrenoVK-0: ===== END DUMP OF OVERRIDDEN SETTINGS =====
         1704836211.295  1799  1822 I AdrenoVK-0: QUALCOMM build          : 4783c89, I46ff5fc46f
         1704836211.295  1799  1822 I AdrenoVK-0: Build Date              : 11/30/20
         1704836211.295  1799  1822 I AdrenoVK-0: Shader Compiler Version : EV031.31.04.01
         1704836211.295  1799  1822 I AdrenoVK-0: Local Branch            : QPR2
         1704836211.295  1799  1822 I AdrenoVK-0: Remote Branch           : 
         1704836211.295  1799  1822 I AdrenoVK-0: Remote Branch           : 
         1704836211.295  1799  1822 I AdrenoVK-0: Reconstruct Branch      : 
         1704836211.295  1799  1822 I AdrenoVK-0: Build Config            : S P 10.0.4 AArch64
         1704836211.295  1799  1822 I AdrenoVK-0: Driver Path             : /vendor/lib64/hw/vulkan.adreno.so
         1704836211.295  1799  1817 E OpenGLRenderer: Unable to match the desired swap behavior.
         1704836211.304  1799  1822 E qdgralloc: GetGpuPixelFormat: No map for format: 0x38
         1704836211.304  1799  1822 E AdrenoUtils: <validate_memory_layout_input_parmas:1923>: Unknown Format 0
         1704836211.304  1799  1822 E AdrenoUtils: <adreno_init_memory_layout:4634>: Memory Layout input parameter validation failed!
         1704836211.304  1799  1822 E qdgralloc: GetGpuResourceSizeAndDimensions Graphics metadata init failed
         1704836211.304  1799  1822 E Gralloc4: isSupported(1, 1, 56, 1, ...) failed with 1
         1704836211.304   668   676 E qdgralloc: GetGpuPixelFormat: No map for format: 0x38
         1704836211.304   668   676 E AdrenoUtils: <validate_memory_layout_input_parmas:1923>: Unknown Format 0
         1704836211.304   668   676 E AdrenoUtils: <adreno_init_memory_layout:4634>: Memory Layout input parameter validation failed!
         1704836211.304   668   676 E qdgralloc: GetGpuResourceSizeAndDimensions Graphics metadata init failed
         1704836211.304  1799  1822 E GraphicBufferAllocator: Failed to allocate (4 x 4) layerCount 1 format 56 usage b00: 1
         1704836211.304  1799  1822 E AHardwareBuffer: GraphicBuffer(w=4, h=4, lc=1) failed (Unknown error -1), handle=0x0
         1704836211.304  1799  1822 E qdgralloc: GetGpuPixelFormat: No map for format: 0x3b
         1704836211.304  1799  1822 E AdrenoUtils: <validate_memory_layout_input_parmas:1923>: Unknown Format 0
         1704836211.304  1799  1822 E AdrenoUtils: <adreno_init_memory_layout:4634>: Memory Layout input parameter validation failed!
         1704836211.304  1799  1822 E qdgralloc: GetGpuResourceSizeAndDimensions Graphics metadata init failed
         1704836211.304  1799  1822 E Gralloc4: isSupported(1, 1, 59, 1, ...) failed with 1
         1704836211.304   668   676 E qdgralloc: GetGpuPixelFormat: No map for format: 0x3b
         1704836211.304   668   676 E AdrenoUtils: <validate_memory_layout_input_parmas:1923>: Unknown Format 0
         1704836211.304   668   676 E AdrenoUtils: <adreno_init_memory_layout:4634>: Memory Layout input parameter validation failed!
         1704836211.304   668   676 E qdgralloc: GetGpuResourceSizeAndDimensions Graphics metadata init failed
         1704836211.304  1799  1822 E GraphicBufferAllocator: Failed to allocate (4 x 4) layerCount 1 format 59 usage b00: 1
         1704836211.304  1799  1822 E AHardwareBuffer: GraphicBuffer(w=4, h=4, lc=1) failed (Unknown error -1), handle=0x0
         1704836211.304  1799  1822 E qdgralloc: GetGpuPixelFormat: No map for format: 0x38
         1704836211.304  1799  1822 E AdrenoUtils: <validate_memory_layout_input_parmas:1923>: Unknown Format 0
         1704836211.304  1799  1822 E AdrenoUtils: <adreno_init_memory_layout:4634>: Memory Layout input parameter validation failed!
         1704836211.304  1799  1822 E qdgralloc: GetGpuResourceSizeAndDimensions Graphics metadata init failed
         1704836211.304  1799  1822 E Gralloc4: isSupported(1, 1, 56, 1, ...) failed with 1
         1704836211.305   668   676 E qdgralloc: GetGpuPixelFormat: No map for format: 0x38
         1704836211.305   668   676 E AdrenoUtils: <validate_memory_layout_input_parmas:1923>: Unknown Format 0
         1704836211.305   668   676 E AdrenoUtils: <adreno_init_memory_layout:4634>: Memory Layout input parameter validation failed!
         1704836211.305   668   676 E qdgralloc: GetGpuResourceSizeAndDimensions Graphics metadata init failed
         1704836211.305  1799  1822 E GraphicBufferAllocator: Failed to allocate (4 x 4) layerCount 1 format 56 usage b00: 1
         1704836211.305  1799  1822 E AHardwareBuffer: GraphicBuffer(w=4, h=4, lc=1) failed (Unknown error -1), handle=0x0
         1704836211.305  1799  1822 E qdgralloc: GetGpuPixelFormat: No map for format: 0x3b
         1704836211.305  1799  1822 E AdrenoUtils: <validate_memory_layout_input_parmas:1923>: Unknown Format 0
         1704836211.305  1799  1822 E AdrenoUtils: <adreno_init_memory_layout:4634>: Memory Layout input parameter validation failed!
         1704836211.305  1799  1822 E qdgralloc: GetGpuResourceSizeAndDimensions Graphics metadata init failed
         1704836211.305  1799  1822 E Gralloc4: isSupported(1, 1, 59, 1, ...) failed with 1
         1704836211.305   668   676 E qdgralloc: GetGpuPixelFormat: No map for format: 0x3b
         1704836211.305   668   676 E AdrenoUtils: <validate_memory_layout_input_parmas:1923>: Unknown Format 0
         1704836211.305   668   676 E AdrenoUtils: <adreno_init_memory_layout:4634>: Memory Layout input parameter validation failed!
         1704836211.305   668   676 E qdgralloc: GetGpuResourceSizeAndDimensions Graphics metadata init failed
         1704836211.305  1799  1822 E GraphicBufferAllocator: Failed to allocate (4 x 4) layerCount 1 format 59 usage b00: 1
         1704836211.305  1799  1822 E AHardwareBuffer: GraphicBuffer(w=4, h=4, lc=1) failed (Unknown error -1), handle=0x0
         1704836211.319  1086  1254 I ASH     : @ 1007082.118: tcs3701: stop power rail pending_off timer
         1704836211.319  1086  1254 D ASH     : @ 1007082.118: tcs3701: start power rail timer, state:3
         1704836211.321 21720  1761 E RoleControllerServiceImpl: Default/fallback role holder package doesn't qualify for the role, package: com.google.android.googlequicksearchbox, role: android.app.role.ASSISTANT
         1704836211.332  1785  3765 W ServiceManagerCppClient: Permission failure: android.permission.ROTATE_SURFACE_FLINGER from uid=10277 pid=0
         1704836211.332  1785  3765 D PermissionCache: checking android.permission.ROTATE_SURFACE_FLINGER for uid=10277 => denied (135 us)
         1704836211.332  1785  3765 W ServiceManagerCppClient: Permission failure: android.permission.INTERNAL_SYSTEM_WINDOW from uid=10277 pid=0
         1704836211.333  1785  3765 D PermissionCache: checking android.permission.INTERNAL_SYSTEM_WINDOW for uid=10277 => denied (60 us)
         1704836211.333  1785  3765 W ServiceManagerCppClient: Permission failure: android.permission.ACCESS_SURFACE_FLINGER from uid=10277 pid=0
         1704836211.333  1785  3765 D PermissionCache: checking android.permission.ACCESS_SURFACE_FLINGER for uid=10277 => denied (54 us)
         1704836211.335  1785  2095 W ziparchive: Unable to open '/data/app/~~JMCZEtWoHr0HaC5JXyIq8w==/dev.driftsys.dashscene.demo-BOP9ZIdf1RpKWfMLclChcg==/base.dm': No such file or directory
         1704836211.337  1785  2095 I ActivityTaskManager: Displayed dev.driftsys.dashscene.demo/.DemoActivity for user 0: +148ms
         1704836211.342  1785  3765 D CompatibilityChangeReporter: Compat change id reported: 214016041; UID 10277; state: ENABLED
         1704836211.342  1785  3765 I ImeTracker: dev.driftsys.dashscene.demo:67b8bc1a: onRequestHide at ORIGIN_SERVER_HIDE_INPUT reason HIDE_UNSPECIFIED_WINDOW
         1704836211.342  1785  3765 I ImeTracker: dev.driftsys.dashscene.demo:67b8bc1a: onCancelled at PHASE_SERVER_SHOULD_HIDE
         1704836211.343  1799  1822 E qdgralloc: GetGpuPixelFormat: No map for format: 0x38
         1704836211.343  1799  1822 E AdrenoUtils: <validate_memory_layout_input_parmas:1923>: Unknown Format 0
         1704836211.343  1799  1822 E AdrenoUtils: <adreno_init_memory_layout:4634>: Memory Layout input parameter validation failed!
         1704836211.343  1799  1822 E qdgralloc: GetGpuResourceSizeAndDimensions Graphics metadata init failed
         1704836211.343  1799  1822 E Gralloc4: isSupported(1, 1, 56, 1, ...) failed with 1
         1704836211.343   668   676 E qdgralloc: GetGpuPixelFormat: No map for format: 0x38
         1704836211.343   668   676 E AdrenoUtils: <validate_memory_layout_input_parmas:1923>: Unknown Format 0
         1704836211.343   668   676 E AdrenoUtils: <adreno_init_memory_layout:4634>: Memory Layout input parameter validation failed!
         1704836211.343   668   676 E qdgralloc: GetGpuResourceSizeAndDimensions Graphics metadata init failed
         1704836211.343  1799  1822 E GraphicBufferAllocator: Failed to allocate (4 x 4) layerCount 1 format 56 usage b00: 1
         1704836211.343  1799  1822 E AHardwareBuffer: GraphicBuffer(w=4, h=4, lc=1) failed (Unknown error -1), handle=0x0
         1704836211.343  1799  1822 E qdgralloc: GetGpuPixelFormat: No map for format: 0x3b
         1704836211.343  1799  1822 E AdrenoUtils: <validate_memory_layout_input_parmas:1923>: Unknown Format 0
         1704836211.343  1799  1822 E AdrenoUtils: <adreno_init_memory_layout:4634>: Memory Layout input parameter validation failed!
         1704836211.343  1799  1822 E qdgralloc: GetGpuResourceSizeAndDimensions Graphics metadata init failed
         1704836211.343  1799  1822 E Gralloc4: isSupported(1, 1, 59, 1, ...) failed with 1
         1704836211.343   668   676 E qdgralloc: GetGpuPixelFormat: No map for format: 0x3b
         1704836211.343   668   676 E AdrenoUtils: <validate_memory_layout_input_parmas:1923>: Unknown Format 0
         1704836211.343   668   676 E AdrenoUtils: <adreno_init_memory_layout:4634>: Memory Layout input parameter validation failed!
         1704836211.343   668   676 E qdgralloc: GetGpuResourceSizeAndDimensions Graphics metadata init failed
         1704836211.343  1799  1822 E GraphicBufferAllocator: Failed to allocate (4 x 4) layerCount 1 format 59 usage b00: 1
         1704836211.343  1799  1822 E AHardwareBuffer: GraphicBuffer(w=4, h=4, lc=1) failed (Unknown error -1), handle=0x0
         1704836211.343  1799  1822 E qdgralloc: GetGpuPixelFormat: No map for format: 0x38
         1704836211.343  1799  1822 E AdrenoUtils: <validate_memory_layout_input_parmas:1923>: Unknown Format 0
         1704836211.343  1799  1822 E AdrenoUtils: <adreno_init_memory_layout:4634>: Memory Layout input parameter validation failed!
         1704836211.343  1799  1822 E qdgralloc: GetGpuResourceSizeAndDimensions Graphics metadata init failed
         1704836211.343  1799  1822 E Gralloc4: isSupported(1, 1, 56, 1, ...) failed with 1
         1704836211.343   668   676 E qdgralloc: GetGpuPixelFormat: No map for format: 0x38
         1704836211.343   668   676 E AdrenoUtils: <validate_memory_layout_input_parmas:1923>: Unknown Format 0
         1704836211.343   668   676 E AdrenoUtils: <adreno_init_memory_layout:4634>: Memory Layout input parameter validation failed!
         1704836211.343   668   676 E qdgralloc: GetGpuResourceSizeAndDimensions Graphics metadata init failed
         1704836211.343  1799  1822 E GraphicBufferAllocator: Failed to allocate (4 x 4) layerCount 1 format 56 usage b00: 1
         1704836211.343  1799  1822 E AHardwareBuffer: GraphicBuffer(w=4, h=4, lc=1) failed (Unknown error -1), handle=0x0
         1704836211.343  1799  1822 E qdgralloc: GetGpuPixelFormat: No map for format: 0x3b
         1704836211.343  1799  1822 E AdrenoUtils: <validate_memory_layout_input_parmas:1923>: Unknown Format 0
         1704836211.343  1799  1822 E AdrenoUtils: <adreno_init_memory_layout:4634>: Memory Layout input parameter validation failed!
         1704836211.343  1799  1822 E qdgralloc: GetGpuResourceSizeAndDimensions Graphics metadata init failed
         1704836211.343  1799  1822 E Gralloc4: isSupported(1, 1, 59, 1, ...) failed with 1
         1704836211.343   668   676 E qdgralloc: GetGpuPixelFormat: No map for format: 0x3b
         1704836211.343   668   676 E AdrenoUtils: <validate_memory_layout_input_parmas:1923>: Unknown Format 0
         1704836211.343   668   676 E AdrenoUtils: <adreno_init_memory_layout:4634>: Memory Layout input parameter validation failed!
         1704836211.343   668   676 E qdgralloc: GetGpuResourceSizeAndDimensions Graphics metadata init failed
         1704836211.343  1799  1822 E GraphicBufferAllocator: Failed to allocate (4 x 4) layerCount 1 format 59 usage b00: 1
         1704836211.343  1799  1822 E AHardwareBuffer: GraphicBuffer(w=4, h=4, lc=1) failed (Unknown error -1), handle=0x0
         1704836211.344  2565  2565 D ControlsListingControllerImpl: ServiceConfig reloaded, count: 0
         1704836211.345  2565  2565 D ControlsListingControllerImpl: ServiceConfig reloaded, count: 0
         1704836211.346  3450  3450 I GoogleInputMethodService: GoogleInputMethodService.onFinishInput():3227 
         1704836211.347  3450  3450 I GoogleInputMethodService: GoogleInputMethodService.updateDeviceLockedStatus():2087 repeatCheckTimes = 0, unlocked = true
         1704836211.347  3450  3450 I GoogleInputMethodService: GoogleInputMethodService.onStartInput():1877 onStartInput(EditorInfo{inputType=0x0(NULL) imeOptions=0x0 privateImeOptions=null actionName=UNSPECIFIED actionLabel=null actionId=0 initialSelStart=-1 initialSelEnd=-1 initialCapsMode=0x0 hintText=null label=null packageName=dev.driftsys.dashscene.demo fieldId=0 fieldName=null extras=null}, false)
         1704836211.347  3450  3450 I GoogleInputMethodService: GoogleInputMethodService.shouldHideHeaderOnInitialState():4008 ShouldHideHeaderOnInitialState = false
         1704836211.348  3450  3450 I GoogleInputMethodService: GoogleInputMethodService.updateDeviceLockedStatus():2087 repeatCheckTimes = 2, unlocked = true
         1704836211.350 22217 22217 I Finsky  : [2] vny.g(0): vny - Received: android.intent.action.PACKAGE_ADDED, [lPWzLivEAOCNuQcv3qCRTUPKno-g_ruFy0I-UMYct9c]
         1704836211.359  1086  1254 I ASH     : @ 1007082.158: tcs3701: stop power rail pending_off timer
         1704836211.359  1086  1254 D ASH     : @ 1007082.158: tcs3701: start power rail timer, state:3
         1704836211.363 22217 22217 I Finsky  : [2] qqh.ahl(1): DTU: Received onPackageAdded, replacing: false
         1704836211.364 22217 22217 I Finsky  : [2] aacd.f(8): Clearing split related stale data.
         1704836211.367 22217  1689 I Finsky  : [267] oin.run(16): Wrote row to frosting DB: 575
         1704836211.375 22217  1689 I Finsky  : [267] oin.run(16): Wrote row to frosting DB: 576
         1704836211.376  1785  3815 D CompatibilityChangeReporter: Compat change id reported: 161252188; UID 10277; state: DISABLED
         1704836211.391 22217 22217 I Finsky  : [2] aguv.c(5): Do not start WearSupportService due to Wear service optimization
         1704836211.393 22217  1697 I Finsky  : [273] jvi.abQ(78): [ContentSync] finished, scheduled=false
         1704836211.393 22217 22217 I Finsky  : [2] vny.g(0): vny - Received: android.intent.action.PACKAGE_CHANGED, [lPWzLivEAOCNuQcv3qCRTUPKno-g_ruFy0I-UMYct9c]
         1704836211.399  1086  1254 I ASH     : @ 1007082.198: tcs3701: stop power rail pending_off timer
         1704836211.399  1086  1254 D ASH     : @ 1007082.198: tcs3701: start power rail timer, state:3
         1704836211.403 22217  1696 I Finsky  : [272] aw.a(5): Asset module storage cleared for package dev.driftsys.dashscene.demo.
         1704836211.408 22217  1689 I Finsky  : [267] oin.run(16): Wrote row to frosting DB: 577
         1704836211.409  3263  6353 W ChimeraUtils: Module com.google.android.gms.nearby_en missing resource null(0)
         1704836211.411 22217  1689 I Finsky  : [267] oin.run(16): Wrote row to frosting DB: 578
         1704836211.414  3263  1707 I Fitness : OnPackageChangedOperation got intent: Intent { act=android.intent.action.PACKAGE_CHANGED dat=package: flg=0x5000010 pkg=com.google.android.gms cmp=com.google.android.gms/.chimera.PersistentIntentOperationService (has extras) } [CONTEXT service_id=17 ]
         1704836211.416  3263  6353 W ChimeraUtils: Module com.google.android.gms.nearby_en missing resource null(0)
         1704836211.418  3263  6353 W ChimeraUtils: Module com.google.android.gms.nearby_en missing resource null(0)
         1704836211.421  3878  1728 I Auth    : [SupervisedAccountIntentOperation] onHandleIntent(): android.intent.action.PACKAGE_ADDED
         1704836211.421  3878  1728 I Auth    : [SupervisedAccountIntentOperation] This operation is disabled
         1704836211.423  3878  1710 I BlockstoreStorage: Clearing Blockstore Data for package dev.driftsys.dashscene.demo [CONTEXT service_id=258 ]
         1704836211.424  3878  1710 I BlockstoreStorage: Keyless data not found or its IsLastInstallationData = false. [CONTEXT service_id=258 ]
         1704836211.424  3263  1707 I Fitness : FitCleanupIntentOperation received Intent android.intent.action.PACKAGE_CHANGED [CONTEXT service_id=17 ]
         1704836211.426  3878  3878 D BoundBrokerSvc: onBind: Intent { act=com.google.android.gms.common.BIND_SHARED_PREFS pkg=com.google.android.gms }
         1704836211.426  3878  3878 D BoundBrokerSvc: Loading bound service for intent: Intent { act=com.google.android.gms.common.BIND_SHARED_PREFS pkg=com.google.android.gms }
         1704836211.432  3878  3878 D BoundBrokerSvc: onUnbind: Intent { act=com.google.android.gms.common.BIND_SHARED_PREFS pkg=com.google.android.gms }
         1704836211.434  3263  1695 I FontLog : Package dev.driftsys.dashscene.demo has no metadata [CONTEXT service_id=132 ]
         1704836211.435  3263  1706 W GCM     : Unexpected forwarded intent: Intent { act=android.intent.action.PACKAGE_ADDED dat=package: flg=0x4000010 pkg=com.google.android.gms cmp=com.google.android.gms/.chimera.PersistentIntentOperationService (has extras) }
         1704836211.435  3263  1707 W GCM     : Unexpected forwarded intent: Intent { act=android.intent.action.PACKAGE_ADDED dat=package: flg=0x4000010 pkg=com.google.android.gms cmp=com.google.android.gms/.chimera.PersistentIntentOperationService (has extras) }
         1704836211.436  3878  1728 I Dck     : doesDeviceHaveSupportedWirelessCapabilities: wccSysProp:0, wccMendel:1, deviceWccOverride:false [CONTEXT service_id=289 ]
         1704836211.437  3878  1728 I Dck     : isDckModuleEligible: isAtLeastR:true, hasWccSupport:false, downloadAllowed:false [CONTEXT service_id=289 ]
         1704836211.437  3878  1728 W Dck     : Dck module not eligible for asynchronous downloading [CONTEXT service_id=289 ]
         1704836211.440  1086  1254 I ASH     : @ 1007082.238: tcs3701: stop power rail pending_off timer
         1704836211.440  1086  1254 D ASH     : @ 1007082.238: tcs3701: start power rail timer, state:3
         1704836211.455  3263  1695 I Fitness : OnPackageChangedOperation got intent: Intent { act=android.intent.action.PACKAGE_CHANGED dat=package: flg=0x5000010 pkg=com.google.android.gms cmp=com.google.android.gms/.chimera.PersistentIntentOperationService (has extras) } [CONTEXT service_id=17 ]
         1704836211.468  3263  6325 W ChimeraUtils: Module com.google.android.gms.nearby_en missing resource null(0)
         1704836211.477  3263  1831 I Fitness : FitCleanupIntentOperation received Intent android.intent.action.PACKAGE_CHANGED [CONTEXT service_id=17 ]
         1704836211.479  1086  1254 I ASH     : @ 1007082.278: tcs3701: stop power rail pending_off timer
         1704836211.479  1086  1254 D ASH     : @ 1007082.278: tcs3701: start power rail timer, state:3
         1704836211.480  3263  6325 W ChimeraUtils: Module com.google.android.gms.nearby_en missing resource null(0)
         1704836211.482  3263  6325 W ChimeraUtils: Module com.google.android.gms.nearby_en missing resource null(0)
         1704836211.503  3263  6353 W ChimeraUtils: Module com.google.android.gms.nearby_en missing resource null(0)
         1704836211.506  3263  6353 W ChimeraUtils: Module com.google.android.gms.nearby_en missing resource null(0)
         1704836211.507  3263  6353 W ChimeraUtils: Module com.google.android.gms.nearby_en missing resource null(0)
         1704836211.520  1086  1254 I ASH     : @ 1007082.318: tcs3701: stop power rail pending_off timer
         1704836211.520  1086  1254 D ASH     : @ 1007082.318: tcs3701: start power rail timer, state:3
         1704836211.537  2565  2589 V WindowManagerShell: Transition animation finished (aborted=false), notifying core (#230)android.os.BinderProxy@3e2886f@0
         1704836211.541  1785  2095 V WindowManager: Finish Transition #230: created at 01-09 22:36:51.190 collect-started=0.072ms request-sent=5.086ms started=6.191ms ready=35.857ms sent=45.923ms finished=348.887ms
         1704836211.541  2658  2658 I WallpaperService: engine paused
         1704836211.542  1086  1086 I sensors-hal: [hal]activate_physical_sensor:251, android.sensor.gyroscope/41 en=0
         1704836211.542  2565  2589 V WindowManagerShell: Track 0 became idle
         1704836211.542  2565  2589 V WindowManagerShell: All active transition animations finished
         1704836211.544  1086  1086 D Diag_Lib: diag: Diag_LSM_DeInit: invoked for pid: 1086
         1704836211.544  1086  1086 D Diag_Lib: diag: Diag_LSM_DeInit: done for pid: 1086
         1704836211.544  1086  1086 D Diag_Lib: diag: Diag_LSM_DeInit: invoked for pid: 1086
         1704836211.544  1086  1086 D Diag_Lib: diag: Diag_LSM_DeInit: done for pid: 1086
         1704836211.544  1086  1086 I sensors-hal: [hal]activate_physical_sensor:262, android.sensor.gyroscope/41 en=0 completed
         1704836211.559  1086  1254 I ASH     : @ 1007082.358: tcs3701: stop power rail pending_off timer
         1704836211.559  1086  1254 D ASH     : @ 1007082.358: tcs3701: start power rail timer, state:3
         1704836211.562  2992  3053 I ImeTracker: com.google.android.apps.nexuslauncher:59881497: onRequestHide at ORIGIN_CLIENT_HIDE_SOFT_INPUT reason HIDE_SOFT_INPUT
         1704836211.562  2992  3053 I ImeTracker: com.google.android.apps.nexuslauncher:59881497: onFailed at PHASE_CLIENT_VIEW_SERVED
         1704836211.562  2992  3926 D OneSearchSuggestProvider: Shut down the binder channel
         1704836211.599  1086  1254 I ASH     : @ 1007082.398: tcs3701: stop power rail pending_off timer
         1704836211.599  1086  1254 D ASH     : @ 1007082.398: tcs3701: start power rail timer, state:3
         1704836211.639  1086  1254 I ASH     : @ 1007082.438: tcs3701: stop power rail pending_off timer
         1704836211.639  1086  1254 D ASH     : @ 1007082.438: tcs3701: start power rail timer, state:3
         1704836211.679  1086  1254 I ASH     : @ 1007082.478: tcs3701: stop power rail pending_off timer
         1704836211.679  1086  1254 D ASH     : @ 1007082.478: tcs3701: start power rail timer, state:3
         1704836211.693  2565  2595 W WindowOnBackDispatcher: sendCancelIfRunning: isInProgress=falsecallback=android.view.ViewRootImpl$$ExternalSyntheticLambda17@8b3a2b2
         1704836211.693  1785  3761 D CoreBackPreview: Window{2a93458 u0 Splash Screen dev.driftsys.dashscene.demo EXITING}: Setting back callback null
         1704836211.694  1785  3815 W InputManager-JNI: Input channel object '2a93458 Splash Screen dev.driftsys.dashscene.demo (client)' was disposed without first being removed with the input manager!
         1704836211.719  1086  1254 I ASH     : @ 1007082.518: tcs3701: stop power rail pending_off timer
         1704836211.719  1086  1254 D ASH     : @ 1007082.519: tcs3701: start power rail timer, state:3
         1704836211.734  1785  3815 I ActivityManager: Background started FGS: Allowed [callingPackage: com.google.android.apps.wellbeing; callingUid: 10126; uidState: BFGS; uidBFSL: [BFSL]; intent: Intent { cmp=com.google.android.apps.wellbeing/com.google.apps.tiktok.concurrent.InternalForegroundService (has extras) }; code:BACKGROUND_ACTIVITY_PERMISSION; tempAllowListReason:<null>; targetSdkVersion:33; callerTargetSdkVersion:33; startForegroundCount:0; bindFromPackage:null: isBindService:false]
         1704836211.759  1086  1254 I ASH     : @ 1007082.558: tcs3701: stop power rail pending_off timer
         1704836211.759  1086  1254 D ASH     : @ 1007082.558: tcs3701: start power rail timer, state:3
         1704836211.775  1799  1822 E qdgralloc: GetGpuPixelFormat: No map for format: 0x38
         1704836211.775  1799  1822 E AdrenoUtils: <validate_memory_layout_input_parmas:1923>: Unknown Format 0
         1704836211.775  1799  1822 E AdrenoUtils: <adreno_init_memory_layout:4634>: Memory Layout input parameter validation failed!
         1704836211.775  1799  1822 E qdgralloc: GetGpuResourceSizeAndDimensions Graphics metadata init failed
         1704836211.775  1799  1822 E Gralloc4: isSupported(1, 1, 56, 1, ...) failed with 1
         1704836211.775   668   676 E qdgralloc: GetGpuPixelFormat: No map for format: 0x38
         1704836211.775   668   676 E AdrenoUtils: <validate_memory_layout_input_parmas:1923>: Unknown Format 0
         1704836211.775   668   676 E AdrenoUtils: <adreno_init_memory_layout:4634>: Memory Layout input parameter validation failed!
         1704836211.775   668   676 E qdgralloc: GetGpuResourceSizeAndDimensions Graphics metadata init failed
         1704836211.775  1799  1822 E GraphicBufferAllocator: Failed to allocate (4 x 4) layerCount 1 format 56 usage b00: 1
         1704836211.775  1799  1822 E AHardwareBuffer: GraphicBuffer(w=4, h=4, lc=1) failed (Unknown error -1), handle=0x0
         1704836211.775  1799  1822 E qdgralloc: GetGpuPixelFormat: No map for format: 0x3b
         1704836211.775  1799  1822 E AdrenoUtils: <validate_memory_layout_input_parmas:1923>: Unknown Format 0
         1704836211.775  1799  1822 E AdrenoUtils: <adreno_init_memory_layout:4634>: Memory Layout input parameter validation failed!
         1704836211.775  1799  1822 E qdgralloc: GetGpuResourceSizeAndDimensions Graphics metadata init failed
         1704836211.775  1799  1822 E Gralloc4: isSupported(1, 1, 59, 1, ...) failed with 1
         1704836211.775   668   676 E qdgralloc: GetGpuPixelFormat: No map for format: 0x3b
         1704836211.775   668   676 E AdrenoUtils: <validate_memory_layout_input_parmas:1923>: Unknown Format 0
         1704836211.775   668   676 E AdrenoUtils: <adreno_init_memory_layout:4634>: Memory Layout input parameter validation failed!
         1704836211.775   668   676 E qdgralloc: GetGpuResourceSizeAndDimensions Graphics metadata init failed
         1704836211.775  1799  1822 E GraphicBufferAllocator: Failed to allocate (4 x 4) layerCount 1 format 59 usage b00: 1
         1704836211.775  1799  1822 E AHardwareBuffer: GraphicBuffer(w=4, h=4, lc=1) failed (Unknown error -1), handle=0x0
         1704836211.775  1799  1822 E qdgralloc: GetGpuPixelFormat: No map for format: 0x38
         1704836211.776  1799  1822 E AdrenoUtils: <validate_memory_layout_input_parmas:1923>: Unknown Format 0
         1704836211.776  1799  1822 E AdrenoUtils: <adreno_init_memory_layout:4634>: Memory Layout input parameter validation failed!
         1704836211.776  1799  1822 E qdgralloc: GetGpuResourceSizeAndDimensions Graphics metadata init failed
         1704836211.776  1799  1822 E Gralloc4: isSupported(1, 1, 56, 1, ...) failed with 1
         1704836211.776   668   676 E qdgralloc: GetGpuPixelFormat: No map for format: 0x38
         1704836211.776   668   676 E AdrenoUtils: <validate_memory_layout_input_parmas:1923>: Unknown Format 0
         1704836211.776   668   676 E AdrenoUtils: <adreno_init_memory_layout:4634>: Memory Layout input parameter validation failed!
         1704836211.776   668   676 E qdgralloc: GetGpuResourceSizeAndDimensions Graphics metadata init failed
         1704836211.776  1799  1822 E GraphicBufferAllocator: Failed to allocate (4 x 4) layerCount 1 format 56 usage b00: 1
         1704836211.776  1799  1822 E AHardwareBuffer: GraphicBuffer(w=4, h=4, lc=1) failed (Unknown error -1), handle=0x0
         1704836211.776  1799  1822 E qdgralloc: GetGpuPixelFormat: No map for format: 0x3b
         1704836211.776  1799  1822 E AdrenoUtils: <validate_memory_layout_input_parmas:1923>: Unknown Format 0
         1704836211.776  1799  1822 E AdrenoUtils: <adreno_init_memory_layout:4634>: Memory Layout input parameter validation failed!
         1704836211.776  1799  1822 E qdgralloc: GetGpuResourceSizeAndDimensions Graphics metadata init failed
         1704836211.776  1799  1822 E Gralloc4: isSupported(1, 1, 59, 1, ...) failed with 1
         1704836211.776   668   676 E qdgralloc: GetGpuPixelFormat: No map for format: 0x3b
         1704836211.776   668   676 E AdrenoUtils: <validate_memory_layout_input_parmas:1923>: Unknown Format 0
         1704836211.776   668   676 E AdrenoUtils: <adreno_init_memory_layout:4634>: Memory Layout input parameter validation failed!
         1704836211.776   668   676 E qdgralloc: GetGpuResourceSizeAndDimensions Graphics metadata init failed
         1704836211.776  1799  1822 E GraphicBufferAllocator: Failed to allocate (4 x 4) layerCount 1 format 59 usage b00: 1
         1704836211.776  1799  1822 E AHardwareBuffer: GraphicBuffer(w=4, h=4, lc=1) failed (Unknown error -1), handle=0x0
         1704836211.777  1799  1822 I dashscene: dashscene-gpu (Adreno (TM) 620, Vulkan, Rgba8Unorm) — 1080x1984, scene surfaces
         1704836211.799  1086  1254 I ASH     : @ 1007082.598: tcs3701: stop power rail pending_off timer
         1704836211.799  1086  1254 D ASH     : @ 1007082.598: tcs3701: start power rail timer, state:3
         1704836211.839  1086  1254 I ASH     : @ 1007082.638: tcs3701: stop power rail pending_off timer
         1704836211.839  1086  1254 D ASH     : @ 1007082.639: tcs3701: start power rail timer, state:3
         1704836211.879  1086  1254 I ASH     : @ 1007082.678: tcs3701: stop power rail pending_off timer
         1704836211.879  1086  1254 D ASH     : @ 1007082.678: tcs3701: start power rail timer, state:3
         1704836211.919  1086  1254 I ASH     : @ 1007082.718: tcs3701: stop power rail pending_off timer
         1704836211.919  1086  1254 D ASH     : @ 1007082.718: tcs3701: start power rail timer, state:3
         1704836211.959  1086  1254 I ASH     : @ 1007082.758: tcs3701: stop power rail pending_off timer
         1704836211.959  1086  1254 D ASH     : @ 1007082.758: tcs3701: start power rail timer, state:3
         1704836211.999  1086  1254 I ASH     : @ 1007082.798: tcs3701: stop power rail pending_off timer
         1704836211.999  1086  1254 D ASH     : @ 1007082.798: tcs3701: start power rail timer, state:3
         1704836212.000  1799  1822 I dashscene: attached a 1080x1984 surface
         1704836212.005  1799  1822 I dashscene: first vsync callback
         1704836212.040  1086  1254 I ASH     : @ 1007082.838: tcs3701: stop power rail pending_off timer
         1704836212.040  1086  1254 D ASH     : @ 1007082.838: tcs3701: start power rail timer, state:3
         1704836212.080  1086  1254 I ASH     : @ 1007082.878: tcs3701: stop power rail pending_off timer
         1704836212.080  1086  1254 D ASH     : @ 1007082.878: tcs3701: start power rail timer, state:3
         1704836212.119  1086  1254 I ASH     : @ 1007082.918: tcs3701: stop power rail pending_off timer
         1704836212.120  1086  1254 D ASH     : @ 1007082.919: tcs3701: start power rail timer, state:3
         1704836212.159  1086  1254 I ASH     : @ 1007082.958: tcs3701: stop power rail pending_off timer
         1704836212.159  1086  1254 D ASH     : @ 1007082.958: tcs3701: start power rail timer, state:3
         1704836212.200  1086  1254 I ASH     : @ 1007082.998: tcs3701: stop power rail pending_off timer
         1704836212.200  1086  1254 D ASH     : @ 1007082.998: tcs3701: start power rail timer, state:3
         1704836212.237  1799  1822 I dashscene: first frame
         1704836212.239  1086  1254 I ASH     : @ 1007083.038: tcs3701: stop power rail pending_off timer
         1704836212.239  1086  1254 D ASH     : @ 1007083.038: tcs3701: start power rail timer, state:3
         1704836212.279  1086  1254 I ASH     : @ 1007083.078: tcs3701: stop power rail pending_off timer
         1704836212.279  1086  1254 D ASH     : @ 1007083.078: tcs3701: start power rail timer, state:3
         1704836212.288  1643  1651 I AidlLazyServiceRegistrar: Process has 0 (of 1 available) client(s) in use after notification artd has clients: 0
         1704836212.288  1643  1651 I AidlLazyServiceRegistrar: Trying to shut down the service. No clients in use for any service in process.
         1704836212.289  1643  1651 I AidlLazyServiceRegistrar: Unregistered all clients and exiting
         1704836212.319  1086  1254 I ASH     : @ 1007083.118: tcs3701: stop power rail pending_off timer
         1704836212.319  1086  1254 D ASH     : @ 1007083.118: tcs3701: start power rail timer, state:3
         1704836212.359  1086  1254 I ASH     : @ 1007083.158: tcs3701: stop power rail pending_off timer
         1704836212.360  1086  1254 D ASH     : @ 1007083.158: tcs3701: start power rail timer, state:3
         1704836212.399  1086  1254 I ASH     : @ 1007083.198: tcs3701: stop power rail pending_off timer
         1704836212.399  1086  1254 D ASH     : @ 1007083.199: tcs3701: start power rail timer, state:3
         1704836212.405  1087  2501 I android.hardware.usb.aidl-service: port0
         1704836212.405  1087  2501 I android.hardware.usb.aidl-service: 0:port0 connected:1 canChangeMode:1 canChagedata:1 canChangePower:1 usbDataEnabled:1
         1704836212.405  1087  2501 I android.hardware.usb.aidl-service: ContaminantDetectionStatus:2 ContaminantProtectionStatus:0
         1704836212.405  1087  2501 I android.hardware.usb.aidl-service: powerTransferLimited:0
         1704836212.406  1785  3761 I UsbPortManager: AIDL UsbDataStatus:1
         1704836212.406  1785  3761 I UsbPortManager: ClientCallback AIDL V1: port0
         1704836212.414  3878  1623 I Icing   : Indexing com.google.android.gms-apps from com.google.android.gms
         1704836212.419  2565  2565 D DLObserver: onReceive(); android.intent.action.BATTERY_CHANGED
         1704836212.419  2565  2565 D DLObserver: plugged=1
         1704836212.422  2565  2565 I ReverseChargingControl: handleIntentForReverseCharging(): rtx=0 wlc=0 plgac=1 ac=1 acrtx=0 extra=1 this=com.google.android.systemui.reversecharging.ReverseChargingController@6510945
         1704836212.422  2565  2565 D PowerNotificationWarningsGoogleImpl: onReceive: android.intent.action.BATTERY_CHANGED
         1704836212.422  2565  2565 D BatteryDefenderNotification: isPlugged: true | isBatteryDefender: false | defenderEnabled: false | isCharged: true | isPluggedInDock: false
         1704836212.422  2565  2565 D IncompatibleChargerNotification: dispatchIntent: android.intent.action.BATTERY_CHANGED
         1704836212.425  2837  2837 V DeviceStatisticsService: chargerType=1 batteryLevel=100 totalBatteryCapacity=4129000
         1704836212.426  2565  6494 D PowerUI : can't show warning due to - plugged: true status unknown: false
         1704836212.428  1087  2501 I android.hardware.usb.aidl-service: port0
         1704836212.429  1087  2501 I android.hardware.usb.aidl-service: 0:port0 connected:1 canChangeMode:1 canChagedata:1 canChangePower:1 usbDataEnabled:1
         1704836212.429  1087  2501 I android.hardware.usb.aidl-service: ContaminantDetectionStatus:2 ContaminantProtectionStatus:0
         1704836212.429  1087  2501 I android.hardware.usb.aidl-service: powerTransferLimited:0
         1704836212.429  1785  3860 I UsbPortManager: AIDL UsbDataStatus:1
         1704836212.429  1785  3860 I UsbPortManager: ClientCallback AIDL V1: port0
         1704836212.432  3878  1623 I Icing   : Indexing done com.google.android.gms-apps
         1704836212.439  1086  1254 I ASH     : @ 1007083.238: tcs3701: stop power rail pending_off timer
         1704836212.439  1086  1254 D ASH     : @ 1007083.238: tcs3701: start power rail timer, state:3
         1704836212.462  3878  1623 I Icing   : Indexing com.google.android.gms-apps from com.google.android.gms
         1704836212.466  3878  1623 I Icing   : Indexing done com.google.android.gms-apps
         1704836212.468  3878  1624 I Icing   : Indexing com.google.android.gms-internal.3p:MobileApplication from com.google.android.gms
         1704836212.479  1086  1254 I ASH     : @ 1007083.278: tcs3701: stop power rail pending_off timer
         1704836212.479  1086  1254 D ASH     : @ 1007083.278: tcs3701: start power rail timer, state:3
         1704836212.482  3878  1624 I Icing   : Indexing done com.google.android.gms-internal.3p:MobileApplication
         1704836212.483  3878  1624 I Icing   : Indexing com.google.android.gms-apps from com.google.android.gms
         1704836212.485  3878  1624 I Icing   : Indexing done com.google.android.gms-apps
         1704836212.485  3878  1624 I Icing   : Indexing com.google.android.gms-internal.3p:MobileApplication from com.google.android.gms
         1704836212.487  3878  1624 I Icing   : Indexing done com.google.android.gms-internal.3p:MobileApplication
         1704836212.512  3878  1624 I Icing   : Indexing com.google.android.gms-internal.3p:MobileApplication from com.google.android.gms
         1704836212.515  3878  1624 I Icing   : Indexing done com.google.android.gms-internal.3p:MobileApplication
         1704836212.519  1086  1254 I ASH     : @ 1007083.318: tcs3701: stop power rail pending_off timer
         1704836212.519  1086  1254 D ASH     : @ 1007083.319: tcs3701: start power rail timer, state:3
         1704836212.560  1086  1254 I ASH     : @ 1007083.358: tcs3701: stop power rail pending_off timer
         1704836212.560  1086  1254 D ASH     : @ 1007083.358: tcs3701: start power rail timer, state:3
         1704836212.601  1086  1254 I ASH     : @ 1007083.398: tcs3701: stop power rail pending_off timer
         1704836212.601  1086  1254 D ASH     : @ 1007083.399: tcs3701: start power rail timer, state:3
         1704836212.640  1086  1254 I ASH     : @ 1007083.438: tcs3701: stop power rail pending_off timer
         1704836212.640  1086  1254 D ASH     : @ 1007083.438: tcs3701: start power rail timer, state:3
         1704836212.681  1086  1254 I ASH     : @ 1007083.478: tcs3701: stop power rail pending_off timer
         1704836212.681  1086  1254 D ASH     : @ 1007083.478: tcs3701: start power rail timer, state:3
         1704836212.721  1086  1254 I ASH     : @ 1007083.518: tcs3701: stop power rail pending_off timer
         1704836212.721  1086  1254 D ASH     : @ 1007083.519: tcs3701: start power rail timer, state:3
         1704836212.760  1086  1254 I ASH     : @ 1007083.558: tcs3701: stop power rail pending_off timer
         1704836212.760  1086  1254 D ASH     : @ 1007083.558: tcs3701: start power rail timer, state:3
         1704836212.801  1086  1254 I ASH     : @ 1007083.598: tcs3701: stop power rail pending_off timer
         1704836212.801  1086  1254 D ASH     : @ 1007083.598: tcs3701: start power rail timer, state:3
         1704836212.840  1086  1254 I ASH     : @ 1007083.638: tcs3701: stop power rail pending_off timer
         1704836212.840  1086  1254 D ASH     : @ 1007083.639: tcs3701: start power rail timer, state:3
         1704836212.881  1086  1254 I ASH     : @ 1007083.678: tcs3701: stop power rail pending_off timer
         1704836212.881  1086  1254 D ASH     : @ 1007083.678: tcs3701: start power rail timer, state:3
         1704836212.920  1086  1254 I ASH     : @ 1007083.718: tcs3701: stop power rail pending_off timer
         1704836212.920  1086  1254 D ASH     : @ 1007083.718: tcs3701: start power rail timer, state:3
         1704836212.961  1086  1254 I ASH     : @ 1007083.758: tcs3701: stop power rail pending_off timer
         1704836212.961  1086  1254 D ASH     : @ 1007083.758: tcs3701: start power rail timer, state:3
         1704836213.001  1086  1254 I ASH     : @ 1007083.798: tcs3701: stop power rail pending_off timer
         1704836213.001  1086  1254 D ASH     : @ 1007083.799: tcs3701: start power rail timer, state:3
         1704836213.040  1086  1254 I ASH     : @ 1007083.838: tcs3701: stop power rail pending_off timer
         1704836213.041  1086  1254 D ASH     : @ 1007083.838: tcs3701: start power rail timer, state:3
         1704836213.081  1086  1254 I ASH     : @ 1007083.878: tcs3701: stop power rail pending_off timer
         1704836213.081  1086  1254 D ASH     : @ 1007083.879: tcs3701: start power rail timer, state:3
         1704836213.121  1086  1254 I ASH     : @ 1007083.918: tcs3701: stop power rail pending_off timer
         1704836213.121  1086  1254 D ASH     : @ 1007083.918: tcs3701: start power rail timer, state:3
         1704836213.160  1086  1254 I ASH     : @ 1007083.958: tcs3701: stop power rail pending_off timer
         1704836213.160  1086  1254 D ASH     : @ 1007083.958: tcs3701: start power rail timer, state:3
         1704836213.201  1086  1254 I ASH     : @ 1007083.998: tcs3701: stop power rail pending_off timer
         1704836213.201  1086  1254 D ASH     : @ 1007083.999: tcs3701: start power rail timer, state:3
         1704836213.240  1086  1254 I ASH     : @ 1007084.038: tcs3701: stop power rail pending_off timer
         1704836213.240  1086  1254 D ASH     : @ 1007084.038: tcs3701: start power rail timer, state:3
         1704836213.241  1122  1183 D rlsservice: MonitorDisplayStatus client num 0, display status 1, sensor status 0
         1704836213.281  1086  1254 I ASH     : @ 1007084.078: tcs3701: stop power rail pending_off timer
         1704836213.281  1086  1254 D ASH     : @ 1007084.079: tcs3701: start power rail timer, state:3
         1704836213.321  1086  1254 I ASH     : @ 1007084.118: tcs3701: stop power rail pending_off timer
         1704836213.321  1086  1254 D ASH     : @ 1007084.119: tcs3701: start power rail timer, state:3
         1704836213.360  1086  1254 I ASH     : @ 1007084.158: tcs3701: stop power rail pending_off timer
         1704836213.360  1086  1254 D ASH     : @ 1007084.159: tcs3701: start power rail timer, state:3
         1704836213.401  1086  1254 I ASH     : @ 1007084.198: tcs3701: stop power rail pending_off timer
         1704836213.401  1086  1254 D ASH     : @ 1007084.198: tcs3701: start power rail timer, state:3
         1704836213.441  1086  1254 I ASH     : @ 1007084.238: tcs3701: stop power rail pending_off timer
         1704836213.441  1086  1254 D ASH     : @ 1007084.238: tcs3701: start power rail timer, state:3
         1704836213.481  1086  1254 I ASH     : @ 1007084.278: tcs3701: stop power rail pending_off timer
         1704836213.481  1086  1254 D ASH     : @ 1007084.278: tcs3701: start power rail timer, state:3
         1704836213.521  1086  1254 I ASH     : @ 1007084.318: tcs3701: stop power rail pending_off timer
         1704836213.521  1086  1254 D ASH     : @ 1007084.319: tcs3701: start power rail timer, state:3
         1704836213.560  1086  1254 I ASH     : @ 1007084.358: tcs3701: stop power rail pending_off timer
         1704836213.560  1086  1254 D ASH     : @ 1007084.358: tcs3701: start power rail timer, state:3
         1704836213.601  1086  1254 I ASH     : @ 1007084.398: tcs3701: stop power rail pending_off timer
         1704836213.601  1086  1254 D ASH     : @ 1007084.398: tcs3701: start power rail timer, state:3
         1704836213.641  1086  1254 I ASH     : @ 1007084.438: tcs3701: stop power rail pending_off timer
         1704836213.641  1086  1254 D ASH     : @ 1007084.439: tcs3701: start power rail timer, state:3
         1704836213.681  1086  1254 I ASH     : @ 1007084.478: tcs3701: stop power rail pending_off timer
         1704836213.681  1086  1254 D ASH     : @ 1007084.478: tcs3701: start power rail timer, state:3
         1704836213.721  1086  1254 I ASH     : @ 1007084.518: tcs3701: stop power rail pending_off timer
         1704836213.721  1086  1254 D ASH     : @ 1007084.519: tcs3701: start power rail timer, state:3
         1704836213.760  1086  1254 I ASH     : @ 1007084.558: tcs3701: stop power rail pending_off timer
         1704836213.760  1086  1254 D ASH     : @ 1007084.559: tcs3701: start power rail timer, state:3
         1704836213.801  1086  1254 I ASH     : @ 1007084.598: tcs3701: stop power rail pending_off timer
         1704836213.801  1086  1254 D ASH     : @ 1007084.599: tcs3701: start power rail timer, state:3
         1704836213.841  1086  1254 I ASH     : @ 1007084.638: tcs3701: stop power rail pending_off timer
         1704836213.841  1086  1254 D ASH     : @ 1007084.639: tcs3701: start power rail timer, state:3
         1704836213.881  1086  1254 I ASH     : @ 1007084.678: tcs3701: stop power rail pending_off timer
         1704836213.881  1086  1254 D ASH     : @ 1007084.679: tcs3701: start power rail timer, state:3
         1704836213.921  1086  1254 I ASH     : @ 1007084.718: tcs3701: stop power rail pending_off timer
         1704836213.921  1086  1254 D ASH     : @ 1007084.719: tcs3701: start power rail timer, state:3
         1704836213.960  1086  1254 I ASH     : @ 1007084.758: tcs3701: stop power rail pending_off timer
         1704836213.960  1086  1254 D ASH     : @ 1007084.758: tcs3701: start power rail timer, state:3
         1704836214.001  1086  1254 I ASH     : @ 1007084.798: tcs3701: stop power rail pending_off timer
         1704836214.001  1086  1254 D ASH     : @ 1007084.799: tcs3701: start power rail timer, state:3
         1704836214.041  1086  1254 I ASH     : @ 1007084.838: tcs3701: stop power rail pending_off timer
         1704836214.041  1086  1254 D ASH     : @ 1007084.839: tcs3701: start power rail timer, state:3
         1704836214.081  1086  1254 I ASH     : @ 1007084.878: tcs3701: stop power rail pending_off timer
         1704836214.081  1086  1254 D ASH     : @ 1007084.878: tcs3701: start power rail timer, state:3
         1704836214.121  1086  1254 I ASH     : @ 1007084.918: tcs3701: stop power rail pending_off timer
         1704836214.121  1086  1254 D ASH     : @ 1007084.918: tcs3701: start power rail timer, state:3
         1704836214.160  1086  1254 I ASH     : @ 1007084.958: tcs3701: stop power rail pending_off timer
         1704836214.160  1086  1254 D ASH     : @ 1007084.958: tcs3701: start power rail timer, state:3
         1704836214.200  1086  1254 I ASH     : @ 1007084.998: tcs3701: stop power rail pending_off timer
         1704836214.200  1086  1254 D ASH     : @ 1007084.998: tcs3701: start power rail timer, state:3
         1704836214.240  1086  1254 I ASH     : @ 1007085.038: tcs3701: stop power rail pending_off timer
         1704836214.240  1086  1254 D ASH     : @ 1007085.038: tcs3701: start power rail timer, state:3
         1704836214.281  1086  1254 I ASH     : @ 1007085.078: tcs3701: stop power rail pending_off timer
         1704836214.281  1086  1254 D ASH     : @ 1007085.079: tcs3701: start power rail timer, state:3
         1704836214.321  1086  1254 I ASH     : @ 1007085.118: tcs3701: stop power rail pending_off timer
         1704836214.321  1086  1254 D ASH     : @ 1007085.118: tcs3701: start power rail timer, state:3
         1704836214.360  1086  1254 I ASH     : @ 1007085.158: tcs3701: stop power rail pending_off timer
         1704836214.360  1086  1254 D ASH     : @ 1007085.158: tcs3701: start power rail timer, state:3
         1704836214.401  1086  1254 I ASH     : @ 1007085.198: tcs3701: stop power rail pending_off timer
         1704836214.401  1086  1254 D ASH     : @ 1007085.198: tcs3701: start power rail timer, state:3
         1704836214.441  1086  1254 I ASH     : @ 1007085.238: tcs3701: stop power rail pending_off timer
         1704836214.441  1086  1254 D ASH     : @ 1007085.238: tcs3701: start power rail timer, state:3
         1704836214.481  1086  1254 I ASH     : @ 1007085.278: tcs3701: stop power rail pending_off timer
         1704836214.481  1086  1254 D ASH     : @ 1007085.278: tcs3701: start power rail timer, state:3
         1704836214.520  1086  1254 I ASH     : @ 1007085.318: tcs3701: stop power rail pending_off timer
         1704836214.520  1086  1254 D ASH     : @ 1007085.318: tcs3701: start power rail timer, state:3
         1704836214.559  1086  1254 I ASH     : @ 1007085.358: tcs3701: stop power rail pending_off timer
         1704836214.559  1086  1254 D ASH     : @ 1007085.358: tcs3701: start power rail timer, state:3
         1704836214.599  1086  1254 I ASH     : @ 1007085.398: tcs3701: stop power rail pending_off timer
         1704836214.599  1086  1254 D ASH     : @ 1007085.398: tcs3701: start power rail timer, state:3
         1704836214.640  1086  1254 I ASH     : @ 1007085.438: tcs3701: stop power rail pending_off timer
         1704836214.640  1086  1254 D ASH     : @ 1007085.438: tcs3701: start power rail timer, state:3
         1704836214.679  1086  1254 I ASH     : @ 1007085.478: tcs3701: stop power rail pending_off timer
         1704836214.679  1086  1254 D ASH     : @ 1007085.479: tcs3701: start power rail timer, state:3
         1704836214.719  1086  1254 I ASH     : @ 1007085.518: tcs3701: stop power rail pending_off timer
         1704836214.719  1086  1254 D ASH     : @ 1007085.518: tcs3701: start power rail timer, state:3
         1704836214.759  1086  1254 I ASH     : @ 1007085.558: tcs3701: stop power rail pending_off timer
         1704836214.759  1086  1254 D ASH     : @ 1007085.558: tcs3701: start power rail timer, state:3
         1704836214.799  1086  1254 I ASH     : @ 1007085.598: tcs3701: stop power rail pending_off timer
         1704836214.799  1086  1254 D ASH     : @ 1007085.599: tcs3701: start power rail timer, state:3
         1704836214.839  1086  1254 I ASH     : @ 1007085.638: tcs3701: stop power rail pending_off timer
         1704836214.839  1086  1254 D ASH     : @ 1007085.638: tcs3701: start power rail timer, state:3
         1704836214.880  1086  1254 I ASH     : @ 1007085.678: tcs3701: stop power rail pending_off timer
         1704836214.880  1086  1254 D ASH     : @ 1007085.678: tcs3701: start power rail timer, state:3
         1704836214.919  1086  1254 I ASH     : @ 1007085.718: tcs3701: stop power rail pending_off timer
         1704836214.919  1086  1254 D ASH     : @ 1007085.718: tcs3701: start power rail timer, state:3
         1704836214.959  1086  1254 I ASH     : @ 1007085.758: tcs3701: stop power rail pending_off timer
         1704836214.959  1086  1254 D ASH     : @ 1007085.758: tcs3701: start power rail timer, state:3
         1704836214.999  1086  1254 I ASH     : @ 1007085.798: tcs3701: stop power rail pending_off timer
         1704836214.999  1086  1254 D ASH     : @ 1007085.798: tcs3701: start power rail timer, state:3
         1704836215.039  1086  1254 I ASH     : @ 1007085.838: tcs3701: stop power rail pending_off timer
         1704836215.040  1086  1254 D ASH     : @ 1007085.838: tcs3701: start power rail timer, state:3
         1704836215.079  1086  1254 I ASH     : @ 1007085.878: tcs3701: stop power rail pending_off timer
         1704836215.079  1086  1254 D ASH     : @ 1007085.878: tcs3701: start power rail timer, state:3
         1704836215.119  1086  1254 I ASH     : @ 1007085.918: tcs3701: stop power rail pending_off timer
         1704836215.119  1086  1254 D ASH     : @ 1007085.918: tcs3701: start power rail timer, state:3
         1704836215.159  1086  1254 I ASH     : @ 1007085.958: tcs3701: stop power rail pending_off timer
         1704836215.159  1086  1254 D ASH     : @ 1007085.958: tcs3701: start power rail timer, state:3
         1704836215.199  1086  1254 I ASH     : @ 1007085.998: tcs3701: stop power rail pending_off timer
         1704836215.199  1086  1254 D ASH     : @ 1007085.998: tcs3701: start power rail timer, state:3
         1704836215.239  1086  1254 I ASH     : @ 1007086.038: tcs3701: stop power rail pending_off timer
         1704836215.239  1086  1254 D ASH     : @ 1007086.038: tcs3701: start power rail timer, state:3
         1704836215.279  1086  1254 I ASH     : @ 1007086.078: tcs3701: stop power rail pending_off timer
         1704836215.279  1086  1254 D ASH     : @ 1007086.078: tcs3701: start power rail timer, state:3
         1704836215.319  1086  1254 I ASH     : @ 1007086.118: tcs3701: stop power rail pending_off timer
         1704836215.319  1086  1254 D ASH     : @ 1007086.118: tcs3701: start power rail timer, state:3
         1704836215.359  1086  1254 I ASH     : @ 1007086.158: tcs3701: stop power rail pending_off timer
         1704836215.360  1086  1254 D ASH     : @ 1007086.158: tcs3701: start power rail timer, state:3
         1704836215.399  1086  1254 I ASH     : @ 1007086.198: tcs3701: stop power rail pending_off timer
         1704836215.399  1086  1254 D ASH     : @ 1007086.198: tcs3701: start power rail timer, state:3
         1704836215.439  1086  1254 I ASH     : @ 1007086.238: tcs3701: stop power rail pending_off timer
         1704836215.439  1086  1254 D ASH     : @ 1007086.238: tcs3701: start power rail timer, state:3
         1704836215.479  1086  1254 I ASH     : @ 1007086.278: tcs3701: stop power rail pending_off timer
         1704836215.479  1086  1254 D ASH     : @ 1007086.278: tcs3701: start power rail timer, state:3
         1704836215.519  1086  1254 I ASH     : @ 1007086.318: tcs3701: stop power rail pending_off timer
         1704836215.519  1086  1254 D ASH     : @ 1007086.318: tcs3701: start power rail timer, state:3
         1704836215.559  1086  1254 I ASH     : @ 1007086.358: tcs3701: stop power rail pending_off timer
         1704836215.559  1086  1254 D ASH     : @ 1007086.358: tcs3701: start power rail timer, state:3
         1704836215.599  1086  1254 I ASH     : @ 1007086.398: tcs3701: stop power rail pending_off timer
         1704836215.599  1086  1254 D ASH     : @ 1007086.398: tcs3701: start power rail timer, state:3
         1704836215.639  1086  1254 I ASH     : @ 1007086.438: tcs3701: stop power rail pending_off timer
         1704836215.639  1086  1254 D ASH     : @ 1007086.438: tcs3701: start power rail timer, state:3
         1704836215.679  1086  1254 I ASH     : @ 1007086.478: tcs3701: stop power rail pending_off timer
         1704836215.679  1086  1254 D ASH     : @ 1007086.478: tcs3701: start power rail timer, state:3
         1704836215.719  1086  1254 I ASH     : @ 1007086.518: tcs3701: stop power rail pending_off timer
         1704836215.719  1086  1254 D ASH     : @ 1007086.518: tcs3701: start power rail timer, state:3
         1704836215.759  1086  1254 I ASH     : @ 1007086.558: tcs3701: stop power rail pending_off timer
         1704836215.759  1086  1254 D ASH     : @ 1007086.558: tcs3701: start power rail timer, state:3
         1704836215.799  1086  1254 I ASH     : @ 1007086.598: tcs3701: stop power rail pending_off timer
         1704836215.799  1086  1254 D ASH     : @ 1007086.598: tcs3701: start power rail timer, state:3
         1704836215.839  1086  1254 I ASH     : @ 1007086.638: tcs3701: stop power rail pending_off timer
         1704836215.839  1086  1254 D ASH     : @ 1007086.638: tcs3701: start power rail timer, state:3
         1704836215.879  1086  1254 I ASH     : @ 1007086.678: tcs3701: stop power rail pending_off timer
         1704836215.879  1086  1254 D ASH     : @ 1007086.678: tcs3701: start power rail timer, state:3
         1704836215.919  1086  1254 I ASH     : @ 1007086.718: tcs3701: stop power rail pending_off timer
         1704836215.919  1086  1254 D ASH     : @ 1007086.718: tcs3701: start power rail timer, state:3
         1704836215.959  1086  1254 I ASH     : @ 1007086.758: tcs3701: stop power rail pending_off timer
         1704836215.959  1086  1254 D ASH     : @ 1007086.758: tcs3701: start power rail timer, state:3
         1704836215.999  1086  1254 I ASH     : @ 1007086.798: tcs3701: stop power rail pending_off timer
         1704836215.999  1086  1254 D ASH     : @ 1007086.798: tcs3701: start power rail timer, state:3
         1704836216.039  1086  1254 I ASH     : @ 1007086.838: tcs3701: stop power rail pending_off timer
         1704836216.039  1086  1254 D ASH     : @ 1007086.838: tcs3701: start power rail timer, state:3
         1704836216.079  1086  1254 I ASH     : @ 1007086.878: tcs3701: stop power rail pending_off timer
         1704836216.080  1086  1254 D ASH     : @ 1007086.878: tcs3701: start power rail timer, state:3
         1704836216.119  1086  1254 I ASH     : @ 1007086.918: tcs3701: stop power rail pending_off timer
         1704836216.119  1086  1254 D ASH     : @ 1007086.918: tcs3701: start power rail timer, state:3
         1704836216.159  1086  1254 I ASH     : @ 1007086.958: tcs3701: stop power rail pending_off timer
         1704836216.159  1086  1254 D ASH     : @ 1007086.958: tcs3701: start power rail timer, state:3
         1704836216.200  1086  1254 I ASH     : @ 1007086.998: tcs3701: stop power rail pending_off timer
         1704836216.200  1086  1254 D ASH     : @ 1007086.998: tcs3701: start power rail timer, state:3
         1704836216.239  1086  1254 I ASH     : @ 1007087.038: tcs3701: stop power rail pending_off timer
         1704836216.239  1086  1254 D ASH     : @ 1007087.039: tcs3701: start power rail timer, state:3
         1704836216.281  1086  1254 I ASH     : @ 1007087.078: tcs3701: stop power rail pending_off timer
         1704836216.281  1086  1254 D ASH     : @ 1007087.079: tcs3701: start power rail timer, state:3
         1704836216.321  1086  1254 I ASH     : @ 1007087.118: tcs3701: stop power rail pending_off timer
         1704836216.321  1086  1254 D ASH     : @ 1007087.119: tcs3701: start power rail timer, state:3
         1704836216.360  1086  1254 I ASH     : @ 1007087.158: tcs3701: stop power rail pending_off timer
         1704836216.360  1086  1254 D ASH     : @ 1007087.158: tcs3701: start power rail timer, state:3
         1704836216.401  1086  1254 I ASH     : @ 1007087.198: tcs3701: stop power rail pending_off timer
         1704836216.401  1086  1254 D ASH     : @ 1007087.198: tcs3701: start power rail timer, state:3
         1704836216.440  1086  1254 I ASH     : @ 1007087.238: tcs3701: stop power rail pending_off timer
         1704836216.440  1086  1254 D ASH     : @ 1007087.239: tcs3701: start power rail timer, state:3
         1704836216.479  1086  1254 I ASH     : @ 1007087.278: tcs3701: stop power rail pending_off timer
         1704836216.479  1086  1254 D ASH     : @ 1007087.278: tcs3701: start power rail timer, state:3
         1704836216.521  1086  1254 I ASH     : @ 1007087.318: tcs3701: stop power rail pending_off timer
         1704836216.521  1086  1254 D ASH     : @ 1007087.318: tcs3701: start power rail timer, state:3
         1704836216.560  1086  1254 I ASH     : @ 1007087.358: tcs3701: stop power rail pending_off timer
         1704836216.560  1086  1254 D ASH     : @ 1007087.358: tcs3701: start power rail timer, state:3
         1704836216.601  1086  1254 I ASH     : @ 1007087.398: tcs3701: stop power rail pending_off timer
         1704836216.601  1086  1254 D ASH     : @ 1007087.399: tcs3701: start power rail timer, state:3
         1704836216.641  1086  1254 I ASH     : @ 1007087.438: tcs3701: stop power rail pending_off timer
         1704836216.641  1086  1254 D ASH     : @ 1007087.438: tcs3701: start power rail timer, state:3
         1704836216.681  1086  1254 I ASH     : @ 1007087.478: tcs3701: stop power rail pending_off timer
         1704836216.681  1086  1254 D ASH     : @ 1007087.478: tcs3701: start power rail timer, state:3
         1704836216.721  1086  1254 I ASH     : @ 1007087.518: tcs3701: stop power rail pending_off timer
         1704836216.721  1086  1254 D ASH     : @ 1007087.518: tcs3701: start power rail timer, state:3
         1704836216.760  1086  1254 I ASH     : @ 1007087.558: tcs3701: stop power rail pending_off timer
         1704836216.760  1086  1254 D ASH     : @ 1007087.558: tcs3701: start power rail timer, state:3
         1704836216.801  1086  1254 I ASH     : @ 1007087.598: tcs3701: stop power rail pending_off timer
         1704836216.801  1086  1254 D ASH     : @ 1007087.599: tcs3701: start power rail timer, state:3
         1704836216.841  1086  1254 I ASH     : @ 1007087.638: tcs3701: stop power rail pending_off timer
         1704836216.841  1086  1254 D ASH     : @ 1007087.638: tcs3701: start power rail timer, state:3
         1704836216.880  1086  1254 I ASH     : @ 1007087.678: tcs3701: stop power rail pending_off timer
         1704836216.880  1086  1254 D ASH     : @ 1007087.678: tcs3701: start power rail timer, state:3
         1704836216.921  1086  1254 I ASH     : @ 1007087.718: tcs3701: stop power rail pending_off timer
         1704836216.921  1086  1254 D ASH     : @ 1007087.718: tcs3701: start power rail timer, state:3
         1704836216.960  1086  1254 I ASH     : @ 1007087.758: tcs3701: stop power rail pending_off timer
         1704836216.961  1086  1254 D ASH     : @ 1007087.759: tcs3701: start power rail timer, state:3
         1704836217.001  1086  1254 I ASH     : @ 1007087.798: tcs3701: stop power rail pending_off timer
         1704836217.001  1086  1254 D ASH     : @ 1007087.799: tcs3701: start power rail timer, state:3
         1704836217.040  1086  1254 I ASH     : @ 1007087.838: tcs3701: stop power rail pending_off timer
         1704836217.040  1086  1254 D ASH     : @ 1007087.838: tcs3701: start power rail timer, state:3
         1704836217.079  1086  1254 I ASH     : @ 1007087.878: tcs3701: stop power rail pending_off timer
         1704836217.079  1086  1254 D ASH     : @ 1007087.878: tcs3701: start power rail timer, state:3
         1704836217.120  1086  1254 I ASH     : @ 1007087.918: tcs3701: stop power rail pending_off timer
         1704836217.120  1086  1254 D ASH     : @ 1007087.918: tcs3701: start power rail timer, state:3
         1704836217.159  1086  1254 I ASH     : @ 1007087.958: tcs3701: stop power rail pending_off timer
         1704836217.159  1086  1254 D ASH     : @ 1007087.958: tcs3701: start power rail timer, state:3
         1704836217.199  1086  1254 I ASH     : @ 1007087.998: tcs3701: stop power rail pending_off timer
         1704836217.199  1086  1254 D ASH     : @ 1007087.998: tcs3701: start power rail timer, state:3
         1704836217.209  1799  1822 I dashscene: 240 frames over 240 vsyncs
         1704836217.239  1086  1254 I ASH     : @ 1007088.038: tcs3701: stop power rail pending_off timer
         1704836217.239  1086  1254 D ASH     : @ 1007088.038: tcs3701: start power rail timer, state:3
         1704836217.280  1086  1254 I ASH     : @ 1007088.078: tcs3701: stop power rail pending_off timer
         1704836217.280  1086  1254 D ASH     : @ 1007088.078: tcs3701: start power rail timer, state:3
         1704836217.319  1086  1254 I ASH     : @ 1007088.118: tcs3701: stop power rail pending_off timer
         1704836217.320  1086  1254 D ASH     : @ 1007088.118: tcs3701: start power rail timer, state:3
         1704836217.359  1086  1254 I ASH     : @ 1007088.158: tcs3701: stop power rail pending_off timer
         1704836217.359  1086  1254 D ASH     : @ 1007088.158: tcs3701: start power rail timer, state:3
         1704836217.399  1086  1254 I ASH     : @ 1007088.198: tcs3701: stop power rail pending_off timer
         1704836217.399  1086  1254 D ASH     : @ 1007088.198: tcs3701: start power rail timer, state:3
         1704836217.439  1086  1254 I ASH     : @ 1007088.238: tcs3701: stop power rail pending_off timer
         1704836217.439  1086  1254 D ASH     : @ 1007088.238: tcs3701: start power rail timer, state:3
         1704836217.479  1086  1254 I ASH     : @ 1007088.278: tcs3701: stop power rail pending_off timer
         1704836217.479  1086  1254 D ASH     : @ 1007088.278: tcs3701: start power rail timer, state:3
         1704836217.519  1086  1254 I ASH     : @ 1007088.318: tcs3701: stop power rail pending_off timer
         1704836217.519  1086  1254 D ASH     : @ 1007088.318: tcs3701: start power rail timer, state:3
         1704836217.559  1086  1254 I ASH     : @ 1007088.358: tcs3701: stop power rail pending_off timer
         1704836217.559  1086  1254 D ASH     : @ 1007088.358: tcs3701: start power rail timer, state:3
         1704836217.599  1086  1254 I ASH     : @ 1007088.398: tcs3701: stop power rail pending_off timer
         1704836217.599  1086  1254 D ASH     : @ 1007088.398: tcs3701: start power rail timer, state:3
         1704836217.639  1086  1254 I ASH     : @ 1007088.438: tcs3701: stop power rail pending_off timer
         1704836217.639  1086  1254 D ASH     : @ 1007088.439: tcs3701: start power rail timer, state:3
         1704836217.679  1086  1254 I ASH     : @ 1007088.478: tcs3701: stop power rail pending_off timer
         1704836217.679  1086  1254 D ASH     : @ 1007088.478: tcs3701: start power rail timer, state:3
         1704836217.719  1086  1254 I ASH     : @ 1007088.518: tcs3701: stop power rail pending_off timer
         1704836217.719  1086  1254 D ASH     : @ 1007088.518: tcs3701: start power rail timer, state:3
         1704836217.759  1086  1254 I ASH     : @ 1007088.558: tcs3701: stop power rail pending_off timer
         1704836217.759  1086  1254 D ASH     : @ 1007088.558: tcs3701: start power rail timer, state:3
         1704836217.799  1086  1254 I ASH     : @ 1007088.598: tcs3701: stop power rail pending_off timer
         1704836217.799  1086  1254 D ASH     : @ 1007088.598: tcs3701: start power rail timer, state:3
         1704836217.839  1086  1254 I ASH     : @ 1007088.638: tcs3701: stop power rail pending_off timer
         1704836217.839  1086  1254 D ASH     : @ 1007088.638: tcs3701: start power rail timer, state:3
         1704836217.880  1086  1254 I ASH     : @ 1007088.678: tcs3701: stop power rail pending_off timer
         1704836217.880  1086  1254 D ASH     : @ 1007088.678: tcs3701: start power rail timer, state:3
         1704836217.919  1086  1254 I ASH     : @ 1007088.718: tcs3701: stop power rail pending_off timer
         1704836217.919  1086  1254 D ASH     : @ 1007088.718: tcs3701: start power rail timer, state:3
         1704836217.959  1086  1254 I ASH     : @ 1007088.758: tcs3701: stop power rail pending_off timer
         1704836217.959  1086  1254 D ASH     : @ 1007088.758: tcs3701: start power rail timer, state:3
         1704836217.999  1086  1254 I ASH     : @ 1007088.798: tcs3701: stop power rail pending_off timer
         1704836217.999  1086  1254 D ASH     : @ 1007088.798: tcs3701: start power rail timer, state:3
         1704836218.030  1785  2388 D ActivityManager: freezing 32120 com.google.android.documentsui
         1704836218.039  1086  1254 I ASH     : @ 1007088.838: tcs3701: stop power rail pending_off timer
         1704836218.039  1086  1254 D ASH     : @ 1007088.838: tcs3701: start power rail timer, state:3
         1704836218.079  1086  1254 I ASH     : @ 1007088.878: tcs3701: stop power rail pending_off timer
         1704836218.079  1086  1254 D ASH     : @ 1007088.878: tcs3701: start power rail timer, state:3
         1704836218.119  1086  1254 I ASH     : @ 1007088.918: tcs3701: stop power rail pending_off timer
         1704836218.119  1086  1254 D ASH     : @ 1007088.918: tcs3701: start power rail timer, state:3
         1704836218.159  1086  1254 I ASH     : @ 1007088.958: tcs3701: stop power rail pending_off timer
         1704836218.159  1086  1254 D ASH     : @ 1007088.958: tcs3701: start power rail timer, state:3
         1704836218.173  1785  2388 D ActivityManager: freezing 21836 android.process.media
         1704836218.181  1785  2547 W FileUtils: Failed to chmod(AtomicFile[/data/system_de/0/system/game-manager-service.xml]): android.system.ErrnoException: chmod failed: ENOENT (No such file or directory)
         1704836218.199  1086  1254 I ASH     : @ 1007088.998: tcs3701: stop power rail pending_off timer
         1704836218.199  1086  1254 D ASH     : @ 1007088.998: tcs3701: start power rail timer, state:3
         1704836218.239  1086  1254 I ASH     : @ 1007089.038: tcs3701: stop power rail pending_off timer
         1704836218.239  1086  1254 D ASH     : @ 1007089.038: tcs3701: start power rail timer, state:3
         1704836218.279  1086  1254 I ASH     : @ 1007089.078: tcs3701: stop power rail pending_off timer
         1704836218.279  1086  1254 D ASH     : @ 1007089.078: tcs3701: start power rail timer, state:3
         1704836218.319  1086  1254 I ASH     : @ 1007089.118: tcs3701: stop power rail pending_off timer
         1704836218.319  1086  1254 D ASH     : @ 1007089.118: tcs3701: start power rail timer, state:3
         1704836218.359  1086  1254 I ASH     : @ 1007089.158: tcs3701: stop power rail pending_off timer
         1704836218.359  1086  1254 D ASH     : @ 1007089.158: tcs3701: start power rail timer, state:3
         1704836218.399  1086  1254 I ASH     : @ 1007089.198: tcs3701: stop power rail pending_off timer
         1704836218.399  1086  1254 D ASH     : @ 1007089.198: tcs3701: start power rail timer, state:3
         1704836218.439  1086  1254 I ASH     : @ 1007089.238: tcs3701: stop power rail pending_off timer
         1704836218.439  1086  1254 D ASH     : @ 1007089.239: tcs3701: start power rail timer, state:3
         1704836218.479  1086  1254 I ASH     : @ 1007089.278: tcs3701: stop power rail pending_off timer
         1704836218.479  1086  1254 D ASH     : @ 1007089.278: tcs3701: start power rail timer, state:3
         1704836218.519  1086  1254 I ASH     : @ 1007089.318: tcs3701: stop power rail pending_off timer
         1704836218.519  1086  1254 D ASH     : @ 1007089.318: tcs3701: start power rail timer, state:3
         1704836218.559  1086  1254 I ASH     : @ 1007089.358: tcs3701: stop power rail pending_off timer
         1704836218.559  1086  1254 D ASH     : @ 1007089.358: tcs3701: start power rail timer, state:3
         1704836218.599  1086  1254 I ASH     : @ 1007089.398: tcs3701: stop power rail pending_off timer
         1704836218.599  1086  1254 D ASH     : @ 1007089.398: tcs3701: start power rail timer, state:3
         1704836218.639  1086  1254 I ASH     : @ 1007089.438: tcs3701: stop power rail pending_off timer
         1704836218.639  1086  1254 D ASH     : @ 1007089.438: tcs3701: start power rail timer, state:3
         1704836218.679  1086  1254 I ASH     : @ 1007089.478: tcs3701: stop power rail pending_off timer
         1704836218.679  1086  1254 D ASH     : @ 1007089.478: tcs3701: start power rail timer, state:3
         1704836218.721  1086  1254 I ASH     : @ 1007089.518: tcs3701: stop power rail pending_off timer
         1704836218.721  1086  1254 D ASH     : @ 1007089.519: tcs3701: start power rail timer, state:3
         1704836218.761  1086  1254 I ASH     : @ 1007089.558: tcs3701: stop power rail pending_off timer
         1704836218.761  1086  1254 D ASH     : @ 1007089.559: tcs3701: start power rail timer, state:3
         1704836218.771  3552  3625 I PhenotypeProcessReaper: Memory state is: 300
         1704836218.799  1086  1254 I ASH     : @ 1007089.598: tcs3701: stop power rail pending_off timer
         1704836218.800  1086  1254 D ASH     : @ 1007089.598: tcs3701: start power rail timer, state:3
         1704836218.839  1086  1254 I ASH     : @ 1007089.638: tcs3701: stop power rail pending_off timer
         1704836218.840  1086  1254 D ASH     : @ 1007089.638: tcs3701: start power rail timer, state:3
         1704836218.879  1086  1254 I ASH     : @ 1007089.678: tcs3701: stop power rail pending_off timer
         1704836218.879  1086  1254 D ASH     : @ 1007089.678: tcs3701: start power rail timer, state:3
         1704836218.921  1086  1254 I ASH     : @ 1007089.718: tcs3701: stop power rail pending_off timer
         1704836218.921  1086  1254 D ASH     : @ 1007089.718: tcs3701: start power rail timer, state:3
         1704836218.960  1086  1254 I ASH     : @ 1007089.758: tcs3701: stop power rail pending_off timer
         1704836218.960  1086  1254 D ASH     : @ 1007089.759: tcs3701: start power rail timer, state:3
         1704836219.000  1086  1254 I ASH     : @ 1007089.798: tcs3701: stop power rail pending_off timer
         1704836219.000  1086  1254 D ASH     : @ 1007089.799: tcs3701: start power rail timer, state:3
         1704836219.041  1086  1254 I ASH     : @ 1007089.838: tcs3701: stop power rail pending_off timer
         1704836219.041  1086  1254 D ASH     : @ 1007089.838: tcs3701: start power rail timer, state:3
         1704836219.079  1086  1254 I ASH     : @ 1007089.878: tcs3701: stop power rail pending_off timer
         1704836219.080  1086  1254 D ASH     : @ 1007089.879: tcs3701: start power rail timer, state:3
         1704836219.121  1086  1254 I ASH     : @ 1007089.918: tcs3701: stop power rail pending_off timer
         1704836219.121  1086  1254 D ASH     : @ 1007089.919: tcs3701: start power rail timer, state:3
         1704836219.161  1086  1254 I ASH     : @ 1007089.958: tcs3701: stop power rail pending_off timer
         1704836219.161  1086  1254 D ASH     : @ 1007089.959: tcs3701: start power rail timer, state:3
         1704836219.201  1086  1254 I ASH     : @ 1007089.998: tcs3701: stop power rail pending_off timer
         1704836219.201  1086  1254 D ASH     : @ 1007089.999: tcs3701: start power rail timer, state:3
         1704836219.241  1086  1254 I ASH     : @ 1007090.038: tcs3701: stop power rail pending_off timer
         1704836219.241  1086  1254 D ASH     : @ 1007090.038: tcs3701: start power rail timer, state:3
         1704836219.279  1086  1254 I ASH     : @ 1007090.078: tcs3701: stop power rail pending_off timer
         1704836219.280  1086  1254 D ASH     : @ 1007090.079: tcs3701: start power rail timer, state:3
         1704836219.321  1086  1254 I ASH     : @ 1007090.118: tcs3701: stop power rail pending_off timer
         1704836219.321  1086  1254 D ASH     : @ 1007090.119: tcs3701: start power rail timer, state:3
         1704836219.361  1086  1254 I ASH     : @ 1007090.158: tcs3701: stop power rail pending_off timer
         1704836219.361  1086  1254 D ASH     : @ 1007090.159: tcs3701: start power rail timer, state:3
         1704836219.401  1086  1254 I ASH     : @ 1007090.198: tcs3701: stop power rail pending_off timer
         1704836219.401  1086  1254 D ASH     : @ 1007090.198: tcs3701: start power rail timer, state:3
         1704836219.441  1086  1254 I ASH     : @ 1007090.238: tcs3701: stop power rail pending_off timer
         1704836219.441  1086  1254 D ASH     : @ 1007090.239: tcs3701: start power rail timer, state:3
         1704836219.480  1086  1254 I ASH     : @ 1007090.278: tcs3701: stop power rail pending_off timer
         1704836219.480  1086  1254 D ASH     : @ 1007090.278: tcs3701: start power rail timer, state:3
         1704836219.520  1086  1254 I ASH     : @ 1007090.318: tcs3701: stop power rail pending_off timer
         1704836219.520  1086  1254 D ASH     : @ 1007090.319: tcs3701: start power rail timer, state:3
         1704836219.560  1086  1254 I ASH     : @ 1007090.358: tcs3701: stop power rail pending_off timer
         1704836219.560  1086  1254 D ASH     : @ 1007090.359: tcs3701: start power rail timer, state:3
         1704836219.599  1086  1254 I ASH     : @ 1007090.398: tcs3701: stop power rail pending_off timer
         1704836219.599  1086  1254 D ASH     : @ 1007090.398: tcs3701: start power rail timer, state:3
         1704836219.639  1086  1254 I ASH     : @ 1007090.438: tcs3701: stop power rail pending_off timer
         1704836219.639  1086  1254 D ASH     : @ 1007090.439: tcs3701: start power rail timer, state:3
         1704836219.679  1086  1254 I ASH     : @ 1007090.478: tcs3701: stop power rail pending_off timer
         1704836219.679  1086  1254 D ASH     : @ 1007090.478: tcs3701: start power rail timer, state:3
         1704836219.719  1086  1254 I ASH     : @ 1007090.518: tcs3701: stop power rail pending_off timer
         1704836219.719  1086  1254 D ASH     : @ 1007090.518: tcs3701: start power rail timer, state:3
         1704836219.759  1086  1254 I ASH     : @ 1007090.558: tcs3701: stop power rail pending_off timer
         1704836219.759  1086  1254 D ASH     : @ 1007090.558: tcs3701: start power rail timer, state:3
         1704836219.799  1086  1254 I ASH     : @ 1007090.598: tcs3701: stop power rail pending_off timer
         1704836219.800  1086  1254 D ASH     : @ 1007090.598: tcs3701: start power rail timer, state:3
         1704836219.839  1086  1254 I ASH     : @ 1007090.638: tcs3701: stop power rail pending_off timer
         1704836219.839  1086  1254 D ASH     : @ 1007090.638: tcs3701: start power rail timer, state:3
         1704836219.879  1086  1254 I ASH     : @ 1007090.678: tcs3701: stop power rail pending_off timer
         1704836219.879  1086  1254 D ASH     : @ 1007090.678: tcs3701: start power rail timer, state:3
         1704836219.919  1086  1254 I ASH     : @ 1007090.718: tcs3701: stop power rail pending_off timer
         1704836219.919  1086  1254 D ASH     : @ 1007090.718: tcs3701: start power rail timer, state:3
         1704836219.959  1086  1254 I ASH     : @ 1007090.758: tcs3701: stop power rail pending_off timer
         1704836219.959  1086  1254 D ASH     : @ 1007090.758: tcs3701: start power rail timer, state:3
         1704836219.999  1086  1254 I ASH     : @ 1007090.798: tcs3701: stop power rail pending_off timer
         1704836219.999  1086  1254 D ASH     : @ 1007090.798: tcs3701: start power rail timer, state:3
         1704836220.006  3591  3823 I AiAiEcho: Predicting[0]: 
         1704836220.006  3591  3823 I AiAiEcho: EchoTargets: 
         1704836220.006  3591  3823 I AiAiEcho: Filtered by AiAi flag check: 
         1704836220.007  3591  3823 I AiAiEcho: Ranked targets strategy: SORT, count: 0, ranking metadata: 
         1704836220.008  3591  3823 I AiAiEcho: #postPredictionTargets: Sending updates to UISurface lockscreen with targets# 0 (types=[])
         1704836220.026  2565  2565 W PageIndicator: Total number of pages invalid: 0. Assuming 1 page.
         1704836220.039  1086  1254 I ASH     : @ 1007090.838: tcs3701: stop power rail pending_off timer
         1704836220.039  1086  1254 D ASH     : @ 1007090.839: tcs3701: start power rail timer, state:3
         1704836220.079  1086  1254 I ASH     : @ 1007090.878: tcs3701: stop power rail pending_off timer
         1704836220.079  1086  1254 D ASH     : @ 1007090.878: tcs3701: start power rail timer, state:3
         1704836220.119  1086  1254 I ASH     : @ 1007090.918: tcs3701: stop power rail pending_off timer
         1704836220.119  1086  1254 D ASH     : @ 1007090.918: tcs3701: start power rail timer, state:3
         1704836220.159  1086  1254 I ASH     : @ 1007090.958: tcs3701: stop power rail pending_off timer
         1704836220.159  1086  1254 D ASH     : @ 1007090.958: tcs3701: start power rail timer, state:3
         1704836220.199  1086  1254 I ASH     : @ 1007090.998: tcs3701: stop power rail pending_off timer
         1704836220.199  1086  1254 D ASH     : @ 1007090.998: tcs3701: start power rail timer, state:3
         1704836220.239  1086  1254 I ASH     : @ 1007091.038: tcs3701: stop power rail pending_off timer
         1704836220.239  1086  1254 D ASH     : @ 1007091.038: tcs3701: start power rail timer, state:3
         1704836220.279  1086  1254 I ASH     : @ 1007091.078: tcs3701: stop power rail pending_off timer
         1704836220.279  1086  1254 D ASH     : @ 1007091.078: tcs3701: start power rail timer, state:3
         1704836220.319  1086  1254 I ASH     : @ 1007091.118: tcs3701: stop power rail pending_off timer
         1704836220.319  1086  1254 D ASH     : @ 1007091.118: tcs3701: start power rail timer, state:3
         1704836220.359  1086  1254 I ASH     : @ 1007091.158: tcs3701: stop power rail pending_off timer
         1704836220.359  1086  1254 D ASH     : @ 1007091.158: tcs3701: start power rail timer, state:3
         1704836220.399  1086  1254 I ASH     : @ 1007091.198: tcs3701: stop power rail pending_off timer
         1704836220.399  1086  1254 D ASH     : @ 1007091.198: tcs3701: start power rail timer, state:3
         1704836220.439  1086  1254 I ASH     : @ 1007091.238: tcs3701: stop power rail pending_off timer
         1704836220.439  1086  1254 D ASH     : @ 1007091.238: tcs3701: start power rail timer, state:3
         1704836220.479  1086  1254 I ASH     : @ 1007091.278: tcs3701: stop power rail pending_off timer
         1704836220.479  1086  1254 D ASH     : @ 1007091.278: tcs3701: start power rail timer, state:3
         1704836220.519  1086  1254 I ASH     : @ 1007091.318: tcs3701: stop power rail pending_off timer
         1704836220.519  1086  1254 D ASH     : @ 1007091.318: tcs3701: start power rail timer, state:3
         1704836220.559  1086  1254 I ASH     : @ 1007091.358: tcs3701: stop power rail pending_off timer
         1704836220.559  1086  1254 D ASH     : @ 1007091.358: tcs3701: start power rail timer, state:3
         1704836220.599  1086  1254 I ASH     : @ 1007091.398: tcs3701: stop power rail pending_off timer
         1704836220.599  1086  1254 D ASH     : @ 1007091.399: tcs3701: start power rail timer, state:3
         1704836220.639  1086  1254 I ASH     : @ 1007091.438: tcs3701: stop power rail pending_off timer
         1704836220.639  1086  1254 D ASH     : @ 1007091.438: tcs3701: start power rail timer, state:3
         1704836220.679  1086  1254 I ASH     : @ 1007091.478: tcs3701: stop power rail pending_off timer
         1704836220.679  1086  1254 D ASH     : @ 1007091.478: tcs3701: start power rail timer, state:3
         1704836220.719  1086  1254 I ASH     : @ 1007091.518: tcs3701: stop power rail pending_off timer
         1704836220.720  1086  1254 D ASH     : @ 1007091.518: tcs3701: start power rail timer, state:3
         1704836220.759  1086  1254 I ASH     : @ 1007091.558: tcs3701: stop power rail pending_off timer
         1704836220.759  1086  1254 D ASH     : @ 1007091.558: tcs3701: start power rail timer, state:3
         1704836220.799  1086  1254 I ASH     : @ 1007091.598: tcs3701: stop power rail pending_off timer
         1704836220.800  1086  1254 D ASH     : @ 1007091.599: tcs3701: start power rail timer, state:3
         1704836220.839  1086  1254 I ASH     : @ 1007091.638: tcs3701: stop power rail pending_off timer
         1704836220.839  1086  1254 D ASH     : @ 1007091.638: tcs3701: start power rail timer, state:3
         1704836220.879  1086  1254 I ASH     : @ 1007091.678: tcs3701: stop power rail pending_off timer
         1704836220.879  1086  1254 D ASH     : @ 1007091.678: tcs3701: start power rail timer, state:3
         1704836220.919  1086  1254 I ASH     : @ 1007091.718: tcs3701: stop power rail pending_off timer
         1704836220.919  1086  1254 D ASH     : @ 1007091.718: tcs3701: start power rail timer, state:3
         1704836220.959  1086  1254 I ASH     : @ 1007091.758: tcs3701: stop power rail pending_off timer
         1704836220.959  1086  1254 D ASH     : @ 1007091.758: tcs3701: start power rail timer, state:3
         1704836220.999  1086  1254 I ASH     : @ 1007091.798: tcs3701: stop power rail pending_off timer
         1704836220.999  1086  1254 D ASH     : @ 1007091.798: tcs3701: start power rail timer, state:3
         1704836221.039  1086  1254 I ASH     : @ 1007091.838: tcs3701: stop power rail pending_off timer
         1704836221.039  1086  1254 D ASH     : @ 1007091.838: tcs3701: start power rail timer, state:3
         1704836221.079  1086  1254 I ASH     : @ 1007091.878: tcs3701: stop power rail pending_off timer
         1704836221.079  1086  1254 D ASH     : @ 1007091.878: tcs3701: start power rail timer, state:3
         1704836221.119  1086  1254 I ASH     : @ 1007091.918: tcs3701: stop power rail pending_off timer
         1704836221.119  1086  1254 D ASH     : @ 1007091.918: tcs3701: start power rail timer, state:3
         1704836221.159  1086  1254 I ASH     : @ 1007091.958: tcs3701: stop power rail pending_off timer
         1704836221.159  1086  1254 D ASH     : @ 1007091.958: tcs3701: start power rail timer, state:3
         1704836221.199  1086  1254 I ASH     : @ 1007091.998: tcs3701: stop power rail pending_off timer
         1704836221.200  1086  1254 D ASH     : @ 1007091.998: tcs3701: start power rail timer, state:3
         1704836221.241  1086  1254 I ASH     : @ 1007092.038: tcs3701: stop power rail pending_off timer
         1704836221.241  1086  1254 D ASH     : @ 1007092.039: tcs3701: start power rail timer, state:3
         1704836221.280  1086  1254 I ASH     : @ 1007092.078: tcs3701: stop power rail pending_off timer
         1704836221.280  1086  1254 D ASH     : @ 1007092.079: tcs3701: start power rail timer, state:3
         1704836221.321  1086  1254 I ASH     : @ 1007092.118: tcs3701: stop power rail pending_off timer
         1704836221.321  1086  1254 D ASH     : @ 1007092.118: tcs3701: start power rail timer, state:3
         1704836221.361  1086  1254 I ASH     : @ 1007092.158: tcs3701: stop power rail pending_off timer
         1704836221.361  1086  1254 D ASH     : @ 1007092.159: tcs3701: start power rail timer, state:3
         1704836221.378   653  1667 I keystore2: system/security/keystore2/src/watchdog.rs:319 - Watchdog thread idle -> terminating. Have a great day.
         1704836221.400  1086  1254 I ASH     : @ 1007092.198: tcs3701: stop power rail pending_off timer
         1704836221.400  1086  1254 D ASH     : @ 1007092.198: tcs3701: start power rail timer, state:3
         1704836221.440  1086  1254 I ASH     : @ 1007092.238: tcs3701: stop power rail pending_off timer
         1704836221.440  1086  1254 D ASH     : @ 1007092.239: tcs3701: start power rail timer, state:3
         1704836221.479  1086  1254 I ASH     : @ 1007092.278: tcs3701: stop power rail pending_off timer
         1704836221.479  1086  1254 D ASH     : @ 1007092.279: tcs3701: start power rail timer, state:3
         1704836221.521  1086  1254 I ASH     : @ 1007092.318: tcs3701: stop power rail pending_off timer
         1704836221.521  1086  1254 D ASH     : @ 1007092.318: tcs3701: start power rail timer, state:3
         1704836221.561  1086  1254 I ASH     : @ 1007092.358: tcs3701: stop power rail pending_off timer
         1704836221.561  1086  1254 D ASH     : @ 1007092.359: tcs3701: start power rail timer, state:3
         1704836221.600  1086  1254 I ASH     : @ 1007092.398: tcs3701: stop power rail pending_off timer
         1704836221.600  1086  1254 D ASH     : @ 1007092.398: tcs3701: start power rail timer, state:3
         1704836221.641  1086  1254 I ASH     : @ 1007092.438: tcs3701: stop power rail pending_off timer
         1704836221.641  1086  1254 D ASH     : @ 1007092.439: tcs3701: start power rail timer, state:3
         1704836221.680  1086  1254 I ASH     : @ 1007092.478: tcs3701: stop power rail pending_off timer
         1704836221.681  1086  1254 D ASH     : @ 1007092.478: tcs3701: start power rail timer, state:3
         1704836221.721  1086  1254 I ASH     : @ 1007092.518: tcs3701: stop power rail pending_off timer
         1704836221.721  1086  1254 D ASH     : @ 1007092.518: tcs3701: start power rail timer, state:3
         1704836221.761  1086  1254 I ASH     : @ 1007092.558: tcs3701: stop power rail pending_off timer
         1704836221.761  1086  1254 D ASH     : @ 1007092.559: tcs3701: start power rail timer, state:3
         1704836221.800  1086  1254 I ASH     : @ 1007092.598: tcs3701: stop power rail pending_off timer
         1704836221.800  1086  1254 D ASH     : @ 1007092.598: tcs3701: start power rail timer, state:3
         1704836221.841  1086  1254 I ASH     : @ 1007092.638: tcs3701: stop power rail pending_off timer
         1704836221.841  1086  1254 D ASH     : @ 1007092.639: tcs3701: start power rail timer, state:3
         1704836221.881  1086  1254 I ASH     : @ 1007092.678: tcs3701: stop power rail pending_off timer
         1704836221.881  1086  1254 D ASH     : @ 1007092.678: tcs3701: start power rail timer, state:3
         1704836221.921  1086  1254 I ASH     : @ 1007092.718: tcs3701: stop power rail pending_off timer
         1704836221.921  1086  1254 D ASH     : @ 1007092.719: tcs3701: start power rail timer, state:3
         1704836221.960  1086  1254 I ASH     : @ 1007092.758: tcs3701: stop power rail pending_off timer
         1704836221.960  1086  1254 D ASH     : @ 1007092.758: tcs3701: start power rail timer, state:3
         1704836222.000  1086  1254 I ASH     : @ 1007092.798: tcs3701: stop power rail pending_off timer
         1704836222.000  1086  1254 D ASH     : @ 1007092.798: tcs3701: start power rail timer, state:3
         1704836222.039  1086  1254 I ASH     : @ 1007092.838: tcs3701: stop power rail pending_off timer
         1704836222.040  1086  1254 D ASH     : @ 1007092.839: tcs3701: start power rail timer, state:3
         1704836222.079  1086  1254 I ASH     : @ 1007092.878: tcs3701: stop power rail pending_off timer
         1704836222.079  1086  1254 D ASH     : @ 1007092.878: tcs3701: start power rail timer, state:3
         1704836222.120  1086  1254 I ASH     : @ 1007092.918: tcs3701: stop power rail pending_off timer
         1704836222.120  1086  1254 D ASH     : @ 1007092.918: tcs3701: start power rail timer, state:3
         1704836222.159  1086  1254 I ASH     : @ 1007092.958: tcs3701: stop power rail pending_off timer
         1704836222.160  1086  1254 D ASH     : @ 1007092.958: tcs3701: start power rail timer, state:3
         1704836222.200  1086  1254 I ASH     : @ 1007092.998: tcs3701: stop power rail pending_off timer
         1704836222.200  1086  1254 D ASH     : @ 1007092.998: tcs3701: start power rail timer, state:3
         1704836222.239  1086  1254 I ASH     : @ 1007093.038: tcs3701: stop power rail pending_off timer
         1704836222.239  1086  1254 D ASH     : @ 1007093.038: tcs3701: start power rail timer, state:3
         1704836222.279  1086  1254 I ASH     : @ 1007093.078: tcs3701: stop power rail pending_off timer
         1704836222.279  1086  1254 D ASH     : @ 1007093.078: tcs3701: start power rail timer, state:3
         1704836222.319  1086  1254 I ASH     : @ 1007093.118: tcs3701: stop power rail pending_off timer
         1704836222.319  1086  1254 D ASH     : @ 1007093.118: tcs3701: start power rail timer, state:3
         1704836222.359  1086  1254 I ASH     : @ 1007093.158: tcs3701: stop power rail pending_off timer
         1704836222.360  1086  1254 D ASH     : @ 1007093.158: tcs3701: start power rail timer, state:3
         1704836222.399  1086  1254 I ASH     : @ 1007093.198: tcs3701: stop power rail pending_off timer
         1704836222.399  1086  1254 D ASH     : @ 1007093.198: tcs3701: start power rail timer, state:3
         1704836222.439  1086  1254 I ASH     : @ 1007093.238: tcs3701: stop power rail pending_off timer
         1704836222.439  1086  1254 D ASH     : @ 1007093.238: tcs3701: start power rail timer, state:3
         1704836222.479  1086  1254 I ASH     : @ 1007093.278: tcs3701: stop power rail pending_off timer
         1704836222.479  1086  1254 D ASH     : @ 1007093.278: tcs3701: start power rail timer, state:3
         1704836222.519  1086  1254 I ASH     : @ 1007093.318: tcs3701: stop power rail pending_off timer
         1704836222.519  1086  1254 D ASH     : @ 1007093.318: tcs3701: start power rail timer, state:3
         1704836222.559  1086  1254 I ASH     : @ 1007093.358: tcs3701: stop power rail pending_off timer
         1704836222.559  1086  1254 D ASH     : @ 1007093.358: tcs3701: start power rail timer, state:3
         1704836222.599  1086  1254 I ASH     : @ 1007093.398: tcs3701: stop power rail pending_off timer
         1704836222.599  1086  1254 D ASH     : @ 1007093.398: tcs3701: start power rail timer, state:3
         1704836222.639  1086  1254 I ASH     : @ 1007093.438: tcs3701: stop power rail pending_off timer
         1704836222.639  1086  1254 D ASH     : @ 1007093.438: tcs3701: start power rail timer, state:3
         1704836222.679  1086  1254 I ASH     : @ 1007093.478: tcs3701: stop power rail pending_off timer
         1704836222.679  1086  1254 D ASH     : @ 1007093.478: tcs3701: start power rail timer, state:3
         1704836222.719  1086  1254 I ASH     : @ 1007093.518: tcs3701: stop power rail pending_off timer
         1704836222.719  1086  1254 D ASH     : @ 1007093.518: tcs3701: start power rail timer, state:3
         1704836222.759  1086  1254 I ASH     : @ 1007093.558: tcs3701: stop power rail pending_off timer
         1704836222.760  1086  1254 D ASH     : @ 1007093.558: tcs3701: start power rail timer, state:3
         1704836222.799  1086  1254 I ASH     : @ 1007093.598: tcs3701: stop power rail pending_off timer
         1704836222.799  1086  1254 D ASH     : @ 1007093.599: tcs3701: start power rail timer, state:3
         1704836222.839  1086  1254 I ASH     : @ 1007093.638: tcs3701: stop power rail pending_off timer
         1704836222.839  1086  1254 D ASH     : @ 1007093.638: tcs3701: start power rail timer, state:3
         1704836222.879  1086  1254 I ASH     : @ 1007093.678: tcs3701: stop power rail pending_off timer
         1704836222.879  1086  1254 D ASH     : @ 1007093.678: tcs3701: start power rail timer, state:3
         1704836222.919  1086  1254 I ASH     : @ 1007093.718: tcs3701: stop power rail pending_off timer
         1704836222.919  1086  1254 D ASH     : @ 1007093.718: tcs3701: start power rail timer, state:3
         1704836222.959  1086  1254 I ASH     : @ 1007093.758: tcs3701: stop power rail pending_off timer
         1704836222.960  1086  1254 D ASH     : @ 1007093.758: tcs3701: start power rail timer, state:3
         1704836222.999  1086  1254 I ASH     : @ 1007093.798: tcs3701: stop power rail pending_off timer
         1704836222.999  1086  1254 D ASH     : @ 1007093.798: tcs3701: start power rail timer, state:3
         1704836223.039  1086  1254 I ASH     : @ 1007093.838: tcs3701: stop power rail pending_off timer
         1704836223.039  1086  1254 D ASH     : @ 1007093.838: tcs3701: start power rail timer, state:3
         1704836223.079  1086  1254 I ASH     : @ 1007093.878: tcs3701: stop power rail pending_off timer
         1704836223.079  1086  1254 D ASH     : @ 1007093.878: tcs3701: start power rail timer, state:3
         1704836223.119  1086  1254 I ASH     : @ 1007093.918: tcs3701: stop power rail pending_off timer
         1704836223.119  1086  1254 D ASH     : @ 1007093.918: tcs3701: start power rail timer, state:3
         1704836223.159  1086  1254 I ASH     : @ 1007093.958: tcs3701: stop power rail pending_off timer
         1704836223.159  1086  1254 D ASH     : @ 1007093.958: tcs3701: start power rail timer, state:3
         1704836223.199  1086  1254 I ASH     : @ 1007093.998: tcs3701: stop power rail pending_off timer
         1704836223.199  1086  1254 D ASH     : @ 1007093.998: tcs3701: start power rail timer, state:3
         1704836223.239  1086  1254 I ASH     : @ 1007094.038: tcs3701: stop power rail pending_off timer
         1704836223.239  1086  1254 D ASH     : @ 1007094.038: tcs3701: start power rail timer, state:3
         1704836223.279  1086  1254 I ASH     : @ 1007094.078: tcs3701: stop power rail pending_off timer
         1704836223.279  1086  1254 D ASH     : @ 1007094.078: tcs3701: start power rail timer, state:3
         1704836223.319  1086  1254 I ASH     : @ 1007094.118: tcs3701: stop power rail pending_off timer
         1704836223.319  1086  1254 D ASH     : @ 1007094.118: tcs3701: start power rail timer, state:3
         1704836223.359  1086  1254 I ASH     : @ 1007094.158: tcs3701: stop power rail pending_off timer
         1704836223.359  1086  1254 D ASH     : @ 1007094.158: tcs3701: start power rail timer, state:3
         1704836223.399  1086  1254 I ASH     : @ 1007094.198: tcs3701: stop power rail pending_off timer
         1704836223.399  1086  1254 D ASH     : @ 1007094.198: tcs3701: start power rail timer, state:3
         1704836223.439  1086  1254 I ASH     : @ 1007094.238: tcs3701: stop power rail pending_off timer
         1704836223.439  1086  1254 D ASH     : @ 1007094.238: tcs3701: start power rail timer, state:3
         1704836223.479  1086  1254 I ASH     : @ 1007094.278: tcs3701: stop power rail pending_off timer
         1704836223.479  1086  1254 D ASH     : @ 1007094.278: tcs3701: start power rail timer, state:3
         1704836223.519  1086  1254 I ASH     : @ 1007094.318: tcs3701: stop power rail pending_off timer
         1704836223.519  1086  1254 D ASH     : @ 1007094.318: tcs3701: start power rail timer, state:3
         1704836223.526  1799  1822 I dashscene: 480 frames over 480 vsyncs
         1704836223.559  1086  1254 I ASH     : @ 1007094.358: tcs3701: stop power rail pending_off timer
         1704836223.560  1086  1254 D ASH     : @ 1007094.358: tcs3701: start power rail timer, state:3
         1704836223.599  1086  1254 I ASH     : @ 1007094.398: tcs3701: stop power rail pending_off timer
         1704836223.599  1086  1254 D ASH     : @ 1007094.398: tcs3701: start power rail timer, state:3
         1704836223.639  1086  1254 I ASH     : @ 1007094.438: tcs3701: stop power rail pending_off timer
         1704836223.639  1086  1254 D ASH     : @ 1007094.439: tcs3701: start power rail timer, state:3
         1704836223.679  1086  1254 I ASH     : @ 1007094.478: tcs3701: stop power rail pending_off timer
         1704836223.679  1086  1254 D ASH     : @ 1007094.478: tcs3701: start power rail timer, state:3
         1704836223.720  1086  1254 I ASH     : @ 1007094.518: tcs3701: stop power rail pending_off timer
         1704836223.720  1086  1254 D ASH     : @ 1007094.518: tcs3701: start power rail timer, state:3
         1704836223.761  1086  1254 I ASH     : @ 1007094.558: tcs3701: stop power rail pending_off timer
         1704836223.761  1086  1254 D ASH     : @ 1007094.559: tcs3701: start power rail timer, state:3
         1704836223.800  1086  1254 I ASH     : @ 1007094.598: tcs3701: stop power rail pending_off timer
         1704836223.800  1086  1254 D ASH     : @ 1007094.598: tcs3701: start power rail timer, state:3
         1704836223.841  1086  1254 I ASH     : @ 1007094.638: tcs3701: stop power rail pending_off timer
         1704836223.841  1086  1254 D ASH     : @ 1007094.638: tcs3701: start power rail timer, state:3
         1704836223.881  1086  1254 I ASH     : @ 1007094.678: tcs3701: stop power rail pending_off timer
         1704836223.881  1086  1254 D ASH     : @ 1007094.678: tcs3701: start power rail timer, state:3
         1704836223.921  1086  1254 I ASH     : @ 1007094.718: tcs3701: stop power rail pending_off timer
         1704836223.921  1086  1254 D ASH     : @ 1007094.719: tcs3701: start power rail timer, state:3
         1704836223.961  1086  1254 I ASH     : @ 1007094.758: tcs3701: stop power rail pending_off timer
         1704836223.961  1086  1254 D ASH     : @ 1007094.759: tcs3701: start power rail timer, state:3
         1704836224.000  1086  1254 I ASH     : @ 1007094.798: tcs3701: stop power rail pending_off timer
         1704836224.000  1086  1254 D ASH     : @ 1007094.798: tcs3701: start power rail timer, state:3
         1704836224.039  1086  1254 I ASH     : @ 1007094.838: tcs3701: stop power rail pending_off timer
         1704836224.039  1086  1254 D ASH     : @ 1007094.838: tcs3701: start power rail timer, state:3
         1704836224.080  1086  1254 I ASH     : @ 1007094.878: tcs3701: stop power rail pending_off timer
         1704836224.080  1086  1254 D ASH     : @ 1007094.878: tcs3701: start power rail timer, state:3
         1704836224.119  1086  1254 I ASH     : @ 1007094.918: tcs3701: stop power rail pending_off timer
         1704836224.119  1086  1254 D ASH     : @ 1007094.918: tcs3701: start power rail timer, state:3
         1704836224.148  1785  3761 W ProcessStats: Tracking association SourceState{d842448 com.google.android.gms.persistent/10162 BFgs #34148} whose proc state 4 is better than process ProcessState{33c5977 com.google.android.gms/10162 pkg=com.google.android.gms} proc state 8 (225 skipped)
         1704836224.161  1086  1254 I ASH     : @ 1007094.958: tcs3701: stop power rail pending_off timer
         1704836224.161  1086  1254 D ASH     : @ 1007094.958: tcs3701: start power rail timer, state:3
         1704836224.185  3878  3878 D BoundBrokerSvc: onUnbind: Intent { act=com.google.android.gms.feedback.internal.IFeedbackService dat=chimera-action:/... cmp=com.google.android.gms/.chimera.GmsBoundBrokerService }
         1704836224.191  3263  3263 D BoundBrokerSvc: onUnbind: Intent { act=com.google.android.gms.icing.LIGHTWEIGHT_INDEX_SERVICE dat=chimera-action:/... cmp=com.google.android.gms/.chimera.PersistentApiService }
         1704836224.199  1086  1254 I ASH     : @ 1007094.998: tcs3701: stop power rail pending_off timer
         1704836224.199  1086  1254 D ASH     : @ 1007094.998: tcs3701: start power rail timer, state:3
         1704836224.241  1086  1254 I ASH     : @ 1007095.038: tcs3701: stop power rail pending_off timer
         1704836224.241  1086  1254 D ASH     : @ 1007095.038: tcs3701: start power rail timer, state:3
         1704836224.281  1086  1254 I ASH     : @ 1007095.078: tcs3701: stop power rail pending_off timer
         1704836224.281  1086  1254 D ASH     : @ 1007095.078: tcs3701: start power rail timer, state:3
         1704836224.321  1086  1254 I ASH     : @ 1007095.118: tcs3701: stop power rail pending_off timer
         1704836224.321  1086  1254 D ASH     : @ 1007095.119: tcs3701: start power rail timer, state:3
         1704836224.361  1086  1254 I ASH     : @ 1007095.158: tcs3701: stop power rail pending_off timer
         1704836224.361  1086  1254 D ASH     : @ 1007095.158: tcs3701: start power rail timer, state:3
         1704836224.400  1086  1254 I ASH     : @ 1007095.198: tcs3701: stop power rail pending_off timer
         1704836224.400  1086  1254 D ASH     : @ 1007095.198: tcs3701: start power rail timer, state:3
         1704836224.441  1086  1254 I ASH     : @ 1007095.238: tcs3701: stop power rail pending_off timer
         1704836224.441  1086  1254 D ASH     : @ 1007095.238: tcs3701: start power rail timer, state:3
         1704836224.481  1086  1254 I ASH     : @ 1007095.278: tcs3701: stop power rail pending_off timer
         1704836224.481  1086  1254 D ASH     : @ 1007095.279: tcs3701: start power rail timer, state:3
         1704836224.520  1086  1254 I ASH     : @ 1007095.318: tcs3701: stop power rail pending_off timer
         1704836224.520  1086  1254 D ASH     : @ 1007095.319: tcs3701: start power rail timer, state:3
         1704836224.559  1086  1254 I ASH     : @ 1007095.358: tcs3701: stop power rail pending_off timer
         1704836224.560  1086  1254 D ASH     : @ 1007095.358: tcs3701: start power rail timer, state:3
         1704836224.599  1086  1254 I ASH     : @ 1007095.398: tcs3701: stop power rail pending_off timer
         1704836224.599  1086  1254 D ASH     : @ 1007095.398: tcs3701: start power rail timer, state:3
         1704836224.639  1086  1254 I ASH     : @ 1007095.438: tcs3701: stop power rail pending_off timer
         1704836224.639  1086  1254 D ASH     : @ 1007095.439: tcs3701: start power rail timer, state:3
         1704836224.679  1086  1254 I ASH     : @ 1007095.478: tcs3701: stop power rail pending_off timer
         1704836224.679  1086  1254 D ASH     : @ 1007095.478: tcs3701: start power rail timer, state:3
         1704836224.719  1086  1254 I ASH     : @ 1007095.518: tcs3701: stop power rail pending_off timer
         1704836224.719  1086  1254 D ASH     : @ 1007095.518: tcs3701: start power rail timer, state:3
         1704836224.759  1086  1254 I ASH     : @ 1007095.558: tcs3701: stop power rail pending_off timer
         1704836224.759  1086  1254 D ASH     : @ 1007095.558: tcs3701: start power rail timer, state:3
         1704836224.799  1086  1254 I ASH     : @ 1007095.598: tcs3701: stop power rail pending_off timer
         1704836224.799  1086  1254 D ASH     : @ 1007095.598: tcs3701: start power rail timer, state:3
         1704836224.839  1086  1254 I ASH     : @ 1007095.638: tcs3701: stop power rail pending_off timer
         1704836224.839  1086  1254 D ASH     : @ 1007095.638: tcs3701: start power rail timer, state:3
         1704836224.879  1086  1254 I ASH     : @ 1007095.678: tcs3701: stop power rail pending_off timer
         1704836224.879  1086  1254 D ASH     : @ 1007095.678: tcs3701: start power rail timer, state:3
         1704836224.919  1086  1254 I ASH     : @ 1007095.718: tcs3701: stop power rail pending_off timer
         1704836224.919  1086  1254 D ASH     : @ 1007095.718: tcs3701: start power rail timer, state:3
         1704836224.959  1086  1254 I ASH     : @ 1007095.758: tcs3701: stop power rail pending_off timer
         1704836224.959  1086  1254 D ASH     : @ 1007095.758: tcs3701: start power rail timer, state:3
         1704836224.999  1086  1254 I ASH     : @ 1007095.798: tcs3701: stop power rail pending_off timer
         1704836224.999  1086  1254 D ASH     : @ 1007095.798: tcs3701: start power rail timer, state:3
         1704836225.039  1086  1254 I ASH     : @ 1007095.838: tcs3701: stop power rail pending_off timer
         1704836225.039  1086  1254 D ASH     : @ 1007095.838: tcs3701: start power rail timer, state:3
         1704836225.079  1086  1254 I ASH     : @ 1007095.878: tcs3701: stop power rail pending_off timer
         1704836225.080  1086  1254 D ASH     : @ 1007095.878: tcs3701: start power rail timer, state:3
         1704836225.119  1086  1254 I ASH     : @ 1007095.918: tcs3701: stop power rail pending_off timer
         1704836225.120  1086  1254 D ASH     : @ 1007095.918: tcs3701: start power rail timer, state:3
         1704836225.159  1086  1254 I ASH     : @ 1007095.958: tcs3701: stop power rail pending_off timer
         1704836225.160  1086  1254 D ASH     : @ 1007095.958: tcs3701: start power rail timer, state:3
         1704836225.199  1086  1254 I ASH     : @ 1007095.998: tcs3701: stop power rail pending_off timer
         1704836225.199  1086  1254 D ASH     : @ 1007095.998: tcs3701: start power rail timer, state:3
         1704836225.239  1086  1254 I ASH     : @ 1007096.038: tcs3701: stop power rail pending_off timer
         1704836225.239  1086  1254 D ASH     : @ 1007096.038: tcs3701: start power rail timer, state:3
         1704836225.279  1086  1254 I ASH     : @ 1007096.078: tcs3701: stop power rail pending_off timer
         1704836225.279  1086  1254 D ASH     : @ 1007096.078: tcs3701: start power rail timer, state:3
         1704836225.319  1086  1254 I ASH     : @ 1007096.118: tcs3701: stop power rail pending_off timer
         1704836225.319  1086  1254 D ASH     : @ 1007096.118: tcs3701: start power rail timer, state:3
         1704836225.360  1086  1254 I ASH     : @ 1007096.158: tcs3701: stop power rail pending_off timer
         1704836225.360  1086  1254 D ASH     : @ 1007096.158: tcs3701: start power rail timer, state:3
         1704836225.399  1086  1254 I ASH     : @ 1007096.198: tcs3701: stop power rail pending_off timer
         1704836225.399  1086  1254 D ASH     : @ 1007096.198: tcs3701: start power rail timer, state:3
         1704836225.439  1086  1254 I ASH     : @ 1007096.238: tcs3701: stop power rail pending_off timer
         1704836225.439  1086  1254 D ASH     : @ 1007096.238: tcs3701: start power rail timer, state:3
         1704836225.479  1086  1254 I ASH     : @ 1007096.278: tcs3701: stop power rail pending_off timer
         1704836225.479  1086  1254 D ASH     : @ 1007096.278: tcs3701: start power rail timer, state:3
         1704836225.519  1086  1254 I ASH     : @ 1007096.318: tcs3701: stop power rail pending_off timer
         1704836225.519  1086  1254 D ASH     : @ 1007096.318: tcs3701: start power rail timer, state:3
         1704836225.559  1086  1254 I ASH     : @ 1007096.358: tcs3701: stop power rail pending_off timer
         1704836225.559  1086  1254 D ASH     : @ 1007096.358: tcs3701: start power rail timer, state:3
         1704836225.599  1086  1254 I ASH     : @ 1007096.398: tcs3701: stop power rail pending_off timer
         1704836225.599  1086  1254 D ASH     : @ 1007096.398: tcs3701: start power rail timer, state:3
         1704836225.639  1086  1254 I ASH     : @ 1007096.438: tcs3701: stop power rail pending_off timer
         1704836225.639  1086  1254 D ASH     : @ 1007096.438: tcs3701: start power rail timer, state:3
         1704836225.679  1086  1254 I ASH     : @ 1007096.478: tcs3701: stop power rail pending_off timer
         1704836225.679  1086  1254 D ASH     : @ 1007096.478: tcs3701: start power rail timer, state:3
         1704836225.719  1086  1254 I ASH     : @ 1007096.518: tcs3701: stop power rail pending_off timer
         1704836225.719  1086  1254 D ASH     : @ 1007096.518: tcs3701: start power rail timer, state:3
         1704836225.759  1086  1254 I ASH     : @ 1007096.558: tcs3701: stop power rail pending_off timer
         1704836225.759  1086  1254 D ASH     : @ 1007096.558: tcs3701: start power rail timer, state:3
         1704836225.799  1086  1254 I ASH     : @ 1007096.598: tcs3701: stop power rail pending_off timer
         1704836225.799  1086  1254 D ASH     : @ 1007096.599: tcs3701: start power rail timer, state:3
         1704836225.839  1086  1254 I ASH     : @ 1007096.638: tcs3701: stop power rail pending_off timer
         1704836225.839  1086  1254 D ASH     : @ 1007096.638: tcs3701: start power rail timer, state:3
         1704836225.879  1086  1254 I ASH     : @ 1007096.678: tcs3701: stop power rail pending_off timer
         1704836225.879  1086  1254 D ASH     : @ 1007096.678: tcs3701: start power rail timer, state:3
         1704836225.919  1086  1254 I ASH     : @ 1007096.718: tcs3701: stop power rail pending_off timer
         1704836225.919  1086  1254 D ASH     : @ 1007096.718: tcs3701: start power rail timer, state:3
         1704836225.959  1086  1254 I ASH     : @ 1007096.758: tcs3701: stop power rail pending_off timer
         1704836225.959  1086  1254 D ASH     : @ 1007096.758: tcs3701: start power rail timer, state:3
         1704836225.999  1086  1254 I ASH     : @ 1007096.798: tcs3701: stop power rail pending_off timer
         1704836225.999  1086  1254 D ASH     : @ 1007096.798: tcs3701: start power rail timer, state:3
         1704836226.039  1086  1254 I ASH     : @ 1007096.838: tcs3701: stop power rail pending_off timer
         1704836226.039  1086  1254 D ASH     : @ 1007096.838: tcs3701: start power rail timer, state:3
         1704836226.079  1086  1254 I ASH     : @ 1007096.878: tcs3701: stop power rail pending_off timer
         1704836226.080  1086  1254 D ASH     : @ 1007096.878: tcs3701: start power rail timer, state:3
         1704836226.119  1086  1254 I ASH     : @ 1007096.918: tcs3701: stop power rail pending_off timer
         1704836226.119  1086  1254 D ASH     : @ 1007096.918: tcs3701: start power rail timer, state:3
         1704836226.159  1086  1254 I ASH     : @ 1007096.958: tcs3701: stop power rail pending_off timer
         1704836226.159  1086  1254 D ASH     : @ 1007096.958: tcs3701: start power rail timer, state:3
         1704836226.201  1086  1254 I ASH     : @ 1007096.998: tcs3701: stop power rail pending_off timer
         1704836226.201  1086  1254 D ASH     : @ 1007096.998: tcs3701: start power rail timer, state:3
         1704836226.240  1086  1254 I ASH     : @ 1007097.038: tcs3701: stop power rail pending_off timer
         1704836226.240  1086  1254 D ASH     : @ 1007097.039: tcs3701: start power rail timer, state:3
         1704836226.281  1086  1254 I ASH     : @ 1007097.078: tcs3701: stop power rail pending_off timer
         1704836226.281  1086  1254 D ASH     : @ 1007097.078: tcs3701: start power rail timer, state:3
         1704836226.320  1086  1254 I ASH     : @ 1007097.118: tcs3701: stop power rail pending_off timer
         1704836226.320  1086  1254 D ASH     : @ 1007097.119: tcs3701: start power rail timer, state:3
         1704836226.361  1086  1254 I ASH     : @ 1007097.158: tcs3701: stop power rail pending_off timer
         1704836226.361  1086  1254 D ASH     : @ 1007097.158: tcs3701: start power rail timer, state:3
         1704836226.399  1086  1254 I ASH     : @ 1007097.198: tcs3701: stop power rail pending_off timer
         1704836226.399  1086  1254 D ASH     : @ 1007097.198: tcs3701: start power rail timer, state:3
         1704836226.441  1086  1254 I ASH     : @ 1007097.238: tcs3701: stop power rail pending_off timer
         1704836226.441  1086  1254 D ASH     : @ 1007097.238: tcs3701: start power rail timer, state:3
         1704836226.479  1086  1254 I ASH     : @ 1007097.278: tcs3701: stop power rail pending_off timer
         1704836226.479  1086  1254 D ASH     : @ 1007097.278: tcs3701: start power rail timer, state:3
         1704836226.520  1086  1254 I ASH     : @ 1007097.318: tcs3701: stop power rail pending_off timer
         1704836226.520  1086  1254 D ASH     : @ 1007097.319: tcs3701: start power rail timer, state:3
         1704836226.561  1086  1254 I ASH     : @ 1007097.358: tcs3701: stop power rail pending_off timer
         1704836226.561  1086  1254 D ASH     : @ 1007097.359: tcs3701: start power rail timer, state:3
         1704836226.600  1086  1254 I ASH     : @ 1007097.398: tcs3701: stop power rail pending_off timer
         1704836226.600  1086  1254 D ASH     : @ 1007097.399: tcs3701: start power rail timer, state:3
         1704836226.641  1086  1254 I ASH     : @ 1007097.438: tcs3701: stop power rail pending_off timer
         1704836226.641  1086  1254 D ASH     : @ 1007097.438: tcs3701: start power rail timer, state:3
         1704836226.681  1086  1254 I ASH     : @ 1007097.478: tcs3701: stop power rail pending_off timer
         1704836226.681  1086  1254 D ASH     : @ 1007097.478: tcs3701: start power rail timer, state:3
         1704836226.719  1086  1254 I ASH     : @ 1007097.518: tcs3701: stop power rail pending_off timer
         1704836226.720  1086  1254 D ASH     : @ 1007097.518: tcs3701: start power rail timer, state:3
         1704836226.761  1086  1254 I ASH     : @ 1007097.558: tcs3701: stop power rail pending_off timer
         1704836226.761  1086  1254 D ASH     : @ 1007097.559: tcs3701: start power rail timer, state:3
         1704836226.801  1086  1254 I ASH     : @ 1007097.598: tcs3701: stop power rail pending_off timer
         1704836226.801  1086  1254 D ASH     : @ 1007097.598: tcs3701: start power rail timer, state:3
         1704836226.841  1086  1254 I ASH     : @ 1007097.638: tcs3701: stop power rail pending_off timer
         1704836226.841  1086  1254 D ASH     : @ 1007097.638: tcs3701: start power rail timer, state:3
         1704836226.881  1086  1254 I ASH     : @ 1007097.678: tcs3701: stop power rail pending_off timer
         1704836226.881  1086  1254 D ASH     : @ 1007097.679: tcs3701: start power rail timer, state:3
         1704836226.920  1086  1254 I ASH     : @ 1007097.718: tcs3701: stop power rail pending_off timer
         1704836226.920  1086  1254 D ASH     : @ 1007097.718: tcs3701: start power rail timer, state:3
         1704836226.961  1086  1254 I ASH     : @ 1007097.758: tcs3701: stop power rail pending_off timer
         1704836226.961  1086  1254 D ASH     : @ 1007097.758: tcs3701: start power rail timer, state:3
         1704836227.001  1086  1254 I ASH     : @ 1007097.798: tcs3701: stop power rail pending_off timer
         1704836227.001  1086  1254 D ASH     : @ 1007097.799: tcs3701: start power rail timer, state:3
         1704836227.040  1086  1254 I ASH     : @ 1007097.838: tcs3701: stop power rail pending_off timer
         1704836227.040  1086  1254 D ASH     : @ 1007097.838: tcs3701: start power rail timer, state:3
         1704836227.079  1086  1254 I ASH     : @ 1007097.878: tcs3701: stop power rail pending_off timer
         1704836227.079  1086  1254 D ASH     : @ 1007097.878: tcs3701: start power rail timer, state:3
         1704836227.120  1086  1254 I ASH     : @ 1007097.918: tcs3701: stop power rail pending_off timer
         1704836227.120  1086  1254 D ASH     : @ 1007097.918: tcs3701: start power rail timer, state:3
         1704836227.160  1086  1254 I ASH     : @ 1007097.958: tcs3701: stop power rail pending_off timer
         1704836227.160  1086  1254 D ASH     : @ 1007097.958: tcs3701: start power rail timer, state:3
         1704836227.199  1086  1254 I ASH     : @ 1007097.998: tcs3701: stop power rail pending_off timer
         1704836227.199  1086  1254 D ASH     : @ 1007097.998: tcs3701: start power rail timer, state:3
         1704836227.239  1086  1254 I ASH     : @ 1007098.038: tcs3701: stop power rail pending_off timer
         1704836227.239  1086  1254 D ASH     : @ 1007098.038: tcs3701: start power rail timer, state:3
         1704836227.280  1086  1254 I ASH     : @ 1007098.078: tcs3701: stop power rail pending_off timer
         1704836227.280  1086  1254 D ASH     : @ 1007098.078: tcs3701: start power rail timer, state:3
         1704836227.319  1086  1254 I ASH     : @ 1007098.118: tcs3701: stop power rail pending_off timer
         1704836227.319  1086  1254 D ASH     : @ 1007098.118: tcs3701: start power rail timer, state:3
         1704836227.359  1086  1254 I ASH     : @ 1007098.158: tcs3701: stop power rail pending_off timer
         1704836227.359  1086  1254 D ASH     : @ 1007098.158: tcs3701: start power rail timer, state:3
         1704836227.399  1086  1254 I ASH     : @ 1007098.198: tcs3701: stop power rail pending_off timer
         1704836227.399  1086  1254 D ASH     : @ 1007098.198: tcs3701: start power rail timer, state:3
         1704836227.439  1086  1254 I ASH     : @ 1007098.238: tcs3701: stop power rail pending_off timer
         1704836227.439  1086  1254 D ASH     : @ 1007098.238: tcs3701: start power rail timer, state:3
         1704836227.479  1086  1254 I ASH     : @ 1007098.278: tcs3701: stop power rail pending_off timer
         1704836227.479  1086  1254 D ASH     : @ 1007098.278: tcs3701: start power rail timer, state:3
         1704836227.519  1086  1254 I ASH     : @ 1007098.318: tcs3701: stop power rail pending_off timer
         1704836227.519  1086  1254 D ASH     : @ 1007098.318: tcs3701: start power rail timer, state:3
         1704836227.560  1086  1254 I ASH     : @ 1007098.358: tcs3701: stop power rail pending_off timer
         1704836227.560  1086  1254 D ASH     : @ 1007098.358: tcs3701: start power rail timer, state:3
         1704836227.599  1086  1254 I ASH     : @ 1007098.398: tcs3701: stop power rail pending_off timer
         1704836227.599  1086  1254 D ASH     : @ 1007098.398: tcs3701: start power rail timer, state:3
         1704836227.639  1086  1254 I ASH     : @ 1007098.438: tcs3701: stop power rail pending_off timer
         1704836227.639  1086  1254 D ASH     : @ 1007098.438: tcs3701: start power rail timer, state:3
         1704836227.679  1086  1254 I ASH     : @ 1007098.478: tcs3701: stop power rail pending_off timer
         1704836227.679  1086  1254 D ASH     : @ 1007098.478: tcs3701: start power rail timer, state:3
         1704836227.719  1086  1254 I ASH     : @ 1007098.518: tcs3701: stop power rail pending_off timer
         1704836227.719  1086  1254 D ASH     : @ 1007098.518: tcs3701: start power rail timer, state:3
         1704836227.759  1086  1254 I ASH     : @ 1007098.558: tcs3701: stop power rail pending_off timer
         1704836227.759  1086  1254 D ASH     : @ 1007098.558: tcs3701: start power rail timer, state:3
         1704836227.799  1086  1254 I ASH     : @ 1007098.598: tcs3701: stop power rail pending_off timer
         1704836227.799  1086  1254 D ASH     : @ 1007098.598: tcs3701: start power rail timer, state:3
         1704836227.839  1086  1254 I ASH     : @ 1007098.638: tcs3701: stop power rail pending_off timer
         1704836227.839  1086  1254 D ASH     : @ 1007098.638: tcs3701: start power rail timer, state:3
         1704836227.879  1086  1254 I ASH     : @ 1007098.678: tcs3701: stop power rail pending_off timer
         1704836227.879  1086  1254 D ASH     : @ 1007098.678: tcs3701: start power rail timer, state:3
         1704836227.919  1086  1254 I ASH     : @ 1007098.718: tcs3701: stop power rail pending_off timer
         1704836227.919  1086  1254 D ASH     : @ 1007098.718: tcs3701: start power rail timer, state:3
         1704836227.959  1086  1254 I ASH     : @ 1007098.758: tcs3701: stop power rail pending_off timer
         1704836227.960  1086  1254 D ASH     : @ 1007098.758: tcs3701: start power rail timer, state:3
         1704836227.999  1086  1254 I ASH     : @ 1007098.798: tcs3701: stop power rail pending_off timer
         1704836227.999  1086  1254 D ASH     : @ 1007098.798: tcs3701: start power rail timer, state:3
         1704836228.039  1086  1254 I ASH     : @ 1007098.838: tcs3701: stop power rail pending_off timer
         1704836228.039  1086  1254 D ASH     : @ 1007098.838: tcs3701: start power rail timer, state:3
         1704836228.065  1799  1822 I dashscene: surfaces over 240 frames — tick 1.07 ms, paint mean 0.10 p50 0.09, submit mean 26.46 p50 24.46 p95 59.81 max 231.26 ms (36.2 fps if unpaced) — 2 run(s), 32 glyph(s)
         1704836228.079  1086  1254 I ASH     : @ 1007098.878: tcs3701: stop power rail pending_off timer
         1704836228.079  1086  1254 D ASH     : @ 1007098.878: tcs3701: start power rail timer, state:3
         1704836228.119  1086  1254 I ASH     : @ 1007098.918: tcs3701: stop power rail pending_off timer
         1704836228.119  1086  1254 D ASH     : @ 1007098.918: tcs3701: start power rail timer, state:3
         1704836228.159  1086  1254 I ASH     : @ 1007098.958: tcs3701: stop power rail pending_off timer
         1704836228.160  1086  1254 D ASH     : @ 1007098.958: tcs3701: start power rail timer, state:3
         1704836228.199  1086  1254 I ASH     : @ 1007098.998: tcs3701: stop power rail pending_off timer
         1704836228.199  1086  1254 D ASH     : @ 1007098.999: tcs3701: start power rail timer, state:3
         1704836228.239  1086  1254 I ASH     : @ 1007099.038: tcs3701: stop power rail pending_off timer
         1704836228.239  1086  1254 D ASH     : @ 1007099.038: tcs3701: start power rail timer, state:3
         1704836228.279  1086  1254 I ASH     : @ 1007099.078: tcs3701: stop power rail pending_off timer
         1704836228.279  1086  1254 D ASH     : @ 1007099.078: tcs3701: start power rail timer, state:3
         1704836228.319  1086  1254 I ASH     : @ 1007099.118: tcs3701: stop power rail pending_off timer
         1704836228.319  1086  1254 D ASH     : @ 1007099.118: tcs3701: start power rail timer, state:3
         1704836228.359  1086  1254 I ASH     : @ 1007099.158: tcs3701: stop power rail pending_off timer
         1704836228.360  1086  1254 D ASH     : @ 1007099.158: tcs3701: start power rail timer, state:3
         1704836228.399  1086  1254 I ASH     : @ 1007099.198: tcs3701: stop power rail pending_off timer
         1704836228.399  1086  1254 D ASH     : @ 1007099.198: tcs3701: start power rail timer, state:3
         1704836228.441  1086  1254 I ASH     : @ 1007099.238: tcs3701: stop power rail pending_off timer
         1704836228.441  1086  1254 D ASH     : @ 1007099.238: tcs3701: start power rail timer, state:3
         1704836228.479  1086  1254 I ASH     : @ 1007099.278: tcs3701: stop power rail pending_off timer
         1704836228.479  1086  1254 D ASH     : @ 1007099.278: tcs3701: start power rail timer, state:3
         1704836228.519  1086  1254 I ASH     : @ 1007099.318: tcs3701: stop power rail pending_off timer
         1704836228.519  1086  1254 D ASH     : @ 1007099.318: tcs3701: start power rail timer, state:3
         1704836228.559  1086  1254 I ASH     : @ 1007099.358: tcs3701: stop power rail pending_off timer
         1704836228.559  1086  1254 D ASH     : @ 1007099.358: tcs3701: start power rail timer, state:3
         1704836228.599  1086  1254 I ASH     : @ 1007099.398: tcs3701: stop power rail pending_off timer
         1704836228.599  1086  1254 D ASH     : @ 1007099.398: tcs3701: start power rail timer, state:3
         1704836228.639  1086  1254 I ASH     : @ 1007099.438: tcs3701: stop power rail pending_off timer
         1704836228.639  1086  1254 D ASH     : @ 1007099.438: tcs3701: start power rail timer, state:3
         1704836228.679  1086  1254 I ASH     : @ 1007099.478: tcs3701: stop power rail pending_off timer
         1704836228.679  1086  1254 D ASH     : @ 1007099.478: tcs3701: start power rail timer, state:3
         1704836228.719  1086  1254 I ASH     : @ 1007099.518: tcs3701: stop power rail pending_off timer
         1704836228.719  1086  1254 D ASH     : @ 1007099.519: tcs3701: start power rail timer, state:3
         1704836228.761  1086  1254 I ASH     : @ 1007099.558: tcs3701: stop power rail pending_off timer
         1704836228.761  1086  1254 D ASH     : @ 1007099.559: tcs3701: start power rail timer, state:3
         1704836228.801  1086  1254 I ASH     : @ 1007099.598: tcs3701: stop power rail pending_off timer
         1704836228.801  1086  1254 D ASH     : @ 1007099.599: tcs3701: start power rail timer, state:3
         1704836228.841  1086  1254 I ASH     : @ 1007099.638: tcs3701: stop power rail pending_off timer
         1704836228.841  1086  1254 D ASH     : @ 1007099.638: tcs3701: start power rail timer, state:3
         1704836228.880  1086  1254 I ASH     : @ 1007099.678: tcs3701: stop power rail pending_off timer
         1704836228.880  1086  1254 D ASH     : @ 1007099.679: tcs3701: start power rail timer, state:3
         1704836228.920  1086  1254 I ASH     : @ 1007099.718: tcs3701: stop power rail pending_off timer
         1704836228.920  1086  1254 D ASH     : @ 1007099.719: tcs3701: start power rail timer, state:3
         1704836228.961  1086  1254 I ASH     : @ 1007099.758: tcs3701: stop power rail pending_off timer
         1704836228.961  1086  1254 D ASH     : @ 1007099.758: tcs3701: start power rail timer, state:3
         1704836229.001  1086  1254 I ASH     : @ 1007099.798: tcs3701: stop power rail pending_off timer
         1704836229.001  1086  1254 D ASH     : @ 1007099.799: tcs3701: start power rail timer, state:3
         1704836229.041  1086  1254 I ASH     : @ 1007099.838: tcs3701: stop power rail pending_off timer
         1704836229.041  1086  1254 D ASH     : @ 1007099.839: tcs3701: start power rail timer, state:3
         1704836229.081  1086  1254 I ASH     : @ 1007099.878: tcs3701: stop power rail pending_off timer
         1704836229.081  1086  1254 D ASH     : @ 1007099.879: tcs3701: start power rail timer, state:3
         1704836229.120  1086  1254 I ASH     : @ 1007099.918: tcs3701: stop power rail pending_off timer
         1704836229.120  1086  1254 D ASH     : @ 1007099.918: tcs3701: start power rail timer, state:3
         1704836229.161  1086  1254 I ASH     : @ 1007099.958: tcs3701: stop power rail pending_off timer
         1704836229.161  1086  1254 D ASH     : @ 1007099.959: tcs3701: start power rail timer, state:3
         1704836229.201  1086  1254 I ASH     : @ 1007099.998: tcs3701: stop power rail pending_off timer
         1704836229.201  1086  1254 D ASH     : @ 1007099.998: tcs3701: start power rail timer, state:3
         1704836229.204  1799  1822 I dashscene: 720 frames over 720 vsyncs
         1704836229.241  1086  1254 I ASH     : @ 1007100.038: tcs3701: stop power rail pending_off timer
         1704836229.241  1086  1254 D ASH     : @ 1007100.038: tcs3701: start power rail timer, state:3
         1704836229.281  1086  1254 I ASH     : @ 1007100.078: tcs3701: stop power rail pending_off timer
         1704836229.281  1086  1254 D ASH     : @ 1007100.079: tcs3701: start power rail timer, state:3
         1704836229.320  1086  1254 I ASH     : @ 1007100.118: tcs3701: stop power rail pending_off timer
         1704836229.320  1086  1254 D ASH     : @ 1007100.118: tcs3701: start power rail timer, state:3
         1704836229.360  1086  1254 I ASH     : @ 1007100.158: tcs3701: stop power rail pending_off timer
         1704836229.360  1086  1254 D ASH     : @ 1007100.159: tcs3701: start power rail timer, state:3
         1704836229.401  1086  1254 I ASH     : @ 1007100.198: tcs3701: stop power rail pending_off timer
         1704836229.401  1086  1254 D ASH     : @ 1007100.198: tcs3701: start power rail timer, state:3
         1704836229.440  1086  1254 I ASH     : @ 1007100.238: tcs3701: stop power rail pending_off timer
         1704836229.440  1086  1254 D ASH     : @ 1007100.238: tcs3701: start power rail timer, state:3
         1704836229.481  1086  1254 I ASH     : @ 1007100.278: tcs3701: stop power rail pending_off timer
         1704836229.481  1086  1254 D ASH     : @ 1007100.278: tcs3701: start power rail timer, state:3
         1704836229.521  1086  1254 I ASH     : @ 1007100.318: tcs3701: stop power rail pending_off timer
         1704836229.521  1086  1254 D ASH     : @ 1007100.318: tcs3701: start power rail timer, state:3
         1704836229.560  1086  1254 I ASH     : @ 1007100.358: tcs3701: stop power rail pending_off timer
         1704836229.560  1086  1254 D ASH     : @ 1007100.359: tcs3701: start power rail timer, state:3
         1704836229.599  1086  1254 I ASH     : @ 1007100.398: tcs3701: stop power rail pending_off timer
         1704836229.599  1086  1254 D ASH     : @ 1007100.398: tcs3701: start power rail timer, state:3
         1704836229.639  1086  1254 I ASH     : @ 1007100.438: tcs3701: stop power rail pending_off timer
         1704836229.639  1086  1254 D ASH     : @ 1007100.438: tcs3701: start power rail timer, state:3
         1704836229.679  1086  1254 I ASH     : @ 1007100.478: tcs3701: stop power rail pending_off timer
         1704836229.679  1086  1254 D ASH     : @ 1007100.479: tcs3701: start power rail timer, state:3
         1704836229.720  1086  1254 I ASH     : @ 1007100.518: tcs3701: stop power rail pending_off timer
         1704836229.720  1086  1254 D ASH     : @ 1007100.518: tcs3701: start power rail timer, state:3
         1704836229.759  1086  1254 I ASH     : @ 1007100.558: tcs3701: stop power rail pending_off timer
         1704836229.759  1086  1254 D ASH     : @ 1007100.558: tcs3701: start power rail timer, state:3
         1704836229.799  1086  1254 I ASH     : @ 1007100.598: tcs3701: stop power rail pending_off timer
         1704836229.799  1086  1254 D ASH     : @ 1007100.598: tcs3701: start power rail timer, state:3
         1704836229.839  1086  1254 I ASH     : @ 1007100.638: tcs3701: stop power rail pending_off timer
         1704836229.839  1086  1254 D ASH     : @ 1007100.638: tcs3701: start power rail timer, state:3
         1704836229.879  1086  1254 I ASH     : @ 1007100.678: tcs3701: stop power rail pending_off timer
         1704836229.879  1086  1254 D ASH     : @ 1007100.678: tcs3701: start power rail timer, state:3
         1704836229.919  1086  1254 I ASH     : @ 1007100.718: tcs3701: stop power rail pending_off timer
         1704836229.919  1086  1254 D ASH     : @ 1007100.718: tcs3701: start power rail timer, state:3
         1704836229.959  1086  1254 I ASH     : @ 1007100.758: tcs3701: stop power rail pending_off timer
         1704836229.959  1086  1254 D ASH     : @ 1007100.758: tcs3701: start power rail timer, state:3
         1704836229.999  1086  1254 I ASH     : @ 1007100.798: tcs3701: stop power rail pending_off timer
         1704836229.999  1086  1254 D ASH     : @ 1007100.798: tcs3701: start power rail timer, state:3
         1704836230.039  1086  1254 I ASH     : @ 1007100.838: tcs3701: stop power rail pending_off timer
         1704836230.039  1086  1254 D ASH     : @ 1007100.838: tcs3701: start power rail timer, state:3
         1704836230.079  1086  1254 I ASH     : @ 1007100.878: tcs3701: stop power rail pending_off timer
         1704836230.079  1086  1254 D ASH     : @ 1007100.878: tcs3701: start power rail timer, state:3
         1704836230.119  1086  1254 I ASH     : @ 1007100.918: tcs3701: stop power rail pending_off timer
         1704836230.119  1086  1254 D ASH     : @ 1007100.918: tcs3701: start power rail timer, state:3
         1704836230.159  1086  1254 I ASH     : @ 1007100.958: tcs3701: stop power rail pending_off timer
         1704836230.159  1086  1254 D ASH     : @ 1007100.958: tcs3701: start power rail timer, state:3
         1704836230.199  1086  1254 I ASH     : @ 1007100.998: tcs3701: stop power rail pending_off timer
         1704836230.199  1086  1254 D ASH     : @ 1007100.998: tcs3701: start power rail timer, state:3
         1704836230.239  1086  1254 I ASH     : @ 1007101.038: tcs3701: stop power rail pending_off timer
         1704836230.239  1086  1254 D ASH     : @ 1007101.038: tcs3701: start power rail timer, state:3
         1704836230.279  1086  1254 I ASH     : @ 1007101.078: tcs3701: stop power rail pending_off timer
         1704836230.279  1086  1254 D ASH     : @ 1007101.078: tcs3701: start power rail timer, state:3
         1704836230.319  1086  1254 I ASH     : @ 1007101.118: tcs3701: stop power rail pending_off timer
         1704836230.319  1086  1254 D ASH     : @ 1007101.118: tcs3701: start power rail timer, state:3
         1704836230.359  1086  1254 I ASH     : @ 1007101.158: tcs3701: stop power rail pending_off timer
         1704836230.359  1086  1254 D ASH     : @ 1007101.158: tcs3701: start power rail timer, state:3
         1704836230.399  1086  1254 I ASH     : @ 1007101.198: tcs3701: stop power rail pending_off timer
         1704836230.399  1086  1254 D ASH     : @ 1007101.198: tcs3701: start power rail timer, state:3
         1704836230.439  1086  1254 I ASH     : @ 1007101.238: tcs3701: stop power rail pending_off timer
         1704836230.439  1086  1254 D ASH     : @ 1007101.238: tcs3701: start power rail timer, state:3
         1704836230.479  1086  1254 I ASH     : @ 1007101.278: tcs3701: stop power rail pending_off timer
         1704836230.479  1086  1254 D ASH     : @ 1007101.279: tcs3701: start power rail timer, state:3
         1704836230.519  1086  1254 I ASH     : @ 1007101.318: tcs3701: stop power rail pending_off timer
         1704836230.519  1086  1254 D ASH     : @ 1007101.318: tcs3701: start power rail timer, state:3
         1704836230.559  1086  1254 I ASH     : @ 1007101.358: tcs3701: stop power rail pending_off timer
         1704836230.559  1086  1254 D ASH     : @ 1007101.358: tcs3701: start power rail timer, state:3
         1704836230.599  1086  1254 I ASH     : @ 1007101.398: tcs3701: stop power rail pending_off timer
         1704836230.599  1086  1254 D ASH     : @ 1007101.398: tcs3701: start power rail timer, state:3
         1704836230.603  4821  6204 W ProcessReaper: Memory state is: 300
         1704836230.603  5908  6007 I PhenotypeProcessReaper: Memory state is: 125
         1704836230.603  3450  4410 I PhenotypeProcessReaper: Memory state is: 200
         1704836230.639  1086  1254 I ASH     : @ 1007101.438: tcs3701: stop power rail pending_off timer
         1704836230.639  1086  1254 D ASH     : @ 1007101.438: tcs3701: start power rail timer, state:3
         1704836230.679  1086  1254 I ASH     : @ 1007101.478: tcs3701: stop power rail pending_off timer
         1704836230.679  1086  1254 D ASH     : @ 1007101.478: tcs3701: start power rail timer, state:3
         1704836230.719  1086  1254 I ASH     : @ 1007101.518: tcs3701: stop power rail pending_off timer
         1704836230.719  1086  1254 D ASH     : @ 1007101.518: tcs3701: start power rail timer, state:3
         1704836230.759  1086  1254 I ASH     : @ 1007101.558: tcs3701: stop power rail pending_off timer
         1704836230.759  1086  1254 D ASH     : @ 1007101.558: tcs3701: start power rail timer, state:3
         1704836230.799  1086  1254 I ASH     : @ 1007101.598: tcs3701: stop power rail pending_off timer
         1704836230.799  1086  1254 D ASH     : @ 1007101.598: tcs3701: start power rail timer, state:3
         1704836230.839  1086  1254 I ASH     : @ 1007101.638: tcs3701: stop power rail pending_off timer
         1704836230.839  1086  1254 D ASH     : @ 1007101.638: tcs3701: start power rail timer, state:3
         1704836230.879  1086  1254 I ASH     : @ 1007101.678: tcs3701: stop power rail pending_off timer
         1704836230.879  1086  1254 D ASH     : @ 1007101.678: tcs3701: start power rail timer, state:3
         1704836230.919  1086  1254 I ASH     : @ 1007101.718: tcs3701: stop power rail pending_off timer
         1704836230.920  1086  1254 D ASH     : @ 1007101.718: tcs3701: start power rail timer, state:3
         1704836230.959  1086  1254 I ASH     : @ 1007101.758: tcs3701: stop power rail pending_off timer
         1704836230.959  1086  1254 D ASH     : @ 1007101.758: tcs3701: start power rail timer, state:3
         1704836230.999  1086  1254 I ASH     : @ 1007101.798: tcs3701: stop power rail pending_off timer
         1704836230.999  1086  1254 D ASH     : @ 1007101.798: tcs3701: start power rail timer, state:3
         1704836231.039  1086  1254 I ASH     : @ 1007101.838: tcs3701: stop power rail pending_off timer
         1704836231.039  1086  1254 D ASH     : @ 1007101.838: tcs3701: start power rail timer, state:3
         1704836231.079  1086  1254 I ASH     : @ 1007101.878: tcs3701: stop power rail pending_off timer
         1704836231.079  1086  1254 D ASH     : @ 1007101.878: tcs3701: start power rail timer, state:3
         1704836231.119  1086  1254 I ASH     : @ 1007101.918: tcs3701: stop power rail pending_off timer
         1704836231.119  1086  1254 D ASH     : @ 1007101.918: tcs3701: start power rail timer, state:3
         1704836231.159  1086  1254 I ASH     : @ 1007101.958: tcs3701: stop power rail pending_off timer
         1704836231.159  1086  1254 D ASH     : @ 1007101.959: tcs3701: start power rail timer, state:3
         1704836231.200  1086  1254 I ASH     : @ 1007101.998: tcs3701: stop power rail pending_off timer
         1704836231.200  1086  1254 D ASH     : @ 1007101.999: tcs3701: start power rail timer, state:3
         1704836231.239  1086  1254 I ASH     : @ 1007102.038: tcs3701: stop power rail pending_off timer
         1704836231.239  1086  1254 D ASH     : @ 1007102.038: tcs3701: start power rail timer, state:3
         1704836231.281  1086  1254 I ASH     : @ 1007102.078: tcs3701: stop power rail pending_off timer
         1704836231.281  1086  1254 D ASH     : @ 1007102.079: tcs3701: start power rail timer, state:3
         1704836231.321  1086  1254 I ASH     : @ 1007102.118: tcs3701: stop power rail pending_off timer
         1704836231.321  1086  1254 D ASH     : @ 1007102.119: tcs3701: start power rail timer, state:3
         1704836231.361  1086  1254 I ASH     : @ 1007102.158: tcs3701: stop power rail pending_off timer
         1704836231.361  1086  1254 D ASH     : @ 1007102.159: tcs3701: start power rail timer, state:3
         1704836231.401  1086  1254 I ASH     : @ 1007102.198: tcs3701: stop power rail pending_off timer
         1704836231.401  1086  1254 D ASH     : @ 1007102.198: tcs3701: start power rail timer, state:3
         1704836231.440  1086  1254 I ASH     : @ 1007102.238: tcs3701: stop power rail pending_off timer
         1704836231.440  1086  1254 D ASH     : @ 1007102.238: tcs3701: start power rail timer, state:3
         1704836231.481  1086  1254 I ASH     : @ 1007102.278: tcs3701: stop power rail pending_off timer
         1704836231.482  1086  1254 D ASH     : @ 1007102.279: tcs3701: start power rail timer, state:3
         1704836231.521  1086  1254 I ASH     : @ 1007102.318: tcs3701: stop power rail pending_off timer
         1704836231.521  1086  1254 D ASH     : @ 1007102.318: tcs3701: start power rail timer, state:3
         1704836231.561  1086  1254 I ASH     : @ 1007102.358: tcs3701: stop power rail pending_off timer
         1704836231.561  1086  1254 D ASH     : @ 1007102.359: tcs3701: start power rail timer, state:3
         1704836231.601  1086  1254 I ASH     : @ 1007102.398: tcs3701: stop power rail pending_off timer
         1704836231.601  1086  1254 D ASH     : @ 1007102.398: tcs3701: start power rail timer, state:3
         1704836231.640  1086  1254 I ASH     : @ 1007102.438: tcs3701: stop power rail pending_off timer
         1704836231.640  1086  1254 D ASH     : @ 1007102.438: tcs3701: start power rail timer, state:3
         1704836231.681  1086  1254 I ASH     : @ 1007102.478: tcs3701: stop power rail pending_off timer
         1704836231.681  1086  1254 D ASH     : @ 1007102.479: tcs3701: start power rail timer, state:3
         1704836231.721  1086  1254 I ASH     : @ 1007102.518: tcs3701: stop power rail pending_off timer
         1704836231.721  1086  1254 D ASH     : @ 1007102.519: tcs3701: start power rail timer, state:3
         1704836231.761  1086  1254 I ASH     : @ 1007102.558: tcs3701: stop power rail pending_off timer
         1704836231.761  1086  1254 D ASH     : @ 1007102.559: tcs3701: start power rail timer, state:3
         1704836231.801  1086  1254 I ASH     : @ 1007102.598: tcs3701: stop power rail pending_off timer
         1704836231.801  1086  1254 D ASH     : @ 1007102.598: tcs3701: start power rail timer, state:3
         1704836231.840  1086  1254 I ASH     : @ 1007102.638: tcs3701: stop power rail pending_off timer
         1704836231.840  1086  1254 D ASH     : @ 1007102.639: tcs3701: start power rail timer, state:3
         1704836231.881  1086  1254 I ASH     : @ 1007102.678: tcs3701: stop power rail pending_off timer
         1704836231.881  1086  1254 D ASH     : @ 1007102.678: tcs3701: start power rail timer, state:3
         1704836231.921  1086  1254 I ASH     : @ 1007102.718: tcs3701: stop power rail pending_off timer
         1704836231.921  1086  1254 D ASH     : @ 1007102.718: tcs3701: start power rail timer, state:3
         1704836231.961  1086  1254 I ASH     : @ 1007102.758: tcs3701: stop power rail pending_off timer
         1704836231.961  1086  1254 D ASH     : @ 1007102.759: tcs3701: start power rail timer, state:3
         1704836232.001  1086  1254 I ASH     : @ 1007102.798: tcs3701: stop power rail pending_off timer
         1704836232.001  1086  1254 D ASH     : @ 1007102.798: tcs3701: start power rail timer, state:3
         1704836232.040  1086  1254 I ASH     : @ 1007102.838: tcs3701: stop power rail pending_off timer
         1704836232.040  1086  1254 D ASH     : @ 1007102.838: tcs3701: start power rail timer, state:3
         1704836232.079  1086  1254 I ASH     : @ 1007102.878: tcs3701: stop power rail pending_off timer
         1704836232.079  1086  1254 D ASH     : @ 1007102.878: tcs3701: start power rail timer, state:3
         1704836232.119  1086  1254 I ASH     : @ 1007102.918: tcs3701: stop power rail pending_off timer
         1704836232.120  1086  1254 D ASH     : @ 1007102.918: tcs3701: start power rail timer, state:3
         1704836232.159  1086  1254 I ASH     : @ 1007102.958: tcs3701: stop power rail pending_off timer
         1704836232.159  1086  1254 D ASH     : @ 1007102.958: tcs3701: start power rail timer, state:3
         1704836232.199  1086  1254 I ASH     : @ 1007102.998: tcs3701: stop power rail pending_off timer
         1704836232.199  1086  1254 D ASH     : @ 1007102.998: tcs3701: start power rail timer, state:3
         1704836232.239  1086  1254 I ASH     : @ 1007103.038: tcs3701: stop power rail pending_off timer
         1704836232.239  1086  1254 D ASH     : @ 1007103.039: tcs3701: start power rail timer, state:3
         1704836232.279  1086  1254 I ASH     : @ 1007103.078: tcs3701: stop power rail pending_off timer
         1704836232.279  1086  1254 D ASH     : @ 1007103.078: tcs3701: start power rail timer, state:3
         1704836232.319  1086  1254 I ASH     : @ 1007103.118: tcs3701: stop power rail pending_off timer
         1704836232.319  1086  1254 D ASH     : @ 1007103.118: tcs3701: start power rail timer, state:3
         1704836232.359  1086  1254 I ASH     : @ 1007103.158: tcs3701: stop power rail pending_off timer
         1704836232.359  1086  1254 D ASH     : @ 1007103.158: tcs3701: start power rail timer, state:3
         1704836232.399  1086  1254 I ASH     : @ 1007103.198: tcs3701: stop power rail pending_off timer
         1704836232.399  1086  1254 D ASH     : @ 1007103.198: tcs3701: start power rail timer, state:3
         1704836232.439  1086  1254 I ASH     : @ 1007103.238: tcs3701: stop power rail pending_off timer
         1704836232.439  1086  1254 D ASH     : @ 1007103.238: tcs3701: start power rail timer, state:3
         1704836232.479  1086  1254 I ASH     : @ 1007103.278: tcs3701: stop power rail pending_off timer
         1704836232.480  1086  1254 D ASH     : @ 1007103.278: tcs3701: start power rail timer, state:3
         1704836232.519  1086  1254 I ASH     : @ 1007103.318: tcs3701: stop power rail pending_off timer
         1704836232.519  1086  1254 D ASH     : @ 1007103.319: tcs3701: start power rail timer, state:3
         1704836232.559  1086  1254 I ASH     : @ 1007103.358: tcs3701: stop power rail pending_off timer
         1704836232.559  1086  1254 D ASH     : @ 1007103.358: tcs3701: start power rail timer, state:3
         1704836232.599  1086  1254 I ASH     : @ 1007103.398: tcs3701: stop power rail pending_off timer
         1704836232.599  1086  1254 D ASH     : @ 1007103.398: tcs3701: start power rail timer, state:3
         1704836232.639  1086  1254 I ASH     : @ 1007103.438: tcs3701: stop power rail pending_off timer
         1704836232.639  1086  1254 D ASH     : @ 1007103.438: tcs3701: start power rail timer, state:3
         1704836232.680  1086  1254 I ASH     : @ 1007103.478: tcs3701: stop power rail pending_off timer
         1704836232.680  1086  1254 D ASH     : @ 1007103.478: tcs3701: start power rail timer, state:3
         1704836232.719  1086  1254 I ASH     : @ 1007103.518: tcs3701: stop power rail pending_off timer
         1704836232.719  1086  1254 D ASH     : @ 1007103.518: tcs3701: start power rail timer, state:3
         1704836232.759  1086  1254 I ASH     : @ 1007103.558: tcs3701: stop power rail pending_off timer
         1704836232.759  1086  1254 D ASH     : @ 1007103.558: tcs3701: start power rail timer, state:3
         1704836232.799  1086  1254 I ASH     : @ 1007103.598: tcs3701: stop power rail pending_off timer
         1704836232.799  1086  1254 D ASH     : @ 1007103.598: tcs3701: start power rail timer, state:3
         1704836232.839  1086  1254 I ASH     : @ 1007103.638: tcs3701: stop power rail pending_off timer
         1704836232.839  1086  1254 D ASH     : @ 1007103.638: tcs3701: start power rail timer, state:3
         1704836232.879  1086  1254 I ASH     : @ 1007103.678: tcs3701: stop power rail pending_off timer
         1704836232.880  1086  1254 D ASH     : @ 1007103.678: tcs3701: start power rail timer, state:3
         1704836232.919  1086  1254 I ASH     : @ 1007103.718: tcs3701: stop power rail pending_off timer
         1704836232.919  1086  1254 D ASH     : @ 1007103.718: tcs3701: start power rail timer, state:3
         1704836232.959  1086  1254 I ASH     : @ 1007103.758: tcs3701: stop power rail pending_off timer
         1704836232.959  1086  1254 D ASH     : @ 1007103.758: tcs3701: start power rail timer, state:3
         1704836232.999  1086  1254 I ASH     : @ 1007103.798: tcs3701: stop power rail pending_off timer
         1704836232.999  1086  1254 D ASH     : @ 1007103.798: tcs3701: start power rail timer, state:3
         1704836233.039  1086  1254 I ASH     : @ 1007103.838: tcs3701: stop power rail pending_off timer
         1704836233.039  1086  1254 D ASH     : @ 1007103.838: tcs3701: start power rail timer, state:3
         1704836233.079  1086  1254 I ASH     : @ 1007103.878: tcs3701: stop power rail pending_off timer
         1704836233.079  1086  1254 D ASH     : @ 1007103.878: tcs3701: start power rail timer, state:3
         1704836233.119  1086  1254 I ASH     : @ 1007103.918: tcs3701: stop power rail pending_off timer
         1704836233.119  1086  1254 D ASH     : @ 1007103.918: tcs3701: start power rail timer, state:3
         1704836233.159  1086  1254 I ASH     : @ 1007103.958: tcs3701: stop power rail pending_off timer
         1704836233.159  1086  1254 D ASH     : @ 1007103.958: tcs3701: start power rail timer, state:3
         1704836233.199  1086  1254 I ASH     : @ 1007103.998: tcs3701: stop power rail pending_off timer
         1704836233.199  1086  1254 D ASH     : @ 1007103.999: tcs3701: start power rail timer, state:3
         1704836233.239  1086  1254 I ASH     : @ 1007104.038: tcs3701: stop power rail pending_off timer
         1704836233.239  1086  1254 D ASH     : @ 1007104.038: tcs3701: start power rail timer, state:3
         1704836233.279  1086  1254 I ASH     : @ 1007104.078: tcs3701: stop power rail pending_off timer
         1704836233.279  1086  1254 D ASH     : @ 1007104.078: tcs3701: start power rail timer, state:3
         1704836233.319  1086  1254 I ASH     : @ 1007104.118: tcs3701: stop power rail pending_off timer
         1704836233.319  1086  1254 D ASH     : @ 1007104.118: tcs3701: start power rail timer, state:3
         1704836233.359  1086  1254 I ASH     : @ 1007104.158: tcs3701: stop power rail pending_off timer
         1704836233.359  1086  1254 D ASH     : @ 1007104.158: tcs3701: start power rail timer, state:3
         1704836233.399  1086  1254 I ASH     : @ 1007104.198: tcs3701: stop power rail pending_off timer
         1704836233.399  1086  1254 D ASH     : @ 1007104.198: tcs3701: start power rail timer, state:3
         1704836233.439  1086  1254 I ASH     : @ 1007104.238: tcs3701: stop power rail pending_off timer
         1704836233.439  1086  1254 D ASH     : @ 1007104.239: tcs3701: start power rail timer, state:3
         1704836233.479  1086  1254 I ASH     : @ 1007104.278: tcs3701: stop power rail pending_off timer
         1704836233.479  1086  1254 D ASH     : @ 1007104.278: tcs3701: start power rail timer, state:3
         1704836233.519  1086  1254 I ASH     : @ 1007104.318: tcs3701: stop power rail pending_off timer
         1704836233.519  1086  1254 D ASH     : @ 1007104.318: tcs3701: start power rail timer, state:3
         1704836233.559  1086  1254 I ASH     : @ 1007104.358: tcs3701: stop power rail pending_off timer
         1704836233.559  1086  1254 D ASH     : @ 1007104.358: tcs3701: start power rail timer, state:3
         1704836233.599  1086  1254 I ASH     : @ 1007104.398: tcs3701: stop power rail pending_off timer
         1704836233.599  1086  1254 D ASH     : @ 1007104.398: tcs3701: start power rail timer, state:3
         1704836233.639  1086  1254 I ASH     : @ 1007104.438: tcs3701: stop power rail pending_off timer
         1704836233.639  1086  1254 D ASH     : @ 1007104.438: tcs3701: start power rail timer, state:3
         1704836233.679  1086  1254 I ASH     : @ 1007104.478: tcs3701: stop power rail pending_off timer
         1704836233.679  1086  1254 D ASH     : @ 1007104.478: tcs3701: start power rail timer, state:3
         1704836233.721  1086  1254 I ASH     : @ 1007104.518: tcs3701: stop power rail pending_off timer
         1704836233.721  1086  1254 D ASH     : @ 1007104.518: tcs3701: start power rail timer, state:3
         1704836233.760  1086  1254 I ASH     : @ 1007104.558: tcs3701: stop power rail pending_off timer
         1704836233.760  1086  1254 D ASH     : @ 1007104.558: tcs3701: start power rail timer, state:3
         1704836233.801  1086  1254 I ASH     : @ 1007104.598: tcs3701: stop power rail pending_off timer
         1704836233.801  1086  1254 D ASH     : @ 1007104.598: tcs3701: start power rail timer, state:3
         1704836233.841  1086  1254 I ASH     : @ 1007104.638: tcs3701: stop power rail pending_off timer
         1704836233.841  1086  1254 D ASH     : @ 1007104.639: tcs3701: start power rail timer, state:3
         1704836233.881  1086  1254 I ASH     : @ 1007104.678: tcs3701: stop power rail pending_off timer
         1704836233.881  1086  1254 D ASH     : @ 1007104.678: tcs3701: start power rail timer, state:3
         1704836233.921  1086  1254 I ASH     : @ 1007104.718: tcs3701: stop power rail pending_off timer
         1704836233.921  1086  1254 D ASH     : @ 1007104.718: tcs3701: start power rail timer, state:3
         1704836233.960  1086  1254 I ASH     : @ 1007104.758: tcs3701: stop power rail pending_off timer
         1704836233.960  1086  1254 D ASH     : @ 1007104.758: tcs3701: start power rail timer, state:3
         1704836234.001  1086  1254 I ASH     : @ 1007104.798: tcs3701: stop power rail pending_off timer
         1704836234.001  1086  1254 D ASH     : @ 1007104.799: tcs3701: start power rail timer, state:3
         1704836234.041  1086  1254 I ASH     : @ 1007104.838: tcs3701: stop power rail pending_off timer
         1704836234.041  1086  1254 D ASH     : @ 1007104.839: tcs3701: start power rail timer, state:3
         1704836234.081  1086  1254 I ASH     : @ 1007104.878: tcs3701: stop power rail pending_off timer
         1704836234.081  1086  1254 D ASH     : @ 1007104.878: tcs3701: start power rail timer, state:3
         1704836234.121  1086  1254 I ASH     : @ 1007104.918: tcs3701: stop power rail pending_off timer
         1704836234.121  1086  1254 D ASH     : @ 1007104.919: tcs3701: start power rail timer, state:3
         1704836234.160  1086  1254 I ASH     : @ 1007104.958: tcs3701: stop power rail pending_off timer
         1704836234.160  1086  1254 D ASH     : @ 1007104.958: tcs3701: start power rail timer, state:3
         1704836234.201  1086  1254 I ASH     : @ 1007104.998: tcs3701: stop power rail pending_off timer
         1704836234.201  1086  1254 D ASH     : @ 1007104.999: tcs3701: start power rail timer, state:3
         1704836234.241  1086  1254 I ASH     : @ 1007105.038: tcs3701: stop power rail pending_off timer
         1704836234.241  1086  1254 D ASH     : @ 1007105.038: tcs3701: start power rail timer, state:3
         1704836234.281  1086  1254 I ASH     : @ 1007105.078: tcs3701: stop power rail pending_off timer
         1704836234.281  1086  1254 D ASH     : @ 1007105.078: tcs3701: start power rail timer, state:3
         1704836234.321  1086  1254 I ASH     : @ 1007105.118: tcs3701: stop power rail pending_off timer
         1704836234.321  1086  1254 D ASH     : @ 1007105.118: tcs3701: start power rail timer, state:3
         1704836234.359  1086  1254 I ASH     : @ 1007105.158: tcs3701: stop power rail pending_off timer
         1704836234.360  1086  1254 D ASH     : @ 1007105.158: tcs3701: start power rail timer, state:3
         1704836234.401  1086  1254 I ASH     : @ 1007105.198: tcs3701: stop power rail pending_off timer
         1704836234.401  1086  1254 D ASH     : @ 1007105.199: tcs3701: start power rail timer, state:3
         1704836234.441  1086  1254 I ASH     : @ 1007105.238: tcs3701: stop power rail pending_off timer
         1704836234.441  1086  1254 D ASH     : @ 1007105.239: tcs3701: start power rail timer, state:3
         1704836234.481  1086  1254 I ASH     : @ 1007105.278: tcs3701: stop power rail pending_off timer
         1704836234.481  1086  1254 D ASH     : @ 1007105.278: tcs3701: start power rail timer, state:3
         1704836234.520  1086  1254 I ASH     : @ 1007105.318: tcs3701: stop power rail pending_off timer
         1704836234.520  1086  1254 D ASH     : @ 1007105.319: tcs3701: start power rail timer, state:3
         1704836234.559  1086  1254 I ASH     : @ 1007105.358: tcs3701: stop power rail pending_off timer
         1704836234.559  1086  1254 D ASH     : @ 1007105.358: tcs3701: start power rail timer, state:3
         1704836234.599  1086  1254 I ASH     : @ 1007105.398: tcs3701: stop power rail pending_off timer
         1704836234.599  1086  1254 D ASH     : @ 1007105.398: tcs3701: start power rail timer, state:3
         1704836234.639  1086  1254 I ASH     : @ 1007105.438: tcs3701: stop power rail pending_off timer
         1704836234.640  1086  1254 D ASH     : @ 1007105.438: tcs3701: start power rail timer, state:3
         1704836234.679  1086  1254 I ASH     : @ 1007105.478: tcs3701: stop power rail pending_off timer
         1704836234.679  1086  1254 D ASH     : @ 1007105.478: tcs3701: start power rail timer, state:3
         1704836234.719  1086  1254 I ASH     : @ 1007105.518: tcs3701: stop power rail pending_off timer
         1704836234.719  1086  1254 D ASH     : @ 1007105.518: tcs3701: start power rail timer, state:3
         1704836234.759  1086  1254 I ASH     : @ 1007105.558: tcs3701: stop power rail pending_off timer
         1704836234.759  1086  1254 D ASH     : @ 1007105.558: tcs3701: start power rail timer, state:3
         1704836234.799  1086  1254 I ASH     : @ 1007105.598: tcs3701: stop power rail pending_off timer
         1704836234.799  1086  1254 D ASH     : @ 1007105.599: tcs3701: start power rail timer, state:3
         1704836234.839  1086  1254 I ASH     : @ 1007105.638: tcs3701: stop power rail pending_off timer
         1704836234.840  1086  1254 D ASH     : @ 1007105.638: tcs3701: start power rail timer, state:3
         1704836234.879  1086  1254 I ASH     : @ 1007105.678: tcs3701: stop power rail pending_off timer
         1704836234.879  1086  1254 D ASH     : @ 1007105.678: tcs3701: start power rail timer, state:3
         1704836234.919  1086  1254 I ASH     : @ 1007105.718: tcs3701: stop power rail pending_off timer
         1704836234.920  1086  1254 D ASH     : @ 1007105.718: tcs3701: start power rail timer, state:3
         1704836234.959  1086  1254 I ASH     : @ 1007105.758: tcs3701: stop power rail pending_off timer
         1704836234.959  1086  1254 D ASH     : @ 1007105.758: tcs3701: start power rail timer, state:3
         1704836235.000  1086  1254 I ASH     : @ 1007105.798: tcs3701: stop power rail pending_off timer
         1704836235.000  1086  1254 D ASH     : @ 1007105.798: tcs3701: start power rail timer, state:3
         1704836235.039  1086  1254 I ASH     : @ 1007105.838: tcs3701: stop power rail pending_off timer
         1704836235.040  1086  1254 D ASH     : @ 1007105.838: tcs3701: start power rail timer, state:3
         1704836235.079  1086  1254 I ASH     : @ 1007105.878: tcs3701: stop power rail pending_off timer
         1704836235.079  1086  1254 D ASH     : @ 1007105.878: tcs3701: start power rail timer, state:3
         1704836235.119  1086  1254 I ASH     : @ 1007105.918: tcs3701: stop power rail pending_off timer
         1704836235.119  1086  1254 D ASH     : @ 1007105.918: tcs3701: start power rail timer, state:3
         1704836235.159  1086  1254 I ASH     : @ 1007105.958: tcs3701: stop power rail pending_off timer
         1704836235.159  1086  1254 D ASH     : @ 1007105.958: tcs3701: start power rail timer, state:3
         1704836235.199  1086  1254 I ASH     : @ 1007105.998: tcs3701: stop power rail pending_off timer
         1704836235.199  1086  1254 D ASH     : @ 1007105.998: tcs3701: start power rail timer, state:3
         1704836235.239  1086  1254 I ASH     : @ 1007106.038: tcs3701: stop power rail pending_off timer
         1704836235.239  1086  1254 D ASH     : @ 1007106.038: tcs3701: start power rail timer, state:3
         1704836235.279  1086  1254 I ASH     : @ 1007106.078: tcs3701: stop power rail pending_off timer
         1704836235.279  1086  1254 D ASH     : @ 1007106.078: tcs3701: start power rail timer, state:3
         1704836235.319  1086  1254 I ASH     : @ 1007106.118: tcs3701: stop power rail pending_off timer
         1704836235.319  1086  1254 D ASH     : @ 1007106.118: tcs3701: start power rail timer, state:3
         1704836235.350  1799  1822 I dashscene: 960 frames over 960 vsyncs
         1704836235.359  1086  1254 I ASH     : @ 1007106.158: tcs3701: stop power rail pending_off timer
         1704836235.359  1086  1254 D ASH     : @ 1007106.158: tcs3701: start power rail timer, state:3
         1704836235.399  1086  1254 I ASH     : @ 1007106.198: tcs3701: stop power rail pending_off timer
         1704836235.399  1086  1254 D ASH     : @ 1007106.198: tcs3701: start power rail timer, state:3
         1704836235.439  1086  1254 I ASH     : @ 1007106.238: tcs3701: stop power rail pending_off timer
         1704836235.439  1086  1254 D ASH     : @ 1007106.238: tcs3701: start power rail timer, state:3
         1704836235.479  1086  1254 I ASH     : @ 1007106.278: tcs3701: stop power rail pending_off timer
         1704836235.480  1086  1254 D ASH     : @ 1007106.278: tcs3701: start power rail timer, state:3
         1704836235.519  1086  1254 I ASH     : @ 1007106.318: tcs3701: stop power rail pending_off timer
         1704836235.519  1086  1254 D ASH     : @ 1007106.318: tcs3701: start power rail timer, state:3
         1704836235.559  1086  1254 I ASH     : @ 1007106.358: tcs3701: stop power rail pending_off timer
         1704836235.559  1086  1254 D ASH     : @ 1007106.358: tcs3701: start power rail timer, state:3
         1704836235.599  1086  1254 I ASH     : @ 1007106.398: tcs3701: stop power rail pending_off timer
         1704836235.599  1086  1254 D ASH     : @ 1007106.398: tcs3701: start power rail timer, state:3
         1704836235.639  1086  1254 I ASH     : @ 1007106.438: tcs3701: stop power rail pending_off timer
         1704836235.639  1086  1254 D ASH     : @ 1007106.438: tcs3701: start power rail timer, state:3
         1704836235.679  1086  1254 I ASH     : @ 1007106.478: tcs3701: stop power rail pending_off timer
         1704836235.679  1086  1254 D ASH     : @ 1007106.478: tcs3701: start power rail timer, state:3
         1704836235.719  1086  1254 I ASH     : @ 1007106.518: tcs3701: stop power rail pending_off timer
         1704836235.719  1086  1254 D ASH     : @ 1007106.519: tcs3701: start power rail timer, state:3
         1704836235.759  1086  1254 I ASH     : @ 1007106.558: tcs3701: stop power rail pending_off timer
         1704836235.760  1086  1254 D ASH     : @ 1007106.558: tcs3701: start power rail timer, state:3
         1704836235.799  1086  1254 I ASH     : @ 1007106.598: tcs3701: stop power rail pending_off timer
         1704836235.799  1086  1254 D ASH     : @ 1007106.598: tcs3701: start power rail timer, state:3
         1704836235.839  1086  1254 I ASH     : @ 1007106.638: tcs3701: stop power rail pending_off timer
         1704836235.839  1086  1254 D ASH     : @ 1007106.638: tcs3701: start power rail timer, state:3
         1704836235.879  1086  1254 I ASH     : @ 1007106.678: tcs3701: stop power rail pending_off timer
         1704836235.880  1086  1254 D ASH     : @ 1007106.678: tcs3701: start power rail timer, state:3
         1704836235.919  1086  1254 I ASH     : @ 1007106.718: tcs3701: stop power rail pending_off timer
         1704836235.919  1086  1254 D ASH     : @ 1007106.718: tcs3701: start power rail timer, state:3
         1704836235.959  1086  1254 I ASH     : @ 1007106.758: tcs3701: stop power rail pending_off timer
         1704836235.959  1086  1254 D ASH     : @ 1007106.758: tcs3701: start power rail timer, state:3
         1704836235.999  1086  1254 I ASH     : @ 1007106.798: tcs3701: stop power rail pending_off timer
         1704836235.999  1086  1254 D ASH     : @ 1007106.798: tcs3701: start power rail timer, state:3
         1704836236.039  1086  1254 I ASH     : @ 1007106.838: tcs3701: stop power rail pending_off timer
         1704836236.039  1086  1254 D ASH     : @ 1007106.838: tcs3701: start power rail timer, state:3
         1704836236.079  1086  1254 I ASH     : @ 1007106.878: tcs3701: stop power rail pending_off timer
         1704836236.079  1086  1254 D ASH     : @ 1007106.878: tcs3701: start power rail timer, state:3
         1704836236.119  1086  1254 I ASH     : @ 1007106.918: tcs3701: stop power rail pending_off timer
         1704836236.119  1086  1254 D ASH     : @ 1007106.918: tcs3701: start power rail timer, state:3
         1704836236.159  1086  1254 I ASH     : @ 1007106.958: tcs3701: stop power rail pending_off timer
         1704836236.160  1086  1254 D ASH     : @ 1007106.958: tcs3701: start power rail timer, state:3
         1704836236.201  1086  1254 I ASH     : @ 1007106.998: tcs3701: stop power rail pending_off timer
         1704836236.201  1086  1254 D ASH     : @ 1007106.998: tcs3701: start power rail timer, state:3
         1704836236.240  1086  1254 I ASH     : @ 1007107.038: tcs3701: stop power rail pending_off timer
         1704836236.240  1086  1254 D ASH     : @ 1007107.039: tcs3701: start power rail timer, state:3
         1704836236.281  1086  1254 I ASH     : @ 1007107.078: tcs3701: stop power rail pending_off timer
         1704836236.281  1086  1254 D ASH     : @ 1007107.079: tcs3701: start power rail timer, state:3
         1704836236.321  1086  1254 I ASH     : @ 1007107.118: tcs3701: stop power rail pending_off timer
         1704836236.321  1086  1254 D ASH     : @ 1007107.119: tcs3701: start power rail timer, state:3
         1704836236.360  1086  1254 I ASH     : @ 1007107.158: tcs3701: stop power rail pending_off timer
         1704836236.360  1086  1254 D ASH     : @ 1007107.158: tcs3701: start power rail timer, state:3
         1704836236.391  1785  2388 D ActivityManager: freezing 21720 com.google.android.permissioncontroller
         1704836236.399  1086  1254 I ASH     : @ 1007107.198: tcs3701: stop power rail pending_off timer
         1704836236.399  1086  1254 D ASH     : @ 1007107.199: tcs3701: start power rail timer, state:3
         1704836236.439  1086  1254 I ASH     : @ 1007107.238: tcs3701: stop power rail pending_off timer
         1704836236.439  1086  1254 D ASH     : @ 1007107.238: tcs3701: start power rail timer, state:3
         1704836236.479  1086  1254 I ASH     : @ 1007107.278: tcs3701: stop power rail pending_off timer
         1704836236.479  1086  1254 D ASH     : @ 1007107.278: tcs3701: start power rail timer, state:3
         1704836236.512  1785  2388 D ActivityManager: freezing 3878 com.google.android.gms
         1704836236.519  1086  1254 I ASH     : @ 1007107.318: tcs3701: stop power rail pending_off timer
         1704836236.519  1086  1254 D ASH     : @ 1007107.318: tcs3701: start power rail timer, state:3
         1704836236.559  1086  1254 I ASH     : @ 1007107.358: tcs3701: stop power rail pending_off timer
         1704836236.559  1086  1254 D ASH     : @ 1007107.359: tcs3701: start power rail timer, state:3
         1704836236.599  1086  1254 I ASH     : @ 1007107.398: tcs3701: stop power rail pending_off timer
         1704836236.599  1086  1254 D ASH     : @ 1007107.398: tcs3701: start power rail timer, state:3
         1704836236.639  1086  1254 I ASH     : @ 1007107.438: tcs3701: stop power rail pending_off timer
         1704836236.639  1086  1254 D ASH     : @ 1007107.438: tcs3701: start power rail timer, state:3
         1704836236.679  1086  1254 I ASH     : @ 1007107.478: tcs3701: stop power rail pending_off timer
         1704836236.680  1086  1254 D ASH     : @ 1007107.479: tcs3701: start power rail timer, state:3
         1704836236.721  1086  1254 I ASH     : @ 1007107.518: tcs3701: stop power rail pending_off timer
         1704836236.721  1086  1254 D ASH     : @ 1007107.519: tcs3701: start power rail timer, state:3
         1704836236.760  1086  1254 I ASH     : @ 1007107.558: tcs3701: stop power rail pending_off timer
         1704836236.760  1086  1254 D ASH     : @ 1007107.558: tcs3701: start power rail timer, state:3
         1704836236.801  1086  1254 I ASH     : @ 1007107.598: tcs3701: stop power rail pending_off timer
         1704836236.802  1086  1254 D ASH     : @ 1007107.598: tcs3701: start power rail timer, state:3
         1704836236.841  1086  1254 I ASH     : @ 1007107.638: tcs3701: stop power rail pending_off timer
         1704836236.841  1086  1254 D ASH     : @ 1007107.638: tcs3701: start power rail timer, state:3
         1704836236.881  1086  1254 I ASH     : @ 1007107.678: tcs3701: stop power rail pending_off timer
         1704836236.881  1086  1254 D ASH     : @ 1007107.678: tcs3701: start power rail timer, state:3
         1704836236.921  1086  1254 I ASH     : @ 1007107.718: tcs3701: stop power rail pending_off timer
         1704836236.921  1086  1254 D ASH     : @ 1007107.718: tcs3701: start power rail timer, state:3
         1704836236.960  1086  1254 I ASH     : @ 1007107.758: tcs3701: stop power rail pending_off timer
         1704836236.960  1086  1254 D ASH     : @ 1007107.758: tcs3701: start power rail timer, state:3
         1704836237.001  1086  1254 I ASH     : @ 1007107.798: tcs3701: stop power rail pending_off timer
         1704836237.001  1086  1254 D ASH     : @ 1007107.799: tcs3701: start power rail timer, state:3
         1704836237.040  1086  1254 I ASH     : @ 1007107.838: tcs3701: stop power rail pending_off timer
         1704836237.040  1086  1254 D ASH     : @ 1007107.838: tcs3701: start power rail timer, state:3
         1704836237.080  1086  1254 I ASH     : @ 1007107.878: tcs3701: stop power rail pending_off timer
         1704836237.080  1086  1254 D ASH     : @ 1007107.879: tcs3701: start power rail timer, state:3
         1704836237.119  1086  1254 I ASH     : @ 1007107.918: tcs3701: stop power rail pending_off timer
         1704836237.120  1086  1254 D ASH     : @ 1007107.918: tcs3701: start power rail timer, state:3
         1704836237.159  1086  1254 I ASH     : @ 1007107.958: tcs3701: stop power rail pending_off timer
         1704836237.159  1086  1254 D ASH     : @ 1007107.958: tcs3701: start power rail timer, state:3
         1704836237.199  1086  1254 I ASH     : @ 1007107.998: tcs3701: stop power rail pending_off timer
         1704836237.199  1086  1254 D ASH     : @ 1007107.998: tcs3701: start power rail timer, state:3
         1704836237.239  1086  1254 I ASH     : @ 1007108.038: tcs3701: stop power rail pending_off timer
         1704836237.240  1086  1254 D ASH     : @ 1007108.038: tcs3701: start power rail timer, state:3
         1704836237.279  1086  1254 I ASH     : @ 1007108.078: tcs3701: stop power rail pending_off timer
         1704836237.279  1086  1254 D ASH     : @ 1007108.078: tcs3701: start power rail timer, state:3
         1704836237.319  1086  1254 I ASH     : @ 1007108.118: tcs3701: stop power rail pending_off timer
         1704836237.320  1086  1254 D ASH     : @ 1007108.118: tcs3701: start power rail timer, state:3
         1704836237.359  1086  1254 I ASH     : @ 1007108.158: tcs3701: stop power rail pending_off timer
         1704836237.359  1086  1254 D ASH     : @ 1007108.158: tcs3701: start power rail timer, state:3
         1704836237.399  1086  1254 I ASH     : @ 1007108.198: tcs3701: stop power rail pending_off timer
         1704836237.399  1086  1254 D ASH     : @ 1007108.198: tcs3701: start power rail timer, state:3
         1704836237.439  1086  1254 I ASH     : @ 1007108.238: tcs3701: stop power rail pending_off timer
         1704836237.440  1086  1254 D ASH     : @ 1007108.238: tcs3701: start power rail timer, state:3
         1704836237.479  1086  1254 I ASH     : @ 1007108.278: tcs3701: stop power rail pending_off timer
         1704836237.479  1086  1254 D ASH     : @ 1007108.278: tcs3701: start power rail timer, state:3
         1704836237.519  1086  1254 I ASH     : @ 1007108.318: tcs3701: stop power rail pending_off timer
         1704836237.519  1086  1254 D ASH     : @ 1007108.318: tcs3701: start power rail timer, state:3
         1704836237.559  1086  1254 I ASH     : @ 1007108.358: tcs3701: stop power rail pending_off timer
         1704836237.559  1086  1254 D ASH     : @ 1007108.358: tcs3701: start power rail timer, state:3
         1704836237.600  1086  1254 I ASH     : @ 1007108.398: tcs3701: stop power rail pending_off timer
         1704836237.600  1086  1254 D ASH     : @ 1007108.398: tcs3701: start power rail timer, state:3
         1704836237.639  1086  1254 I ASH     : @ 1007108.438: tcs3701: stop power rail pending_off timer
         1704836237.639  1086  1254 D ASH     : @ 1007108.438: tcs3701: start power rail timer, state:3
         1704836237.679  1086  1254 I ASH     : @ 1007108.478: tcs3701: stop power rail pending_off timer
         1704836237.679  1086  1254 D ASH     : @ 1007108.478: tcs3701: start power rail timer, state:3
         1704836237.719  1086  1254 I ASH     : @ 1007108.518: tcs3701: stop power rail pending_off timer
         1704836237.719  1086  1254 D ASH     : @ 1007108.518: tcs3701: start power rail timer, state:3
         1704836237.759  1086  1254 I ASH     : @ 1007108.558: tcs3701: stop power rail pending_off timer
         1704836237.759  1086  1254 D ASH     : @ 1007108.559: tcs3701: start power rail timer, state:3
         1704836237.800  1086  1254 I ASH     : @ 1007108.598: tcs3701: stop power rail pending_off timer
         1704836237.800  1086  1254 D ASH     : @ 1007108.598: tcs3701: start power rail timer, state:3
         1704836237.839  1086  1254 I ASH     : @ 1007108.638: tcs3701: stop power rail pending_off timer
         1704836237.839  1086  1254 D ASH     : @ 1007108.638: tcs3701: start power rail timer, state:3
         1704836237.879  1086  1254 I ASH     : @ 1007108.678: tcs3701: stop power rail pending_off timer
         1704836237.879  1086  1254 D ASH     : @ 1007108.678: tcs3701: start power rail timer, state:3
         1704836237.919  1086  1254 I ASH     : @ 1007108.718: tcs3701: stop power rail pending_off timer
         1704836237.919  1086  1254 D ASH     : @ 1007108.718: tcs3701: start power rail timer, state:3
         1704836237.959  1086  1254 I ASH     : @ 1007108.758: tcs3701: stop power rail pending_off timer
         1704836237.959  1086  1254 D ASH     : @ 1007108.758: tcs3701: start power rail timer, state:3
         1704836238.000  1086  1254 I ASH     : @ 1007108.798: tcs3701: stop power rail pending_off timer
         1704836238.000  1086  1254 D ASH     : @ 1007108.798: tcs3701: start power rail timer, state:3
         1704836238.039  1086  1254 I ASH     : @ 1007108.838: tcs3701: stop power rail pending_off timer
         1704836238.039  1086  1254 D ASH     : @ 1007108.838: tcs3701: start power rail timer, state:3
         1704836238.079  1086  1254 I ASH     : @ 1007108.878: tcs3701: stop power rail pending_off timer
         1704836238.079  1086  1254 D ASH     : @ 1007108.878: tcs3701: start power rail timer, state:3
         1704836238.119  1086  1254 I ASH     : @ 1007108.918: tcs3701: stop power rail pending_off timer
         1704836238.119  1086  1254 D ASH     : @ 1007108.918: tcs3701: start power rail timer, state:3
         1704836238.159  1086  1254 I ASH     : @ 1007108.958: tcs3701: stop power rail pending_off timer
         1704836238.159  1086  1254 D ASH     : @ 1007108.958: tcs3701: start power rail timer, state:3
         1704836238.199  1086  1254 I ASH     : @ 1007108.998: tcs3701: stop power rail pending_off timer
         1704836238.199  1086  1254 D ASH     : @ 1007108.998: tcs3701: start power rail timer, state:3
         1704836238.239  1086  1254 I ASH     : @ 1007109.038: tcs3701: stop power rail pending_off timer
         1704836238.239  1086  1254 D ASH     : @ 1007109.038: tcs3701: start power rail timer, state:3
         1704836238.279  1086  1254 I ASH     : @ 1007109.078: tcs3701: stop power rail pending_off timer
         1704836238.279  1086  1254 D ASH     : @ 1007109.078: tcs3701: start power rail timer, state:3
         1704836238.319  1086  1254 I ASH     : @ 1007109.118: tcs3701: stop power rail pending_off timer
         1704836238.319  1086  1254 D ASH     : @ 1007109.118: tcs3701: start power rail timer, state:3
         1704836238.359  1086  1254 I ASH     : @ 1007109.158: tcs3701: stop power rail pending_off timer
         1704836238.359  1086  1254 D ASH     : @ 1007109.158: tcs3701: start power rail timer, state:3
         1704836238.400  1086  1254 I ASH     : @ 1007109.198: tcs3701: stop power rail pending_off timer
         1704836238.400  1086  1254 D ASH     : @ 1007109.198: tcs3701: start power rail timer, state:3
         1704836238.439  1086  1254 I ASH     : @ 1007109.238: tcs3701: stop power rail pending_off timer
         1704836238.439  1086  1254 D ASH     : @ 1007109.238: tcs3701: start power rail timer, state:3
         1704836238.479  1086  1254 I ASH     : @ 1007109.278: tcs3701: stop power rail pending_off timer
         1704836238.479  1086  1254 D ASH     : @ 1007109.278: tcs3701: start power rail timer, state:3
         1704836238.519  1086  1254 I ASH     : @ 1007109.318: tcs3701: stop power rail pending_off timer
         1704836238.519  1086  1254 D ASH     : @ 1007109.318: tcs3701: start power rail timer, state:3
         1704836238.559  1086  1254 I ASH     : @ 1007109.358: tcs3701: stop power rail pending_off timer
         1704836238.559  1086  1254 D ASH     : @ 1007109.358: tcs3701: start power rail timer, state:3
         1704836238.599  1086  1254 I ASH     : @ 1007109.398: tcs3701: stop power rail pending_off timer
         1704836238.599  1086  1254 D ASH     : @ 1007109.398: tcs3701: start power rail timer, state:3
         1704836238.639  1086  1254 I ASH     : @ 1007109.438: tcs3701: stop power rail pending_off timer
         1704836238.639  1086  1254 D ASH     : @ 1007109.438: tcs3701: start power rail timer, state:3
         1704836238.679  1086  1254 I ASH     : @ 1007109.478: tcs3701: stop power rail pending_off timer
         1704836238.679  1086  1254 D ASH     : @ 1007109.478: tcs3701: start power rail timer, state:3
         1704836238.720  1086  1254 I ASH     : @ 1007109.518: tcs3701: stop power rail pending_off timer
         1704836238.720  1086  1254 D ASH     : @ 1007109.518: tcs3701: start power rail timer, state:3
         1704836238.759  1086  1254 I ASH     : @ 1007109.558: tcs3701: stop power rail pending_off timer
         1704836238.759  1086  1254 D ASH     : @ 1007109.558: tcs3701: start power rail timer, state:3
         1704836238.801  1086  1254 I ASH     : @ 1007109.598: tcs3701: stop power rail pending_off timer
         1704836238.801  1086  1254 D ASH     : @ 1007109.598: tcs3701: start power rail timer, state:3
         1704836238.841  1086  1254 I ASH     : @ 1007109.638: tcs3701: stop power rail pending_off timer
         1704836238.841  1086  1254 D ASH     : @ 1007109.639: tcs3701: start power rail timer, state:3
         1704836238.879  1086  1254 I ASH     : @ 1007109.678: tcs3701: stop power rail pending_off timer
         1704836238.880  1086  1254 D ASH     : @ 1007109.678: tcs3701: start power rail timer, state:3
         1704836238.921  1086  1254 I ASH     : @ 1007109.718: tcs3701: stop power rail pending_off timer
         1704836238.921  1086  1254 D ASH     : @ 1007109.718: tcs3701: start power rail timer, state:3
         1704836238.961  1086  1254 I ASH     : @ 1007109.758: tcs3701: stop power rail pending_off timer
         1704836238.961  1086  1254 D ASH     : @ 1007109.758: tcs3701: start power rail timer, state:3
         1704836239.001  1086  1254 I ASH     : @ 1007109.798: tcs3701: stop power rail pending_off timer
         1704836239.001  1086  1254 D ASH     : @ 1007109.799: tcs3701: start power rail timer, state:3
         1704836239.041  1086  1254 I ASH     : @ 1007109.838: tcs3701: stop power rail pending_off timer
         1704836239.041  1086  1254 D ASH     : @ 1007109.838: tcs3701: start power rail timer, state:3
         1704836239.080  1086  1254 I ASH     : @ 1007109.878: tcs3701: stop power rail pending_off timer
         1704836239.080  1086  1254 D ASH     : @ 1007109.878: tcs3701: start power rail timer, state:3
         1704836239.121  1086  1254 I ASH     : @ 1007109.918: tcs3701: stop power rail pending_off timer
         1704836239.121  1086  1254 D ASH     : @ 1007109.918: tcs3701: start power rail timer, state:3
         1704836239.161  1086  1254 I ASH     : @ 1007109.958: tcs3701: stop power rail pending_off timer
         1704836239.161  1086  1254 D ASH     : @ 1007109.958: tcs3701: start power rail timer, state:3
         1704836239.201  1086  1254 I ASH     : @ 1007109.998: tcs3701: stop power rail pending_off timer
         1704836239.201  1086  1254 D ASH     : @ 1007109.999: tcs3701: start power rail timer, state:3
         1704836239.241  1086  1254 I ASH     : @ 1007110.038: tcs3701: stop power rail pending_off timer
         1704836239.241  1086  1254 D ASH     : @ 1007110.039: tcs3701: start power rail timer, state:3
         1704836239.280  1086  1254 I ASH     : @ 1007110.078: tcs3701: stop power rail pending_off timer
         1704836239.280  1086  1254 D ASH     : @ 1007110.079: tcs3701: start power rail timer, state:3
         1704836239.321  1086  1254 I ASH     : @ 1007110.118: tcs3701: stop power rail pending_off timer
         1704836239.321  1086  1254 D ASH     : @ 1007110.118: tcs3701: start power rail timer, state:3
         1704836239.361  1086  1254 I ASH     : @ 1007110.158: tcs3701: stop power rail pending_off timer
         1704836239.361  1086  1254 D ASH     : @ 1007110.158: tcs3701: start power rail timer, state:3
         1704836239.401  1086  1254 I ASH     : @ 1007110.198: tcs3701: stop power rail pending_off timer
         1704836239.401  1086  1254 D ASH     : @ 1007110.198: tcs3701: start power rail timer, state:3
         1704836239.441  1086  1254 I ASH     : @ 1007110.238: tcs3701: stop power rail pending_off timer
         1704836239.441  1086  1254 D ASH     : @ 1007110.238: tcs3701: start power rail timer, state:3
         1704836239.480  1086  1254 I ASH     : @ 1007110.278: tcs3701: stop power rail pending_off timer
         1704836239.480  1086  1254 D ASH     : @ 1007110.279: tcs3701: start power rail timer, state:3
         1704836239.520  1086  1254 I ASH     : @ 1007110.318: tcs3701: stop power rail pending_off timer
         1704836239.520  1086  1254 D ASH     : @ 1007110.318: tcs3701: start power rail timer, state:3
         1704836239.559  1086  1254 I ASH     : @ 1007110.358: tcs3701: stop power rail pending_off timer
         1704836239.559  1086  1254 D ASH     : @ 1007110.359: tcs3701: start power rail timer, state:3
         1704836239.599  1086  1254 I ASH     : @ 1007110.398: tcs3701: stop power rail pending_off timer
         1704836239.599  1086  1254 D ASH     : @ 1007110.398: tcs3701: start power rail timer, state:3
         1704836239.639  1086  1254 I ASH     : @ 1007110.438: tcs3701: stop power rail pending_off timer
         1704836239.639  1086  1254 D ASH     : @ 1007110.439: tcs3701: start power rail timer, state:3
         1704836239.679  1086  1254 I ASH     : @ 1007110.478: tcs3701: stop power rail pending_off timer
         1704836239.680  1086  1254 D ASH     : @ 1007110.479: tcs3701: start power rail timer, state:3
         1704836239.719  1086  1254 I ASH     : @ 1007110.518: tcs3701: stop power rail pending_off timer
         1704836239.719  1086  1254 D ASH     : @ 1007110.518: tcs3701: start power rail timer, state:3
         1704836239.759  1086  1254 I ASH     : @ 1007110.558: tcs3701: stop power rail pending_off timer
         1704836239.759  1086  1254 D ASH     : @ 1007110.558: tcs3701: start power rail timer, state:3
         1704836239.799  1086  1254 I ASH     : @ 1007110.598: tcs3701: stop power rail pending_off timer
         1704836239.799  1086  1254 D ASH     : @ 1007110.598: tcs3701: start power rail timer, state:3
         1704836239.839  1086  1254 I ASH     : @ 1007110.638: tcs3701: stop power rail pending_off timer
         1704836239.839  1086  1254 D ASH     : @ 1007110.638: tcs3701: start power rail timer, state:3
         1704836239.879  1086  1254 I ASH     : @ 1007110.678: tcs3701: stop power rail pending_off timer
         1704836239.880  1086  1254 D ASH     : @ 1007110.678: tcs3701: start power rail timer, state:3
         1704836239.919  1086  1254 I ASH     : @ 1007110.718: tcs3701: stop power rail pending_off timer
         1704836239.919  1086  1254 D ASH     : @ 1007110.718: tcs3701: start power rail timer, state:3
         1704836239.959  1086  1254 I ASH     : @ 1007110.758: tcs3701: stop power rail pending_off timer
         1704836239.959  1086  1254 D ASH     : @ 1007110.758: tcs3701: start power rail timer, state:3
         1704836239.999  1086  1254 I ASH     : @ 1007110.798: tcs3701: stop power rail pending_off timer
         1704836239.999  1086  1254 D ASH     : @ 1007110.798: tcs3701: start power rail timer, state:3
         1704836240.039  1086  1254 I ASH     : @ 1007110.838: tcs3701: stop power rail pending_off timer
         1704836240.039  1086  1254 D ASH     : @ 1007110.838: tcs3701: start power rail timer, state:3
         1704836240.079  1086  1254 I ASH     : @ 1007110.878: tcs3701: stop power rail pending_off timer
         1704836240.079  1086  1254 D ASH     : @ 1007110.878: tcs3701: start power rail timer, state:3
         1704836240.119  1086  1254 I ASH     : @ 1007110.918: tcs3701: stop power rail pending_off timer
         1704836240.120  1086  1254 D ASH     : @ 1007110.918: tcs3701: start power rail timer, state:3
         1704836240.159  1086  1254 I ASH     : @ 1007110.958: tcs3701: stop power rail pending_off timer
         1704836240.159  1086  1254 D ASH     : @ 1007110.958: tcs3701: start power rail timer, state:3
         1704836240.199  1086  1254 I ASH     : @ 1007110.998: tcs3701: stop power rail pending_off timer
         1704836240.199  1086  1254 D ASH     : @ 1007110.998: tcs3701: start power rail timer, state:3
         1704836240.239  1086  1254 I ASH     : @ 1007111.038: tcs3701: stop power rail pending_off timer
         1704836240.239  1086  1254 D ASH     : @ 1007111.038: tcs3701: start power rail timer, state:3
         1704836240.279  1086  1254 I ASH     : @ 1007111.078: tcs3701: stop power rail pending_off timer
         1704836240.279  1086  1254 D ASH     : @ 1007111.078: tcs3701: start power rail timer, state:3
         1704836240.320  1086  1254 I ASH     : @ 1007111.118: tcs3701: stop power rail pending_off timer
         1704836240.320  1086  1254 D ASH     : @ 1007111.118: tcs3701: start power rail timer, state:3
         1704836240.359  1086  1254 I ASH     : @ 1007111.158: tcs3701: stop power rail pending_off timer
         1704836240.359  1086  1254 D ASH     : @ 1007111.158: tcs3701: start power rail timer, state:3
         1704836240.399  1086  1254 I ASH     : @ 1007111.198: tcs3701: stop power rail pending_off timer
         1704836240.399  1086  1254 D ASH     : @ 1007111.198: tcs3701: start power rail timer, state:3
         1704836240.439  1086  1254 I ASH     : @ 1007111.238: tcs3701: stop power rail pending_off timer
         1704836240.439  1086  1254 D ASH     : @ 1007111.238: tcs3701: start power rail timer, state:3
         1704836240.479  1086  1254 I ASH     : @ 1007111.278: tcs3701: stop power rail pending_off timer
         1704836240.479  1086  1254 D ASH     : @ 1007111.278: tcs3701: start power rail timer, state:3
         1704836240.519  1086  1254 I ASH     : @ 1007111.318: tcs3701: stop power rail pending_off timer
         1704836240.519  1086  1254 D ASH     : @ 1007111.318: tcs3701: start power rail timer, state:3
         1704836240.559  1086  1254 I ASH     : @ 1007111.358: tcs3701: stop power rail pending_off timer
         1704836240.559  1086  1254 D ASH     : @ 1007111.358: tcs3701: start power rail timer, state:3
         1704836240.599  1086  1254 I ASH     : @ 1007111.398: tcs3701: stop power rail pending_off timer
         1704836240.599  1086  1254 D ASH     : @ 1007111.398: tcs3701: start power rail timer, state:3
         1704836240.639  1086  1254 I ASH     : @ 1007111.438: tcs3701: stop power rail pending_off timer
         1704836240.639  1086  1254 D ASH     : @ 1007111.438: tcs3701: start power rail timer, state:3
         1704836240.679  1086  1254 I ASH     : @ 1007111.478: tcs3701: stop power rail pending_off timer
         1704836240.679  1086  1254 D ASH     : @ 1007111.478: tcs3701: start power rail timer, state:3
         1704836240.720  1086  1254 I ASH     : @ 1007111.518: tcs3701: stop power rail pending_off timer
         1704836240.720  1086  1254 D ASH     : @ 1007111.519: tcs3701: start power rail timer, state:3
         1704836240.759  1086  1254 I ASH     : @ 1007111.558: tcs3701: stop power rail pending_off timer
         1704836240.759  1086  1254 D ASH     : @ 1007111.558: tcs3701: start power rail timer, state:3
         1704836240.799  1086  1254 I ASH     : @ 1007111.598: tcs3701: stop power rail pending_off timer
         1704836240.799  1086  1254 D ASH     : @ 1007111.598: tcs3701: start power rail timer, state:3
         1704836240.839  1086  1254 I ASH     : @ 1007111.638: tcs3701: stop power rail pending_off timer
         1704836240.839  1086  1254 D ASH     : @ 1007111.638: tcs3701: start power rail timer, state:3
         1704836240.879  1086  1254 I ASH     : @ 1007111.678: tcs3701: stop power rail pending_off timer
         1704836240.879  1086  1254 D ASH     : @ 1007111.678: tcs3701: start power rail timer, state:3
         1704836240.919  1086  1254 I ASH     : @ 1007111.718: tcs3701: stop power rail pending_off timer
         1704836240.919  1086  1254 D ASH     : @ 1007111.718: tcs3701: start power rail timer, state:3
         1704836240.959  1086  1254 I ASH     : @ 1007111.758: tcs3701: stop power rail pending_off timer
         1704836240.960  1086  1254 D ASH     : @ 1007111.758: tcs3701: start power rail timer, state:3
         1704836240.999  1086  1254 I ASH     : @ 1007111.798: tcs3701: stop power rail pending_off timer
         1704836240.999  1086  1254 D ASH     : @ 1007111.798: tcs3701: start power rail timer, state:3
         1704836241.039  1086  1254 I ASH     : @ 1007111.838: tcs3701: stop power rail pending_off timer
         1704836241.039  1086  1254 D ASH     : @ 1007111.838: tcs3701: start power rail timer, state:3
         1704836241.079  1086  1254 I ASH     : @ 1007111.878: tcs3701: stop power rail pending_off timer
         1704836241.079  1086  1254 D ASH     : @ 1007111.878: tcs3701: start power rail timer, state:3
         1704836241.119  1086  1254 I ASH     : @ 1007111.918: tcs3701: stop power rail pending_off timer
         1704836241.119  1086  1254 D ASH     : @ 1007111.918: tcs3701: start power rail timer, state:3
         1704836241.160  1086  1254 I ASH     : @ 1007111.958: tcs3701: stop power rail pending_off timer
         1704836241.160  1086  1254 D ASH     : @ 1007111.958: tcs3701: start power rail timer, state:3
         1704836241.200  1086  1254 I ASH     : @ 1007111.998: tcs3701: stop power rail pending_off timer
         1704836241.200  1086  1254 D ASH     : @ 1007111.998: tcs3701: start power rail timer, state:3
         1704836241.241  1086  1254 I ASH     : @ 1007112.038: tcs3701: stop power rail pending_off timer
         1704836241.241  1086  1254 D ASH     : @ 1007112.039: tcs3701: start power rail timer, state:3
         1704836241.280  1086  1254 I ASH     : @ 1007112.078: tcs3701: stop power rail pending_off timer
         1704836241.280  1086  1254 D ASH     : @ 1007112.079: tcs3701: start power rail timer, state:3
         1704836241.321  1086  1254 I ASH     : @ 1007112.118: tcs3701: stop power rail pending_off timer
         1704836241.321  1086  1254 D ASH     : @ 1007112.118: tcs3701: start power rail timer, state:3
         1704836241.330  1799  1822 I dashscene: 1200 frames over 1200 vsyncs
         1704836241.361  1086  1254 I ASH     : @ 1007112.158: tcs3701: stop power rail pending_off timer
         1704836241.361  1086  1254 D ASH     : @ 1007112.159: tcs3701: start power rail timer, state:3
         1704836241.400  1086  1254 I ASH     : @ 1007112.198: tcs3701: stop power rail pending_off timer
         1704836241.400  1086  1254 D ASH     : @ 1007112.198: tcs3701: start power rail timer, state:3
         1704836241.441  1086  1254 I ASH     : @ 1007112.238: tcs3701: stop power rail pending_off timer
         1704836241.441  1086  1254 D ASH     : @ 1007112.239: tcs3701: start power rail timer, state:3
         1704836241.480  1086  1254 I ASH     : @ 1007112.278: tcs3701: stop power rail pending_off timer
         1704836241.480  1086  1254 D ASH     : @ 1007112.278: tcs3701: start power rail timer, state:3
         1704836241.521  1086  1254 I ASH     : @ 1007112.318: tcs3701: stop power rail pending_off timer
         1704836241.521  1086  1254 D ASH     : @ 1007112.318: tcs3701: start power rail timer, state:3
         1704836241.561  1086  1254 I ASH     : @ 1007112.358: tcs3701: stop power rail pending_off timer
         1704836241.561  1086  1254 D ASH     : @ 1007112.359: tcs3701: start power rail timer, state:3
         1704836241.600  1086  1254 I ASH     : @ 1007112.398: tcs3701: stop power rail pending_off timer
         1704836241.600  1086  1254 D ASH     : @ 1007112.398: tcs3701: start power rail timer, state:3
         1704836241.641  1086  1254 I ASH     : @ 1007112.438: tcs3701: stop power rail pending_off timer
         1704836241.641  1086  1254 D ASH     : @ 1007112.439: tcs3701: start power rail timer, state:3
         1704836241.680  1086  1254 I ASH     : @ 1007112.478: tcs3701: stop power rail pending_off timer
         1704836241.680  1086  1254 D ASH     : @ 1007112.479: tcs3701: start power rail timer, state:3
         1704836241.721  1086  1254 I ASH     : @ 1007112.518: tcs3701: stop power rail pending_off timer
         1704836241.721  1086  1254 D ASH     : @ 1007112.518: tcs3701: start power rail timer, state:3
         1704836241.761  1086  1254 I ASH     : @ 1007112.558: tcs3701: stop power rail pending_off timer
         1704836241.761  1086  1254 D ASH     : @ 1007112.558: tcs3701: start power rail timer, state:3
         1704836241.800  1086  1254 I ASH     : @ 1007112.598: tcs3701: stop power rail pending_off timer
         1704836241.800  1086  1254 D ASH     : @ 1007112.598: tcs3701: start power rail timer, state:3
         1704836241.841  1086  1254 I ASH     : @ 1007112.638: tcs3701: stop power rail pending_off timer
         1704836241.841  1086  1254 D ASH     : @ 1007112.639: tcs3701: start power rail timer, state:3
         1704836241.881  1086  1254 I ASH     : @ 1007112.678: tcs3701: stop power rail pending_off timer
         1704836241.881  1086  1254 D ASH     : @ 1007112.678: tcs3701: start power rail timer, state:3
         1704836241.921  1086  1254 I ASH     : @ 1007112.718: tcs3701: stop power rail pending_off timer
         1704836241.921  1086  1254 D ASH     : @ 1007112.718: tcs3701: start power rail timer, state:3
         1704836241.961  1086  1254 I ASH     : @ 1007112.758: tcs3701: stop power rail pending_off timer
         1704836241.961  1086  1254 D ASH     : @ 1007112.759: tcs3701: start power rail timer, state:3
         1704836242.000  1086  1254 I ASH     : @ 1007112.798: tcs3701: stop power rail pending_off timer
         1704836242.000  1086  1254 D ASH     : @ 1007112.798: tcs3701: start power rail timer, state:3
         1704836242.040  1086  1254 I ASH     : @ 1007112.838: tcs3701: stop power rail pending_off timer
         1704836242.040  1086  1254 D ASH     : @ 1007112.839: tcs3701: start power rail timer, state:3
         1704836242.079  1086  1254 I ASH     : @ 1007112.878: tcs3701: stop power rail pending_off timer
         1704836242.079  1086  1254 D ASH     : @ 1007112.878: tcs3701: start power rail timer, state:3
         1704836242.119  1086  1254 I ASH     : @ 1007112.918: tcs3701: stop power rail pending_off timer
         1704836242.119  1086  1254 D ASH     : @ 1007112.918: tcs3701: start power rail timer, state:3
         1704836242.159  1086  1254 I ASH     : @ 1007112.958: tcs3701: stop power rail pending_off timer
         1704836242.160  1086  1254 D ASH     : @ 1007112.958: tcs3701: start power rail timer, state:3
         1704836242.199  1086  1254 I ASH     : @ 1007112.998: tcs3701: stop power rail pending_off timer
         1704836242.199  1086  1254 D ASH     : @ 1007112.998: tcs3701: start power rail timer, state:3
         1704836242.239  1086  1254 I ASH     : @ 1007113.038: tcs3701: stop power rail pending_off timer
         1704836242.239  1086  1254 D ASH     : @ 1007113.038: tcs3701: start power rail timer, state:3
         1704836242.279  1086  1254 I ASH     : @ 1007113.078: tcs3701: stop power rail pending_off timer
         1704836242.279  1086  1254 D ASH     : @ 1007113.078: tcs3701: start power rail timer, state:3
         1704836242.319  1086  1254 I ASH     : @ 1007113.118: tcs3701: stop power rail pending_off timer
         1704836242.319  1086  1254 D ASH     : @ 1007113.118: tcs3701: start power rail timer, state:3
         1704836242.359  1086  1254 I ASH     : @ 1007113.158: tcs3701: stop power rail pending_off timer
         1704836242.360  1086  1254 D ASH     : @ 1007113.158: tcs3701: start power rail timer, state:3
         1704836242.399  1086  1254 I ASH     : @ 1007113.198: tcs3701: stop power rail pending_off timer
         1704836242.399  1086  1254 D ASH     : @ 1007113.198: tcs3701: start power rail timer, state:3
         1704836242.439  1086  1254 I ASH     : @ 1007113.238: tcs3701: stop power rail pending_off timer
         1704836242.439  1086  1254 D ASH     : @ 1007113.238: tcs3701: start power rail timer, state:3
         1704836242.479  1086  1254 I ASH     : @ 1007113.278: tcs3701: stop power rail pending_off timer
         1704836242.479  1086  1254 D ASH     : @ 1007113.278: tcs3701: start power rail timer, state:3
         1704836242.519  1086  1254 I ASH     : @ 1007113.318: tcs3701: stop power rail pending_off timer
         1704836242.519  1086  1254 D ASH     : @ 1007113.318: tcs3701: start power rail timer, state:3
         1704836242.522  1799  1822 I dashscene: surfaces over 240 frames — tick 1.04 ms, paint mean 0.10 p50 0.09, submit mean 27.38 p50 24.75 p95 46.76 max 72.86 ms (35.1 fps if unpaced) — 2 run(s), 32 glyph(s)
         1704836242.559  1086  1254 I ASH     : @ 1007113.358: tcs3701: stop power rail pending_off timer
         1704836242.559  1086  1254 D ASH     : @ 1007113.358: tcs3701: start power rail timer, state:3
         1704836242.599  1086  1254 I ASH     : @ 1007113.398: tcs3701: stop power rail pending_off timer
         1704836242.599  1086  1254 D ASH     : @ 1007113.398: tcs3701: start power rail timer, state:3
         1704836242.639  1086  1254 I ASH     : @ 1007113.438: tcs3701: stop power rail pending_off timer
         1704836242.639  1086  1254 D ASH     : @ 1007113.438: tcs3701: start power rail timer, state:3
         1704836242.679  1086  1254 I ASH     : @ 1007113.478: tcs3701: stop power rail pending_off timer
         1704836242.679  1086  1254 D ASH     : @ 1007113.478: tcs3701: start power rail timer, state:3
         1704836242.720  1086  1254 I ASH     : @ 1007113.518: tcs3701: stop power rail pending_off timer
         1704836242.720  1086  1254 D ASH     : @ 1007113.518: tcs3701: start power rail timer, state:3
         1704836242.759  1086  1254 I ASH     : @ 1007113.558: tcs3701: stop power rail pending_off timer
         1704836242.759  1086  1254 D ASH     : @ 1007113.558: tcs3701: start power rail timer, state:3
         1704836242.799  1086  1254 I ASH     : @ 1007113.598: tcs3701: stop power rail pending_off timer
         1704836242.799  1086  1254 D ASH     : @ 1007113.598: tcs3701: start power rail timer, state:3
         1704836242.839  1086  1254 I ASH     : @ 1007113.638: tcs3701: stop power rail pending_off timer
         1704836242.839  1086  1254 D ASH     : @ 1007113.638: tcs3701: start power rail timer, state:3
         1704836242.879  1086  1254 I ASH     : @ 1007113.678: tcs3701: stop power rail pending_off timer
         1704836242.879  1086  1254 D ASH     : @ 1007113.678: tcs3701: start power rail timer, state:3
         1704836242.919  1086  1254 I ASH     : @ 1007113.718: tcs3701: stop power rail pending_off timer
         1704836242.919  1086  1254 D ASH     : @ 1007113.718: tcs3701: start power rail timer, state:3
         1704836242.959  1086  1254 I ASH     : @ 1007113.758: tcs3701: stop power rail pending_off timer
         1704836242.959  1086  1254 D ASH     : @ 1007113.758: tcs3701: start power rail timer, state:3
         1704836242.999  1086  1254 I ASH     : @ 1007113.798: tcs3701: stop power rail pending_off timer
         1704836242.999  1086  1254 D ASH     : @ 1007113.799: tcs3701: start power rail timer, state:3
         1704836243.039  1086  1254 I ASH     : @ 1007113.838: tcs3701: stop power rail pending_off timer
         1704836243.039  1086  1254 D ASH     : @ 1007113.838: tcs3701: start power rail timer, state:3
         1704836243.079  1086  1254 I ASH     : @ 1007113.878: tcs3701: stop power rail pending_off timer
         1704836243.079  1086  1254 D ASH     : @ 1007113.878: tcs3701: start power rail timer, state:3
         1704836243.119  1086  1254 I ASH     : @ 1007113.918: tcs3701: stop power rail pending_off timer
         1704836243.119  1086  1254 D ASH     : @ 1007113.918: tcs3701: start power rail timer, state:3
         1704836243.159  1086  1254 I ASH     : @ 1007113.958: tcs3701: stop power rail pending_off timer
         1704836243.159  1086  1254 D ASH     : @ 1007113.958: tcs3701: start power rail timer, state:3
         1704836243.200  1086  1254 I ASH     : @ 1007113.998: tcs3701: stop power rail pending_off timer
         1704836243.200  1086  1254 D ASH     : @ 1007113.998: tcs3701: start power rail timer, state:3
         1704836243.239  1086  1254 I ASH     : @ 1007114.038: tcs3701: stop power rail pending_off timer
         1704836243.239  1086  1254 D ASH     : @ 1007114.038: tcs3701: start power rail timer, state:3
         1704836243.242  1122  1183 D rlsservice: MonitorDisplayStatus client num 0, display status 1, sensor status 0
         1704836243.279  1086  1254 I ASH     : @ 1007114.078: tcs3701: stop power rail pending_off timer
         1704836243.279  1086  1254 D ASH     : @ 1007114.078: tcs3701: start power rail timer, state:3
         1704836243.319  1086  1254 I ASH     : @ 1007114.118: tcs3701: stop power rail pending_off timer
         1704836243.319  1086  1254 D ASH     : @ 1007114.118: tcs3701: start power rail timer, state:3
         1704836243.359  1086  1254 I ASH     : @ 1007114.158: tcs3701: stop power rail pending_off timer
         1704836243.359  1086  1254 D ASH     : @ 1007114.158: tcs3701: start power rail timer, state:3
         1704836243.399  1086  1254 I ASH     : @ 1007114.198: tcs3701: stop power rail pending_off timer
         1704836243.399  1086  1254 D ASH     : @ 1007114.198: tcs3701: start power rail timer, state:3
         1704836243.439  1086  1254 I ASH     : @ 1007114.238: tcs3701: stop power rail pending_off timer
         1704836243.439  1086  1254 D ASH     : @ 1007114.238: tcs3701: start power rail timer, state:3
         1704836243.479  1086  1254 I ASH     : @ 1007114.278: tcs3701: stop power rail pending_off timer
         1704836243.479  1086  1254 D ASH     : @ 1007114.278: tcs3701: start power rail timer, state:3
         1704836243.519  1086  1254 I ASH     : @ 1007114.318: tcs3701: stop power rail pending_off timer
         1704836243.519  1086  1254 D ASH     : @ 1007114.318: tcs3701: start power rail timer, state:3
         1704836243.559  1086  1254 I ASH     : @ 1007114.358: tcs3701: stop power rail pending_off timer
         1704836243.559  1086  1254 D ASH     : @ 1007114.358: tcs3701: start power rail timer, state:3
         1704836243.599  1086  1254 I ASH     : @ 1007114.398: tcs3701: stop power rail pending_off timer
         1704836243.599  1086  1254 D ASH     : @ 1007114.398: tcs3701: start power rail timer, state:3
         1704836243.639  1086  1254 I ASH     : @ 1007114.438: tcs3701: stop power rail pending_off timer
         1704836243.639  1086  1254 D ASH     : @ 1007114.438: tcs3701: start power rail timer, state:3
         1704836243.679  1086  1254 I ASH     : @ 1007114.478: tcs3701: stop power rail pending_off timer
         1704836243.679  1086  1254 D ASH     : @ 1007114.478: tcs3701: start power rail timer, state:3
         1704836243.719  1086  1254 I ASH     : @ 1007114.518: tcs3701: stop power rail pending_off timer
         1704836243.720  1086  1254 D ASH     : @ 1007114.518: tcs3701: start power rail timer, state:3
         1704836243.761  1086  1254 I ASH     : @ 1007114.558: tcs3701: stop power rail pending_off timer
         1704836243.761  1086  1254 D ASH     : @ 1007114.559: tcs3701: start power rail timer, state:3
         1704836243.800  1086  1254 I ASH     : @ 1007114.598: tcs3701: stop power rail pending_off timer
         1704836243.800  1086  1254 D ASH     : @ 1007114.599: tcs3701: start power rail timer, state:3
         1704836243.841  1086  1254 I ASH     : @ 1007114.638: tcs3701: stop power rail pending_off timer
         1704836243.841  1086  1254 D ASH     : @ 1007114.639: tcs3701: start power rail timer, state:3
         1704836243.879  1086  1254 I ASH     : @ 1007114.678: tcs3701: stop power rail pending_off timer
         1704836243.879  1086  1254 D ASH     : @ 1007114.678: tcs3701: start power rail timer, state:3
         1704836243.921  1086  1254 I ASH     : @ 1007114.718: tcs3701: stop power rail pending_off timer
         1704836243.921  1086  1254 D ASH     : @ 1007114.718: tcs3701: start power rail timer, state:3
         1704836243.961  1086  1254 I ASH     : @ 1007114.758: tcs3701: stop power rail pending_off timer
         1704836243.961  1086  1254 D ASH     : @ 1007114.758: tcs3701: start power rail timer, state:3
         1704836244.000  1086  1254 I ASH     : @ 1007114.798: tcs3701: stop power rail pending_off timer
         1704836244.000  1086  1254 D ASH     : @ 1007114.798: tcs3701: start power rail timer, state:3
         1704836244.041  1086  1254 I ASH     : @ 1007114.838: tcs3701: stop power rail pending_off timer
         1704836244.042  1086  1254 D ASH     : @ 1007114.838: tcs3701: start power rail timer, state:3
         1704836244.081  1086  1254 I ASH     : @ 1007114.878: tcs3701: stop power rail pending_off timer
         1704836244.081  1086  1254 D ASH     : @ 1007114.879: tcs3701: start power rail timer, state:3
         1704836244.121  1086  1254 I ASH     : @ 1007114.918: tcs3701: stop power rail pending_off timer
         1704836244.121  1086  1254 D ASH     : @ 1007114.919: tcs3701: start power rail timer, state:3
         1704836244.161  1086  1254 I ASH     : @ 1007114.958: tcs3701: stop power rail pending_off timer
         1704836244.161  1086  1254 D ASH     : @ 1007114.959: tcs3701: start power rail timer, state:3
         1704836244.200  1086  1254 I ASH     : @ 1007114.998: tcs3701: stop power rail pending_off timer
         1704836244.200  1086  1254 D ASH     : @ 1007114.998: tcs3701: start power rail timer, state:3
         1704836244.241  1086  1254 I ASH     : @ 1007115.038: tcs3701: stop power rail pending_off timer
         1704836244.241  1086  1254 D ASH     : @ 1007115.039: tcs3701: start power rail timer, state:3
         1704836244.281  1086  1254 I ASH     : @ 1007115.078: tcs3701: stop power rail pending_off timer
         1704836244.281  1086  1254 D ASH     : @ 1007115.078: tcs3701: start power rail timer, state:3
         1704836244.321  1086  1254 I ASH     : @ 1007115.118: tcs3701: stop power rail pending_off timer
         1704836244.321  1086  1254 D ASH     : @ 1007115.119: tcs3701: start power rail timer, state:3
         1704836244.361  1086  1254 I ASH     : @ 1007115.158: tcs3701: stop power rail pending_off timer
         1704836244.361  1086  1254 D ASH     : @ 1007115.158: tcs3701: start power rail timer, state:3
         1704836244.400  1086  1254 I ASH     : @ 1007115.198: tcs3701: stop power rail pending_off timer
         1704836244.400  1086  1254 D ASH     : @ 1007115.199: tcs3701: start power rail timer, state:3
         1704836244.441  1086  1254 I ASH     : @ 1007115.238: tcs3701: stop power rail pending_off timer
         1704836244.442  1086  1254 D ASH     : @ 1007115.239: tcs3701: start power rail timer, state:3
         1704836244.481  1086  1254 I ASH     : @ 1007115.278: tcs3701: stop power rail pending_off timer
         1704836244.481  1086  1254 D ASH     : @ 1007115.279: tcs3701: start power rail timer, state:3
         1704836244.520  1086  1254 I ASH     : @ 1007115.318: tcs3701: stop power rail pending_off timer
         1704836244.520  1086  1254 D ASH     : @ 1007115.319: tcs3701: start power rail timer, state:3
         1704836244.559  1086  1254 I ASH     : @ 1007115.358: tcs3701: stop power rail pending_off timer
         1704836244.559  1086  1254 D ASH     : @ 1007115.359: tcs3701: start power rail timer, state:3
         1704836244.599  1086  1254 I ASH     : @ 1007115.398: tcs3701: stop power rail pending_off timer
         1704836244.599  1086  1254 D ASH     : @ 1007115.399: tcs3701: start power rail timer, state:3
         1704836244.639  1086  1254 I ASH     : @ 1007115.438: tcs3701: stop power rail pending_off timer
         1704836244.640  1086  1254 D ASH     : @ 1007115.438: tcs3701: start power rail timer, state:3
         1704836244.679  1086  1254 I ASH     : @ 1007115.478: tcs3701: stop power rail pending_off timer
         1704836244.679  1086  1254 D ASH     : @ 1007115.478: tcs3701: start power rail timer, state:3
         1704836244.719  1086  1254 I ASH     : @ 1007115.518: tcs3701: stop power rail pending_off timer
         1704836244.719  1086  1254 D ASH     : @ 1007115.518: tcs3701: start power rail timer, state:3
         1704836244.759  1086  1254 I ASH     : @ 1007115.558: tcs3701: stop power rail pending_off timer
         1704836244.760  1086  1254 D ASH     : @ 1007115.558: tcs3701: start power rail timer, state:3
         1704836244.799  1086  1254 I ASH     : @ 1007115.598: tcs3701: stop power rail pending_off timer
         1704836244.799  1086  1254 D ASH     : @ 1007115.598: tcs3701: start power rail timer, state:3
         1704836244.839  1086  1254 I ASH     : @ 1007115.638: tcs3701: stop power rail pending_off timer
         1704836244.839  1086  1254 D ASH     : @ 1007115.638: tcs3701: start power rail timer, state:3
         1704836244.879  1086  1254 I ASH     : @ 1007115.678: tcs3701: stop power rail pending_off timer
         1704836244.879  1086  1254 D ASH     : @ 1007115.678: tcs3701: start power rail timer, state:3
         1704836244.919  1086  1254 I ASH     : @ 1007115.718: tcs3701: stop power rail pending_off timer
         1704836244.919  1086  1254 D ASH     : @ 1007115.718: tcs3701: start power rail timer, state:3
         1704836244.959  1086  1254 I ASH     : @ 1007115.758: tcs3701: stop power rail pending_off timer
         1704836244.959  1086  1254 D ASH     : @ 1007115.758: tcs3701: start power rail timer, state:3
         1704836244.999  1086  1254 I ASH     : @ 1007115.798: tcs3701: stop power rail pending_off timer
         1704836244.999  1086  1254 D ASH     : @ 1007115.798: tcs3701: start power rail timer, state:3
         1704836245.039  1086  1254 I ASH     : @ 1007115.838: tcs3701: stop power rail pending_off timer
         1704836245.039  1086  1254 D ASH     : @ 1007115.838: tcs3701: start power rail timer, state:3
         1704836245.079  1086  1254 I ASH     : @ 1007115.878: tcs3701: stop power rail pending_off timer
         1704836245.079  1086  1254 D ASH     : @ 1007115.878: tcs3701: start power rail timer, state:3
         1704836245.119  1086  1254 I ASH     : @ 1007115.918: tcs3701: stop power rail pending_off timer
         1704836245.120  1086  1254 D ASH     : @ 1007115.918: tcs3701: start power rail timer, state:3
         1704836245.159  1086  1254 I ASH     : @ 1007115.958: tcs3701: stop power rail pending_off timer
         1704836245.159  1086  1254 D ASH     : @ 1007115.958: tcs3701: start power rail timer, state:3
         1704836245.199  1086  1254 I ASH     : @ 1007115.998: tcs3701: stop power rail pending_off timer
         1704836245.199  1086  1254 D ASH     : @ 1007115.998: tcs3701: start power rail timer, state:3
         1704836245.239  1086  1254 I ASH     : @ 1007116.038: tcs3701: stop power rail pending_off timer
         1704836245.239  1086  1254 D ASH     : @ 1007116.038: tcs3701: start power rail timer, state:3
         1704836245.279  1086  1254 I ASH     : @ 1007116.078: tcs3701: stop power rail pending_off timer
         1704836245.279  1086  1254 D ASH     : @ 1007116.078: tcs3701: start power rail timer, state:3
         1704836245.320  1086  1254 I ASH     : @ 1007116.118: tcs3701: stop power rail pending_off timer
         1704836245.320  1086  1254 D ASH     : @ 1007116.118: tcs3701: start power rail timer, state:3
         1704836245.359  1086  1254 I ASH     : @ 1007116.158: tcs3701: stop power rail pending_off timer
         1704836245.359  1086  1254 D ASH     : @ 1007116.158: tcs3701: start power rail timer, state:3
         1704836245.399  1086  1254 I ASH     : @ 1007116.198: tcs3701: stop power rail pending_off timer
         1704836245.399  1086  1254 D ASH     : @ 1007116.198: tcs3701: start power rail timer, state:3
         1704836245.439  1086  1254 I ASH     : @ 1007116.238: tcs3701: stop power rail pending_off timer
         1704836245.439  1086  1254 D ASH     : @ 1007116.238: tcs3701: start power rail timer, state:3
         1704836245.479  1086  1254 I ASH     : @ 1007116.278: tcs3701: stop power rail pending_off timer
         1704836245.479  1086  1254 D ASH     : @ 1007116.278: tcs3701: start power rail timer, state:3
         1704836245.520  1086  1254 I ASH     : @ 1007116.318: tcs3701: stop power rail pending_off timer
         1704836245.520  1086  1254 D ASH     : @ 1007116.318: tcs3701: start power rail timer, state:3
         1704836245.559  1086  1254 I ASH     : @ 1007116.358: tcs3701: stop power rail pending_off timer
         1704836245.559  1086  1254 D ASH     : @ 1007116.358: tcs3701: start power rail timer, state:3
         1704836245.600  1086  1254 I ASH     : @ 1007116.398: tcs3701: stop power rail pending_off timer
         1704836245.600  1086  1254 D ASH     : @ 1007116.398: tcs3701: start power rail timer, state:3
         1704836245.639  1086  1254 I ASH     : @ 1007116.438: tcs3701: stop power rail pending_off timer
         1704836245.639  1086  1254 D ASH     : @ 1007116.438: tcs3701: start power rail timer, state:3
         1704836245.679  1086  1254 I ASH     : @ 1007116.478: tcs3701: stop power rail pending_off timer
         1704836245.679  1086  1254 D ASH     : @ 1007116.478: tcs3701: start power rail timer, state:3
         1704836245.719  1086  1254 I ASH     : @ 1007116.518: tcs3701: stop power rail pending_off timer
         1704836245.720  1086  1254 D ASH     : @ 1007116.518: tcs3701: start power rail timer, state:3
         1704836245.759  1086  1254 I ASH     : @ 1007116.558: tcs3701: stop power rail pending_off timer
         1704836245.759  1086  1254 D ASH     : @ 1007116.558: tcs3701: start power rail timer, state:3
         1704836245.799  1086  1254 I ASH     : @ 1007116.598: tcs3701: stop power rail pending_off timer
         1704836245.800  1086  1254 D ASH     : @ 1007116.598: tcs3701: start power rail timer, state:3
         1704836245.839  1086  1254 I ASH     : @ 1007116.638: tcs3701: stop power rail pending_off timer
         1704836245.839  1086  1254 D ASH     : @ 1007116.638: tcs3701: start power rail timer, state:3
         1704836245.879  1086  1254 I ASH     : @ 1007116.678: tcs3701: stop power rail pending_off timer
         1704836245.879  1086  1254 D ASH     : @ 1007116.678: tcs3701: start power rail timer, state:3
         1704836245.919  1086  1254 I ASH     : @ 1007116.718: tcs3701: stop power rail pending_off timer
         1704836245.919  1086  1254 D ASH     : @ 1007116.718: tcs3701: start power rail timer, state:3
         1704836245.959  1086  1254 I ASH     : @ 1007116.758: tcs3701: stop power rail pending_off timer
         1704836245.959  1086  1254 D ASH     : @ 1007116.759: tcs3701: start power rail timer, state:3
         1704836245.999  1086  1254 I ASH     : @ 1007116.798: tcs3701: stop power rail pending_off timer
         1704836245.999  1086  1254 D ASH     : @ 1007116.798: tcs3701: start power rail timer, state:3
         1704836246.040  1086  1254 I ASH     : @ 1007116.838: tcs3701: stop power rail pending_off timer
         1704836246.040  1086  1254 D ASH     : @ 1007116.838: tcs3701: start power rail timer, state:3
         1704836246.079  1086  1254 I ASH     : @ 1007116.878: tcs3701: stop power rail pending_off timer
         1704836246.079  1086  1254 D ASH     : @ 1007116.878: tcs3701: start power rail timer, state:3
         1704836246.119  1086  1254 I ASH     : @ 1007116.918: tcs3701: stop power rail pending_off timer
         1704836246.119  1086  1254 D ASH     : @ 1007116.918: tcs3701: start power rail timer, state:3
         1704836246.159  1086  1254 I ASH     : @ 1007116.958: tcs3701: stop power rail pending_off timer
         1704836246.160  1086  1254 D ASH     : @ 1007116.958: tcs3701: start power rail timer, state:3
         1704836246.200  1086  1254 I ASH     : @ 1007116.998: tcs3701: stop power rail pending_off timer
         1704836246.200  1086  1254 D ASH     : @ 1007116.998: tcs3701: start power rail timer, state:3
         1704836246.241  1086  1254 I ASH     : @ 1007117.038: tcs3701: stop power rail pending_off timer
         1704836246.241  1086  1254 D ASH     : @ 1007117.039: tcs3701: start power rail timer, state:3
         1704836246.281  1086  1254 I ASH     : @ 1007117.078: tcs3701: stop power rail pending_off timer
         1704836246.281  1086  1254 D ASH     : @ 1007117.079: tcs3701: start power rail timer, state:3
         1704836246.320  1086  1254 I ASH     : @ 1007117.118: tcs3701: stop power rail pending_off timer
         1704836246.320  1086  1254 D ASH     : @ 1007117.118: tcs3701: start power rail timer, state:3
         1704836246.361  1086  1254 I ASH     : @ 1007117.158: tcs3701: stop power rail pending_off timer
         1704836246.361  1086  1254 D ASH     : @ 1007117.159: tcs3701: start power rail timer, state:3
         1704836246.401  1086  1254 I ASH     : @ 1007117.198: tcs3701: stop power rail pending_off timer
         1704836246.401  1086  1254 D ASH     : @ 1007117.198: tcs3701: start power rail timer, state:3
         1704836246.441  1086  1254 I ASH     : @ 1007117.238: tcs3701: stop power rail pending_off timer
         1704836246.441  1086  1254 D ASH     : @ 1007117.239: tcs3701: start power rail timer, state:3
         1704836246.481  1086  1254 I ASH     : @ 1007117.278: tcs3701: stop power rail pending_off timer
         1704836246.481  1086  1254 D ASH     : @ 1007117.278: tcs3701: start power rail timer, state:3
         1704836246.520  1086  1254 I ASH     : @ 1007117.318: tcs3701: stop power rail pending_off timer
         1704836246.520  1086  1254 D ASH     : @ 1007117.318: tcs3701: start power rail timer, state:3
         1704836246.561  1086  1254 I ASH     : @ 1007117.358: tcs3701: stop power rail pending_off timer
         1704836246.561  1086  1254 D ASH     : @ 1007117.358: tcs3701: start power rail timer, state:3
         1704836246.601  1086  1254 I ASH     : @ 1007117.398: tcs3701: stop power rail pending_off timer
         1704836246.601  1086  1254 D ASH     : @ 1007117.399: tcs3701: start power rail timer, state:3
         1704836246.641  1086  1254 I ASH     : @ 1007117.438: tcs3701: stop power rail pending_off timer
         1704836246.641  1086  1254 D ASH     : @ 1007117.438: tcs3701: start power rail timer, state:3
         1704836246.681  1086  1254 I ASH     : @ 1007117.478: tcs3701: stop power rail pending_off timer
         1704836246.681  1086  1254 D ASH     : @ 1007117.478: tcs3701: start power rail timer, state:3
         1704836246.720  1086  1254 I ASH     : @ 1007117.518: tcs3701: stop power rail pending_off timer
         1704836246.720  1086  1254 D ASH     : @ 1007117.518: tcs3701: start power rail timer, state:3
         1704836246.761  1086  1254 I ASH     : @ 1007117.558: tcs3701: stop power rail pending_off timer
         1704836246.761  1086  1254 D ASH     : @ 1007117.559: tcs3701: start power rail timer, state:3
         1704836246.801  1086  1254 I ASH     : @ 1007117.598: tcs3701: stop power rail pending_off timer
         1704836246.801  1086  1254 D ASH     : @ 1007117.599: tcs3701: start power rail timer, state:3
         1704836246.841  1086  1254 I ASH     : @ 1007117.638: tcs3701: stop power rail pending_off timer
         1704836246.841  1086  1254 D ASH     : @ 1007117.638: tcs3701: start power rail timer, state:3
         1704836246.881  1086  1254 I ASH     : @ 1007117.678: tcs3701: stop power rail pending_off timer
         1704836246.881  1086  1254 D ASH     : @ 1007117.679: tcs3701: start power rail timer, state:3
         1704836246.920  1086  1254 I ASH     : @ 1007117.718: tcs3701: stop power rail pending_off timer
         1704836246.920  1086  1254 D ASH     : @ 1007117.718: tcs3701: start power rail timer, state:3
         1704836246.961  1086  1254 I ASH     : @ 1007117.758: tcs3701: stop power rail pending_off timer
         1704836246.961  1086  1254 D ASH     : @ 1007117.758: tcs3701: start power rail timer, state:3
         1704836246.985  1799  1822 I dashscene: 1440 frames over 1440 vsyncs
         1704836247.001  1086  1254 I ASH     : @ 1007117.798: tcs3701: stop power rail pending_off timer
         1704836247.001  1086  1254 D ASH     : @ 1007117.798: tcs3701: start power rail timer, state:3
         1704836247.040  1086  1254 I ASH     : @ 1007117.838: tcs3701: stop power rail pending_off timer
         1704836247.040  1086  1254 D ASH     : @ 1007117.839: tcs3701: start power rail timer, state:3
         1704836247.079  1086  1254 I ASH     : @ 1007117.878: tcs3701: stop power rail pending_off timer
         1704836247.079  1086  1254 D ASH     : @ 1007117.879: tcs3701: start power rail timer, state:3
         1704836247.119  1086  1254 I ASH     : @ 1007117.918: tcs3701: stop power rail pending_off timer
         1704836247.119  1086  1254 D ASH     : @ 1007117.918: tcs3701: start power rail timer, state:3
         1704836247.160  1086  1254 I ASH     : @ 1007117.958: tcs3701: stop power rail pending_off timer
         1704836247.160  1086  1254 D ASH     : @ 1007117.958: tcs3701: start power rail timer, state:3
         1704836247.199  1086  1254 I ASH     : @ 1007117.998: tcs3701: stop power rail pending_off timer
         1704836247.200  1086  1254 D ASH     : @ 1007117.998: tcs3701: start power rail timer, state:3
         1704836247.239  1086  1254 I ASH     : @ 1007118.038: tcs3701: stop power rail pending_off timer
         1704836247.239  1086  1254 D ASH     : @ 1007118.038: tcs3701: start power rail timer, state:3
         1704836247.279  1086  1254 I ASH     : @ 1007118.078: tcs3701: stop power rail pending_off timer
         1704836247.279  1086  1254 D ASH     : @ 1007118.078: tcs3701: start power rail timer, state:3
         1704836247.319  1086  1254 I ASH     : @ 1007118.118: tcs3701: stop power rail pending_off timer
         1704836247.319  1086  1254 D ASH     : @ 1007118.118: tcs3701: start power rail timer, state:3
         1704836247.359  1086  1254 I ASH     : @ 1007118.158: tcs3701: stop power rail pending_off timer
         1704836247.359  1086  1254 D ASH     : @ 1007118.158: tcs3701: start power rail timer, state:3
         1704836247.399  1086  1254 I ASH     : @ 1007118.198: tcs3701: stop power rail pending_off timer
         1704836247.400  1086  1254 D ASH     : @ 1007118.199: tcs3701: start power rail timer, state:3
         1704836247.439  1086  1254 I ASH     : @ 1007118.238: tcs3701: stop power rail pending_off timer
         1704836247.439  1086  1254 D ASH     : @ 1007118.238: tcs3701: start power rail timer, state:3
         1704836247.479  1086  1254 I ASH     : @ 1007118.278: tcs3701: stop power rail pending_off timer
         1704836247.480  1086  1254 D ASH     : @ 1007118.278: tcs3701: start power rail timer, state:3
         1704836247.519  1086  1254 I ASH     : @ 1007118.318: tcs3701: stop power rail pending_off timer
         1704836247.519  1086  1254 D ASH     : @ 1007118.318: tcs3701: start power rail timer, state:3
         1704836247.559  1086  1254 I ASH     : @ 1007118.358: tcs3701: stop power rail pending_off timer
         1704836247.559  1086  1254 D ASH     : @ 1007118.359: tcs3701: start power rail timer, state:3
         1704836247.599  1086  1254 I ASH     : @ 1007118.398: tcs3701: stop power rail pending_off timer
         1704836247.599  1086  1254 D ASH     : @ 1007118.398: tcs3701: start power rail timer, state:3
         1704836247.639  1086  1254 I ASH     : @ 1007118.438: tcs3701: stop power rail pending_off timer
         1704836247.639  1086  1254 D ASH     : @ 1007118.438: tcs3701: start power rail timer, state:3
         1704836247.679  1086  1254 I ASH     : @ 1007118.478: tcs3701: stop power rail pending_off timer
         1704836247.679  1086  1254 D ASH     : @ 1007118.479: tcs3701: start power rail timer, state:3
         1704836247.719  1086  1254 I ASH     : @ 1007118.518: tcs3701: stop power rail pending_off timer
         1704836247.719  1086  1254 D ASH     : @ 1007118.518: tcs3701: start power rail timer, state:3
         1704836247.759  1086  1254 I ASH     : @ 1007118.558: tcs3701: stop power rail pending_off timer
         1704836247.759  1086  1254 D ASH     : @ 1007118.558: tcs3701: start power rail timer, state:3
         1704836247.799  1086  1254 I ASH     : @ 1007118.598: tcs3701: stop power rail pending_off timer
         1704836247.799  1086  1254 D ASH     : @ 1007118.598: tcs3701: start power rail timer, state:3
         1704836247.839  1086  1254 I ASH     : @ 1007118.638: tcs3701: stop power rail pending_off timer
         1704836247.839  1086  1254 D ASH     : @ 1007118.638: tcs3701: start power rail timer, state:3
         1704836247.879  1086  1254 I ASH     : @ 1007118.678: tcs3701: stop power rail pending_off timer
         1704836247.879  1086  1254 D ASH     : @ 1007118.678: tcs3701: start power rail timer, state:3
         1704836247.919  1086  1254 I ASH     : @ 1007118.718: tcs3701: stop power rail pending_off timer
         1704836247.919  1086  1254 D ASH     : @ 1007118.718: tcs3701: start power rail timer, state:3
         1704836247.959  1086  1254 I ASH     : @ 1007118.758: tcs3701: stop power rail pending_off timer
         1704836247.959  1086  1254 D ASH     : @ 1007118.758: tcs3701: start power rail timer, state:3
         1704836247.999  1086  1254 I ASH     : @ 1007118.798: tcs3701: stop power rail pending_off timer
         1704836247.999  1086  1254 D ASH     : @ 1007118.798: tcs3701: start power rail timer, state:3
         1704836248.039  1086  1254 I ASH     : @ 1007118.838: tcs3701: stop power rail pending_off timer
         1704836248.039  1086  1254 D ASH     : @ 1007118.838: tcs3701: start power rail timer, state:3
         1704836248.079  1086  1254 I ASH     : @ 1007118.878: tcs3701: stop power rail pending_off timer
         1704836248.079  1086  1254 D ASH     : @ 1007118.878: tcs3701: start power rail timer, state:3
         1704836248.119  1086  1254 I ASH     : @ 1007118.918: tcs3701: stop power rail pending_off timer
         1704836248.119  1086  1254 D ASH     : @ 1007118.918: tcs3701: start power rail timer, state:3
         1704836248.159  1086  1254 I ASH     : @ 1007118.958: tcs3701: stop power rail pending_off timer
         1704836248.159  1086  1254 D ASH     : @ 1007118.958: tcs3701: start power rail timer, state:3
         1704836248.181  1785  2388 D ActivityManager: freezing 21964 com.android.settings
         1704836248.182  1785  2388 D ActivityManager: freezing 25792 com.google.android.apps.wellbeing
         1704836248.182  1785  2388 D ActivityManager: freezing 22686 com.android.keychain
         1704836248.199  1086  1254 I ASH     : @ 1007118.998: tcs3701: stop power rail pending_off timer
         1704836248.199  1086  1254 D ASH     : @ 1007118.998: tcs3701: start power rail timer, state:3
         1704836248.239  1086  1254 I ASH     : @ 1007119.038: tcs3701: stop power rail pending_off timer
         1704836248.239  1086  1254 D ASH     : @ 1007119.038: tcs3701: start power rail timer, state:3
         1704836248.279  1086  1254 I ASH     : @ 1007119.078: tcs3701: stop power rail pending_off timer
         1704836248.279  1086  1254 D ASH     : @ 1007119.078: tcs3701: start power rail timer, state:3
         1704836248.319  1086  1254 I ASH     : @ 1007119.118: tcs3701: stop power rail pending_off timer
         1704836248.319  1086  1254 D ASH     : @ 1007119.118: tcs3701: start power rail timer, state:3
         1704836248.359  1086  1254 I ASH     : @ 1007119.158: tcs3701: stop power rail pending_off timer
         1704836248.359  1086  1254 D ASH     : @ 1007119.158: tcs3701: start power rail timer, state:3
         1704836248.399  1086  1254 I ASH     : @ 1007119.198: tcs3701: stop power rail pending_off timer
         1704836248.399  1086  1254 D ASH     : @ 1007119.198: tcs3701: start power rail timer, state:3
         1704836248.439  1086  1254 I ASH     : @ 1007119.238: tcs3701: stop power rail pending_off timer
         1704836248.439  1086  1254 D ASH     : @ 1007119.238: tcs3701: start power rail timer, state:3
         1704836248.479  1086  1254 I ASH     : @ 1007119.278: tcs3701: stop power rail pending_off timer
         1704836248.479  1086  1254 D ASH     : @ 1007119.278: tcs3701: start power rail timer, state:3
         1704836248.519  1086  1254 I ASH     : @ 1007119.318: tcs3701: stop power rail pending_off timer
         1704836248.519  1086  1254 D ASH     : @ 1007119.318: tcs3701: start power rail timer, state:3
         1704836248.559  1086  1254 I ASH     : @ 1007119.358: tcs3701: stop power rail pending_off timer
         1704836248.559  1086  1254 D ASH     : @ 1007119.358: tcs3701: start power rail timer, state:3
         1704836248.599  1086  1254 I ASH     : @ 1007119.398: tcs3701: stop power rail pending_off timer
         1704836248.599  1086  1254 D ASH     : @ 1007119.398: tcs3701: start power rail timer, state:3
         1704836248.639  1086  1254 I ASH     : @ 1007119.438: tcs3701: stop power rail pending_off timer
         1704836248.639  1086  1254 D ASH     : @ 1007119.439: tcs3701: start power rail timer, state:3
         1704836248.679  1086  1254 I ASH     : @ 1007119.478: tcs3701: stop power rail pending_off timer
         1704836248.679  1086  1254 D ASH     : @ 1007119.478: tcs3701: start power rail timer, state:3
         1704836248.719  1086  1254 I ASH     : @ 1007119.518: tcs3701: stop power rail pending_off timer
         1704836248.720  1086  1254 D ASH     : @ 1007119.518: tcs3701: start power rail timer, state:3
         1704836248.761  1086  1254 I ASH     : @ 1007119.558: tcs3701: stop power rail pending_off timer
         1704836248.761  1086  1254 D ASH     : @ 1007119.559: tcs3701: start power rail timer, state:3
         1704836248.801  1086  1254 I ASH     : @ 1007119.598: tcs3701: stop power rail pending_off timer
         1704836248.801  1086  1254 D ASH     : @ 1007119.599: tcs3701: start power rail timer, state:3
         1704836248.841  1086  1254 I ASH     : @ 1007119.638: tcs3701: stop power rail pending_off timer
         1704836248.841  1086  1254 D ASH     : @ 1007119.638: tcs3701: start power rail timer, state:3
         1704836248.881  1086  1254 I ASH     : @ 1007119.678: tcs3701: stop power rail pending_off timer
         1704836248.881  1086  1254 D ASH     : @ 1007119.679: tcs3701: start power rail timer, state:3
         1704836248.920  1086  1254 I ASH     : @ 1007119.718: tcs3701: stop power rail pending_off timer
         1704836248.920  1086  1254 D ASH     : @ 1007119.719: tcs3701: start power rail timer, state:3
         1704836248.961  1086  1254 I ASH     : @ 1007119.758: tcs3701: stop power rail pending_off timer
         1704836248.961  1086  1254 D ASH     : @ 1007119.759: tcs3701: start power rail timer, state:3
         1704836248.999  1086  1254 I ASH     : @ 1007119.798: tcs3701: stop power rail pending_off timer
         1704836248.999  1086  1254 D ASH     : @ 1007119.799: tcs3701: start power rail timer, state:3
         1704836249.041  1086  1254 I ASH     : @ 1007119.838: tcs3701: stop power rail pending_off timer
         1704836249.041  1086  1254 D ASH     : @ 1007119.839: tcs3701: start power rail timer, state:3
         1704836249.081  1086  1254 I ASH     : @ 1007119.878: tcs3701: stop power rail pending_off timer
         1704836249.081  1086  1254 D ASH     : @ 1007119.879: tcs3701: start power rail timer, state:3
         1704836249.120  1086  1254 I ASH     : @ 1007119.918: tcs3701: stop power rail pending_off timer
         1704836249.120  1086  1254 D ASH     : @ 1007119.919: tcs3701: start power rail timer, state:3
         1704836249.161  1086  1254 I ASH     : @ 1007119.958: tcs3701: stop power rail pending_off timer
         1704836249.161  1086  1254 D ASH     : @ 1007119.958: tcs3701: start power rail timer, state:3
         1704836249.200  1086  1254 I ASH     : @ 1007119.998: tcs3701: stop power rail pending_off timer
         1704836249.200  1086  1254 D ASH     : @ 1007119.999: tcs3701: start power rail timer, state:3
         1704836249.241  1086  1254 I ASH     : @ 1007120.038: tcs3701: stop power rail pending_off timer
         1704836249.241  1086  1254 D ASH     : @ 1007120.039: tcs3701: start power rail timer, state:3
         1704836249.281  1086  1254 I ASH     : @ 1007120.078: tcs3701: stop power rail pending_off timer
         1704836249.281  1086  1254 D ASH     : @ 1007120.078: tcs3701: start power rail timer, state:3
         1704836249.320  1086  1254 I ASH     : @ 1007120.118: tcs3701: stop power rail pending_off timer
         1704836249.320  1086  1254 D ASH     : @ 1007120.118: tcs3701: start power rail timer, state:3
         1704836249.361  1086  1254 I ASH     : @ 1007120.158: tcs3701: stop power rail pending_off timer
         1704836249.361  1086  1254 D ASH     : @ 1007120.159: tcs3701: start power rail timer, state:3
         1704836249.401  1086  1254 I ASH     : @ 1007120.198: tcs3701: stop power rail pending_off timer
         1704836249.401  1086  1254 D ASH     : @ 1007120.199: tcs3701: start power rail timer, state:3
         1704836249.441  1086  1254 I ASH     : @ 1007120.238: tcs3701: stop power rail pending_off timer
         1704836249.442  1086  1254 D ASH     : @ 1007120.238: tcs3701: start power rail timer, state:3
         1704836249.481  1086  1254 I ASH     : @ 1007120.278: tcs3701: stop power rail pending_off timer
         1704836249.481  1086  1254 D ASH     : @ 1007120.279: tcs3701: start power rail timer, state:3
         1704836249.520  1086  1254 I ASH     : @ 1007120.318: tcs3701: stop power rail pending_off timer
         1704836249.520  1086  1254 D ASH     : @ 1007120.318: tcs3701: start power rail timer, state:3
         1704836249.559  1086  1254 I ASH     : @ 1007120.358: tcs3701: stop power rail pending_off timer
         1704836249.560  1086  1254 D ASH     : @ 1007120.359: tcs3701: start power rail timer, state:3
         1704836249.599  1086  1254 I ASH     : @ 1007120.398: tcs3701: stop power rail pending_off timer
         1704836249.599  1086  1254 D ASH     : @ 1007120.398: tcs3701: start power rail timer, state:3
         1704836249.639  1086  1254 I ASH     : @ 1007120.438: tcs3701: stop power rail pending_off timer
         1704836249.639  1086  1254 D ASH     : @ 1007120.438: tcs3701: start power rail timer, state:3
         1704836249.679  1086  1254 I ASH     : @ 1007120.478: tcs3701: stop power rail pending_off timer
         1704836249.679  1086  1254 D ASH     : @ 1007120.478: tcs3701: start power rail timer, state:3
         1704836249.719  1086  1254 I ASH     : @ 1007120.518: tcs3701: stop power rail pending_off timer
         1704836249.719  1086  1254 D ASH     : @ 1007120.519: tcs3701: start power rail timer, state:3
         1704836249.759  1086  1254 I ASH     : @ 1007120.558: tcs3701: stop power rail pending_off timer
         1704836249.759  1086  1254 D ASH     : @ 1007120.558: tcs3701: start power rail timer, state:3
         1704836249.799  1086  1254 I ASH     : @ 1007120.598: tcs3701: stop power rail pending_off timer
         1704836249.800  1086  1254 D ASH     : @ 1007120.598: tcs3701: start power rail timer, state:3
         1704836249.840  1086  1254 I ASH     : @ 1007120.638: tcs3701: stop power rail pending_off timer
         1704836249.840  1086  1254 D ASH     : @ 1007120.639: tcs3701: start power rail timer, state:3
         1704836249.879  1086  1254 I ASH     : @ 1007120.678: tcs3701: stop power rail pending_off timer
         1704836249.879  1086  1254 D ASH     : @ 1007120.679: tcs3701: start power rail timer, state:3
         1704836249.919  1086  1254 I ASH     : @ 1007120.718: tcs3701: stop power rail pending_off timer
         1704836249.919  1086  1254 D ASH     : @ 1007120.718: tcs3701: start power rail timer, state:3
         1704836249.959  1086  1254 I ASH     : @ 1007120.758: tcs3701: stop power rail pending_off timer
         1704836249.959  1086  1254 D ASH     : @ 1007120.758: tcs3701: start power rail timer, state:3
         1704836250.000  1086  1254 I ASH     : @ 1007120.798: tcs3701: stop power rail pending_off timer
         1704836250.000  1086  1254 D ASH     : @ 1007120.798: tcs3701: start power rail timer, state:3
         1704836250.039  1086  1254 I ASH     : @ 1007120.838: tcs3701: stop power rail pending_off timer
         1704836250.039  1086  1254 D ASH     : @ 1007120.838: tcs3701: start power rail timer, state:3
         1704836250.079  1086  1254 I ASH     : @ 1007120.878: tcs3701: stop power rail pending_off timer
         1704836250.079  1086  1254 D ASH     : @ 1007120.878: tcs3701: start power rail timer, state:3
         1704836250.119  1086  1254 I ASH     : @ 1007120.918: tcs3701: stop power rail pending_off timer
         1704836250.120  1086  1254 D ASH     : @ 1007120.918: tcs3701: start power rail timer, state:3
         1704836250.159  1086  1254 I ASH     : @ 1007120.958: tcs3701: stop power rail pending_off timer
         1704836250.159  1086  1254 D ASH     : @ 1007120.958: tcs3701: start power rail timer, state:3
         1704836250.199  1086  1254 I ASH     : @ 1007120.998: tcs3701: stop power rail pending_off timer
         1704836250.199  1086  1254 D ASH     : @ 1007120.998: tcs3701: start power rail timer, state:3
         1704836250.239  1086  1254 I ASH     : @ 1007121.038: tcs3701: stop power rail pending_off timer
         1704836250.239  1086  1254 D ASH     : @ 1007121.038: tcs3701: start power rail timer, state:3
         1704836250.279  1086  1254 I ASH     : @ 1007121.078: tcs3701: stop power rail pending_off timer
         1704836250.279  1086  1254 D ASH     : @ 1007121.078: tcs3701: start power rail timer, state:3
         1704836250.319  1086  1254 I ASH     : @ 1007121.118: tcs3701: stop power rail pending_off timer
         1704836250.319  1086  1254 D ASH     : @ 1007121.118: tcs3701: start power rail timer, state:3
         1704836250.359  1086  1254 I ASH     : @ 1007121.158: tcs3701: stop power rail pending_off timer
         1704836250.360  1086  1254 D ASH     : @ 1007121.158: tcs3701: start power rail timer, state:3
         1704836250.399  1086  1254 I ASH     : @ 1007121.198: tcs3701: stop power rail pending_off timer
         1704836250.399  1086  1254 D ASH     : @ 1007121.199: tcs3701: start power rail timer, state:3
         1704836250.439  1086  1254 I ASH     : @ 1007121.238: tcs3701: stop power rail pending_off timer
         1704836250.439  1086  1254 D ASH     : @ 1007121.238: tcs3701: start power rail timer, state:3
         1704836250.479  1086  1254 I ASH     : @ 1007121.278: tcs3701: stop power rail pending_off timer
         1704836250.479  1086  1254 D ASH     : @ 1007121.278: tcs3701: start power rail timer, state:3
         1704836250.519  1086  1254 I ASH     : @ 1007121.318: tcs3701: stop power rail pending_off timer
         1704836250.519  1086  1254 D ASH     : @ 1007121.319: tcs3701: start power rail timer, state:3
         1704836250.559  1086  1254 I ASH     : @ 1007121.358: tcs3701: stop power rail pending_off timer
         1704836250.559  1086  1254 D ASH     : @ 1007121.358: tcs3701: start power rail timer, state:3
         1704836250.599  1086  1254 I ASH     : @ 1007121.398: tcs3701: stop power rail pending_off timer
         1704836250.599  1086  1254 D ASH     : @ 1007121.398: tcs3701: start power rail timer, state:3
         1704836250.639  1086  1254 I ASH     : @ 1007121.438: tcs3701: stop power rail pending_off timer
         1704836250.639  1086  1254 D ASH     : @ 1007121.438: tcs3701: start power rail timer, state:3
         1704836250.679  1086  1254 I ASH     : @ 1007121.478: tcs3701: stop power rail pending_off timer
         1704836250.679  1086  1254 D ASH     : @ 1007121.478: tcs3701: start power rail timer, state:3
         1704836250.719  1086  1254 I ASH     : @ 1007121.518: tcs3701: stop power rail pending_off timer
         1704836250.719  1086  1254 D ASH     : @ 1007121.518: tcs3701: start power rail timer, state:3
         1704836250.759  1086  1254 I ASH     : @ 1007121.558: tcs3701: stop power rail pending_off timer
         1704836250.759  1086  1254 D ASH     : @ 1007121.558: tcs3701: start power rail timer, state:3
         1704836250.799  1086  1254 I ASH     : @ 1007121.598: tcs3701: stop power rail pending_off timer
         1704836250.799  1086  1254 D ASH     : @ 1007121.598: tcs3701: start power rail timer, state:3
         1704836250.839  1086  1254 I ASH     : @ 1007121.638: tcs3701: stop power rail pending_off timer
         1704836250.839  1086  1254 D ASH     : @ 1007121.638: tcs3701: start power rail timer, state:3
         1704836250.879  1086  1254 I ASH     : @ 1007121.678: tcs3701: stop power rail pending_off timer
         1704836250.879  1086  1254 D ASH     : @ 1007121.678: tcs3701: start power rail timer, state:3
         1704836250.919  1086  1254 I ASH     : @ 1007121.718: tcs3701: stop power rail pending_off timer
         1704836250.919  1086  1254 D ASH     : @ 1007121.718: tcs3701: start power rail timer, state:3
         1704836250.959  1086  1254 I ASH     : @ 1007121.758: tcs3701: stop power rail pending_off timer
         1704836250.959  1086  1254 D ASH     : @ 1007121.758: tcs3701: start power rail timer, state:3
         1704836250.999  1086  1254 I ASH     : @ 1007121.798: tcs3701: stop power rail pending_off timer
         1704836250.999  1086  1254 D ASH     : @ 1007121.798: tcs3701: start power rail timer, state:3
         1704836251.039  1086  1254 I ASH     : @ 1007121.838: tcs3701: stop power rail pending_off timer
         1704836251.039  1086  1254 D ASH     : @ 1007121.838: tcs3701: start power rail timer, state:3
         1704836251.079  1086  1254 I ASH     : @ 1007121.878: tcs3701: stop power rail pending_off timer
         1704836251.079  1086  1254 D ASH     : @ 1007121.878: tcs3701: start power rail timer, state:3
         1704836251.119  1086  1254 I ASH     : @ 1007121.918: tcs3701: stop power rail pending_off timer
         1704836251.119  1086  1254 D ASH     : @ 1007121.918: tcs3701: start power rail timer, state:3
         1704836251.159  1086  1254 I ASH     : @ 1007121.958: tcs3701: stop power rail pending_off timer
         1704836251.159  1086  1254 D ASH     : @ 1007121.958: tcs3701: start power rail timer, state:3
         1704836251.199  1086  1254 I ASH     : @ 1007121.998: tcs3701: stop power rail pending_off timer
         1704836251.200  1086  1254 D ASH     : @ 1007121.999: tcs3701: start power rail timer, state:3
         1704836251.240  1086  1254 I ASH     : @ 1007122.038: tcs3701: stop power rail pending_off timer
         1704836251.240  1086  1254 D ASH     : @ 1007122.038: tcs3701: start power rail timer, state:3
         1704836251.281  1086  1254 I ASH     : @ 1007122.078: tcs3701: stop power rail pending_off timer
         1704836251.281  1086  1254 D ASH     : @ 1007122.079: tcs3701: start power rail timer, state:3
         1704836251.321  1086  1254 I ASH     : @ 1007122.118: tcs3701: stop power rail pending_off timer
         1704836251.321  1086  1254 D ASH     : @ 1007122.119: tcs3701: start power rail timer, state:3
         1704836251.361  1086  1254 I ASH     : @ 1007122.158: tcs3701: stop power rail pending_off timer
         1704836251.361  1086  1254 D ASH     : @ 1007122.159: tcs3701: start power rail timer, state:3
         1704836251.401  1086  1254 I ASH     : @ 1007122.198: tcs3701: stop power rail pending_off timer
         1704836251.402  1086  1254 D ASH     : @ 1007122.198: tcs3701: start power rail timer, state:3
         1704836251.440  1086  1254 I ASH     : @ 1007122.238: tcs3701: stop power rail pending_off timer
         1704836251.440  1086  1254 D ASH     : @ 1007122.238: tcs3701: start power rail timer, state:3
         1704836251.481  1086  1254 I ASH     : @ 1007122.278: tcs3701: stop power rail pending_off timer
         1704836251.481  1086  1254 D ASH     : @ 1007122.278: tcs3701: start power rail timer, state:3
         1704836251.521  1086  1254 I ASH     : @ 1007122.318: tcs3701: stop power rail pending_off timer
         1704836251.521  1086  1254 D ASH     : @ 1007122.318: tcs3701: start power rail timer, state:3
         1704836251.561  1086  1254 I ASH     : @ 1007122.358: tcs3701: stop power rail pending_off timer
         1704836251.561  1086  1254 D ASH     : @ 1007122.358: tcs3701: start power rail timer, state:3
         1704836251.601  1086  1254 I ASH     : @ 1007122.398: tcs3701: stop power rail pending_off timer
         1704836251.601  1086  1254 D ASH     : @ 1007122.398: tcs3701: start power rail timer, state:3
         1704836251.640  1086  1254 I ASH     : @ 1007122.438: tcs3701: stop power rail pending_off timer
         1704836251.640  1086  1254 D ASH     : @ 1007122.438: tcs3701: start power rail timer, state:3
         1704836251.681  1086  1254 I ASH     : @ 1007122.478: tcs3701: stop power rail pending_off timer
         1704836251.681  1086  1254 D ASH     : @ 1007122.479: tcs3701: start power rail timer, state:3
         1704836251.721  1086  1254 I ASH     : @ 1007122.518: tcs3701: stop power rail pending_off timer
         1704836251.721  1086  1254 D ASH     : @ 1007122.518: tcs3701: start power rail timer, state:3
         1704836251.761  1086  1254 I ASH     : @ 1007122.558: tcs3701: stop power rail pending_off timer
         1704836251.761  1086  1254 D ASH     : @ 1007122.559: tcs3701: start power rail timer, state:3
         1704836251.801  1086  1254 I ASH     : @ 1007122.598: tcs3701: stop power rail pending_off timer
         1704836251.801  1086  1254 D ASH     : @ 1007122.598: tcs3701: start power rail timer, state:3
         1704836251.840  1086  1254 I ASH     : @ 1007122.638: tcs3701: stop power rail pending_off timer
         1704836251.840  1086  1254 D ASH     : @ 1007122.638: tcs3701: start power rail timer, state:3
         1704836251.881  1086  1254 I ASH     : @ 1007122.678: tcs3701: stop power rail pending_off timer
         1704836251.881  1086  1254 D ASH     : @ 1007122.679: tcs3701: start power rail timer, state:3
         1704836251.921  1086  1254 I ASH     : @ 1007122.718: tcs3701: stop power rail pending_off timer
         1704836251.921  1086  1254 D ASH     : @ 1007122.719: tcs3701: start power rail timer, state:3
         1704836251.961  1086  1254 I ASH     : @ 1007122.758: tcs3701: stop power rail pending_off timer
         1704836251.961  1086  1254 D ASH     : @ 1007122.759: tcs3701: start power rail timer, state:3
         1704836252.001  1086  1254 I ASH     : @ 1007122.798: tcs3701: stop power rail pending_off timer
         1704836252.001  1086  1254 D ASH     : @ 1007122.799: tcs3701: start power rail timer, state:3
         1704836252.039  1086  1254 I ASH     : @ 1007122.838: tcs3701: stop power rail pending_off timer
         1704836252.040  1086  1254 D ASH     : @ 1007122.838: tcs3701: start power rail timer, state:3
         1704836252.079  1086  1254 I ASH     : @ 1007122.878: tcs3701: stop power rail pending_off timer
         1704836252.079  1086  1254 D ASH     : @ 1007122.878: tcs3701: start power rail timer, state:3
         1704836252.119  1086  1254 I ASH     : @ 1007122.918: tcs3701: stop power rail pending_off timer
         1704836252.119  1086  1254 D ASH     : @ 1007122.918: tcs3701: start power rail timer, state:3
         1704836252.159  1086  1254 I ASH     : @ 1007122.958: tcs3701: stop power rail pending_off timer
         1704836252.160  1086  1254 D ASH     : @ 1007122.958: tcs3701: start power rail timer, state:3
         1704836252.200  1086  1254 I ASH     : @ 1007122.998: tcs3701: stop power rail pending_off timer
         1704836252.200  1086  1254 D ASH     : @ 1007122.998: tcs3701: start power rail timer, state:3
         1704836252.239  1086  1254 I ASH     : @ 1007123.038: tcs3701: stop power rail pending_off timer
         1704836252.239  1086  1254 D ASH     : @ 1007123.038: tcs3701: start power rail timer, state:3
         1704836252.279  1086  1254 I ASH     : @ 1007123.078: tcs3701: stop power rail pending_off timer
         1704836252.279  1086  1254 D ASH     : @ 1007123.078: tcs3701: start power rail timer, state:3
         1704836252.319  1086  1254 I ASH     : @ 1007123.118: tcs3701: stop power rail pending_off timer
         1704836252.320  1086  1254 D ASH     : @ 1007123.118: tcs3701: start power rail timer, state:3
         1704836252.359  1086  1254 I ASH     : @ 1007123.158: tcs3701: stop power rail pending_off timer
         1704836252.359  1086  1254 D ASH     : @ 1007123.158: tcs3701: start power rail timer, state:3
         1704836252.399  1086  1254 I ASH     : @ 1007123.198: tcs3701: stop power rail pending_off timer
         1704836252.399  1086  1254 D ASH     : @ 1007123.198: tcs3701: start power rail timer, state:3
         1704836252.439  1086  1254 I ASH     : @ 1007123.238: tcs3701: stop power rail pending_off timer
         1704836252.439  1086  1254 D ASH     : @ 1007123.238: tcs3701: start power rail timer, state:3
         1704836252.479  1086  1254 I ASH     : @ 1007123.278: tcs3701: stop power rail pending_off timer
         1704836252.479  1086  1254 D ASH     : @ 1007123.278: tcs3701: start power rail timer, state:3
         1704836252.519  1086  1254 I ASH     : @ 1007123.318: tcs3701: stop power rail pending_off timer
         1704836252.519  1086  1254 D ASH     : @ 1007123.318: tcs3701: start power rail timer, state:3
         1704836252.559  1086  1254 I ASH     : @ 1007123.358: tcs3701: stop power rail pending_off timer
         1704836252.559  1086  1254 D ASH     : @ 1007123.358: tcs3701: start power rail timer, state:3
         1704836252.599  1086  1254 I ASH     : @ 1007123.398: tcs3701: stop power rail pending_off timer
         1704836252.599  1086  1254 D ASH     : @ 1007123.398: tcs3701: start power rail timer, state:3
         1704836252.639  1086  1254 I ASH     : @ 1007123.438: tcs3701: stop power rail pending_off timer
         1704836252.639  1086  1254 D ASH     : @ 1007123.438: tcs3701: start power rail timer, state:3
         1704836252.679  1086  1254 I ASH     : @ 1007123.478: tcs3701: stop power rail pending_off timer
         1704836252.679  1086  1254 D ASH     : @ 1007123.478: tcs3701: start power rail timer, state:3
         1704836252.719  1086  1254 I ASH     : @ 1007123.518: tcs3701: stop power rail pending_off timer
         1704836252.719  1086  1254 D ASH     : @ 1007123.518: tcs3701: start power rail timer, state:3
         1704836252.759  1086  1254 I ASH     : @ 1007123.558: tcs3701: stop power rail pending_off timer
         1704836252.759  1086  1254 D ASH     : @ 1007123.558: tcs3701: start power rail timer, state:3
         1704836252.799  1086  1254 I ASH     : @ 1007123.598: tcs3701: stop power rail pending_off timer
         1704836252.799  1086  1254 D ASH     : @ 1007123.599: tcs3701: start power rail timer, state:3
         1704836252.839  1086  1254 I ASH     : @ 1007123.638: tcs3701: stop power rail pending_off timer
         1704836252.839  1086  1254 D ASH     : @ 1007123.638: tcs3701: start power rail timer, state:3
         1704836252.879  1086  1254 I ASH     : @ 1007123.678: tcs3701: stop power rail pending_off timer
         1704836252.879  1086  1254 D ASH     : @ 1007123.678: tcs3701: start power rail timer, state:3
         1704836252.919  1086  1254 I ASH     : @ 1007123.718: tcs3701: stop power rail pending_off timer
         1704836252.919  1086  1254 D ASH     : @ 1007123.718: tcs3701: start power rail timer, state:3
         1704836252.959  1086  1254 I ASH     : @ 1007123.758: tcs3701: stop power rail pending_off timer
         1704836252.959  1086  1254 D ASH     : @ 1007123.758: tcs3701: start power rail timer, state:3
         1704836252.999  1086  1254 I ASH     : @ 1007123.798: tcs3701: stop power rail pending_off timer
         1704836252.999  1086  1254 D ASH     : @ 1007123.798: tcs3701: start power rail timer, state:3
         1704836253.039  1086  1254 I ASH     : @ 1007123.838: tcs3701: stop power rail pending_off timer
         1704836253.039  1086  1254 D ASH     : @ 1007123.838: tcs3701: start power rail timer, state:3
         1704836253.079  1086  1254 I ASH     : @ 1007123.878: tcs3701: stop power rail pending_off timer
         1704836253.079  1086  1254 D ASH     : @ 1007123.878: tcs3701: start power rail timer, state:3
         1704836253.119  1086  1254 I ASH     : @ 1007123.918: tcs3701: stop power rail pending_off timer
         1704836253.119  1086  1254 D ASH     : @ 1007123.918: tcs3701: start power rail timer, state:3
         1704836253.159  1086  1254 I ASH     : @ 1007123.958: tcs3701: stop power rail pending_off timer
         1704836253.159  1086  1254 D ASH     : @ 1007123.958: tcs3701: start power rail timer, state:3
         1704836253.199  1086  1254 I ASH     : @ 1007123.998: tcs3701: stop power rail pending_off timer
         1704836253.199  1086  1254 D ASH     : @ 1007123.998: tcs3701: start power rail timer, state:3
         1704836253.239  1086  1254 I ASH     : @ 1007124.038: tcs3701: stop power rail pending_off timer
         1704836253.239  1086  1254 D ASH     : @ 1007124.038: tcs3701: start power rail timer, state:3
         1704836253.279  1086  1254 I ASH     : @ 1007124.078: tcs3701: stop power rail pending_off timer
         1704836253.279  1086  1254 D ASH     : @ 1007124.078: tcs3701: start power rail timer, state:3
         1704836253.319  1086  1254 I ASH     : @ 1007124.118: tcs3701: stop power rail pending_off timer
         1704836253.319  1086  1254 D ASH     : @ 1007124.118: tcs3701: start power rail timer, state:3
         1704836253.359  1086  1254 I ASH     : @ 1007124.158: tcs3701: stop power rail pending_off timer
         1704836253.359  1086  1254 D ASH     : @ 1007124.158: tcs3701: start power rail timer, state:3
         1704836253.399  1086  1254 I ASH     : @ 1007124.198: tcs3701: stop power rail pending_off timer
         1704836253.399  1086  1254 D ASH     : @ 1007124.198: tcs3701: start power rail timer, state:3
         1704836253.399  1799  1822 I dashscene: 1680 frames over 1680 vsyncs
         1704836253.439  1086  1254 I ASH     : @ 1007124.238: tcs3701: stop power rail pending_off timer
         1704836253.439  1086  1254 D ASH     : @ 1007124.238: tcs3701: start power rail timer, state:3
         1704836253.479  1086  1254 I ASH     : @ 1007124.278: tcs3701: stop power rail pending_off timer
         1704836253.479  1086  1254 D ASH     : @ 1007124.279: tcs3701: start power rail timer, state:3
         1704836253.519  1086  1254 I ASH     : @ 1007124.318: tcs3701: stop power rail pending_off timer
         1704836253.519  1086  1254 D ASH     : @ 1007124.318: tcs3701: start power rail timer, state:3
         1704836253.559  1086  1254 I ASH     : @ 1007124.358: tcs3701: stop power rail pending_off timer
         1704836253.559  1086  1254 D ASH     : @ 1007124.358: tcs3701: start power rail timer, state:3
         1704836253.599  1086  1254 I ASH     : @ 1007124.398: tcs3701: stop power rail pending_off timer
         1704836253.599  1086  1254 D ASH     : @ 1007124.398: tcs3701: start power rail timer, state:3
         1704836253.640  1086  1254 I ASH     : @ 1007124.438: tcs3701: stop power rail pending_off timer
         1704836253.640  1086  1254 D ASH     : @ 1007124.439: tcs3701: start power rail timer, state:3
         1704836253.679  1086  1254 I ASH     : @ 1007124.478: tcs3701: stop power rail pending_off timer
         1704836253.679  1086  1254 D ASH     : @ 1007124.478: tcs3701: start power rail timer, state:3
         1704836253.719  1086  1254 I ASH     : @ 1007124.518: tcs3701: stop power rail pending_off timer
         1704836253.720  1086  1254 D ASH     : @ 1007124.518: tcs3701: start power rail timer, state:3
         1704836253.760  1086  1254 I ASH     : @ 1007124.558: tcs3701: stop power rail pending_off timer
         1704836253.760  1086  1254 D ASH     : @ 1007124.558: tcs3701: start power rail timer, state:3
         1704836253.801  1086  1254 I ASH     : @ 1007124.598: tcs3701: stop power rail pending_off timer
         1704836253.801  1086  1254 D ASH     : @ 1007124.598: tcs3701: start power rail timer, state:3
         1704836253.839  1086  1254 I ASH     : @ 1007124.638: tcs3701: stop power rail pending_off timer
         1704836253.840  1086  1254 D ASH     : @ 1007124.638: tcs3701: start power rail timer, state:3
         1704836253.881  1086  1254 I ASH     : @ 1007124.678: tcs3701: stop power rail pending_off timer
         1704836253.881  1086  1254 D ASH     : @ 1007124.679: tcs3701: start power rail timer, state:3
         1704836253.921  1086  1254 I ASH     : @ 1007124.718: tcs3701: stop power rail pending_off timer
         1704836253.921  1086  1254 D ASH     : @ 1007124.718: tcs3701: start power rail timer, state:3
         1704836253.960  1086  1254 I ASH     : @ 1007124.758: tcs3701: stop power rail pending_off timer
         1704836253.960  1086  1254 D ASH     : @ 1007124.758: tcs3701: start power rail timer, state:3
         1704836254.001  1086  1254 I ASH     : @ 1007124.798: tcs3701: stop power rail pending_off timer
         1704836254.001  1086  1254 D ASH     : @ 1007124.799: tcs3701: start power rail timer, state:3
         1704836254.040  1086  1254 I ASH     : @ 1007124.838: tcs3701: stop power rail pending_off timer
         1704836254.041  1086  1254 D ASH     : @ 1007124.839: tcs3701: start power rail timer, state:3
         1704836254.081  1086  1254 I ASH     : @ 1007124.878: tcs3701: stop power rail pending_off timer
         1704836254.081  1086  1254 D ASH     : @ 1007124.878: tcs3701: start power rail timer, state:3
         1704836254.121  1086  1254 I ASH     : @ 1007124.918: tcs3701: stop power rail pending_off timer
         1704836254.121  1086  1254 D ASH     : @ 1007124.919: tcs3701: start power rail timer, state:3
         1704836254.160  1086  1254 I ASH     : @ 1007124.958: tcs3701: stop power rail pending_off timer
         1704836254.160  1086  1254 D ASH     : @ 1007124.959: tcs3701: start power rail timer, state:3
         1704836254.201  1086  1254 I ASH     : @ 1007124.998: tcs3701: stop power rail pending_off timer
         1704836254.201  1086  1254 D ASH     : @ 1007124.998: tcs3701: start power rail timer, state:3
         1704836254.240  1086  1254 I ASH     : @ 1007125.038: tcs3701: stop power rail pending_off timer
         1704836254.240  1086  1254 D ASH     : @ 1007125.039: tcs3701: start power rail timer, state:3
         1704836254.281  1086  1254 I ASH     : @ 1007125.078: tcs3701: stop power rail pending_off timer
         1704836254.281  1086  1254 D ASH     : @ 1007125.078: tcs3701: start power rail timer, state:3
         1704836254.321  1086  1254 I ASH     : @ 1007125.118: tcs3701: stop power rail pending_off timer
         1704836254.321  1086  1254 D ASH     : @ 1007125.119: tcs3701: start power rail timer, state:3
         1704836254.360  1086  1254 I ASH     : @ 1007125.158: tcs3701: stop power rail pending_off timer
         1704836254.360  1086  1254 D ASH     : @ 1007125.159: tcs3701: start power rail timer, state:3
         1704836254.401  1086  1254 I ASH     : @ 1007125.198: tcs3701: stop power rail pending_off timer
         1704836254.401  1086  1254 D ASH     : @ 1007125.198: tcs3701: start power rail timer, state:3
         1704836254.441  1086  1254 I ASH     : @ 1007125.238: tcs3701: stop power rail pending_off timer
         1704836254.441  1086  1254 D ASH     : @ 1007125.239: tcs3701: start power rail timer, state:3
         1704836254.481  1086  1254 I ASH     : @ 1007125.278: tcs3701: stop power rail pending_off timer
         1704836254.481  1086  1254 D ASH     : @ 1007125.278: tcs3701: start power rail timer, state:3
         1704836254.520  1086  1254 I ASH     : @ 1007125.318: tcs3701: stop power rail pending_off timer
         1704836254.520  1086  1254 D ASH     : @ 1007125.318: tcs3701: start power rail timer, state:3
         1704836254.559  1086  1254 I ASH     : @ 1007125.358: tcs3701: stop power rail pending_off timer
         1704836254.559  1086  1254 D ASH     : @ 1007125.359: tcs3701: start power rail timer, state:3
         1704836254.599  1086  1254 I ASH     : @ 1007125.398: tcs3701: stop power rail pending_off timer
         1704836254.599  1086  1254 D ASH     : @ 1007125.398: tcs3701: start power rail timer, state:3
         1704836254.639  1086  1254 I ASH     : @ 1007125.438: tcs3701: stop power rail pending_off timer
         1704836254.640  1086  1254 D ASH     : @ 1007125.438: tcs3701: start power rail timer, state:3
         1704836254.679  1086  1254 I ASH     : @ 1007125.478: tcs3701: stop power rail pending_off timer
         1704836254.679  1086  1254 D ASH     : @ 1007125.478: tcs3701: start power rail timer, state:3
         1704836254.719  1086  1254 I ASH     : @ 1007125.518: tcs3701: stop power rail pending_off timer
         1704836254.719  1086  1254 D ASH     : @ 1007125.518: tcs3701: start power rail timer, state:3
         1704836254.759  1086  1254 I ASH     : @ 1007125.558: tcs3701: stop power rail pending_off timer
         1704836254.759  1086  1254 D ASH     : @ 1007125.558: tcs3701: start power rail timer, state:3
         1704836254.799  1086  1254 I ASH     : @ 1007125.598: tcs3701: stop power rail pending_off timer
         1704836254.799  1086  1254 D ASH     : @ 1007125.598: tcs3701: start power rail timer, state:3
         1704836254.839  1086  1254 I ASH     : @ 1007125.638: tcs3701: stop power rail pending_off timer
         1704836254.839  1086  1254 D ASH     : @ 1007125.638: tcs3701: start power rail timer, state:3
         1704836254.879  1086  1254 I ASH     : @ 1007125.678: tcs3701: stop power rail pending_off timer
         1704836254.879  1086  1254 D ASH     : @ 1007125.678: tcs3701: start power rail timer, state:3
         1704836254.919  1086  1254 I ASH     : @ 1007125.718: tcs3701: stop power rail pending_off timer
         1704836254.919  1086  1254 D ASH     : @ 1007125.718: tcs3701: start power rail timer, state:3
         1704836254.959  1086  1254 I ASH     : @ 1007125.758: tcs3701: stop power rail pending_off timer
         1704836254.960  1086  1254 D ASH     : @ 1007125.758: tcs3701: start power rail timer, state:3
         1704836254.999  1086  1254 I ASH     : @ 1007125.798: tcs3701: stop power rail pending_off timer
         1704836254.999  1086  1254 D ASH     : @ 1007125.798: tcs3701: start power rail timer, state:3
         1704836255.039  1086  1254 I ASH     : @ 1007125.838: tcs3701: stop power rail pending_off timer
         1704836255.039  1086  1254 D ASH     : @ 1007125.838: tcs3701: start power rail timer, state:3
         1704836255.079  1086  1254 I ASH     : @ 1007125.878: tcs3701: stop power rail pending_off timer
         1704836255.079  1086  1254 D ASH     : @ 1007125.878: tcs3701: start power rail timer, state:3
         1704836255.120  1086  1254 I ASH     : @ 1007125.918: tcs3701: stop power rail pending_off timer
         1704836255.120  1086  1254 D ASH     : @ 1007125.918: tcs3701: start power rail timer, state:3
         1704836255.159  1086  1254 I ASH     : @ 1007125.958: tcs3701: stop power rail pending_off timer
         1704836255.159  1086  1254 D ASH     : @ 1007125.958: tcs3701: start power rail timer, state:3
         1704836255.199  1086  1254 I ASH     : @ 1007125.998: tcs3701: stop power rail pending_off timer
         1704836255.199  1086  1254 D ASH     : @ 1007125.998: tcs3701: start power rail timer, state:3
         1704836255.239  1086  1254 I ASH     : @ 1007126.038: tcs3701: stop power rail pending_off timer
         1704836255.239  1086  1254 D ASH     : @ 1007126.038: tcs3701: start power rail timer, state:3
         1704836255.279  1086  1254 I ASH     : @ 1007126.078: tcs3701: stop power rail pending_off timer
         1704836255.279  1086  1254 D ASH     : @ 1007126.078: tcs3701: start power rail timer, state:3
         1704836255.319  1086  1254 I ASH     : @ 1007126.118: tcs3701: stop power rail pending_off timer
         1704836255.320  1086  1254 D ASH     : @ 1007126.118: tcs3701: start power rail timer, state:3
         1704836255.359  1086  1254 I ASH     : @ 1007126.158: tcs3701: stop power rail pending_off timer
         1704836255.359  1086  1254 D ASH     : @ 1007126.158: tcs3701: start power rail timer, state:3
         1704836255.399  1086  1254 I ASH     : @ 1007126.198: tcs3701: stop power rail pending_off timer
         1704836255.399  1086  1254 D ASH     : @ 1007126.198: tcs3701: start power rail timer, state:3
         1704836255.439  1086  1254 I ASH     : @ 1007126.238: tcs3701: stop power rail pending_off timer
         1704836255.439  1086  1254 D ASH     : @ 1007126.238: tcs3701: start power rail timer, state:3
         1704836255.479  1086  1254 I ASH     : @ 1007126.278: tcs3701: stop power rail pending_off timer
         1704836255.479  1086  1254 D ASH     : @ 1007126.278: tcs3701: start power rail timer, state:3
         1704836255.519  1086  1254 I ASH     : @ 1007126.318: tcs3701: stop power rail pending_off timer
         1704836255.519  1086  1254 D ASH     : @ 1007126.318: tcs3701: start power rail timer, state:3
         1704836255.559  1086  1254 I ASH     : @ 1007126.358: tcs3701: stop power rail pending_off timer
         1704836255.559  1086  1254 D ASH     : @ 1007126.358: tcs3701: start power rail timer, state:3
         1704836255.599  1086  1254 I ASH     : @ 1007126.398: tcs3701: stop power rail pending_off timer
         1704836255.600  1086  1254 D ASH     : @ 1007126.398: tcs3701: start power rail timer, state:3
         1704836255.639  1086  1254 I ASH     : @ 1007126.438: tcs3701: stop power rail pending_off timer
         1704836255.639  1086  1254 D ASH     : @ 1007126.438: tcs3701: start power rail timer, state:3
         1704836255.679  1086  1254 I ASH     : @ 1007126.478: tcs3701: stop power rail pending_off timer
         1704836255.679  1086  1254 D ASH     : @ 1007126.478: tcs3701: start power rail timer, state:3
         1704836255.719  1086  1254 I ASH     : @ 1007126.518: tcs3701: stop power rail pending_off timer
         1704836255.719  1086  1254 D ASH     : @ 1007126.519: tcs3701: start power rail timer, state:3
         1704836255.759  1086  1254 I ASH     : @ 1007126.558: tcs3701: stop power rail pending_off timer
         1704836255.759  1086  1254 D ASH     : @ 1007126.558: tcs3701: start power rail timer, state:3
         1704836255.799  1086  1254 I ASH     : @ 1007126.598: tcs3701: stop power rail pending_off timer
         1704836255.799  1086  1254 D ASH     : @ 1007126.598: tcs3701: start power rail timer, state:3
         1704836255.839  1086  1254 I ASH     : @ 1007126.638: tcs3701: stop power rail pending_off timer
         1704836255.839  1086  1254 D ASH     : @ 1007126.638: tcs3701: start power rail timer, state:3
         1704836255.880  1086  1254 I ASH     : @ 1007126.678: tcs3701: stop power rail pending_off timer
         1704836255.880  1086  1254 D ASH     : @ 1007126.678: tcs3701: start power rail timer, state:3
         1704836255.909  1799  1822 I dashscene: surfaces over 240 frames — tick 1.04 ms, paint mean 0.10 p50 0.09, submit mean 23.31 p50 23.02 p95 33.96 max 71.85 ms (40.9 fps if unpaced) — 2 run(s), 32 glyph(s)
         1704836255.919  1086  1254 I ASH     : @ 1007126.718: tcs3701: stop power rail pending_off timer
         1704836255.919  1086  1254 D ASH     : @ 1007126.718: tcs3701: start power rail timer, state:3
         1704836255.959  1086  1254 I ASH     : @ 1007126.758: tcs3701: stop power rail pending_off timer
         1704836255.959  1086  1254 D ASH     : @ 1007126.758: tcs3701: start power rail timer, state:3
         1704836255.999  1086  1254 I ASH     : @ 1007126.798: tcs3701: stop power rail pending_off timer
         1704836255.999  1086  1254 D ASH     : @ 1007126.798: tcs3701: start power rail timer, state:3
         1704836256.039  1086  1254 I ASH     : @ 1007126.838: tcs3701: stop power rail pending_off timer
         1704836256.040  1086  1254 D ASH     : @ 1007126.838: tcs3701: start power rail timer, state:3
         1704836256.079  1086  1254 I ASH     : @ 1007126.878: tcs3701: stop power rail pending_off timer
         1704836256.079  1086  1254 D ASH     : @ 1007126.878: tcs3701: start power rail timer, state:3
         1704836256.119  1086  1254 I ASH     : @ 1007126.918: tcs3701: stop power rail pending_off timer
         1704836256.119  1086  1254 D ASH     : @ 1007126.918: tcs3701: start power rail timer, state:3
         1704836256.159  1086  1254 I ASH     : @ 1007126.958: tcs3701: stop power rail pending_off timer
         1704836256.159  1086  1254 D ASH     : @ 1007126.958: tcs3701: start power rail timer, state:3
         1704836256.201  1086  1254 I ASH     : @ 1007126.998: tcs3701: stop power rail pending_off timer
         1704836256.201  1086  1254 D ASH     : @ 1007126.998: tcs3701: start power rail timer, state:3
         1704836256.240  1086  1254 I ASH     : @ 1007127.038: tcs3701: stop power rail pending_off timer
         1704836256.241  1086  1254 D ASH     : @ 1007127.039: tcs3701: start power rail timer, state:3
         1704836256.281  1086  1254 I ASH     : @ 1007127.078: tcs3701: stop power rail pending_off timer
         1704836256.281  1086  1254 D ASH     : @ 1007127.078: tcs3701: start power rail timer, state:3
         1704836256.321  1086  1254 I ASH     : @ 1007127.118: tcs3701: stop power rail pending_off timer
         1704836256.321  1086  1254 D ASH     : @ 1007127.118: tcs3701: start power rail timer, state:3
         1704836256.359  1086  1254 I ASH     : @ 1007127.158: tcs3701: stop power rail pending_off timer
         1704836256.360  1086  1254 D ASH     : @ 1007127.158: tcs3701: start power rail timer, state:3
         1704836256.401  1086  1254 I ASH     : @ 1007127.198: tcs3701: stop power rail pending_off timer
         1704836256.402  1086  1254 D ASH     : @ 1007127.199: tcs3701: start power rail timer, state:3
         1704836256.441  1086  1254 I ASH     : @ 1007127.238: tcs3701: stop power rail pending_off timer
         1704836256.441  1086  1254 D ASH     : @ 1007127.239: tcs3701: start power rail timer, state:3
         1704836256.481  1086  1254 I ASH     : @ 1007127.278: tcs3701: stop power rail pending_off timer
         1704836256.481  1086  1254 D ASH     : @ 1007127.278: tcs3701: start power rail timer, state:3
         1704836256.521  1086  1254 I ASH     : @ 1007127.318: tcs3701: stop power rail pending_off timer
         1704836256.521  1086  1254 D ASH     : @ 1007127.319: tcs3701: start power rail timer, state:3
         1704836256.560  1086  1254 I ASH     : @ 1007127.358: tcs3701: stop power rail pending_off timer
         1704836256.560  1086  1254 D ASH     : @ 1007127.358: tcs3701: start power rail timer, state:3
         1704836256.601  1086  1254 I ASH     : @ 1007127.398: tcs3701: stop power rail pending_off timer
         1704836256.601  1086  1254 D ASH     : @ 1007127.398: tcs3701: start power rail timer, state:3
         1704836256.641  1086  1254 I ASH     : @ 1007127.438: tcs3701: stop power rail pending_off timer
         1704836256.641  1086  1254 D ASH     : @ 1007127.438: tcs3701: start power rail timer, state:3
         1704836256.681  1086  1254 I ASH     : @ 1007127.478: tcs3701: stop power rail pending_off timer
         1704836256.681  1086  1254 D ASH     : @ 1007127.478: tcs3701: start power rail timer, state:3
         1704836256.721  1086  1254 I ASH     : @ 1007127.518: tcs3701: stop power rail pending_off timer
         1704836256.721  1086  1254 D ASH     : @ 1007127.518: tcs3701: start power rail timer, state:3
         1704836256.760  1086  1254 I ASH     : @ 1007127.558: tcs3701: stop power rail pending_off timer
         1704836256.760  1086  1254 D ASH     : @ 1007127.558: tcs3701: start power rail timer, state:3
         1704836256.801  1086  1254 I ASH     : @ 1007127.598: tcs3701: stop power rail pending_off timer
         1704836256.801  1086  1254 D ASH     : @ 1007127.599: tcs3701: start power rail timer, state:3
         1704836256.841  1086  1254 I ASH     : @ 1007127.638: tcs3701: stop power rail pending_off timer
         1704836256.841  1086  1254 D ASH     : @ 1007127.638: tcs3701: start power rail timer, state:3
         1704836256.881  1086  1254 I ASH     : @ 1007127.678: tcs3701: stop power rail pending_off timer
         1704836256.881  1086  1254 D ASH     : @ 1007127.679: tcs3701: start power rail timer, state:3
         1704836256.921  1086  1254 I ASH     : @ 1007127.718: tcs3701: stop power rail pending_off timer
         1704836256.921  1086  1254 D ASH     : @ 1007127.719: tcs3701: start power rail timer, state:3
         1704836256.960  1086  1254 I ASH     : @ 1007127.758: tcs3701: stop power rail pending_off timer
         1704836256.960  1086  1254 D ASH     : @ 1007127.758: tcs3701: start power rail timer, state:3
         1704836257.001  1086  1254 I ASH     : @ 1007127.798: tcs3701: stop power rail pending_off timer
         1704836257.001  1086  1254 D ASH     : @ 1007127.799: tcs3701: start power rail timer, state:3
         1704836257.039  1086  1254 I ASH     : @ 1007127.838: tcs3701: stop power rail pending_off timer
         1704836257.040  1086  1254 D ASH     : @ 1007127.838: tcs3701: start power rail timer, state:3
         1704836257.079  1086  1254 I ASH     : @ 1007127.878: tcs3701: stop power rail pending_off timer
         1704836257.079  1086  1254 D ASH     : @ 1007127.878: tcs3701: start power rail timer, state:3
         1704836257.119  1086  1254 I ASH     : @ 1007127.918: tcs3701: stop power rail pending_off timer
         1704836257.119  1086  1254 D ASH     : @ 1007127.919: tcs3701: start power rail timer, state:3
         1704836257.159  1086  1254 I ASH     : @ 1007127.958: tcs3701: stop power rail pending_off timer
         1704836257.159  1086  1254 D ASH     : @ 1007127.958: tcs3701: start power rail timer, state:3
         1704836257.199  1086  1254 I ASH     : @ 1007127.998: tcs3701: stop power rail pending_off timer
         1704836257.199  1086  1254 D ASH     : @ 1007127.999: tcs3701: start power rail timer, state:3
         1704836257.239  1086  1254 I ASH     : @ 1007128.038: tcs3701: stop power rail pending_off timer
         1704836257.239  1086  1254 D ASH     : @ 1007128.038: tcs3701: start power rail timer, state:3
         1704836257.279  1086  1254 I ASH     : @ 1007128.078: tcs3701: stop power rail pending_off timer
         1704836257.279  1086  1254 D ASH     : @ 1007128.078: tcs3701: start power rail timer, state:3
         1704836257.319  1086  1254 I ASH     : @ 1007128.118: tcs3701: stop power rail pending_off timer
         1704836257.319  1086  1254 D ASH     : @ 1007128.118: tcs3701: start power rail timer, state:3
         1704836257.359  1086  1254 I ASH     : @ 1007128.158: tcs3701: stop power rail pending_off timer
         1704836257.359  1086  1254 D ASH     : @ 1007128.158: tcs3701: start power rail timer, state:3
         1704836257.399  1086  1254 I ASH     : @ 1007128.198: tcs3701: stop power rail pending_off timer
         1704836257.399  1086  1254 D ASH     : @ 1007128.198: tcs3701: start power rail timer, state:3
         1704836257.439  1086  1254 I ASH     : @ 1007128.238: tcs3701: stop power rail pending_off timer
         1704836257.439  1086  1254 D ASH     : @ 1007128.238: tcs3701: start power rail timer, state:3
         1704836257.479  1086  1254 I ASH     : @ 1007128.278: tcs3701: stop power rail pending_off timer
         1704836257.479  1086  1254 D ASH     : @ 1007128.278: tcs3701: start power rail timer, state:3
         1704836257.519  1086  1254 I ASH     : @ 1007128.318: tcs3701: stop power rail pending_off timer
         1704836257.519  1086  1254 D ASH     : @ 1007128.318: tcs3701: start power rail timer, state:3
         1704836257.559  1086  1254 I ASH     : @ 1007128.358: tcs3701: stop power rail pending_off timer
         1704836257.559  1086  1254 D ASH     : @ 1007128.358: tcs3701: start power rail timer, state:3
         1704836257.599  1086  1254 I ASH     : @ 1007128.398: tcs3701: stop power rail pending_off timer
         1704836257.599  1086  1254 D ASH     : @ 1007128.398: tcs3701: start power rail timer, state:3
         1704836257.639  1086  1254 I ASH     : @ 1007128.438: tcs3701: stop power rail pending_off timer
         1704836257.639  1086  1254 D ASH     : @ 1007128.438: tcs3701: start power rail timer, state:3
         1704836257.679  1086  1254 I ASH     : @ 1007128.478: tcs3701: stop power rail pending_off timer
         1704836257.679  1086  1254 D ASH     : @ 1007128.478: tcs3701: start power rail timer, state:3
         1704836257.719  1086  1254 I ASH     : @ 1007128.518: tcs3701: stop power rail pending_off timer
         1704836257.719  1086  1254 D ASH     : @ 1007128.518: tcs3701: start power rail timer, state:3
         1704836257.759  1086  1254 I ASH     : @ 1007128.558: tcs3701: stop power rail pending_off timer
         1704836257.759  1086  1254 D ASH     : @ 1007128.558: tcs3701: start power rail timer, state:3
         1704836257.799  1086  1254 I ASH     : @ 1007128.598: tcs3701: stop power rail pending_off timer
         1704836257.799  1086  1254 D ASH     : @ 1007128.598: tcs3701: start power rail timer, state:3
         1704836257.839  1086  1254 I ASH     : @ 1007128.638: tcs3701: stop power rail pending_off timer
         1704836257.839  1086  1254 D ASH     : @ 1007128.638: tcs3701: start power rail timer, state:3
         1704836257.879  1086  1254 I ASH     : @ 1007128.678: tcs3701: stop power rail pending_off timer
         1704836257.879  1086  1254 D ASH     : @ 1007128.679: tcs3701: start power rail timer, state:3
         1704836257.919  1086  1254 I ASH     : @ 1007128.718: tcs3701: stop power rail pending_off timer
         1704836257.919  1086  1254 D ASH     : @ 1007128.718: tcs3701: start power rail timer, state:3
         1704836257.959  1086  1254 I ASH     : @ 1007128.758: tcs3701: stop power rail pending_off timer
         1704836257.959  1086  1254 D ASH     : @ 1007128.758: tcs3701: start power rail timer, state:3
         1704836257.999  1086  1254 I ASH     : @ 1007128.798: tcs3701: stop power rail pending_off timer
         1704836257.999  1086  1254 D ASH     : @ 1007128.798: tcs3701: start power rail timer, state:3
         1704836258.039  1086  1254 I ASH     : @ 1007128.838: tcs3701: stop power rail pending_off timer
         1704836258.039  1086  1254 D ASH     : @ 1007128.838: tcs3701: start power rail timer, state:3
         1704836258.079  1086  1254 I ASH     : @ 1007128.878: tcs3701: stop power rail pending_off timer
         1704836258.079  1086  1254 D ASH     : @ 1007128.878: tcs3701: start power rail timer, state:3
         1704836258.119  1086  1254 I ASH     : @ 1007128.918: tcs3701: stop power rail pending_off timer
         1704836258.119  1086  1254 D ASH     : @ 1007128.918: tcs3701: start power rail timer, state:3
         1704836258.159  1086  1254 I ASH     : @ 1007128.958: tcs3701: stop power rail pending_off timer
         1704836258.159  1086  1254 D ASH     : @ 1007128.958: tcs3701: start power rail timer, state:3
         1704836258.199  1086  1254 I ASH     : @ 1007128.998: tcs3701: stop power rail pending_off timer
         1704836258.199  1086  1254 D ASH     : @ 1007128.998: tcs3701: start power rail timer, state:3
         1704836258.239  1086  1254 I ASH     : @ 1007129.038: tcs3701: stop power rail pending_off timer
         1704836258.239  1086  1254 D ASH     : @ 1007129.038: tcs3701: start power rail timer, state:3
         1704836258.279  1086  1254 I ASH     : @ 1007129.078: tcs3701: stop power rail pending_off timer
         1704836258.279  1086  1254 D ASH     : @ 1007129.078: tcs3701: start power rail timer, state:3
         1704836258.319  1086  1254 I ASH     : @ 1007129.118: tcs3701: stop power rail pending_off timer
         1704836258.319  1086  1254 D ASH     : @ 1007129.118: tcs3701: start power rail timer, state:3
         1704836258.359  1086  1254 I ASH     : @ 1007129.158: tcs3701: stop power rail pending_off timer
         1704836258.359  1086  1254 D ASH     : @ 1007129.158: tcs3701: start power rail timer, state:3
         1704836258.399  1086  1254 I ASH     : @ 1007129.198: tcs3701: stop power rail pending_off timer
         1704836258.399  1086  1254 D ASH     : @ 1007129.198: tcs3701: start power rail timer, state:3
         1704836258.439  1086  1254 I ASH     : @ 1007129.238: tcs3701: stop power rail pending_off timer
         1704836258.439  1086  1254 D ASH     : @ 1007129.238: tcs3701: start power rail timer, state:3
         1704836258.479  1086  1254 I ASH     : @ 1007129.278: tcs3701: stop power rail pending_off timer
         1704836258.479  1086  1254 D ASH     : @ 1007129.278: tcs3701: start power rail timer, state:3
         1704836258.519  1086  1254 I ASH     : @ 1007129.318: tcs3701: stop power rail pending_off timer
         1704836258.519  1086  1254 D ASH     : @ 1007129.318: tcs3701: start power rail timer, state:3
         1704836258.559  1086  1254 I ASH     : @ 1007129.358: tcs3701: stop power rail pending_off timer
         1704836258.559  1086  1254 D ASH     : @ 1007129.358: tcs3701: start power rail timer, state:3
         1704836258.599  1086  1254 I ASH     : @ 1007129.398: tcs3701: stop power rail pending_off timer
         1704836258.599  1086  1254 D ASH     : @ 1007129.398: tcs3701: start power rail timer, state:3
         1704836258.639  1086  1254 I ASH     : @ 1007129.438: tcs3701: stop power rail pending_off timer
         1704836258.639  1086  1254 D ASH     : @ 1007129.439: tcs3701: start power rail timer, state:3
         1704836258.680  1086  1254 I ASH     : @ 1007129.478: tcs3701: stop power rail pending_off timer
         1704836258.680  1086  1254 D ASH     : @ 1007129.479: tcs3701: start power rail timer, state:3
         1704836258.721  1086  1254 I ASH     : @ 1007129.518: tcs3701: stop power rail pending_off timer
         1704836258.721  1086  1254 D ASH     : @ 1007129.519: tcs3701: start power rail timer, state:3
         1704836258.760  1086  1254 I ASH     : @ 1007129.558: tcs3701: stop power rail pending_off timer
         1704836258.760  1086  1254 D ASH     : @ 1007129.558: tcs3701: start power rail timer, state:3
         1704836258.800  1086  1254 I ASH     : @ 1007129.598: tcs3701: stop power rail pending_off timer
         1704836258.800  1086  1254 D ASH     : @ 1007129.598: tcs3701: start power rail timer, state:3
         1704836258.841  1086  1254 I ASH     : @ 1007129.638: tcs3701: stop power rail pending_off timer
         1704836258.841  1086  1254 D ASH     : @ 1007129.638: tcs3701: start power rail timer, state:3
         1704836258.880  1086  1254 I ASH     : @ 1007129.678: tcs3701: stop power rail pending_off timer
         1704836258.880  1086  1254 D ASH     : @ 1007129.678: tcs3701: start power rail timer, state:3
         1704836258.921  1086  1254 I ASH     : @ 1007129.718: tcs3701: stop power rail pending_off timer
         1704836258.921  1086  1254 D ASH     : @ 1007129.718: tcs3701: start power rail timer, state:3
         1704836258.961  1086  1254 I ASH     : @ 1007129.758: tcs3701: stop power rail pending_off timer
         1704836258.961  1086  1254 D ASH     : @ 1007129.758: tcs3701: start power rail timer, state:3
         1704836259.001  1086  1254 I ASH     : @ 1007129.798: tcs3701: stop power rail pending_off timer
         1704836259.001  1086  1254 D ASH     : @ 1007129.798: tcs3701: start power rail timer, state:3
         1704836259.041  1086  1254 I ASH     : @ 1007129.838: tcs3701: stop power rail pending_off timer
         1704836259.041  1086  1254 D ASH     : @ 1007129.838: tcs3701: start power rail timer, state:3
         1704836259.080  1086  1254 I ASH     : @ 1007129.878: tcs3701: stop power rail pending_off timer
         1704836259.080  1086  1254 D ASH     : @ 1007129.878: tcs3701: start power rail timer, state:3
         1704836259.110  1799  1822 I dashscene: 1920 frames over 1920 vsyncs
         1704836259.121  1086  1254 I ASH     : @ 1007129.918: tcs3701: stop power rail pending_off timer
         1704836259.121  1086  1254 D ASH     : @ 1007129.919: tcs3701: start power rail timer, state:3
         1704836259.161  1086  1254 I ASH     : @ 1007129.958: tcs3701: stop power rail pending_off timer
         1704836259.161  1086  1254 D ASH     : @ 1007129.958: tcs3701: start power rail timer, state:3
         1704836259.201  1086  1254 I ASH     : @ 1007129.998: tcs3701: stop power rail pending_off timer
         1704836259.201  1086  1254 D ASH     : @ 1007129.998: tcs3701: start power rail timer, state:3
         1704836259.239  1086  1254 I ASH     : @ 1007130.038: tcs3701: stop power rail pending_off timer
         1704836259.239  1086  1254 D ASH     : @ 1007130.038: tcs3701: start power rail timer, state:3
         1704836259.280  1086  1254 I ASH     : @ 1007130.078: tcs3701: stop power rail pending_off timer
         1704836259.280  1086  1254 D ASH     : @ 1007130.078: tcs3701: start power rail timer, state:3
         1704836259.321  1086  1254 I ASH     : @ 1007130.118: tcs3701: stop power rail pending_off timer
         1704836259.321  1086  1254 D ASH     : @ 1007130.118: tcs3701: start power rail timer, state:3
         1704836259.361  1086  1254 I ASH     : @ 1007130.158: tcs3701: stop power rail pending_off timer
         1704836259.361  1086  1254 D ASH     : @ 1007130.159: tcs3701: start power rail timer, state:3
         1704836259.401  1086  1254 I ASH     : @ 1007130.198: tcs3701: stop power rail pending_off timer
         1704836259.401  1086  1254 D ASH     : @ 1007130.199: tcs3701: start power rail timer, state:3
         1704836259.441  1086  1254 I ASH     : @ 1007130.238: tcs3701: stop power rail pending_off timer
         1704836259.441  1086  1254 D ASH     : @ 1007130.239: tcs3701: start power rail timer, state:3
         1704836259.480  1086  1254 I ASH     : @ 1007130.278: tcs3701: stop power rail pending_off timer
         1704836259.480  1086  1254 D ASH     : @ 1007130.278: tcs3701: start power rail timer, state:3
         1704836259.520  1086  1254 I ASH     : @ 1007130.318: tcs3701: stop power rail pending_off timer
         1704836259.520  1086  1254 D ASH     : @ 1007130.318: tcs3701: start power rail timer, state:3
         1704836259.559  1086  1254 I ASH     : @ 1007130.358: tcs3701: stop power rail pending_off timer
         1704836259.560  1086  1254 D ASH     : @ 1007130.359: tcs3701: start power rail timer, state:3
         1704836259.599  1086  1254 I ASH     : @ 1007130.398: tcs3701: stop power rail pending_off timer
         1704836259.600  1086  1254 D ASH     : @ 1007130.399: tcs3701: start power rail timer, state:3
         1704836259.639  1086  1254 I ASH     : @ 1007130.438: tcs3701: stop power rail pending_off timer
         1704836259.640  1086  1254 D ASH     : @ 1007130.439: tcs3701: start power rail timer, state:3
         1704836259.679  1086  1254 I ASH     : @ 1007130.478: tcs3701: stop power rail pending_off timer
         1704836259.679  1086  1254 D ASH     : @ 1007130.478: tcs3701: start power rail timer, state:3
         1704836259.719  1086  1254 I ASH     : @ 1007130.518: tcs3701: stop power rail pending_off timer
         1704836259.719  1086  1254 D ASH     : @ 1007130.518: tcs3701: start power rail timer, state:3
         1704836259.759  1086  1254 I ASH     : @ 1007130.558: tcs3701: stop power rail pending_off timer
         1704836259.759  1086  1254 D ASH     : @ 1007130.558: tcs3701: start power rail timer, state:3
         1704836259.799  1086  1254 I ASH     : @ 1007130.598: tcs3701: stop power rail pending_off timer
         1704836259.800  1086  1254 D ASH     : @ 1007130.598: tcs3701: start power rail timer, state:3
         1704836259.839  1086  1254 I ASH     : @ 1007130.638: tcs3701: stop power rail pending_off timer
         1704836259.839  1086  1254 D ASH     : @ 1007130.638: tcs3701: start power rail timer, state:3
         1704836259.879  1086  1254 I ASH     : @ 1007130.678: tcs3701: stop power rail pending_off timer
         1704836259.879  1086  1254 D ASH     : @ 1007130.678: tcs3701: start power rail timer, state:3
         1704836259.919  1086  1254 I ASH     : @ 1007130.718: tcs3701: stop power rail pending_off timer
         1704836259.919  1086  1254 D ASH     : @ 1007130.718: tcs3701: start power rail timer, state:3
         1704836259.959  1086  1254 I ASH     : @ 1007130.758: tcs3701: stop power rail pending_off timer
         1704836259.959  1086  1254 D ASH     : @ 1007130.758: tcs3701: start power rail timer, state:3
         1704836259.999  1086  1254 I ASH     : @ 1007130.798: tcs3701: stop power rail pending_off timer
         1704836259.999  1086  1254 D ASH     : @ 1007130.798: tcs3701: start power rail timer, state:3
         1704836260.039  1086  1254 I ASH     : @ 1007130.838: tcs3701: stop power rail pending_off timer
         1704836260.039  1086  1254 D ASH     : @ 1007130.838: tcs3701: start power rail timer, state:3
         1704836260.079  1086  1254 I ASH     : @ 1007130.878: tcs3701: stop power rail pending_off timer
         1704836260.079  1086  1254 D ASH     : @ 1007130.878: tcs3701: start power rail timer, state:3
         1704836260.119  1086  1254 I ASH     : @ 1007130.918: tcs3701: stop power rail pending_off timer
         1704836260.119  1086  1254 D ASH     : @ 1007130.918: tcs3701: start power rail timer, state:3
         1704836260.159  1086  1254 I ASH     : @ 1007130.958: tcs3701: stop power rail pending_off timer
         1704836260.159  1086  1254 D ASH     : @ 1007130.959: tcs3701: start power rail timer, state:3
         1704836260.199  1086  1254 I ASH     : @ 1007130.998: tcs3701: stop power rail pending_off timer
         1704836260.199  1086  1254 D ASH     : @ 1007130.998: tcs3701: start power rail timer, state:3
         1704836260.239  1086  1254 I ASH     : @ 1007131.038: tcs3701: stop power rail pending_off timer
         1704836260.239  1086  1254 D ASH     : @ 1007131.038: tcs3701: start power rail timer, state:3
         1704836260.279  1086  1254 I ASH     : @ 1007131.078: tcs3701: stop power rail pending_off timer
         1704836260.279  1086  1254 D ASH     : @ 1007131.078: tcs3701: start power rail timer, state:3
         1704836260.319  1086  1254 I ASH     : @ 1007131.118: tcs3701: stop power rail pending_off timer
         1704836260.319  1086  1254 D ASH     : @ 1007131.118: tcs3701: start power rail timer, state:3
         1704836260.359  1086  1254 I ASH     : @ 1007131.158: tcs3701: stop power rail pending_off timer
         1704836260.359  1086  1254 D ASH     : @ 1007131.158: tcs3701: start power rail timer, state:3
         1704836260.399  1086  1254 I ASH     : @ 1007131.198: tcs3701: stop power rail pending_off timer
         1704836260.399  1086  1254 D ASH     : @ 1007131.198: tcs3701: start power rail timer, state:3
         1704836260.439  1086  1254 I ASH     : @ 1007131.238: tcs3701: stop power rail pending_off timer
         1704836260.439  1086  1254 D ASH     : @ 1007131.238: tcs3701: start power rail timer, state:3
         1704836260.479  1086  1254 I ASH     : @ 1007131.278: tcs3701: stop power rail pending_off timer
         1704836260.479  1086  1254 D ASH     : @ 1007131.278: tcs3701: start power rail timer, state:3
         1704836260.519  1086  1254 I ASH     : @ 1007131.318: tcs3701: stop power rail pending_off timer
         1704836260.519  1086  1254 D ASH     : @ 1007131.318: tcs3701: start power rail timer, state:3
         1704836260.559  1086  1254 I ASH     : @ 1007131.358: tcs3701: stop power rail pending_off timer
         1704836260.559  1086  1254 D ASH     : @ 1007131.358: tcs3701: start power rail timer, state:3
         1704836260.599  1086  1254 I ASH     : @ 1007131.398: tcs3701: stop power rail pending_off timer
         1704836260.599  1086  1254 D ASH     : @ 1007131.398: tcs3701: start power rail timer, state:3
         1704836260.639  1086  1254 I ASH     : @ 1007131.438: tcs3701: stop power rail pending_off timer
         1704836260.639  1086  1254 D ASH     : @ 1007131.438: tcs3701: start power rail timer, state:3
         1704836260.679  1086  1254 I ASH     : @ 1007131.478: tcs3701: stop power rail pending_off timer
         1704836260.679  1086  1254 D ASH     : @ 1007131.478: tcs3701: start power rail timer, state:3
         1704836260.719  1086  1254 I ASH     : @ 1007131.518: tcs3701: stop power rail pending_off timer
         1704836260.719  1086  1254 D ASH     : @ 1007131.518: tcs3701: start power rail timer, state:3
         1704836260.759  1086  1254 I ASH     : @ 1007131.558: tcs3701: stop power rail pending_off timer
         1704836260.759  1086  1254 D ASH     : @ 1007131.558: tcs3701: start power rail timer, state:3
         1704836260.799  1086  1254 I ASH     : @ 1007131.598: tcs3701: stop power rail pending_off timer
         1704836260.799  1086  1254 D ASH     : @ 1007131.598: tcs3701: start power rail timer, state:3
         1704836260.839  1086  1254 I ASH     : @ 1007131.638: tcs3701: stop power rail pending_off timer
         1704836260.839  1086  1254 D ASH     : @ 1007131.638: tcs3701: start power rail timer, state:3
         1704836260.879  1086  1254 I ASH     : @ 1007131.678: tcs3701: stop power rail pending_off timer
         1704836260.879  1086  1254 D ASH     : @ 1007131.678: tcs3701: start power rail timer, state:3
         1704836260.919  1086  1254 I ASH     : @ 1007131.718: tcs3701: stop power rail pending_off timer
         1704836260.919  1086  1254 D ASH     : @ 1007131.718: tcs3701: start power rail timer, state:3
         1704836260.959  1086  1254 I ASH     : @ 1007131.758: tcs3701: stop power rail pending_off timer
         1704836260.959  1086  1254 D ASH     : @ 1007131.758: tcs3701: start power rail timer, state:3
         1704836260.999  1086  1254 I ASH     : @ 1007131.798: tcs3701: stop power rail pending_off timer
         1704836260.999  1086  1254 D ASH     : @ 1007131.798: tcs3701: start power rail timer, state:3
         1704836261.039  1086  1254 I ASH     : @ 1007131.838: tcs3701: stop power rail pending_off timer
         1704836261.039  1086  1254 D ASH     : @ 1007131.838: tcs3701: start power rail timer, state:3
         1704836261.080  1086  1254 I ASH     : @ 1007131.878: tcs3701: stop power rail pending_off timer
         1704836261.080  1086  1254 D ASH     : @ 1007131.878: tcs3701: start power rail timer, state:3
         1704836261.119  1086  1254 I ASH     : @ 1007131.918: tcs3701: stop power rail pending_off timer
         1704836261.119  1086  1254 D ASH     : @ 1007131.918: tcs3701: start power rail timer, state:3
         1704836261.159  1086  1254 I ASH     : @ 1007131.958: tcs3701: stop power rail pending_off timer
         1704836261.160  1086  1254 D ASH     : @ 1007131.958: tcs3701: start power rail timer, state:3
         1704836261.199  1086  1254 I ASH     : @ 1007131.998: tcs3701: stop power rail pending_off timer
         1704836261.200  1086  1254 D ASH     : @ 1007131.998: tcs3701: start power rail timer, state:3
         1704836261.241  1086  1254 I ASH     : @ 1007132.038: tcs3701: stop power rail pending_off timer
         1704836261.241  1086  1254 D ASH     : @ 1007132.039: tcs3701: start power rail timer, state:3
         1704836261.280  1086  1254 I ASH     : @ 1007132.078: tcs3701: stop power rail pending_off timer
         1704836261.280  1086  1254 D ASH     : @ 1007132.078: tcs3701: start power rail timer, state:3
         1704836261.321  1086  1254 I ASH     : @ 1007132.118: tcs3701: stop power rail pending_off timer
         1704836261.321  1086  1254 D ASH     : @ 1007132.118: tcs3701: start power rail timer, state:3
         1704836261.361  1086  1254 I ASH     : @ 1007132.158: tcs3701: stop power rail pending_off timer
         1704836261.361  1086  1254 D ASH     : @ 1007132.159: tcs3701: start power rail timer, state:3
         1704836261.401  1086  1254 I ASH     : @ 1007132.198: tcs3701: stop power rail pending_off timer
         1704836261.401  1086  1254 D ASH     : @ 1007132.199: tcs3701: start power rail timer, state:3
         1704836261.441  1086  1254 I ASH     : @ 1007132.238: tcs3701: stop power rail pending_off timer
         1704836261.441  1086  1254 D ASH     : @ 1007132.239: tcs3701: start power rail timer, state:3
         1704836261.479  1086  1254 I ASH     : @ 1007132.278: tcs3701: stop power rail pending_off timer
         1704836261.480  1086  1254 D ASH     : @ 1007132.278: tcs3701: start power rail timer, state:3
         1704836261.521  1086  1254 I ASH     : @ 1007132.318: tcs3701: stop power rail pending_off timer
         1704836261.521  1086  1254 D ASH     : @ 1007132.318: tcs3701: start power rail timer, state:3
         1704836261.558  2565  2565 D DLObserver: onReceive(); android.intent.action.BATTERY_CHANGED
         1704836261.559  2565  2565 D DLObserver: plugged=1
         1704836261.559  1086  1254 I ASH     : @ 1007132.358: tcs3701: stop power rail pending_off timer
         1704836261.559  1086  1254 D ASH     : @ 1007132.358: tcs3701: start power rail timer, state:3
         1704836261.562  2565  2565 I ReverseChargingControl: handleIntentForReverseCharging(): rtx=0 wlc=0 plgac=1 ac=1 acrtx=0 extra=1 this=com.google.android.systemui.reversecharging.ReverseChargingController@6510945
         1704836261.562  2565  2565 D PowerNotificationWarningsGoogleImpl: onReceive: android.intent.action.BATTERY_CHANGED
         1704836261.562  2565  2565 D BatteryDefenderNotification: isPlugged: true | isBatteryDefender: false | defenderEnabled: false | isCharged: true | isPluggedInDock: false
         1704836261.562  2565  2565 D IncompatibleChargerNotification: dispatchIntent: android.intent.action.BATTERY_CHANGED
         1704836261.564  2837  2837 V DeviceStatisticsService: chargerType=1 batteryLevel=100 totalBatteryCapacity=4129000
         1704836261.565  2565  6716 D PowerUI : can't show warning due to - plugged: true status unknown: false
         1704836261.599  1086  1254 I ASH     : @ 1007132.398: tcs3701: stop power rail pending_off timer
         1704836261.600  1086  1254 D ASH     : @ 1007132.399: tcs3701: start power rail timer, state:3
         1704836261.639  1086  1254 I ASH     : @ 1007132.438: tcs3701: stop power rail pending_off timer
         1704836261.639  1086  1254 D ASH     : @ 1007132.438: tcs3701: start power rail timer, state:3
         1704836261.679  1086  1254 I ASH     : @ 1007132.478: tcs3701: stop power rail pending_off timer
         1704836261.680  1086  1254 D ASH     : @ 1007132.479: tcs3701: start power rail timer, state:3
         1704836261.721  1086  1254 I ASH     : @ 1007132.518: tcs3701: stop power rail pending_off timer
         1704836261.721  1086  1254 D ASH     : @ 1007132.518: tcs3701: start power rail timer, state:3
         1704836261.761  1086  1254 I ASH     : @ 1007132.558: tcs3701: stop power rail pending_off timer
         1704836261.761  1086  1254 D ASH     : @ 1007132.559: tcs3701: start power rail timer, state:3
         1704836261.801  1086  1254 I ASH     : @ 1007132.598: tcs3701: stop power rail pending_off timer
         1704836261.801  1086  1254 D ASH     : @ 1007132.599: tcs3701: start power rail timer, state:3
         1704836261.841  1086  1254 I ASH     : @ 1007132.638: tcs3701: stop power rail pending_off timer
         1704836261.841  1086  1254 D ASH     : @ 1007132.639: tcs3701: start power rail timer, state:3
         1704836261.880  1086  1254 I ASH     : @ 1007132.678: tcs3701: stop power rail pending_off timer
         1704836261.880  1086  1254 D ASH     : @ 1007132.678: tcs3701: start power rail timer, state:3
         1704836261.921  1086  1254 I ASH     : @ 1007132.718: tcs3701: stop power rail pending_off timer
         1704836261.921  1086  1254 D ASH     : @ 1007132.719: tcs3701: start power rail timer, state:3
         1704836261.961  1086  1254 I ASH     : @ 1007132.758: tcs3701: stop power rail pending_off timer
         1704836261.961  1086  1254 D ASH     : @ 1007132.759: tcs3701: start power rail timer, state:3
         1704836262.001  1086  1254 I ASH     : @ 1007132.798: tcs3701: stop power rail pending_off timer
         1704836262.001  1086  1254 D ASH     : @ 1007132.798: tcs3701: start power rail timer, state:3
         1704836262.040  1086  1254 I ASH     : @ 1007132.838: tcs3701: stop power rail pending_off timer
         1704836262.040  1086  1254 D ASH     : @ 1007132.838: tcs3701: start power rail timer, state:3
         1704836262.079  1086  1254 I ASH     : @ 1007132.878: tcs3701: stop power rail pending_off timer
         1704836262.079  1086  1254 D ASH     : @ 1007132.878: tcs3701: start power rail timer, state:3
         1704836262.119  1086  1254 I ASH     : @ 1007132.918: tcs3701: stop power rail pending_off timer
         1704836262.119  1086  1254 D ASH     : @ 1007132.918: tcs3701: start power rail timer, state:3
         1704836262.159  1086  1254 I ASH     : @ 1007132.958: tcs3701: stop power rail pending_off timer
         1704836262.160  1086  1254 D ASH     : @ 1007132.958: tcs3701: start power rail timer, state:3
         1704836262.199  1086  1254 I ASH     : @ 1007132.998: tcs3701: stop power rail pending_off timer
         1704836262.200  1086  1254 D ASH     : @ 1007132.998: tcs3701: start power rail timer, state:3
         1704836262.239  1086  1254 I ASH     : @ 1007133.038: tcs3701: stop power rail pending_off timer
         1704836262.239  1086  1254 D ASH     : @ 1007133.038: tcs3701: start power rail timer, state:3
         1704836262.279  1086  1254 I ASH     : @ 1007133.078: tcs3701: stop power rail pending_off timer
         1704836262.279  1086  1254 D ASH     : @ 1007133.078: tcs3701: start power rail timer, state:3
         1704836262.319  1086  1254 I ASH     : @ 1007133.118: tcs3701: stop power rail pending_off timer
         1704836262.319  1086  1254 D ASH     : @ 1007133.118: tcs3701: start power rail timer, state:3
         1704836262.359  1086  1254 I ASH     : @ 1007133.158: tcs3701: stop power rail pending_off timer
         1704836262.359  1086  1254 D ASH     : @ 1007133.158: tcs3701: start power rail timer, state:3
         1704836262.399  1086  1254 I ASH     : @ 1007133.198: tcs3701: stop power rail pending_off timer
         1704836262.399  1086  1254 D ASH     : @ 1007133.198: tcs3701: start power rail timer, state:3
         1704836262.439  1086  1254 I ASH     : @ 1007133.238: tcs3701: stop power rail pending_off timer
         1704836262.439  1086  1254 D ASH     : @ 1007133.238: tcs3701: start power rail timer, state:3
         1704836262.479  1086  1254 I ASH     : @ 1007133.278: tcs3701: stop power rail pending_off timer
         1704836262.479  1086  1254 D ASH     : @ 1007133.278: tcs3701: start power rail timer, state:3
         1704836262.519  1086  1254 I ASH     : @ 1007133.318: tcs3701: stop power rail pending_off timer
         1704836262.519  1086  1254 D ASH     : @ 1007133.318: tcs3701: start power rail timer, state:3
         1704836262.559  1086  1254 I ASH     : @ 1007133.358: tcs3701: stop power rail pending_off timer
         1704836262.559  1086  1254 D ASH     : @ 1007133.358: tcs3701: start power rail timer, state:3
         1704836262.599  1086  1254 I ASH     : @ 1007133.398: tcs3701: stop power rail pending_off timer
         1704836262.599  1086  1254 D ASH     : @ 1007133.398: tcs3701: start power rail timer, state:3
         1704836262.639  1086  1254 I ASH     : @ 1007133.438: tcs3701: stop power rail pending_off timer
         1704836262.639  1086  1254 D ASH     : @ 1007133.438: tcs3701: start power rail timer, state:3
         1704836262.679  1086  1254 I ASH     : @ 1007133.478: tcs3701: stop power rail pending_off timer
         1704836262.679  1086  1254 D ASH     : @ 1007133.478: tcs3701: start power rail timer, state:3
         1704836262.719  1086  1254 I ASH     : @ 1007133.518: tcs3701: stop power rail pending_off timer
         1704836262.719  1086  1254 D ASH     : @ 1007133.518: tcs3701: start power rail timer, state:3
         1704836262.759  1086  1254 I ASH     : @ 1007133.558: tcs3701: stop power rail pending_off timer
         1704836262.759  1086  1254 D ASH     : @ 1007133.558: tcs3701: start power rail timer, state:3
         1704836262.799  1086  1254 I ASH     : @ 1007133.598: tcs3701: stop power rail pending_off timer
         1704836262.799  1086  1254 D ASH     : @ 1007133.598: tcs3701: start power rail timer, state:3
         1704836262.839  1086  1254 I ASH     : @ 1007133.638: tcs3701: stop power rail pending_off timer
         1704836262.839  1086  1254 D ASH     : @ 1007133.638: tcs3701: start power rail timer, state:3
         1704836262.879  1086  1254 I ASH     : @ 1007133.678: tcs3701: stop power rail pending_off timer
         1704836262.879  1086  1254 D ASH     : @ 1007133.678: tcs3701: start power rail timer, state:3
         1704836262.919  1086  1254 I ASH     : @ 1007133.718: tcs3701: stop power rail pending_off timer
         1704836262.919  1086  1254 D ASH     : @ 1007133.718: tcs3701: start power rail timer, state:3
         1704836262.959  1086  1254 I ASH     : @ 1007133.758: tcs3701: stop power rail pending_off timer
         1704836262.959  1086  1254 D ASH     : @ 1007133.758: tcs3701: start power rail timer, state:3
         1704836262.999  1086  1254 I ASH     : @ 1007133.798: tcs3701: stop power rail pending_off timer
         1704836262.999  1086  1254 D ASH     : @ 1007133.799: tcs3701: start power rail timer, state:3
         1704836263.039  1086  1254 I ASH     : @ 1007133.838: tcs3701: stop power rail pending_off timer
         1704836263.039  1086  1254 D ASH     : @ 1007133.838: tcs3701: start power rail timer, state:3
         1704836263.079  1086  1254 I ASH     : @ 1007133.878: tcs3701: stop power rail pending_off timer
         1704836263.079  1086  1254 D ASH     : @ 1007133.878: tcs3701: start power rail timer, state:3
         1704836263.119  1086  1254 I ASH     : @ 1007133.918: tcs3701: stop power rail pending_off timer
         1704836263.119  1086  1254 D ASH     : @ 1007133.918: tcs3701: start power rail timer, state:3
         1704836263.159  1086  1254 I ASH     : @ 1007133.958: tcs3701: stop power rail pending_off timer
         1704836263.159  1086  1254 D ASH     : @ 1007133.958: tcs3701: start power rail timer, state:3
         1704836263.199  1086  1254 I ASH     : @ 1007133.998: tcs3701: stop power rail pending_off timer
         1704836263.199  1086  1254 D ASH     : @ 1007133.999: tcs3701: start power rail timer, state:3
         1704836263.239  1086  1254 I ASH     : @ 1007134.038: tcs3701: stop power rail pending_off timer
         1704836263.239  1086  1254 D ASH     : @ 1007134.038: tcs3701: start power rail timer, state:3
         1704836263.279  1086  1254 I ASH     : @ 1007134.078: tcs3701: stop power rail pending_off timer
         1704836263.280  1086  1254 D ASH     : @ 1007134.078: tcs3701: start power rail timer, state:3
         1704836263.320  1086  1254 I ASH     : @ 1007134.118: tcs3701: stop power rail pending_off timer
         1704836263.320  1086  1254 D ASH     : @ 1007134.118: tcs3701: start power rail timer, state:3
         1704836263.359  1086  1254 I ASH     : @ 1007134.158: tcs3701: stop power rail pending_off timer
         1704836263.360  1086  1254 D ASH     : @ 1007134.158: tcs3701: start power rail timer, state:3
         1704836263.399  1086  1254 I ASH     : @ 1007134.198: tcs3701: stop power rail pending_off timer
         1704836263.399  1086  1254 D ASH     : @ 1007134.198: tcs3701: start power rail timer, state:3
         1704836263.439  1086  1254 I ASH     : @ 1007134.238: tcs3701: stop power rail pending_off timer
         1704836263.439  1086  1254 D ASH     : @ 1007134.238: tcs3701: start power rail timer, state:3
         1704836263.479  1086  1254 I ASH     : @ 1007134.278: tcs3701: stop power rail pending_off timer
         1704836263.479  1086  1254 D ASH     : @ 1007134.278: tcs3701: start power rail timer, state:3
         1704836263.519  1086  1254 I ASH     : @ 1007134.318: tcs3701: stop power rail pending_off timer
         1704836263.519  1086  1254 D ASH     : @ 1007134.318: tcs3701: start power rail timer, state:3
         1704836263.559  1086  1254 I ASH     : @ 1007134.358: tcs3701: stop power rail pending_off timer
         1704836263.560  1086  1254 D ASH     : @ 1007134.358: tcs3701: start power rail timer, state:3
         1704836263.599  1086  1254 I ASH     : @ 1007134.398: tcs3701: stop power rail pending_off timer
         1704836263.600  1086  1254 D ASH     : @ 1007134.398: tcs3701: start power rail timer, state:3
         1704836263.639  1086  1254 I ASH     : @ 1007134.438: tcs3701: stop power rail pending_off timer
         1704836263.639  1086  1254 D ASH     : @ 1007134.438: tcs3701: start power rail timer, state:3
         1704836263.679  1086  1254 I ASH     : @ 1007134.478: tcs3701: stop power rail pending_off timer
         1704836263.680  1086  1254 D ASH     : @ 1007134.478: tcs3701: start power rail timer, state:3
         1704836263.720  1086  1254 I ASH     : @ 1007134.518: tcs3701: stop power rail pending_off timer
         1704836263.720  1086  1254 D ASH     : @ 1007134.518: tcs3701: start power rail timer, state:3
         1704836263.761  1086  1254 I ASH     : @ 1007134.558: tcs3701: stop power rail pending_off timer
         1704836263.761  1086  1254 D ASH     : @ 1007134.559: tcs3701: start power rail timer, state:3
         1704836263.800  1086  1254 I ASH     : @ 1007134.598: tcs3701: stop power rail pending_off timer
         1704836263.800  1086  1254 D ASH     : @ 1007134.598: tcs3701: start power rail timer, state:3
         1704836263.841  1086  1254 I ASH     : @ 1007134.638: tcs3701: stop power rail pending_off timer
         1704836263.841  1086  1254 D ASH     : @ 1007134.639: tcs3701: start power rail timer, state:3
         1704836263.880  1086  1254 I ASH     : @ 1007134.678: tcs3701: stop power rail pending_off timer
         1704836263.880  1086  1254 D ASH     : @ 1007134.679: tcs3701: start power rail timer, state:3
         1704836263.921  1086  1254 I ASH     : @ 1007134.718: tcs3701: stop power rail pending_off timer
         1704836263.921  1086  1254 D ASH     : @ 1007134.718: tcs3701: start power rail timer, state:3
         1704836263.961  1086  1254 I ASH     : @ 1007134.758: tcs3701: stop power rail pending_off timer
         1704836263.961  1086  1254 D ASH     : @ 1007134.759: tcs3701: start power rail timer, state:3
         1704836264.000  1086  1254 I ASH     : @ 1007134.798: tcs3701: stop power rail pending_off timer
         1704836264.000  1086  1254 D ASH     : @ 1007134.798: tcs3701: start power rail timer, state:3
         1704836264.041  1086  1254 I ASH     : @ 1007134.838: tcs3701: stop power rail pending_off timer
         1704836264.041  1086  1254 D ASH     : @ 1007134.839: tcs3701: start power rail timer, state:3
         1704836264.081  1086  1254 I ASH     : @ 1007134.878: tcs3701: stop power rail pending_off timer
         1704836264.081  1086  1254 D ASH     : @ 1007134.878: tcs3701: start power rail timer, state:3
         1704836264.121  1086  1254 I ASH     : @ 1007134.918: tcs3701: stop power rail pending_off timer
         1704836264.121  1086  1254 D ASH     : @ 1007134.918: tcs3701: start power rail timer, state:3
         1704836264.161  1086  1254 I ASH     : @ 1007134.958: tcs3701: stop power rail pending_off timer
         1704836264.161  1086  1254 D ASH     : @ 1007134.959: tcs3701: start power rail timer, state:3
         1704836264.200  1086  1254 I ASH     : @ 1007134.998: tcs3701: stop power rail pending_off timer
         1704836264.200  1086  1254 D ASH     : @ 1007134.998: tcs3701: start power rail timer, state:3
         1704836264.241  1086  1254 I ASH     : @ 1007135.038: tcs3701: stop power rail pending_off timer
         1704836264.241  1086  1254 D ASH     : @ 1007135.038: tcs3701: start power rail timer, state:3
         1704836264.281  1086  1254 I ASH     : @ 1007135.078: tcs3701: stop power rail pending_off timer
         1704836264.281  1086  1254 D ASH     : @ 1007135.078: tcs3701: start power rail timer, state:3
         1704836264.321  1086  1254 I ASH     : @ 1007135.118: tcs3701: stop power rail pending_off timer
         1704836264.321  1086  1254 D ASH     : @ 1007135.119: tcs3701: start power rail timer, state:3
         1704836264.361  1086  1254 I ASH     : @ 1007135.158: tcs3701: stop power rail pending_off timer
         1704836264.361  1086  1254 D ASH     : @ 1007135.159: tcs3701: start power rail timer, state:3
         1704836264.399  1086  1254 I ASH     : @ 1007135.198: tcs3701: stop power rail pending_off timer
         1704836264.400  1086  1254 D ASH     : @ 1007135.198: tcs3701: start power rail timer, state:3
         1704836264.441  1086  1254 I ASH     : @ 1007135.238: tcs3701: stop power rail pending_off timer
         1704836264.441  1086  1254 D ASH     : @ 1007135.239: tcs3701: start power rail timer, state:3
         1704836264.481  1086  1254 I ASH     : @ 1007135.278: tcs3701: stop power rail pending_off timer
         1704836264.481  1086  1254 D ASH     : @ 1007135.278: tcs3701: start power rail timer, state:3
         1704836264.519  1086  1254 I ASH     : @ 1007135.318: tcs3701: stop power rail pending_off timer
         1704836264.520  1086  1254 D ASH     : @ 1007135.319: tcs3701: start power rail timer, state:3
         1704836264.559  1086  1254 I ASH     : @ 1007135.358: tcs3701: stop power rail pending_off timer
         1704836264.560  1086  1254 D ASH     : @ 1007135.359: tcs3701: start power rail timer, state:3
         1704836264.599  1086  1254 I ASH     : @ 1007135.398: tcs3701: stop power rail pending_off timer
         1704836264.599  1086  1254 D ASH     : @ 1007135.398: tcs3701: start power rail timer, state:3
         1704836264.639  1086  1254 I ASH     : @ 1007135.438: tcs3701: stop power rail pending_off timer
         1704836264.640  1086  1254 D ASH     : @ 1007135.439: tcs3701: start power rail timer, state:3
         1704836264.679  1086  1254 I ASH     : @ 1007135.478: tcs3701: stop power rail pending_off timer
         1704836264.679  1086  1254 D ASH     : @ 1007135.479: tcs3701: start power rail timer, state:3
         1704836264.719  1086  1254 I ASH     : @ 1007135.518: tcs3701: stop power rail pending_off timer
         1704836264.719  1086  1254 D ASH     : @ 1007135.518: tcs3701: start power rail timer, state:3
         1704836264.759  1086  1254 I ASH     : @ 1007135.558: tcs3701: stop power rail pending_off timer
         1704836264.759  1086  1254 D ASH     : @ 1007135.558: tcs3701: start power rail timer, state:3
         1704836264.799  1086  1254 I ASH     : @ 1007135.598: tcs3701: stop power rail pending_off timer
         1704836264.799  1086  1254 D ASH     : @ 1007135.598: tcs3701: start power rail timer, state:3
         1704836264.839  1086  1254 I ASH     : @ 1007135.638: tcs3701: stop power rail pending_off timer
         1704836264.839  1086  1254 D ASH     : @ 1007135.638: tcs3701: start power rail timer, state:3
         1704836264.879  1086  1254 I ASH     : @ 1007135.678: tcs3701: stop power rail pending_off timer
         1704836264.879  1086  1254 D ASH     : @ 1007135.678: tcs3701: start power rail timer, state:3
         1704836264.919  1086  1254 I ASH     : @ 1007135.718: tcs3701: stop power rail pending_off timer
         1704836264.919  1086  1254 D ASH     : @ 1007135.718: tcs3701: start power rail timer, state:3
         1704836264.959  1086  1254 I ASH     : @ 1007135.758: tcs3701: stop power rail pending_off timer
         1704836264.959  1086  1254 D ASH     : @ 1007135.758: tcs3701: start power rail timer, state:3
         1704836264.999  1086  1254 I ASH     : @ 1007135.798: tcs3701: stop power rail pending_off timer
         1704836264.999  1086  1254 D ASH     : @ 1007135.798: tcs3701: start power rail timer, state:3
         1704836265.039  1086  1254 I ASH     : @ 1007135.838: tcs3701: stop power rail pending_off timer
         1704836265.039  1086  1254 D ASH     : @ 1007135.838: tcs3701: start power rail timer, state:3
         1704836265.079  1086  1254 I ASH     : @ 1007135.878: tcs3701: stop power rail pending_off timer
         1704836265.079  1086  1254 D ASH     : @ 1007135.878: tcs3701: start power rail timer, state:3
         1704836265.119  1086  1254 I ASH     : @ 1007135.918: tcs3701: stop power rail pending_off timer
         1704836265.119  1086  1254 D ASH     : @ 1007135.918: tcs3701: start power rail timer, state:3
         1704836265.156  1799  1822 I dashscene: 2160 frames over 2160 vsyncs
         1704836265.159  1086  1254 I ASH     : @ 1007135.958: tcs3701: stop power rail pending_off timer
         1704836265.159  1086  1254 D ASH     : @ 1007135.958: tcs3701: start power rail timer, state:3
         1704836265.199  1086  1254 I ASH     : @ 1007135.998: tcs3701: stop power rail pending_off timer
         1704836265.199  1086  1254 D ASH     : @ 1007135.998: tcs3701: start power rail timer, state:3
         1704836265.239  1086  1254 I ASH     : @ 1007136.038: tcs3701: stop power rail pending_off timer
         1704836265.239  1086  1254 D ASH     : @ 1007136.038: tcs3701: start power rail timer, state:3
         1704836265.279  1086  1254 I ASH     : @ 1007136.078: tcs3701: stop power rail pending_off timer
         1704836265.279  1086  1254 D ASH     : @ 1007136.078: tcs3701: start power rail timer, state:3
         1704836265.319  1086  1254 I ASH     : @ 1007136.118: tcs3701: stop power rail pending_off timer
         1704836265.319  1086  1254 D ASH     : @ 1007136.118: tcs3701: start power rail timer, state:3
         1704836265.359  1086  1254 I ASH     : @ 1007136.158: tcs3701: stop power rail pending_off timer
         1704836265.359  1086  1254 D ASH     : @ 1007136.158: tcs3701: start power rail timer, state:3
         1704836265.399  1086  1254 I ASH     : @ 1007136.198: tcs3701: stop power rail pending_off timer
         1704836265.399  1086  1254 D ASH     : @ 1007136.199: tcs3701: start power rail timer, state:3
         1704836265.439  1086  1254 I ASH     : @ 1007136.238: tcs3701: stop power rail pending_off timer
         1704836265.439  1086  1254 D ASH     : @ 1007136.238: tcs3701: start power rail timer, state:3
         1704836265.479  1086  1254 I ASH     : @ 1007136.278: tcs3701: stop power rail pending_off timer
         1704836265.479  1086  1254 D ASH     : @ 1007136.278: tcs3701: start power rail timer, state:3
         1704836265.519  1086  1254 I ASH     : @ 1007136.318: tcs3701: stop power rail pending_off timer
         1704836265.519  1086  1254 D ASH     : @ 1007136.318: tcs3701: start power rail timer, state:3
         1704836265.560  1086  1254 I ASH     : @ 1007136.358: tcs3701: stop power rail pending_off timer
         1704836265.560  1086  1254 D ASH     : @ 1007136.359: tcs3701: start power rail timer, state:3
         1704836265.599  1086  1254 I ASH     : @ 1007136.398: tcs3701: stop power rail pending_off timer
         1704836265.599  1086  1254 D ASH     : @ 1007136.398: tcs3701: start power rail timer, state:3
         1704836265.639  1086  1254 I ASH     : @ 1007136.438: tcs3701: stop power rail pending_off timer
         1704836265.639  1086  1254 D ASH     : @ 1007136.438: tcs3701: start power rail timer, state:3
         1704836265.679  1086  1254 I ASH     : @ 1007136.478: tcs3701: stop power rail pending_off timer
         1704836265.679  1086  1254 D ASH     : @ 1007136.478: tcs3701: start power rail timer, state:3
         1704836265.719  1086  1254 I ASH     : @ 1007136.518: tcs3701: stop power rail pending_off timer
         1704836265.719  1086  1254 D ASH     : @ 1007136.518: tcs3701: start power rail timer, state:3
         1704836265.760  1086  1254 I ASH     : @ 1007136.558: tcs3701: stop power rail pending_off timer
         1704836265.760  1086  1254 D ASH     : @ 1007136.558: tcs3701: start power rail timer, state:3
         1704836265.799  1086  1254 I ASH     : @ 1007136.598: tcs3701: stop power rail pending_off timer
         1704836265.799  1086  1254 D ASH     : @ 1007136.598: tcs3701: start power rail timer, state:3
         1704836265.839  1086  1254 I ASH     : @ 1007136.638: tcs3701: stop power rail pending_off timer
         1704836265.839  1086  1254 D ASH     : @ 1007136.638: tcs3701: start power rail timer, state:3
         1704836265.879  1086  1254 I ASH     : @ 1007136.678: tcs3701: stop power rail pending_off timer
         1704836265.879  1086  1254 D ASH     : @ 1007136.678: tcs3701: start power rail timer, state:3
         1704836265.919  1086  1254 I ASH     : @ 1007136.718: tcs3701: stop power rail pending_off timer
         1704836265.919  1086  1254 D ASH     : @ 1007136.718: tcs3701: start power rail timer, state:3
         1704836265.959  1086  1254 I ASH     : @ 1007136.758: tcs3701: stop power rail pending_off timer
         1704836265.959  1086  1254 D ASH     : @ 1007136.758: tcs3701: start power rail timer, state:3
         1704836265.999  1086  1254 I ASH     : @ 1007136.798: tcs3701: stop power rail pending_off timer
         1704836265.999  1086  1254 D ASH     : @ 1007136.798: tcs3701: start power rail timer, state:3
         1704836266.039  1086  1254 I ASH     : @ 1007136.838: tcs3701: stop power rail pending_off timer
         1704836266.039  1086  1254 D ASH     : @ 1007136.838: tcs3701: start power rail timer, state:3
         1704836266.079  1086  1254 I ASH     : @ 1007136.878: tcs3701: stop power rail pending_off timer
         1704836266.079  1086  1254 D ASH     : @ 1007136.878: tcs3701: start power rail timer, state:3
         1704836266.119  1086  1254 I ASH     : @ 1007136.918: tcs3701: stop power rail pending_off timer
         1704836266.120  1086  1254 D ASH     : @ 1007136.918: tcs3701: start power rail timer, state:3
         1704836266.159  1086  1254 I ASH     : @ 1007136.958: tcs3701: stop power rail pending_off timer
         1704836266.160  1086  1254 D ASH     : @ 1007136.958: tcs3701: start power rail timer, state:3
         1704836266.199  1086  1254 I ASH     : @ 1007136.998: tcs3701: stop power rail pending_off timer
         1704836266.199  1086  1254 D ASH     : @ 1007136.998: tcs3701: start power rail timer, state:3
         1704836266.241  1086  1254 I ASH     : @ 1007137.038: tcs3701: stop power rail pending_off timer
         1704836266.241  1086  1254 D ASH     : @ 1007137.039: tcs3701: start power rail timer, state:3
         1704836266.281  1086  1254 I ASH     : @ 1007137.078: tcs3701: stop power rail pending_off timer
         1704836266.281  1086  1254 D ASH     : @ 1007137.078: tcs3701: start power rail timer, state:3
         1704836266.321  1086  1254 I ASH     : @ 1007137.118: tcs3701: stop power rail pending_off timer
         1704836266.321  1086  1254 D ASH     : @ 1007137.118: tcs3701: start power rail timer, state:3
         1704836266.361  1086  1254 I ASH     : @ 1007137.158: tcs3701: stop power rail pending_off timer
         1704836266.361  1086  1254 D ASH     : @ 1007137.159: tcs3701: start power rail timer, state:3
         1704836266.400  1086  1254 I ASH     : @ 1007137.198: tcs3701: stop power rail pending_off timer
         1704836266.400  1086  1254 D ASH     : @ 1007137.198: tcs3701: start power rail timer, state:3
         1704836266.441  1086  1254 I ASH     : @ 1007137.238: tcs3701: stop power rail pending_off timer
         1704836266.441  1086  1254 D ASH     : @ 1007137.239: tcs3701: start power rail timer, state:3
         1704836266.481  1086  1254 I ASH     : @ 1007137.278: tcs3701: stop power rail pending_off timer
         1704836266.481  1086  1254 D ASH     : @ 1007137.279: tcs3701: start power rail timer, state:3
         1704836266.521  1086  1254 I ASH     : @ 1007137.318: tcs3701: stop power rail pending_off timer
         1704836266.521  1086  1254 D ASH     : @ 1007137.319: tcs3701: start power rail timer, state:3
         1704836266.561  1086  1254 I ASH     : @ 1007137.358: tcs3701: stop power rail pending_off timer
         1704836266.561  1086  1254 D ASH     : @ 1007137.358: tcs3701: start power rail timer, state:3
         1704836266.600  1086  1254 I ASH     : @ 1007137.398: tcs3701: stop power rail pending_off timer
         1704836266.600  1086  1254 D ASH     : @ 1007137.398: tcs3701: start power rail timer, state:3
         1704836266.641  1086  1254 I ASH     : @ 1007137.438: tcs3701: stop power rail pending_off timer
         1704836266.641  1086  1254 D ASH     : @ 1007137.439: tcs3701: start power rail timer, state:3
         1704836266.681  1086  1254 I ASH     : @ 1007137.478: tcs3701: stop power rail pending_off timer
         1704836266.681  1086  1254 D ASH     : @ 1007137.478: tcs3701: start power rail timer, state:3
         1704836266.720  1086  1254 I ASH     : @ 1007137.518: tcs3701: stop power rail pending_off timer
         1704836266.720  1086  1254 D ASH     : @ 1007137.519: tcs3701: start power rail timer, state:3
         1704836266.761  1086  1254 I ASH     : @ 1007137.558: tcs3701: stop power rail pending_off timer
         1704836266.761  1086  1254 D ASH     : @ 1007137.558: tcs3701: start power rail timer, state:3
         1704836266.800  1086  1254 I ASH     : @ 1007137.598: tcs3701: stop power rail pending_off timer
         1704836266.800  1086  1254 D ASH     : @ 1007137.598: tcs3701: start power rail timer, state:3
         1704836266.840  1086  1254 I ASH     : @ 1007137.638: tcs3701: stop power rail pending_off timer
         1704836266.840  1086  1254 D ASH     : @ 1007137.639: tcs3701: start power rail timer, state:3
         1704836266.881  1086  1254 I ASH     : @ 1007137.678: tcs3701: stop power rail pending_off timer
         1704836266.881  1086  1254 D ASH     : @ 1007137.679: tcs3701: start power rail timer, state:3
         1704836266.921  1086  1254 I ASH     : @ 1007137.718: tcs3701: stop power rail pending_off timer
         1704836266.921  1086  1254 D ASH     : @ 1007137.719: tcs3701: start power rail timer, state:3
         1704836266.961  1086  1254 I ASH     : @ 1007137.758: tcs3701: stop power rail pending_off timer
         1704836266.961  1086  1254 D ASH     : @ 1007137.759: tcs3701: start power rail timer, state:3
         1704836267.000  1086  1254 I ASH     : @ 1007137.798: tcs3701: stop power rail pending_off timer
         1704836267.000  1086  1254 D ASH     : @ 1007137.799: tcs3701: start power rail timer, state:3
         1704836267.040  1086  1254 I ASH     : @ 1007137.838: tcs3701: stop power rail pending_off timer
         1704836267.040  1086  1254 D ASH     : @ 1007137.838: tcs3701: start power rail timer, state:3
         1704836267.079  1086  1254 I ASH     : @ 1007137.878: tcs3701: stop power rail pending_off timer
         1704836267.079  1086  1254 D ASH     : @ 1007137.878: tcs3701: start power rail timer, state:3
         1704836267.119  1086  1254 I ASH     : @ 1007137.918: tcs3701: stop power rail pending_off timer
         1704836267.119  1086  1254 D ASH     : @ 1007137.919: tcs3701: start power rail timer, state:3
         1704836267.159  1086  1254 I ASH     : @ 1007137.958: tcs3701: stop power rail pending_off timer
         1704836267.160  1086  1254 D ASH     : @ 1007137.958: tcs3701: start power rail timer, state:3
         1704836267.199  1086  1254 I ASH     : @ 1007137.998: tcs3701: stop power rail pending_off timer
         1704836267.199  1086  1254 D ASH     : @ 1007137.998: tcs3701: start power rail timer, state:3
         1704836267.239  1086  1254 I ASH     : @ 1007138.038: tcs3701: stop power rail pending_off timer
         1704836267.239  1086  1254 D ASH     : @ 1007138.038: tcs3701: start power rail timer, state:3
         1704836267.279  1086  1254 I ASH     : @ 1007138.078: tcs3701: stop power rail pending_off timer
         1704836267.279  1086  1254 D ASH     : @ 1007138.078: tcs3701: start power rail timer, state:3
         1704836267.319  1086  1254 I ASH     : @ 1007138.118: tcs3701: stop power rail pending_off timer
         1704836267.319  1086  1254 D ASH     : @ 1007138.118: tcs3701: start power rail timer, state:3
         1704836267.359  1086  1254 I ASH     : @ 1007138.158: tcs3701: stop power rail pending_off timer
         1704836267.359  1086  1254 D ASH     : @ 1007138.158: tcs3701: start power rail timer, state:3
         1704836267.399  1086  1254 I ASH     : @ 1007138.198: tcs3701: stop power rail pending_off timer
         1704836267.399  1086  1254 D ASH     : @ 1007138.198: tcs3701: start power rail timer, state:3
         1704836267.439  1086  1254 I ASH     : @ 1007138.238: tcs3701: stop power rail pending_off timer
         1704836267.439  1086  1254 D ASH     : @ 1007138.238: tcs3701: start power rail timer, state:3
         1704836267.479  1086  1254 I ASH     : @ 1007138.278: tcs3701: stop power rail pending_off timer
         1704836267.479  1086  1254 D ASH     : @ 1007138.278: tcs3701: start power rail timer, state:3
         1704836267.519  1086  1254 I ASH     : @ 1007138.318: tcs3701: stop power rail pending_off timer
         1704836267.519  1086  1254 D ASH     : @ 1007138.318: tcs3701: start power rail timer, state:3
         1704836267.559  1086  1254 I ASH     : @ 1007138.358: tcs3701: stop power rail pending_off timer
         1704836267.560  1086  1254 D ASH     : @ 1007138.358: tcs3701: start power rail timer, state:3
         1704836267.599  1086  1254 I ASH     : @ 1007138.398: tcs3701: stop power rail pending_off timer
         1704836267.599  1086  1254 D ASH     : @ 1007138.398: tcs3701: start power rail timer, state:3
         1704836267.639  1086  1254 I ASH     : @ 1007138.438: tcs3701: stop power rail pending_off timer
         1704836267.639  1086  1254 D ASH     : @ 1007138.438: tcs3701: start power rail timer, state:3
         1704836267.679  1086  1254 I ASH     : @ 1007138.478: tcs3701: stop power rail pending_off timer
         1704836267.679  1086  1254 D ASH     : @ 1007138.478: tcs3701: start power rail timer, state:3
         1704836267.719  1086  1254 I ASH     : @ 1007138.518: tcs3701: stop power rail pending_off timer
         1704836267.719  1086  1254 D ASH     : @ 1007138.518: tcs3701: start power rail timer, state:3
         1704836267.759  1086  1254 I ASH     : @ 1007138.558: tcs3701: stop power rail pending_off timer
         1704836267.759  1086  1254 D ASH     : @ 1007138.559: tcs3701: start power rail timer, state:3
         1704836267.799  1086  1254 I ASH     : @ 1007138.598: tcs3701: stop power rail pending_off timer
         1704836267.800  1086  1254 D ASH     : @ 1007138.598: tcs3701: start power rail timer, state:3
         1704836267.839  1086  1254 I ASH     : @ 1007138.638: tcs3701: stop power rail pending_off timer
         1704836267.839  1086  1254 D ASH     : @ 1007138.638: tcs3701: start power rail timer, state:3
         1704836267.879  1086  1254 I ASH     : @ 1007138.678: tcs3701: stop power rail pending_off timer
         1704836267.879  1086  1254 D ASH     : @ 1007138.678: tcs3701: start power rail timer, state:3
         1704836267.919  1086  1254 I ASH     : @ 1007138.718: tcs3701: stop power rail pending_off timer
         1704836267.919  1086  1254 D ASH     : @ 1007138.718: tcs3701: start power rail timer, state:3
         1704836267.959  1086  1254 I ASH     : @ 1007138.758: tcs3701: stop power rail pending_off timer
         1704836267.959  1086  1254 D ASH     : @ 1007138.758: tcs3701: start power rail timer, state:3
         1704836267.999  1086  1254 I ASH     : @ 1007138.798: tcs3701: stop power rail pending_off timer
         1704836267.999  1086  1254 D ASH     : @ 1007138.798: tcs3701: start power rail timer, state:3
         1704836268.039  1086  1254 I ASH     : @ 1007138.838: tcs3701: stop power rail pending_off timer
         1704836268.039  1086  1254 D ASH     : @ 1007138.838: tcs3701: start power rail timer, state:3
         1704836268.075  2909  3101 D EuiccConnector: handleMessage: E msg.what=3
         1704836268.075  2909  3101 D EuiccConnector: processMsg: ConnectedState
         1704836268.077 22152 22152 I EuiccGoogle: [2] EuiccServiceImpl.onDestroy: onDestroy: EuiccService on destroy.
         1704836268.078  2909  3101 D EuiccConnector: transitionTo: destState=AvailableState
         1704836268.078  2909  3101 D EuiccConnector: handleMessage: new destination call exit/enter
         1704836268.078  2909  3101 D EuiccConnector: setupTempStateStackWithStatesToEnter: X mTempStateStackCount=2,curStateInfo: null
         1704836268.078  2909  3101 D EuiccConnector: invokeExitMethods: ConnectedState
         1704836268.078  2909  3101 D EuiccConnector: invokeExitMethods: DisconnectedState
         1704836268.078  2909  3101 D EuiccConnector: moveTempStackToStateStack: i=1,j=0
         1704836268.078  2909  3101 D EuiccConnector: moveTempStackToStateStack: i=0,j=1
         1704836268.078  2909  3101 D EuiccConnector: moveTempStackToStateStack: X mStateStackTop=1,startingIndex=0,Top=AvailableState
         1704836268.078  2909  3101 D EuiccConnector: invokeEnterMethods: UnavailableState
         1704836268.078  2909  3101 D EuiccConnector: invokeEnterMethods: AvailableState
         1704836268.078  2909  3101 D EuiccConnector: handleMessage: X
         1704836268.079  1086  1254 I ASH     : @ 1007138.878: tcs3701: stop power rail pending_off timer
         1704836268.079  1086  1254 D ASH     : @ 1007138.878: tcs3701: start power rail timer, state:3
         1704836268.120  1086  1254 I ASH     : @ 1007138.918: tcs3701: stop power rail pending_off timer
         1704836268.120  1086  1254 D ASH     : @ 1007138.918: tcs3701: start power rail timer, state:3
         1704836268.159  1086  1254 I ASH     : @ 1007138.958: tcs3701: stop power rail pending_off timer
         1704836268.159  1086  1254 D ASH     : @ 1007138.958: tcs3701: start power rail timer, state:3
         1704836268.199  1086  1254 I ASH     : @ 1007138.998: tcs3701: stop power rail pending_off timer
         1704836268.199  1086  1254 D ASH     : @ 1007138.998: tcs3701: start power rail timer, state:3
         1704836268.239  1086  1254 I ASH     : @ 1007139.038: tcs3701: stop power rail pending_off timer
         1704836268.239  1086  1254 D ASH     : @ 1007139.038: tcs3701: start power rail timer, state:3
         1704836268.279  1086  1254 I ASH     : @ 1007139.078: tcs3701: stop power rail pending_off timer
         1704836268.279  1086  1254 D ASH     : @ 1007139.078: tcs3701: start power rail timer, state:3
         1704836268.319  1086  1254 I ASH     : @ 1007139.118: tcs3701: stop power rail pending_off timer
         1704836268.319  1086  1254 D ASH     : @ 1007139.118: tcs3701: start power rail timer, state:3
         1704836268.359  1086  1254 I ASH     : @ 1007139.158: tcs3701: stop power rail pending_off timer
         1704836268.360  1086  1254 D ASH     : @ 1007139.158: tcs3701: start power rail timer, state:3
         1704836268.399  1086  1254 I ASH     : @ 1007139.198: tcs3701: stop power rail pending_off timer
         1704836268.399  1086  1254 D ASH     : @ 1007139.198: tcs3701: start power rail timer, state:3
         1704836268.439  1086  1254 I ASH     : @ 1007139.238: tcs3701: stop power rail pending_off timer
         1704836268.439  1086  1254 D ASH     : @ 1007139.238: tcs3701: start power rail timer, state:3
         1704836268.479  1086  1254 I ASH     : @ 1007139.278: tcs3701: stop power rail pending_off timer
         1704836268.479  1086  1254 D ASH     : @ 1007139.278: tcs3701: start power rail timer, state:3
         1704836268.519  1086  1254 I ASH     : @ 1007139.318: tcs3701: stop power rail pending_off timer
         1704836268.519  1086  1254 D ASH     : @ 1007139.318: tcs3701: start power rail timer, state:3
         1704836268.559  1086  1254 I ASH     : @ 1007139.358: tcs3701: stop power rail pending_off timer
         1704836268.559  1086  1254 D ASH     : @ 1007139.358: tcs3701: start power rail timer, state:3
         1704836268.599  1086  1254 I ASH     : @ 1007139.398: tcs3701: stop power rail pending_off timer
         1704836268.599  1086  1254 D ASH     : @ 1007139.398: tcs3701: start power rail timer, state:3
         1704836268.639  1086  1254 I ASH     : @ 1007139.438: tcs3701: stop power rail pending_off timer
         1704836268.639  1086  1254 D ASH     : @ 1007139.438: tcs3701: start power rail timer, state:3
         1704836268.679  1086  1254 I ASH     : @ 1007139.478: tcs3701: stop power rail pending_off timer
         1704836268.679  1086  1254 D ASH     : @ 1007139.478: tcs3701: start power rail timer, state:3
         1704836268.719  1086  1254 I ASH     : @ 1007139.518: tcs3701: stop power rail pending_off timer
         1704836268.719  1086  1254 D ASH     : @ 1007139.518: tcs3701: start power rail timer, state:3
         1704836268.761  1086  1254 I ASH     : @ 1007139.558: tcs3701: stop power rail pending_off timer
         1704836268.761  1086  1254 D ASH     : @ 1007139.558: tcs3701: start power rail timer, state:3
         1704836268.801  1086  1254 I ASH     : @ 1007139.598: tcs3701: stop power rail pending_off timer
         1704836268.801  1086  1254 D ASH     : @ 1007139.599: tcs3701: start power rail timer, state:3
         1704836268.841  1086  1254 I ASH     : @ 1007139.638: tcs3701: stop power rail pending_off timer
         1704836268.841  1086  1254 D ASH     : @ 1007139.639: tcs3701: start power rail timer, state:3
         1704836268.881  1086  1254 I ASH     : @ 1007139.678: tcs3701: stop power rail pending_off timer
         1704836268.881  1086  1254 D ASH     : @ 1007139.678: tcs3701: start power rail timer, state:3
         1704836268.919  1086  1254 I ASH     : @ 1007139.718: tcs3701: stop power rail pending_off timer
         1704836268.920  1086  1254 D ASH     : @ 1007139.718: tcs3701: start power rail timer, state:3
         1704836268.961  1086  1254 I ASH     : @ 1007139.758: tcs3701: stop power rail pending_off timer
         1704836268.961  1086  1254 D ASH     : @ 1007139.758: tcs3701: start power rail timer, state:3
         1704836269.001  1086  1254 I ASH     : @ 1007139.798: tcs3701: stop power rail pending_off timer
         1704836269.001  1086  1254 D ASH     : @ 1007139.798: tcs3701: start power rail timer, state:3
         1704836269.041  1086  1254 I ASH     : @ 1007139.838: tcs3701: stop power rail pending_off timer
         1704836269.041  1086  1254 D ASH     : @ 1007139.838: tcs3701: start power rail timer, state:3
         1704836269.081  1086  1254 I ASH     : @ 1007139.878: tcs3701: stop power rail pending_off timer
         1704836269.081  1086  1254 D ASH     : @ 1007139.879: tcs3701: start power rail timer, state:3
         1704836269.120  1086  1254 I ASH     : @ 1007139.918: tcs3701: stop power rail pending_off timer
         1704836269.120  1086  1254 D ASH     : @ 1007139.919: tcs3701: start power rail timer, state:3
         1704836269.161  1086  1254 I ASH     : @ 1007139.958: tcs3701: stop power rail pending_off timer
         1704836269.161  1086  1254 D ASH     : @ 1007139.958: tcs3701: start power rail timer, state:3
         1704836269.201  1086  1254 I ASH     : @ 1007139.998: tcs3701: stop power rail pending_off timer
         1704836269.201  1086  1254 D ASH     : @ 1007139.998: tcs3701: start power rail timer, state:3
         1704836269.241  1086  1254 I ASH     : @ 1007140.038: tcs3701: stop power rail pending_off timer
         1704836269.241  1086  1254 D ASH     : @ 1007140.039: tcs3701: start power rail timer, state:3
         1704836269.281  1086  1254 I ASH     : @ 1007140.078: tcs3701: stop power rail pending_off timer
         1704836269.281  1086  1254 D ASH     : @ 1007140.078: tcs3701: start power rail timer, state:3
         1704836269.319  1086  1254 I ASH     : @ 1007140.118: tcs3701: stop power rail pending_off timer
         1704836269.320  1086  1254 D ASH     : @ 1007140.118: tcs3701: start power rail timer, state:3
         1704836269.361  1086  1254 I ASH     : @ 1007140.158: tcs3701: stop power rail pending_off timer
         1704836269.361  1086  1254 D ASH     : @ 1007140.158: tcs3701: start power rail timer, state:3
         1704836269.401  1086  1254 I ASH     : @ 1007140.198: tcs3701: stop power rail pending_off timer
         1704836269.401  1086  1254 D ASH     : @ 1007140.198: tcs3701: start power rail timer, state:3
         1704836269.441  1086  1254 I ASH     : @ 1007140.238: tcs3701: stop power rail pending_off timer
         1704836269.441  1086  1254 D ASH     : @ 1007140.239: tcs3701: start power rail timer, state:3
         1704836269.481  1086  1254 I ASH     : @ 1007140.278: tcs3701: stop power rail pending_off timer
         1704836269.481  1086  1254 D ASH     : @ 1007140.278: tcs3701: start power rail timer, state:3
         1704836269.520  1086  1254 I ASH     : @ 1007140.318: tcs3701: stop power rail pending_off timer
         1704836269.520  1086  1254 D ASH     : @ 1007140.318: tcs3701: start power rail timer, state:3
         1704836269.559  1086  1254 I ASH     : @ 1007140.358: tcs3701: stop power rail pending_off timer
         1704836269.560  1086  1254 D ASH     : @ 1007140.358: tcs3701: start power rail timer, state:3
         1704836269.599  1086  1254 I ASH     : @ 1007140.398: tcs3701: stop power rail pending_off timer
         1704836269.599  1086  1254 D ASH     : @ 1007140.398: tcs3701: start power rail timer, state:3
         1704836269.639  1086  1254 I ASH     : @ 1007140.438: tcs3701: stop power rail pending_off timer
         1704836269.639  1086  1254 D ASH     : @ 1007140.438: tcs3701: start power rail timer, state:3
         1704836269.679  1086  1254 I ASH     : @ 1007140.478: tcs3701: stop power rail pending_off timer
         1704836269.679  1086  1254 D ASH     : @ 1007140.478: tcs3701: start power rail timer, state:3
         1704836269.719  1086  1254 I ASH     : @ 1007140.518: tcs3701: stop power rail pending_off timer
         1704836269.719  1086  1254 D ASH     : @ 1007140.518: tcs3701: start power rail timer, state:3
         1704836269.759  1086  1254 I ASH     : @ 1007140.558: tcs3701: stop power rail pending_off timer
         1704836269.759  1086  1254 D ASH     : @ 1007140.558: tcs3701: start power rail timer, state:3
         1704836269.799  1086  1254 I ASH     : @ 1007140.598: tcs3701: stop power rail pending_off timer
         1704836269.799  1086  1254 D ASH     : @ 1007140.598: tcs3701: start power rail timer, state:3
         1704836269.839  1086  1254 I ASH     : @ 1007140.638: tcs3701: stop power rail pending_off timer
         1704836269.839  1086  1254 D ASH     : @ 1007140.638: tcs3701: start power rail timer, state:3
         1704836269.879  1086  1254 I ASH     : @ 1007140.678: tcs3701: stop power rail pending_off timer
         1704836269.879  1086  1254 D ASH     : @ 1007140.678: tcs3701: start power rail timer, state:3
         1704836269.919  1086  1254 I ASH     : @ 1007140.718: tcs3701: stop power rail pending_off timer
         1704836269.919  1086  1254 D ASH     : @ 1007140.719: tcs3701: start power rail timer, state:3
         1704836269.959  1086  1254 I ASH     : @ 1007140.758: tcs3701: stop power rail pending_off timer
         1704836269.959  1086  1254 D ASH     : @ 1007140.758: tcs3701: start power rail timer, state:3
         1704836269.999  1086  1254 I ASH     : @ 1007140.798: tcs3701: stop power rail pending_off timer
         1704836269.999  1086  1254 D ASH     : @ 1007140.799: tcs3701: start power rail timer, state:3
         1704836270.039  1086  1254 I ASH     : @ 1007140.838: tcs3701: stop power rail pending_off timer
         1704836270.040  1086  1254 D ASH     : @ 1007140.838: tcs3701: start power rail timer, state:3
         1704836270.080  1086  1254 I ASH     : @ 1007140.878: tcs3701: stop power rail pending_off timer
         1704836270.080  1086  1254 D ASH     : @ 1007140.879: tcs3701: start power rail timer, state:3
         1704836270.119  1086  1254 I ASH     : @ 1007140.918: tcs3701: stop power rail pending_off timer
         1704836270.119  1086  1254 D ASH     : @ 1007140.918: tcs3701: start power rail timer, state:3
         1704836270.159  1086  1254 I ASH     : @ 1007140.958: tcs3701: stop power rail pending_off timer
         1704836270.159  1086  1254 D ASH     : @ 1007140.958: tcs3701: start power rail timer, state:3
         1704836270.199  1086  1254 I ASH     : @ 1007140.998: tcs3701: stop power rail pending_off timer
         1704836270.199  1086  1254 D ASH     : @ 1007140.998: tcs3701: start power rail timer, state:3
         1704836270.239  1086  1254 I ASH     : @ 1007141.038: tcs3701: stop power rail pending_off timer
         1704836270.239  1086  1254 D ASH     : @ 1007141.038: tcs3701: start power rail timer, state:3
         1704836270.279  1086  1254 I ASH     : @ 1007141.078: tcs3701: stop power rail pending_off timer
         1704836270.279  1086  1254 D ASH     : @ 1007141.078: tcs3701: start power rail timer, state:3
         1704836270.319  1086  1254 I ASH     : @ 1007141.118: tcs3701: stop power rail pending_off timer
         1704836270.319  1086  1254 D ASH     : @ 1007141.118: tcs3701: start power rail timer, state:3
         1704836270.359  1086  1254 I ASH     : @ 1007141.158: tcs3701: stop power rail pending_off timer
         1704836270.359  1086  1254 D ASH     : @ 1007141.158: tcs3701: start power rail timer, state:3
         1704836270.399  1086  1254 I ASH     : @ 1007141.198: tcs3701: stop power rail pending_off timer
         1704836270.399  1086  1254 D ASH     : @ 1007141.198: tcs3701: start power rail timer, state:3
         1704836270.439  1086  1254 I ASH     : @ 1007141.238: tcs3701: stop power rail pending_off timer
         1704836270.439  1086  1254 D ASH     : @ 1007141.238: tcs3701: start power rail timer, state:3
         1704836270.479  1086  1254 I ASH     : @ 1007141.278: tcs3701: stop power rail pending_off timer
         1704836270.479  1086  1254 D ASH     : @ 1007141.278: tcs3701: start power rail timer, state:3
         1704836270.487  1799  1822 I dashscene: surfaces over 240 frames — tick 1.06 ms, paint mean 0.11 p50 0.09, submit mean 24.23 p50 23.43 p95 47.19 max 71.90 ms (39.4 fps if unpaced) — 2 run(s), 32 glyph(s)
         1704836270.519  1086  1254 I ASH     : @ 1007141.318: tcs3701: stop power rail pending_off timer
         1704836270.519  1086  1254 D ASH     : @ 1007141.318: tcs3701: start power rail timer, state:3
         1704836270.559  1086  1254 I ASH     : @ 1007141.358: tcs3701: stop power rail pending_off timer
         1704836270.559  1086  1254 D ASH     : @ 1007141.358: tcs3701: start power rail timer, state:3
         1704836270.599  1086  1254 I ASH     : @ 1007141.398: tcs3701: stop power rail pending_off timer
         1704836270.599  1086  1254 D ASH     : @ 1007141.398: tcs3701: start power rail timer, state:3
         1704836270.639  1086  1254 I ASH     : @ 1007141.438: tcs3701: stop power rail pending_off timer
         1704836270.639  1086  1254 D ASH     : @ 1007141.438: tcs3701: start power rail timer, state:3
         1704836270.679  1086  1254 I ASH     : @ 1007141.478: tcs3701: stop power rail pending_off timer
         1704836270.679  1086  1254 D ASH     : @ 1007141.478: tcs3701: start power rail timer, state:3
         1704836270.719  1086  1254 I ASH     : @ 1007141.518: tcs3701: stop power rail pending_off timer
         1704836270.719  1086  1254 D ASH     : @ 1007141.519: tcs3701: start power rail timer, state:3
         1704836270.759  1086  1254 I ASH     : @ 1007141.558: tcs3701: stop power rail pending_off timer
         1704836270.759  1086  1254 D ASH     : @ 1007141.558: tcs3701: start power rail timer, state:3
         1704836270.799  1086  1254 I ASH     : @ 1007141.598: tcs3701: stop power rail pending_off timer
         1704836270.799  1086  1254 D ASH     : @ 1007141.598: tcs3701: start power rail timer, state:3
         1704836270.839  1086  1254 I ASH     : @ 1007141.638: tcs3701: stop power rail pending_off timer
         1704836270.839  1086  1254 D ASH     : @ 1007141.638: tcs3701: start power rail timer, state:3
         1704836270.879  1086  1254 I ASH     : @ 1007141.678: tcs3701: stop power rail pending_off timer
         1704836270.879  1086  1254 D ASH     : @ 1007141.678: tcs3701: start power rail timer, state:3
         1704836270.919  1086  1254 I ASH     : @ 1007141.718: tcs3701: stop power rail pending_off timer
         1704836270.919  1086  1254 D ASH     : @ 1007141.718: tcs3701: start power rail timer, state:3
         1704836270.959  1086  1254 I ASH     : @ 1007141.758: tcs3701: stop power rail pending_off timer
         1704836270.959  1086  1254 D ASH     : @ 1007141.758: tcs3701: start power rail timer, state:3
         1704836270.999  1086  1254 I ASH     : @ 1007141.798: tcs3701: stop power rail pending_off timer
         1704836270.999  1086  1254 D ASH     : @ 1007141.798: tcs3701: start power rail timer, state:3
         1704836271.039  1086  1254 I ASH     : @ 1007141.838: tcs3701: stop power rail pending_off timer
         1704836271.039  1086  1254 D ASH     : @ 1007141.838: tcs3701: start power rail timer, state:3
         1704836271.079  1086  1254 I ASH     : @ 1007141.878: tcs3701: stop power rail pending_off timer
         1704836271.079  1086  1254 D ASH     : @ 1007141.878: tcs3701: start power rail timer, state:3
         1704836271.119  1086  1254 I ASH     : @ 1007141.918: tcs3701: stop power rail pending_off timer
         1704836271.119  1086  1254 D ASH     : @ 1007141.918: tcs3701: start power rail timer, state:3
         1704836271.159  1086  1254 I ASH     : @ 1007141.958: tcs3701: stop power rail pending_off timer
         1704836271.160  1086  1254 D ASH     : @ 1007141.958: tcs3701: start power rail timer, state:3
         1704836271.199  1086  1254 I ASH     : @ 1007141.998: tcs3701: stop power rail pending_off timer
         1704836271.200  1086  1254 D ASH     : @ 1007141.999: tcs3701: start power rail timer, state:3
         1704836271.238  1799  1822 I dashscene: 2400 frames over 2400 vsyncs
         1704836271.239  1086  1254 I ASH     : @ 1007142.038: tcs3701: stop power rail pending_off timer
         1704836271.240  1086  1254 D ASH     : @ 1007142.038: tcs3701: start power rail timer, state:3
         1704836271.281  1086  1254 I ASH     : @ 1007142.078: tcs3701: stop power rail pending_off timer
         1704836271.281  1086  1254 D ASH     : @ 1007142.079: tcs3701: start power rail timer, state:3
         1704836271.320  1086  1254 I ASH     : @ 1007142.118: tcs3701: stop power rail pending_off timer
         1704836271.320  1086  1254 D ASH     : @ 1007142.119: tcs3701: start power rail timer, state:3
         1704836271.361  1086  1254 I ASH     : @ 1007142.158: tcs3701: stop power rail pending_off timer
         1704836271.361  1086  1254 D ASH     : @ 1007142.159: tcs3701: start power rail timer, state:3
         1704836271.401  1086  1254 I ASH     : @ 1007142.198: tcs3701: stop power rail pending_off timer
         1704836271.401  1086  1254 D ASH     : @ 1007142.199: tcs3701: start power rail timer, state:3
         1704836271.440  1086  1254 I ASH     : @ 1007142.238: tcs3701: stop power rail pending_off timer
         1704836271.440  1086  1254 D ASH     : @ 1007142.238: tcs3701: start power rail timer, state:3
         1704836271.481  1086  1254 I ASH     : @ 1007142.278: tcs3701: stop power rail pending_off timer
         1704836271.481  1086  1254 D ASH     : @ 1007142.279: tcs3701: start power rail timer, state:3
         1704836271.520  1086  1254 I ASH     : @ 1007142.318: tcs3701: stop power rail pending_off timer
         1704836271.521  1086  1254 D ASH     : @ 1007142.318: tcs3701: start power rail timer, state:3
         1704836271.561  1086  1254 I ASH     : @ 1007142.358: tcs3701: stop power rail pending_off timer
         1704836271.561  1086  1254 D ASH     : @ 1007142.359: tcs3701: start power rail timer, state:3
         1704836271.601  1086  1254 I ASH     : @ 1007142.398: tcs3701: stop power rail pending_off timer
         1704836271.601  1086  1254 D ASH     : @ 1007142.399: tcs3701: start power rail timer, state:3
         1704836271.640  1086  1254 I ASH     : @ 1007142.438: tcs3701: stop power rail pending_off timer
         1704836271.640  1086  1254 D ASH     : @ 1007142.438: tcs3701: start power rail timer, state:3
         1704836271.681  1086  1254 I ASH     : @ 1007142.478: tcs3701: stop power rail pending_off timer
         1704836271.681  1086  1254 D ASH     : @ 1007142.479: tcs3701: start power rail timer, state:3
         1704836271.720  1086  1254 I ASH     : @ 1007142.518: tcs3701: stop power rail pending_off timer
         1704836271.721  1086  1254 D ASH     : @ 1007142.518: tcs3701: start power rail timer, state:3
         1704836271.761  1086  1254 I ASH     : @ 1007142.558: tcs3701: stop power rail pending_off timer
         1704836271.761  1086  1254 D ASH     : @ 1007142.558: tcs3701: start power rail timer, state:3
         1704836271.801  1086  1254 I ASH     : @ 1007142.598: tcs3701: stop power rail pending_off timer
         1704836271.801  1086  1254 D ASH     : @ 1007142.598: tcs3701: start power rail timer, state:3
         1704836271.840  1086  1254 I ASH     : @ 1007142.638: tcs3701: stop power rail pending_off timer
         1704836271.840  1086  1254 D ASH     : @ 1007142.638: tcs3701: start power rail timer, state:3
         1704836271.881  1086  1254 I ASH     : @ 1007142.678: tcs3701: stop power rail pending_off timer
         1704836271.881  1086  1254 D ASH     : @ 1007142.679: tcs3701: start power rail timer, state:3
         1704836271.921  1086  1254 I ASH     : @ 1007142.718: tcs3701: stop power rail pending_off timer
         1704836271.921  1086  1254 D ASH     : @ 1007142.718: tcs3701: start power rail timer, state:3
         1704836271.961  1086  1254 I ASH     : @ 1007142.758: tcs3701: stop power rail pending_off timer
         1704836271.961  1086  1254 D ASH     : @ 1007142.759: tcs3701: start power rail timer, state:3
         1704836272.001  1086  1254 I ASH     : @ 1007142.798: tcs3701: stop power rail pending_off timer
         1704836272.001  1086  1254 D ASH     : @ 1007142.798: tcs3701: start power rail timer, state:3
         1704836272.040  1086  1254 I ASH     : @ 1007142.838: tcs3701: stop power rail pending_off timer
         1704836272.040  1086  1254 D ASH     : @ 1007142.839: tcs3701: start power rail timer, state:3
         1704836272.079  1086  1254 I ASH     : @ 1007142.878: tcs3701: stop power rail pending_off timer
         1704836272.079  1086  1254 D ASH     : @ 1007142.879: tcs3701: start power rail timer, state:3
         1704836272.120  1086  1254 I ASH     : @ 1007142.918: tcs3701: stop power rail pending_off timer
         1704836272.120  1086  1254 D ASH     : @ 1007142.918: tcs3701: start power rail timer, state:3
         1704836272.159  1086  1254 I ASH     : @ 1007142.958: tcs3701: stop power rail pending_off timer
         1704836272.160  1086  1254 D ASH     : @ 1007142.958: tcs3701: start power rail timer, state:3
         1704836272.199  1086  1254 I ASH     : @ 1007142.998: tcs3701: stop power rail pending_off timer
         1704836272.199  1086  1254 D ASH     : @ 1007142.999: tcs3701: start power rail timer, state:3
         1704836272.240  1086  1254 I ASH     : @ 1007143.038: tcs3701: stop power rail pending_off timer
         1704836272.240  1086  1254 D ASH     : @ 1007143.039: tcs3701: start power rail timer, state:3
         1704836272.279  1086  1254 I ASH     : @ 1007143.078: tcs3701: stop power rail pending_off timer
         1704836272.279  1086  1254 D ASH     : @ 1007143.078: tcs3701: start power rail timer, state:3
         1704836272.319  1086  1254 I ASH     : @ 1007143.118: tcs3701: stop power rail pending_off timer
         1704836272.319  1086  1254 D ASH     : @ 1007143.118: tcs3701: start power rail timer, state:3
         1704836272.359  1086  1254 I ASH     : @ 1007143.158: tcs3701: stop power rail pending_off timer
         1704836272.359  1086  1254 D ASH     : @ 1007143.158: tcs3701: start power rail timer, state:3
         1704836272.399  1086  1254 I ASH     : @ 1007143.198: tcs3701: stop power rail pending_off timer
         1704836272.399  1086  1254 D ASH     : @ 1007143.198: tcs3701: start power rail timer, state:3
         1704836272.439  1086  1254 I ASH     : @ 1007143.238: tcs3701: stop power rail pending_off timer
         1704836272.439  1086  1254 D ASH     : @ 1007143.238: tcs3701: start power rail timer, state:3
         1704836272.479  1086  1254 I ASH     : @ 1007143.278: tcs3701: stop power rail pending_off timer
         1704836272.479  1086  1254 D ASH     : @ 1007143.278: tcs3701: start power rail timer, state:3
         1704836272.519  1086  1254 I ASH     : @ 1007143.318: tcs3701: stop power rail pending_off timer
         1704836272.519  1086  1254 D ASH     : @ 1007143.318: tcs3701: start power rail timer, state:3
         1704836272.559  1086  1254 I ASH     : @ 1007143.358: tcs3701: stop power rail pending_off timer
         1704836272.559  1086  1254 D ASH     : @ 1007143.358: tcs3701: start power rail timer, state:3
         1704836272.599  1086  1254 I ASH     : @ 1007143.398: tcs3701: stop power rail pending_off timer
         1704836272.599  1086  1254 D ASH     : @ 1007143.398: tcs3701: start power rail timer, state:3
         1704836272.639  1086  1254 I ASH     : @ 1007143.438: tcs3701: stop power rail pending_off timer
         1704836272.639  1086  1254 D ASH     : @ 1007143.438: tcs3701: start power rail timer, state:3
         1704836272.679  1086  1254 I ASH     : @ 1007143.478: tcs3701: stop power rail pending_off timer
         1704836272.679  1086  1254 D ASH     : @ 1007143.478: tcs3701: start power rail timer, state:3
         1704836272.719  1086  1254 I ASH     : @ 1007143.518: tcs3701: stop power rail pending_off timer
         1704836272.719  1086  1254 D ASH     : @ 1007143.518: tcs3701: start power rail timer, state:3
         1704836272.759  1086  1254 I ASH     : @ 1007143.558: tcs3701: stop power rail pending_off timer
         1704836272.759  1086  1254 D ASH     : @ 1007143.558: tcs3701: start power rail timer, state:3
         1704836272.799  1086  1254 I ASH     : @ 1007143.598: tcs3701: stop power rail pending_off timer
         1704836272.799  1086  1254 D ASH     : @ 1007143.598: tcs3701: start power rail timer, state:3
         1704836272.839  1086  1254 I ASH     : @ 1007143.638: tcs3701: stop power rail pending_off timer
         1704836272.839  1086  1254 D ASH     : @ 1007143.638: tcs3701: start power rail timer, state:3
         1704836272.879  1086  1254 I ASH     : @ 1007143.678: tcs3701: stop power rail pending_off timer
         1704836272.879  1086  1254 D ASH     : @ 1007143.679: tcs3701: start power rail timer, state:3
         1704836272.919  1086  1254 I ASH     : @ 1007143.718: tcs3701: stop power rail pending_off timer
         1704836272.919  1086  1254 D ASH     : @ 1007143.718: tcs3701: start power rail timer, state:3
         1704836272.959  1086  1254 I ASH     : @ 1007143.758: tcs3701: stop power rail pending_off timer
         1704836272.959  1086  1254 D ASH     : @ 1007143.758: tcs3701: start power rail timer, state:3
         1704836272.999  1086  1254 I ASH     : @ 1007143.798: tcs3701: stop power rail pending_off timer
         1704836272.999  1086  1254 D ASH     : @ 1007143.798: tcs3701: start power rail timer, state:3
         1704836273.039  1086  1254 I ASH     : @ 1007143.838: tcs3701: stop power rail pending_off timer
         1704836273.039  1086  1254 D ASH     : @ 1007143.838: tcs3701: start power rail timer, state:3
         1704836273.079  1086  1254 I ASH     : @ 1007143.878: tcs3701: stop power rail pending_off timer
         1704836273.079  1086  1254 D ASH     : @ 1007143.878: tcs3701: start power rail timer, state:3
         1704836273.119  1086  1254 I ASH     : @ 1007143.918: tcs3701: stop power rail pending_off timer
         1704836273.119  1086  1254 D ASH     : @ 1007143.918: tcs3701: start power rail timer, state:3
         1704836273.159  1086  1254 I ASH     : @ 1007143.958: tcs3701: stop power rail pending_off timer
         1704836273.159  1086  1254 D ASH     : @ 1007143.958: tcs3701: start power rail timer, state:3
         1704836273.199  1086  1254 I ASH     : @ 1007143.998: tcs3701: stop power rail pending_off timer
         1704836273.199  1086  1254 D ASH     : @ 1007143.998: tcs3701: start power rail timer, state:3
         1704836273.239  1086  1254 I ASH     : @ 1007144.038: tcs3701: stop power rail pending_off timer
         1704836273.239  1086  1254 D ASH     : @ 1007144.038: tcs3701: start power rail timer, state:3
         1704836273.242  1122  1183 D rlsservice: MonitorDisplayStatus client num 0, display status 1, sensor status 0
         1704836273.279  1086  1254 I ASH     : @ 1007144.078: tcs3701: stop power rail pending_off timer
         1704836273.279  1086  1254 D ASH     : @ 1007144.078: tcs3701: start power rail timer, state:3
         1704836273.320  1086  1254 I ASH     : @ 1007144.118: tcs3701: stop power rail pending_off timer
         1704836273.320  1086  1254 D ASH     : @ 1007144.118: tcs3701: start power rail timer, state:3
         1704836273.359  1086  1254 I ASH     : @ 1007144.158: tcs3701: stop power rail pending_off timer
         1704836273.359  1086  1254 D ASH     : @ 1007144.158: tcs3701: start power rail timer, state:3
         1704836273.399  1086  1254 I ASH     : @ 1007144.198: tcs3701: stop power rail pending_off timer
         1704836273.399  1086  1254 D ASH     : @ 1007144.198: tcs3701: start power rail timer, state:3
         1704836273.439  1086  1254 I ASH     : @ 1007144.238: tcs3701: stop power rail pending_off timer
         1704836273.439  1086  1254 D ASH     : @ 1007144.238: tcs3701: start power rail timer, state:3
         1704836273.479  1086  1254 I ASH     : @ 1007144.278: tcs3701: stop power rail pending_off timer
         1704836273.479  1086  1254 D ASH     : @ 1007144.278: tcs3701: start power rail timer, state:3
         1704836273.519  1086  1254 I ASH     : @ 1007144.318: tcs3701: stop power rail pending_off timer
         1704836273.519  1086  1254 D ASH     : @ 1007144.318: tcs3701: start power rail timer, state:3
         1704836273.559  1086  1254 I ASH     : @ 1007144.358: tcs3701: stop power rail pending_off timer
         1704836273.559  1086  1254 D ASH     : @ 1007144.359: tcs3701: start power rail timer, state:3
         1704836273.599  1086  1254 I ASH     : @ 1007144.398: tcs3701: stop power rail pending_off timer
         1704836273.599  1086  1254 D ASH     : @ 1007144.398: tcs3701: start power rail timer, state:3
         1704836273.639  1086  1254 I ASH     : @ 1007144.438: tcs3701: stop power rail pending_off timer
         1704836273.639  1086  1254 D ASH     : @ 1007144.438: tcs3701: start power rail timer, state:3
         1704836273.679  1086  1254 I ASH     : @ 1007144.478: tcs3701: stop power rail pending_off timer
         1704836273.679  1086  1254 D ASH     : @ 1007144.479: tcs3701: start power rail timer, state:3
         1704836273.720  1086  1254 I ASH     : @ 1007144.518: tcs3701: stop power rail pending_off timer
         1704836273.720  1086  1254 D ASH     : @ 1007144.519: tcs3701: start power rail timer, state:3
         1704836273.761  1086  1254 I ASH     : @ 1007144.558: tcs3701: stop power rail pending_off timer
         1704836273.761  1086  1254 D ASH     : @ 1007144.559: tcs3701: start power rail timer, state:3
         1704836273.801  1086  1254 I ASH     : @ 1007144.598: tcs3701: stop power rail pending_off timer
         1704836273.801  1086  1254 D ASH     : @ 1007144.598: tcs3701: start power rail timer, state:3
         1704836273.840  1086  1254 I ASH     : @ 1007144.638: tcs3701: stop power rail pending_off timer
         1704836273.840  1086  1254 D ASH     : @ 1007144.638: tcs3701: start power rail timer, state:3
         1704836273.881  1086  1254 I ASH     : @ 1007144.678: tcs3701: stop power rail pending_off timer
         1704836273.881  1086  1254 D ASH     : @ 1007144.679: tcs3701: start power rail timer, state:3
         1704836273.921  1086  1254 I ASH     : @ 1007144.718: tcs3701: stop power rail pending_off timer
         1704836273.921  1086  1254 D ASH     : @ 1007144.718: tcs3701: start power rail timer, state:3
         1704836273.961  1086  1254 I ASH     : @ 1007144.758: tcs3701: stop power rail pending_off timer
         1704836273.961  1086  1254 D ASH     : @ 1007144.759: tcs3701: start power rail timer, state:3
         1704836274.001  1086  1254 I ASH     : @ 1007144.798: tcs3701: stop power rail pending_off timer
         1704836274.001  1086  1254 D ASH     : @ 1007144.798: tcs3701: start power rail timer, state:3
         1704836274.040  1086  1254 I ASH     : @ 1007144.838: tcs3701: stop power rail pending_off timer
         1704836274.040  1086  1254 D ASH     : @ 1007144.838: tcs3701: start power rail timer, state:3
         1704836274.081  1086  1254 I ASH     : @ 1007144.878: tcs3701: stop power rail pending_off timer
         1704836274.081  1086  1254 D ASH     : @ 1007144.879: tcs3701: start power rail timer, state:3
         1704836274.121  1086  1254 I ASH     : @ 1007144.918: tcs3701: stop power rail pending_off timer
         1704836274.121  1086  1254 D ASH     : @ 1007144.918: tcs3701: start power rail timer, state:3
         1704836274.161  1086  1254 I ASH     : @ 1007144.958: tcs3701: stop power rail pending_off timer
         1704836274.161  1086  1254 D ASH     : @ 1007144.959: tcs3701: start power rail timer, state:3
         1704836274.201  1086  1254 I ASH     : @ 1007144.998: tcs3701: stop power rail pending_off timer
         1704836274.201  1086  1254 D ASH     : @ 1007144.999: tcs3701: start power rail timer, state:3
         1704836274.240  1086  1254 I ASH     : @ 1007145.038: tcs3701: stop power rail pending_off timer
         1704836274.240  1086  1254 D ASH     : @ 1007145.039: tcs3701: start power rail timer, state:3
         1704836274.281  1086  1254 I ASH     : @ 1007145.078: tcs3701: stop power rail pending_off timer
         1704836274.281  1086  1254 D ASH     : @ 1007145.078: tcs3701: start power rail timer, state:3
         1704836274.321  1086  1254 I ASH     : @ 1007145.118: tcs3701: stop power rail pending_off timer
         1704836274.321  1086  1254 D ASH     : @ 1007145.118: tcs3701: start power rail timer, state:3
         1704836274.361  1086  1254 I ASH     : @ 1007145.158: tcs3701: stop power rail pending_off timer
         1704836274.361  1086  1254 D ASH     : @ 1007145.159: tcs3701: start power rail timer, state:3
         1704836274.402  1086  1254 I ASH     : @ 1007145.198: tcs3701: stop power rail pending_off timer
         1704836274.402  1086  1254 D ASH     : @ 1007145.198: tcs3701: start power rail timer, state:3
         1704836274.440  1086  1254 I ASH     : @ 1007145.238: tcs3701: stop power rail pending_off timer
         1704836274.440  1086  1254 D ASH     : @ 1007145.239: tcs3701: start power rail timer, state:3
         1704836274.481  1086  1254 I ASH     : @ 1007145.278: tcs3701: stop power rail pending_off timer
         1704836274.481  1086  1254 D ASH     : @ 1007145.278: tcs3701: start power rail timer, state:3
         1704836274.521  1086  1254 I ASH     : @ 1007145.318: tcs3701: stop power rail pending_off timer
         1704836274.521  1086  1254 D ASH     : @ 1007145.318: tcs3701: start power rail timer, state:3
         1704836274.560  1086  1254 I ASH     : @ 1007145.358: tcs3701: stop power rail pending_off timer
         1704836274.560  1086  1254 D ASH     : @ 1007145.359: tcs3701: start power rail timer, state:3
         1704836274.599  1086  1254 I ASH     : @ 1007145.398: tcs3701: stop power rail pending_off timer
         1704836274.599  1086  1254 D ASH     : @ 1007145.398: tcs3701: start power rail timer, state:3
         1704836274.640  1086  1254 I ASH     : @ 1007145.438: tcs3701: stop power rail pending_off timer
         1704836274.640  1086  1254 D ASH     : @ 1007145.439: tcs3701: start power rail timer, state:3
         1704836274.679  1086  1254 I ASH     : @ 1007145.478: tcs3701: stop power rail pending_off timer
         1704836274.679  1086  1254 D ASH     : @ 1007145.478: tcs3701: start power rail timer, state:3
         1704836274.719  1086  1254 I ASH     : @ 1007145.518: tcs3701: stop power rail pending_off timer
         1704836274.720  1086  1254 D ASH     : @ 1007145.518: tcs3701: start power rail timer, state:3
         1704836274.760  1086  1254 I ASH     : @ 1007145.558: tcs3701: stop power rail pending_off timer
         1704836274.760  1086  1254 D ASH     : @ 1007145.558: tcs3701: start power rail timer, state:3
         1704836274.799  1086  1254 I ASH     : @ 1007145.598: tcs3701: stop power rail pending_off timer
         1704836274.799  1086  1254 D ASH     : @ 1007145.598: tcs3701: start power rail timer, state:3
         1704836274.839  1086  1254 I ASH     : @ 1007145.638: tcs3701: stop power rail pending_off timer
         1704836274.839  1086  1254 D ASH     : @ 1007145.638: tcs3701: start power rail timer, state:3
         1704836274.879  1086  1254 I ASH     : @ 1007145.678: tcs3701: stop power rail pending_off timer
         1704836274.879  1086  1254 D ASH     : @ 1007145.678: tcs3701: start power rail timer, state:3
         1704836274.919  1086  1254 I ASH     : @ 1007145.718: tcs3701: stop power rail pending_off timer
         1704836274.919  1086  1254 D ASH     : @ 1007145.718: tcs3701: start power rail timer, state:3
         1704836274.959  1086  1254 I ASH     : @ 1007145.758: tcs3701: stop power rail pending_off timer
         1704836274.959  1086  1254 D ASH     : @ 1007145.758: tcs3701: start power rail timer, state:3
         1704836274.999  1086  1254 I ASH     : @ 1007145.798: tcs3701: stop power rail pending_off timer
         1704836274.999  1086  1254 D ASH     : @ 1007145.798: tcs3701: start power rail timer, state:3
         1704836275.039  1086  1254 I ASH     : @ 1007145.838: tcs3701: stop power rail pending_off timer
         1704836275.039  1086  1254 D ASH     : @ 1007145.838: tcs3701: start power rail timer, state:3
         1704836275.079  1086  1254 I ASH     : @ 1007145.878: tcs3701: stop power rail pending_off timer
         1704836275.079  1086  1254 D ASH     : @ 1007145.878: tcs3701: start power rail timer, state:3
         1704836275.119  1086  1254 I ASH     : @ 1007145.918: tcs3701: stop power rail pending_off timer
         1704836275.119  1086  1254 D ASH     : @ 1007145.918: tcs3701: start power rail timer, state:3
         1704836275.159  1086  1254 I ASH     : @ 1007145.958: tcs3701: stop power rail pending_off timer
         1704836275.159  1086  1254 D ASH     : @ 1007145.959: tcs3701: start power rail timer, state:3
         1704836275.199  1086  1254 I ASH     : @ 1007145.998: tcs3701: stop power rail pending_off timer
         1704836275.199  1086  1254 D ASH     : @ 1007145.998: tcs3701: start power rail timer, state:3
         1704836275.239  1086  1254 I ASH     : @ 1007146.038: tcs3701: stop power rail pending_off timer
         1704836275.240  1086  1254 D ASH     : @ 1007146.038: tcs3701: start power rail timer, state:3
         1704836275.279  1086  1254 I ASH     : @ 1007146.078: tcs3701: stop power rail pending_off timer
         1704836275.279  1086  1254 D ASH     : @ 1007146.078: tcs3701: start power rail timer, state:3
         1704836275.319  1086  1254 I ASH     : @ 1007146.118: tcs3701: stop power rail pending_off timer
         1704836275.319  1086  1254 D ASH     : @ 1007146.118: tcs3701: start power rail timer, state:3
         1704836275.359  1086  1254 I ASH     : @ 1007146.158: tcs3701: stop power rail pending_off timer
         1704836275.359  1086  1254 D ASH     : @ 1007146.158: tcs3701: start power rail timer, state:3
         1704836275.400  1086  1254 I ASH     : @ 1007146.198: tcs3701: stop power rail pending_off timer
         1704836275.400  1086  1254 D ASH     : @ 1007146.198: tcs3701: start power rail timer, state:3
         1704836275.439  1086  1254 I ASH     : @ 1007146.238: tcs3701: stop power rail pending_off timer
         1704836275.439  1086  1254 D ASH     : @ 1007146.238: tcs3701: start power rail timer, state:3
         1704836275.480  1086  1254 I ASH     : @ 1007146.278: tcs3701: stop power rail pending_off timer
         1704836275.480  1086  1254 D ASH     : @ 1007146.278: tcs3701: start power rail timer, state:3
         1704836275.519  1086  1254 I ASH     : @ 1007146.318: tcs3701: stop power rail pending_off timer
         1704836275.519  1086  1254 D ASH     : @ 1007146.318: tcs3701: start power rail timer, state:3
         1704836275.559  1086  1254 I ASH     : @ 1007146.358: tcs3701: stop power rail pending_off timer
         1704836275.559  1086  1254 D ASH     : @ 1007146.358: tcs3701: start power rail timer, state:3
         1704836275.599  1086  1254 I ASH     : @ 1007146.398: tcs3701: stop power rail pending_off timer
         1704836275.600  1086  1254 D ASH     : @ 1007146.398: tcs3701: start power rail timer, state:3
         1704836275.639  1086  1254 I ASH     : @ 1007146.438: tcs3701: stop power rail pending_off timer
         1704836275.639  1086  1254 D ASH     : @ 1007146.438: tcs3701: start power rail timer, state:3
         1704836275.679  1086  1254 I ASH     : @ 1007146.478: tcs3701: stop power rail pending_off timer
         1704836275.679  1086  1254 D ASH     : @ 1007146.478: tcs3701: start power rail timer, state:3
         1704836275.719  1086  1254 I ASH     : @ 1007146.518: tcs3701: stop power rail pending_off timer
         1704836275.719  1086  1254 D ASH     : @ 1007146.518: tcs3701: start power rail timer, state:3
         1704836275.759  1086  1254 I ASH     : @ 1007146.558: tcs3701: stop power rail pending_off timer
         1704836275.759  1086  1254 D ASH     : @ 1007146.558: tcs3701: start power rail timer, state:3
         1704836275.799  1086  1254 I ASH     : @ 1007146.598: tcs3701: stop power rail pending_off timer
         1704836275.800  1086  1254 D ASH     : @ 1007146.598: tcs3701: start power rail timer, state:3
         1704836275.839  1086  1254 I ASH     : @ 1007146.638: tcs3701: stop power rail pending_off timer
         1704836275.839  1086  1254 D ASH     : @ 1007146.639: tcs3701: start power rail timer, state:3
         1704836275.879  1086  1254 I ASH     : @ 1007146.678: tcs3701: stop power rail pending_off timer
         1704836275.879  1086  1254 D ASH     : @ 1007146.678: tcs3701: start power rail timer, state:3
         1704836275.919  1086  1254 I ASH     : @ 1007146.718: tcs3701: stop power rail pending_off timer
         1704836275.919  1086  1254 D ASH     : @ 1007146.718: tcs3701: start power rail timer, state:3
         1704836275.959  1086  1254 I ASH     : @ 1007146.758: tcs3701: stop power rail pending_off timer
         1704836275.959  1086  1254 D ASH     : @ 1007146.758: tcs3701: start power rail timer, state:3
         1704836275.999  1086  1254 I ASH     : @ 1007146.798: tcs3701: stop power rail pending_off timer
         1704836275.999  1086  1254 D ASH     : @ 1007146.798: tcs3701: start power rail timer, state:3
         1704836276.039  1086  1254 I ASH     : @ 1007146.838: tcs3701: stop power rail pending_off timer
         1704836276.039  1086  1254 D ASH     : @ 1007146.838: tcs3701: start power rail timer, state:3
         1704836276.079  1086  1254 I ASH     : @ 1007146.878: tcs3701: stop power rail pending_off timer
         1704836276.079  1086  1254 D ASH     : @ 1007146.878: tcs3701: start power rail timer, state:3
         1704836276.119  1086  1254 I ASH     : @ 1007146.918: tcs3701: stop power rail pending_off timer
         1704836276.119  1086  1254 D ASH     : @ 1007146.918: tcs3701: start power rail timer, state:3
         1704836276.159  1086  1254 I ASH     : @ 1007146.958: tcs3701: stop power rail pending_off timer
         1704836276.159  1086  1254 D ASH     : @ 1007146.958: tcs3701: start power rail timer, state:3
         1704836276.199  1086  1254 I ASH     : @ 1007146.998: tcs3701: stop power rail pending_off timer
         1704836276.199  1086  1254 D ASH     : @ 1007146.998: tcs3701: start power rail timer, state:3
         1704836276.241  1086  1254 I ASH     : @ 1007147.038: tcs3701: stop power rail pending_off timer
         1704836276.241  1086  1254 D ASH     : @ 1007147.039: tcs3701: start power rail timer, state:3
         1704836276.281  1086  1254 I ASH     : @ 1007147.078: tcs3701: stop power rail pending_off timer
         1704836276.281  1086  1254 D ASH     : @ 1007147.078: tcs3701: start power rail timer, state:3
         1704836276.321  1086  1254 I ASH     : @ 1007147.118: tcs3701: stop power rail pending_off timer
         1704836276.321  1086  1254 D ASH     : @ 1007147.118: tcs3701: start power rail timer, state:3
         1704836276.360  1086  1254 I ASH     : @ 1007147.158: tcs3701: stop power rail pending_off timer
         1704836276.360  1086  1254 D ASH     : @ 1007147.159: tcs3701: start power rail timer, state:3
         1704836276.401  1086  1254 I ASH     : @ 1007147.198: tcs3701: stop power rail pending_off timer
         1704836276.401  1086  1254 D ASH     : @ 1007147.198: tcs3701: start power rail timer, state:3
         1704836276.440  1086  1254 I ASH     : @ 1007147.238: tcs3701: stop power rail pending_off timer
         1704836276.440  1086  1254 D ASH     : @ 1007147.238: tcs3701: start power rail timer, state:3
         1704836276.481  1086  1254 I ASH     : @ 1007147.278: tcs3701: stop power rail pending_off timer
         1704836276.481  1086  1254 D ASH     : @ 1007147.278: tcs3701: start power rail timer, state:3
         1704836276.521  1086  1254 I ASH     : @ 1007147.318: tcs3701: stop power rail pending_off timer
         1704836276.521  1086  1254 D ASH     : @ 1007147.319: tcs3701: start power rail timer, state:3
         1704836276.560  1086  1254 I ASH     : @ 1007147.358: tcs3701: stop power rail pending_off timer
         1704836276.560  1086  1254 D ASH     : @ 1007147.358: tcs3701: start power rail timer, state:3
         1704836276.601  1086  1254 I ASH     : @ 1007147.398: tcs3701: stop power rail pending_off timer
         1704836276.601  1086  1254 D ASH     : @ 1007147.399: tcs3701: start power rail timer, state:3
         1704836276.641  1086  1254 I ASH     : @ 1007147.438: tcs3701: stop power rail pending_off timer
         1704836276.641  1086  1254 D ASH     : @ 1007147.439: tcs3701: start power rail timer, state:3
         1704836276.681  1086  1254 I ASH     : @ 1007147.478: tcs3701: stop power rail pending_off timer
         1704836276.681  1086  1254 D ASH     : @ 1007147.478: tcs3701: start power rail timer, state:3
         1704836276.721  1086  1254 I ASH     : @ 1007147.518: tcs3701: stop power rail pending_off timer
         1704836276.721  1086  1254 D ASH     : @ 1007147.518: tcs3701: start power rail timer, state:3
         1704836276.760  1086  1254 I ASH     : @ 1007147.558: tcs3701: stop power rail pending_off timer
         1704836276.760  1086  1254 D ASH     : @ 1007147.558: tcs3701: start power rail timer, state:3
         1704836276.801  1086  1254 I ASH     : @ 1007147.598: tcs3701: stop power rail pending_off timer
         1704836276.801  1086  1254 D ASH     : @ 1007147.599: tcs3701: start power rail timer, state:3
         1704836276.841  1086  1254 I ASH     : @ 1007147.638: tcs3701: stop power rail pending_off timer
         1704836276.841  1086  1254 D ASH     : @ 1007147.639: tcs3701: start power rail timer, state:3
         1704836276.881  1086  1254 I ASH     : @ 1007147.678: tcs3701: stop power rail pending_off timer
         1704836276.881  1086  1254 D ASH     : @ 1007147.678: tcs3701: start power rail timer, state:3
         1704836276.891  1799  1822 I dashscene: 2640 frames over 2640 vsyncs
         1704836276.921  1086  1254 I ASH     : @ 1007147.718: tcs3701: stop power rail pending_off timer
         1704836276.921  1086  1254 D ASH     : @ 1007147.719: tcs3701: start power rail timer, state:3
         1704836276.960  1086  1254 I ASH     : @ 1007147.758: tcs3701: stop power rail pending_off timer
         1704836276.960  1086  1254 D ASH     : @ 1007147.758: tcs3701: start power rail timer, state:3
         1704836277.001  1086  1254 I ASH     : @ 1007147.798: tcs3701: stop power rail pending_off timer
         1704836277.001  1086  1254 D ASH     : @ 1007147.798: tcs3701: start power rail timer, state:3
         1704836277.039  1086  1254 I ASH     : @ 1007147.838: tcs3701: stop power rail pending_off timer
         1704836277.039  1086  1254 D ASH     : @ 1007147.838: tcs3701: start power rail timer, state:3
         1704836277.079  1086  1254 I ASH     : @ 1007147.878: tcs3701: stop power rail pending_off timer
         1704836277.079  1086  1254 D ASH     : @ 1007147.878: tcs3701: start power rail timer, state:3
         1704836277.119  1086  1254 I ASH     : @ 1007147.918: tcs3701: stop power rail pending_off timer
         1704836277.119  1086  1254 D ASH     : @ 1007147.918: tcs3701: start power rail timer, state:3
         1704836277.160  1086  1254 I ASH     : @ 1007147.958: tcs3701: stop power rail pending_off timer
         1704836277.160  1086  1254 D ASH     : @ 1007147.958: tcs3701: start power rail timer, state:3
         1704836277.199  1086  1254 I ASH     : @ 1007147.998: tcs3701: stop power rail pending_off timer
         1704836277.199  1086  1254 D ASH     : @ 1007147.999: tcs3701: start power rail timer, state:3
         1704836277.239  1086  1254 I ASH     : @ 1007148.038: tcs3701: stop power rail pending_off timer
         1704836277.239  1086  1254 D ASH     : @ 1007148.038: tcs3701: start power rail timer, state:3
         1704836277.279  1086  1254 I ASH     : @ 1007148.078: tcs3701: stop power rail pending_off timer
         1704836277.279  1086  1254 D ASH     : @ 1007148.078: tcs3701: start power rail timer, state:3
         1704836277.319  1086  1254 I ASH     : @ 1007148.118: tcs3701: stop power rail pending_off timer
         1704836277.319  1086  1254 D ASH     : @ 1007148.119: tcs3701: start power rail timer, state:3
         1704836277.359  1086  1254 I ASH     : @ 1007148.158: tcs3701: stop power rail pending_off timer
         1704836277.359  1086  1254 D ASH     : @ 1007148.158: tcs3701: start power rail timer, state:3
         1704836277.399  1086  1254 I ASH     : @ 1007148.198: tcs3701: stop power rail pending_off timer
         1704836277.399  1086  1254 D ASH     : @ 1007148.198: tcs3701: start power rail timer, state:3
         1704836277.439  1086  1254 I ASH     : @ 1007148.238: tcs3701: stop power rail pending_off timer
         1704836277.439  1086  1254 D ASH     : @ 1007148.238: tcs3701: start power rail timer, state:3
         1704836277.480  1086  1254 I ASH     : @ 1007148.278: tcs3701: stop power rail pending_off timer
         1704836277.480  1086  1254 D ASH     : @ 1007148.278: tcs3701: start power rail timer, state:3
         1704836277.519  1086  1254 I ASH     : @ 1007148.318: tcs3701: stop power rail pending_off timer
         1704836277.519  1086  1254 D ASH     : @ 1007148.318: tcs3701: start power rail timer, state:3
         1704836277.559  1086  1254 I ASH     : @ 1007148.358: tcs3701: stop power rail pending_off timer
         1704836277.559  1086  1254 D ASH     : @ 1007148.358: tcs3701: start power rail timer, state:3
         1704836277.599  1086  1254 I ASH     : @ 1007148.398: tcs3701: stop power rail pending_off timer
         1704836277.599  1086  1254 D ASH     : @ 1007148.398: tcs3701: start power rail timer, state:3
         1704836277.639  1086  1254 I ASH     : @ 1007148.438: tcs3701: stop power rail pending_off timer
         1704836277.639  1086  1254 D ASH     : @ 1007148.438: tcs3701: start power rail timer, state:3
         1704836277.679  1086  1254 I ASH     : @ 1007148.478: tcs3701: stop power rail pending_off timer
         1704836277.679  1086  1254 D ASH     : @ 1007148.478: tcs3701: start power rail timer, state:3
         1704836277.719  1086  1254 I ASH     : @ 1007148.518: tcs3701: stop power rail pending_off timer
         1704836277.719  1086  1254 D ASH     : @ 1007148.518: tcs3701: start power rail timer, state:3
         1704836277.759  1086  1254 I ASH     : @ 1007148.558: tcs3701: stop power rail pending_off timer
         1704836277.760  1086  1254 D ASH     : @ 1007148.558: tcs3701: start power rail timer, state:3
         1704836277.799  1086  1254 I ASH     : @ 1007148.598: tcs3701: stop power rail pending_off timer
         1704836277.799  1086  1254 D ASH     : @ 1007148.598: tcs3701: start power rail timer, state:3
         1704836277.839  1086  1254 I ASH     : @ 1007148.638: tcs3701: stop power rail pending_off timer
         1704836277.839  1086  1254 D ASH     : @ 1007148.638: tcs3701: start power rail timer, state:3
         1704836277.879  1086  1254 I ASH     : @ 1007148.678: tcs3701: stop power rail pending_off timer
         1704836277.879  1086  1254 D ASH     : @ 1007148.678: tcs3701: start power rail timer, state:3
         1704836277.919  1086  1254 I ASH     : @ 1007148.718: tcs3701: stop power rail pending_off timer
         1704836277.919  1086  1254 D ASH     : @ 1007148.718: tcs3701: start power rail timer, state:3
         1704836277.959  1086  1254 I ASH     : @ 1007148.758: tcs3701: stop power rail pending_off timer
         1704836277.959  1086  1254 D ASH     : @ 1007148.758: tcs3701: start power rail timer, state:3
         1704836277.999  1086  1254 I ASH     : @ 1007148.798: tcs3701: stop power rail pending_off timer
         1704836277.999  1086  1254 D ASH     : @ 1007148.799: tcs3701: start power rail timer, state:3
         1704836278.040  1086  1254 I ASH     : @ 1007148.838: tcs3701: stop power rail pending_off timer
         1704836278.040  1086  1254 D ASH     : @ 1007148.838: tcs3701: start power rail timer, state:3
         1704836278.079  1086  1254 I ASH     : @ 1007148.878: tcs3701: stop power rail pending_off timer
         1704836278.079  1086  1254 D ASH     : @ 1007148.878: tcs3701: start power rail timer, state:3
         1704836278.119  1086  1254 I ASH     : @ 1007148.918: tcs3701: stop power rail pending_off timer
         1704836278.119  1086  1254 D ASH     : @ 1007148.919: tcs3701: start power rail timer, state:3
         1704836278.128  1785  2388 D ActivityManager: freezing 22152 com.google.android.euicc
         1704836278.159  1086  1254 I ASH     : @ 1007148.958: tcs3701: stop power rail pending_off timer
         1704836278.159  1086  1254 D ASH     : @ 1007148.958: tcs3701: start power rail timer, state:3
         1704836278.199  1086  1254 I ASH     : @ 1007148.998: tcs3701: stop power rail pending_off timer
         1704836278.199  1086  1254 D ASH     : @ 1007148.999: tcs3701: start power rail timer, state:3
         1704836278.239  1086  1254 I ASH     : @ 1007149.038: tcs3701: stop power rail pending_off timer
         1704836278.239  1086  1254 D ASH     : @ 1007149.038: tcs3701: start power rail timer, state:3
         1704836278.279  1086  1254 I ASH     : @ 1007149.078: tcs3701: stop power rail pending_off timer
         1704836278.279  1086  1254 D ASH     : @ 1007149.078: tcs3701: start power rail timer, state:3
         1704836278.319  1086  1254 I ASH     : @ 1007149.118: tcs3701: stop power rail pending_off timer
         1704836278.319  1086  1254 D ASH     : @ 1007149.118: tcs3701: start power rail timer, state:3
         1704836278.359  1086  1254 I ASH     : @ 1007149.158: tcs3701: stop power rail pending_off timer
         1704836278.359  1086  1254 D ASH     : @ 1007149.158: tcs3701: start power rail timer, state:3
         1704836278.399  1086  1254 I ASH     : @ 1007149.198: tcs3701: stop power rail pending_off timer
         1704836278.399  1086  1254 D ASH     : @ 1007149.198: tcs3701: start power rail timer, state:3
         1704836278.439  1086  1254 I ASH     : @ 1007149.238: tcs3701: stop power rail pending_off timer
         1704836278.439  1086  1254 D ASH     : @ 1007149.238: tcs3701: start power rail timer, state:3
         1704836278.479  1086  1254 I ASH     : @ 1007149.278: tcs3701: stop power rail pending_off timer
         1704836278.479  1086  1254 D ASH     : @ 1007149.278: tcs3701: start power rail timer, state:3
         1704836278.519  1086  1254 I ASH     : @ 1007149.318: tcs3701: stop power rail pending_off timer
         1704836278.519  1086  1254 D ASH     : @ 1007149.318: tcs3701: start power rail timer, state:3
         1704836278.559  1086  1254 I ASH     : @ 1007149.358: tcs3701: stop power rail pending_off timer
         1704836278.559  1086  1254 D ASH     : @ 1007149.358: tcs3701: start power rail timer, state:3
         1704836278.599  1086  1254 I ASH     : @ 1007149.398: tcs3701: stop power rail pending_off timer
         1704836278.599  1086  1254 D ASH     : @ 1007149.398: tcs3701: start power rail timer, state:3
         1704836278.639  1086  1254 I ASH     : @ 1007149.438: tcs3701: stop power rail pending_off timer
         1704836278.639  1086  1254 D ASH     : @ 1007149.438: tcs3701: start power rail timer, state:3
         1704836278.680  1086  1254 I ASH     : @ 1007149.478: tcs3701: stop power rail pending_off timer
         1704836278.680  1086  1254 D ASH     : @ 1007149.478: tcs3701: start power rail timer, state:3
         1704836278.721  1086  1254 I ASH     : @ 1007149.518: tcs3701: stop power rail pending_off timer
         1704836278.721  1086  1254 D ASH     : @ 1007149.518: tcs3701: start power rail timer, state:3
         1704836278.760  1086  1254 I ASH     : @ 1007149.558: tcs3701: stop power rail pending_off timer
         1704836278.760  1086  1254 D ASH     : @ 1007149.558: tcs3701: start power rail timer, state:3
         1704836278.801  1086  1254 I ASH     : @ 1007149.598: tcs3701: stop power rail pending_off timer
         1704836278.801  1086  1254 D ASH     : @ 1007149.599: tcs3701: start power rail timer, state:3
         1704836278.841  1086  1254 I ASH     : @ 1007149.638: tcs3701: stop power rail pending_off timer
         1704836278.841  1086  1254 D ASH     : @ 1007149.639: tcs3701: start power rail timer, state:3
         1704836278.881  1086  1254 I ASH     : @ 1007149.678: tcs3701: stop power rail pending_off timer
         1704836278.881  1086  1254 D ASH     : @ 1007149.679: tcs3701: start power rail timer, state:3
         1704836278.921  1086  1254 I ASH     : @ 1007149.718: tcs3701: stop power rail pending_off timer
         1704836278.921  1086  1254 D ASH     : @ 1007149.718: tcs3701: start power rail timer, state:3
         1704836278.960  1086  1254 I ASH     : @ 1007149.758: tcs3701: stop power rail pending_off timer
         1704836278.960  1086  1254 D ASH     : @ 1007149.758: tcs3701: start power rail timer, state:3
         1704836279.001  1086  1254 I ASH     : @ 1007149.798: tcs3701: stop power rail pending_off timer
         1704836279.001  1086  1254 D ASH     : @ 1007149.798: tcs3701: start power rail timer, state:3
         1704836279.041  1086  1254 I ASH     : @ 1007149.838: tcs3701: stop power rail pending_off timer
         1704836279.041  1086  1254 D ASH     : @ 1007149.838: tcs3701: start power rail timer, state:3
         1704836279.080  1086  1254 I ASH     : @ 1007149.878: tcs3701: stop power rail pending_off timer
         1704836279.080  1086  1254 D ASH     : @ 1007149.878: tcs3701: start power rail timer, state:3
         1704836279.121  1086  1254 I ASH     : @ 1007149.918: tcs3701: stop power rail pending_off timer
         1704836279.121  1086  1254 D ASH     : @ 1007149.918: tcs3701: start power rail timer, state:3
         1704836279.159  1086  1254 I ASH     : @ 1007149.958: tcs3701: stop power rail pending_off timer
         1704836279.160  1086  1254 D ASH     : @ 1007149.958: tcs3701: start power rail timer, state:3
         1704836279.201  1086  1254 I ASH     : @ 1007149.998: tcs3701: stop power rail pending_off timer
         1704836279.201  1086  1254 D ASH     : @ 1007149.999: tcs3701: start power rail timer, state:3
         1704836279.241  1086  1254 I ASH     : @ 1007150.038: tcs3701: stop power rail pending_off timer
         1704836279.241  1086  1254 D ASH     : @ 1007150.038: tcs3701: start power rail timer, state:3
         1704836279.280  1086  1254 I ASH     : @ 1007150.078: tcs3701: stop power rail pending_off timer
         1704836279.280  1086  1254 D ASH     : @ 1007150.078: tcs3701: start power rail timer, state:3
         1704836279.321  1086  1254 I ASH     : @ 1007150.118: tcs3701: stop power rail pending_off timer
         1704836279.321  1086  1254 D ASH     : @ 1007150.118: tcs3701: start power rail timer, state:3
         1704836279.360  1086  1254 I ASH     : @ 1007150.158: tcs3701: stop power rail pending_off timer
         1704836279.360  1086  1254 D ASH     : @ 1007150.159: tcs3701: start power rail timer, state:3
         1704836279.401  1086  1254 I ASH     : @ 1007150.198: tcs3701: stop power rail pending_off timer
         1704836279.401  1086  1254 D ASH     : @ 1007150.199: tcs3701: start power rail timer, state:3
         1704836279.441  1086  1254 I ASH     : @ 1007150.238: tcs3701: stop power rail pending_off timer
         1704836279.441  1086  1254 D ASH     : @ 1007150.238: tcs3701: start power rail timer, state:3
         1704836279.480  1086  1254 I ASH     : @ 1007150.278: tcs3701: stop power rail pending_off timer
         1704836279.480  1086  1254 D ASH     : @ 1007150.279: tcs3701: start power rail timer, state:3
         1704836279.520  1086  1254 I ASH     : @ 1007150.318: tcs3701: stop power rail pending_off timer
         1704836279.520  1086  1254 D ASH     : @ 1007150.318: tcs3701: start power rail timer, state:3
         1704836279.560  1086  1254 I ASH     : @ 1007150.358: tcs3701: stop power rail pending_off timer
         1704836279.560  1086  1254 D ASH     : @ 1007150.359: tcs3701: start power rail timer, state:3
         1704836279.599  1086  1254 I ASH     : @ 1007150.398: tcs3701: stop power rail pending_off timer
         1704836279.599  1086  1254 D ASH     : @ 1007150.399: tcs3701: start power rail timer, state:3
         1704836279.639  1086  1254 I ASH     : @ 1007150.438: tcs3701: stop power rail pending_off timer
         1704836279.640  1086  1254 D ASH     : @ 1007150.438: tcs3701: start power rail timer, state:3
         1704836279.679  1086  1254 I ASH     : @ 1007150.478: tcs3701: stop power rail pending_off timer
         1704836279.679  1086  1254 D ASH     : @ 1007150.478: tcs3701: start power rail timer, state:3
         1704836279.719  1086  1254 I ASH     : @ 1007150.518: tcs3701: stop power rail pending_off timer
         1704836279.719  1086  1254 D ASH     : @ 1007150.519: tcs3701: start power rail timer, state:3
         1704836279.759  1086  1254 I ASH     : @ 1007150.558: tcs3701: stop power rail pending_off timer
         1704836279.759  1086  1254 D ASH     : @ 1007150.558: tcs3701: start power rail timer, state:3
         1704836279.799  1086  1254 I ASH     : @ 1007150.598: tcs3701: stop power rail pending_off timer
         1704836279.799  1086  1254 D ASH     : @ 1007150.598: tcs3701: start power rail timer, state:3
         1704836279.839  1086  1254 I ASH     : @ 1007150.638: tcs3701: stop power rail pending_off timer
         1704836279.839  1086  1254 D ASH     : @ 1007150.638: tcs3701: start power rail timer, state:3
         1704836279.879  1086  1254 I ASH     : @ 1007150.678: tcs3701: stop power rail pending_off timer
         1704836279.879  1086  1254 D ASH     : @ 1007150.678: tcs3701: start power rail timer, state:3
         1704836279.919  1086  1254 I ASH     : @ 1007150.718: tcs3701: stop power rail pending_off timer
         1704836279.919  1086  1254 D ASH     : @ 1007150.718: tcs3701: start power rail timer, state:3
         1704836279.959  1086  1254 I ASH     : @ 1007150.758: tcs3701: stop power rail pending_off timer
         1704836279.959  1086  1254 D ASH     : @ 1007150.758: tcs3701: start power rail timer, state:3
         1704836279.999  1086  1254 I ASH     : @ 1007150.798: tcs3701: stop power rail pending_off timer
         1704836279.999  1086  1254 D ASH     : @ 1007150.798: tcs3701: start power rail timer, state:3
         1704836280.005  3591  3823 I AiAiEcho: Predicting[0]: 
         1704836280.005  3591  3823 I AiAiEcho: EchoTargets: 
         1704836280.005  3591  3823 I AiAiEcho: Filtered by AiAi flag check: 
         1704836280.006  3591  3823 I AiAiEcho: Ranked targets strategy: SORT, count: 0, ranking metadata: 
         1704836280.007  3591  3823 I AiAiEcho: #postPredictionTargets: Sending updates to UISurface lockscreen with targets# 0 (types=[])
         1704836280.023  2565  2565 W PageIndicator: Total number of pages invalid: 0. Assuming 1 page.
         1704836280.039  1086  1254 I ASH     : @ 1007150.838: tcs3701: stop power rail pending_off timer
         1704836280.039  1086  1254 D ASH     : @ 1007150.838: tcs3701: start power rail timer, state:3
         1704836280.079  1086  1254 I ASH     : @ 1007150.878: tcs3701: stop power rail pending_off timer
         1704836280.079  1086  1254 D ASH     : @ 1007150.878: tcs3701: start power rail timer, state:3
         1704836280.119  1086  1254 I ASH     : @ 1007150.918: tcs3701: stop power rail pending_off timer
         1704836280.119  1086  1254 D ASH     : @ 1007150.918: tcs3701: start power rail timer, state:3
         1704836280.159  1086  1254 I ASH     : @ 1007150.958: tcs3701: stop power rail pending_off timer
         1704836280.159  1086  1254 D ASH     : @ 1007150.958: tcs3701: start power rail timer, state:3
         1704836280.199  1086  1254 I ASH     : @ 1007150.998: tcs3701: stop power rail pending_off timer
         1704836280.199  1086  1254 D ASH     : @ 1007150.998: tcs3701: start power rail timer, state:3
         1704836280.239  1086  1254 I ASH     : @ 1007151.038: tcs3701: stop power rail pending_off timer
         1704836280.239  1086  1254 D ASH     : @ 1007151.038: tcs3701: start power rail timer, state:3
         1704836280.279  1086  1254 I ASH     : @ 1007151.078: tcs3701: stop power rail pending_off timer
         1704836280.279  1086  1254 D ASH     : @ 1007151.078: tcs3701: start power rail timer, state:3
         1704836280.319  1086  1254 I ASH     : @ 1007151.118: tcs3701: stop power rail pending_off timer
         1704836280.319  1086  1254 D ASH     : @ 1007151.118: tcs3701: start power rail timer, state:3
         1704836280.359  1086  1254 I ASH     : @ 1007151.158: tcs3701: stop power rail pending_off timer
         1704836280.360  1086  1254 D ASH     : @ 1007151.158: tcs3701: start power rail timer, state:3
         1704836280.399  1086  1254 I ASH     : @ 1007151.198: tcs3701: stop power rail pending_off timer
         1704836280.399  1086  1254 D ASH     : @ 1007151.198: tcs3701: start power rail timer, state:3
         1704836280.439  1086  1254 I ASH     : @ 1007151.238: tcs3701: stop power rail pending_off timer
         1704836280.439  1086  1254 D ASH     : @ 1007151.238: tcs3701: start power rail timer, state:3
         1704836280.479  1086  1254 I ASH     : @ 1007151.278: tcs3701: stop power rail pending_off timer
         1704836280.479  1086  1254 D ASH     : @ 1007151.278: tcs3701: start power rail timer, state:3
         1704836280.519  1086  1254 I ASH     : @ 1007151.318: tcs3701: stop power rail pending_off timer
         1704836280.519  1086  1254 D ASH     : @ 1007151.318: tcs3701: start power rail timer, state:3
         1704836280.559  1086  1254 I ASH     : @ 1007151.358: tcs3701: stop power rail pending_off timer
         1704836280.559  1086  1254 D ASH     : @ 1007151.358: tcs3701: start power rail timer, state:3
         1704836280.599  1086  1254 I ASH     : @ 1007151.398: tcs3701: stop power rail pending_off timer
         1704836280.599  1086  1254 D ASH     : @ 1007151.398: tcs3701: start power rail timer, state:3
         1704836280.639  1086  1254 I ASH     : @ 1007151.438: tcs3701: stop power rail pending_off timer
         1704836280.639  1086  1254 D ASH     : @ 1007151.438: tcs3701: start power rail timer, state:3
         1704836280.679  1086  1254 I ASH     : @ 1007151.478: tcs3701: stop power rail pending_off timer
         1704836280.679  1086  1254 D ASH     : @ 1007151.478: tcs3701: start power rail timer, state:3
         1704836280.719  1086  1254 I ASH     : @ 1007151.518: tcs3701: stop power rail pending_off timer
         1704836280.719  1086  1254 D ASH     : @ 1007151.518: tcs3701: start power rail timer, state:3
         1704836280.759  1086  1254 I ASH     : @ 1007151.558: tcs3701: stop power rail pending_off timer
         1704836280.759  1086  1254 D ASH     : @ 1007151.558: tcs3701: start power rail timer, state:3
         1704836280.799  1086  1254 I ASH     : @ 1007151.598: tcs3701: stop power rail pending_off timer
         1704836280.799  1086  1254 D ASH     : @ 1007151.598: tcs3701: start power rail timer, state:3
         1704836280.839  1086  1254 I ASH     : @ 1007151.638: tcs3701: stop power rail pending_off timer
         1704836280.839  1086  1254 D ASH     : @ 1007151.638: tcs3701: start power rail timer, state:3
         1704836280.879  1086  1254 I ASH     : @ 1007151.678: tcs3701: stop power rail pending_off timer
         1704836280.879  1086  1254 D ASH     : @ 1007151.678: tcs3701: start power rail timer, state:3
         1704836280.919  1086  1254 I ASH     : @ 1007151.718: tcs3701: stop power rail pending_off timer
         1704836280.919  1086  1254 D ASH     : @ 1007151.718: tcs3701: start power rail timer, state:3
         1704836280.959  1086  1254 I ASH     : @ 1007151.758: tcs3701: stop power rail pending_off timer
         1704836280.959  1086  1254 D ASH     : @ 1007151.758: tcs3701: start power rail timer, state:3
         1704836280.999  1086  1254 I ASH     : @ 1007151.798: tcs3701: stop power rail pending_off timer
         1704836280.999  1086  1254 D ASH     : @ 1007151.798: tcs3701: start power rail timer, state:3
         1704836281.039  1086  1254 I ASH     : @ 1007151.838: tcs3701: stop power rail pending_off timer
         1704836281.040  1086  1254 D ASH     : @ 1007151.838: tcs3701: start power rail timer, state:3
         1704836281.079  1086  1254 I ASH     : @ 1007151.878: tcs3701: stop power rail pending_off timer
         1704836281.079  1086  1254 D ASH     : @ 1007151.878: tcs3701: start power rail timer, state:3
         1704836281.119  1086  1254 I ASH     : @ 1007151.918: tcs3701: stop power rail pending_off timer
         1704836281.119  1086  1254 D ASH     : @ 1007151.918: tcs3701: start power rail timer, state:3
         1704836281.159  1086  1254 I ASH     : @ 1007151.958: tcs3701: stop power rail pending_off timer
         1704836281.159  1086  1254 D ASH     : @ 1007151.958: tcs3701: start power rail timer, state:3
         1704836281.200  1086  1254 I ASH     : @ 1007151.998: tcs3701: stop power rail pending_off timer
         1704836281.200  1086  1254 D ASH     : @ 1007151.998: tcs3701: start power rail timer, state:3
         1704836281.241  1086  1254 I ASH     : @ 1007152.038: tcs3701: stop power rail pending_off timer
         1704836281.241  1086  1254 D ASH     : @ 1007152.039: tcs3701: start power rail timer, state:3
         1704836281.280  1086  1254 I ASH     : @ 1007152.078: tcs3701: stop power rail pending_off timer
         1704836281.280  1086  1254 D ASH     : @ 1007152.078: tcs3701: start power rail timer, state:3
         1704836281.321  1086  1254 I ASH     : @ 1007152.118: tcs3701: stop power rail pending_off timer
         1704836281.321  1086  1254 D ASH     : @ 1007152.118: tcs3701: start power rail timer, state:3
         1704836281.361  1086  1254 I ASH     : @ 1007152.158: tcs3701: stop power rail pending_off timer
         1704836281.361  1086  1254 D ASH     : @ 1007152.159: tcs3701: start power rail timer, state:3
         1704836281.401  1086  1254 I ASH     : @ 1007152.198: tcs3701: stop power rail pending_off timer
         1704836281.401  1086  1254 D ASH     : @ 1007152.198: tcs3701: start power rail timer, state:3
         1704836281.441  1086  1254 I ASH     : @ 1007152.238: tcs3701: stop power rail pending_off timer
         1704836281.441  1086  1254 D ASH     : @ 1007152.238: tcs3701: start power rail timer, state:3
         1704836281.480  1086  1254 I ASH     : @ 1007152.278: tcs3701: stop power rail pending_off timer
         1704836281.480  1086  1254 D ASH     : @ 1007152.278: tcs3701: start power rail timer, state:3
         1704836281.521  1086  1254 I ASH     : @ 1007152.318: tcs3701: stop power rail pending_off timer
         1704836281.521  1086  1254 D ASH     : @ 1007152.318: tcs3701: start power rail timer, state:3
         1704836281.561  1086  1254 I ASH     : @ 1007152.358: tcs3701: stop power rail pending_off timer
         1704836281.561  1086  1254 D ASH     : @ 1007152.358: tcs3701: start power rail timer, state:3
         1704836281.601  1086  1254 I ASH     : @ 1007152.398: tcs3701: stop power rail pending_off timer
         1704836281.601  1086  1254 D ASH     : @ 1007152.399: tcs3701: start power rail timer, state:3
         1704836281.641  1086  1254 I ASH     : @ 1007152.438: tcs3701: stop power rail pending_off timer
         1704836281.641  1086  1254 D ASH     : @ 1007152.438: tcs3701: start power rail timer, state:3
         1704836281.680  1086  1254 I ASH     : @ 1007152.478: tcs3701: stop power rail pending_off timer
         1704836281.680  1086  1254 D ASH     : @ 1007152.478: tcs3701: start power rail timer, state:3
         1704836281.721  1086  1254 I ASH     : @ 1007152.518: tcs3701: stop power rail pending_off timer
         1704836281.721  1086  1254 D ASH     : @ 1007152.518: tcs3701: start power rail timer, state:3
         1704836281.761  1086  1254 I ASH     : @ 1007152.558: tcs3701: stop power rail pending_off timer
         1704836281.761  1086  1254 D ASH     : @ 1007152.559: tcs3701: start power rail timer, state:3
         1704836281.801  1086  1254 I ASH     : @ 1007152.598: tcs3701: stop power rail pending_off timer
         1704836281.801  1086  1254 D ASH     : @ 1007152.598: tcs3701: start power rail timer, state:3
         1704836281.841  1086  1254 I ASH     : @ 1007152.638: tcs3701: stop power rail pending_off timer
         1704836281.841  1086  1254 D ASH     : @ 1007152.638: tcs3701: start power rail timer, state:3
         1704836281.880  1086  1254 I ASH     : @ 1007152.678: tcs3701: stop power rail pending_off timer
         1704836281.880  1086  1254 D ASH     : @ 1007152.678: tcs3701: start power rail timer, state:3
         1704836281.921  1086  1254 I ASH     : @ 1007152.718: tcs3701: stop power rail pending_off timer
         1704836281.921  1086  1254 D ASH     : @ 1007152.719: tcs3701: start power rail timer, state:3
         1704836281.961  1086  1254 I ASH     : @ 1007152.758: tcs3701: stop power rail pending_off timer
         1704836281.961  1086  1254 D ASH     : @ 1007152.759: tcs3701: start power rail timer, state:3
         1704836282.001  1086  1254 I ASH     : @ 1007152.798: tcs3701: stop power rail pending_off timer
         1704836282.001  1086  1254 D ASH     : @ 1007152.798: tcs3701: start power rail timer, state:3
         1704836282.040  1086  1254 I ASH     : @ 1007152.838: tcs3701: stop power rail pending_off timer
         1704836282.040  1086  1254 D ASH     : @ 1007152.839: tcs3701: start power rail timer, state:3
         1704836282.079  1086  1254 I ASH     : @ 1007152.878: tcs3701: stop power rail pending_off timer
         1704836282.079  1086  1254 D ASH     : @ 1007152.878: tcs3701: start power rail timer, state:3
         1704836282.120  1086  1254 I ASH     : @ 1007152.918: tcs3701: stop power rail pending_off timer
         1704836282.120  1086  1254 D ASH     : @ 1007152.918: tcs3701: start power rail timer, state:3
         1704836282.159  1086  1254 I ASH     : @ 1007152.958: tcs3701: stop power rail pending_off timer
         1704836282.160  1086  1254 D ASH     : @ 1007152.958: tcs3701: start power rail timer, state:3
         1704836282.199  1086  1254 I ASH     : @ 1007152.998: tcs3701: stop power rail pending_off timer
         1704836282.199  1086  1254 D ASH     : @ 1007152.998: tcs3701: start power rail timer, state:3
         1704836282.239  1086  1254 I ASH     : @ 1007153.038: tcs3701: stop power rail pending_off timer
         1704836282.239  1086  1254 D ASH     : @ 1007153.038: tcs3701: start power rail timer, state:3
         1704836282.279  1086  1254 I ASH     : @ 1007153.078: tcs3701: stop power rail pending_off timer
         1704836282.279  1086  1254 D ASH     : @ 1007153.078: tcs3701: start power rail timer, state:3
         1704836282.319  1086  1254 I ASH     : @ 1007153.118: tcs3701: stop power rail pending_off timer
         1704836282.319  1086  1254 D ASH     : @ 1007153.118: tcs3701: start power rail timer, state:3
         1704836282.359  1086  1254 I ASH     : @ 1007153.158: tcs3701: stop power rail pending_off timer
         1704836282.359  1086  1254 D ASH     : @ 1007153.158: tcs3701: start power rail timer, state:3
         1704836282.399  1086  1254 I ASH     : @ 1007153.198: tcs3701: stop power rail pending_off timer
         1704836282.399  1086  1254 D ASH     : @ 1007153.198: tcs3701: start power rail timer, state:3
         1704836282.439  1086  1254 I ASH     : @ 1007153.238: tcs3701: stop power rail pending_off timer
         1704836282.439  1086  1254 D ASH     : @ 1007153.238: tcs3701: start power rail timer, state:3
         1704836282.479  1086  1254 I ASH     : @ 1007153.278: tcs3701: stop power rail pending_off timer
         1704836282.479  1086  1254 D ASH     : @ 1007153.278: tcs3701: start power rail timer, state:3
         1704836282.519  1086  1254 I ASH     : @ 1007153.318: tcs3701: stop power rail pending_off timer
         1704836282.519  1086  1254 D ASH     : @ 1007153.319: tcs3701: start power rail timer, state:3
         1704836282.559  1086  1254 I ASH     : @ 1007153.358: tcs3701: stop power rail pending_off timer
         1704836282.559  1086  1254 D ASH     : @ 1007153.358: tcs3701: start power rail timer, state:3
         1704836282.599  1086  1254 I ASH     : @ 1007153.398: tcs3701: stop power rail pending_off timer
         1704836282.599  1086  1254 D ASH     : @ 1007153.398: tcs3701: start power rail timer, state:3
         1704836282.639  1086  1254 I ASH     : @ 1007153.438: tcs3701: stop power rail pending_off timer
         1704836282.639  1086  1254 D ASH     : @ 1007153.439: tcs3701: start power rail timer, state:3
         1704836282.679  1086  1254 I ASH     : @ 1007153.478: tcs3701: stop power rail pending_off timer
         1704836282.679  1086  1254 D ASH     : @ 1007153.478: tcs3701: start power rail timer, state:3
         1704836282.719  1086  1254 I ASH     : @ 1007153.518: tcs3701: stop power rail pending_off timer
         1704836282.719  1086  1254 D ASH     : @ 1007153.518: tcs3701: start power rail timer, state:3
         1704836282.759  1086  1254 I ASH     : @ 1007153.558: tcs3701: stop power rail pending_off timer
         1704836282.759  1086  1254 D ASH     : @ 1007153.558: tcs3701: start power rail timer, state:3
         1704836282.799  1086  1254 I ASH     : @ 1007153.598: tcs3701: stop power rail pending_off timer
         1704836282.799  1086  1254 D ASH     : @ 1007153.598: tcs3701: start power rail timer, state:3
         1704836282.839  1086  1254 I ASH     : @ 1007153.638: tcs3701: stop power rail pending_off timer
         1704836282.839  1086  1254 D ASH     : @ 1007153.638: tcs3701: start power rail timer, state:3
         1704836282.879  1086  1254 I ASH     : @ 1007153.678: tcs3701: stop power rail pending_off timer
         1704836282.879  1086  1254 D ASH     : @ 1007153.678: tcs3701: start power rail timer, state:3
         1704836282.919  1086  1254 I ASH     : @ 1007153.718: tcs3701: stop power rail pending_off timer
         1704836282.919  1086  1254 D ASH     : @ 1007153.718: tcs3701: start power rail timer, state:3
         1704836282.959  1086  1254 I ASH     : @ 1007153.758: tcs3701: stop power rail pending_off timer
         1704836282.959  1086  1254 D ASH     : @ 1007153.758: tcs3701: start power rail timer, state:3
         1704836283.000  1086  1254 I ASH     : @ 1007153.798: tcs3701: stop power rail pending_off timer
         1704836283.000  1086  1254 D ASH     : @ 1007153.798: tcs3701: start power rail timer, state:3
         1704836283.039  1086  1254 I ASH     : @ 1007153.838: tcs3701: stop power rail pending_off timer
         1704836283.039  1086  1254 D ASH     : @ 1007153.838: tcs3701: start power rail timer, state:3
         1704836283.079  1086  1254 I ASH     : @ 1007153.878: tcs3701: stop power rail pending_off timer
         1704836283.079  1086  1254 D ASH     : @ 1007153.878: tcs3701: start power rail timer, state:3
         1704836283.119  1086  1254 I ASH     : @ 1007153.918: tcs3701: stop power rail pending_off timer
         1704836283.119  1086  1254 D ASH     : @ 1007153.918: tcs3701: start power rail timer, state:3
         1704836283.159  1086  1254 I ASH     : @ 1007153.958: tcs3701: stop power rail pending_off timer
         1704836283.159  1086  1254 D ASH     : @ 1007153.958: tcs3701: start power rail timer, state:3
         1704836283.199  1086  1254 I ASH     : @ 1007153.998: tcs3701: stop power rail pending_off timer
         1704836283.199  1086  1254 D ASH     : @ 1007153.999: tcs3701: start power rail timer, state:3
         1704836283.208  1799  1822 I dashscene: 2880 frames over 2880 vsyncs
         1704836283.239  1086  1254 I ASH     : @ 1007154.038: tcs3701: stop power rail pending_off timer
         1704836283.239  1086  1254 D ASH     : @ 1007154.038: tcs3701: start power rail timer, state:3
         1704836283.279  1086  1254 I ASH     : @ 1007154.078: tcs3701: stop power rail pending_off timer
         1704836283.279  1086  1254 D ASH     : @ 1007154.078: tcs3701: start power rail timer, state:3
         1704836283.319  1086  1254 I ASH     : @ 1007154.118: tcs3701: stop power rail pending_off timer
         1704836283.319  1086  1254 D ASH     : @ 1007154.119: tcs3701: start power rail timer, state:3
         1704836283.359  1086  1254 I ASH     : @ 1007154.158: tcs3701: stop power rail pending_off timer
         1704836283.359  1086  1254 D ASH     : @ 1007154.158: tcs3701: start power rail timer, state:3
         1704836283.400  1086  1254 I ASH     : @ 1007154.198: tcs3701: stop power rail pending_off timer
         1704836283.400  1086  1254 D ASH     : @ 1007154.198: tcs3701: start power rail timer, state:3
         1704836283.439  1086  1254 I ASH     : @ 1007154.238: tcs3701: stop power rail pending_off timer
         1704836283.439  1086  1254 D ASH     : @ 1007154.238: tcs3701: start power rail timer, state:3
         1704836283.479  1086  1254 I ASH     : @ 1007154.278: tcs3701: stop power rail pending_off timer
         1704836283.480  1086  1254 D ASH     : @ 1007154.278: tcs3701: start power rail timer, state:3
         1704836283.519  1086  1254 I ASH     : @ 1007154.318: tcs3701: stop power rail pending_off timer
         1704836283.519  1086  1254 D ASH     : @ 1007154.318: tcs3701: start power rail timer, state:3
         1704836283.559  1086  1254 I ASH     : @ 1007154.358: tcs3701: stop power rail pending_off timer
         1704836283.559  1086  1254 D ASH     : @ 1007154.358: tcs3701: start power rail timer, state:3
         1704836283.599  1086  1254 I ASH     : @ 1007154.398: tcs3701: stop power rail pending_off timer
         1704836283.599  1086  1254 D ASH     : @ 1007154.398: tcs3701: start power rail timer, state:3
         1704836283.639  1086  1254 I ASH     : @ 1007154.438: tcs3701: stop power rail pending_off timer
         1704836283.639  1086  1254 D ASH     : @ 1007154.438: tcs3701: start power rail timer, state:3
         1704836283.679  1086  1254 I ASH     : @ 1007154.478: tcs3701: stop power rail pending_off timer
         1704836283.679  1086  1254 D ASH     : @ 1007154.478: tcs3701: start power rail timer, state:3
         1704836283.719  1086  1254 I ASH     : @ 1007154.518: tcs3701: stop power rail pending_off timer
         1704836283.720  1086  1254 D ASH     : @ 1007154.518: tcs3701: start power rail timer, state:3
         1704836283.759  1086  1254 I ASH     : @ 1007154.558: tcs3701: stop power rail pending_off timer
         1704836283.759  1086  1254 D ASH     : @ 1007154.559: tcs3701: start power rail timer, state:3
         1704836283.801  1086  1254 I ASH     : @ 1007154.598: tcs3701: stop power rail pending_off timer
         1704836283.801  1086  1254 D ASH     : @ 1007154.599: tcs3701: start power rail timer, state:3
         1704836283.841  1086  1254 I ASH     : @ 1007154.638: tcs3701: stop power rail pending_off timer
         1704836283.841  1086  1254 D ASH     : @ 1007154.638: tcs3701: start power rail timer, state:3
         1704836283.880  1086  1254 I ASH     : @ 1007154.678: tcs3701: stop power rail pending_off timer
         1704836283.880  1086  1254 D ASH     : @ 1007154.679: tcs3701: start power rail timer, state:3
         1704836283.921  1086  1254 I ASH     : @ 1007154.718: tcs3701: stop power rail pending_off timer
         1704836283.921  1086  1254 D ASH     : @ 1007154.718: tcs3701: start power rail timer, state:3
         1704836283.961  1086  1254 I ASH     : @ 1007154.758: tcs3701: stop power rail pending_off timer
         1704836283.961  1086  1254 D ASH     : @ 1007154.759: tcs3701: start power rail timer, state:3
         1704836284.000  1086  1254 I ASH     : @ 1007154.798: tcs3701: stop power rail pending_off timer
         1704836284.000  1086  1254 D ASH     : @ 1007154.799: tcs3701: start power rail timer, state:3
         1704836284.041  1086  1254 I ASH     : @ 1007154.838: tcs3701: stop power rail pending_off timer
         1704836284.041  1086  1254 D ASH     : @ 1007154.838: tcs3701: start power rail timer, state:3
         1704836284.081  1086  1254 I ASH     : @ 1007154.878: tcs3701: stop power rail pending_off timer
         1704836284.081  1086  1254 D ASH     : @ 1007154.879: tcs3701: start power rail timer, state:3
         1704836284.121  1086  1254 I ASH     : @ 1007154.918: tcs3701: stop power rail pending_off timer
         1704836284.121  1086  1254 D ASH     : @ 1007154.918: tcs3701: start power rail timer, state:3
         1704836284.161  1086  1254 I ASH     : @ 1007154.958: tcs3701: stop power rail pending_off timer
         1704836284.161  1086  1254 D ASH     : @ 1007154.959: tcs3701: start power rail timer, state:3
         1704836284.200  1086  1254 I ASH     : @ 1007154.998: tcs3701: stop power rail pending_off timer
         1704836284.200  1086  1254 D ASH     : @ 1007154.998: tcs3701: start power rail timer, state:3
         1704836284.241  1086  1254 I ASH     : @ 1007155.038: tcs3701: stop power rail pending_off timer
         1704836284.241  1086  1254 D ASH     : @ 1007155.038: tcs3701: start power rail timer, state:3
         1704836284.281  1086  1254 I ASH     : @ 1007155.078: tcs3701: stop power rail pending_off timer
         1704836284.281  1086  1254 D ASH     : @ 1007155.078: tcs3701: start power rail timer, state:3
         1704836284.321  1086  1254 I ASH     : @ 1007155.118: tcs3701: stop power rail pending_off timer
         1704836284.321  1086  1254 D ASH     : @ 1007155.118: tcs3701: start power rail timer, state:3
         1704836284.361  1086  1254 I ASH     : @ 1007155.158: tcs3701: stop power rail pending_off timer
         1704836284.361  1086  1254 D ASH     : @ 1007155.158: tcs3701: start power rail timer, state:3
         1704836284.400  1086  1254 I ASH     : @ 1007155.198: tcs3701: stop power rail pending_off timer
         1704836284.400  1086  1254 D ASH     : @ 1007155.198: tcs3701: start power rail timer, state:3
         1704836284.441  1086  1254 I ASH     : @ 1007155.238: tcs3701: stop power rail pending_off timer
         1704836284.441  1086  1254 D ASH     : @ 1007155.239: tcs3701: start power rail timer, state:3
         1704836284.481  1086  1254 I ASH     : @ 1007155.278: tcs3701: stop power rail pending_off timer
         1704836284.481  1086  1254 D ASH     : @ 1007155.278: tcs3701: start power rail timer, state:3
         1704836284.520  1086  1254 I ASH     : @ 1007155.318: tcs3701: stop power rail pending_off timer
         1704836284.520  1086  1254 D ASH     : @ 1007155.318: tcs3701: start power rail timer, state:3
         1704836284.560  1086  1254 I ASH     : @ 1007155.358: tcs3701: stop power rail pending_off timer
         1704836284.560  1086  1254 D ASH     : @ 1007155.359: tcs3701: start power rail timer, state:3
         1704836284.599  1086  1254 I ASH     : @ 1007155.398: tcs3701: stop power rail pending_off timer
         1704836284.599  1086  1254 D ASH     : @ 1007155.398: tcs3701: start power rail timer, state:3
         1704836284.639  1086  1254 I ASH     : @ 1007155.438: tcs3701: stop power rail pending_off timer
         1704836284.639  1086  1254 D ASH     : @ 1007155.439: tcs3701: start power rail timer, state:3
         1704836284.679  1086  1254 I ASH     : @ 1007155.478: tcs3701: stop power rail pending_off timer
         1704836284.679  1086  1254 D ASH     : @ 1007155.478: tcs3701: start power rail timer, state:3
         1704836284.719  1086  1254 I ASH     : @ 1007155.518: tcs3701: stop power rail pending_off timer
         1704836284.719  1086  1254 D ASH     : @ 1007155.518: tcs3701: start power rail timer, state:3
         1704836284.759  1086  1254 I ASH     : @ 1007155.558: tcs3701: stop power rail pending_off timer
         1704836284.759  1086  1254 D ASH     : @ 1007155.558: tcs3701: start power rail timer, state:3
         1704836284.799  1086  1254 I ASH     : @ 1007155.598: tcs3701: stop power rail pending_off timer
         1704836284.800  1086  1254 D ASH     : @ 1007155.598: tcs3701: start power rail timer, state:3
         1704836284.839  1086  1254 I ASH     : @ 1007155.638: tcs3701: stop power rail pending_off timer
         1704836284.839  1086  1254 D ASH     : @ 1007155.638: tcs3701: start power rail timer, state:3
         1704836284.879  1086  1254 I ASH     : @ 1007155.678: tcs3701: stop power rail pending_off timer
         1704836284.879  1086  1254 D ASH     : @ 1007155.678: tcs3701: start power rail timer, state:3
         1704836284.919  1086  1254 I ASH     : @ 1007155.718: tcs3701: stop power rail pending_off timer
         1704836284.919  1086  1254 D ASH     : @ 1007155.718: tcs3701: start power rail timer, state:3
         1704836284.959  1086  1254 I ASH     : @ 1007155.758: tcs3701: stop power rail pending_off timer
         1704836284.959  1086  1254 D ASH     : @ 1007155.758: tcs3701: start power rail timer, state:3
         1704836284.999  1086  1254 I ASH     : @ 1007155.798: tcs3701: stop power rail pending_off timer
         1704836284.999  1086  1254 D ASH     : @ 1007155.798: tcs3701: start power rail timer, state:3
         1704836285.016  1799  1822 I dashscene: surfaces over 240 frames — tick 1.06 ms, paint mean 0.10 p50 0.09, submit mean 24.89 p50 23.90 p95 46.08 max 73.32 ms (38.4 fps if unpaced) — 2 run(s), 32 glyph(s)
         1704836285.039  1086  1254 I ASH     : @ 1007155.838: tcs3701: stop power rail pending_off timer
         1704836285.039  1086  1254 D ASH     : @ 1007155.838: tcs3701: start power rail timer, state:3
         1704836285.079  1086  1254 I ASH     : @ 1007155.878: tcs3701: stop power rail pending_off timer
         1704836285.079  1086  1254 D ASH     : @ 1007155.878: tcs3701: start power rail timer, state:3
         1704836285.119  1086  1254 I ASH     : @ 1007155.918: tcs3701: stop power rail pending_off timer
         1704836285.119  1086  1254 D ASH     : @ 1007155.918: tcs3701: start power rail timer, state:3
         1704836285.159  1086  1254 I ASH     : @ 1007155.958: tcs3701: stop power rail pending_off timer
         1704836285.159  1086  1254 D ASH     : @ 1007155.958: tcs3701: start power rail timer, state:3
         1704836285.199  1086  1254 I ASH     : @ 1007155.998: tcs3701: stop power rail pending_off timer
         1704836285.200  1086  1254 D ASH     : @ 1007155.998: tcs3701: start power rail timer, state:3
         1704836285.239  1086  1254 I ASH     : @ 1007156.038: tcs3701: stop power rail pending_off timer
         1704836285.239  1086  1254 D ASH     : @ 1007156.038: tcs3701: start power rail timer, state:3
         1704836285.279  1086  1254 I ASH     : @ 1007156.078: tcs3701: stop power rail pending_off timer
         1704836285.279  1086  1254 D ASH     : @ 1007156.078: tcs3701: start power rail timer, state:3
         1704836285.319  1086  1254 I ASH     : @ 1007156.118: tcs3701: stop power rail pending_off timer
         1704836285.319  1086  1254 D ASH     : @ 1007156.118: tcs3701: start power rail timer, state:3
         1704836285.359  1086  1254 I ASH     : @ 1007156.158: tcs3701: stop power rail pending_off timer
         1704836285.359  1086  1254 D ASH     : @ 1007156.158: tcs3701: start power rail timer, state:3
         1704836285.399  1086  1254 I ASH     : @ 1007156.198: tcs3701: stop power rail pending_off timer
         1704836285.399  1086  1254 D ASH     : @ 1007156.198: tcs3701: start power rail timer, state:3
         1704836285.440  1086  1254 I ASH     : @ 1007156.238: tcs3701: stop power rail pending_off timer
         1704836285.440  1086  1254 D ASH     : @ 1007156.238: tcs3701: start power rail timer, state:3
         1704836285.479  1086  1254 I ASH     : @ 1007156.278: tcs3701: stop power rail pending_off timer
         1704836285.480  1086  1254 D ASH     : @ 1007156.279: tcs3701: start power rail timer, state:3
         1704836285.519  1086  1254 I ASH     : @ 1007156.318: tcs3701: stop power rail pending_off timer
         1704836285.519  1086  1254 D ASH     : @ 1007156.318: tcs3701: start power rail timer, state:3
         1704836285.559  1086  1254 I ASH     : @ 1007156.358: tcs3701: stop power rail pending_off timer
         1704836285.559  1086  1254 D ASH     : @ 1007156.358: tcs3701: start power rail timer, state:3
         1704836285.599  1086  1254 I ASH     : @ 1007156.398: tcs3701: stop power rail pending_off timer
         1704836285.599  1086  1254 D ASH     : @ 1007156.398: tcs3701: start power rail timer, state:3
         1704836285.639  1086  1254 I ASH     : @ 1007156.438: tcs3701: stop power rail pending_off timer
         1704836285.639  1086  1254 D ASH     : @ 1007156.438: tcs3701: start power rail timer, state:3
         1704836285.680  1086  1254 I ASH     : @ 1007156.478: tcs3701: stop power rail pending_off timer
         1704836285.680  1086  1254 D ASH     : @ 1007156.478: tcs3701: start power rail timer, state:3
         1704836285.719  1086  1254 I ASH     : @ 1007156.518: tcs3701: stop power rail pending_off timer
         1704836285.719  1086  1254 D ASH     : @ 1007156.518: tcs3701: start power rail timer, state:3
         1704836285.759  1086  1254 I ASH     : @ 1007156.558: tcs3701: stop power rail pending_off timer
         1704836285.759  1086  1254 D ASH     : @ 1007156.558: tcs3701: start power rail timer, state:3
         1704836285.799  1086  1254 I ASH     : @ 1007156.598: tcs3701: stop power rail pending_off timer
         1704836285.799  1086  1254 D ASH     : @ 1007156.598: tcs3701: start power rail timer, state:3
         1704836285.839  1086  1254 I ASH     : @ 1007156.638: tcs3701: stop power rail pending_off timer
         1704836285.839  1086  1254 D ASH     : @ 1007156.638: tcs3701: start power rail timer, state:3
         1704836285.880  1086  1254 I ASH     : @ 1007156.678: tcs3701: stop power rail pending_off timer
         1704836285.880  1086  1254 D ASH     : @ 1007156.678: tcs3701: start power rail timer, state:3
         1704836285.919  1086  1254 I ASH     : @ 1007156.718: tcs3701: stop power rail pending_off timer
         1704836285.919  1086  1254 D ASH     : @ 1007156.718: tcs3701: start power rail timer, state:3
         1704836285.959  1086  1254 I ASH     : @ 1007156.758: tcs3701: stop power rail pending_off timer
         1704836285.959  1086  1254 D ASH     : @ 1007156.758: tcs3701: start power rail timer, state:3
         1704836285.999  1086  1254 I ASH     : @ 1007156.798: tcs3701: stop power rail pending_off timer
         1704836285.999  1086  1254 D ASH     : @ 1007156.798: tcs3701: start power rail timer, state:3
         1704836286.039  1086  1254 I ASH     : @ 1007156.838: tcs3701: stop power rail pending_off timer
         1704836286.039  1086  1254 D ASH     : @ 1007156.838: tcs3701: start power rail timer, state:3
         1704836286.079  1086  1254 I ASH     : @ 1007156.878: tcs3701: stop power rail pending_off timer
         1704836286.079  1086  1254 D ASH     : @ 1007156.878: tcs3701: start power rail timer, state:3
         1704836286.119  1086  1254 I ASH     : @ 1007156.918: tcs3701: stop power rail pending_off timer
         1704836286.119  1086  1254 D ASH     : @ 1007156.918: tcs3701: start power rail timer, state:3
         1704836286.159  1086  1254 I ASH     : @ 1007156.958: tcs3701: stop power rail pending_off timer
         1704836286.159  1086  1254 D ASH     : @ 1007156.959: tcs3701: start power rail timer, state:3
         1704836286.199  1086  1254 I ASH     : @ 1007156.998: tcs3701: stop power rail pending_off timer
         1704836286.200  1086  1254 D ASH     : @ 1007156.998: tcs3701: start power rail timer, state:3
         1704836286.241  1086  1254 I ASH     : @ 1007157.038: tcs3701: stop power rail pending_off timer
         1704836286.241  1086  1254 D ASH     : @ 1007157.039: tcs3701: start power rail timer, state:3
         1704836286.281  1086  1254 I ASH     : @ 1007157.078: tcs3701: stop power rail pending_off timer
         1704836286.281  1086  1254 D ASH     : @ 1007157.078: tcs3701: start power rail timer, state:3
         1704836286.321  1086  1254 I ASH     : @ 1007157.118: tcs3701: stop power rail pending_off timer
         1704836286.321  1086  1254 D ASH     : @ 1007157.119: tcs3701: start power rail timer, state:3
         1704836286.361  1086  1254 I ASH     : @ 1007157.158: tcs3701: stop power rail pending_off timer
         1704836286.361  1086  1254 D ASH     : @ 1007157.159: tcs3701: start power rail timer, state:3
         1704836286.400  1086  1254 I ASH     : @ 1007157.198: tcs3701: stop power rail pending_off timer
         1704836286.400  1086  1254 D ASH     : @ 1007157.199: tcs3701: start power rail timer, state:3
         1704836286.441  1086  1254 I ASH     : @ 1007157.238: tcs3701: stop power rail pending_off timer
         1704836286.441  1086  1254 D ASH     : @ 1007157.238: tcs3701: start power rail timer, state:3
         1704836286.481  1086  1254 I ASH     : @ 1007157.278: tcs3701: stop power rail pending_off timer
         1704836286.481  1086  1254 D ASH     : @ 1007157.279: tcs3701: start power rail timer, state:3
         1704836286.521  1086  1254 I ASH     : @ 1007157.318: tcs3701: stop power rail pending_off timer
         1704836286.521  1086  1254 D ASH     : @ 1007157.318: tcs3701: start power rail timer, state:3
         1704836286.561  1086  1254 I ASH     : @ 1007157.358: tcs3701: stop power rail pending_off timer
         1704836286.561  1086  1254 D ASH     : @ 1007157.359: tcs3701: start power rail timer, state:3
         1704836286.600  1086  1254 I ASH     : @ 1007157.398: tcs3701: stop power rail pending_off timer
         1704836286.600  1086  1254 D ASH     : @ 1007157.398: tcs3701: start power rail timer, state:3
         1704836286.641  1086  1254 I ASH     : @ 1007157.438: tcs3701: stop power rail pending_off timer
         1704836286.641  1086  1254 D ASH     : @ 1007157.438: tcs3701: start power rail timer, state:3
         1704836286.681  1086  1254 I ASH     : @ 1007157.478: tcs3701: stop power rail pending_off timer
         1704836286.681  1086  1254 D ASH     : @ 1007157.479: tcs3701: start power rail timer, state:3
         1704836286.721  1086  1254 I ASH     : @ 1007157.518: tcs3701: stop power rail pending_off timer
         1704836286.721  1086  1254 D ASH     : @ 1007157.519: tcs3701: start power rail timer, state:3
         1704836286.761  1086  1254 I ASH     : @ 1007157.558: tcs3701: stop power rail pending_off timer
         1704836286.761  1086  1254 D ASH     : @ 1007157.558: tcs3701: start power rail timer, state:3
         1704836286.800  1086  1254 I ASH     : @ 1007157.598: tcs3701: stop power rail pending_off timer
         1704836286.800  1086  1254 D ASH     : @ 1007157.598: tcs3701: start power rail timer, state:3
         1704836286.841  1086  1254 I ASH     : @ 1007157.638: tcs3701: stop power rail pending_off timer
         1704836286.841  1086  1254 D ASH     : @ 1007157.639: tcs3701: start power rail timer, state:3
         1704836286.881  1086  1254 I ASH     : @ 1007157.678: tcs3701: stop power rail pending_off timer
         1704836286.881  1086  1254 D ASH     : @ 1007157.678: tcs3701: start power rail timer, state:3
         1704836286.921  1086  1254 I ASH     : @ 1007157.718: tcs3701: stop power rail pending_off timer
         1704836286.921  1086  1254 D ASH     : @ 1007157.719: tcs3701: start power rail timer, state:3
         1704836286.961  1086  1254 I ASH     : @ 1007157.758: tcs3701: stop power rail pending_off timer
         1704836286.961  1086  1254 D ASH     : @ 1007157.759: tcs3701: start power rail timer, state:3
         1704836287.000  1086  1254 I ASH     : @ 1007157.798: tcs3701: stop power rail pending_off timer
         1704836287.000  1086  1254 D ASH     : @ 1007157.799: tcs3701: start power rail timer, state:3
         1704836287.040  1086  1254 I ASH     : @ 1007157.838: tcs3701: stop power rail pending_off timer
         1704836287.040  1086  1254 D ASH     : @ 1007157.839: tcs3701: start power rail timer, state:3
         1704836287.079  1086  1254 I ASH     : @ 1007157.878: tcs3701: stop power rail pending_off timer
         1704836287.079  1086  1254 D ASH     : @ 1007157.878: tcs3701: start power rail timer, state:3
         1704836287.119  1086  1254 I ASH     : @ 1007157.918: tcs3701: stop power rail pending_off timer
         1704836287.120  1086  1254 D ASH     : @ 1007157.919: tcs3701: start power rail timer, state:3
         1704836287.159  1086  1254 I ASH     : @ 1007157.958: tcs3701: stop power rail pending_off timer
         1704836287.160  1086  1254 D ASH     : @ 1007157.958: tcs3701: start power rail timer, state:3
         1704836287.199  1086  1254 I ASH     : @ 1007157.998: tcs3701: stop power rail pending_off timer
         1704836287.199  1086  1254 D ASH     : @ 1007157.998: tcs3701: start power rail timer, state:3
         1704836287.239  1086  1254 I ASH     : @ 1007158.038: tcs3701: stop power rail pending_off timer
         1704836287.239  1086  1254 D ASH     : @ 1007158.038: tcs3701: start power rail timer, state:3
         1704836287.279  1086  1254 I ASH     : @ 1007158.078: tcs3701: stop power rail pending_off timer
         1704836287.279  1086  1254 D ASH     : @ 1007158.078: tcs3701: start power rail timer, state:3
         1704836287.319  1086  1254 I ASH     : @ 1007158.118: tcs3701: stop power rail pending_off timer
         1704836287.319  1086  1254 D ASH     : @ 1007158.118: tcs3701: start power rail timer, state:3
         1704836287.360  1086  1254 I ASH     : @ 1007158.158: tcs3701: stop power rail pending_off timer
         1704836287.360  1086  1254 D ASH     : @ 1007158.158: tcs3701: start power rail timer, state:3
         1704836287.399  1086  1254 I ASH     : @ 1007158.198: tcs3701: stop power rail pending_off timer
         1704836287.399  1086  1254 D ASH     : @ 1007158.198: tcs3701: start power rail timer, state:3
         1704836287.439  1086  1254 I ASH     : @ 1007158.238: tcs3701: stop power rail pending_off timer
         1704836287.439  1086  1254 D ASH     : @ 1007158.238: tcs3701: start power rail timer, state:3
         1704836287.479  1086  1254 I ASH     : @ 1007158.278: tcs3701: stop power rail pending_off timer
         1704836287.479  1086  1254 D ASH     : @ 1007158.278: tcs3701: start power rail timer, state:3
         1704836287.520  1086  1254 I ASH     : @ 1007158.318: tcs3701: stop power rail pending_off timer
         1704836287.520  1086  1254 D ASH     : @ 1007158.318: tcs3701: start power rail timer, state:3
         1704836287.559  1086  1254 I ASH     : @ 1007158.358: tcs3701: stop power rail pending_off timer
         1704836287.559  1086  1254 D ASH     : @ 1007158.358: tcs3701: start power rail timer, state:3
         1704836287.599  1086  1254 I ASH     : @ 1007158.398: tcs3701: stop power rail pending_off timer
         1704836287.600  1086  1254 D ASH     : @ 1007158.399: tcs3701: start power rail timer, state:3
         1704836287.639  1086  1254 I ASH     : @ 1007158.438: tcs3701: stop power rail pending_off timer
         1704836287.639  1086  1254 D ASH     : @ 1007158.438: tcs3701: start power rail timer, state:3
         1704836287.679  1086  1254 I ASH     : @ 1007158.478: tcs3701: stop power rail pending_off timer
         1704836287.679  1086  1254 D ASH     : @ 1007158.478: tcs3701: start power rail timer, state:3
         1704836287.720  1086  1254 I ASH     : @ 1007158.518: tcs3701: stop power rail pending_off timer
         1704836287.720  1086  1254 D ASH     : @ 1007158.518: tcs3701: start power rail timer, state:3
         1704836287.759  1086  1254 I ASH     : @ 1007158.558: tcs3701: stop power rail pending_off timer
         1704836287.760  1086  1254 D ASH     : @ 1007158.558: tcs3701: start power rail timer, state:3
         1704836287.799  1086  1254 I ASH     : @ 1007158.598: tcs3701: stop power rail pending_off timer
         1704836287.799  1086  1254 D ASH     : @ 1007158.598: tcs3701: start power rail timer, state:3
         1704836287.839  1086  1254 I ASH     : @ 1007158.638: tcs3701: stop power rail pending_off timer
         1704836287.839  1086  1254 D ASH     : @ 1007158.638: tcs3701: start power rail timer, state:3
         1704836287.879  1086  1254 I ASH     : @ 1007158.678: tcs3701: stop power rail pending_off timer
         1704836287.879  1086  1254 D ASH     : @ 1007158.678: tcs3701: start power rail timer, state:3
         1704836287.919  1086  1254 I ASH     : @ 1007158.718: tcs3701: stop power rail pending_off timer
         1704836287.919  1086  1254 D ASH     : @ 1007158.718: tcs3701: start power rail timer, state:3
         1704836287.959  1086  1254 I ASH     : @ 1007158.758: tcs3701: stop power rail pending_off timer
         1704836287.959  1086  1254 D ASH     : @ 1007158.758: tcs3701: start power rail timer, state:3
         1704836287.999  1086  1254 I ASH     : @ 1007158.798: tcs3701: stop power rail pending_off timer
         1704836288.000  1086  1254 D ASH     : @ 1007158.798: tcs3701: start power rail timer, state:3
         1704836288.039  1086  1254 I ASH     : @ 1007158.838: tcs3701: stop power rail pending_off timer
         1704836288.039  1086  1254 D ASH     : @ 1007158.838: tcs3701: start power rail timer, state:3
         1704836288.079  1086  1254 I ASH     : @ 1007158.878: tcs3701: stop power rail pending_off timer
         1704836288.079  1086  1254 D ASH     : @ 1007158.878: tcs3701: start power rail timer, state:3
         1704836288.119  1086  1254 I ASH     : @ 1007158.918: tcs3701: stop power rail pending_off timer
         1704836288.119  1086  1254 D ASH     : @ 1007158.918: tcs3701: start power rail timer, state:3
         1704836288.159  1086  1254 I ASH     : @ 1007158.958: tcs3701: stop power rail pending_off timer
         1704836288.159  1086  1254 D ASH     : @ 1007158.958: tcs3701: start power rail timer, state:3
         1704836288.199  1086  1254 I ASH     : @ 1007158.998: tcs3701: stop power rail pending_off timer
         1704836288.200  1086  1254 D ASH     : @ 1007158.998: tcs3701: start power rail timer, state:3
         1704836288.239  1086  1254 I ASH     : @ 1007159.038: tcs3701: stop power rail pending_off timer
         1704836288.239  1086  1254 D ASH     : @ 1007159.038: tcs3701: start power rail timer, state:3
         1704836288.279  1086  1254 I ASH     : @ 1007159.078: tcs3701: stop power rail pending_off timer
         1704836288.279  1086  1254 D ASH     : @ 1007159.079: tcs3701: start power rail timer, state:3
         1704836288.319  1086  1254 I ASH     : @ 1007159.118: tcs3701: stop power rail pending_off timer
         1704836288.320  1086  1254 D ASH     : @ 1007159.118: tcs3701: start power rail timer, state:3
         1704836288.359  1086  1254 I ASH     : @ 1007159.158: tcs3701: stop power rail pending_off timer
         1704836288.359  1086  1254 D ASH     : @ 1007159.158: tcs3701: start power rail timer, state:3
         1704836288.399  1086  1254 I ASH     : @ 1007159.198: tcs3701: stop power rail pending_off timer
         1704836288.399  1086  1254 D ASH     : @ 1007159.198: tcs3701: start power rail timer, state:3
         1704836288.439  1086  1254 I ASH     : @ 1007159.238: tcs3701: stop power rail pending_off timer
         1704836288.439  1086  1254 D ASH     : @ 1007159.238: tcs3701: start power rail timer, state:3
         1704836288.479  1086  1254 I ASH     : @ 1007159.278: tcs3701: stop power rail pending_off timer
         1704836288.479  1086  1254 D ASH     : @ 1007159.278: tcs3701: start power rail timer, state:3
         1704836288.519  1086  1254 I ASH     : @ 1007159.318: tcs3701: stop power rail pending_off timer
         1704836288.519  1086  1254 D ASH     : @ 1007159.318: tcs3701: start power rail timer, state:3
         1704836288.559  1086  1254 I ASH     : @ 1007159.358: tcs3701: stop power rail pending_off timer
         1704836288.559  1086  1254 D ASH     : @ 1007159.358: tcs3701: start power rail timer, state:3
         1704836288.599  1086  1254 I ASH     : @ 1007159.398: tcs3701: stop power rail pending_off timer
         1704836288.599  1086  1254 D ASH     : @ 1007159.398: tcs3701: start power rail timer, state:3
         1704836288.639  1086  1254 I ASH     : @ 1007159.438: tcs3701: stop power rail pending_off timer
         1704836288.639  1086  1254 D ASH     : @ 1007159.438: tcs3701: start power rail timer, state:3
         1704836288.679  1086  1254 I ASH     : @ 1007159.478: tcs3701: stop power rail pending_off timer
         1704836288.679  1086  1254 D ASH     : @ 1007159.478: tcs3701: start power rail timer, state:3
         1704836288.720  1086  1254 I ASH     : @ 1007159.518: tcs3701: stop power rail pending_off timer
         1704836288.720  1086  1254 D ASH     : @ 1007159.519: tcs3701: start power rail timer, state:3
         1704836288.761  1086  1254 I ASH     : @ 1007159.558: tcs3701: stop power rail pending_off timer
         1704836288.761  1086  1254 D ASH     : @ 1007159.559: tcs3701: start power rail timer, state:3
         1704836288.801  1086  1254 I ASH     : @ 1007159.598: tcs3701: stop power rail pending_off timer
         1704836288.801  1086  1254 D ASH     : @ 1007159.598: tcs3701: start power rail timer, state:3
         1704836288.841  1086  1254 I ASH     : @ 1007159.638: tcs3701: stop power rail pending_off timer
         1704836288.841  1086  1254 D ASH     : @ 1007159.639: tcs3701: start power rail timer, state:3
         1704836288.881  1086  1254 I ASH     : @ 1007159.678: tcs3701: stop power rail pending_off timer
         1704836288.881  1086  1254 D ASH     : @ 1007159.678: tcs3701: start power rail timer, state:3
         1704836288.919  1086  1254 I ASH     : @ 1007159.718: tcs3701: stop power rail pending_off timer
         1704836288.920  1086  1254 D ASH     : @ 1007159.718: tcs3701: start power rail timer, state:3
         1704836288.961  1086  1254 I ASH     : @ 1007159.758: tcs3701: stop power rail pending_off timer
         1704836288.961  1086  1254 D ASH     : @ 1007159.758: tcs3701: start power rail timer, state:3
         1704836289.001  1086  1254 I ASH     : @ 1007159.798: tcs3701: stop power rail pending_off timer
         1704836289.001  1086  1254 D ASH     : @ 1007159.799: tcs3701: start power rail timer, state:3
         1704836289.019  1799  1822 I dashscene: 3120 frames over 3120 vsyncs
         1704836289.041  1086  1254 I ASH     : @ 1007159.838: tcs3701: stop power rail pending_off timer
         1704836289.041  1086  1254 D ASH     : @ 1007159.838: tcs3701: start power rail timer, state:3
         1704836289.081  1086  1254 I ASH     : @ 1007159.878: tcs3701: stop power rail pending_off timer
         1704836289.081  1086  1254 D ASH     : @ 1007159.878: tcs3701: start power rail timer, state:3
         1704836289.120  1086  1254 I ASH     : @ 1007159.918: tcs3701: stop power rail pending_off timer
         1704836289.120  1086  1254 D ASH     : @ 1007159.919: tcs3701: start power rail timer, state:3
         1704836289.161  1086  1254 I ASH     : @ 1007159.958: tcs3701: stop power rail pending_off timer
         1704836289.161  1086  1254 D ASH     : @ 1007159.958: tcs3701: start power rail timer, state:3
         1704836289.201  1086  1254 I ASH     : @ 1007159.998: tcs3701: stop power rail pending_off timer
         1704836289.201  1086  1254 D ASH     : @ 1007159.999: tcs3701: start power rail timer, state:3
         1704836289.241  1086  1254 I ASH     : @ 1007160.038: tcs3701: stop power rail pending_off timer
         1704836289.241  1086  1254 D ASH     : @ 1007160.038: tcs3701: start power rail timer, state:3
         1704836289.281  1086  1254 I ASH     : @ 1007160.078: tcs3701: stop power rail pending_off timer
         1704836289.281  1086  1254 D ASH     : @ 1007160.079: tcs3701: start power rail timer, state:3
         1704836289.320  1086  1254 I ASH     : @ 1007160.118: tcs3701: stop power rail pending_off timer
         1704836289.320  1086  1254 D ASH     : @ 1007160.119: tcs3701: start power rail timer, state:3
         1704836289.361  1086  1254 I ASH     : @ 1007160.158: tcs3701: stop power rail pending_off timer
         1704836289.361  1086  1254 D ASH     : @ 1007160.158: tcs3701: start power rail timer, state:3
         1704836289.401  1086  1254 I ASH     : @ 1007160.198: tcs3701: stop power rail pending_off timer
         1704836289.401  1086  1254 D ASH     : @ 1007160.199: tcs3701: start power rail timer, state:3
         1704836289.441  1086  1254 I ASH     : @ 1007160.238: tcs3701: stop power rail pending_off timer
         1704836289.441  1086  1254 D ASH     : @ 1007160.238: tcs3701: start power rail timer, state:3
         1704836289.481  1086  1254 I ASH     : @ 1007160.278: tcs3701: stop power rail pending_off timer
         1704836289.481  1086  1254 D ASH     : @ 1007160.278: tcs3701: start power rail timer, state:3
         1704836289.520  1086  1254 I ASH     : @ 1007160.318: tcs3701: stop power rail pending_off timer
         1704836289.520  1086  1254 D ASH     : @ 1007160.318: tcs3701: start power rail timer, state:3
         1704836289.559  1086  1254 I ASH     : @ 1007160.358: tcs3701: stop power rail pending_off timer
         1704836289.560  1086  1254 D ASH     : @ 1007160.358: tcs3701: start power rail timer, state:3
         1704836289.599  1086  1254 I ASH     : @ 1007160.398: tcs3701: stop power rail pending_off timer
         1704836289.599  1086  1254 D ASH     : @ 1007160.398: tcs3701: start power rail timer, state:3
         1704836289.639  1086  1254 I ASH     : @ 1007160.438: tcs3701: stop power rail pending_off timer
         1704836289.639  1086  1254 D ASH     : @ 1007160.438: tcs3701: start power rail timer, state:3
         1704836289.679  1086  1254 I ASH     : @ 1007160.478: tcs3701: stop power rail pending_off timer
         1704836289.679  1086  1254 D ASH     : @ 1007160.478: tcs3701: start power rail timer, state:3
         1704836289.719  1086  1254 I ASH     : @ 1007160.518: tcs3701: stop power rail pending_off timer
         1704836289.719  1086  1254 D ASH     : @ 1007160.518: tcs3701: start power rail timer, state:3
         1704836289.759  1086  1254 I ASH     : @ 1007160.558: tcs3701: stop power rail pending_off timer
         1704836289.759  1086  1254 D ASH     : @ 1007160.558: tcs3701: start power rail timer, state:3
         1704836289.799  1086  1254 I ASH     : @ 1007160.598: tcs3701: stop power rail pending_off timer
         1704836289.799  1086  1254 D ASH     : @ 1007160.599: tcs3701: start power rail timer, state:3
         1704836289.839  1086  1254 I ASH     : @ 1007160.638: tcs3701: stop power rail pending_off timer
         1704836289.839  1086  1254 D ASH     : @ 1007160.638: tcs3701: start power rail timer, state:3
         1704836289.879  1086  1254 I ASH     : @ 1007160.678: tcs3701: stop power rail pending_off timer
         1704836289.879  1086  1254 D ASH     : @ 1007160.678: tcs3701: start power rail timer, state:3
         1704836289.919  1086  1254 I ASH     : @ 1007160.718: tcs3701: stop power rail pending_off timer
         1704836289.919  1086  1254 D ASH     : @ 1007160.718: tcs3701: start power rail timer, state:3
         1704836289.959  1086  1254 I ASH     : @ 1007160.758: tcs3701: stop power rail pending_off timer
         1704836289.959  1086  1254 D ASH     : @ 1007160.758: tcs3701: start power rail timer, state:3
         1704836289.999  1086  1254 I ASH     : @ 1007160.798: tcs3701: stop power rail pending_off timer
         1704836289.999  1086  1254 D ASH     : @ 1007160.798: tcs3701: start power rail timer, state:3
         1704836290.039  1086  1254 I ASH     : @ 1007160.838: tcs3701: stop power rail pending_off timer
         1704836290.039  1086  1254 D ASH     : @ 1007160.838: tcs3701: start power rail timer, state:3
         1704836290.079  1086  1254 I ASH     : @ 1007160.878: tcs3701: stop power rail pending_off timer
         1704836290.079  1086  1254 D ASH     : @ 1007160.878: tcs3701: start power rail timer, state:3
         1704836290.119  1086  1254 I ASH     : @ 1007160.918: tcs3701: stop power rail pending_off timer
         1704836290.119  1086  1254 D ASH     : @ 1007160.918: tcs3701: start power rail timer, state:3
         1704836290.159  1086  1254 I ASH     : @ 1007160.958: tcs3701: stop power rail pending_off timer
         1704836290.160  1086  1254 D ASH     : @ 1007160.959: tcs3701: start power rail timer, state:3
         1704836290.199  1086  1254 I ASH     : @ 1007160.998: tcs3701: stop power rail pending_off timer
         1704836290.199  1086  1254 D ASH     : @ 1007160.998: tcs3701: start power rail timer, state:3
         1704836290.239  1086  1254 I ASH     : @ 1007161.038: tcs3701: stop power rail pending_off timer
         1704836290.239  1086  1254 D ASH     : @ 1007161.038: tcs3701: start power rail timer, state:3
         1704836290.279  1086  1254 I ASH     : @ 1007161.078: tcs3701: stop power rail pending_off timer
         1704836290.279  1086  1254 D ASH     : @ 1007161.078: tcs3701: start power rail timer, state:3
         1704836290.319  1086  1254 I ASH     : @ 1007161.118: tcs3701: stop power rail pending_off timer
         1704836290.320  1086  1254 D ASH     : @ 1007161.118: tcs3701: start power rail timer, state:3
         1704836290.359  1086  1254 I ASH     : @ 1007161.158: tcs3701: stop power rail pending_off timer
         1704836290.359  1086  1254 D ASH     : @ 1007161.158: tcs3701: start power rail timer, state:3
         1704836290.399  1086  1254 I ASH     : @ 1007161.198: tcs3701: stop power rail pending_off timer
         1704836290.399  1086  1254 D ASH     : @ 1007161.198: tcs3701: start power rail timer, state:3
         1704836290.439  1086  1254 I ASH     : @ 1007161.238: tcs3701: stop power rail pending_off timer
         1704836290.439  1086  1254 D ASH     : @ 1007161.238: tcs3701: start power rail timer, state:3
         1704836290.479  1086  1254 I ASH     : @ 1007161.278: tcs3701: stop power rail pending_off timer
         1704836290.479  1086  1254 D ASH     : @ 1007161.278: tcs3701: start power rail timer, state:3
         1704836290.519  1086  1254 I ASH     : @ 1007161.318: tcs3701: stop power rail pending_off timer
         1704836290.519  1086  1254 D ASH     : @ 1007161.318: tcs3701: start power rail timer, state:3
         1704836290.560  1086  1254 I ASH     : @ 1007161.358: tcs3701: stop power rail pending_off timer
         1704836290.560  1086  1254 D ASH     : @ 1007161.358: tcs3701: start power rail timer, state:3
         1704836290.599  1086  1254 I ASH     : @ 1007161.398: tcs3701: stop power rail pending_off timer
         1704836290.600  1086  1254 D ASH     : @ 1007161.398: tcs3701: start power rail timer, state:3
         1704836290.639  1086  1254 I ASH     : @ 1007161.438: tcs3701: stop power rail pending_off timer
         1704836290.639  1086  1254 D ASH     : @ 1007161.438: tcs3701: start power rail timer, state:3
         1704836290.679  1086  1254 I ASH     : @ 1007161.478: tcs3701: stop power rail pending_off timer
         1704836290.679  1086  1254 D ASH     : @ 1007161.478: tcs3701: start power rail timer, state:3
         1704836290.719  1086  1254 I ASH     : @ 1007161.518: tcs3701: stop power rail pending_off timer
         1704836290.719  1086  1254 D ASH     : @ 1007161.518: tcs3701: start power rail timer, state:3
         1704836290.759  1086  1254 I ASH     : @ 1007161.558: tcs3701: stop power rail pending_off timer
         1704836290.759  1086  1254 D ASH     : @ 1007161.558: tcs3701: start power rail timer, state:3
         1704836290.800  1086  1254 I ASH     : @ 1007161.598: tcs3701: stop power rail pending_off timer
         1704836290.800  1086  1254 D ASH     : @ 1007161.598: tcs3701: start power rail timer, state:3
         1704836290.839  1086  1254 I ASH     : @ 1007161.638: tcs3701: stop power rail pending_off timer
         1704836290.839  1086  1254 D ASH     : @ 1007161.638: tcs3701: start power rail timer, state:3
         1704836290.879  1086  1254 I ASH     : @ 1007161.678: tcs3701: stop power rail pending_off timer
         1704836290.879  1086  1254 D ASH     : @ 1007161.678: tcs3701: start power rail timer, state:3
         1704836290.919  1086  1254 I ASH     : @ 1007161.718: tcs3701: stop power rail pending_off timer
         1704836290.919  1086  1254 D ASH     : @ 1007161.718: tcs3701: start power rail timer, state:3
         1704836290.959  1086  1254 I ASH     : @ 1007161.758: tcs3701: stop power rail pending_off timer
         1704836290.960  1086  1254 D ASH     : @ 1007161.758: tcs3701: start power rail timer, state:3
         1704836290.999  1086  1254 I ASH     : @ 1007161.798: tcs3701: stop power rail pending_off timer
         1704836290.999  1086  1254 D ASH     : @ 1007161.798: tcs3701: start power rail timer, state:3
         1704836291.039  1086  1254 I ASH     : @ 1007161.838: tcs3701: stop power rail pending_off timer
         1704836291.039  1086  1254 D ASH     : @ 1007161.838: tcs3701: start power rail timer, state:3
         1704836291.079  1086  1254 I ASH     : @ 1007161.878: tcs3701: stop power rail pending_off timer
         1704836291.079  1086  1254 D ASH     : @ 1007161.878: tcs3701: start power rail timer, state:3
         1704836291.119  1086  1254 I ASH     : @ 1007161.918: tcs3701: stop power rail pending_off timer
         1704836291.119  1086  1254 D ASH     : @ 1007161.918: tcs3701: start power rail timer, state:3
         1704836291.159  1086  1254 I ASH     : @ 1007161.958: tcs3701: stop power rail pending_off timer
         1704836291.159  1086  1254 D ASH     : @ 1007161.958: tcs3701: start power rail timer, state:3
         1704836291.200  1086  1254 I ASH     : @ 1007161.998: tcs3701: stop power rail pending_off timer
         1704836291.200  1086  1254 D ASH     : @ 1007161.998: tcs3701: start power rail timer, state:3
         1704836291.240  1086  1254 I ASH     : @ 1007162.038: tcs3701: stop power rail pending_off timer
         1704836291.240  1086  1254 D ASH     : @ 1007162.038: tcs3701: start power rail timer, state:3
         1704836291.281  1086  1254 I ASH     : @ 1007162.078: tcs3701: stop power rail pending_off timer
         1704836291.281  1086  1254 D ASH     : @ 1007162.078: tcs3701: start power rail timer, state:3
         1704836291.320  1086  1254 I ASH     : @ 1007162.118: tcs3701: stop power rail pending_off timer
         1704836291.320  1086  1254 D ASH     : @ 1007162.119: tcs3701: start power rail timer, state:3
         1704836291.361  1086  1254 I ASH     : @ 1007162.158: tcs3701: stop power rail pending_off timer
         1704836291.361  1086  1254 D ASH     : @ 1007162.158: tcs3701: start power rail timer, state:3
         1704836291.401  1086  1254 I ASH     : @ 1007162.198: tcs3701: stop power rail pending_off timer
         1704836291.401  1086  1254 D ASH     : @ 1007162.198: tcs3701: start power rail timer, state:3
         1704836291.440  1086  1254 I ASH     : @ 1007162.238: tcs3701: stop power rail pending_off timer
         1704836291.440  1086  1254 D ASH     : @ 1007162.238: tcs3701: start power rail timer, state:3
         1704836291.481  1086  1254 I ASH     : @ 1007162.278: tcs3701: stop power rail pending_off timer
         1704836291.482  1086  1254 D ASH     : @ 1007162.279: tcs3701: start power rail timer, state:3
         1704836291.520  1086  1254 I ASH     : @ 1007162.318: tcs3701: stop power rail pending_off timer
         1704836291.520  1086  1254 D ASH     : @ 1007162.319: tcs3701: start power rail timer, state:3
         1704836291.561  1086  1254 I ASH     : @ 1007162.358: tcs3701: stop power rail pending_off timer
         1704836291.562  1086  1254 D ASH     : @ 1007162.358: tcs3701: start power rail timer, state:3
         1704836291.601  1086  1254 I ASH     : @ 1007162.398: tcs3701: stop power rail pending_off timer
         1704836291.601  1086  1254 D ASH     : @ 1007162.399: tcs3701: start power rail timer, state:3
         1704836291.642  1086  1254 I ASH     : @ 1007162.438: tcs3701: stop power rail pending_off timer
         1704836291.642  1086  1254 D ASH     : @ 1007162.438: tcs3701: start power rail timer, state:3
         1704836291.681  1086  1254 I ASH     : @ 1007162.478: tcs3701: stop power rail pending_off timer
         1704836291.681  1086  1254 D ASH     : @ 1007162.478: tcs3701: start power rail timer, state:3
         1704836291.720  1086  1254 I ASH     : @ 1007162.518: tcs3701: stop power rail pending_off timer
         1704836291.720  1086  1254 D ASH     : @ 1007162.518: tcs3701: start power rail timer, state:3
         1704836291.761  1086  1254 I ASH     : @ 1007162.558: tcs3701: stop power rail pending_off timer
         1704836291.761  1086  1254 D ASH     : @ 1007162.559: tcs3701: start power rail timer, state:3
         1704836291.801  1086  1254 I ASH     : @ 1007162.598: tcs3701: stop power rail pending_off timer
         1704836291.801  1086  1254 D ASH     : @ 1007162.598: tcs3701: start power rail timer, state:3
         1704836291.840  1086  1254 I ASH     : @ 1007162.638: tcs3701: stop power rail pending_off timer
         1704836291.840  1086  1254 D ASH     : @ 1007162.638: tcs3701: start power rail timer, state:3
         1704836291.881  1086  1254 I ASH     : @ 1007162.678: tcs3701: stop power rail pending_off timer
         1704836291.881  1086  1254 D ASH     : @ 1007162.678: tcs3701: start power rail timer, state:3
         1704836291.921  1086  1254 I ASH     : @ 1007162.718: tcs3701: stop power rail pending_off timer
         1704836291.921  1086  1254 D ASH     : @ 1007162.718: tcs3701: start power rail timer, state:3
         1704836291.961  1086  1254 I ASH     : @ 1007162.758: tcs3701: stop power rail pending_off timer
         1704836291.961  1086  1254 D ASH     : @ 1007162.758: tcs3701: start power rail timer, state:3
         1704836292.001  1086  1254 I ASH     : @ 1007162.798: tcs3701: stop power rail pending_off timer
         1704836292.001  1086  1254 D ASH     : @ 1007162.798: tcs3701: start power rail timer, state:3
         1704836292.040  1086  1254 I ASH     : @ 1007162.838: tcs3701: stop power rail pending_off timer
         1704836292.040  1086  1254 D ASH     : @ 1007162.839: tcs3701: start power rail timer, state:3
         1704836292.079  1086  1254 I ASH     : @ 1007162.878: tcs3701: stop power rail pending_off timer
         1704836292.079  1086  1254 D ASH     : @ 1007162.878: tcs3701: start power rail timer, state:3
         1704836292.119  1086  1254 I ASH     : @ 1007162.918: tcs3701: stop power rail pending_off timer
         1704836292.119  1086  1254 D ASH     : @ 1007162.918: tcs3701: start power rail timer, state:3
         1704836292.160  1086  1254 I ASH     : @ 1007162.958: tcs3701: stop power rail pending_off timer
         1704836292.160  1086  1254 D ASH     : @ 1007162.959: tcs3701: start power rail timer, state:3
         1704836292.199  1086  1254 I ASH     : @ 1007162.998: tcs3701: stop power rail pending_off timer
         1704836292.199  1086  1254 D ASH     : @ 1007162.998: tcs3701: start power rail timer, state:3
         1704836292.239  1086  1254 I ASH     : @ 1007163.038: tcs3701: stop power rail pending_off timer
         1704836292.239  1086  1254 D ASH     : @ 1007163.038: tcs3701: start power rail timer, state:3
         1704836292.279  1086  1254 I ASH     : @ 1007163.078: tcs3701: stop power rail pending_off timer
         1704836292.279  1086  1254 D ASH     : @ 1007163.078: tcs3701: start power rail timer, state:3
         1704836292.319  1086  1254 I ASH     : @ 1007163.118: tcs3701: stop power rail pending_off timer
         1704836292.319  1086  1254 D ASH     : @ 1007163.118: tcs3701: start power rail timer, state:3
         1704836292.359  1086  1254 I ASH     : @ 1007163.158: tcs3701: stop power rail pending_off timer
         1704836292.359  1086  1254 D ASH     : @ 1007163.159: tcs3701: start power rail timer, state:3
         1704836292.399  1086  1254 I ASH     : @ 1007163.198: tcs3701: stop power rail pending_off timer
         1704836292.399  1086  1254 D ASH     : @ 1007163.198: tcs3701: start power rail timer, state:3
         1704836292.439  1086  1254 I ASH     : @ 1007163.238: tcs3701: stop power rail pending_off timer
         1704836292.439  1086  1254 D ASH     : @ 1007163.238: tcs3701: start power rail timer, state:3
         1704836292.479  1086  1254 I ASH     : @ 1007163.278: tcs3701: stop power rail pending_off timer
         1704836292.479  1086  1254 D ASH     : @ 1007163.278: tcs3701: start power rail timer, state:3
         1704836292.519  1086  1254 I ASH     : @ 1007163.318: tcs3701: stop power rail pending_off timer
         1704836292.519  1086  1254 D ASH     : @ 1007163.318: tcs3701: start power rail timer, state:3
         1704836292.559  1086  1254 I ASH     : @ 1007163.358: tcs3701: stop power rail pending_off timer
         1704836292.559  1086  1254 D ASH     : @ 1007163.358: tcs3701: start power rail timer, state:3
         1704836292.599  1086  1254 I ASH     : @ 1007163.398: tcs3701: stop power rail pending_off timer
         1704836292.599  1086  1254 D ASH     : @ 1007163.398: tcs3701: start power rail timer, state:3
         1704836292.639  1086  1254 I ASH     : @ 1007163.438: tcs3701: stop power rail pending_off timer
         1704836292.639  1086  1254 D ASH     : @ 1007163.438: tcs3701: start power rail timer, state:3
         1704836292.679  1086  1254 I ASH     : @ 1007163.478: tcs3701: stop power rail pending_off timer
         1704836292.679  1086  1254 D ASH     : @ 1007163.478: tcs3701: start power rail timer, state:3
         1704836292.719  1086  1254 I ASH     : @ 1007163.518: tcs3701: stop power rail pending_off timer
         1704836292.719  1086  1254 D ASH     : @ 1007163.518: tcs3701: start power rail timer, state:3
         1704836292.759  1086  1254 I ASH     : @ 1007163.558: tcs3701: stop power rail pending_off timer
         1704836292.759  1086  1254 D ASH     : @ 1007163.558: tcs3701: start power rail timer, state:3
         1704836292.799  1086  1254 I ASH     : @ 1007163.598: tcs3701: stop power rail pending_off timer
         1704836292.799  1086  1254 D ASH     : @ 1007163.598: tcs3701: start power rail timer, state:3
         1704836292.839  1086  1254 I ASH     : @ 1007163.638: tcs3701: stop power rail pending_off timer
         1704836292.839  1086  1254 D ASH     : @ 1007163.638: tcs3701: start power rail timer, state:3
         1704836292.879  1086  1254 I ASH     : @ 1007163.678: tcs3701: stop power rail pending_off timer
         1704836292.879  1086  1254 D ASH     : @ 1007163.678: tcs3701: start power rail timer, state:3
         1704836292.919  1086  1254 I ASH     : @ 1007163.718: tcs3701: stop power rail pending_off timer
         1704836292.919  1086  1254 D ASH     : @ 1007163.718: tcs3701: start power rail timer, state:3
         1704836292.959  1086  1254 I ASH     : @ 1007163.758: tcs3701: stop power rail pending_off timer
         1704836292.959  1086  1254 D ASH     : @ 1007163.758: tcs3701: start power rail timer, state:3
         1704836292.999  1086  1254 I ASH     : @ 1007163.798: tcs3701: stop power rail pending_off timer
         1704836292.999  1086  1254 D ASH     : @ 1007163.798: tcs3701: start power rail timer, state:3
         1704836293.039  1086  1254 I ASH     : @ 1007163.838: tcs3701: stop power rail pending_off timer
         1704836293.039  1086  1254 D ASH     : @ 1007163.838: tcs3701: start power rail timer, state:3
         1704836293.079  1086  1254 I ASH     : @ 1007163.878: tcs3701: stop power rail pending_off timer
         1704836293.079  1086  1254 D ASH     : @ 1007163.878: tcs3701: start power rail timer, state:3
         1704836293.119  1086  1254 I ASH     : @ 1007163.918: tcs3701: stop power rail pending_off timer
         1704836293.119  1086  1254 D ASH     : @ 1007163.918: tcs3701: start power rail timer, state:3
         1704836293.159  1086  1254 I ASH     : @ 1007163.958: tcs3701: stop power rail pending_off timer
         1704836293.159  1086  1254 D ASH     : @ 1007163.958: tcs3701: start power rail timer, state:3
         1704836293.199  1086  1254 I ASH     : @ 1007163.998: tcs3701: stop power rail pending_off timer
         1704836293.199  1086  1254 D ASH     : @ 1007163.998: tcs3701: start power rail timer, state:3
         1704836293.239  1086  1254 I ASH     : @ 1007164.038: tcs3701: stop power rail pending_off timer
         1704836293.239  1086  1254 D ASH     : @ 1007164.038: tcs3701: start power rail timer, state:3
         1704836293.279  1086  1254 I ASH     : @ 1007164.078: tcs3701: stop power rail pending_off timer
         1704836293.279  1086  1254 D ASH     : @ 1007164.078: tcs3701: start power rail timer, state:3
         1704836293.319  1086  1254 I ASH     : @ 1007164.118: tcs3701: stop power rail pending_off timer
         1704836293.319  1086  1254 D ASH     : @ 1007164.118: tcs3701: start power rail timer, state:3
         1704836293.359  1086  1254 I ASH     : @ 1007164.158: tcs3701: stop power rail pending_off timer
         1704836293.359  1086  1254 D ASH     : @ 1007164.158: tcs3701: start power rail timer, state:3
         1704836293.399  1086  1254 I ASH     : @ 1007164.198: tcs3701: stop power rail pending_off timer
         1704836293.399  1086  1254 D ASH     : @ 1007164.198: tcs3701: start power rail timer, state:3
         1704836293.439  1086  1254 I ASH     : @ 1007164.238: tcs3701: stop power rail pending_off timer
         1704836293.439  1086  1254 D ASH     : @ 1007164.238: tcs3701: start power rail timer, state:3
         1704836293.479  1086  1254 I ASH     : @ 1007164.278: tcs3701: stop power rail pending_off timer
         1704836293.479  1086  1254 D ASH     : @ 1007164.278: tcs3701: start power rail timer, state:3
         1704836293.519  1086  1254 I ASH     : @ 1007164.318: tcs3701: stop power rail pending_off timer
         1704836293.519  1086  1254 D ASH     : @ 1007164.318: tcs3701: start power rail timer, state:3
         1704836293.559  1086  1254 I ASH     : @ 1007164.358: tcs3701: stop power rail pending_off timer
         1704836293.559  1086  1254 D ASH     : @ 1007164.358: tcs3701: start power rail timer, state:3
         1704836293.599  1086  1254 I ASH     : @ 1007164.398: tcs3701: stop power rail pending_off timer
         1704836293.599  1086  1254 D ASH     : @ 1007164.399: tcs3701: start power rail timer, state:3
         1704836293.639  1086  1254 I ASH     : @ 1007164.438: tcs3701: stop power rail pending_off timer
         1704836293.639  1086  1254 D ASH     : @ 1007164.438: tcs3701: start power rail timer, state:3
         1704836293.679  1086  1254 I ASH     : @ 1007164.478: tcs3701: stop power rail pending_off timer
         1704836293.679  1086  1254 D ASH     : @ 1007164.478: tcs3701: start power rail timer, state:3
         1704836293.719  1086  1254 I ASH     : @ 1007164.518: tcs3701: stop power rail pending_off timer
         1704836293.720  1086  1254 D ASH     : @ 1007164.518: tcs3701: start power rail timer, state:3
         1704836293.761  1086  1254 I ASH     : @ 1007164.558: tcs3701: stop power rail pending_off timer
         1704836293.761  1086  1254 D ASH     : @ 1007164.559: tcs3701: start power rail timer, state:3
         1704836293.801  1086  1254 I ASH     : @ 1007164.598: tcs3701: stop power rail pending_off timer
         1704836293.801  1086  1254 D ASH     : @ 1007164.599: tcs3701: start power rail timer, state:3
         1704836293.840  1086  1254 I ASH     : @ 1007164.638: tcs3701: stop power rail pending_off timer
         1704836293.840  1086  1254 D ASH     : @ 1007164.638: tcs3701: start power rail timer, state:3
         1704836293.881  1086  1254 I ASH     : @ 1007164.678: tcs3701: stop power rail pending_off timer
         1704836293.881  1086  1254 D ASH     : @ 1007164.678: tcs3701: start power rail timer, state:3
         1704836293.921  1086  1254 I ASH     : @ 1007164.718: tcs3701: stop power rail pending_off timer
         1704836293.921  1086  1254 D ASH     : @ 1007164.719: tcs3701: start power rail timer, state:3
         1704836293.961  1086  1254 I ASH     : @ 1007164.758: tcs3701: stop power rail pending_off timer
         1704836293.961  1086  1254 D ASH     : @ 1007164.759: tcs3701: start power rail timer, state:3
         1704836294.001  1086  1254 I ASH     : @ 1007164.798: tcs3701: stop power rail pending_off timer
         1704836294.001  1086  1254 D ASH     : @ 1007164.798: tcs3701: start power rail timer, state:3
         1704836294.040  1086  1254 I ASH     : @ 1007164.838: tcs3701: stop power rail pending_off timer
         1704836294.040  1086  1254 D ASH     : @ 1007164.838: tcs3701: start power rail timer, state:3
         1704836294.081  1086  1254 I ASH     : @ 1007164.878: tcs3701: stop power rail pending_off timer
         1704836294.081  1086  1254 D ASH     : @ 1007164.879: tcs3701: start power rail timer, state:3
         1704836294.121  1086  1254 I ASH     : @ 1007164.918: tcs3701: stop power rail pending_off timer
         1704836294.121  1086  1254 D ASH     : @ 1007164.918: tcs3701: start power rail timer, state:3
         1704836294.161  1086  1254 I ASH     : @ 1007164.958: tcs3701: stop power rail pending_off timer
         1704836294.161  1086  1254 D ASH     : @ 1007164.959: tcs3701: start power rail timer, state:3
         1704836294.201  1086  1254 I ASH     : @ 1007164.998: tcs3701: stop power rail pending_off timer
         1704836294.201  1086  1254 D ASH     : @ 1007164.998: tcs3701: start power rail timer, state:3
         1704836294.240  1086  1254 I ASH     : @ 1007165.038: tcs3701: stop power rail pending_off timer
         1704836294.240  1086  1254 D ASH     : @ 1007165.038: tcs3701: start power rail timer, state:3
         1704836294.281  1086  1254 I ASH     : @ 1007165.078: tcs3701: stop power rail pending_off timer
         1704836294.281  1086  1254 D ASH     : @ 1007165.078: tcs3701: start power rail timer, state:3
         1704836294.321  1086  1254 I ASH     : @ 1007165.118: tcs3701: stop power rail pending_off timer
         1704836294.321  1086  1254 D ASH     : @ 1007165.118: tcs3701: start power rail timer, state:3
         1704836294.361  1086  1254 I ASH     : @ 1007165.158: tcs3701: stop power rail pending_off timer
         1704836294.361  1086  1254 D ASH     : @ 1007165.159: tcs3701: start power rail timer, state:3
         1704836294.401  1086  1254 I ASH     : @ 1007165.198: tcs3701: stop power rail pending_off timer
         1704836294.401  1086  1254 D ASH     : @ 1007165.198: tcs3701: start power rail timer, state:3
         1704836294.440  1086  1254 I ASH     : @ 1007165.238: tcs3701: stop power rail pending_off timer
         1704836294.440  1086  1254 D ASH     : @ 1007165.238: tcs3701: start power rail timer, state:3
         1704836294.481  1086  1254 I ASH     : @ 1007165.278: tcs3701: stop power rail pending_off timer
         1704836294.481  1086  1254 D ASH     : @ 1007165.278: tcs3701: start power rail timer, state:3
         1704836294.519  1086  1254 I ASH     : @ 1007165.318: tcs3701: stop power rail pending_off timer
         1704836294.520  1086  1254 D ASH     : @ 1007165.318: tcs3701: start power rail timer, state:3
         1704836294.559  1086  1254 I ASH     : @ 1007165.358: tcs3701: stop power rail pending_off timer
         1704836294.559  1086  1254 D ASH     : @ 1007165.359: tcs3701: start power rail timer, state:3
         1704836294.599  1086  1254 I ASH     : @ 1007165.398: tcs3701: stop power rail pending_off timer
         1704836294.599  1086  1254 D ASH     : @ 1007165.398: tcs3701: start power rail timer, state:3
         1704836294.640  1086  1254 I ASH     : @ 1007165.438: tcs3701: stop power rail pending_off timer
         1704836294.640  1086  1254 D ASH     : @ 1007165.438: tcs3701: start power rail timer, state:3
         1704836294.680  1086  1254 I ASH     : @ 1007165.478: tcs3701: stop power rail pending_off timer
         1704836294.680  1086  1254 D ASH     : @ 1007165.479: tcs3701: start power rail timer, state:3
         1704836294.719  1086  1254 I ASH     : @ 1007165.518: tcs3701: stop power rail pending_off timer
         1704836294.719  1086  1254 D ASH     : @ 1007165.518: tcs3701: start power rail timer, state:3
         1704836294.759  1086  1254 I ASH     : @ 1007165.558: tcs3701: stop power rail pending_off timer
         1704836294.760  1086  1254 D ASH     : @ 1007165.558: tcs3701: start power rail timer, state:3
         1704836294.799  1086  1254 I ASH     : @ 1007165.598: tcs3701: stop power rail pending_off timer
         1704836294.799  1086  1254 D ASH     : @ 1007165.598: tcs3701: start power rail timer, state:3
         1704836294.839  1086  1254 I ASH     : @ 1007165.638: tcs3701: stop power rail pending_off timer
         1704836294.839  1086  1254 D ASH     : @ 1007165.638: tcs3701: start power rail timer, state:3
         1704836294.879  1086  1254 I ASH     : @ 1007165.678: tcs3701: stop power rail pending_off timer
         1704836294.879  1086  1254 D ASH     : @ 1007165.678: tcs3701: start power rail timer, state:3
         1704836294.919  1086  1254 I ASH     : @ 1007165.718: tcs3701: stop power rail pending_off timer
         1704836294.919  1086  1254 D ASH     : @ 1007165.718: tcs3701: start power rail timer, state:3
         1704836294.959  1086  1254 I ASH     : @ 1007165.758: tcs3701: stop power rail pending_off timer
         1704836294.959  1086  1254 D ASH     : @ 1007165.758: tcs3701: start power rail timer, state:3
         1704836294.980  1799  1822 I dashscene: 3360 frames over 3360 vsyncs
         1704836294.999  1086  1254 I ASH     : @ 1007165.798: tcs3701: stop power rail pending_off timer
         1704836294.999  1086  1254 D ASH     : @ 1007165.798: tcs3701: start power rail timer, state:3
         1704836295.039  1086  1254 I ASH     : @ 1007165.838: tcs3701: stop power rail pending_off timer
         1704836295.039  1086  1254 D ASH     : @ 1007165.838: tcs3701: start power rail timer, state:3
         1704836295.079  1086  1254 I ASH     : @ 1007165.878: tcs3701: stop power rail pending_off timer
         1704836295.079  1086  1254 D ASH     : @ 1007165.878: tcs3701: start power rail timer, state:3
         1704836295.119  1086  1254 I ASH     : @ 1007165.918: tcs3701: stop power rail pending_off timer
         1704836295.119  1086  1254 D ASH     : @ 1007165.918: tcs3701: start power rail timer, state:3
         1704836295.159  1086  1254 I ASH     : @ 1007165.958: tcs3701: stop power rail pending_off timer
         1704836295.159  1086  1254 D ASH     : @ 1007165.958: tcs3701: start power rail timer, state:3
         1704836295.199  1086  1254 I ASH     : @ 1007165.998: tcs3701: stop power rail pending_off timer
         1704836295.199  1086  1254 D ASH     : @ 1007165.998: tcs3701: start power rail timer, state:3
         1704836295.239  1086  1254 I ASH     : @ 1007166.038: tcs3701: stop power rail pending_off timer
         1704836295.239  1086  1254 D ASH     : @ 1007166.038: tcs3701: start power rail timer, state:3
         1704836295.279  1086  1254 I ASH     : @ 1007166.078: tcs3701: stop power rail pending_off timer
         1704836295.279  1086  1254 D ASH     : @ 1007166.078: tcs3701: start power rail timer, state:3
         1704836295.319  1086  1254 I ASH     : @ 1007166.118: tcs3701: stop power rail pending_off timer
         1704836295.319  1086  1254 D ASH     : @ 1007166.118: tcs3701: start power rail timer, state:3
         1704836295.359  1086  1254 I ASH     : @ 1007166.158: tcs3701: stop power rail pending_off timer
         1704836295.359  1086  1254 D ASH     : @ 1007166.158: tcs3701: start power rail timer, state:3
         1704836295.399  1086  1254 I ASH     : @ 1007166.198: tcs3701: stop power rail pending_off timer
         1704836295.399  1086  1254 D ASH     : @ 1007166.198: tcs3701: start power rail timer, state:3
         1704836295.439  1086  1254 I ASH     : @ 1007166.238: tcs3701: stop power rail pending_off timer
         1704836295.439  1086  1254 D ASH     : @ 1007166.238: tcs3701: start power rail timer, state:3
         1704836295.479  1086  1254 I ASH     : @ 1007166.278: tcs3701: stop power rail pending_off timer
         1704836295.479  1086  1254 D ASH     : @ 1007166.278: tcs3701: start power rail timer, state:3
         1704836295.519  1086  1254 I ASH     : @ 1007166.318: tcs3701: stop power rail pending_off timer
         1704836295.519  1086  1254 D ASH     : @ 1007166.318: tcs3701: start power rail timer, state:3
         1704836295.559  1086  1254 I ASH     : @ 1007166.358: tcs3701: stop power rail pending_off timer
         1704836295.559  1086  1254 D ASH     : @ 1007166.358: tcs3701: start power rail timer, state:3
         1704836295.599  1086  1254 I ASH     : @ 1007166.398: tcs3701: stop power rail pending_off timer
         1704836295.599  1086  1254 D ASH     : @ 1007166.398: tcs3701: start power rail timer, state:3
         1704836295.639  1086  1254 I ASH     : @ 1007166.438: tcs3701: stop power rail pending_off timer
         1704836295.639  1086  1254 D ASH     : @ 1007166.438: tcs3701: start power rail timer, state:3
         1704836295.679  1086  1254 I ASH     : @ 1007166.478: tcs3701: stop power rail pending_off timer
         1704836295.679  1086  1254 D ASH     : @ 1007166.478: tcs3701: start power rail timer, state:3
         1704836295.719  1086  1254 I ASH     : @ 1007166.518: tcs3701: stop power rail pending_off timer
         1704836295.719  1086  1254 D ASH     : @ 1007166.518: tcs3701: start power rail timer, state:3
         1704836295.759  1086  1254 I ASH     : @ 1007166.558: tcs3701: stop power rail pending_off timer
         1704836295.759  1086  1254 D ASH     : @ 1007166.558: tcs3701: start power rail timer, state:3
         1704836295.799  1086  1254 I ASH     : @ 1007166.598: tcs3701: stop power rail pending_off timer
         1704836295.799  1086  1254 D ASH     : @ 1007166.598: tcs3701: start power rail timer, state:3
         1704836295.839  1086  1254 I ASH     : @ 1007166.638: tcs3701: stop power rail pending_off timer
         1704836295.839  1086  1254 D ASH     : @ 1007166.638: tcs3701: start power rail timer, state:3
         1704836295.879  1086  1254 I ASH     : @ 1007166.678: tcs3701: stop power rail pending_off timer
         1704836295.879  1086  1254 D ASH     : @ 1007166.678: tcs3701: start power rail timer, state:3
         1704836295.919  1086  1254 I ASH     : @ 1007166.718: tcs3701: stop power rail pending_off timer
         1704836295.919  1086  1254 D ASH     : @ 1007166.718: tcs3701: start power rail timer, state:3
         1704836295.959  1086  1254 I ASH     : @ 1007166.758: tcs3701: stop power rail pending_off timer
         1704836295.959  1086  1254 D ASH     : @ 1007166.758: tcs3701: start power rail timer, state:3
         1704836295.999  1086  1254 I ASH     : @ 1007166.798: tcs3701: stop power rail pending_off timer
         1704836295.999  1086  1254 D ASH     : @ 1007166.798: tcs3701: start power rail timer, state:3
         1704836296.039  1086  1254 I ASH     : @ 1007166.838: tcs3701: stop power rail pending_off timer
         1704836296.039  1086  1254 D ASH     : @ 1007166.838: tcs3701: start power rail timer, state:3
         1704836296.079  1086  1254 I ASH     : @ 1007166.878: tcs3701: stop power rail pending_off timer
         1704836296.079  1086  1254 D ASH     : @ 1007166.878: tcs3701: start power rail timer, state:3
         1704836296.120  1086  1254 I ASH     : @ 1007166.918: tcs3701: stop power rail pending_off timer
         1704836296.120  1086  1254 D ASH     : @ 1007166.918: tcs3701: start power rail timer, state:3
         1704836296.159  1086  1254 I ASH     : @ 1007166.958: tcs3701: stop power rail pending_off timer
         1704836296.159  1086  1254 D ASH     : @ 1007166.958: tcs3701: start power rail timer, state:3
         1704836296.201  1086  1254 I ASH     : @ 1007166.998: tcs3701: stop power rail pending_off timer
         1704836296.201  1086  1254 D ASH     : @ 1007166.998: tcs3701: start power rail timer, state:3
         1704836296.241  1086  1254 I ASH     : @ 1007167.038: tcs3701: stop power rail pending_off timer
         1704836296.241  1086  1254 D ASH     : @ 1007167.038: tcs3701: start power rail timer, state:3
         1704836296.281  1086  1254 I ASH     : @ 1007167.078: tcs3701: stop power rail pending_off timer
         1704836296.281  1086  1254 D ASH     : @ 1007167.079: tcs3701: start power rail timer, state:3
         1704836296.321  1086  1254 I ASH     : @ 1007167.118: tcs3701: stop power rail pending_off timer
         1704836296.321  1086  1254 D ASH     : @ 1007167.118: tcs3701: start power rail timer, state:3
         1704836296.360  1086  1254 I ASH     : @ 1007167.158: tcs3701: stop power rail pending_off timer
         1704836296.360  1086  1254 D ASH     : @ 1007167.158: tcs3701: start power rail timer, state:3
         1704836296.401  1086  1254 I ASH     : @ 1007167.198: tcs3701: stop power rail pending_off timer
         1704836296.401  1086  1254 D ASH     : @ 1007167.198: tcs3701: start power rail timer, state:3
         1704836296.441  1086  1254 I ASH     : @ 1007167.238: tcs3701: stop power rail pending_off timer
         1704836296.441  1086  1254 D ASH     : @ 1007167.239: tcs3701: start power rail timer, state:3
         1704836296.481  1086  1254 I ASH     : @ 1007167.278: tcs3701: stop power rail pending_off timer
         1704836296.481  1086  1254 D ASH     : @ 1007167.278: tcs3701: start power rail timer, state:3
         1704836296.521  1086  1254 I ASH     : @ 1007167.318: tcs3701: stop power rail pending_off timer
         1704836296.521  1086  1254 D ASH     : @ 1007167.319: tcs3701: start power rail timer, state:3
         1704836296.559  1086  1254 I ASH     : @ 1007167.358: tcs3701: stop power rail pending_off timer
         1704836296.560  1086  1254 D ASH     : @ 1007167.359: tcs3701: start power rail timer, state:3
         1704836296.601  1086  1254 I ASH     : @ 1007167.398: tcs3701: stop power rail pending_off timer
         1704836296.601  1086  1254 D ASH     : @ 1007167.398: tcs3701: start power rail timer, state:3
         1704836296.641  1086  1254 I ASH     : @ 1007167.438: tcs3701: stop power rail pending_off timer
         1704836296.641  1086  1254 D ASH     : @ 1007167.439: tcs3701: start power rail timer, state:3
         1704836296.681  1086  1254 I ASH     : @ 1007167.478: tcs3701: stop power rail pending_off timer
         1704836296.681  1086  1254 D ASH     : @ 1007167.479: tcs3701: start power rail timer, state:3
         1704836296.721  1086  1254 I ASH     : @ 1007167.518: tcs3701: stop power rail pending_off timer
         1704836296.722  1086  1254 D ASH     : @ 1007167.519: tcs3701: start power rail timer, state:3
         1704836296.760  1086  1254 I ASH     : @ 1007167.558: tcs3701: stop power rail pending_off timer
         1704836296.760  1086  1254 D ASH     : @ 1007167.559: tcs3701: start power rail timer, state:3
         1704836296.801  1086  1254 I ASH     : @ 1007167.598: tcs3701: stop power rail pending_off timer
         1704836296.801  1086  1254 D ASH     : @ 1007167.598: tcs3701: start power rail timer, state:3
         1704836296.841  1086  1254 I ASH     : @ 1007167.638: tcs3701: stop power rail pending_off timer
         1704836296.841  1086  1254 D ASH     : @ 1007167.638: tcs3701: start power rail timer, state:3
         1704836296.881  1086  1254 I ASH     : @ 1007167.678: tcs3701: stop power rail pending_off timer
         1704836296.881  1086  1254 D ASH     : @ 1007167.678: tcs3701: start power rail timer, state:3
         1704836296.921  1086  1254 I ASH     : @ 1007167.718: tcs3701: stop power rail pending_off timer
         1704836296.921  1086  1254 D ASH     : @ 1007167.718: tcs3701: start power rail timer, state:3
         1704836296.960  1086  1254 I ASH     : @ 1007167.758: tcs3701: stop power rail pending_off timer
         1704836296.960  1086  1254 D ASH     : @ 1007167.758: tcs3701: start power rail timer, state:3
         1704836297.001  1086  1254 I ASH     : @ 1007167.798: tcs3701: stop power rail pending_off timer
         1704836297.002  1086  1254 D ASH     : @ 1007167.798: tcs3701: start power rail timer, state:3
         1704836297.040  1086  1254 I ASH     : @ 1007167.838: tcs3701: stop power rail pending_off timer
         1704836297.040  1086  1254 D ASH     : @ 1007167.839: tcs3701: start power rail timer, state:3
         1704836297.079  1086  1254 I ASH     : @ 1007167.878: tcs3701: stop power rail pending_off timer
         1704836297.079  1086  1254 D ASH     : @ 1007167.878: tcs3701: start power rail timer, state:3
         1704836297.119  1086  1254 I ASH     : @ 1007167.918: tcs3701: stop power rail pending_off timer
         1704836297.119  1086  1254 D ASH     : @ 1007167.918: tcs3701: start power rail timer, state:3
         1704836297.159  1086  1254 I ASH     : @ 1007167.958: tcs3701: stop power rail pending_off timer
         1704836297.160  1086  1254 D ASH     : @ 1007167.958: tcs3701: start power rail timer, state:3
         1704836297.199  1086  1254 I ASH     : @ 1007167.998: tcs3701: stop power rail pending_off timer
         1704836297.200  1086  1254 D ASH     : @ 1007167.998: tcs3701: start power rail timer, state:3
         1704836297.239  1086  1254 I ASH     : @ 1007168.038: tcs3701: stop power rail pending_off timer
         1704836297.239  1086  1254 D ASH     : @ 1007168.038: tcs3701: start power rail timer, state:3
         1704836297.280  1086  1254 I ASH     : @ 1007168.078: tcs3701: stop power rail pending_off timer
         1704836297.280  1086  1254 D ASH     : @ 1007168.078: tcs3701: start power rail timer, state:3
         1704836297.319  1086  1254 I ASH     : @ 1007168.118: tcs3701: stop power rail pending_off timer
         1704836297.319  1086  1254 D ASH     : @ 1007168.118: tcs3701: start power rail timer, state:3
         1704836297.359  1086  1254 I ASH     : @ 1007168.158: tcs3701: stop power rail pending_off timer
         1704836297.359  1086  1254 D ASH     : @ 1007168.158: tcs3701: start power rail timer, state:3
         1704836297.399  1086  1254 I ASH     : @ 1007168.198: tcs3701: stop power rail pending_off timer
         1704836297.399  1086  1254 D ASH     : @ 1007168.198: tcs3701: start power rail timer, state:3
         1704836297.439  1086  1254 I ASH     : @ 1007168.238: tcs3701: stop power rail pending_off timer
         1704836297.439  1086  1254 D ASH     : @ 1007168.238: tcs3701: start power rail timer, state:3
         1704836297.479  1086  1254 I ASH     : @ 1007168.278: tcs3701: stop power rail pending_off timer
         1704836297.479  1086  1254 D ASH     : @ 1007168.278: tcs3701: start power rail timer, state:3
         1704836297.519  1086  1254 I ASH     : @ 1007168.318: tcs3701: stop power rail pending_off timer
         1704836297.519  1086  1254 D ASH     : @ 1007168.318: tcs3701: start power rail timer, state:3
         1704836297.559  1086  1254 I ASH     : @ 1007168.358: tcs3701: stop power rail pending_off timer
         1704836297.559  1086  1254 D ASH     : @ 1007168.359: tcs3701: start power rail timer, state:3
         1704836297.599  1086  1254 I ASH     : @ 1007168.398: tcs3701: stop power rail pending_off timer
         1704836297.600  1086  1254 D ASH     : @ 1007168.398: tcs3701: start power rail timer, state:3
         1704836297.639  1086  1254 I ASH     : @ 1007168.438: tcs3701: stop power rail pending_off timer
         1704836297.639  1086  1254 D ASH     : @ 1007168.438: tcs3701: start power rail timer, state:3
         1704836297.679  1086  1254 I ASH     : @ 1007168.478: tcs3701: stop power rail pending_off timer
         1704836297.679  1086  1254 D ASH     : @ 1007168.478: tcs3701: start power rail timer, state:3
         1704836297.719  1086  1254 I ASH     : @ 1007168.518: tcs3701: stop power rail pending_off timer
         1704836297.719  1086  1254 D ASH     : @ 1007168.518: tcs3701: start power rail timer, state:3
         1704836297.727  1785  2464 E WifiScoringParams: Invalid frequency(-1), using 5G as default rssi array
         1704836297.759  1086  1254 I ASH     : @ 1007168.558: tcs3701: stop power rail pending_off timer
         1704836297.759  1086  1254 D ASH     : @ 1007168.558: tcs3701: start power rail timer, state:3
         1704836297.799  1086  1254 I ASH     : @ 1007168.598: tcs3701: stop power rail pending_off timer
         1704836297.799  1086  1254 D ASH     : @ 1007168.598: tcs3701: start power rail timer, state:3
         1704836297.839  1086  1254 I ASH     : @ 1007168.638: tcs3701: stop power rail pending_off timer
         1704836297.839  1086  1254 D ASH     : @ 1007168.638: tcs3701: start power rail timer, state:3
         1704836297.879  1086  1254 I ASH     : @ 1007168.678: tcs3701: stop power rail pending_off timer
         1704836297.879  1086  1254 D ASH     : @ 1007168.678: tcs3701: start power rail timer, state:3
         1704836297.919  1086  1254 I ASH     : @ 1007168.718: tcs3701: stop power rail pending_off timer
         1704836297.919  1086  1254 D ASH     : @ 1007168.718: tcs3701: start power rail timer, state:3
         1704836297.959  1086  1254 I ASH     : @ 1007168.758: tcs3701: stop power rail pending_off timer
         1704836297.959  1086  1254 D ASH     : @ 1007168.758: tcs3701: start power rail timer, state:3
         1704836297.999  1086  1254 I ASH     : @ 1007168.798: tcs3701: stop power rail pending_off timer
         1704836297.999  1086  1254 D ASH     : @ 1007168.798: tcs3701: start power rail timer, state:3
         1704836298.039  1086  1254 I ASH     : @ 1007168.838: tcs3701: stop power rail pending_off timer
         1704836298.039  1086  1254 D ASH     : @ 1007168.838: tcs3701: start power rail timer, state:3
         1704836298.079  1086  1254 I ASH     : @ 1007168.878: tcs3701: stop power rail pending_off timer
         1704836298.079  1086  1254 D ASH     : @ 1007168.878: tcs3701: start power rail timer, state:3
         1704836298.119  1086  1254 I ASH     : @ 1007168.918: tcs3701: stop power rail pending_off timer
         1704836298.119  1086  1254 D ASH     : @ 1007168.918: tcs3701: start power rail timer, state:3
         1704836298.159  1086  1254 I ASH     : @ 1007168.958: tcs3701: stop power rail pending_off timer
         1704836298.159  1086  1254 D ASH     : @ 1007168.958: tcs3701: start power rail timer, state:3
         1704836298.199  1086  1254 I ASH     : @ 1007168.998: tcs3701: stop power rail pending_off timer
         1704836298.199  1086  1254 D ASH     : @ 1007168.998: tcs3701: start power rail timer, state:3
         1704836298.239  1086  1254 I ASH     : @ 1007169.038: tcs3701: stop power rail pending_off timer
         1704836298.239  1086  1254 D ASH     : @ 1007169.039: tcs3701: start power rail timer, state:3
         1704836298.280  1086  1254 I ASH     : @ 1007169.078: tcs3701: stop power rail pending_off timer
         1704836298.280  1086  1254 D ASH     : @ 1007169.078: tcs3701: start power rail timer, state:3
         1704836298.319  1086  1254 I ASH     : @ 1007169.118: tcs3701: stop power rail pending_off timer
         1704836298.319  1086  1254 D ASH     : @ 1007169.118: tcs3701: start power rail timer, state:3
         1704836298.359  1086  1254 I ASH     : @ 1007169.158: tcs3701: stop power rail pending_off timer
         1704836298.359  1086  1254 D ASH     : @ 1007169.158: tcs3701: start power rail timer, state:3
         1704836298.400  1086  1254 I ASH     : @ 1007169.198: tcs3701: stop power rail pending_off timer
         1704836298.400  1086  1254 D ASH     : @ 1007169.198: tcs3701: start power rail timer, state:3
         1704836298.439  1086  1254 I ASH     : @ 1007169.238: tcs3701: stop power rail pending_off timer
         1704836298.439  1086  1254 D ASH     : @ 1007169.238: tcs3701: start power rail timer, state:3
         1704836298.479  1086  1254 I ASH     : @ 1007169.278: tcs3701: stop power rail pending_off timer
         1704836298.479  1086  1254 D ASH     : @ 1007169.278: tcs3701: start power rail timer, state:3
         1704836298.503  1799  1822 I dashscene: surfaces over 240 frames — tick 1.06 ms, paint mean 0.10 p50 0.09, submit mean 22.77 p50 19.20 p95 31.06 max 73.16 ms (41.8 fps if unpaced) — 2 run(s), 32 glyph(s)
         1704836298.519  1086  1254 I ASH     : @ 1007169.318: tcs3701: stop power rail pending_off timer
         1704836298.519  1086  1254 D ASH     : @ 1007169.318: tcs3701: start power rail timer, state:3
         1704836298.559  1086  1254 I ASH     : @ 1007169.358: tcs3701: stop power rail pending_off timer
         1704836298.559  1086  1254 D ASH     : @ 1007169.358: tcs3701: start power rail timer, state:3
         1704836298.599  1086  1254 I ASH     : @ 1007169.398: tcs3701: stop power rail pending_off timer
         1704836298.599  1086  1254 D ASH     : @ 1007169.398: tcs3701: start power rail timer, state:3
         1704836298.639  1086  1254 I ASH     : @ 1007169.438: tcs3701: stop power rail pending_off timer
         1704836298.639  1086  1254 D ASH     : @ 1007169.438: tcs3701: start power rail timer, state:3
         1704836298.680  1086  1254 I ASH     : @ 1007169.478: tcs3701: stop power rail pending_off timer
         1704836298.680  1086  1254 D ASH     : @ 1007169.478: tcs3701: start power rail timer, state:3
         1704836298.719  1086  1254 I ASH     : @ 1007169.518: tcs3701: stop power rail pending_off timer
         1704836298.719  1086  1254 D ASH     : @ 1007169.518: tcs3701: start power rail timer, state:3
         1704836298.759  1086  1254 I ASH     : @ 1007169.558: tcs3701: stop power rail pending_off timer
         1704836298.759  1086  1254 D ASH     : @ 1007169.558: tcs3701: start power rail timer, state:3
         1704836298.801  1086  1254 I ASH     : @ 1007169.598: tcs3701: stop power rail pending_off timer
         1704836298.801  1086  1254 D ASH     : @ 1007169.598: tcs3701: start power rail timer, state:3
         1704836298.841  1086  1254 I ASH     : @ 1007169.638: tcs3701: stop power rail pending_off timer
         1704836298.841  1086  1254 D ASH     : @ 1007169.639: tcs3701: start power rail timer, state:3
         1704836298.881  1086  1254 I ASH     : @ 1007169.678: tcs3701: stop power rail pending_off timer
         1704836298.881  1086  1254 D ASH     : @ 1007169.678: tcs3701: start power rail timer, state:3
         1704836298.920  1086  1254 I ASH     : @ 1007169.718: tcs3701: stop power rail pending_off timer
         1704836298.920  1086  1254 D ASH     : @ 1007169.719: tcs3701: start power rail timer, state:3
         1704836298.960  1086  1254 I ASH     : @ 1007169.758: tcs3701: stop power rail pending_off timer
         1704836298.960  1086  1254 D ASH     : @ 1007169.758: tcs3701: start power rail timer, state:3
         1704836299.001  1086  1254 I ASH     : @ 1007169.798: tcs3701: stop power rail pending_off timer
         1704836299.001  1086  1254 D ASH     : @ 1007169.799: tcs3701: start power rail timer, state:3
         1704836299.040  1086  1254 I ASH     : @ 1007169.838: tcs3701: stop power rail pending_off timer
         1704836299.040  1086  1254 D ASH     : @ 1007169.839: tcs3701: start power rail timer, state:3
         1704836299.081  1086  1254 I ASH     : @ 1007169.878: tcs3701: stop power rail pending_off timer
         1704836299.081  1086  1254 D ASH     : @ 1007169.878: tcs3701: start power rail timer, state:3
         1704836299.121  1086  1254 I ASH     : @ 1007169.918: tcs3701: stop power rail pending_off timer
         1704836299.121  1086  1254 D ASH     : @ 1007169.918: tcs3701: start power rail timer, state:3
         1704836299.160  1086  1254 I ASH     : @ 1007169.958: tcs3701: stop power rail pending_off timer
         1704836299.160  1086  1254 D ASH     : @ 1007169.958: tcs3701: start power rail timer, state:3
         1704836299.201  1086  1254 I ASH     : @ 1007169.998: tcs3701: stop power rail pending_off timer
         1704836299.201  1086  1254 D ASH     : @ 1007169.998: tcs3701: start power rail timer, state:3
         1704836299.241  1086  1254 I ASH     : @ 1007170.038: tcs3701: stop power rail pending_off timer
         1704836299.241  1086  1254 D ASH     : @ 1007170.039: tcs3701: start power rail timer, state:3
         1704836299.281  1086  1254 I ASH     : @ 1007170.078: tcs3701: stop power rail pending_off timer
         1704836299.281  1086  1254 D ASH     : @ 1007170.078: tcs3701: start power rail timer, state:3
         1704836299.321  1086  1254 I ASH     : @ 1007170.118: tcs3701: stop power rail pending_off timer
         1704836299.321  1086  1254 D ASH     : @ 1007170.119: tcs3701: start power rail timer, state:3
         1704836299.360  1086  1254 I ASH     : @ 1007170.158: tcs3701: stop power rail pending_off timer
         1704836299.360  1086  1254 D ASH     : @ 1007170.158: tcs3701: start power rail timer, state:3
         1704836299.401  1086  1254 I ASH     : @ 1007170.198: tcs3701: stop power rail pending_off timer
         1704836299.401  1086  1254 D ASH     : @ 1007170.198: tcs3701: start power rail timer, state:3
         1704836299.441  1086  1254 I ASH     : @ 1007170.238: tcs3701: stop power rail pending_off timer
         1704836299.441  1086  1254 D ASH     : @ 1007170.238: tcs3701: start power rail timer, state:3
         1704836299.479  1086  1254 I ASH     : @ 1007170.278: tcs3701: stop power rail pending_off timer
         1704836299.480  1086  1254 D ASH     : @ 1007170.278: tcs3701: start power rail timer, state:3
         1704836299.520  1086  1254 I ASH     : @ 1007170.318: tcs3701: stop power rail pending_off timer
         1704836299.520  1086  1254 D ASH     : @ 1007170.319: tcs3701: start power rail timer, state:3
         1704836299.559  1086  1254 I ASH     : @ 1007170.358: tcs3701: stop power rail pending_off timer
         1704836299.559  1086  1254 D ASH     : @ 1007170.358: tcs3701: start power rail timer, state:3
         1704836299.599  1086  1254 I ASH     : @ 1007170.398: tcs3701: stop power rail pending_off timer
         1704836299.599  1086  1254 D ASH     : @ 1007170.399: tcs3701: start power rail timer, state:3
         1704836299.639  1086  1254 I ASH     : @ 1007170.438: tcs3701: stop power rail pending_off timer
         1704836299.640  1086  1254 D ASH     : @ 1007170.438: tcs3701: start power rail timer, state:3
         1704836299.679  1086  1254 I ASH     : @ 1007170.478: tcs3701: stop power rail pending_off timer
         1704836299.679  1086  1254 D ASH     : @ 1007170.478: tcs3701: start power rail timer, state:3
         1704836299.719  1086  1254 I ASH     : @ 1007170.518: tcs3701: stop power rail pending_off timer
         1704836299.720  1086  1254 D ASH     : @ 1007170.519: tcs3701: start power rail timer, state:3
         1704836299.759  1086  1254 I ASH     : @ 1007170.558: tcs3701: stop power rail pending_off timer
         1704836299.760  1086  1254 D ASH     : @ 1007170.558: tcs3701: start power rail timer, state:3
         1704836299.799  1086  1254 I ASH     : @ 1007170.598: tcs3701: stop power rail pending_off timer
         1704836299.799  1086  1254 D ASH     : @ 1007170.598: tcs3701: start power rail timer, state:3
         1704836299.839  1086  1254 I ASH     : @ 1007170.638: tcs3701: stop power rail pending_off timer
         1704836299.839  1086  1254 D ASH     : @ 1007170.638: tcs3701: start power rail timer, state:3
         1704836299.881  1086  1254 I ASH     : @ 1007170.678: tcs3701: stop power rail pending_off timer
         1704836299.881  1086  1254 D ASH     : @ 1007170.678: tcs3701: start power rail timer, state:3
         1704836299.919  1086  1254 I ASH     : @ 1007170.718: tcs3701: stop power rail pending_off timer
         1704836299.919  1086  1254 D ASH     : @ 1007170.718: tcs3701: start power rail timer, state:3
         1704836299.959  1086  1254 I ASH     : @ 1007170.758: tcs3701: stop power rail pending_off timer
         1704836299.959  1086  1254 D ASH     : @ 1007170.758: tcs3701: start power rail timer, state:3
         1704836299.999  1086  1254 I ASH     : @ 1007170.798: tcs3701: stop power rail pending_off timer
         1704836299.999  1086  1254 D ASH     : @ 1007170.798: tcs3701: start power rail timer, state:3
         1704836300.039  1086  1254 I ASH     : @ 1007170.838: tcs3701: stop power rail pending_off timer
         1704836300.039  1086  1254 D ASH     : @ 1007170.838: tcs3701: start power rail timer, state:3
         1704836300.079  1086  1254 I ASH     : @ 1007170.878: tcs3701: stop power rail pending_off timer
         1704836300.079  1086  1254 D ASH     : @ 1007170.878: tcs3701: start power rail timer, state:3
         1704836300.119  1086  1254 I ASH     : @ 1007170.918: tcs3701: stop power rail pending_off timer
         1704836300.119  1086  1254 D ASH     : @ 1007170.918: tcs3701: start power rail timer, state:3
         1704836300.159  1086  1254 I ASH     : @ 1007170.958: tcs3701: stop power rail pending_off timer
         1704836300.159  1086  1254 D ASH     : @ 1007170.958: tcs3701: start power rail timer, state:3
         1704836300.199  1086  1254 I ASH     : @ 1007170.998: tcs3701: stop power rail pending_off timer
         1704836300.199  1086  1254 D ASH     : @ 1007170.998: tcs3701: start power rail timer, state:3
         1704836300.239  1086  1254 I ASH     : @ 1007171.038: tcs3701: stop power rail pending_off timer
         1704836300.239  1086  1254 D ASH     : @ 1007171.038: tcs3701: start power rail timer, state:3
         1704836300.279  1086  1254 I ASH     : @ 1007171.078: tcs3701: stop power rail pending_off timer
         1704836300.279  1086  1254 D ASH     : @ 1007171.078: tcs3701: start power rail timer, state:3
         1704836300.319  1086  1254 I ASH     : @ 1007171.118: tcs3701: stop power rail pending_off timer
         1704836300.319  1086  1254 D ASH     : @ 1007171.118: tcs3701: start power rail timer, state:3
         1704836300.359  1086  1254 I ASH     : @ 1007171.158: tcs3701: stop power rail pending_off timer
         1704836300.360  1086  1254 D ASH     : @ 1007171.158: tcs3701: start power rail timer, state:3
         1704836300.399  1086  1254 I ASH     : @ 1007171.198: tcs3701: stop power rail pending_off timer
         1704836300.399  1086  1254 D ASH     : @ 1007171.198: tcs3701: start power rail timer, state:3
         1704836300.439  1086  1254 I ASH     : @ 1007171.238: tcs3701: stop power rail pending_off timer
         1704836300.439  1086  1254 D ASH     : @ 1007171.238: tcs3701: start power rail timer, state:3
         1704836300.479  1086  1254 I ASH     : @ 1007171.278: tcs3701: stop power rail pending_off timer
         1704836300.479  1086  1254 D ASH     : @ 1007171.278: tcs3701: start power rail timer, state:3
         1704836300.519  1086  1254 I ASH     : @ 1007171.318: tcs3701: stop power rail pending_off timer
         1704836300.519  1086  1254 D ASH     : @ 1007171.318: tcs3701: start power rail timer, state:3
         1704836300.559  1086  1254 I ASH     : @ 1007171.358: tcs3701: stop power rail pending_off timer
         1704836300.559  1086  1254 D ASH     : @ 1007171.359: tcs3701: start power rail timer, state:3
         1704836300.599  1086  1254 I ASH     : @ 1007171.398: tcs3701: stop power rail pending_off timer
         1704836300.599  1086  1254 D ASH     : @ 1007171.398: tcs3701: start power rail timer, state:3
         1704836300.639  1086  1254 I ASH     : @ 1007171.438: tcs3701: stop power rail pending_off timer
         1704836300.639  1086  1254 D ASH     : @ 1007171.438: tcs3701: start power rail timer, state:3
         1704836300.679  1086  1254 I ASH     : @ 1007171.478: tcs3701: stop power rail pending_off timer
         1704836300.679  1086  1254 D ASH     : @ 1007171.478: tcs3701: start power rail timer, state:3
         1704836300.719  1086  1254 I ASH     : @ 1007171.518: tcs3701: stop power rail pending_off timer
         1704836300.719  1086  1254 D ASH     : @ 1007171.518: tcs3701: start power rail timer, state:3
         1704836300.759  1785  3761 D WifiNl80211Manager: Scan result ready event
         1704836300.759  1785  3761 D WifiNative: Scan result ready event
         1704836300.761  1086  1254 I ASH     : @ 1007171.558: tcs3701: stop power rail pending_off timer
         1704836300.761  1086  1254 D ASH     : @ 1007171.558: tcs3701: start power rail timer, state:3
         1704836300.761  1465  2557 I LOWI-9.0.0.89.f: [LOWI-Scan] lowi_close_record:Scan done in 1007155174ms, 16 APs in scan results
         1704836300.785  1785  2464 D PasspointManager: ANQP entry not found for: a2:19:21:f2:ee:0d:<>
         1704836300.785  1785  2464 D PasspointManager: ANQP entry not found for: a2:19:21:f2:ee:0e:<Villeneuve>
         1704836300.787  1785  2464 D PasspointManager: ANQP entry not found for: be:19:21:f3:26:d4:<>
         1704836300.787  1785  2464 D PasspointManager: ANQP entry not found for: be:19:21:f3:26:d5:<Villeneuve>
         1704836300.788  1785  2464 D PasspointManager: ANQP entry not found for: 8c:97:ea:c1:f5:60:<Freebox-3485DF>
         1704836300.799  1086  1254 I ASH     : @ 1007171.598: tcs3701: stop power rail pending_off timer
         1704836300.799  1086  1254 D ASH     : @ 1007171.598: tcs3701: start power rail timer, state:3
         1704836300.839  1086  1254 I ASH     : @ 1007171.638: tcs3701: stop power rail pending_off timer
         1704836300.839  1086  1254 D ASH     : @ 1007171.638: tcs3701: start power rail timer, state:3
         1704836300.879  1086  1254 I ASH     : @ 1007171.678: tcs3701: stop power rail pending_off timer
         1704836300.879  1086  1254 D ASH     : @ 1007171.678: tcs3701: start power rail timer, state:3
         1704836300.919  1086  1254 I ASH     : @ 1007171.718: tcs3701: stop power rail pending_off timer
         1704836300.919  1086  1254 D ASH     : @ 1007171.718: tcs3701: start power rail timer, state:3
         1704836300.959  1086  1254 I ASH     : @ 1007171.758: tcs3701: stop power rail pending_off timer
         1704836300.959  1086  1254 D ASH     : @ 1007171.758: tcs3701: start power rail timer, state:3
         1704836300.999  1086  1254 I ASH     : @ 1007171.798: tcs3701: stop power rail pending_off timer
         1704836300.999  1086  1254 D ASH     : @ 1007171.798: tcs3701: start power rail timer, state:3
         1704836301.039  1086  1254 I ASH     : @ 1007171.838: tcs3701: stop power rail pending_off timer
         1704836301.039  1086  1254 D ASH     : @ 1007171.838: tcs3701: start power rail timer, state:3
         1704836301.079  1086  1254 I ASH     : @ 1007171.878: tcs3701: stop power rail pending_off timer
         1704836301.079  1086  1254 D ASH     : @ 1007171.878: tcs3701: start power rail timer, state:3
         1704836301.119  1086  1254 I ASH     : @ 1007171.918: tcs3701: stop power rail pending_off timer
         1704836301.119  1086  1254 D ASH     : @ 1007171.918: tcs3701: start power rail timer, state:3
         1704836301.128  1799  1822 I dashscene: 3600 frames over 3600 vsyncs
         1704836301.159  1086  1254 I ASH     : @ 1007171.958: tcs3701: stop power rail pending_off timer
         1704836301.159  1086  1254 D ASH     : @ 1007171.958: tcs3701: start power rail timer, state:3
         1704836301.200  1086  1254 I ASH     : @ 1007171.998: tcs3701: stop power rail pending_off timer
         1704836301.200  1086  1254 D ASH     : @ 1007171.999: tcs3701: start power rail timer, state:3
         1704836301.241  1086  1254 I ASH     : @ 1007172.038: tcs3701: stop power rail pending_off timer
         1704836301.241  1086  1254 D ASH     : @ 1007172.039: tcs3701: start power rail timer, state:3
         1704836301.280  1086  1254 I ASH     : @ 1007172.078: tcs3701: stop power rail pending_off timer
         1704836301.280  1086  1254 D ASH     : @ 1007172.079: tcs3701: start power rail timer, state:3
         1704836301.321  1086  1254 I ASH     : @ 1007172.118: tcs3701: stop power rail pending_off timer
         1704836301.321  1086  1254 D ASH     : @ 1007172.118: tcs3701: start power rail timer, state:3
         1704836301.361  1086  1254 I ASH     : @ 1007172.158: tcs3701: stop power rail pending_off timer
         1704836301.361  1086  1254 D ASH     : @ 1007172.158: tcs3701: start power rail timer, state:3
         1704836301.401  1086  1254 I ASH     : @ 1007172.198: tcs3701: stop power rail pending_off timer
         1704836301.401  1086  1254 D ASH     : @ 1007172.198: tcs3701: start power rail timer, state:3
         1704836301.441  1086  1254 I ASH     : @ 1007172.238: tcs3701: stop power rail pending_off timer
         1704836301.441  1086  1254 D ASH     : @ 1007172.238: tcs3701: start power rail timer, state:3
         1704836301.479  1086  1254 I ASH     : @ 1007172.278: tcs3701: stop power rail pending_off timer
         1704836301.480  1086  1254 D ASH     : @ 1007172.278: tcs3701: start power rail timer, state:3
         1704836301.521  1086  1254 I ASH     : @ 1007172.318: tcs3701: stop power rail pending_off timer
         1704836301.521  1086  1254 D ASH     : @ 1007172.319: tcs3701: start power rail timer, state:3
         1704836301.561  1086  1254 I ASH     : @ 1007172.358: tcs3701: stop power rail pending_off timer
         1704836301.561  1086  1254 D ASH     : @ 1007172.358: tcs3701: start power rail timer, state:3
         1704836301.601  1086  1254 I ASH     : @ 1007172.398: tcs3701: stop power rail pending_off timer
         1704836301.601  1086  1254 D ASH     : @ 1007172.398: tcs3701: start power rail timer, state:3
         1704836301.641  1086  1254 I ASH     : @ 1007172.438: tcs3701: stop power rail pending_off timer
         1704836301.641  1086  1254 D ASH     : @ 1007172.438: tcs3701: start power rail timer, state:3
         1704836301.680  1086  1254 I ASH     : @ 1007172.478: tcs3701: stop power rail pending_off timer
         1704836301.680  1086  1254 D ASH     : @ 1007172.478: tcs3701: start power rail timer, state:3
         1704836301.721  1086  1254 I ASH     : @ 1007172.518: tcs3701: stop power rail pending_off timer
         1704836301.721  1086  1254 D ASH     : @ 1007172.519: tcs3701: start power rail timer, state:3
         1704836301.761  1086  1254 I ASH     : @ 1007172.558: tcs3701: stop power rail pending_off timer
         1704836301.761  1086  1254 D ASH     : @ 1007172.559: tcs3701: start power rail timer, state:3
         1704836301.801  1086  1254 I ASH     : @ 1007172.598: tcs3701: stop power rail pending_off timer
         1704836301.801  1086  1254 D ASH     : @ 1007172.598: tcs3701: start power rail timer, state:3
         1704836301.841  1086  1254 I ASH     : @ 1007172.638: tcs3701: stop power rail pending_off timer
         1704836301.841  1086  1254 D ASH     : @ 1007172.638: tcs3701: start power rail timer, state:3
         1704836301.879  1086  1254 I ASH     : @ 1007172.678: tcs3701: stop power rail pending_off timer
         1704836301.880  1086  1254 D ASH     : @ 1007172.679: tcs3701: start power rail timer, state:3
         1704836301.921  1086  1254 I ASH     : @ 1007172.718: tcs3701: stop power rail pending_off timer
         1704836301.921  1086  1254 D ASH     : @ 1007172.718: tcs3701: start power rail timer, state:3
         1704836301.961  1086  1254 I ASH     : @ 1007172.758: tcs3701: stop power rail pending_off timer
         1704836301.961  1086  1254 D ASH     : @ 1007172.758: tcs3701: start power rail timer, state:3
