--------- beginning of system
         1703829811.507  1785  2541 W ActivityTaskManager: callingPackage for (uid=2000, pid=7554) has no WPC
         1703829811.509  1785  2541 D CompatibilityChangeReporter: Compat change id reported: 265464455; UID 10266; state: DISABLED
         1703829811.509  1785  2541 D CompatibilityChangeReporter: Compat change id reported: 265452344; UID 10266; state: DISABLED
--------- beginning of main
         1703829811.509  1086  1254 I ASH     : @ 682.319: tcs3701: stop power rail pending_off timer
         1703829811.509  1086  1254 D ASH     : @ 682.319: tcs3701: start power rail timer, state:3
         1703829811.509  1785  2541 D CompatibilityChangeReporter: Compat change id reported: 266124927; UID 10266; state: DISABLED
         1703829811.510  1785  2541 D CompatibilityChangeReporter: Compat change id reported: 265451093; UID 10266; state: DISABLED
         1703829811.510  1785  2541 D CompatibilityChangeReporter: Compat change id reported: 265456536; UID 10266; state: DISABLED
         1703829811.510  1785  2541 D CompatibilityChangeReporter: Compat change id reported: 255940284; UID 10266; state: DISABLED
         1703829811.510  1785  2541 D CompatibilityChangeReporter: Compat change id reported: 236283604; UID 10266; state: DISABLED
         1703829811.510  1785  2541 D CompatibilityChangeReporter: Compat change id reported: 263959004; UID 10266; state: DISABLED
         1703829811.511  1785  2541 D CompatibilityChangeReporter: Compat change id reported: 264304459; UID 10266; state: DISABLED
         1703829811.511  1785  2541 D CompatibilityChangeReporter: Compat change id reported: 264301586; UID 10266; state: DISABLED
         1703829811.511  1785  2541 D CompatibilityChangeReporter: Compat change id reported: 254631730; UID 10266; state: DISABLED
         1703829811.511  1785  2541 D CompatibilityChangeReporter: Compat change id reported: 273509367; UID 10266; state: DISABLED
         1703829811.511  1785  2541 D CompatibilityChangeReporter: Compat change id reported: 263259275; UID 10266; state: DISABLED
         1703829811.512  1785  2541 D CompatibilityChangeReporter: Compat change id reported: 174042980; UID 10266; state: DISABLED
         1703829811.512  1785  2541 D CompatibilityChangeReporter: Compat change id reported: 174042936; UID 10266; state: DISABLED
         1703829811.512  1785  2541 D CompatibilityChangeReporter: Compat change id reported: 181136395; UID 10266; state: DISABLED
         1703829811.513  1785  2541 D CompatibilityChangeReporter: Compat change id reported: 194480991; UID 10266; state: ENABLED
         1703829811.517  1785  2541 D CompatibilityChangeReporter: Compat change id reported: 184838306; UID 10266; state: DISABLED
         1703829811.518  1785  2541 D CompatibilityChangeReporter: Compat change id reported: 185004937; UID 10266; state: DISABLED
         1703829811.519  1785  2541 D CompatibilityChangeReporter: Compat change id reported: 197654537; UID 10266; state: ENABLED
         1703829811.520  1785  2541 D CompatibilityChangeReporter: Compat change id reported: 205907456; UID 10266; state: ENABLED
         1703829811.522  1785  2541 I ActivityTaskManager: Add Task{66c4936 #53 type=standard A=10266:dev.driftsys.dashscene.demo} to hidden list because adding Task{88e360d #54 type=standard A=10266:dev.driftsys.dashscene.demo}
         1703829811.524  1785  2541 I ActivityTaskManager: START u0 {flg=0x10000000 cmp=dev.driftsys.dashscene.demo/.DemoActivity (has extras)} with LAUNCH_MULTIPLE from uid 2000 (BAL_ALLOW_PERMISSION) result code=0
         1703829811.524  2565  2589 V WindowManagerShell: Transition requested: android.os.BinderProxy@a4bdcca TransitionRequestInfo { type = OPEN, triggerTask = TaskInfo{userId=0 taskId=54 displayId=0 isRunning=true baseIntent=Intent { flg=0x10000000 cmp=dev.driftsys.dashscene.demo/.DemoActivity } baseActivity=ComponentInfo{dev.driftsys.dashscene.demo/dev.driftsys.dashscene.demo.DemoActivity} topActivity=ComponentInfo{dev.driftsys.dashscene.demo/dev.driftsys.dashscene.demo.DemoActivity} origActivity=null realActivity=ComponentInfo{dev.driftsys.dashscene.demo/dev.driftsys.dashscene.demo.DemoActivity} numActivities=1 lastActiveTime=679469 supportsMultiWindow=true resizeMode=2 isResizeable=true minWidth=-1 minHeight=-1 defaultMinSize=220 token=WCT{android.window.IWindowContainerToken$Stub$Proxy@dcebe3b} topActivityType=1 pictureInPictureParams=null shouldDockBigOverlays=false launchIntoPipHostTaskId=-1 lastParentTaskIdBeforePip=-1 displayCutoutSafeInsets=Rect(0, 42 - 0, 0) topActivityInfo=ActivityInfo{b9f2958 dev.driftsys.dashscene.demo.DemoActivity} launchCookies=[] positionInParent=Point(0, 0) parentTaskId=-1 isFocused=false isVisible=false isVisibleRequested=false isSleeping=false topActivityInSizeCompat=false topActivityEligibleForLetterboxEducation= false topActivityLetterboxed= false isFromDoubleTap= false topActivityLetterboxVerticalPosition= -1 topActivityLetterboxHorizontalPosition= -1 topActivityLetterboxWidth=-1 topActivityLetterboxHeight=-1 locusId=null displayAreaFeatureId=1 cameraCompatControlState=hidden}, remoteTransition = null, displayChange = null }
         1703829811.525  2565  2603 W Parcel  : Expecting binder but got null!
         1703829811.525  1785  2098 D CompatibilityChangeReporter: Compat change id reported: 135634846; UID 10266; state: DISABLED
         1703829811.526  1785  2098 D CompatibilityChangeReporter: Compat change id reported: 177438394; UID 10266; state: DISABLED
         1703829811.526  1785  2098 D CompatibilityChangeReporter: Compat change id reported: 135772972; UID 10266; state: DISABLED
         1703829811.526  1785  2098 D CompatibilityChangeReporter: Compat change id reported: 135754954; UID 10266; state: ENABLED
         1703829811.526  1785  4024 D CompatibilityChangeReporter: Compat change id reported: 168419799; UID 10266; state: DISABLED
         1703829811.526  1785  2125 D CompatibilityChangeReporter: Compat change id reported: 143937733; UID 10266; state: ENABLED
         1703829811.526  1785  4024 D CompatibilityChangeReporter: Compat change id reported: 273564678; UID 10266; state: DISABLED
         1703829811.530  1041  1041 D Zygote  : Forked child process 7557
         1703829811.531  1785  2125 I ActivityManager: Start proc 7557:dev.driftsys.dashscene.demo/u0a266 for next-top-activity {dev.driftsys.dashscene.demo/dev.driftsys.dashscene.demo.DemoActivity}
         1703829811.535  1785  4024 D CoreBackPreview: Window{ef52609 u0 Splash Screen dev.driftsys.dashscene.demo}: Setting back callback OnBackInvokedCallbackInfo{mCallback=android.window.IOnBackInvokedCallback$Stub$Proxy@4aba83c, mPriority=0, mIsAnimationCallback=false}
         1703829811.535  7557  7557 I .dashscene.demo: Using CollectorTypeCC GC.
         1703829811.538  7557  7557 E .dashscene.demo: Not starting debugger since process cannot load the jdwp agent.
         1703829811.542  2565  2599 E OpenGLRenderer: Unable to match the desired swap behavior.
         1703829811.547  1785  2380 D CompatibilityChangeReporter: Compat change id reported: 265195908; UID 10266; state: ENABLED
         1703829811.547  7557  7557 D CompatibilityChangeReporter: Compat change id reported: 171979766; UID 10266; state: ENABLED
         1703829811.548  7557  7557 D CompatibilityChangeReporter: Compat change id reported: 242716250; UID 10266; state: ENABLED
         1703829811.549  1785  4031 D CompatibilityChangeReporter: Compat change id reported: 170503758; UID 10266; state: ENABLED
         1703829811.550  1785  2100 W WindowManager: Failed to deliver inset control state change to w=Window{7dfca45 u0 dev.driftsys.dashscene.demo/dev.driftsys.dashscene.demo.DemoActivity EXITING}
         1703829811.550  1785  2100 W WindowManager: android.os.DeadObjectException
         1703829811.550  1785  2100 W WindowManager: 	at android.os.BinderProxy.transactNative(Native Method)
         1703829811.550  1785  2100 W WindowManager: 	at android.os.BinderProxy.transact(BinderProxy.java:584)
         1703829811.550  1785  2100 W WindowManager: 	at android.view.IWindow$Stub$Proxy.insetsControlChanged(IWindow.java:479)
         1703829811.550  1785  2100 W WindowManager: 	at com.android.server.wm.WindowState.notifyInsetsControlChanged(WindowState.java:3802)
         1703829811.550  1785  2100 W WindowManager: 	at com.android.server.wm.InsetsStateController.lambda$notifyPendingInsetsControlChanged$3(InsetsStateController.java:343)
         1703829811.550  1785  2100 W WindowManager: 	at com.android.server.wm.InsetsStateController.$r8$lambda$8yykPRG1GyNq_J17QvL9d5xANMc(InsetsStateController.java:0)
         1703829811.550  1785  2100 W WindowManager: 	at com.android.server.wm.InsetsStateController$$ExternalSyntheticLambda2.run(R8$$SyntheticClass:0)
         1703829811.550  1785  2100 W WindowManager: 	at com.android.server.wm.WindowAnimator.executeAfterPrepareSurfacesRunnables(WindowAnimator.java:294)
         1703829811.550  1785  2100 W WindowManager: 	at com.android.server.wm.RootWindowContainer.performSurfacePlacementNoTrace(RootWindowContainer.java:811)
         1703829811.550  1785  2100 W WindowManager: 	at com.android.server.wm.RootWindowContainer.performSurfacePlacement(RootWindowContainer.java:756)
         1703829811.550  1785  2100 W WindowManager: 	at com.android.server.wm.WindowSurfacePlacer.performSurfacePlacementLoop(WindowSurfacePlacer.java:177)
         1703829811.550  1785  2100 W WindowManager: 	at com.android.server.wm.WindowSurfacePlacer.performSurfacePlacement(WindowSurfacePlacer.java:126)
         1703829811.550  1785  2100 W WindowManager: 	at com.android.server.wm.WindowSurfacePlacer.performSurfacePlacement(WindowSurfacePlacer.java:115)
         1703829811.550  1785  2100 W WindowManager: 	at com.android.server.wm.WindowSurfacePlacer$Traverser.run(WindowSurfacePlacer.java:57)
         1703829811.550  1785  2100 W WindowManager: 	at android.os.Handler.handleCallback(Handler.java:958)
         1703829811.550  1785  2100 W WindowManager: 	at android.os.Handler.dispatchMessage(Handler.java:99)
         1703829811.550  1785  2100 W WindowManager: 	at android.os.Looper.loopOnce(Looper.java:205)
         1703829811.550  1785  2100 W WindowManager: 	at android.os.Looper.loop(Looper.java:294)
         1703829811.550  1785  2100 W WindowManager: 	at android.os.HandlerThread.run(HandlerThread.java:67)
         1703829811.550  1785  2100 W WindowManager: 	at com.android.server.ServiceThread.run(ServiceThread.java:46)
         1703829811.550  7557  7557 W ziparchive: Unable to open '/data/app/~~j3a7ayr92PjK-XjeG9TDWg==/dev.driftsys.dashscene.demo-hnMobYzGxDhhS0TkiTV-cg==/base.dm': No such file or directory
         1703829811.550  7557  7557 W ziparchive: Unable to open '/data/app/~~j3a7ayr92PjK-XjeG9TDWg==/dev.driftsys.dashscene.demo-hnMobYzGxDhhS0TkiTV-cg==/base.dm': No such file or directory
         1703829811.550  2565  2589 V WindowManagerShell: onTransitionReady android.os.BinderProxy@a4bdcca: {id=15 t=OPEN f=0x0 trk=0 r=[0@Point(0, 0)] c=[{WCT{android.window.IWindowContainerToken$Stub$Proxy@fab3e0f} m=OPEN f=NONE leash=Surface(name=Task=54)/@0xa9dcb70 sb=Rect(0, 0 - 1280, 720) eb=Rect(0, 0 - 1280, 720) d=0},{WCT{android.window.IWindowContainerToken$Stub$Proxy@76c2e9c} m=TO_BACK f=SHOW_WALLPAPER leash=Surface(name=Task=1)/@0x1cbeee9 sb=Rect(0, 0 - 1280, 720) eb=Rect(0, 0 - 1280, 720) d=0}]}
         1703829811.551  1785  2095 V WindowManager: Sent Transition #15 createdAt=12-29 07:03:31.513 via request=TransitionRequestInfo { type = OPEN, triggerTask = TaskInfo{userId=0 taskId=54 displayId=0 isRunning=true baseIntent=Intent { flg=0x10000000 cmp=dev.driftsys.dashscene.demo/.DemoActivity } baseActivity=ComponentInfo{dev.driftsys.dashscene.demo/dev.driftsys.dashscene.demo.DemoActivity} topActivity=ComponentInfo{dev.driftsys.dashscene.demo/dev.driftsys.dashscene.demo.DemoActivity} origActivity=null realActivity=ComponentInfo{dev.driftsys.dashscene.demo/dev.driftsys.dashscene.demo.DemoActivity} numActivities=1 lastActiveTime=679469 supportsMultiWindow=true resizeMode=2 isResizeable=true minWidth=-1 minHeight=-1 defaultMinSize=220 token=WCT{RemoteToken{985bc7d Task{88e360d #54 type=standard A=10266:dev.driftsys.dashscene.demo}}} topActivityType=1 pictureInPictureParams=null shouldDockBigOverlays=false launchIntoPipHostTaskId=-1 lastParentTaskIdBeforePip=-1 displayCutoutSafeInsets=Rect(0, 42 - 0, 0) topActivityInfo=ActivityInfo{30d8772 dev.driftsys.dashscene.demo.DemoActivity} launchCookies=[] positionInParent=Point(0, 0) parentTaskId=-1 isFocused=false isVisible=false isVisibleRequested=false isSleeping=false topActivityInSizeCompat=false topActivityEligibleForLetterboxEducation= false topActivityLetterboxed= false isFromDoubleTap= false topActivityLetterboxVerticalPosition= -1 topActivityLetterboxHorizontalPosition= -1 topActivityLetterboxWidth=-1 topActivityLetterboxHeight=-1 locusId=null displayAreaFeatureId=1 cameraCompatControlState=hidden}, remoteTransition = null, displayChange = null }
         1703829811.551  2565  2589 V WindowManagerShell: Transition (#15)android.os.BinderProxy@a4bdcca@0 ready while (#14)android.os.BinderProxy@b08cbc5@0 is still animating. Notify the animating transition in case they can be merged
         1703829811.551  1785  2095 V WindowManager:     startWCT=WindowContainerTransaction { changes = {} hops = [] errorCallbackToken=null taskFragmentOrganizer=null }
         1703829811.551  7557  7557 D nativeloader: Configuring clns-4 for other apk /data/app/~~j3a7ayr92PjK-XjeG9TDWg==/dev.driftsys.dashscene.demo-hnMobYzGxDhhS0TkiTV-cg==/base.apk. target_sdk_version=34, uses_libraries=, library_path=/data/app/~~j3a7ayr92PjK-XjeG9TDWg==/dev.driftsys.dashscene.demo-hnMobYzGxDhhS0TkiTV-cg==/lib/arm64:/data/app/~~j3a7ayr92PjK-XjeG9TDWg==/dev.driftsys.dashscene.demo-hnMobYzGxDhhS0TkiTV-cg==/base.apk!/lib/arm64-v8a, permitted_path=/data:/mnt/expand:/data/user/0/dev.driftsys.dashscene.demo
         1703829811.551  1785  2095 V WindowManager:     info={id=15 t=OPEN f=0x0 trk=0 r=[0@Point(0, 0)] c=[{WCT{RemoteToken{985bc7d Task{88e360d #54 type=standard A=10266:dev.driftsys.dashscene.demo}}} m=OPEN f=NONE leash=Surface(name=Task=54)/@0x39e8d41 sb=Rect(0, 0 - 1280, 720) eb=Rect(0, 0 - 1280, 720) d=0},{WCT{RemoteToken{b323a89 Task{bfe9da4 #1 type=home}}} m=TO_BACK f=SHOW_WALLPAPER leash=Surface(name=Task=1)/@0xbe01ecc sb=Rect(0, 0 - 1280, 720) eb=Rect(0, 0 - 1280, 720) d=0}]}
         1703829811.552  1086  1254 I ASH     : @ 682.359: tcs3701: stop power rail pending_off timer
         1703829811.552  1086  1254 D ASH     : @ 682.359: tcs3701: start power rail timer, state:3
         1703829811.555  2565  2589 V WindowManagerShell: Transition animation finished (aborted=false), notifying core (#14)android.os.BinderProxy@b08cbc5@0
         1703829811.555  7557  7557 V GraphicsEnvironment: Currently set values for:
         1703829811.555  7557  7557 V GraphicsEnvironment:   angle_gl_driver_selection_pkgs=[]
         1703829811.555  7557  7557 V GraphicsEnvironment:   angle_gl_driver_selection_values=[]
         1703829811.555  7557  7557 V GraphicsEnvironment: ANGLE GameManagerService for dev.driftsys.dashscene.demo: false
         1703829811.555  7557  7557 V GraphicsEnvironment: dev.driftsys.dashscene.demo is not listed in per-application setting
         1703829811.556  7557  7557 V GraphicsEnvironment: Updatable production driver is not supported on the device.
         1703829811.556  1785  2095 V WindowManager: Finish Transition #14: created at 12-29 07:03:31.362 collect-started=0.101ms request-sent=0.298ms started=8.959ms ready=8.909ms sent=69.398ms finished=193.2ms
         1703829811.556  1785  4031 W WindowManager: Exception thrown during dispatchAppVisibility Window{7dfca45 u0 dev.driftsys.dashscene.demo/dev.driftsys.dashscene.demo.DemoActivity EXITING}
         1703829811.556  1785  4031 W WindowManager: android.os.DeadObjectException
         1703829811.556  1785  4031 W WindowManager: 	at android.os.BinderProxy.transactNative(Native Method)
         1703829811.556  1785  4031 W WindowManager: 	at android.os.BinderProxy.transact(BinderProxy.java:584)
         1703829811.556  1785  4031 W WindowManager: 	at android.view.IWindow$Stub$Proxy.dispatchAppVisibility(IWindow.java:546)
         1703829811.556  1785  4031 W WindowManager: 	at com.android.server.wm.WindowState.sendAppVisibilityToClients(WindowState.java:3271)
         1703829811.556  1785  4031 W WindowManager: 	at com.android.server.wm.WindowContainer.sendAppVisibilityToClients(WindowContainer.java:1221)
         1703829811.556  1785  4031 W WindowManager: 	at com.android.server.wm.WindowToken.setClientVisible(WindowToken.java:409)
         1703829811.556  1785  4031 W WindowManager: 	at com.android.server.wm.ActivityRecord.setClientVisible(ActivityRecord.java:6946)
         1703829811.556  1785  4031 W WindowManager: 	at com.android.server.wm.ActivityRecord.postApplyAnimation(ActivityRecord.java:5637)
         1703829811.556  1785  4031 W WindowManager: 	at com.android.server.wm.ActivityRecord.commitVisibility(ActivityRecord.java:5580)
         1703829811.556  1785  4031 W WindowManager: 	at com.android.server.wm.Transition.finishTransition(Transition.java:1151)
         1703829811.556  1785  4031 W WindowManager: 	at com.android.server.wm.TransitionController.finishTransition(TransitionController.java:875)
         1703829811.556  1785  4031 W WindowManager: 	at com.android.server.wm.WindowOrganizerController.finishTransition(WindowOrganizerController.java:396)
         1703829811.556  1785  4031 W WindowManager: 	at android.window.IWindowOrganizerController$Stub.onTransact(IWindowOrganizerController.java:286)
         1703829811.556  1785  4031 W WindowManager: 	at com.android.server.wm.WindowOrganizerController.onTransact(WindowOrganizerController.java:181)
         1703829811.556  1785  4031 W WindowManager: 	at android.os.Binder.execTransactInternal(Binder.java:1339)
         1703829811.556  1785  4031 W WindowManager: 	at android.os.Binder.execTransact(Binder.java:1275)
         1703829811.556  1785  4031 I Process : Sending signal. PID: 7155 SIG: 9
         1703829811.558  1785  3970 I ActivityManager: Flag disabled. Ignoring finishAttachApplication from uid: 10266. pid: 7557
         1703829811.561  1785  4031 W WindowManager: Failed to deliver inset control state change to w=Window{7dfca45 u0 dev.driftsys.dashscene.demo/dev.driftsys.dashscene.demo.DemoActivity EXITING}
         1703829811.561  1785  4031 W WindowManager: android.os.DeadObjectException
         1703829811.561  1785  4031 W WindowManager: 	at android.os.BinderProxy.transactNative(Native Method)
         1703829811.561  1785  4031 W WindowManager: 	at android.os.BinderProxy.transact(BinderProxy.java:584)
         1703829811.561  1785  4031 W WindowManager: 	at android.view.IWindow$Stub$Proxy.insetsControlChanged(IWindow.java:479)
         1703829811.561  1785  4031 W WindowManager: 	at com.android.server.wm.WindowState.notifyInsetsControlChanged(WindowState.java:3802)
         1703829811.561  1785  4031 W WindowManager: 	at com.android.server.wm.InsetsStateController.lambda$notifyPendingInsetsControlChanged$3(InsetsStateController.java:343)
         1703829811.561  1785  4031 W WindowManager: 	at com.android.server.wm.InsetsStateController.$r8$lambda$8yykPRG1GyNq_J17QvL9d5xANMc(InsetsStateController.java:0)
         1703829811.561  1785  4031 W WindowManager: 	at com.android.server.wm.InsetsStateController$$ExternalSyntheticLambda2.run(R8$$SyntheticClass:0)
         1703829811.561  1785  4031 W WindowManager: 	at com.android.server.wm.WindowAnimator.executeAfterPrepareSurfacesRunnables(WindowAnimator.java:294)
         1703829811.561  1785  4031 W WindowManager: 	at com.android.server.wm.RootWindowContainer.performSurfacePlacementNoTrace(RootWindowContainer.java:811)
         1703829811.561  1785  4031 W WindowManager: 	at com.android.server.wm.RootWindowContainer.performSurfacePlacement(RootWindowContainer.java:756)
         1703829811.561  1785  4031 W WindowManager: 	at com.android.server.wm.WindowSurfacePlacer.performSurfacePlacementLoop(WindowSurfacePlacer.java:177)
         1703829811.561  1785  4031 W WindowManager: 	at com.android.server.wm.WindowSurfacePlacer.performSurfacePlacement(WindowSurfacePlacer.java:126)
         1703829811.561  1785  4031 W WindowManager: 	at com.android.server.wm.WindowSurfacePlacer.performSurfacePlacement(WindowSurfacePlacer.java:115)
         1703829811.561  1785  4031 W WindowManager: 	at com.android.server.wm.WindowState.setupWindowForRemoveOnExit(WindowState.java:2538)
         1703829811.561  1785  4031 W WindowManager: 	at com.android.server.wm.WindowState.removeIfPossible(WindowState.java:2498)
         1703829811.561  1785  4031 W WindowManager: 	at com.android.server.wm.WindowToken.removeAllWindowsIfPossible(WindowToken.java:249)
         1703829811.561  1785  4031 W WindowManager: 	at com.android.server.wm.ActivityRecord.removeIfPossible(ActivityRecord.java:4259)
         1703829811.561  1785  4031 W WindowManager: 	at com.android.server.wm.ActivityRecord.handleCompleteDeferredRemoval(ActivityRecord.java:4266)
         1703829811.561  1785  4031 W WindowManager: 	at com.android.server.wm.WindowContainer.handleCompleteDeferredRemoval(WindowContainer.java:1396)
         1703829811.561  1785  4031 W WindowManager: 	at com.android.server.wm.TaskFragment.handleCompleteDeferredRemoval(TaskFragment.java:2844)
         1703829811.561  1785  4031 W WindowManager: 	at com.android.server.wm.WindowContainer.handleCompleteDeferredRemoval(WindowContainer.java:1396)
         1703829811.561  1785  4031 W WindowManager: 	at com.android.server.wm.WindowContainer.handleCompleteDeferredRemoval(WindowContainer.java:1396)
         1703829811.561  1785  4031 W WindowManager: 	at com.android.server.wm.WindowContainer.handleCompleteDeferredRemoval(WindowContainer.java:1396)
         1703829811.561  1785  4031 W WindowManager: 	at com.android.server.wm.WindowContainer.handleCompleteDeferredRemoval(WindowContainer.java:1396)
         1703829811.561  1785  4031 W WindowManager: 	at com.android.server.wm.WindowContainer.handleCompleteDeferredRemoval(WindowContainer.java:1396)
         1703829811.561  1785  4031 W WindowManager: 	at com.android.server.wm.WindowContainer.handleCompleteDeferredRemoval(WindowContainer.java:1396)
         1703829811.561  1785  4031 W WindowManager: 	at com.android.server.wm.DisplayContent.handleCompleteDeferredRemoval(DisplayContent.java:3382)
         1703829811.561  1785  4031 W WindowManager: 	at com.android.server.wm.Transition.finishTransition(Transition.java:1322)
         1703829811.561  1785  4031 W WindowManager: 	at com.android.server.wm.TransitionController.finishTransition(TransitionController.java:875)
         1703829811.561  1785  4031 W WindowManager: 	at com.android.server.wm.WindowOrganizerController.finishTransition(WindowOrganizerController.java:396)
         1703829811.561  1785  4031 W WindowManager: 	at android.window.IWindowOrganizerController$Stub.onTransact(IWindowOrganizerController.java:286)
         1703829811.561  1785  4031 W WindowManager: 	at com.android.server.wm.WindowOrganizerController.onTransact(WindowOrganizerController.java:181)
         1703829811.561  1785  4031 W WindowManager: 	at android.os.Binder.execTransactInternal(Binder.java:1339)
         1703829811.561  1785  4031 W WindowManager: 	at android.os.Binder.execTransact(Binder.java:1275)
         1703829811.562  1785  2098 W ActivityManager: setHasOverlayUi called on unknown pid: 7155
         1703829811.565  2565  2589 V WindowManagerShell: Playing animation for (#15)android.os.BinderProxy@a4bdcca@0
         1703829811.565  2565  2589 V WindowManagerShell:  try handler com.android.wm.shell.transition.DefaultMixedHandler@83c3803
         1703829811.565  2565  2589 V WindowManagerShell:  try handler com.android.wm.shell.keyguard.KeyguardTransitionHandler@6f380
         1703829811.565  2565  2589 V WindowManagerShell:  try handler com.android.wm.shell.activityembedding.ActivityEmbeddingController@626ddb9
         1703829811.565  2565  2589 V WindowManagerShell:  try handler com.android.wm.shell.recents.RecentsTransitionHandler@c30f5fe
         1703829811.565  2565  2589 V ShellRecents: RecentsTransitionHandler.startAnimation: no controller found
         1703829811.565  2565  2589 V WindowManagerShell:  try handler com.android.wm.shell.pip.PipTransition@c40515f
         1703829811.565  2565  2589 V WindowManagerShell:  try handler com.android.wm.shell.splitscreen.StageCoordinator@ea7c7ac
         1703829811.565  2565  2589 V WindowManagerShell:  try handler com.android.wm.shell.transition.RemoteTransitionHandler@74e9c75
         1703829811.565  2565  2589 V WindowManagerShell: Transition doesn't have explicit remote, search filters for match for {id=15 t=OPEN f=0x0 trk=0 r=[0@Point(0, 0)] c=[{WCT{android.window.IWindowContainerToken$Stub$Proxy@fab3e0f} m=OPEN f=NONE leash=Surface(name=Task=54)/@0xa9dcb70 sb=Rect(0, 0 - 1280, 720) eb=Rect(0, 0 - 1280, 720) d=0},{WCT{android.window.IWindowContainerToken$Stub$Proxy@76c2e9c} m=TO_BACK f=SHOW_WALLPAPER leash=Surface(name=Task=1)/@0x1cbeee9 sb=Rect(0, 0 - 1280, 720) eb=Rect(0, 0 - 1280, 720) d=0}]}
         1703829811.565  2565  2589 V WindowManagerShell:  Checking filter Pair{{types=[] flags=0x0] notFlags=0x0 checks=[{atype=dream independent=true modes=[OPEN,TO_FRONT] flags=NONE mustBeTask=false order=ANY topActivity=null},{atype=home independent=true modes=[CLOSE,TO_BACK] flags=NONE mustBeTask=false order=ANY topActivity=null}]} RemoteTransition { remoteTransition = android.window.IRemoteTransition$Stub$Proxy@7a2740a, appThread = android.app.IApplicationThread$Stub$Proxy@942a47b, debugName = LauncherToDream }}
         1703829811.565  2565  2589 V WindowManagerShell:  Checking filter Pair{{types=[] flags=0x0] notFlags=0x100 checks=[{atype=home independent=true modes=[OPEN,TO_FRONT] flags=NONE mustBeTask=false order=TOP topActivity=ComponentInfo{com.google.android.apps.nexuslauncher/com.google.android.apps.nexuslauncher.NexusLauncherActivity}},{atype=standard independent=true modes=[CLOSE,TO_BACK] flags=NONE mustBeTask=false order=ANY topActivity=null}]} RemoteTransition { remoteTransition = android.window.IRemoteTransition$Stub$Proxy@19fb298, appThread = android.app.IApplicationThread$Stub$Proxy@2f98af1, debugName = QuickstepLaunchHome }}
         1703829811.565  2565  2589 V WindowManagerShell:  Delegate animation for #15 to null
         1703829811.565  2565  2589 V WindowManagerShell:  try handler com.android.wm.shell.transition.DefaultTransitionHandler@3fbc6d6
         1703829811.565  2565  2589 V WindowManagerShell: start default transition animation, info = {id=15 t=OPEN f=0x0 trk=0 r=[0@Point(0, 0)] c=[{WCT{android.window.IWindowContainerToken$Stub$Proxy@fab3e0f} m=OPEN f=NONE leash=Surface(name=Task=54)/@0xa9dcb70 sb=Rect(0, 0 - 1280, 720) eb=Rect(0, 0 - 1280, 720) d=0},{WCT{android.window.IWindowContainerToken$Stub$Proxy@76c2e9c} m=TO_BACK f=SHOW_WALLPAPER leash=Surface(name=Task=1)/@0x1cbeee9 sb=Rect(0, 0 - 1280, 720) eb=Rect(0, 0 - 1280, 720) d=0}]}
         1703829811.566  2565  2589 V WindowManagerShell: loadAnimation: anim=android.view.animation.AnimationSet@3a99221 animAttr=0x13 type=OPEN isEntrance=false
         1703829811.566  2565  2589 V WindowManagerShell: loadAnimation: anim=android.view.animation.AnimationSet@eec2f5d animAttr=0x12 type=OPEN isEntrance=true
         1703829811.566  2565  2589 V WindowManagerShell:  animated by com.android.wm.shell.transition.DefaultTransitionHandler@3fbc6d6
         1703829811.573  7557  7557 I dashscene: demo: scene extra = typography
         1703829811.582   665   665 E BpTransactionCompletedListener: Failed to transact (-32)
         1703829811.582   665   665 E BpTransactionCompletedListener: Failed to transact (-32)
         1703829811.582  7557  7557 D CompatibilityChangeReporter: Compat change id reported: 210923482; UID 10266; state: ENABLED
         1703829811.587  7557  7557 D CompatibilityChangeReporter: Compat change id reported: 237531167; UID 10266; state: DISABLED
         1703829811.589  7557  7577 W Parcel  : Expecting binder but got null!
         1703829811.589  1086  1254 I ASH     : @ 682.399: tcs3701: stop power rail pending_off timer
         1703829811.589  1086  1254 D ASH     : @ 682.399: tcs3701: start power rail timer, state:3
         1703829811.599  1785  3970 D CoreBackPreview: Window{62ebd6e u0 dev.driftsys.dashscene.demo/dev.driftsys.dashscene.demo.DemoActivity}: Setting back callback OnBackInvokedCallbackInfo{mCallback=android.window.IOnBackInvokedCallback$Stub$Proxy@7e2dea5, mPriority=0, mIsAnimationCallback=false}
         1703829811.605  7557  7574 I AdrenoGLES-0: QUALCOMM build                   : 4783c89, I46ff5fc46f
         1703829811.605  7557  7574 I AdrenoGLES-0: Build Date                       : 11/30/20
         1703829811.605  7557  7574 I AdrenoGLES-0: OpenGL ES Shader Compiler Version: EV031.31.04.01
         1703829811.605  7557  7574 I AdrenoGLES-0: Local Branch                     : QPR2
         1703829811.605  7557  7574 I AdrenoGLES-0: Remote Branch                    : 
         1703829811.605  7557  7574 I AdrenoGLES-0: Remote Branch                    : 
         1703829811.605  7557  7574 I AdrenoGLES-0: Reconstruct Branch               : 
         1703829811.605  7557  7574 I AdrenoGLES-0: Build Config                     : S P 10.0.4 AArch64
         1703829811.605  7557  7574 I AdrenoGLES-0: Driver Path                      : /vendor/lib64/egl/libGLESv2_adreno.so
         1703829811.606  7557  7557 I dashscene: demo: surfaceCreated
         1703829811.606  7557  7557 I dashscene: demo: surfaceChanged 1280x445
         1703829811.607  7557  7557 I dashscene: scene typography — MSDF text in Latin and Arabic, with one string driven by a signal
         1703829811.607  7557  7557 I dashscene: demo: handle -5476376668486878768
         1703829811.607  7557  7579 I dashscene: attaching a 1280x445 surface
         1703829811.608  7557  7574 I AdrenoGLES-0: PFP: 0x016dd093, ME: 0x00000000
         1703829811.610  7557  7574 W AdrenoUtils: <ReadGpuID_from_sysfs:197>: Failed to open /sys/class/kgsl/kgsl-3d0/gpu_model
         1703829811.610  7557  7574 W AdrenoUtils: <ReadGpuID:221>: Failed to read chip ID from gpu_model. Fallback to use the GSL path
         1703829811.611  7557  7579 D vulkan  : searching for layers in '/data/app/~~j3a7ayr92PjK-XjeG9TDWg==/dev.driftsys.dashscene.demo-hnMobYzGxDhhS0TkiTV-cg==/lib/arm64'
         1703829811.611  7557  7579 D vulkan  : searching for layers in '/data/app/~~j3a7ayr92PjK-XjeG9TDWg==/dev.driftsys.dashscene.demo-hnMobYzGxDhhS0TkiTV-cg==/base.apk!/lib/arm64-v8a'
         1703829811.613  7557  7579 I AdrenoVK-0: ===== BEGIN DUMP OF OVERRIDDEN SETTINGS =====
         1703829811.613  7557  7579 I AdrenoVK-0: ===== END DUMP OF OVERRIDDEN SETTINGS =====
         1703829811.613  7557  7579 I AdrenoVK-0: QUALCOMM build          : 4783c89, I46ff5fc46f
         1703829811.613  7557  7579 I AdrenoVK-0: Build Date              : 11/30/20
         1703829811.613  7557  7579 I AdrenoVK-0: Shader Compiler Version : EV031.31.04.01
         1703829811.613  7557  7579 I AdrenoVK-0: Local Branch            : QPR2
         1703829811.613  7557  7579 I AdrenoVK-0: Remote Branch           : 
         1703829811.613  7557  7579 I AdrenoVK-0: Remote Branch           : 
         1703829811.613  7557  7579 I AdrenoVK-0: Reconstruct Branch      : 
         1703829811.613  7557  7579 I AdrenoVK-0: Build Config            : S P 10.0.4 AArch64
         1703829811.613  7557  7579 I AdrenoVK-0: Driver Path             : /vendor/lib64/hw/vulkan.adreno.so
         1703829811.616  7557  7574 E OpenGLRenderer: Unable to match the desired swap behavior.
         1703829811.619  7557  7579 E qdgralloc: GetGpuPixelFormat: No map for format: 0x38
         1703829811.619  7557  7579 E AdrenoUtils: <validate_memory_layout_input_parmas:1923>: Unknown Format 0
         1703829811.619  7557  7579 E AdrenoUtils: <adreno_init_memory_layout:4634>: Memory Layout input parameter validation failed!
         1703829811.619  7557  7579 E qdgralloc: GetGpuResourceSizeAndDimensions Graphics metadata init failed
         1703829811.619  7557  7579 E Gralloc4: isSupported(1, 1, 56, 1, ...) failed with 1
         1703829811.620   668   668 E qdgralloc: GetGpuPixelFormat: No map for format: 0x38
         1703829811.620   668   668 E AdrenoUtils: <validate_memory_layout_input_parmas:1923>: Unknown Format 0
         1703829811.620   668   668 E AdrenoUtils: <adreno_init_memory_layout:4634>: Memory Layout input parameter validation failed!
         1703829811.620   668   668 E qdgralloc: GetGpuResourceSizeAndDimensions Graphics metadata init failed
         1703829811.620  7557  7579 E GraphicBufferAllocator: Failed to allocate (4 x 4) layerCount 1 format 56 usage b00: 1
         1703829811.620  7557  7579 E AHardwareBuffer: GraphicBuffer(w=4, h=4, lc=1) failed (Unknown error -1), handle=0x0
         1703829811.620  7557  7579 E qdgralloc: GetGpuPixelFormat: No map for format: 0x3b
         1703829811.620  7557  7579 E AdrenoUtils: <validate_memory_layout_input_parmas:1923>: Unknown Format 0
         1703829811.620  7557  7579 E AdrenoUtils: <adreno_init_memory_layout:4634>: Memory Layout input parameter validation failed!
         1703829811.620  7557  7579 E qdgralloc: GetGpuResourceSizeAndDimensions Graphics metadata init failed
         1703829811.620  7557  7579 E Gralloc4: isSupported(1, 1, 59, 1, ...) failed with 1
         1703829811.620   668   678 E qdgralloc: GetGpuPixelFormat: No map for format: 0x3b
         1703829811.620   668   678 E AdrenoUtils: <validate_memory_layout_input_parmas:1923>: Unknown Format 0
         1703829811.620   668   678 E AdrenoUtils: <adreno_init_memory_layout:4634>: Memory Layout input parameter validation failed!
         1703829811.620   668   678 E qdgralloc: GetGpuResourceSizeAndDimensions Graphics metadata init failed
         1703829811.620  7557  7579 E GraphicBufferAllocator: Failed to allocate (4 x 4) layerCount 1 format 59 usage b00: 1
         1703829811.620  7557  7579 E AHardwareBuffer: GraphicBuffer(w=4, h=4, lc=1) failed (Unknown error -1), handle=0x0
         1703829811.620  7557  7579 E qdgralloc: GetGpuPixelFormat: No map for format: 0x38
         1703829811.620  7557  7579 E AdrenoUtils: <validate_memory_layout_input_parmas:1923>: Unknown Format 0
         1703829811.620  7557  7579 E AdrenoUtils: <adreno_init_memory_layout:4634>: Memory Layout input parameter validation failed!
         1703829811.620  7557  7579 E qdgralloc: GetGpuResourceSizeAndDimensions Graphics metadata init failed
         1703829811.620  7557  7579 E Gralloc4: isSupported(1, 1, 56, 1, ...) failed with 1
         1703829811.620   668   678 E qdgralloc: GetGpuPixelFormat: No map for format: 0x38
         1703829811.620   668   678 E AdrenoUtils: <validate_memory_layout_input_parmas:1923>: Unknown Format 0
         1703829811.620   668   678 E AdrenoUtils: <adreno_init_memory_layout:4634>: Memory Layout input parameter validation failed!
         1703829811.620   668   678 E qdgralloc: GetGpuResourceSizeAndDimensions Graphics metadata init failed
         1703829811.620  7557  7579 E GraphicBufferAllocator: Failed to allocate (4 x 4) layerCount 1 format 56 usage b00: 1
         1703829811.620  7557  7579 E AHardwareBuffer: GraphicBuffer(w=4, h=4, lc=1) failed (Unknown error -1), handle=0x0
         1703829811.620  7557  7579 E qdgralloc: GetGpuPixelFormat: No map for format: 0x3b
         1703829811.620  7557  7579 E AdrenoUtils: <validate_memory_layout_input_parmas:1923>: Unknown Format 0
         1703829811.620  7557  7579 E AdrenoUtils: <adreno_init_memory_layout:4634>: Memory Layout input parameter validation failed!
         1703829811.620  7557  7579 E qdgralloc: GetGpuResourceSizeAndDimensions Graphics metadata init failed
         1703829811.620  7557  7579 E Gralloc4: isSupported(1, 1, 59, 1, ...) failed with 1
         1703829811.620   668   678 E qdgralloc: GetGpuPixelFormat: No map for format: 0x3b
         1703829811.620   668   678 E AdrenoUtils: <validate_memory_layout_input_parmas:1923>: Unknown Format 0
         1703829811.620   668   678 E AdrenoUtils: <adreno_init_memory_layout:4634>: Memory Layout input parameter validation failed!
         1703829811.620   668   678 E qdgralloc: GetGpuResourceSizeAndDimensions Graphics metadata init failed
         1703829811.620  7557  7579 E GraphicBufferAllocator: Failed to allocate (4 x 4) layerCount 1 format 59 usage b00: 1
         1703829811.620  7557  7579 E AHardwareBuffer: GraphicBuffer(w=4, h=4, lc=1) failed (Unknown error -1), handle=0x0
         1703829811.626  1785  2095 W ziparchive: Unable to open '/data/app/~~j3a7ayr92PjK-XjeG9TDWg==/dev.driftsys.dashscene.demo-hnMobYzGxDhhS0TkiTV-cg==/base.dm': No such file or directory
         1703829811.629  1785  2095 I ActivityTaskManager: Displayed dev.driftsys.dashscene.demo/.DemoActivity for user 0: +118ms
         1703829811.629  1086  1254 I ASH     : @ 682.439: tcs3701: stop power rail pending_off timer
         1703829811.629  1086  1254 D ASH     : @ 682.439: tcs3701: start power rail timer, state:3
         1703829811.636  1785  4024 D CompatibilityChangeReporter: Compat change id reported: 214016041; UID 10266; state: ENABLED
         1703829811.636  1785  4024 I ImeTracker: dev.driftsys.dashscene.demo:88bf825d: onRequestHide at ORIGIN_SERVER_HIDE_INPUT reason HIDE_UNSPECIFIED_WINDOW
         1703829811.636  1785  4024 I ImeTracker: dev.driftsys.dashscene.demo:88bf825d: onCancelled at PHASE_SERVER_SHOULD_HIDE
         1703829811.639  3450  3450 I GoogleInputMethodService: GoogleInputMethodService.onFinishInput():3227 
         1703829811.641  3450  3450 I GoogleInputMethodService: GoogleInputMethodService.updateDeviceLockedStatus():2087 repeatCheckTimes = 0, unlocked = true
         1703829811.641  3450  3450 I GoogleInputMethodService: GoogleInputMethodService.onStartInput():1877 onStartInput(EditorInfo{inputType=0x0(NULL) imeOptions=0x0 privateImeOptions=null actionName=UNSPECIFIED actionLabel=null actionId=0 initialSelStart=-1 initialSelEnd=-1 initialCapsMode=0x0 hintText=null label=null packageName=dev.driftsys.dashscene.demo fieldId=0 fieldName=null extras=null}, false)
         1703829811.642  3450  3450 I GoogleInputMethodService: GoogleInputMethodService.shouldHideHeaderOnInitialState():4008 ShouldHideHeaderOnInitialState = false
         1703829811.642  3450  3450 I GoogleInputMethodService: GoogleInputMethodService.updateDeviceLockedStatus():2087 repeatCheckTimes = 2, unlocked = true
         1703829811.656  7557  7579 E qdgralloc: GetGpuPixelFormat: No map for format: 0x38
         1703829811.656  7557  7579 E AdrenoUtils: <validate_memory_layout_input_parmas:1923>: Unknown Format 0
         1703829811.656  7557  7579 E AdrenoUtils: <adreno_init_memory_layout:4634>: Memory Layout input parameter validation failed!
         1703829811.656  7557  7579 E qdgralloc: GetGpuResourceSizeAndDimensions Graphics metadata init failed
         1703829811.656  7557  7579 E Gralloc4: isSupported(1, 1, 56, 1, ...) failed with 1
         1703829811.656   668   678 E qdgralloc: GetGpuPixelFormat: No map for format: 0x38
         1703829811.657   668   678 E AdrenoUtils: <validate_memory_layout_input_parmas:1923>: Unknown Format 0
         1703829811.657   668   678 E AdrenoUtils: <adreno_init_memory_layout:4634>: Memory Layout input parameter validation failed!
         1703829811.657   668   678 E qdgralloc: GetGpuResourceSizeAndDimensions Graphics metadata init failed
         1703829811.657  7557  7579 E GraphicBufferAllocator: Failed to allocate (4 x 4) layerCount 1 format 56 usage b00: 1
         1703829811.657  7557  7579 E AHardwareBuffer: GraphicBuffer(w=4, h=4, lc=1) failed (Unknown error -1), handle=0x0
         1703829811.657  7557  7579 E qdgralloc: GetGpuPixelFormat: No map for format: 0x3b
         1703829811.657  7557  7579 E AdrenoUtils: <validate_memory_layout_input_parmas:1923>: Unknown Format 0
         1703829811.657  7557  7579 E AdrenoUtils: <adreno_init_memory_layout:4634>: Memory Layout input parameter validation failed!
         1703829811.657  7557  7579 E qdgralloc: GetGpuResourceSizeAndDimensions Graphics metadata init failed
         1703829811.657  7557  7579 E Gralloc4: isSupported(1, 1, 59, 1, ...) failed with 1
         1703829811.657   668   678 E qdgralloc: GetGpuPixelFormat: No map for format: 0x3b
         1703829811.657   668   678 E AdrenoUtils: <validate_memory_layout_input_parmas:1923>: Unknown Format 0
         1703829811.657   668   678 E AdrenoUtils: <adreno_init_memory_layout:4634>: Memory Layout input parameter validation failed!
         1703829811.657   668   678 E qdgralloc: GetGpuResourceSizeAndDimensions Graphics metadata init failed
         1703829811.657  7557  7579 E GraphicBufferAllocator: Failed to allocate (4 x 4) layerCount 1 format 59 usage b00: 1
         1703829811.657  7557  7579 E AHardwareBuffer: GraphicBuffer(w=4, h=4, lc=1) failed (Unknown error -1), handle=0x0
         1703829811.657  7557  7579 E qdgralloc: GetGpuPixelFormat: No map for format: 0x38
         1703829811.657  7557  7579 E AdrenoUtils: <validate_memory_layout_input_parmas:1923>: Unknown Format 0
         1703829811.657  7557  7579 E AdrenoUtils: <adreno_init_memory_layout:4634>: Memory Layout input parameter validation failed!
         1703829811.657  7557  7579 E qdgralloc: GetGpuResourceSizeAndDimensions Graphics metadata init failed
         1703829811.657  7557  7579 E Gralloc4: isSupported(1, 1, 56, 1, ...) failed with 1
         1703829811.657   668   678 E qdgralloc: GetGpuPixelFormat: No map for format: 0x38
         1703829811.657   668   678 E AdrenoUtils: <validate_memory_layout_input_parmas:1923>: Unknown Format 0
         1703829811.657   668   678 E AdrenoUtils: <adreno_init_memory_layout:4634>: Memory Layout input parameter validation failed!
         1703829811.657   668   678 E qdgralloc: GetGpuResourceSizeAndDimensions Graphics metadata init failed
         1703829811.657  7557  7579 E GraphicBufferAllocator: Failed to allocate (4 x 4) layerCount 1 format 56 usage b00: 1
         1703829811.657  7557  7579 E AHardwareBuffer: GraphicBuffer(w=4, h=4, lc=1) failed (Unknown error -1), handle=0x0
         1703829811.657  7557  7579 E qdgralloc: GetGpuPixelFormat: No map for format: 0x3b
         1703829811.657  7557  7579 E AdrenoUtils: <validate_memory_layout_input_parmas:1923>: Unknown Format 0
         1703829811.657  7557  7579 E AdrenoUtils: <adreno_init_memory_layout:4634>: Memory Layout input parameter validation failed!
         1703829811.657  7557  7579 E qdgralloc: GetGpuResourceSizeAndDimensions Graphics metadata init failed
         1703829811.657  7557  7579 E Gralloc4: isSupported(1, 1, 59, 1, ...) failed with 1
         1703829811.657   668   678 E qdgralloc: GetGpuPixelFormat: No map for format: 0x3b
         1703829811.657   668   678 E AdrenoUtils: <validate_memory_layout_input_parmas:1923>: Unknown Format 0
         1703829811.657   668   678 E AdrenoUtils: <adreno_init_memory_layout:4634>: Memory Layout input parameter validation failed!
         1703829811.657   668   678 E qdgralloc: GetGpuResourceSizeAndDimensions Graphics metadata init failed
         1703829811.657  7557  7579 E GraphicBufferAllocator: Failed to allocate (4 x 4) layerCount 1 format 59 usage b00: 1
         1703829811.657  7557  7579 E AHardwareBuffer: GraphicBuffer(w=4, h=4, lc=1) failed (Unknown error -1), handle=0x0
         1703829811.669  1086  1254 I ASH     : @ 682.479: tcs3701: stop power rail pending_off timer
         1703829811.669  1086  1254 D ASH     : @ 682.479: tcs3701: start power rail timer, state:3
         1703829811.709  1086  1254 I ASH     : @ 682.519: tcs3701: stop power rail pending_off timer
         1703829811.709  1086  1254 D ASH     : @ 682.519: tcs3701: start power rail timer, state:3
         1703829811.733  7591  7591 I dashscene-cpu: 7557 (.dashscene.demo) S 1041 1041 0 0 -1 1077936448 5038 0 0 0 14 3 0 0 10 -10 21 0 67947 15674916864 37370 18446744073709551615 1 1 0 0 0 0 4612 1 1073775864 0 0 0 17 6 0 0 0 0 0 0 0 0 0 0 0 0 0
         1703829811.749  1086  1254 I ASH     : @ 682.559: tcs3701: stop power rail pending_off timer
         1703829811.750  1086  1254 D ASH     : @ 682.559: tcs3701: start power rail timer, state:3
         1703829811.790  1086  1254 I ASH     : @ 682.599: tcs3701: stop power rail pending_off timer
         1703829811.790  1086  1254 D ASH     : @ 682.599: tcs3701: start power rail timer, state:3
         1703829811.830  1086  1254 I ASH     : @ 682.639: tcs3701: stop power rail pending_off timer
         1703829811.830  1086  1254 D ASH     : @ 682.639: tcs3701: start power rail timer, state:3
         1703829811.869  2565  2589 V WindowManagerShell: Transition animation finished (aborted=false), notifying core (#15)android.os.BinderProxy@a4bdcca@0
         1703829811.870  1086  1254 I ASH     : @ 682.679: tcs3701: stop power rail pending_off timer
         1703829811.870  1086  1254 D ASH     : @ 682.679: tcs3701: start power rail timer, state:3
         1703829811.872  1785  2095 V WindowManager: Finish Transition #15: created at 12-29 07:03:31.513 collect-started=0.084ms request-sent=10.272ms started=11.548ms ready=33.229ms sent=35.843ms finished=358.192ms
         1703829811.873  2658  2658 I WallpaperService: engine paused
         1703829811.875  1086  1086 I sensors-hal: [hal]activate_physical_sensor:251, android.sensor.gyroscope/41 en=0
         1703829811.875  2565  2589 V WindowManagerShell: Track 0 became idle
         1703829811.875  2565  2589 V WindowManagerShell: All active transition animations finished
         1703829811.877  1086  1086 D Diag_Lib: diag: Diag_LSM_DeInit: invoked for pid: 1086
         1703829811.877  1086  1086 D Diag_Lib: diag: Diag_LSM_DeInit: done for pid: 1086
         1703829811.878  1086  1086 D Diag_Lib: diag: Diag_LSM_DeInit: invoked for pid: 1086
         1703829811.878  1086  1086 D Diag_Lib: diag: Diag_LSM_DeInit: done for pid: 1086
         1703829811.878  1086  1086 I sensors-hal: [hal]activate_physical_sensor:262, android.sensor.gyroscope/41 en=0 completed
         1703829811.893  2992  3053 I ImeTracker: com.google.android.apps.nexuslauncher:6968abc9: onRequestHide at ORIGIN_CLIENT_HIDE_SOFT_INPUT reason HIDE_SOFT_INPUT
         1703829811.893  2992  3926 D OneSearchSuggestProvider: Shut down the binder channel
         1703829811.893  2992  3053 I ImeTracker: com.google.android.apps.nexuslauncher:6968abc9: onFailed at PHASE_CLIENT_VIEW_SERVED
         1703829811.909  1086  1254 I ASH     : @ 682.719: tcs3701: stop power rail pending_off timer
         1703829811.909  1086  1254 D ASH     : @ 682.719: tcs3701: start power rail timer, state:3
         1703829811.916  2565  2595 W WindowOnBackDispatcher: sendCancelIfRunning: isInProgress=falsecallback=android.view.ViewRootImpl$$ExternalSyntheticLambda17@e10317
         1703829811.916  1785  2541 D CoreBackPreview: Window{ef52609 u0 Splash Screen dev.driftsys.dashscene.demo EXITING}: Setting back callback null
         1703829811.916  1785  3970 W InputManager-JNI: Input channel object 'ef52609 Splash Screen dev.driftsys.dashscene.demo (client)' was disposed without first being removed with the input manager!
         1703829811.949  1086  1254 I ASH     : @ 682.759: tcs3701: stop power rail pending_off timer
         1703829811.949  1086  1254 D ASH     : @ 682.759: tcs3701: start power rail timer, state:3
         1703829811.989  1086  1254 I ASH     : @ 682.799: tcs3701: stop power rail pending_off timer
         1703829811.989  1086  1254 D ASH     : @ 682.799: tcs3701: start power rail timer, state:3
         1703829812.030  1086  1254 I ASH     : @ 682.839: tcs3701: stop power rail pending_off timer
         1703829812.030  1086  1254 D ASH     : @ 682.839: tcs3701: start power rail timer, state:3
         1703829812.031  1785  2388 D ActivityManager: freezing 3592 com.google.process.gservices
         1703829812.038  7557  7579 E qdgralloc: GetGpuPixelFormat: No map for format: 0x38
         1703829812.038  7557  7579 E AdrenoUtils: <validate_memory_layout_input_parmas:1923>: Unknown Format 0
         1703829812.038  7557  7579 E AdrenoUtils: <adreno_init_memory_layout:4634>: Memory Layout input parameter validation failed!
         1703829812.038  7557  7579 E qdgralloc: GetGpuResourceSizeAndDimensions Graphics metadata init failed
         1703829812.038  7557  7579 E Gralloc4: isSupported(1, 1, 56, 1, ...) failed with 1
         1703829812.038   668   678 E qdgralloc: GetGpuPixelFormat: No map for format: 0x38
         1703829812.038   668   678 E AdrenoUtils: <validate_memory_layout_input_parmas:1923>: Unknown Format 0
         1703829812.038   668   678 E AdrenoUtils: <adreno_init_memory_layout:4634>: Memory Layout input parameter validation failed!
         1703829812.038   668   678 E qdgralloc: GetGpuResourceSizeAndDimensions Graphics metadata init failed
         1703829812.038  7557  7579 E GraphicBufferAllocator: Failed to allocate (4 x 4) layerCount 1 format 56 usage b00: 1
         1703829812.038  7557  7579 E AHardwareBuffer: GraphicBuffer(w=4, h=4, lc=1) failed (Unknown error -1), handle=0x0
         1703829812.038  7557  7579 E qdgralloc: GetGpuPixelFormat: No map for format: 0x3b
         1703829812.038  7557  7579 E AdrenoUtils: <validate_memory_layout_input_parmas:1923>: Unknown Format 0
         1703829812.038  7557  7579 E AdrenoUtils: <adreno_init_memory_layout:4634>: Memory Layout input parameter validation failed!
         1703829812.038  7557  7579 E qdgralloc: GetGpuResourceSizeAndDimensions Graphics metadata init failed
         1703829812.038  7557  7579 E Gralloc4: isSupported(1, 1, 59, 1, ...) failed with 1
         1703829812.038   668   678 E qdgralloc: GetGpuPixelFormat: No map for format: 0x3b
         1703829812.038   668   678 E AdrenoUtils: <validate_memory_layout_input_parmas:1923>: Unknown Format 0
         1703829812.038   668   678 E AdrenoUtils: <adreno_init_memory_layout:4634>: Memory Layout input parameter validation failed!
         1703829812.038   668   678 E qdgralloc: GetGpuResourceSizeAndDimensions Graphics metadata init failed
         1703829812.038  7557  7579 E GraphicBufferAllocator: Failed to allocate (4 x 4) layerCount 1 format 59 usage b00: 1
         1703829812.038  7557  7579 E AHardwareBuffer: GraphicBuffer(w=4, h=4, lc=1) failed (Unknown error -1), handle=0x0
         1703829812.038  7557  7579 E qdgralloc: GetGpuPixelFormat: No map for format: 0x38
         1703829812.038  7557  7579 E AdrenoUtils: <validate_memory_layout_input_parmas:1923>: Unknown Format 0
         1703829812.038  7557  7579 E AdrenoUtils: <adreno_init_memory_layout:4634>: Memory Layout input parameter validation failed!
         1703829812.038  7557  7579 E qdgralloc: GetGpuResourceSizeAndDimensions Graphics metadata init failed
         1703829812.038  7557  7579 E Gralloc4: isSupported(1, 1, 56, 1, ...) failed with 1
         1703829812.038   668   678 E qdgralloc: GetGpuPixelFormat: No map for format: 0x38
         1703829812.038   668   678 E AdrenoUtils: <validate_memory_layout_input_parmas:1923>: Unknown Format 0
         1703829812.038   668   678 E AdrenoUtils: <adreno_init_memory_layout:4634>: Memory Layout input parameter validation failed!
         1703829812.038   668   678 E qdgralloc: GetGpuResourceSizeAndDimensions Graphics metadata init failed
         1703829812.038  7557  7579 E GraphicBufferAllocator: Failed to allocate (4 x 4) layerCount 1 format 56 usage b00: 1
         1703829812.038  7557  7579 E AHardwareBuffer: GraphicBuffer(w=4, h=4, lc=1) failed (Unknown error -1), handle=0x0
         1703829812.038  7557  7579 E qdgralloc: GetGpuPixelFormat: No map for format: 0x3b
         1703829812.038  7557  7579 E AdrenoUtils: <validate_memory_layout_input_parmas:1923>: Unknown Format 0
         1703829812.038  7557  7579 E AdrenoUtils: <adreno_init_memory_layout:4634>: Memory Layout input parameter validation failed!
         1703829812.038  7557  7579 E qdgralloc: GetGpuResourceSizeAndDimensions Graphics metadata init failed
         1703829812.038  7557  7579 E Gralloc4: isSupported(1, 1, 59, 1, ...) failed with 1
         1703829812.038   668   678 E qdgralloc: GetGpuPixelFormat: No map for format: 0x3b
         1703829812.038   668   678 E AdrenoUtils: <validate_memory_layout_input_parmas:1923>: Unknown Format 0
         1703829812.038   668   678 E AdrenoUtils: <adreno_init_memory_layout:4634>: Memory Layout input parameter validation failed!
         1703829812.038   668   678 E qdgralloc: GetGpuResourceSizeAndDimensions Graphics metadata init failed
         1703829812.038  7557  7579 E GraphicBufferAllocator: Failed to allocate (4 x 4) layerCount 1 format 59 usage b00: 1
         1703829812.038  7557  7579 E AHardwareBuffer: GraphicBuffer(w=4, h=4, lc=1) failed (Unknown error -1), handle=0x0
         1703829812.039  7557  7579 I dashscene: dashscene-gpu (Adreno (TM) 620, Vulkan, Rgba8Unorm) — 1280x445, scene typography
         1703829812.069  1086  1254 I ASH     : @ 682.879: tcs3701: stop power rail pending_off timer
         1703829812.069  1086  1254 D ASH     : @ 682.879: tcs3701: start power rail timer, state:3
         1703829812.101  7557  7579 I dashscene: attached a 1280x445 surface
         1703829812.109  1086  1254 I ASH     : @ 682.919: tcs3701: stop power rail pending_off timer
         1703829812.109  1086  1254 D ASH     : @ 682.919: tcs3701: start power rail timer, state:3
         1703829812.115  7557  7579 I dashscene: first vsync callback
         1703829812.150  1086  1254 I ASH     : @ 682.959: tcs3701: stop power rail pending_off timer
         1703829812.150  1086  1254 D ASH     : @ 682.959: tcs3701: start power rail timer, state:3
         1703829812.190  1086  1254 I ASH     : @ 682.999: tcs3701: stop power rail pending_off timer
         1703829812.190  1086  1254 D ASH     : @ 682.999: tcs3701: start power rail timer, state:3
         1703829812.229  1086  1254 I ASH     : @ 683.039: tcs3701: stop power rail pending_off timer
         1703829812.230  1086  1254 D ASH     : @ 683.039: tcs3701: start power rail timer, state:3
         1703829812.269  1086  1254 I ASH     : @ 683.079: tcs3701: stop power rail pending_off timer
         1703829812.269  1086  1254 D ASH     : @ 683.079: tcs3701: start power rail timer, state:3
         1703829812.271  7595  7595 I dashscene-cpu: 7557 (.dashscene.demo) S 1041 1041 0 0 -1 1077936448 8097 0 24 0 65 3 0 0 10 -10 21 0 67947 15689043968 41123 18446744073709551615 1 1 0 0 0 0 4612 1 1073775864 0 0 0 17 6 0 0 0 0 0 0 0 0 0 0 0 0 0
         1703829812.273  7557  7579 I dashscene: first frame
         1703829812.310  1086  1254 I ASH     : @ 683.119: tcs3701: stop power rail pending_off timer
         1703829812.310  1086  1254 D ASH     : @ 683.119: tcs3701: start power rail timer, state:3
         1703829812.349  1086  1254 I ASH     : @ 683.159: tcs3701: stop power rail pending_off timer
         1703829812.349  1086  1254 D ASH     : @ 683.159: tcs3701: start power rail timer, state:3
         1703829812.390  1086  1254 I ASH     : @ 683.199: tcs3701: stop power rail pending_off timer
         1703829812.390  1086  1254 D ASH     : @ 683.199: tcs3701: start power rail timer, state:3
         1703829812.429  1086  1254 I ASH     : @ 683.239: tcs3701: stop power rail pending_off timer
         1703829812.430  1086  1254 D ASH     : @ 683.239: tcs3701: start power rail timer, state:3
         1703829812.471  1086  1254 I ASH     : @ 683.279: tcs3701: stop power rail pending_off timer
         1703829812.471  1086  1254 D ASH     : @ 683.279: tcs3701: start power rail timer, state:3
         1703829812.511  1086  1254 I ASH     : @ 683.319: tcs3701: stop power rail pending_off timer
         1703829812.511  1086  1254 D ASH     : @ 683.319: tcs3701: start power rail timer, state:3
         1703829812.550  1086  1254 I ASH     : @ 683.359: tcs3701: stop power rail pending_off timer
         1703829812.550  1086  1254 D ASH     : @ 683.359: tcs3701: start power rail timer, state:3
         1703829812.590  1086  1254 I ASH     : @ 683.399: tcs3701: stop power rail pending_off timer
         1703829812.590  1086  1254 D ASH     : @ 683.399: tcs3701: start power rail timer, state:3
         1703829812.631  1086  1254 I ASH     : @ 683.439: tcs3701: stop power rail pending_off timer
         1703829812.631  1086  1254 D ASH     : @ 683.439: tcs3701: start power rail timer, state:3
         1703829812.632  4666  4767 I Finsky:background: [30] nft.run(22): Stats for Executor: bgExecutor nlp@1ab7af9[Running, pool size = 4, active threads = 0, queued tasks = 0, completed tasks = 4]
         1703829812.635  4666  4767 I Finsky:background: [30] nft.run(22): Stats for Executor: LightweightExecutor nlp@b116a3e[Running, pool size = 0, active threads = 0, queued tasks = 0, completed tasks = 0]
         1703829812.670  1086  1254 I ASH     : @ 683.479: tcs3701: stop power rail pending_off timer
         1703829812.671  1086  1254 D ASH     : @ 683.479: tcs3701: start power rail timer, state:3
         1703829812.711  1086  1254 I ASH     : @ 683.519: tcs3701: stop power rail pending_off timer
         1703829812.711  1086  1254 D ASH     : @ 683.519: tcs3701: start power rail timer, state:3
         1703829812.750  1086  1254 I ASH     : @ 683.559: tcs3701: stop power rail pending_off timer
         1703829812.750  1086  1254 D ASH     : @ 683.559: tcs3701: start power rail timer, state:3
         1703829812.790  1086  1254 I ASH     : @ 683.599: tcs3701: stop power rail pending_off timer
         1703829812.790  1086  1254 D ASH     : @ 683.599: tcs3701: start power rail timer, state:3
         1703829812.799  7598  7598 I dashscene-cpu: 7557 (.dashscene.demo) S 1041 1041 0 0 -1 1077936448 8292 0 24 0 66 5 0 0 10 -10 21 0 67947 15699140608 41358 18446744073709551615 1 1 0 0 0 0 4612 1 1073775864 0 0 0 17 6 0 0 0 0 0 0 0 0 0 0 0 0 0
         1703829812.830  1086  1254 I ASH     : @ 683.639: tcs3701: stop power rail pending_off timer
         1703829812.830  1086  1254 D ASH     : @ 683.639: tcs3701: start power rail timer, state:3
         1703829812.834  4666  4767 I Finsky:background: [30] nft.run(22): Stats for Executor: BlockingExecutor nlp@ebd509f[Running, pool size = 0, active threads = 0, queued tasks = 0, completed tasks = 0]
         1703829812.871  1086  1254 I ASH     : @ 683.679: tcs3701: stop power rail pending_off timer
         1703829812.871  1086  1254 D ASH     : @ 683.679: tcs3701: start power rail timer, state:3
         1703829812.910  1086  1254 I ASH     : @ 683.719: tcs3701: stop power rail pending_off timer
         1703829812.910  1086  1254 D ASH     : @ 683.719: tcs3701: start power rail timer, state:3
         1703829812.950  1086  1254 I ASH     : @ 683.759: tcs3701: stop power rail pending_off timer
         1703829812.950  1086  1254 D ASH     : @ 683.759: tcs3701: start power rail timer, state:3
         1703829812.991  1086  1254 I ASH     : @ 683.799: tcs3701: stop power rail pending_off timer
         1703829812.991  1086  1254 D ASH     : @ 683.799: tcs3701: start power rail timer, state:3
         1703829813.031  1086  1254 I ASH     : @ 683.839: tcs3701: stop power rail pending_off timer
         1703829813.031  1086  1254 D ASH     : @ 683.839: tcs3701: start power rail timer, state:3
         1703829813.071  1086  1254 I ASH     : @ 683.879: tcs3701: stop power rail pending_off timer
         1703829813.071  1086  1254 D ASH     : @ 683.879: tcs3701: start power rail timer, state:3
         1703829813.111  1086  1254 I ASH     : @ 683.919: tcs3701: stop power rail pending_off timer
         1703829813.111  1086  1254 D ASH     : @ 683.919: tcs3701: start power rail timer, state:3
         1703829813.150  1086  1254 I ASH     : @ 683.959: tcs3701: stop power rail pending_off timer
         1703829813.150  1086  1254 D ASH     : @ 683.959: tcs3701: start power rail timer, state:3
         1703829813.191  1086  1254 I ASH     : @ 683.999: tcs3701: stop power rail pending_off timer
         1703829813.191  1086  1254 D ASH     : @ 683.999: tcs3701: start power rail timer, state:3
         1703829813.231  1086  1254 I ASH     : @ 684.039: tcs3701: stop power rail pending_off timer
         1703829813.231  1086  1254 D ASH     : @ 684.039: tcs3701: start power rail timer, state:3
         1703829813.271  1086  1254 I ASH     : @ 684.079: tcs3701: stop power rail pending_off timer
         1703829813.272  1086  1254 D ASH     : @ 684.079: tcs3701: start power rail timer, state:3
         1703829813.310  1086  1254 I ASH     : @ 684.119: tcs3701: stop power rail pending_off timer
         1703829813.310  1086  1254 D ASH     : @ 684.119: tcs3701: start power rail timer, state:3
         1703829813.326  7601  7601 I dashscene-cpu: 7557 (.dashscene.demo) S 1041 1041 0 0 -1 1077936448 8292 0 24 0 68 6 0 0 10 -10 21 0 67947 15699140608 41358 18446744073709551615 1 1 0 0 0 0 4612 1 1073775864 0 0 0 17 6 0 0 0 0 0 0 0 0 0 0 0 0 0
         1703829813.349  1086  1254 I ASH     : @ 684.159: tcs3701: stop power rail pending_off timer
         1703829813.350  1086  1254 D ASH     : @ 684.159: tcs3701: start power rail timer, state:3
         1703829813.390  1086  1254 I ASH     : @ 684.199: tcs3701: stop power rail pending_off timer
         1703829813.390  1086  1254 D ASH     : @ 684.199: tcs3701: start power rail timer, state:3
         1703829813.431  1086  1254 I ASH     : @ 684.239: tcs3701: stop power rail pending_off timer
         1703829813.431  1086  1254 D ASH     : @ 684.239: tcs3701: start power rail timer, state:3
         1703829813.471  1086  1254 I ASH     : @ 684.279: tcs3701: stop power rail pending_off timer
         1703829813.471  1086  1254 D ASH     : @ 684.279: tcs3701: start power rail timer, state:3
         1703829813.511  1086  1254 I ASH     : @ 684.319: tcs3701: stop power rail pending_off timer
         1703829813.512  1086  1254 D ASH     : @ 684.319: tcs3701: start power rail timer, state:3
         1703829813.550  1086  1254 I ASH     : @ 684.359: tcs3701: stop power rail pending_off timer
         1703829813.550  1086  1254 D ASH     : @ 684.359: tcs3701: start power rail timer, state:3
         1703829813.591  1086  1254 I ASH     : @ 684.399: tcs3701: stop power rail pending_off timer
         1703829813.591  1086  1254 D ASH     : @ 684.399: tcs3701: start power rail timer, state:3
         1703829813.631  1086  1254 I ASH     : @ 684.439: tcs3701: stop power rail pending_off timer
         1703829813.631  1086  1254 D ASH     : @ 684.439: tcs3701: start power rail timer, state:3
         1703829813.671  1086  1254 I ASH     : @ 684.479: tcs3701: stop power rail pending_off timer
         1703829813.671  1086  1254 D ASH     : @ 684.479: tcs3701: start power rail timer, state:3
         1703829813.711  1086  1254 I ASH     : @ 684.519: tcs3701: stop power rail pending_off timer
         1703829813.711  1086  1254 D ASH     : @ 684.519: tcs3701: start power rail timer, state:3
         1703829813.750  1086  1254 I ASH     : @ 684.559: tcs3701: stop power rail pending_off timer
         1703829813.750  1086  1254 D ASH     : @ 684.559: tcs3701: start power rail timer, state:3
         1703829813.791  1086  1254 I ASH     : @ 684.599: tcs3701: stop power rail pending_off timer
         1703829813.791  1086  1254 D ASH     : @ 684.599: tcs3701: start power rail timer, state:3
         1703829813.831  1086  1254 I ASH     : @ 684.639: tcs3701: stop power rail pending_off timer
         1703829813.831  1086  1254 D ASH     : @ 684.639: tcs3701: start power rail timer, state:3
         1703829813.856  7604  7604 I dashscene-cpu: 7557 (.dashscene.demo) S 1041 1041 0 0 -1 1077936448 8292 0 24 0 69 7 0 0 10 -10 21 0 67947 15699140608 41358 18446744073709551615 1 1 0 0 0 0 4612 1 1073775864 0 0 0 17 6 0 0 0 0 0 0 0 0 0 0 0 0 0
         1703829813.870  1086  1254 I ASH     : @ 684.679: tcs3701: stop power rail pending_off timer
         1703829813.870  1086  1254 D ASH     : @ 684.679: tcs3701: start power rail timer, state:3
         1703829813.910  1086  1254 I ASH     : @ 684.719: tcs3701: stop power rail pending_off timer
         1703829813.910  1086  1254 D ASH     : @ 684.719: tcs3701: start power rail timer, state:3
         1703829813.951  1086  1254 I ASH     : @ 684.759: tcs3701: stop power rail pending_off timer
         1703829813.951  1086  1254 D ASH     : @ 684.759: tcs3701: start power rail timer, state:3
         1703829813.991  1086  1254 I ASH     : @ 684.799: tcs3701: stop power rail pending_off timer
         1703829813.991  1086  1254 D ASH     : @ 684.799: tcs3701: start power rail timer, state:3
         1703829814.031  1086  1254 I ASH     : @ 684.839: tcs3701: stop power rail pending_off timer
         1703829814.031  1086  1254 D ASH     : @ 684.839: tcs3701: start power rail timer, state:3
         1703829814.071  1086  1254 I ASH     : @ 684.879: tcs3701: stop power rail pending_off timer
         1703829814.072  1086  1254 D ASH     : @ 684.879: tcs3701: start power rail timer, state:3
         1703829814.111  1086  1254 I ASH     : @ 684.919: tcs3701: stop power rail pending_off timer
         1703829814.111  1086  1254 D ASH     : @ 684.919: tcs3701: start power rail timer, state:3
         1703829814.151  1086  1254 I ASH     : @ 684.959: tcs3701: stop power rail pending_off timer
         1703829814.151  1086  1254 D ASH     : @ 684.959: tcs3701: start power rail timer, state:3
         1703829814.191  1086  1254 I ASH     : @ 684.999: tcs3701: stop power rail pending_off timer
         1703829814.191  1086  1254 D ASH     : @ 684.999: tcs3701: start power rail timer, state:3
         1703829814.231  1086  1254 I ASH     : @ 685.039: tcs3701: stop power rail pending_off timer
         1703829814.231  1086  1254 D ASH     : @ 685.039: tcs3701: start power rail timer, state:3
         1703829814.271  1086  1254 I ASH     : @ 685.079: tcs3701: stop power rail pending_off timer
         1703829814.271  1086  1254 D ASH     : @ 685.079: tcs3701: start power rail timer, state:3
         1703829814.311  1086  1254 I ASH     : @ 685.119: tcs3701: stop power rail pending_off timer
         1703829814.311  1086  1254 D ASH     : @ 685.119: tcs3701: start power rail timer, state:3
         1703829814.350  1086  1254 I ASH     : @ 685.159: tcs3701: stop power rail pending_off timer
         1703829814.350  1086  1254 D ASH     : @ 685.159: tcs3701: start power rail timer, state:3
         1703829814.385  7607  7607 I dashscene-cpu: 7557 (.dashscene.demo) S 1041 1041 0 0 -1 1077936448 8292 0 24 0 70 7 0 0 10 -10 21 0 67947 15699140608 41358 18446744073709551615 1 1 0 0 0 0 4612 1 1073775864 0 0 0 17 6 0 0 0 0 0 0 0 0 0 0 0 0 0
         1703829814.390  1086  1254 I ASH     : @ 685.199: tcs3701: stop power rail pending_off timer
         1703829814.390  1086  1254 D ASH     : @ 685.199: tcs3701: start power rail timer, state:3
         1703829814.430  1086  1254 I ASH     : @ 685.239: tcs3701: stop power rail pending_off timer
         1703829814.430  1086  1254 D ASH     : @ 685.239: tcs3701: start power rail timer, state:3
         1703829814.470  1086  1254 I ASH     : @ 685.279: tcs3701: stop power rail pending_off timer
         1703829814.470  1086  1254 D ASH     : @ 685.279: tcs3701: start power rail timer, state:3
         1703829814.511  1086  1254 I ASH     : @ 685.319: tcs3701: stop power rail pending_off timer
         1703829814.511  1086  1254 D ASH     : @ 685.319: tcs3701: start power rail timer, state:3
         1703829814.551  1086  1254 I ASH     : @ 685.359: tcs3701: stop power rail pending_off timer
         1703829814.551  1086  1254 D ASH     : @ 685.359: tcs3701: start power rail timer, state:3
         1703829814.591  1086  1254 I ASH     : @ 685.399: tcs3701: stop power rail pending_off timer
         1703829814.591  1086  1254 D ASH     : @ 685.399: tcs3701: start power rail timer, state:3
         1703829814.630  1086  1254 I ASH     : @ 685.439: tcs3701: stop power rail pending_off timer
         1703829814.630  1086  1254 D ASH     : @ 685.439: tcs3701: start power rail timer, state:3
         1703829814.670  1086  1254 I ASH     : @ 685.479: tcs3701: stop power rail pending_off timer
         1703829814.670  1086  1254 D ASH     : @ 685.479: tcs3701: start power rail timer, state:3
         1703829814.710  1086  1254 I ASH     : @ 685.519: tcs3701: stop power rail pending_off timer
         1703829814.710  1086  1254 D ASH     : @ 685.519: tcs3701: start power rail timer, state:3
         1703829814.750  1086  1254 I ASH     : @ 685.559: tcs3701: stop power rail pending_off timer
         1703829814.750  1086  1254 D ASH     : @ 685.559: tcs3701: start power rail timer, state:3
         1703829814.790  1086  1254 I ASH     : @ 685.599: tcs3701: stop power rail pending_off timer
         1703829814.790  1086  1254 D ASH     : @ 685.599: tcs3701: start power rail timer, state:3
         1703829814.830  1086  1254 I ASH     : @ 685.639: tcs3701: stop power rail pending_off timer
         1703829814.830  1086  1254 D ASH     : @ 685.639: tcs3701: start power rail timer, state:3
         1703829814.869  1086  1254 I ASH     : @ 685.679: tcs3701: stop power rail pending_off timer
         1703829814.869  1086  1254 D ASH     : @ 685.679: tcs3701: start power rail timer, state:3
         1703829814.909  1086  1254 I ASH     : @ 685.719: tcs3701: stop power rail pending_off timer
         1703829814.910  1086  1254 D ASH     : @ 685.719: tcs3701: start power rail timer, state:3
         1703829814.911  7611  7611 I dashscene-cpu: 7557 (.dashscene.demo) S 1041 1041 0 0 -1 1077936448 8472 0 25 0 90 11 0 0 10 -10 22 0 67947 15717937152 41530 18446744073709551615 1 1 0 0 0 0 4612 1 1073775864 0 0 0 17 6 0 0 0 0 0 0 0 0 0 0 0 0 0
         1703829814.950  1086  1254 I ASH     : @ 685.759: tcs3701: stop power rail pending_off timer
         1703829814.950  1086  1254 D ASH     : @ 685.759: tcs3701: start power rail timer, state:3
         1703829814.989  1086  1254 I ASH     : @ 685.799: tcs3701: stop power rail pending_off timer
         1703829814.990  1086  1254 D ASH     : @ 685.799: tcs3701: start power rail timer, state:3
         1703829815.030  1086  1254 I ASH     : @ 685.839: tcs3701: stop power rail pending_off timer
         1703829815.030  1086  1254 D ASH     : @ 685.839: tcs3701: start power rail timer, state:3
         1703829815.070  1086  1254 I ASH     : @ 685.879: tcs3701: stop power rail pending_off timer
         1703829815.070  1086  1254 D ASH     : @ 685.879: tcs3701: start power rail timer, state:3
         1703829815.110  1086  1254 I ASH     : @ 685.919: tcs3701: stop power rail pending_off timer
         1703829815.110  1086  1254 D ASH     : @ 685.919: tcs3701: start power rail timer, state:3
         1703829815.149  1086  1254 I ASH     : @ 685.959: tcs3701: stop power rail pending_off timer
         1703829815.150  1086  1254 D ASH     : @ 685.959: tcs3701: start power rail timer, state:3
         1703829815.189  1086  1254 I ASH     : @ 685.999: tcs3701: stop power rail pending_off timer
         1703829815.189  1086  1254 D ASH     : @ 685.999: tcs3701: start power rail timer, state:3
         1703829815.230  1086  1254 I ASH     : @ 686.039: tcs3701: stop power rail pending_off timer
         1703829815.230  1086  1254 D ASH     : @ 686.039: tcs3701: start power rail timer, state:3
         1703829815.270  1086  1254 I ASH     : @ 686.079: tcs3701: stop power rail pending_off timer
         1703829815.270  1086  1254 D ASH     : @ 686.079: tcs3701: start power rail timer, state:3
         1703829815.309  1086  1254 I ASH     : @ 686.119: tcs3701: stop power rail pending_off timer
         1703829815.309  1086  1254 D ASH     : @ 686.119: tcs3701: start power rail timer, state:3
         1703829815.350  1086  1254 I ASH     : @ 686.159: tcs3701: stop power rail pending_off timer
         1703829815.350  1086  1254 D ASH     : @ 686.159: tcs3701: start power rail timer, state:3
         1703829815.389  1086  1254 I ASH     : @ 686.199: tcs3701: stop power rail pending_off timer
         1703829815.390  1086  1254 D ASH     : @ 686.199: tcs3701: start power rail timer, state:3
         1703829815.429  1086  1254 I ASH     : @ 686.239: tcs3701: stop power rail pending_off timer
         1703829815.429  1086  1254 D ASH     : @ 686.239: tcs3701: start power rail timer, state:3
         1703829815.446  7614  7614 I dashscene-cpu: 7557 (.dashscene.demo) S 1041 1041 0 0 -1 1077936448 8540 0 25 0 125 12 0 0 10 -10 22 0 67947 15717937152 41352 18446744073709551615 1 1 0 0 0 0 4612 1 1073775864 0 0 0 17 6 0 0 0 0 0 0 0 0 0 0 0 0 0
         1703829815.469  1086  1254 I ASH     : @ 686.279: tcs3701: stop power rail pending_off timer
         1703829815.470  1086  1254 D ASH     : @ 686.279: tcs3701: start power rail timer, state:3
         1703829815.510  1086  1254 I ASH     : @ 686.319: tcs3701: stop power rail pending_off timer
         1703829815.510  1086  1254 D ASH     : @ 686.319: tcs3701: start power rail timer, state:3
         1703829815.549  1086  1254 I ASH     : @ 686.359: tcs3701: stop power rail pending_off timer
         1703829815.549  1086  1254 D ASH     : @ 686.359: tcs3701: start power rail timer, state:3
         1703829815.589  1086  1254 I ASH     : @ 686.399: tcs3701: stop power rail pending_off timer
         1703829815.589  1086  1254 D ASH     : @ 686.399: tcs3701: start power rail timer, state:3
         1703829815.630  1086  1254 I ASH     : @ 686.439: tcs3701: stop power rail pending_off timer
         1703829815.630  1086  1254 D ASH     : @ 686.439: tcs3701: start power rail timer, state:3
         1703829815.670  1086  1254 I ASH     : @ 686.479: tcs3701: stop power rail pending_off timer
         1703829815.670  1086  1254 D ASH     : @ 686.479: tcs3701: start power rail timer, state:3
         1703829815.709  1086  1254 I ASH     : @ 686.519: tcs3701: stop power rail pending_off timer
         1703829815.710  1086  1254 D ASH     : @ 686.519: tcs3701: start power rail timer, state:3
         1703829815.749  1086  1254 I ASH     : @ 686.559: tcs3701: stop power rail pending_off timer
         1703829815.750  1086  1254 D ASH     : @ 686.559: tcs3701: start power rail timer, state:3
         1703829815.789  1086  1254 I ASH     : @ 686.599: tcs3701: stop power rail pending_off timer
         1703829815.790  1086  1254 D ASH     : @ 686.599: tcs3701: start power rail timer, state:3
         1703829815.830  1086  1254 I ASH     : @ 686.639: tcs3701: stop power rail pending_off timer
         1703829815.830  1086  1254 D ASH     : @ 686.639: tcs3701: start power rail timer, state:3
         1703829815.870  1086  1254 I ASH     : @ 686.679: tcs3701: stop power rail pending_off timer
         1703829815.870  1086  1254 D ASH     : @ 686.679: tcs3701: start power rail timer, state:3
         1703829815.909  1086  1254 I ASH     : @ 686.719: tcs3701: stop power rail pending_off timer
         1703829815.909  1086  1254 D ASH     : @ 686.719: tcs3701: start power rail timer, state:3
         1703829815.949  1086  1254 I ASH     : @ 686.759: tcs3701: stop power rail pending_off timer
         1703829815.950  1086  1254 D ASH     : @ 686.759: tcs3701: start power rail timer, state:3
         1703829815.983  7617  7617 I dashscene-cpu: 7557 (.dashscene.demo) S 1041 1041 0 0 -1 1077936448 8604 0 25 0 162 13 0 0 10 -10 22 0 67947 15717937152 41348 18446744073709551615 1 1 0 0 0 0 4612 1 1073775864 0 0 0 17 6 0 0 0 0 0 0 0 0 0 0 0 0 0
         1703829815.990  1086  1254 I ASH     : @ 686.799: tcs3701: stop power rail pending_off timer
         1703829815.990  1086  1254 D ASH     : @ 686.799: tcs3701: start power rail timer, state:3
         1703829816.030  1086  1254 I ASH     : @ 686.839: tcs3701: stop power rail pending_off timer
         1703829816.030  1086  1254 D ASH     : @ 686.839: tcs3701: start power rail timer, state:3
         1703829816.070  1086  1254 I ASH     : @ 686.879: tcs3701: stop power rail pending_off timer
         1703829816.070  1086  1254 D ASH     : @ 686.879: tcs3701: start power rail timer, state:3
         1703829816.110  1086  1254 I ASH     : @ 686.919: tcs3701: stop power rail pending_off timer
         1703829816.110  1086  1254 D ASH     : @ 686.919: tcs3701: start power rail timer, state:3
         1703829816.150  1086  1254 I ASH     : @ 686.959: tcs3701: stop power rail pending_off timer
         1703829816.150  1086  1254 D ASH     : @ 686.959: tcs3701: start power rail timer, state:3
         1703829816.190  1086  1254 I ASH     : @ 686.999: tcs3701: stop power rail pending_off timer
         1703829816.190  1086  1254 D ASH     : @ 686.999: tcs3701: start power rail timer, state:3
         1703829816.231  1086  1254 I ASH     : @ 687.039: tcs3701: stop power rail pending_off timer
         1703829816.231  1086  1254 D ASH     : @ 687.039: tcs3701: start power rail timer, state:3
         1703829816.271  1086  1254 I ASH     : @ 687.079: tcs3701: stop power rail pending_off timer
         1703829816.271  1086  1254 D ASH     : @ 687.079: tcs3701: start power rail timer, state:3
         1703829816.311  1086  1254 I ASH     : @ 687.119: tcs3701: stop power rail pending_off timer
         1703829816.312  1086  1254 D ASH     : @ 687.119: tcs3701: start power rail timer, state:3
         1703829816.351  1086  1254 I ASH     : @ 687.159: tcs3701: stop power rail pending_off timer
         1703829816.351  1086  1254 D ASH     : @ 687.159: tcs3701: start power rail timer, state:3
         1703829816.356  7557  7579 I dashscene: 240 frames over 240 vsyncs
         1703829816.390  1086  1254 I ASH     : @ 687.199: tcs3701: stop power rail pending_off timer
         1703829816.390  1086  1254 D ASH     : @ 687.199: tcs3701: start power rail timer, state:3
         1703829816.431  1086  1254 I ASH     : @ 687.239: tcs3701: stop power rail pending_off timer
         1703829816.432  1086  1254 D ASH     : @ 687.239: tcs3701: start power rail timer, state:3
         1703829816.471  1086  1254 I ASH     : @ 687.279: tcs3701: stop power rail pending_off timer
         1703829816.471  1086  1254 D ASH     : @ 687.279: tcs3701: start power rail timer, state:3
         1703829816.510  1086  1254 I ASH     : @ 687.319: tcs3701: stop power rail pending_off timer
         1703829816.510  1086  1254 D ASH     : @ 687.319: tcs3701: start power rail timer, state:3
         1703829816.513  7620  7620 I dashscene-cpu: 7557 (.dashscene.demo) S 1041 1041 0 0 -1 1077936448 8609 0 25 0 163 16 0 0 10 -10 22 0 67947 15717937152 41349 18446744073709551615 1 1 0 0 0 0 4612 1 1073775864 0 0 0 17 6 0 0 0 0 0 0 0 0 0 0 0 0 0
         1703829816.550  1086  1254 I ASH     : @ 687.359: tcs3701: stop power rail pending_off timer
         1703829816.550  1086  1254 D ASH     : @ 687.359: tcs3701: start power rail timer, state:3
         1703829816.590  1086  1254 I ASH     : @ 687.399: tcs3701: stop power rail pending_off timer
         1703829816.590  1086  1254 D ASH     : @ 687.399: tcs3701: start power rail timer, state:3
         1703829816.630  1086  1254 I ASH     : @ 687.439: tcs3701: stop power rail pending_off timer
         1703829816.630  1086  1254 D ASH     : @ 687.439: tcs3701: start power rail timer, state:3
         1703829816.671  1086  1254 I ASH     : @ 687.479: tcs3701: stop power rail pending_off timer
         1703829816.671  1086  1254 D ASH     : @ 687.479: tcs3701: start power rail timer, state:3
         1703829816.711  1086  1254 I ASH     : @ 687.519: tcs3701: stop power rail pending_off timer
         1703829816.711  1086  1254 D ASH     : @ 687.519: tcs3701: start power rail timer, state:3
         1703829816.750  1086  1254 I ASH     : @ 687.559: tcs3701: stop power rail pending_off timer
         1703829816.750  1086  1254 D ASH     : @ 687.559: tcs3701: start power rail timer, state:3
         1703829816.790  1086  1254 I ASH     : @ 687.599: tcs3701: stop power rail pending_off timer
         1703829816.790  1086  1254 D ASH     : @ 687.599: tcs3701: start power rail timer, state:3
         1703829816.831  1086  1254 I ASH     : @ 687.639: tcs3701: stop power rail pending_off timer
         1703829816.831  1086  1254 D ASH     : @ 687.639: tcs3701: start power rail timer, state:3
         1703829816.871  1086  1254 I ASH     : @ 687.679: tcs3701: stop power rail pending_off timer
         1703829816.871  1086  1254 D ASH     : @ 687.679: tcs3701: start power rail timer, state:3
         1703829816.911  1086  1254 I ASH     : @ 687.719: tcs3701: stop power rail pending_off timer
         1703829816.912  1086  1254 D ASH     : @ 687.719: tcs3701: start power rail timer, state:3
         1703829816.951  1086  1254 I ASH     : @ 687.759: tcs3701: stop power rail pending_off timer
         1703829816.951  1086  1254 D ASH     : @ 687.759: tcs3701: start power rail timer, state:3
         1703829816.990  1086  1254 I ASH     : @ 687.799: tcs3701: stop power rail pending_off timer
         1703829816.991  1086  1254 D ASH     : @ 687.799: tcs3701: start power rail timer, state:3
         1703829817.030  1086  1254 I ASH     : @ 687.839: tcs3701: stop power rail pending_off timer
         1703829817.030  1086  1254 D ASH     : @ 687.839: tcs3701: start power rail timer, state:3
         1703829817.041  7626  7626 I dashscene-cpu: 7557 (.dashscene.demo) S 1041 1041 0 0 -1 1077936448 8637 0 25 0 163 18 0 0 10 -10 18 0 67947 15650451456 41492 18446744073709551615 1 1 0 0 0 0 4612 1 1073775864 0 0 0 17 6 0 0 0 0 0 0 0 0 0 0 0 0 0
         1703829817.070  1086  1254 I ASH     : @ 687.879: tcs3701: stop power rail pending_off timer
         1703829817.070  1086  1254 D ASH     : @ 687.879: tcs3701: start power rail timer, state:3
         1703829817.110  1086  1254 I ASH     : @ 687.919: tcs3701: stop power rail pending_off timer
         1703829817.110  1086  1254 D ASH     : @ 687.919: tcs3701: start power rail timer, state:3
         1703829817.150  1086  1254 I ASH     : @ 687.959: tcs3701: stop power rail pending_off timer
         1703829817.150  1086  1254 D ASH     : @ 687.959: tcs3701: start power rail timer, state:3
         1703829817.190  1086  1254 I ASH     : @ 687.999: tcs3701: stop power rail pending_off timer
         1703829817.190  1086  1254 D ASH     : @ 687.999: tcs3701: start power rail timer, state:3
         1703829817.230  1086  1254 I ASH     : @ 688.039: tcs3701: stop power rail pending_off timer
         1703829817.230  1086  1254 D ASH     : @ 688.039: tcs3701: start power rail timer, state:3
         1703829817.270  1086  1254 I ASH     : @ 688.079: tcs3701: stop power rail pending_off timer
         1703829817.270  1086  1254 D ASH     : @ 688.079: tcs3701: start power rail timer, state:3
         1703829817.310  1086  1254 I ASH     : @ 688.119: tcs3701: stop power rail pending_off timer
         1703829817.310  1086  1254 D ASH     : @ 688.119: tcs3701: start power rail timer, state:3
         1703829817.350  1086  1254 I ASH     : @ 688.159: tcs3701: stop power rail pending_off timer
         1703829817.350  1086  1254 D ASH     : @ 688.159: tcs3701: start power rail timer, state:3
         1703829817.363  3263  3977 E WakeLock: GCM_HB_ALARM release without a matched acquire!
         1703829817.363  3263  3977 W WakeLock: GCM_HB_ALARM counter does not exist
         1703829817.365  3263  3977 I AlarmManager: setExactAndAllowWhileIdle [name: GCM_CONN_ALARM type: 2 triggerAtMillis: 1355007]
         1703829817.389  1086  1254 I ASH     : @ 688.199: tcs3701: stop power rail pending_off timer
         1703829817.389  1086  1254 D ASH     : @ 688.199: tcs3701: start power rail timer, state:3
         1703829817.430  1086  1254 I ASH     : @ 688.239: tcs3701: stop power rail pending_off timer
         1703829817.430  1086  1254 D ASH     : @ 688.239: tcs3701: start power rail timer, state:3
         1703829817.470  1086  1254 I ASH     : @ 688.279: tcs3701: stop power rail pending_off timer
         1703829817.470  1086  1254 D ASH     : @ 688.279: tcs3701: start power rail timer, state:3
         1703829817.511  1086  1254 I ASH     : @ 688.319: tcs3701: stop power rail pending_off timer
         1703829817.511  1086  1254 D ASH     : @ 688.319: tcs3701: start power rail timer, state:3
         1703829817.550  1086  1254 I ASH     : @ 688.359: tcs3701: stop power rail pending_off timer
         1703829817.550  1086  1254 D ASH     : @ 688.359: tcs3701: start power rail timer, state:3
         1703829817.565  7629  7629 I dashscene-cpu: 7557 (.dashscene.demo) S 1041 1041 0 0 -1 1077936448 8682 0 25 0 193 21 0 0 10 -10 18 0 67947 15650451456 41500 18446744073709551615 1 1 0 0 0 0 4612 1 1073775864 0 0 0 17 6 0 0 0 0 0 0 0 0 0 0 0 0 0
         1703829817.589  1086  1254 I ASH     : @ 688.399: tcs3701: stop power rail pending_off timer
         1703829817.589  1086  1254 D ASH     : @ 688.399: tcs3701: start power rail timer, state:3
         1703829817.629  1086  1254 I ASH     : @ 688.439: tcs3701: stop power rail pending_off timer
         1703829817.630  1086  1254 D ASH     : @ 688.439: tcs3701: start power rail timer, state:3
         1703829817.670  1086  1254 I ASH     : @ 688.479: tcs3701: stop power rail pending_off timer
         1703829817.670  1086  1254 D ASH     : @ 688.479: tcs3701: start power rail timer, state:3
         1703829817.710  1086  1254 I ASH     : @ 688.519: tcs3701: stop power rail pending_off timer
         1703829817.710  1086  1254 D ASH     : @ 688.519: tcs3701: start power rail timer, state:3
         1703829817.750  1086  1254 I ASH     : @ 688.559: tcs3701: stop power rail pending_off timer
         1703829817.750  1086  1254 D ASH     : @ 688.559: tcs3701: start power rail timer, state:3
         1703829817.789  1086  1254 I ASH     : @ 688.599: tcs3701: stop power rail pending_off timer
         1703829817.790  1086  1254 D ASH     : @ 688.599: tcs3701: start power rail timer, state:3
         1703829817.829  1086  1254 I ASH     : @ 688.639: tcs3701: stop power rail pending_off timer
         1703829817.830  1086  1254 D ASH     : @ 688.639: tcs3701: start power rail timer, state:3
         1703829817.869  1086  1254 I ASH     : @ 688.679: tcs3701: stop power rail pending_off timer
         1703829817.870  1086  1254 D ASH     : @ 688.679: tcs3701: start power rail timer, state:3
         1703829817.910  1086  1254 I ASH     : @ 688.719: tcs3701: stop power rail pending_off timer
         1703829817.910  1086  1254 D ASH     : @ 688.719: tcs3701: start power rail timer, state:3
         1703829817.950  1086  1254 I ASH     : @ 688.759: tcs3701: stop power rail pending_off timer
         1703829817.950  1086  1254 D ASH     : @ 688.759: tcs3701: start power rail timer, state:3
         1703829817.989  1086  1254 I ASH     : @ 688.799: tcs3701: stop power rail pending_off timer
         1703829817.989  1086  1254 D ASH     : @ 688.799: tcs3701: start power rail timer, state:3
         1703829818.029  1086  1254 I ASH     : @ 688.839: tcs3701: stop power rail pending_off timer
         1703829818.030  1086  1254 D ASH     : @ 688.839: tcs3701: start power rail timer, state:3
         1703829818.070  1086  1254 I ASH     : @ 688.879: tcs3701: stop power rail pending_off timer
         1703829818.070  1086  1254 D ASH     : @ 688.879: tcs3701: start power rail timer, state:3
         1703829818.103  7632  7632 I dashscene-cpu: 7557 (.dashscene.demo) S 1041 1041 0 0 -1 1077936448 8746 0 25 0 228 23 0 0 10 -10 18 0 67947 15650459648 41500 18446744073709551615 1 1 0 0 0 0 4612 1 1073775864 0 0 0 17 6 0 0 0 0 0 0 0 0 0 0 0 0 0
         1703829818.109  1086  1254 I ASH     : @ 688.919: tcs3701: stop power rail pending_off timer
         1703829818.109  1086  1254 D ASH     : @ 688.919: tcs3701: start power rail timer, state:3
         1703829818.150  1086  1254 I ASH     : @ 688.959: tcs3701: stop power rail pending_off timer
         1703829818.150  1086  1254 D ASH     : @ 688.959: tcs3701: start power rail timer, state:3
         1703829818.189  1086  1254 I ASH     : @ 688.999: tcs3701: stop power rail pending_off timer
         1703829818.189  1086  1254 D ASH     : @ 688.999: tcs3701: start power rail timer, state:3
         1703829818.230  1086  1254 I ASH     : @ 689.039: tcs3701: stop power rail pending_off timer
         1703829818.230  1086  1254 D ASH     : @ 689.039: tcs3701: start power rail timer, state:3
         1703829818.270  1086  1254 I ASH     : @ 689.079: tcs3701: stop power rail pending_off timer
         1703829818.270  1086  1254 D ASH     : @ 689.079: tcs3701: start power rail timer, state:3
         1703829818.311  1086  1254 I ASH     : @ 689.119: tcs3701: stop power rail pending_off timer
         1703829818.312  1086  1254 D ASH     : @ 689.119: tcs3701: start power rail timer, state:3
         1703829818.350  1086  1254 I ASH     : @ 689.159: tcs3701: stop power rail pending_off timer
         1703829818.350  1086  1254 D ASH     : @ 689.159: tcs3701: start power rail timer, state:3
         1703829818.389  1086  1254 I ASH     : @ 689.199: tcs3701: stop power rail pending_off timer
         1703829818.390  1086  1254 D ASH     : @ 689.199: tcs3701: start power rail timer, state:3
         1703829818.430  1086  1254 I ASH     : @ 689.239: tcs3701: stop power rail pending_off timer
         1703829818.430  1086  1254 D ASH     : @ 689.239: tcs3701: start power rail timer, state:3
         1703829818.470  1086  1254 I ASH     : @ 689.279: tcs3701: stop power rail pending_off timer
         1703829818.470  1086  1254 D ASH     : @ 689.279: tcs3701: start power rail timer, state:3
         1703829818.510  1086  1254 I ASH     : @ 689.319: tcs3701: stop power rail pending_off timer
         1703829818.510  1086  1254 D ASH     : @ 689.319: tcs3701: start power rail timer, state:3
         1703829818.549  1086  1254 I ASH     : @ 689.359: tcs3701: stop power rail pending_off timer
         1703829818.549  1086  1254 D ASH     : @ 689.359: tcs3701: start power rail timer, state:3
         1703829818.590  1086  1254 I ASH     : @ 689.399: tcs3701: stop power rail pending_off timer
         1703829818.590  1086  1254 D ASH     : @ 689.399: tcs3701: start power rail timer, state:3
         1703829818.630  1086  1254 I ASH     : @ 689.439: tcs3701: stop power rail pending_off timer
         1703829818.630  1086  1254 D ASH     : @ 689.439: tcs3701: start power rail timer, state:3
         1703829818.633  7635  7635 I dashscene-cpu: 7557 (.dashscene.demo) S 1041 1041 0 0 -1 1077936448 8789 0 25 0 254 23 0 0 10 -10 18 0 67947 15650451456 41501 18446744073709551615 1 1 0 0 0 0 4612 1 1073775864 0 0 0 17 6 0 0 0 0 0 0 0 0 0 0 0 0 0
         1703829818.670  1086  1254 I ASH     : @ 689.479: tcs3701: stop power rail pending_off timer
         1703829818.670  1086  1254 D ASH     : @ 689.479: tcs3701: start power rail timer, state:3
         1703829818.710  1086  1254 I ASH     : @ 689.519: tcs3701: stop power rail pending_off timer
         1703829818.710  1086  1254 D ASH     : @ 689.519: tcs3701: start power rail timer, state:3
         1703829818.751  1086  1254 I ASH     : @ 689.559: tcs3701: stop power rail pending_off timer
         1703829818.751  1086  1254 D ASH     : @ 689.559: tcs3701: start power rail timer, state:3
         1703829818.791  1086  1254 I ASH     : @ 689.599: tcs3701: stop power rail pending_off timer
         1703829818.791  1086  1254 D ASH     : @ 689.599: tcs3701: start power rail timer, state:3
         1703829818.831  1086  1254 I ASH     : @ 689.639: tcs3701: stop power rail pending_off timer
         1703829818.831  1086  1254 D ASH     : @ 689.639: tcs3701: start power rail timer, state:3
         1703829818.871  1086  1254 I ASH     : @ 689.679: tcs3701: stop power rail pending_off timer
         1703829818.871  1086  1254 D ASH     : @ 689.679: tcs3701: start power rail timer, state:3
         1703829818.910  1086  1254 I ASH     : @ 689.719: tcs3701: stop power rail pending_off timer
         1703829818.910  1086  1254 D ASH     : @ 689.719: tcs3701: start power rail timer, state:3
         1703829818.951  1086  1254 I ASH     : @ 689.759: tcs3701: stop power rail pending_off timer
         1703829818.952  1086  1254 D ASH     : @ 689.759: tcs3701: start power rail timer, state:3
         1703829818.991  1086  1254 I ASH     : @ 689.799: tcs3701: stop power rail pending_off timer
         1703829818.992  1086  1254 D ASH     : @ 689.799: tcs3701: start power rail timer, state:3
         1703829819.031  1086  1254 I ASH     : @ 689.839: tcs3701: stop power rail pending_off timer
         1703829819.031  1086  1254 D ASH     : @ 689.839: tcs3701: start power rail timer, state:3
         1703829819.071  1086  1254 I ASH     : @ 689.879: tcs3701: stop power rail pending_off timer
         1703829819.071  1086  1254 D ASH     : @ 689.879: tcs3701: start power rail timer, state:3
         1703829819.110  1086  1254 I ASH     : @ 689.919: tcs3701: stop power rail pending_off timer
         1703829819.110  1086  1254 D ASH     : @ 689.919: tcs3701: start power rail timer, state:3
         1703829819.150  1086  1254 I ASH     : @ 689.959: tcs3701: stop power rail pending_off timer
         1703829819.150  1086  1254 D ASH     : @ 689.959: tcs3701: start power rail timer, state:3
         1703829819.165  7638  7638 I dashscene-cpu: 7557 (.dashscene.demo) S 1041 1041 0 0 -1 1077936448 8789 0 25 0 255 24 0 0 10 -10 18 0 67947 15650451456 41501 18446744073709551615 1 1 0 0 0 0 4612 1 1073775864 0 0 0 17 6 0 0 0 0 0 0 0 0 0 0 0 0 0
         1703829819.190  1086  1254 I ASH     : @ 689.999: tcs3701: stop power rail pending_off timer
         1703829819.190  1086  1254 D ASH     : @ 689.999: tcs3701: start power rail timer, state:3
         1703829819.232  1086  1254 I ASH     : @ 690.039: tcs3701: stop power rail pending_off timer
         1703829819.232  1086  1254 D ASH     : @ 690.039: tcs3701: start power rail timer, state:3
         1703829819.270  1086  1254 I ASH     : @ 690.079: tcs3701: stop power rail pending_off timer
         1703829819.271  1086  1254 D ASH     : @ 690.079: tcs3701: start power rail timer, state:3
         1703829819.310  1086  1254 I ASH     : @ 690.119: tcs3701: stop power rail pending_off timer
         1703829819.310  1086  1254 D ASH     : @ 690.119: tcs3701: start power rail timer, state:3
         1703829819.351  1086  1254 I ASH     : @ 690.159: tcs3701: stop power rail pending_off timer
         1703829819.351  1086  1254 D ASH     : @ 690.159: tcs3701: start power rail timer, state:3
         1703829819.391  1086  1254 I ASH     : @ 690.199: tcs3701: stop power rail pending_off timer
         1703829819.391  1086  1254 D ASH     : @ 690.199: tcs3701: start power rail timer, state:3
         1703829819.432  1086  1254 I ASH     : @ 690.239: tcs3701: stop power rail pending_off timer
         1703829819.432  1086  1254 D ASH     : @ 690.239: tcs3701: start power rail timer, state:3
         1703829819.470  1086  1254 I ASH     : @ 690.279: tcs3701: stop power rail pending_off timer
         1703829819.470  1086  1254 D ASH     : @ 690.279: tcs3701: start power rail timer, state:3
         1703829819.510  1086  1254 I ASH     : @ 690.319: tcs3701: stop power rail pending_off timer
         1703829819.510  1086  1254 D ASH     : @ 690.319: tcs3701: start power rail timer, state:3
         1703829819.551  1086  1254 I ASH     : @ 690.359: tcs3701: stop power rail pending_off timer
         1703829819.552  1086  1254 D ASH     : @ 690.359: tcs3701: start power rail timer, state:3
         1703829819.591  1086  1254 I ASH     : @ 690.399: tcs3701: stop power rail pending_off timer
         1703829819.591  1086  1254 D ASH     : @ 690.399: tcs3701: start power rail timer, state:3
         1703829819.630  1086  1254 I ASH     : @ 690.439: tcs3701: stop power rail pending_off timer
         1703829819.630  1086  1254 D ASH     : @ 690.439: tcs3701: start power rail timer, state:3
         1703829819.670  1086  1254 I ASH     : @ 690.479: tcs3701: stop power rail pending_off timer
         1703829819.670  1086  1254 D ASH     : @ 690.479: tcs3701: start power rail timer, state:3
         1703829819.694  7641  7641 I dashscene-cpu: 7557 (.dashscene.demo) S 1041 1041 0 0 -1 1077936448 8789 0 25 0 261 25 0 0 10 -10 18 0 67947 15650451456 41501 18446744073709551615 1 1 0 0 0 0 4612 1 1073775864 0 0 0 17 6 0 0 0 0 0 0 0 0 0 0 0 0 0
         1703829819.709  1086  1254 I ASH     : @ 690.519: tcs3701: stop power rail pending_off timer
         1703829819.709  1086  1254 D ASH     : @ 690.519: tcs3701: start power rail timer, state:3
         1703829819.750  1086  1254 I ASH     : @ 690.559: tcs3701: stop power rail pending_off timer
         1703829819.750  1086  1254 D ASH     : @ 690.559: tcs3701: start power rail timer, state:3
         1703829819.790  1086  1254 I ASH     : @ 690.599: tcs3701: stop power rail pending_off timer
         1703829819.790  1086  1254 D ASH     : @ 690.599: tcs3701: start power rail timer, state:3
         1703829819.830  1086  1254 I ASH     : @ 690.639: tcs3701: stop power rail pending_off timer
         1703829819.830  1086  1254 D ASH     : @ 690.639: tcs3701: start power rail timer, state:3
         1703829819.870  1086  1254 I ASH     : @ 690.679: tcs3701: stop power rail pending_off timer
         1703829819.870  1086  1254 D ASH     : @ 690.679: tcs3701: start power rail timer, state:3
         1703829819.909  1086  1254 I ASH     : @ 690.719: tcs3701: stop power rail pending_off timer
         1703829819.910  1086  1254 D ASH     : @ 690.719: tcs3701: start power rail timer, state:3
         1703829819.949  1086  1254 I ASH     : @ 690.759: tcs3701: stop power rail pending_off timer
         1703829819.950  1086  1254 D ASH     : @ 690.759: tcs3701: start power rail timer, state:3
         1703829819.989  1086  1254 I ASH     : @ 690.799: tcs3701: stop power rail pending_off timer
         1703829819.990  1086  1254 D ASH     : @ 690.799: tcs3701: start power rail timer, state:3
         1703829820.030  1086  1254 I ASH     : @ 690.839: tcs3701: stop power rail pending_off timer
         1703829820.030  1086  1254 D ASH     : @ 690.839: tcs3701: start power rail timer, state:3
         1703829820.070  1086  1254 I ASH     : @ 690.879: tcs3701: stop power rail pending_off timer
         1703829820.070  1086  1254 D ASH     : @ 690.879: tcs3701: start power rail timer, state:3
         1703829820.110  1086  1254 I ASH     : @ 690.919: tcs3701: stop power rail pending_off timer
         1703829820.110  1086  1254 D ASH     : @ 690.919: tcs3701: start power rail timer, state:3
         1703829820.150  1086  1254 I ASH     : @ 690.959: tcs3701: stop power rail pending_off timer
         1703829820.150  1086  1254 D ASH     : @ 690.959: tcs3701: start power rail timer, state:3
         1703829820.190  1086  1254 I ASH     : @ 690.999: tcs3701: stop power rail pending_off timer
         1703829820.190  1086  1254 D ASH     : @ 690.999: tcs3701: start power rail timer, state:3
         1703829820.222  7644  7644 I dashscene-cpu: 7557 (.dashscene.demo) S 1041 1041 0 0 -1 1077936448 8851 0 25 0 298 27 0 0 10 -10 18 0 67947 15650451456 41503 18446744073709551615 1 1 0 0 0 0 4612 1 1073775864 0 0 0 17 6 0 0 0 0 0 0 0 0 0 0 0 0 0
         1703829820.229  1086  1254 I ASH     : @ 691.039: tcs3701: stop power rail pending_off timer
         1703829820.229  1086  1254 D ASH     : @ 691.039: tcs3701: start power rail timer, state:3
         1703829820.269  1086  1254 I ASH     : @ 691.079: tcs3701: stop power rail pending_off timer
         1703829820.270  1086  1254 D ASH     : @ 691.079: tcs3701: start power rail timer, state:3
         1703829820.310  1086  1254 I ASH     : @ 691.119: tcs3701: stop power rail pending_off timer
         1703829820.310  1086  1254 D ASH     : @ 691.119: tcs3701: start power rail timer, state:3
         1703829820.349  1086  1254 I ASH     : @ 691.159: tcs3701: stop power rail pending_off timer
         1703829820.350  1086  1254 D ASH     : @ 691.159: tcs3701: start power rail timer, state:3
         1703829820.389  1086  1254 I ASH     : @ 691.199: tcs3701: stop power rail pending_off timer
         1703829820.390  1086  1254 D ASH     : @ 691.199: tcs3701: start power rail timer, state:3
         1703829820.430  1086  1254 I ASH     : @ 691.239: tcs3701: stop power rail pending_off timer
         1703829820.430  1086  1254 D ASH     : @ 691.239: tcs3701: start power rail timer, state:3
         1703829820.469  1086  1254 I ASH     : @ 691.279: tcs3701: stop power rail pending_off timer
         1703829820.470  1086  1254 D ASH     : @ 691.279: tcs3701: start power rail timer, state:3
         1703829820.509  1086  1254 I ASH     : @ 691.319: tcs3701: stop power rail pending_off timer
         1703829820.510  1086  1254 D ASH     : @ 691.319: tcs3701: start power rail timer, state:3
         1703829820.549  1086  1254 I ASH     : @ 691.359: tcs3701: stop power rail pending_off timer
         1703829820.550  1086  1254 D ASH     : @ 691.359: tcs3701: start power rail timer, state:3
         1703829820.586  7557  7579 I dashscene: 480 frames over 480 vsyncs
         1703829820.589  1086  1254 I ASH     : @ 691.399: tcs3701: stop power rail pending_off timer
         1703829820.590  1086  1254 D ASH     : @ 691.399: tcs3701: start power rail timer, state:3
         1703829820.629  1086  1254 I ASH     : @ 691.439: tcs3701: stop power rail pending_off timer
         1703829820.630  1086  1254 D ASH     : @ 691.439: tcs3701: start power rail timer, state:3
         1703829820.670  1086  1254 I ASH     : @ 691.479: tcs3701: stop power rail pending_off timer
         1703829820.670  1086  1254 D ASH     : @ 691.479: tcs3701: start power rail timer, state:3
         1703829820.710  1086  1254 I ASH     : @ 691.519: tcs3701: stop power rail pending_off timer
         1703829820.710  1086  1254 D ASH     : @ 691.519: tcs3701: start power rail timer, state:3
         1703829820.749  7647  7647 I dashscene-cpu: 7557 (.dashscene.demo) S 1041 1041 0 0 -1 1077936448 8915 0 25 0 334 28 0 0 10 -10 18 0 67947 15650451456 41503 18446744073709551615 1 1 0 0 0 0 4612 1 1073775864 0 0 0 17 6 0 0 0 0 0 0 0 0 0 0 0 0 0
         1703829820.749  1086  1254 I ASH     : @ 691.559: tcs3701: stop power rail pending_off timer
         1703829820.750  1086  1254 D ASH     : @ 691.559: tcs3701: start power rail timer, state:3
         1703829820.789  1086  1254 I ASH     : @ 691.599: tcs3701: stop power rail pending_off timer
         1703829820.790  1086  1254 D ASH     : @ 691.599: tcs3701: start power rail timer, state:3
         1703829820.829  1086  1254 I ASH     : @ 691.639: tcs3701: stop power rail pending_off timer
         1703829820.830  1086  1254 D ASH     : @ 691.639: tcs3701: start power rail timer, state:3
         1703829820.870  1086  1254 I ASH     : @ 691.679: tcs3701: stop power rail pending_off timer
         1703829820.870  1086  1254 D ASH     : @ 691.679: tcs3701: start power rail timer, state:3
         1703829820.910  1086  1254 I ASH     : @ 691.719: tcs3701: stop power rail pending_off timer
         1703829820.910  1086  1254 D ASH     : @ 691.719: tcs3701: start power rail timer, state:3
         1703829820.949  1086  1254 I ASH     : @ 691.759: tcs3701: stop power rail pending_off timer
         1703829820.950  1086  1254 D ASH     : @ 691.759: tcs3701: start power rail timer, state:3
         1703829820.990  1086  1254 I ASH     : @ 691.799: tcs3701: stop power rail pending_off timer
         1703829820.990  1086  1254 D ASH     : @ 691.799: tcs3701: start power rail timer, state:3
         1703829821.030  1086  1254 I ASH     : @ 691.839: tcs3701: stop power rail pending_off timer
         1703829821.030  1086  1254 D ASH     : @ 691.839: tcs3701: start power rail timer, state:3
         1703829821.071  1086  1254 I ASH     : @ 691.879: tcs3701: stop power rail pending_off timer
         1703829821.072  1086  1254 D ASH     : @ 691.879: tcs3701: start power rail timer, state:3
         1703829821.110  1086  1254 I ASH     : @ 691.919: tcs3701: stop power rail pending_off timer
         1703829821.110  1086  1254 D ASH     : @ 691.919: tcs3701: start power rail timer, state:3
         1703829821.151  1086  1254 I ASH     : @ 691.959: tcs3701: stop power rail pending_off timer
         1703829821.151  1086  1254 D ASH     : @ 691.959: tcs3701: start power rail timer, state:3
         1703829821.191  1086  1254 I ASH     : @ 691.999: tcs3701: stop power rail pending_off timer
         1703829821.191  1086  1254 D ASH     : @ 691.999: tcs3701: start power rail timer, state:3
         1703829821.231  1086  1254 I ASH     : @ 692.039: tcs3701: stop power rail pending_off timer
         1703829821.231  1086  1254 D ASH     : @ 692.039: tcs3701: start power rail timer, state:3
         1703829821.270  1086  1254 I ASH     : @ 692.079: tcs3701: stop power rail pending_off timer
         1703829821.270  1086  1254 D ASH     : @ 692.079: tcs3701: start power rail timer, state:3
         1703829821.279  7650  7650 I dashscene-cpu: 7557 (.dashscene.demo) S 1041 1041 0 0 -1 1077936448 8935 0 25 0 346 29 0 0 10 -10 18 0 67947 15650451456 41503 18446744073709551615 1 1 0 0 0 0 4612 1 1073775864 0 0 0 17 6 0 0 0 0 0 0 0 0 0 0 0 0 0
         1703829821.310  1086  1254 I ASH     : @ 692.119: tcs3701: stop power rail pending_off timer
         1703829821.310  1086  1254 D ASH     : @ 692.119: tcs3701: start power rail timer, state:3
         1703829821.351  1086  1254 I ASH     : @ 692.159: tcs3701: stop power rail pending_off timer
         1703829821.351  1086  1254 D ASH     : @ 692.159: tcs3701: start power rail timer, state:3
         1703829821.390  1086  1254 I ASH     : @ 692.199: tcs3701: stop power rail pending_off timer
         1703829821.390  1086  1254 D ASH     : @ 692.199: tcs3701: start power rail timer, state:3
         1703829821.430  1086  1254 I ASH     : @ 692.239: tcs3701: stop power rail pending_off timer
         1703829821.430  1086  1254 D ASH     : @ 692.239: tcs3701: start power rail timer, state:3
         1703829821.471  1086  1254 I ASH     : @ 692.279: tcs3701: stop power rail pending_off timer
         1703829821.471  1086  1254 D ASH     : @ 692.279: tcs3701: start power rail timer, state:3
         1703829821.510  1086  1254 I ASH     : @ 692.319: tcs3701: stop power rail pending_off timer
         1703829821.510  1086  1254 D ASH     : @ 692.319: tcs3701: start power rail timer, state:3
         1703829821.551  1086  1254 I ASH     : @ 692.359: tcs3701: stop power rail pending_off timer
         1703829821.552  1086  1254 D ASH     : @ 692.359: tcs3701: start power rail timer, state:3
         1703829821.591  1086  1254 I ASH     : @ 692.399: tcs3701: stop power rail pending_off timer
         1703829821.591  1086  1254 D ASH     : @ 692.399: tcs3701: start power rail timer, state:3
         1703829821.631  1086  1254 I ASH     : @ 692.439: tcs3701: stop power rail pending_off timer
         1703829821.631  1086  1254 D ASH     : @ 692.439: tcs3701: start power rail timer, state:3
         1703829821.671  1086  1254 I ASH     : @ 692.479: tcs3701: stop power rail pending_off timer
         1703829821.671  1086  1254 D ASH     : @ 692.479: tcs3701: start power rail timer, state:3
         1703829821.710  1086  1254 I ASH     : @ 692.519: tcs3701: stop power rail pending_off timer
         1703829821.710  1086  1254 D ASH     : @ 692.519: tcs3701: start power rail timer, state:3
         1703829821.751  1086  1254 I ASH     : @ 692.559: tcs3701: stop power rail pending_off timer
         1703829821.751  1086  1254 D ASH     : @ 692.559: tcs3701: start power rail timer, state:3
         1703829821.790  1086  1254 I ASH     : @ 692.599: tcs3701: stop power rail pending_off timer
         1703829821.790  1086  1254 D ASH     : @ 692.599: tcs3701: start power rail timer, state:3
         1703829821.804  7656  7656 I dashscene-cpu: 7557 (.dashscene.demo) S 1041 1041 0 0 -1 1077936448 8937 0 25 0 346 31 0 0 10 -10 18 0 67947 15650451456 41503 18446744073709551615 1 1 0 0 0 0 4612 1 1073775864 0 0 0 17 6 0 0 0 0 0 0 0 0 0 0 0 0 0
         1703829821.830  1086  1254 I ASH     : @ 692.639: tcs3701: stop power rail pending_off timer
         1703829821.830  1086  1254 D ASH     : @ 692.639: tcs3701: start power rail timer, state:3
         1703829821.871  1086  1254 I ASH     : @ 692.679: tcs3701: stop power rail pending_off timer
         1703829821.871  1086  1254 D ASH     : @ 692.679: tcs3701: start power rail timer, state:3
         1703829821.910  1086  1254 I ASH     : @ 692.719: tcs3701: stop power rail pending_off timer
         1703829821.910  1086  1254 D ASH     : @ 692.719: tcs3701: start power rail timer, state:3
         1703829821.951  1086  1254 I ASH     : @ 692.759: tcs3701: stop power rail pending_off timer
         1703829821.951  1086  1254 D ASH     : @ 692.759: tcs3701: start power rail timer, state:3
         1703829821.991  1086  1254 I ASH     : @ 692.799: tcs3701: stop power rail pending_off timer
         1703829821.991  1086  1254 D ASH     : @ 692.799: tcs3701: start power rail timer, state:3
         1703829822.031  1086  1254 I ASH     : @ 692.839: tcs3701: stop power rail pending_off timer
         1703829822.031  1086  1254 D ASH     : @ 692.839: tcs3701: start power rail timer, state:3
         1703829822.071  1086  1254 I ASH     : @ 692.879: tcs3701: stop power rail pending_off timer
         1703829822.072  1086  1254 D ASH     : @ 692.879: tcs3701: start power rail timer, state:3
         1703829822.110  1086  1254 I ASH     : @ 692.919: tcs3701: stop power rail pending_off timer
         1703829822.110  1086  1254 D ASH     : @ 692.919: tcs3701: start power rail timer, state:3
         1703829822.150  1086  1254 I ASH     : @ 692.959: tcs3701: stop power rail pending_off timer
         1703829822.150  1086  1254 D ASH     : @ 692.959: tcs3701: start power rail timer, state:3
         1703829822.190  1086  1254 I ASH     : @ 692.999: tcs3701: stop power rail pending_off timer
         1703829822.190  1086  1254 D ASH     : @ 692.999: tcs3701: start power rail timer, state:3
         1703829822.230  1086  1254 I ASH     : @ 693.039: tcs3701: stop power rail pending_off timer
         1703829822.230  1086  1254 D ASH     : @ 693.039: tcs3701: start power rail timer, state:3
         1703829822.270  1086  1254 I ASH     : @ 693.079: tcs3701: stop power rail pending_off timer
         1703829822.270  1086  1254 D ASH     : @ 693.079: tcs3701: start power rail timer, state:3
         1703829822.310  1086  1254 I ASH     : @ 693.119: tcs3701: stop power rail pending_off timer
         1703829822.310  1086  1254 D ASH     : @ 693.119: tcs3701: start power rail timer, state:3
         1703829822.338  7659  7659 I dashscene-cpu: 7557 (.dashscene.demo) S 1041 1041 0 0 -1 1077936448 8953 0 25 0 359 35 0 0 10 -10 18 0 67947 15650451456 41503 18446744073709551615 1 1 0 0 0 0 4612 1 1073775864 0 0 0 17 6 0 0 0 0 0 0 0 0 0 0 0 0 0
         1703829822.350  1086  1254 I ASH     : @ 693.159: tcs3701: stop power rail pending_off timer
         1703829822.350  1086  1254 D ASH     : @ 693.159: tcs3701: start power rail timer, state:3
         1703829822.389  1086  1254 I ASH     : @ 693.199: tcs3701: stop power rail pending_off timer
         1703829822.389  1086  1254 D ASH     : @ 693.199: tcs3701: start power rail timer, state:3
         1703829822.430  1086  1254 I ASH     : @ 693.239: tcs3701: stop power rail pending_off timer
         1703829822.430  1086  1254 D ASH     : @ 693.239: tcs3701: start power rail timer, state:3
         1703829822.469  1086  1254 I ASH     : @ 693.279: tcs3701: stop power rail pending_off timer
         1703829822.470  1086  1254 D ASH     : @ 693.279: tcs3701: start power rail timer, state:3
         1703829822.512  1086  1254 I ASH     : @ 693.319: tcs3701: stop power rail pending_off timer
         1703829822.512  1086  1254 D ASH     : @ 693.319: tcs3701: start power rail timer, state:3
         1703829822.521  7557  7579 I dashscene: typography over 240 frames — tick 1.52 ms, draw mean 11.82 p50 10.27 p95 16.15 max 158.53 ms (74.9 fps if unpaced)
         1703829822.549  1086  1254 I ASH     : @ 693.359: tcs3701: stop power rail pending_off timer
         1703829822.550  1086  1254 D ASH     : @ 693.359: tcs3701: start power rail timer, state:3
         1703829822.589  1086  1254 I ASH     : @ 693.399: tcs3701: stop power rail pending_off timer
         1703829822.590  1086  1254 D ASH     : @ 693.399: tcs3701: start power rail timer, state:3
         1703829822.630  1086  1254 I ASH     : @ 693.439: tcs3701: stop power rail pending_off timer
         1703829822.630  1086  1254 D ASH     : @ 693.439: tcs3701: start power rail timer, state:3
         1703829822.670  1086  1254 I ASH     : @ 693.479: tcs3701: stop power rail pending_off timer
         1703829822.670  1086  1254 D ASH     : @ 693.479: tcs3701: start power rail timer, state:3
         1703829822.709  2909  3101 D EuiccConnector: handleMessage: E msg.what=3
         1703829822.709  2909  3101 D EuiccConnector: processMsg: ConnectedState
         1703829822.709  1086  1254 I ASH     : @ 693.519: tcs3701: stop power rail pending_off timer
         1703829822.710  1086  1254 D ASH     : @ 693.519: tcs3701: start power rail timer, state:3
         1703829822.712  3218  3218 I EuiccGoogle: [2] EuiccServiceImpl.onDestroy: onDestroy: EuiccService on destroy.
         1703829822.714  2909  3101 D EuiccConnector: transitionTo: destState=AvailableState
         1703829822.714  2909  3101 D EuiccConnector: handleMessage: new destination call exit/enter
         1703829822.714  2909  3101 D EuiccConnector: setupTempStateStackWithStatesToEnter: X mTempStateStackCount=2,curStateInfo: null
         1703829822.714  2909  3101 D EuiccConnector: invokeExitMethods: ConnectedState
         1703829822.714  2909  3101 D EuiccConnector: invokeExitMethods: DisconnectedState
         1703829822.714  2909  3101 D EuiccConnector: moveTempStackToStateStack: i=1,j=0
         1703829822.714  2909  3101 D EuiccConnector: moveTempStackToStateStack: i=0,j=1
         1703829822.714  2909  3101 D EuiccConnector: moveTempStackToStateStack: X mStateStackTop=1,startingIndex=0,Top=AvailableState
         1703829822.714  2909  3101 D EuiccConnector: invokeEnterMethods: UnavailableState
         1703829822.714  2909  3101 D EuiccConnector: invokeEnterMethods: AvailableState
         1703829822.714  2909  3101 D EuiccConnector: handleMessage: X
         1703829822.750  1086  1254 I ASH     : @ 693.559: tcs3701: stop power rail pending_off timer
         1703829822.750  1086  1254 D ASH     : @ 693.559: tcs3701: start power rail timer, state:3
         1703829822.790  1086  1254 I ASH     : @ 693.599: tcs3701: stop power rail pending_off timer
         1703829822.790  1086  1254 D ASH     : @ 693.599: tcs3701: start power rail timer, state:3
         1703829822.832  1086  1254 I ASH     : @ 693.639: tcs3701: stop power rail pending_off timer
         1703829822.832  1086  1254 D ASH     : @ 693.639: tcs3701: start power rail timer, state:3
         1703829822.864  7662  7662 I dashscene-cpu: 7557 (.dashscene.demo) S 1041 1041 0 0 -1 1077936448 9018 0 25 0 396 37 0 0 10 -10 18 0 67947 15650451456 41519 18446744073709551615 1 1 0 0 0 0 4612 1 1073775864 0 0 0 17 6 0 0 0 0 0 0 0 0 0 0 0 0 0
         1703829822.869  1086  1254 I ASH     : @ 693.679: tcs3701: stop power rail pending_off timer
         1703829822.870  1086  1254 D ASH     : @ 693.679: tcs3701: start power rail timer, state:3
         1703829822.909  1086  1254 I ASH     : @ 693.719: tcs3701: stop power rail pending_off timer
         1703829822.910  1086  1254 D ASH     : @ 693.719: tcs3701: start power rail timer, state:3
         1703829822.950  1086  1254 I ASH     : @ 693.759: tcs3701: stop power rail pending_off timer
         1703829822.950  1086  1254 D ASH     : @ 693.759: tcs3701: start power rail timer, state:3
         1703829822.990  1086  1254 I ASH     : @ 693.799: tcs3701: stop power rail pending_off timer
         1703829822.990  1086  1254 D ASH     : @ 693.799: tcs3701: start power rail timer, state:3
         1703829823.031  1086  1254 I ASH     : @ 693.839: tcs3701: stop power rail pending_off timer
         1703829823.032  1086  1254 D ASH     : @ 693.839: tcs3701: start power rail timer, state:3
         1703829823.070  1086  1254 I ASH     : @ 693.879: tcs3701: stop power rail pending_off timer
         1703829823.070  1086  1254 D ASH     : @ 693.879: tcs3701: start power rail timer, state:3
         1703829823.110  1086  1254 I ASH     : @ 693.919: tcs3701: stop power rail pending_off timer
         1703829823.110  1086  1254 D ASH     : @ 693.919: tcs3701: start power rail timer, state:3
         1703829823.150  1086  1254 I ASH     : @ 693.959: tcs3701: stop power rail pending_off timer
         1703829823.150  1086  1254 D ASH     : @ 693.959: tcs3701: start power rail timer, state:3
         1703829823.189  1086  1254 I ASH     : @ 693.999: tcs3701: stop power rail pending_off timer
         1703829823.190  1086  1254 D ASH     : @ 693.999: tcs3701: start power rail timer, state:3
         1703829823.230  1086  1254 I ASH     : @ 694.039: tcs3701: stop power rail pending_off timer
         1703829823.230  1086  1254 D ASH     : @ 694.039: tcs3701: start power rail timer, state:3
         1703829823.269  1086  1254 I ASH     : @ 694.079: tcs3701: stop power rail pending_off timer
         1703829823.270  1086  1254 D ASH     : @ 694.079: tcs3701: start power rail timer, state:3
         1703829823.310  1086  1254 I ASH     : @ 694.119: tcs3701: stop power rail pending_off timer
         1703829823.310  1086  1254 D ASH     : @ 694.119: tcs3701: start power rail timer, state:3
         1703829823.350  1086  1254 I ASH     : @ 694.159: tcs3701: stop power rail pending_off timer
         1703829823.350  1086  1254 D ASH     : @ 694.159: tcs3701: start power rail timer, state:3
         1703829823.389  1086  1254 I ASH     : @ 694.199: tcs3701: stop power rail pending_off timer
         1703829823.390  1086  1254 D ASH     : @ 694.199: tcs3701: start power rail timer, state:3
         1703829823.394  7665  7665 I dashscene-cpu: 7557 (.dashscene.demo) S 1041 1041 0 0 -1 1077936448 9080 0 25 0 432 38 0 0 10 -10 18 0 67947 15650451456 41519 18446744073709551615 1 1 0 0 0 0 4612 1 1073775864 0 0 0 17 6 0 0 0 0 0 0 0 0 0 0 0 0 0
         1703829823.429  1086  1254 I ASH     : @ 694.239: tcs3701: stop power rail pending_off timer
         1703829823.430  1086  1254 D ASH     : @ 694.239: tcs3701: start power rail timer, state:3
         1703829823.469  1086  1254 I ASH     : @ 694.279: tcs3701: stop power rail pending_off timer
         1703829823.470  1086  1254 D ASH     : @ 694.279: tcs3701: start power rail timer, state:3
         1703829823.509  1086  1254 I ASH     : @ 694.319: tcs3701: stop power rail pending_off timer
         1703829823.510  1086  1254 D ASH     : @ 694.319: tcs3701: start power rail timer, state:3
         1703829823.550  1086  1254 I ASH     : @ 694.359: tcs3701: stop power rail pending_off timer
         1703829823.550  1086  1254 D ASH     : @ 694.359: tcs3701: start power rail timer, state:3
         1703829823.590  1086  1254 I ASH     : @ 694.399: tcs3701: stop power rail pending_off timer
         1703829823.590  1086  1254 D ASH     : @ 694.399: tcs3701: start power rail timer, state:3
         1703829823.630  1086  1254 I ASH     : @ 694.439: tcs3701: stop power rail pending_off timer
         1703829823.630  1086  1254 D ASH     : @ 694.439: tcs3701: start power rail timer, state:3
         1703829823.671  1086  1254 I ASH     : @ 694.479: tcs3701: stop power rail pending_off timer
         1703829823.671  1086  1254 D ASH     : @ 694.479: tcs3701: start power rail timer, state:3
         1703829823.711  1086  1254 I ASH     : @ 694.519: tcs3701: stop power rail pending_off timer
         1703829823.711  1086  1254 D ASH     : @ 694.519: tcs3701: start power rail timer, state:3
         1703829823.751  1086  1254 I ASH     : @ 694.559: tcs3701: stop power rail pending_off timer
         1703829823.751  1086  1254 D ASH     : @ 694.559: tcs3701: start power rail timer, state:3
         1703829823.791  1086  1254 I ASH     : @ 694.599: tcs3701: stop power rail pending_off timer
         1703829823.791  1086  1254 D ASH     : @ 694.599: tcs3701: start power rail timer, state:3
         1703829823.830  1086  1254 I ASH     : @ 694.639: tcs3701: stop power rail pending_off timer
         1703829823.830  1086  1254 D ASH     : @ 694.639: tcs3701: start power rail timer, state:3
         1703829823.871  1086  1254 I ASH     : @ 694.679: tcs3701: stop power rail pending_off timer
         1703829823.871  1086  1254 D ASH     : @ 694.679: tcs3701: start power rail timer, state:3
         1703829823.910  1086  1254 I ASH     : @ 694.719: tcs3701: stop power rail pending_off timer
         1703829823.910  1086  1254 D ASH     : @ 694.719: tcs3701: start power rail timer, state:3
         1703829823.923  7668  7668 I dashscene-cpu: 7557 (.dashscene.demo) S 1041 1041 0 0 -1 1077936448 9097 0 25 0 442 39 0 0 10 -10 18 0 67947 15650451456 41520 18446744073709551615 1 1 0 0 0 0 4612 1 1073775864 0 0 0 17 6 0 0 0 0 0 0 0 0 0 0 0 0 0
         1703829823.950  1086  1254 I ASH     : @ 694.759: tcs3701: stop power rail pending_off timer
         1703829823.950  1086  1254 D ASH     : @ 694.759: tcs3701: start power rail timer, state:3
         1703829823.991  1086  1254 I ASH     : @ 694.799: tcs3701: stop power rail pending_off timer
         1703829823.992  1086  1254 D ASH     : @ 694.799: tcs3701: start power rail timer, state:3
         1703829824.030  1086  1254 I ASH     : @ 694.839: tcs3701: stop power rail pending_off timer
         1703829824.030  1086  1254 D ASH     : @ 694.839: tcs3701: start power rail timer, state:3
         1703829824.071  1086  1254 I ASH     : @ 694.879: tcs3701: stop power rail pending_off timer
         1703829824.072  1086  1254 D ASH     : @ 694.879: tcs3701: start power rail timer, state:3
         1703829824.111  1086  1254 I ASH     : @ 694.919: tcs3701: stop power rail pending_off timer
         1703829824.111  1086  1254 D ASH     : @ 694.919: tcs3701: start power rail timer, state:3
         1703829824.151  1086  1254 I ASH     : @ 694.959: tcs3701: stop power rail pending_off timer
         1703829824.151  1086  1254 D ASH     : @ 694.959: tcs3701: start power rail timer, state:3
         1703829824.191  1086  1254 I ASH     : @ 694.999: tcs3701: stop power rail pending_off timer
         1703829824.191  1086  1254 D ASH     : @ 694.999: tcs3701: start power rail timer, state:3
         1703829824.230  1086  1254 I ASH     : @ 695.039: tcs3701: stop power rail pending_off timer
         1703829824.230  1086  1254 D ASH     : @ 695.039: tcs3701: start power rail timer, state:3
         1703829824.271  1086  1254 I ASH     : @ 695.079: tcs3701: stop power rail pending_off timer
         1703829824.272  1086  1254 D ASH     : @ 695.079: tcs3701: start power rail timer, state:3
         1703829824.311  1086  1254 I ASH     : @ 695.119: tcs3701: stop power rail pending_off timer
         1703829824.311  1086  1254 D ASH     : @ 695.119: tcs3701: start power rail timer, state:3
         1703829824.351  1086  1254 I ASH     : @ 695.159: tcs3701: stop power rail pending_off timer
         1703829824.351  1086  1254 D ASH     : @ 695.159: tcs3701: start power rail timer, state:3
         1703829824.391  1086  1254 I ASH     : @ 695.199: tcs3701: stop power rail pending_off timer
         1703829824.391  1086  1254 D ASH     : @ 695.199: tcs3701: start power rail timer, state:3
         1703829824.430  1086  1254 I ASH     : @ 695.239: tcs3701: stop power rail pending_off timer
         1703829824.430  1086  1254 D ASH     : @ 695.239: tcs3701: start power rail timer, state:3
         1703829824.451  7671  7671 I dashscene-cpu: 7557 (.dashscene.demo) S 1041 1041 0 0 -1 1077936448 9097 0 25 0 442 40 0 0 10 -10 18 0 67947 15650451456 41520 18446744073709551615 1 1 0 0 0 0 4612 1 1073775864 0 0 0 17 6 0 0 0 0 0 0 0 0 0 0 0 0 0
         1703829824.470  1086  1254 I ASH     : @ 695.279: tcs3701: stop power rail pending_off timer
         1703829824.470  1086  1254 D ASH     : @ 695.279: tcs3701: start power rail timer, state:3
         1703829824.511  1086  1254 I ASH     : @ 695.319: tcs3701: stop power rail pending_off timer
         1703829824.511  1086  1254 D ASH     : @ 695.319: tcs3701: start power rail timer, state:3
         1703829824.551  1086  1254 I ASH     : @ 695.359: tcs3701: stop power rail pending_off timer
         1703829824.551  1086  1254 D ASH     : @ 695.359: tcs3701: start power rail timer, state:3
         1703829824.590  1086  1254 I ASH     : @ 695.399: tcs3701: stop power rail pending_off timer
         1703829824.590  1086  1254 D ASH     : @ 695.399: tcs3701: start power rail timer, state:3
         1703829824.630  1086  1254 I ASH     : @ 695.439: tcs3701: stop power rail pending_off timer
         1703829824.630  1086  1254 D ASH     : @ 695.439: tcs3701: start power rail timer, state:3
         1703829824.670  1086  1254 I ASH     : @ 695.479: tcs3701: stop power rail pending_off timer
         1703829824.670  1086  1254 D ASH     : @ 695.479: tcs3701: start power rail timer, state:3
         1703829824.707  7557  7579 I dashscene: 720 frames over 720 vsyncs
         1703829824.709  1086  1254 I ASH     : @ 695.519: tcs3701: stop power rail pending_off timer
         1703829824.709  1086  1254 D ASH     : @ 695.519: tcs3701: start power rail timer, state:3
         1703829824.750  1086  1254 I ASH     : @ 695.559: tcs3701: stop power rail pending_off timer
         1703829824.750  1086  1254 D ASH     : @ 695.559: tcs3701: start power rail timer, state:3
         1703829824.790  1086  1254 I ASH     : @ 695.599: tcs3701: stop power rail pending_off timer
         1703829824.790  1086  1254 D ASH     : @ 695.599: tcs3701: start power rail timer, state:3
         1703829824.830  1086  1254 I ASH     : @ 695.639: tcs3701: stop power rail pending_off timer
         1703829824.830  1086  1254 D ASH     : @ 695.639: tcs3701: start power rail timer, state:3
         1703829824.870  1086  1254 I ASH     : @ 695.679: tcs3701: stop power rail pending_off timer
         1703829824.870  1086  1254 D ASH     : @ 695.679: tcs3701: start power rail timer, state:3
         1703829824.910  1086  1254 I ASH     : @ 695.719: tcs3701: stop power rail pending_off timer
         1703829824.910  1086  1254 D ASH     : @ 695.719: tcs3701: start power rail timer, state:3
         1703829824.949  1086  1254 I ASH     : @ 695.759: tcs3701: stop power rail pending_off timer
         1703829824.950  1086  1254 D ASH     : @ 695.759: tcs3701: start power rail timer, state:3
         1703829824.957  3263  7487 W enyb    : [{0}] Failed to resolve name. status={1}
         1703829824.981  7675  7675 I dashscene-cpu: 7557 (.dashscene.demo) S 1041 1041 0 0 -1 1077936448 9131 0 25 0 469 41 0 0 10 -10 18 0 67947 15650451456 41520 18446744073709551615 1 1 0 0 0 0 4612 1 1073775864 0 0 0 17 6 0 0 0 0 0 0 0 0 0 0 0 0 0
         1703829824.990  1086  1254 I ASH     : @ 695.799: tcs3701: stop power rail pending_off timer
         1703829824.990  1086  1254 D ASH     : @ 695.799: tcs3701: start power rail timer, state:3
         1703829825.030  1086  1254 I ASH     : @ 695.839: tcs3701: stop power rail pending_off timer
         1703829825.030  1086  1254 D ASH     : @ 695.839: tcs3701: start power rail timer, state:3
         1703829825.069  1086  1254 I ASH     : @ 695.879: tcs3701: stop power rail pending_off timer
         1703829825.070  1086  1254 D ASH     : @ 695.879: tcs3701: start power rail timer, state:3
         1703829825.109  1086  1254 I ASH     : @ 695.919: tcs3701: stop power rail pending_off timer
         1703829825.109  1086  1254 D ASH     : @ 695.919: tcs3701: start power rail timer, state:3
         1703829825.149  1086  1254 I ASH     : @ 695.959: tcs3701: stop power rail pending_off timer
         1703829825.150  1086  1254 D ASH     : @ 695.959: tcs3701: start power rail timer, state:3
         1703829825.190  1086  1254 I ASH     : @ 695.999: tcs3701: stop power rail pending_off timer
         1703829825.190  1086  1254 D ASH     : @ 695.999: tcs3701: start power rail timer, state:3
         1703829825.230  1086  1254 I ASH     : @ 696.039: tcs3701: stop power rail pending_off timer
         1703829825.230  1086  1254 D ASH     : @ 696.039: tcs3701: start power rail timer, state:3
         1703829825.270  1086  1254 I ASH     : @ 696.079: tcs3701: stop power rail pending_off timer
         1703829825.270  1086  1254 D ASH     : @ 696.079: tcs3701: start power rail timer, state:3
         1703829825.309  1086  1254 I ASH     : @ 696.119: tcs3701: stop power rail pending_off timer
         1703829825.309  1086  1254 D ASH     : @ 696.119: tcs3701: start power rail timer, state:3
         1703829825.349  1086  1254 I ASH     : @ 696.159: tcs3701: stop power rail pending_off timer
         1703829825.350  1086  1254 D ASH     : @ 696.159: tcs3701: start power rail timer, state:3
         1703829825.389  1086  1254 I ASH     : @ 696.199: tcs3701: stop power rail pending_off timer
         1703829825.390  1086  1254 D ASH     : @ 696.199: tcs3701: start power rail timer, state:3
         1703829825.429  1086  1254 I ASH     : @ 696.239: tcs3701: stop power rail pending_off timer
         1703829825.430  1086  1254 D ASH     : @ 696.239: tcs3701: start power rail timer, state:3
         1703829825.470  1086  1254 I ASH     : @ 696.279: tcs3701: stop power rail pending_off timer
         1703829825.470  1086  1254 D ASH     : @ 696.279: tcs3701: start power rail timer, state:3
         1703829825.510  1086  1254 I ASH     : @ 696.319: tcs3701: stop power rail pending_off timer
         1703829825.510  1086  1254 D ASH     : @ 696.319: tcs3701: start power rail timer, state:3
         1703829825.510  7678  7678 I dashscene-cpu: 7557 (.dashscene.demo) S 1041 1041 0 0 -1 1077936448 9193 0 25 0 507 42 0 0 10 -10 18 0 67947 15650451456 41520 18446744073709551615 1 1 0 0 0 0 4612 1 1073775864 0 0 0 17 6 0 0 0 0 0 0 0 0 0 0 0 0 0
         1703829825.550  1086  1254 I ASH     : @ 696.359: tcs3701: stop power rail pending_off timer
         1703829825.550  1086  1254 D ASH     : @ 696.359: tcs3701: start power rail timer, state:3
         1703829825.590  1086  1254 I ASH     : @ 696.399: tcs3701: stop power rail pending_off timer
         1703829825.590  1086  1254 D ASH     : @ 696.399: tcs3701: start power rail timer, state:3
         1703829825.629  1086  1254 I ASH     : @ 696.439: tcs3701: stop power rail pending_off timer
         1703829825.630  1086  1254 D ASH     : @ 696.439: tcs3701: start power rail timer, state:3
         1703829825.670  1086  1254 I ASH     : @ 696.479: tcs3701: stop power rail pending_off timer
         1703829825.670  1086  1254 D ASH     : @ 696.479: tcs3701: start power rail timer, state:3
         1703829825.709  1086  1254 I ASH     : @ 696.519: tcs3701: stop power rail pending_off timer
         1703829825.710  1086  1254 D ASH     : @ 696.519: tcs3701: start power rail timer, state:3
         1703829825.750  1086  1254 I ASH     : @ 696.559: tcs3701: stop power rail pending_off timer
         1703829825.750  1086  1254 D ASH     : @ 696.559: tcs3701: start power rail timer, state:3
         1703829825.790  1086  1254 I ASH     : @ 696.599: tcs3701: stop power rail pending_off timer
         1703829825.790  1086  1254 D ASH     : @ 696.599: tcs3701: start power rail timer, state:3
         1703829825.829  1086  1254 I ASH     : @ 696.639: tcs3701: stop power rail pending_off timer
         1703829825.830  1086  1254 D ASH     : @ 696.639: tcs3701: start power rail timer, state:3
         1703829825.869  1086  1254 I ASH     : @ 696.679: tcs3701: stop power rail pending_off timer
         1703829825.870  1086  1254 D ASH     : @ 696.679: tcs3701: start power rail timer, state:3
         1703829825.909  1086  1254 I ASH     : @ 696.719: tcs3701: stop power rail pending_off timer
         1703829825.910  1086  1254 D ASH     : @ 696.719: tcs3701: start power rail timer, state:3
         1703829825.950  1086  1254 I ASH     : @ 696.759: tcs3701: stop power rail pending_off timer
         1703829825.950  1086  1254 D ASH     : @ 696.759: tcs3701: start power rail timer, state:3
         1703829825.990  1086  1254 I ASH     : @ 696.799: tcs3701: stop power rail pending_off timer
         1703829825.990  1086  1254 D ASH     : @ 696.799: tcs3701: start power rail timer, state:3
         1703829826.029  1086  1254 I ASH     : @ 696.839: tcs3701: stop power rail pending_off timer
         1703829826.030  1086  1254 D ASH     : @ 696.839: tcs3701: start power rail timer, state:3
         1703829826.040  7681  7681 I dashscene-cpu: 7557 (.dashscene.demo) S 1041 1041 0 0 -1 1077936448 9253 0 25 0 539 45 0 0 10 -10 18 0 67947 15650451456 41520 18446744073709551615 1 1 0 0 0 0 4612 1 1073775864 0 0 0 17 6 0 0 0 0 0 0 0 0 0 0 0 0 0
         1703829826.070  1086  1254 I ASH     : @ 696.879: tcs3701: stop power rail pending_off timer
         1703829826.070  1086  1254 D ASH     : @ 696.879: tcs3701: start power rail timer, state:3
         1703829826.110  1086  1254 I ASH     : @ 696.919: tcs3701: stop power rail pending_off timer
         1703829826.110  1086  1254 D ASH     : @ 696.919: tcs3701: start power rail timer, state:3
         1703829826.150  1086  1254 I ASH     : @ 696.959: tcs3701: stop power rail pending_off timer
         1703829826.150  1086  1254 D ASH     : @ 696.959: tcs3701: start power rail timer, state:3
         1703829826.191  1086  1254 I ASH     : @ 696.999: tcs3701: stop power rail pending_off timer
         1703829826.191  1086  1254 D ASH     : @ 696.999: tcs3701: start power rail timer, state:3
         1703829826.230  1086  1254 I ASH     : @ 697.039: tcs3701: stop power rail pending_off timer
         1703829826.230  1086  1254 D ASH     : @ 697.039: tcs3701: start power rail timer, state:3
         1703829826.271  1086  1254 I ASH     : @ 697.079: tcs3701: stop power rail pending_off timer
         1703829826.271  1086  1254 D ASH     : @ 697.079: tcs3701: start power rail timer, state:3
         1703829826.311  1086  1254 I ASH     : @ 697.119: tcs3701: stop power rail pending_off timer
         1703829826.311  1086  1254 D ASH     : @ 697.119: tcs3701: start power rail timer, state:3
         1703829826.350  1086  1254 I ASH     : @ 697.159: tcs3701: stop power rail pending_off timer
         1703829826.350  1086  1254 D ASH     : @ 697.159: tcs3701: start power rail timer, state:3
         1703829826.390  1122  1183 D rlsservice: MonitorDisplayStatus client num 0, display status 1, sensor status 0
         1703829826.390  1086  1254 I ASH     : @ 697.199: tcs3701: stop power rail pending_off timer
         1703829826.390  1086  1254 D ASH     : @ 697.199: tcs3701: start power rail timer, state:3
         1703829826.430  1086  1254 I ASH     : @ 697.239: tcs3701: stop power rail pending_off timer
         1703829826.430  1086  1254 D ASH     : @ 697.239: tcs3701: start power rail timer, state:3
         1703829826.471  1086  1254 I ASH     : @ 697.279: tcs3701: stop power rail pending_off timer
         1703829826.471  1086  1254 D ASH     : @ 697.279: tcs3701: start power rail timer, state:3
         1703829826.511  1086  1254 I ASH     : @ 697.319: tcs3701: stop power rail pending_off timer
         1703829826.511  1086  1254 D ASH     : @ 697.319: tcs3701: start power rail timer, state:3
         1703829826.550  1086  1254 I ASH     : @ 697.359: tcs3701: stop power rail pending_off timer
         1703829826.550  1086  1254 D ASH     : @ 697.359: tcs3701: start power rail timer, state:3
         1703829826.573  7684  7684 I dashscene-cpu: 7557 (.dashscene.demo) S 1041 1041 0 0 -1 1077936448 9253 0 25 0 540 45 0 0 10 -10 18 0 67947 15650451456 41520 18446744073709551615 1 1 0 0 0 0 4612 1 1073775864 0 0 0 17 6 0 0 0 0 0 0 0 0 0 0 0 0 0
         1703829826.590  1086  1254 I ASH     : @ 697.399: tcs3701: stop power rail pending_off timer
         1703829826.590  1086  1254 D ASH     : @ 697.399: tcs3701: start power rail timer, state:3
         1703829826.630  1086  1254 I ASH     : @ 697.439: tcs3701: stop power rail pending_off timer
         1703829826.630  1086  1254 D ASH     : @ 697.439: tcs3701: start power rail timer, state:3
         1703829826.672  1086  1254 I ASH     : @ 697.479: tcs3701: stop power rail pending_off timer
         1703829826.672  1086  1254 D ASH     : @ 697.479: tcs3701: start power rail timer, state:3
         1703829826.712  1086  1254 I ASH     : @ 697.519: tcs3701: stop power rail pending_off timer
         1703829826.712  1086  1254 D ASH     : @ 697.519: tcs3701: start power rail timer, state:3
         1703829826.750  1086  1254 I ASH     : @ 697.559: tcs3701: stop power rail pending_off timer
         1703829826.750  1086  1254 D ASH     : @ 697.559: tcs3701: start power rail timer, state:3
         1703829826.791  1086  1254 I ASH     : @ 697.599: tcs3701: stop power rail pending_off timer
         1703829826.792  1086  1254 D ASH     : @ 697.599: tcs3701: start power rail timer, state:3
         1703829826.830  1086  1254 I ASH     : @ 697.639: tcs3701: stop power rail pending_off timer
         1703829826.830  1086  1254 D ASH     : @ 697.639: tcs3701: start power rail timer, state:3
         1703829826.870  1086  1254 I ASH     : @ 697.679: tcs3701: stop power rail pending_off timer
         1703829826.870  1086  1254 D ASH     : @ 697.679: tcs3701: start power rail timer, state:3
         1703829826.911  1086  1254 I ASH     : @ 697.719: tcs3701: stop power rail pending_off timer
         1703829826.912  1086  1254 D ASH     : @ 697.719: tcs3701: start power rail timer, state:3
         1703829826.951  1086  1254 I ASH     : @ 697.759: tcs3701: stop power rail pending_off timer
         1703829826.951  1086  1254 D ASH     : @ 697.759: tcs3701: start power rail timer, state:3
         1703829826.991  1086  1254 I ASH     : @ 697.799: tcs3701: stop power rail pending_off timer
         1703829826.991  1086  1254 D ASH     : @ 697.799: tcs3701: start power rail timer, state:3
         1703829827.031  1086  1254 I ASH     : @ 697.839: tcs3701: stop power rail pending_off timer
         1703829827.031  1086  1254 D ASH     : @ 697.839: tcs3701: start power rail timer, state:3
         1703829827.071  1086  1254 I ASH     : @ 697.879: tcs3701: stop power rail pending_off timer
         1703829827.071  1086  1254 D ASH     : @ 697.879: tcs3701: start power rail timer, state:3
         1703829827.103  7690  7690 I dashscene-cpu: 7557 (.dashscene.demo) S 1041 1041 0 0 -1 1077936448 9253 0 25 0 542 46 0 0 10 -10 18 0 67947 15650451456 41520 18446744073709551615 1 1 0 0 0 0 4612 1 1073775864 0 0 0 17 6 0 0 0 0 0 0 0 0 0 0 0 0 0
         1703829827.110  1086  1254 I ASH     : @ 697.919: tcs3701: stop power rail pending_off timer
         1703829827.110  1086  1254 D ASH     : @ 697.919: tcs3701: start power rail timer, state:3
         1703829827.150  1086  1254 I ASH     : @ 697.959: tcs3701: stop power rail pending_off timer
         1703829827.150  1086  1254 D ASH     : @ 697.959: tcs3701: start power rail timer, state:3
         1703829827.189  1086  1254 I ASH     : @ 697.999: tcs3701: stop power rail pending_off timer
         1703829827.190  1086  1254 D ASH     : @ 697.999: tcs3701: start power rail timer, state:3
         1703829827.230  1086  1254 I ASH     : @ 698.039: tcs3701: stop power rail pending_off timer
         1703829827.230  1086  1254 D ASH     : @ 698.039: tcs3701: start power rail timer, state:3
         1703829827.270  1086  1254 I ASH     : @ 698.079: tcs3701: stop power rail pending_off timer
         1703829827.270  1086  1254 D ASH     : @ 698.079: tcs3701: start power rail timer, state:3
         1703829827.310  1086  1254 I ASH     : @ 698.119: tcs3701: stop power rail pending_off timer
         1703829827.310  1086  1254 D ASH     : @ 698.119: tcs3701: start power rail timer, state:3
         1703829827.349  1086  1254 I ASH     : @ 698.159: tcs3701: stop power rail pending_off timer
         1703829827.350  1086  1254 D ASH     : @ 698.159: tcs3701: start power rail timer, state:3
         1703829827.390  1086  1254 I ASH     : @ 698.199: tcs3701: stop power rail pending_off timer
         1703829827.390  1086  1254 D ASH     : @ 698.199: tcs3701: start power rail timer, state:3
         1703829827.430  1086  1254 I ASH     : @ 698.239: tcs3701: stop power rail pending_off timer
         1703829827.430  1086  1254 D ASH     : @ 698.239: tcs3701: start power rail timer, state:3
         1703829827.470  1086  1254 I ASH     : @ 698.279: tcs3701: stop power rail pending_off timer
         1703829827.470  1086  1254 D ASH     : @ 698.279: tcs3701: start power rail timer, state:3
         1703829827.509  1086  1254 I ASH     : @ 698.319: tcs3701: stop power rail pending_off timer
         1703829827.510  1086  1254 D ASH     : @ 698.319: tcs3701: start power rail timer, state:3
         1703829827.550  1086  1254 I ASH     : @ 698.359: tcs3701: stop power rail pending_off timer
         1703829827.550  1086  1254 D ASH     : @ 698.359: tcs3701: start power rail timer, state:3
         1703829827.589  1086  1254 I ASH     : @ 698.399: tcs3701: stop power rail pending_off timer
         1703829827.590  1086  1254 D ASH     : @ 698.399: tcs3701: start power rail timer, state:3
         1703829827.630  1086  1254 I ASH     : @ 698.439: tcs3701: stop power rail pending_off timer
         1703829827.630  1086  1254 D ASH     : @ 698.439: tcs3701: start power rail timer, state:3
         1703829827.632  7693  7693 I dashscene-cpu: 7557 (.dashscene.demo) S 1041 1041 0 0 -1 1077936448 9300 0 25 0 577 47 0 0 10 -10 18 0 67947 15650459648 41519 18446744073709551615 1 1 0 0 0 0 4612 1 1073775864 0 0 0 17 6 0 0 0 0 0 0 0 0 0 0 0 0 0
         1703829827.670  1086  1254 I ASH     : @ 698.479: tcs3701: stop power rail pending_off timer
         1703829827.670  1086  1254 D ASH     : @ 698.479: tcs3701: start power rail timer, state:3
         1703829827.709  1086  1254 I ASH     : @ 698.519: tcs3701: stop power rail pending_off timer
         1703829827.709  1086  1254 D ASH     : @ 698.519: tcs3701: start power rail timer, state:3
         1703829827.750  1086  1254 I ASH     : @ 698.559: tcs3701: stop power rail pending_off timer
         1703829827.750  1086  1254 D ASH     : @ 698.559: tcs3701: start power rail timer, state:3
         1703829827.789  1086  1254 I ASH     : @ 698.599: tcs3701: stop power rail pending_off timer
         1703829827.790  1086  1254 D ASH     : @ 698.599: tcs3701: start power rail timer, state:3
         1703829827.830  1086  1254 I ASH     : @ 698.639: tcs3701: stop power rail pending_off timer
         1703829827.830  1086  1254 D ASH     : @ 698.639: tcs3701: start power rail timer, state:3
         1703829827.869  1086  1254 I ASH     : @ 698.679: tcs3701: stop power rail pending_off timer
         1703829827.870  1086  1254 D ASH     : @ 698.679: tcs3701: start power rail timer, state:3
         1703829827.910  1086  1254 I ASH     : @ 698.719: tcs3701: stop power rail pending_off timer
         1703829827.910  1086  1254 D ASH     : @ 698.719: tcs3701: start power rail timer, state:3
         1703829827.950  1086  1254 I ASH     : @ 698.759: tcs3701: stop power rail pending_off timer
         1703829827.950  1086  1254 D ASH     : @ 698.759: tcs3701: start power rail timer, state:3
         1703829827.990  1086  1254 I ASH     : @ 698.799: tcs3701: stop power rail pending_off timer
         1703829827.990  1086  1254 D ASH     : @ 698.799: tcs3701: start power rail timer, state:3
         1703829828.029  1086  1254 I ASH     : @ 698.839: tcs3701: stop power rail pending_off timer
         1703829828.030  1086  1254 D ASH     : @ 698.839: tcs3701: start power rail timer, state:3
         1703829828.069  1086  1254 I ASH     : @ 698.879: tcs3701: stop power rail pending_off timer
         1703829828.070  1086  1254 D ASH     : @ 698.879: tcs3701: start power rail timer, state:3
         1703829828.109  1086  1254 I ASH     : @ 698.919: tcs3701: stop power rail pending_off timer
         1703829828.110  1086  1254 D ASH     : @ 698.919: tcs3701: start power rail timer, state:3
         1703829828.150  1086  1254 I ASH     : @ 698.959: tcs3701: stop power rail pending_off timer
         1703829828.150  1086  1254 D ASH     : @ 698.959: tcs3701: start power rail timer, state:3
         1703829828.161  7696  7696 I dashscene-cpu: 7557 (.dashscene.demo) S 1041 1041 0 0 -1 1077936448 9362 0 25 0 613 49 0 0 10 -10 18 0 67947 15650451456 41519 18446744073709551615 1 1 0 0 0 0 4612 1 1073775864 0 0 0 17 6 0 0 0 0 0 0 0 0 0 0 0 0 0
         1703829828.190  1086  1254 I ASH     : @ 698.999: tcs3701: stop power rail pending_off timer
         1703829828.190  1086  1254 D ASH     : @ 698.999: tcs3701: start power rail timer, state:3
         1703829828.230  1086  1254 I ASH     : @ 699.039: tcs3701: stop power rail pending_off timer
         1703829828.230  1086  1254 D ASH     : @ 699.039: tcs3701: start power rail timer, state:3
         1703829828.270  1086  1254 I ASH     : @ 699.079: tcs3701: stop power rail pending_off timer
         1703829828.270  1086  1254 D ASH     : @ 699.079: tcs3701: start power rail timer, state:3
         1703829828.309  1086  1254 I ASH     : @ 699.119: tcs3701: stop power rail pending_off timer
         1703829828.310  1086  1254 D ASH     : @ 699.119: tcs3701: start power rail timer, state:3
         1703829828.350  1086  1254 I ASH     : @ 699.159: tcs3701: stop power rail pending_off timer
         1703829828.350  1086  1254 D ASH     : @ 699.159: tcs3701: start power rail timer, state:3
         1703829828.390  1086  1254 I ASH     : @ 699.199: tcs3701: stop power rail pending_off timer
         1703829828.390  1086  1254 D ASH     : @ 699.199: tcs3701: start power rail timer, state:3
         1703829828.429  1086  1254 I ASH     : @ 699.239: tcs3701: stop power rail pending_off timer
         1703829828.430  1086  1254 D ASH     : @ 699.239: tcs3701: start power rail timer, state:3
         1703829828.470  1086  1254 I ASH     : @ 699.279: tcs3701: stop power rail pending_off timer
         1703829828.470  1086  1254 D ASH     : @ 699.279: tcs3701: start power rail timer, state:3
         1703829828.510  1086  1254 I ASH     : @ 699.319: tcs3701: stop power rail pending_off timer
         1703829828.510  1086  1254 D ASH     : @ 699.319: tcs3701: start power rail timer, state:3
         1703829828.550  1086  1254 I ASH     : @ 699.359: tcs3701: stop power rail pending_off timer
         1703829828.550  1086  1254 D ASH     : @ 699.359: tcs3701: start power rail timer, state:3
         1703829828.590  1086  1254 I ASH     : @ 699.399: tcs3701: stop power rail pending_off timer
         1703829828.590  1086  1254 D ASH     : @ 699.399: tcs3701: start power rail timer, state:3
         1703829828.630  1086  1254 I ASH     : @ 699.439: tcs3701: stop power rail pending_off timer
         1703829828.630  1086  1254 D ASH     : @ 699.439: tcs3701: start power rail timer, state:3
         1703829828.670  1086  1254 I ASH     : @ 699.479: tcs3701: stop power rail pending_off timer
         1703829828.670  1086  1254 D ASH     : @ 699.479: tcs3701: start power rail timer, state:3
         1703829828.692  7699  7699 I dashscene-cpu: 7557 (.dashscene.demo) S 1041 1041 0 0 -1 1077936448 9398 0 25 0 634 50 0 0 10 -10 18 0 67947 15650451456 41519 18446744073709551615 1 1 0 0 0 0 4612 1 1073775864 0 0 0 17 6 0 0 0 0 0 0 0 0 0 0 0 0 0
         1703829828.710  1086  1254 I ASH     : @ 699.519: tcs3701: stop power rail pending_off timer
         1703829828.710  1086  1254 D ASH     : @ 699.519: tcs3701: start power rail timer, state:3
         1703829828.750  1086  1254 I ASH     : @ 699.559: tcs3701: stop power rail pending_off timer
         1703829828.750  1086  1254 D ASH     : @ 699.559: tcs3701: start power rail timer, state:3
         1703829828.791  1086  1254 I ASH     : @ 699.599: tcs3701: stop power rail pending_off timer
         1703829828.791  1086  1254 D ASH     : @ 699.599: tcs3701: start power rail timer, state:3
         1703829828.831  1086  1254 I ASH     : @ 699.639: tcs3701: stop power rail pending_off timer
         1703829828.831  1086  1254 D ASH     : @ 699.639: tcs3701: start power rail timer, state:3
         1703829828.832  7557  7579 I dashscene: 960 frames over 960 vsyncs
         1703829828.871  1086  1254 I ASH     : @ 699.679: tcs3701: stop power rail pending_off timer
         1703829828.871  1086  1254 D ASH     : @ 699.679: tcs3701: start power rail timer, state:3
         1703829828.911  1086  1254 I ASH     : @ 699.719: tcs3701: stop power rail pending_off timer
         1703829828.911  1086  1254 D ASH     : @ 699.719: tcs3701: start power rail timer, state:3
         1703829828.950  1086  1254 I ASH     : @ 699.759: tcs3701: stop power rail pending_off timer
         1703829828.950  1086  1254 D ASH     : @ 699.759: tcs3701: start power rail timer, state:3
         1703829828.991  1086  1254 I ASH     : @ 699.799: tcs3701: stop power rail pending_off timer
         1703829828.991  1086  1254 D ASH     : @ 699.799: tcs3701: start power rail timer, state:3
         1703829829.031  1086  1254 I ASH     : @ 699.839: tcs3701: stop power rail pending_off timer
         1703829829.032  1086  1254 D ASH     : @ 699.839: tcs3701: start power rail timer, state:3
         1703829829.071  1086  1254 I ASH     : @ 699.879: tcs3701: stop power rail pending_off timer
         1703829829.072  1086  1254 D ASH     : @ 699.879: tcs3701: start power rail timer, state:3
         1703829829.111  1086  1254 I ASH     : @ 699.919: tcs3701: stop power rail pending_off timer
         1703829829.111  1086  1254 D ASH     : @ 699.919: tcs3701: start power rail timer, state:3
         1703829829.150  1086  1254 I ASH     : @ 699.959: tcs3701: stop power rail pending_off timer
         1703829829.150  1086  1254 D ASH     : @ 699.959: tcs3701: start power rail timer, state:3
         1703829829.191  1086  1254 I ASH     : @ 699.999: tcs3701: stop power rail pending_off timer
         1703829829.192  1086  1254 D ASH     : @ 699.999: tcs3701: start power rail timer, state:3
         1703829829.226  7702  7702 I dashscene-cpu: 7557 (.dashscene.demo) S 1041 1041 0 0 -1 1077936448 9398 0 25 0 634 52 0 0 10 -10 18 0 67947 15650451456 41519 18446744073709551615 1 1 0 0 0 0 4612 1 1073775864 0 0 0 17 6 0 0 0 0 0 0 0 0 0 0 0 0 0
         1703829829.230  1086  1254 I ASH     : @ 700.039: tcs3701: stop power rail pending_off timer
         1703829829.230  1086  1254 D ASH     : @ 700.039: tcs3701: start power rail timer, state:3
         1703829829.270  1086  1254 I ASH     : @ 700.079: tcs3701: stop power rail pending_off timer
         1703829829.270  1086  1254 D ASH     : @ 700.079: tcs3701: start power rail timer, state:3
         1703829829.311  1086  1254 I ASH     : @ 700.119: tcs3701: stop power rail pending_off timer
         1703829829.311  1086  1254 D ASH     : @ 700.119: tcs3701: start power rail timer, state:3
         1703829829.350  1086  1254 I ASH     : @ 700.159: tcs3701: stop power rail pending_off timer
         1703829829.350  1086  1254 D ASH     : @ 700.159: tcs3701: start power rail timer, state:3
         1703829829.391  1086  1254 I ASH     : @ 700.199: tcs3701: stop power rail pending_off timer
         1703829829.391  1086  1254 D ASH     : @ 700.199: tcs3701: start power rail timer, state:3
         1703829829.431  1086  1254 I ASH     : @ 700.239: tcs3701: stop power rail pending_off timer
         1703829829.432  1086  1254 D ASH     : @ 700.239: tcs3701: start power rail timer, state:3
         1703829829.471  1086  1254 I ASH     : @ 700.279: tcs3701: stop power rail pending_off timer
         1703829829.471  1086  1254 D ASH     : @ 700.279: tcs3701: start power rail timer, state:3
         1703829829.511  1086  1254 I ASH     : @ 700.319: tcs3701: stop power rail pending_off timer
         1703829829.511  1086  1254 D ASH     : @ 700.319: tcs3701: start power rail timer, state:3
         1703829829.550  1086  1254 I ASH     : @ 700.359: tcs3701: stop power rail pending_off timer
         1703829829.550  1086  1254 D ASH     : @ 700.359: tcs3701: start power rail timer, state:3
         1703829829.591  1086  1254 I ASH     : @ 700.399: tcs3701: stop power rail pending_off timer
         1703829829.592  1086  1254 D ASH     : @ 700.399: tcs3701: start power rail timer, state:3
         1703829829.630  1086  1254 I ASH     : @ 700.439: tcs3701: stop power rail pending_off timer
         1703829829.630  1086  1254 D ASH     : @ 700.439: tcs3701: start power rail timer, state:3
         1703829829.670  1086  1254 I ASH     : @ 700.479: tcs3701: stop power rail pending_off timer
         1703829829.670  1086  1254 D ASH     : @ 700.479: tcs3701: start power rail timer, state:3
         1703829829.710  1086  1254 I ASH     : @ 700.519: tcs3701: stop power rail pending_off timer
         1703829829.710  1086  1254 D ASH     : @ 700.519: tcs3701: start power rail timer, state:3
         1703829829.749  1086  1254 I ASH     : @ 700.559: tcs3701: stop power rail pending_off timer
         1703829829.749  1086  1254 D ASH     : @ 700.559: tcs3701: start power rail timer, state:3
         1703829829.753  7705  7705 I dashscene-cpu: 7557 (.dashscene.demo) S 1041 1041 0 0 -1 1077936448 9404 0 25 0 644 53 0 0 10 -10 18 0 67947 15650451456 41519 18446744073709551615 1 1 0 0 0 0 4612 1 1073775864 0 0 0 17 6 0 0 0 0 0 0 0 0 0 0 0 0 0
         1703829829.790  1086  1254 I ASH     : @ 700.599: tcs3701: stop power rail pending_off timer
         1703829829.790  1086  1254 D ASH     : @ 700.599: tcs3701: start power rail timer, state:3
         1703829829.830  1086  1254 I ASH     : @ 700.639: tcs3701: stop power rail pending_off timer
         1703829829.830  1086  1254 D ASH     : @ 700.639: tcs3701: start power rail timer, state:3
         1703829829.869  1086  1254 I ASH     : @ 700.679: tcs3701: stop power rail pending_off timer
         1703829829.870  1086  1254 D ASH     : @ 700.679: tcs3701: start power rail timer, state:3
         1703829829.910  1086  1254 I ASH     : @ 700.719: tcs3701: stop power rail pending_off timer
         1703829829.910  1086  1254 D ASH     : @ 700.719: tcs3701: start power rail timer, state:3
         1703829829.950  1086  1254 I ASH     : @ 700.759: tcs3701: stop power rail pending_off timer
         1703829829.950  1086  1254 D ASH     : @ 700.759: tcs3701: start power rail timer, state:3
         1703829829.989  1086  1254 I ASH     : @ 700.799: tcs3701: stop power rail pending_off timer
         1703829829.990  1086  1254 D ASH     : @ 700.799: tcs3701: start power rail timer, state:3
         1703829830.030  1086  1254 I ASH     : @ 700.839: tcs3701: stop power rail pending_off timer
         1703829830.030  1086  1254 D ASH     : @ 700.839: tcs3701: start power rail timer, state:3
         1703829830.070  1086  1254 I ASH     : @ 700.879: tcs3701: stop power rail pending_off timer
         1703829830.070  1086  1254 D ASH     : @ 700.879: tcs3701: start power rail timer, state:3
         1703829830.110  1086  1254 I ASH     : @ 700.919: tcs3701: stop power rail pending_off timer
         1703829830.110  1086  1254 D ASH     : @ 700.919: tcs3701: start power rail timer, state:3
         1703829830.149  1086  1254 I ASH     : @ 700.959: tcs3701: stop power rail pending_off timer
         1703829830.149  1086  1254 D ASH     : @ 700.959: tcs3701: start power rail timer, state:3
         1703829830.189  1086  1254 I ASH     : @ 700.999: tcs3701: stop power rail pending_off timer
         1703829830.190  1086  1254 D ASH     : @ 700.999: tcs3701: start power rail timer, state:3
         1703829830.230  1086  1254 I ASH     : @ 701.039: tcs3701: stop power rail pending_off timer
         1703829830.230  1086  1254 D ASH     : @ 701.039: tcs3701: start power rail timer, state:3
         1703829830.244  7557  7579 I dashscene: typography over 240 frames — tick 1.24 ms, draw mean 11.23 p50 10.26 p95 12.84 max 54.28 ms (80.2 fps if unpaced)
         1703829830.269  1086  1254 I ASH     : @ 701.079: tcs3701: stop power rail pending_off timer
         1703829830.270  1086  1254 D ASH     : @ 701.079: tcs3701: start power rail timer, state:3
         1703829830.281  7708  7708 I dashscene-cpu: 7557 (.dashscene.demo) S 1041 1041 0 0 -1 1077936448 9462 0 25 0 679 56 0 0 10 -10 18 0 67947 15650451456 41519 18446744073709551615 1 1 0 0 0 0 4612 1 1073775864 0 0 0 17 6 0 0 0 0 0 0 0 0 0 0 0 0 0
         1703829830.310  1086  1254 I ASH     : @ 701.119: tcs3701: stop power rail pending_off timer
         1703829830.310  1086  1254 D ASH     : @ 701.119: tcs3701: start power rail timer, state:3
         1703829830.350  1086  1254 I ASH     : @ 701.159: tcs3701: stop power rail pending_off timer
         1703829830.350  1086  1254 D ASH     : @ 701.159: tcs3701: start power rail timer, state:3
         1703829830.390  1086  1254 I ASH     : @ 701.199: tcs3701: stop power rail pending_off timer
         1703829830.390  1086  1254 D ASH     : @ 701.199: tcs3701: start power rail timer, state:3
         1703829830.430  1086  1254 I ASH     : @ 701.239: tcs3701: stop power rail pending_off timer
         1703829830.430  1086  1254 D ASH     : @ 701.239: tcs3701: start power rail timer, state:3
         1703829830.469  1086  1254 I ASH     : @ 701.279: tcs3701: stop power rail pending_off timer
         1703829830.470  1086  1254 D ASH     : @ 701.279: tcs3701: start power rail timer, state:3
         1703829830.510  1086  1254 I ASH     : @ 701.319: tcs3701: stop power rail pending_off timer
         1703829830.510  1086  1254 D ASH     : @ 701.319: tcs3701: start power rail timer, state:3
         1703829830.549  1086  1254 I ASH     : @ 701.359: tcs3701: stop power rail pending_off timer
         1703829830.549  1086  1254 D ASH     : @ 701.359: tcs3701: start power rail timer, state:3
         1703829830.590  1086  1254 I ASH     : @ 701.399: tcs3701: stop power rail pending_off timer
         1703829830.590  1086  1254 D ASH     : @ 701.399: tcs3701: start power rail timer, state:3
         1703829830.630  1086  1254 I ASH     : @ 701.439: tcs3701: stop power rail pending_off timer
         1703829830.630  1086  1254 D ASH     : @ 701.439: tcs3701: start power rail timer, state:3
         1703829830.670  1086  1254 I ASH     : @ 701.479: tcs3701: stop power rail pending_off timer
         1703829830.670  1086  1254 D ASH     : @ 701.479: tcs3701: start power rail timer, state:3
         1703829830.710  1086  1254 I ASH     : @ 701.519: tcs3701: stop power rail pending_off timer
         1703829830.710  1086  1254 D ASH     : @ 701.519: tcs3701: start power rail timer, state:3
         1703829830.749  1086  1254 I ASH     : @ 701.559: tcs3701: stop power rail pending_off timer
         1703829830.749  1086  1254 D ASH     : @ 701.559: tcs3701: start power rail timer, state:3
         1703829830.789  1086  1254 I ASH     : @ 701.599: tcs3701: stop power rail pending_off timer
         1703829830.790  1086  1254 D ASH     : @ 701.599: tcs3701: start power rail timer, state:3
         1703829830.807  7711  7711 I dashscene-cpu: 7557 (.dashscene.demo) S 1041 1041 0 0 -1 1077936448 9526 0 25 0 714 59 0 0 10 -10 18 0 67947 15650451456 41519 18446744073709551615 1 1 0 0 0 0 4612 1 1073775864 0 0 0 17 6 0 0 0 0 0 0 0 0 0 0 0 0 0
         1703829830.830  1086  1254 I ASH     : @ 701.639: tcs3701: stop power rail pending_off timer
         1703829830.830  1086  1254 D ASH     : @ 701.639: tcs3701: start power rail timer, state:3
         1703829830.870  1086  1254 I ASH     : @ 701.679: tcs3701: stop power rail pending_off timer
         1703829830.870  1086  1254 D ASH     : @ 701.679: tcs3701: start power rail timer, state:3
         1703829830.910  1086  1254 I ASH     : @ 701.719: tcs3701: stop power rail pending_off timer
         1703829830.910  1086  1254 D ASH     : @ 701.719: tcs3701: start power rail timer, state:3
         1703829830.950  1086  1254 I ASH     : @ 701.759: tcs3701: stop power rail pending_off timer
         1703829830.950  1086  1254 D ASH     : @ 701.759: tcs3701: start power rail timer, state:3
         1703829830.990  1086  1254 I ASH     : @ 701.799: tcs3701: stop power rail pending_off timer
         1703829830.990  1086  1254 D ASH     : @ 701.799: tcs3701: start power rail timer, state:3
         1703829831.030  1086  1254 I ASH     : @ 701.839: tcs3701: stop power rail pending_off timer
         1703829831.030  1086  1254 D ASH     : @ 701.839: tcs3701: start power rail timer, state:3
         1703829831.071  1086  1254 I ASH     : @ 701.879: tcs3701: stop power rail pending_off timer
         1703829831.071  1086  1254 D ASH     : @ 701.879: tcs3701: start power rail timer, state:3
         1703829831.111  1086  1254 I ASH     : @ 701.919: tcs3701: stop power rail pending_off timer
         1703829831.111  1086  1254 D ASH     : @ 701.919: tcs3701: start power rail timer, state:3
         1703829831.150  1086  1254 I ASH     : @ 701.959: tcs3701: stop power rail pending_off timer
         1703829831.150  1086  1254 D ASH     : @ 701.959: tcs3701: start power rail timer, state:3
         1703829831.191  1086  1254 I ASH     : @ 701.999: tcs3701: stop power rail pending_off timer
         1703829831.191  1086  1254 D ASH     : @ 701.999: tcs3701: start power rail timer, state:3
         1703829831.231  1086  1254 I ASH     : @ 702.039: tcs3701: stop power rail pending_off timer
         1703829831.231  1086  1254 D ASH     : @ 702.039: tcs3701: start power rail timer, state:3
         1703829831.270  1086  1254 I ASH     : @ 702.079: tcs3701: stop power rail pending_off timer
         1703829831.270  1086  1254 D ASH     : @ 702.079: tcs3701: start power rail timer, state:3
         1703829831.311  1086  1254 I ASH     : @ 702.119: tcs3701: stop power rail pending_off timer
         1703829831.312  1086  1254 D ASH     : @ 702.119: tcs3701: start power rail timer, state:3
         1703829831.336  7714  7714 I dashscene-cpu: 7557 (.dashscene.demo) S 1041 1041 0 0 -1 1077936448 9538 0 25 0 722 60 0 0 10 -10 18 0 67947 15650451456 41519 18446744073709551615 1 1 0 0 0 0 4612 1 1073775864 0 0 0 17 6 0 0 0 0 0 0 0 0 0 0 0 0 0
         1703829831.350  1086  1254 I ASH     : @ 702.159: tcs3701: stop power rail pending_off timer
         1703829831.350  1086  1254 D ASH     : @ 702.159: tcs3701: start power rail timer, state:3
         1703829831.390  1086  1254 I ASH     : @ 702.199: tcs3701: stop power rail pending_off timer
         1703829831.390  1086  1254 D ASH     : @ 702.199: tcs3701: start power rail timer, state:3
         1703829831.431  1086  1254 I ASH     : @ 702.239: tcs3701: stop power rail pending_off timer
         1703829831.431  1086  1254 D ASH     : @ 702.239: tcs3701: start power rail timer, state:3
         1703829831.470  1086  1254 I ASH     : @ 702.279: tcs3701: stop power rail pending_off timer
         1703829831.470  1086  1254 D ASH     : @ 702.279: tcs3701: start power rail timer, state:3
         1703829831.511  1086  1254 I ASH     : @ 702.319: tcs3701: stop power rail pending_off timer
         1703829831.511  1086  1254 D ASH     : @ 702.319: tcs3701: start power rail timer, state:3
         1703829831.551  1086  1254 I ASH     : @ 702.359: tcs3701: stop power rail pending_off timer
         1703829831.551  1086  1254 D ASH     : @ 702.359: tcs3701: start power rail timer, state:3
         1703829831.591  1086  1254 I ASH     : @ 702.399: tcs3701: stop power rail pending_off timer
         1703829831.591  1086  1254 D ASH     : @ 702.399: tcs3701: start power rail timer, state:3
         1703829831.630  1086  1254 I ASH     : @ 702.439: tcs3701: stop power rail pending_off timer
         1703829831.630  1086  1254 D ASH     : @ 702.439: tcs3701: start power rail timer, state:3
         1703829831.670  1086  1254 I ASH     : @ 702.479: tcs3701: stop power rail pending_off timer
         1703829831.670  1086  1254 D ASH     : @ 702.479: tcs3701: start power rail timer, state:3
         1703829831.711  1086  1254 I ASH     : @ 702.519: tcs3701: stop power rail pending_off timer
         1703829831.712  1086  1254 D ASH     : @ 702.519: tcs3701: start power rail timer, state:3
         1703829831.751  1086  1254 I ASH     : @ 702.559: tcs3701: stop power rail pending_off timer
         1703829831.751  1086  1254 D ASH     : @ 702.559: tcs3701: start power rail timer, state:3
         1703829831.791  1086  1254 I ASH     : @ 702.599: tcs3701: stop power rail pending_off timer
         1703829831.791  1086  1254 D ASH     : @ 702.599: tcs3701: start power rail timer, state:3
         1703829831.831  1086  1254 I ASH     : @ 702.639: tcs3701: stop power rail pending_off timer
         1703829831.831  1086  1254 D ASH     : @ 702.639: tcs3701: start power rail timer, state:3
         1703829831.865  7717  7717 I dashscene-cpu: 7557 (.dashscene.demo) S 1041 1041 0 0 -1 1077936448 9538 0 25 0 723 61 0 0 10 -10 18 0 67947 15650451456 41519 18446744073709551615 1 1 0 0 0 0 4612 1 1073775864 0 0 0 17 6 0 0 0 0 0 0 0 0 0 0 0 0 0
         1703829831.870  1086  1254 I ASH     : @ 702.679: tcs3701: stop power rail pending_off timer
         1703829831.870  1086  1254 D ASH     : @ 702.679: tcs3701: start power rail timer, state:3
         1703829831.909  1086  1254 I ASH     : @ 702.719: tcs3701: stop power rail pending_off timer
         1703829831.909  1086  1254 D ASH     : @ 702.719: tcs3701: start power rail timer, state:3
         1703829831.950  1086  1254 I ASH     : @ 702.759: tcs3701: stop power rail pending_off timer
         1703829831.950  1086  1254 D ASH     : @ 702.759: tcs3701: start power rail timer, state:3
         1703829831.991  1086  1254 I ASH     : @ 702.799: tcs3701: stop power rail pending_off timer
         1703829831.992  1086  1254 D ASH     : @ 702.799: tcs3701: start power rail timer, state:3
         1703829832.031  1086  1254 I ASH     : @ 702.839: tcs3701: stop power rail pending_off timer
         1703829832.031  1086  1254 D ASH     : @ 702.839: tcs3701: start power rail timer, state:3
         1703829832.071  1086  1254 I ASH     : @ 702.879: tcs3701: stop power rail pending_off timer
         1703829832.072  1086  1254 D ASH     : @ 702.879: tcs3701: start power rail timer, state:3
         1703829832.111  1086  1254 I ASH     : @ 702.919: tcs3701: stop power rail pending_off timer
         1703829832.111  1086  1254 D ASH     : @ 702.919: tcs3701: start power rail timer, state:3
         1703829832.150  1086  1254 I ASH     : @ 702.959: tcs3701: stop power rail pending_off timer
         1703829832.150  1086  1254 D ASH     : @ 702.959: tcs3701: start power rail timer, state:3
         1703829832.190  1086  1254 I ASH     : @ 702.999: tcs3701: stop power rail pending_off timer
         1703829832.190  1086  1254 D ASH     : @ 702.999: tcs3701: start power rail timer, state:3
         1703829832.230  1086  1254 I ASH     : @ 703.039: tcs3701: stop power rail pending_off timer
         1703829832.230  1086  1254 D ASH     : @ 703.039: tcs3701: start power rail timer, state:3
         1703829832.270  1086  1254 I ASH     : @ 703.079: tcs3701: stop power rail pending_off timer
         1703829832.270  1086  1254 D ASH     : @ 703.079: tcs3701: start power rail timer, state:3
         1703829832.310  1086  1254 I ASH     : @ 703.119: tcs3701: stop power rail pending_off timer
         1703829832.310  1086  1254 D ASH     : @ 703.119: tcs3701: start power rail timer, state:3
         1703829832.349  1086  1254 I ASH     : @ 703.159: tcs3701: stop power rail pending_off timer
         1703829832.350  1086  1254 D ASH     : @ 703.159: tcs3701: start power rail timer, state:3
         1703829832.389  1086  1254 I ASH     : @ 703.199: tcs3701: stop power rail pending_off timer
         1703829832.389  1086  1254 D ASH     : @ 703.199: tcs3701: start power rail timer, state:3
         1703829832.402  7723  7723 I dashscene-cpu: 7557 (.dashscene.demo) S 1041 1041 0 0 -1 1077936448 9563 0 25 0 743 63 0 0 10 -10 18 0 67947 15650451456 41519 18446744073709551615 1 1 0 0 0 0 4612 1 1073775864 0 0 0 17 6 0 0 0 0 0 0 0 0 0 0 0 0 0
         1703829832.430  1086  1254 I ASH     : @ 703.239: tcs3701: stop power rail pending_off timer
         1703829832.430  1086  1254 D ASH     : @ 703.239: tcs3701: start power rail timer, state:3
         1703829832.470  1086  1254 I ASH     : @ 703.279: tcs3701: stop power rail pending_off timer
         1703829832.470  1086  1254 D ASH     : @ 703.279: tcs3701: start power rail timer, state:3
         1703829832.509  1086  1254 I ASH     : @ 703.319: tcs3701: stop power rail pending_off timer
         1703829832.510  1086  1254 D ASH     : @ 703.319: tcs3701: start power rail timer, state:3
         1703829832.549  1086  1254 I ASH     : @ 703.359: tcs3701: stop power rail pending_off timer
         1703829832.550  1086  1254 D ASH     : @ 703.359: tcs3701: start power rail timer, state:3
         1703829832.590  1086  1254 I ASH     : @ 703.399: tcs3701: stop power rail pending_off timer
         1703829832.590  1086  1254 D ASH     : @ 703.399: tcs3701: start power rail timer, state:3
         1703829832.630  1086  1254 I ASH     : @ 703.439: tcs3701: stop power rail pending_off timer
         1703829832.630  1086  1254 D ASH     : @ 703.439: tcs3701: start power rail timer, state:3
         1703829832.669  1086  1254 I ASH     : @ 703.479: tcs3701: stop power rail pending_off timer
         1703829832.670  1086  1254 D ASH     : @ 703.479: tcs3701: start power rail timer, state:3
         1703829832.710  1086  1254 I ASH     : @ 703.519: tcs3701: stop power rail pending_off timer
         1703829832.710  1086  1254 D ASH     : @ 703.519: tcs3701: start power rail timer, state:3
         1703829832.716  1785  2388 D ActivityManager: freezing 3218 com.google.android.euicc
         1703829832.749  1086  1254 I ASH     : @ 703.559: tcs3701: stop power rail pending_off timer
         1703829832.750  1086  1254 D ASH     : @ 703.559: tcs3701: start power rail timer, state:3
         1703829832.790  1086  1254 I ASH     : @ 703.599: tcs3701: stop power rail pending_off timer
         1703829832.790  1086  1254 D ASH     : @ 703.599: tcs3701: start power rail timer, state:3
         1703829832.830  1086  1254 I ASH     : @ 703.639: tcs3701: stop power rail pending_off timer
         1703829832.830  1086  1254 D ASH     : @ 703.639: tcs3701: start power rail timer, state:3
         1703829832.870  1086  1254 I ASH     : @ 703.679: tcs3701: stop power rail pending_off timer
         1703829832.870  1086  1254 D ASH     : @ 703.679: tcs3701: start power rail timer, state:3
         1703829832.910  1086  1254 I ASH     : @ 703.719: tcs3701: stop power rail pending_off timer
         1703829832.910  1086  1254 D ASH     : @ 703.719: tcs3701: start power rail timer, state:3
         1703829832.929  7726  7726 I dashscene-cpu: 7557 (.dashscene.demo) S 1041 1041 0 0 -1 1077936448 9627 0 25 0 781 64 0 0 10 -10 18 0 67947 15650451456 41519 18446744073709551615 1 1 0 0 0 0 4612 1 1073775864 0 0 0 17 6 0 0 0 0 0 0 0 0 0 0 0 0 0
         1703829832.949  1086  1254 I ASH     : @ 703.759: tcs3701: stop power rail pending_off timer
         1703829832.949  1086  1254 D ASH     : @ 703.759: tcs3701: start power rail timer, state:3
         1703829832.989  1086  1254 I ASH     : @ 703.799: tcs3701: stop power rail pending_off timer
         1703829832.990  1086  1254 D ASH     : @ 703.799: tcs3701: start power rail timer, state:3
         1703829833.028  2828  3507 I QcrilOemhookMsgTunnel: [0]processOemHookIndication length=21
         1703829833.029  7557  7579 I dashscene: 1200 frames over 1200 vsyncs
         1703829833.029  2828  2828 D QcrilMsgTunnelIfaceManager: handleMessage what = 0
         1703829833.029  1086  1254 I ASH     : @ 703.839: tcs3701: stop power rail pending_off timer
         1703829833.029  1086  1254 D ASH     : @ 703.839: tcs3701: start power rail timer, state:3
         1703829833.069  1086  1254 I ASH     : @ 703.879: tcs3701: stop power rail pending_off timer
         1703829833.069  1086  1254 D ASH     : @ 703.879: tcs3701: start power rail timer, state:3
         1703829833.070  1785  2541 W ContextImpl: Calling a method in the system process without a qualified user: android.app.ContextImpl.sendBroadcastMultiplePermissions:1270 android.content.Context.sendBroadcastMultiplePermissions:2476 com.android.server.TelephonyRegistry.broadcastServiceStateChanged:3581 com.android.server.TelephonyRegistry.notifyServiceStateForPhoneId:1728 com.android.internal.telephony.ITelephonyRegistry$Stub.onTransact:534 
         1703829833.071  1785  2541 W ContextImpl: Calling a method in the system process without a qualified user: android.app.ContextImpl.sendBroadcastMultiplePermissions:1303 com.android.server.TelephonyRegistry.broadcastServiceStateChanged:3585 com.android.server.TelephonyRegistry.notifyServiceStateForPhoneId:1728 com.android.internal.telephony.ITelephonyRegistry$Stub.onTransact:534 android.os.Binder.execTransactInternal:1339 
         1703829833.071  1785  2541 W ContextImpl: Calling a method in the system process without a qualified user: android.app.ContextImpl.sendBroadcastMultiplePermissions:1303 com.android.server.TelephonyRegistry.broadcastServiceStateChanged:3594 com.android.server.TelephonyRegistry.notifyServiceStateForPhoneId:1728 com.android.internal.telephony.ITelephonyRegistry$Stub.onTransact:534 android.os.Binder.execTransactInternal:1339 
         1703829833.073  1785  2541 W ContextImpl: Calling a method in the system process without a qualified user: android.app.ContextImpl.sendBroadcastMultiplePermissions:1303 com.android.server.TelephonyRegistry.broadcastServiceStateChanged:3600 com.android.server.TelephonyRegistry.notifyServiceStateForPhoneId:1728 com.android.internal.telephony.ITelephonyRegistry$Stub.onTransact:534 android.os.Binder.execTransactInternal:1339 
         1703829833.075  2909  2909 D ServiceStateProvider: subId=-1
         1703829833.076  1785  2124 D ActivityManager: sync unfroze 3094 com.google.android.cellbroadcastreceiver for 3
         1703829833.076  2565  2565 W KeyguardUpdateMonitorLog: invalid subId in handleServiceStateChange()
         1703829833.078  3094  3094 D CellBroadcastReceiver: onReceive Intent { act=android.intent.action.SERVICE_STATE flg=0x1000010 cmp=com.google.android.cellbroadcastreceiver/com.android.cellbroadcastreceiver.CellBroadcastReceiver (has extras) }
         1703829833.078  3094  3094 D CellBroadcastReceiver: onServiceStateChanged, ss: 1
         1703829833.079  1785  3970 I ActivityManager: Killing 5377:com.android.shell/2000 (adj 975): empty #17
         1703829833.085  1785  2176 I libprocessgroup: Successfully killed process cgroup uid 2000 pid 5377 in 5ms
         1703829833.100  1041  1041 I Zygote  : Process 5377 exited due to signal 9 (Killed)
         1703829833.100  1785  2096 D DisplayManagerService: Drop pending events for gone uid 2000
         1703829833.101  1785  2541 I ActivityManager: Killing 4634:com.android.externalstorage/u0a68 (adj 985): empty #17
         1703829833.107  1785  2176 I libprocessgroup: Successfully killed process cgroup uid 10068 pid 4634 in 5ms
         1703829833.109  1086  1254 I ASH     : @ 703.919: tcs3701: stop power rail pending_off timer
         1703829833.109  1086  1254 D ASH     : @ 703.919: tcs3701: start power rail timer, state:3
         1703829833.129  1041  1041 I Zygote  : Process 4634 exited due to signal 9 (Killed)
         1703829833.129  1785  2096 D DisplayManagerService: Drop pending events for gone uid 10068
         1703829833.149  1086  1254 I ASH     : @ 703.959: tcs3701: stop power rail pending_off timer
         1703829833.149  1086  1254 D ASH     : @ 703.959: tcs3701: start power rail timer, state:3
         1703829833.189  1086  1254 I ASH     : @ 703.999: tcs3701: stop power rail pending_off timer
         1703829833.189  1086  1254 D ASH     : @ 703.999: tcs3701: start power rail timer, state:3
         1703829833.229  1086  1254 I ASH     : @ 704.039: tcs3701: stop power rail pending_off timer
         1703829833.229  1086  1254 D ASH     : @ 704.039: tcs3701: start power rail timer, state:3
         1703829833.270  1086  1254 I ASH     : @ 704.079: tcs3701: stop power rail pending_off timer
         1703829833.270  1086  1254 D ASH     : @ 704.079: tcs3701: start power rail timer, state:3
         1703829833.309  1086  1254 I ASH     : @ 704.119: tcs3701: stop power rail pending_off timer
         1703829833.309  1086  1254 D ASH     : @ 704.119: tcs3701: start power rail timer, state:3
         1703829833.349  1086  1254 I ASH     : @ 704.159: tcs3701: stop power rail pending_off timer
         1703829833.349  1086  1254 D ASH     : @ 704.159: tcs3701: start power rail timer, state:3
         1703829833.389  1086  1254 I ASH     : @ 704.199: tcs3701: stop power rail pending_off timer
         1703829833.390  1086  1254 D ASH     : @ 704.199: tcs3701: start power rail timer, state:3
         1703829833.430  1086  1254 I ASH     : @ 704.239: tcs3701: stop power rail pending_off timer
         1703829833.430  1086  1254 D ASH     : @ 704.239: tcs3701: start power rail timer, state:3
         1703829833.456  7731  7731 I dashscene-cpu: 7557 (.dashscene.demo) S 1041 1041 0 0 -1 1077936448 9689 0 25 0 815 66 0 0 10 -10 18 0 67947 15650451456 41519 18446744073709551615 1 1 0 0 0 0 4612 1 1073775864 0 0 0 17 6 0 0 0 0 0 0 0 0 0 0 0 0 0
         1703829833.469  1086  1254 I ASH     : @ 704.279: tcs3701: stop power rail pending_off timer
         1703829833.469  1086  1254 D ASH     : @ 704.279: tcs3701: start power rail timer, state:3
         1703829833.509  1086  1254 I ASH     : @ 704.319: tcs3701: stop power rail pending_off timer
         1703829833.510  1086  1254 D ASH     : @ 704.319: tcs3701: start power rail timer, state:3
         1703829833.550  1086  1254 I ASH     : @ 704.359: tcs3701: stop power rail pending_off timer
         1703829833.550  1086  1254 D ASH     : @ 704.359: tcs3701: start power rail timer, state:3
         1703829833.590  1086  1254 I ASH     : @ 704.399: tcs3701: stop power rail pending_off timer
         1703829833.590  1086  1254 D ASH     : @ 704.399: tcs3701: start power rail timer, state:3
         1703829833.631  1086  1254 I ASH     : @ 704.439: tcs3701: stop power rail pending_off timer
         1703829833.631  1086  1254 D ASH     : @ 704.439: tcs3701: start power rail timer, state:3
         1703829833.670  1086  1254 I ASH     : @ 704.479: tcs3701: stop power rail pending_off timer
         1703829833.670  1086  1254 D ASH     : @ 704.479: tcs3701: start power rail timer, state:3
         1703829833.711  1086  1254 I ASH     : @ 704.519: tcs3701: stop power rail pending_off timer
         1703829833.711  1086  1254 D ASH     : @ 704.519: tcs3701: start power rail timer, state:3
         1703829833.751  1086  1254 I ASH     : @ 704.559: tcs3701: stop power rail pending_off timer
         1703829833.751  1086  1254 D ASH     : @ 704.559: tcs3701: start power rail timer, state:3
         1703829833.791  1086  1254 I ASH     : @ 704.599: tcs3701: stop power rail pending_off timer
         1703829833.791  1086  1254 D ASH     : @ 704.599: tcs3701: start power rail timer, state:3
         1703829833.831  1086  1254 I ASH     : @ 704.639: tcs3701: stop power rail pending_off timer
         1703829833.831  1086  1254 D ASH     : @ 704.639: tcs3701: start power rail timer, state:3
         1703829833.870  1086  1254 I ASH     : @ 704.679: tcs3701: stop power rail pending_off timer
         1703829833.870  1086  1254 D ASH     : @ 704.679: tcs3701: start power rail timer, state:3
         1703829833.910  1086  1254 I ASH     : @ 704.719: tcs3701: stop power rail pending_off timer
         1703829833.910  1086  1254 D ASH     : @ 704.719: tcs3701: start power rail timer, state:3
         1703829833.951  1086  1254 I ASH     : @ 704.759: tcs3701: stop power rail pending_off timer
         1703829833.951  1086  1254 D ASH     : @ 704.759: tcs3701: start power rail timer, state:3
         1703829833.987  7734  7734 I dashscene-cpu: 7557 (.dashscene.demo) S 1041 1041 0 0 -1 1077936448 9695 0 25 0 820 66 0 0 10 -10 18 0 67947 15650451456 41519 18446744073709551615 1 1 0 0 0 0 4612 1 1073775864 0 0 0 17 6 0 0 0 0 0 0 0 0 0 0 0 0 0
         1703829833.990  1086  1254 I ASH     : @ 704.799: tcs3701: stop power rail pending_off timer
         1703829833.990  1086  1254 D ASH     : @ 704.799: tcs3701: start power rail timer, state:3
         1703829834.030  1086  1254 I ASH     : @ 704.839: tcs3701: stop power rail pending_off timer
         1703829834.030  1086  1254 D ASH     : @ 704.839: tcs3701: start power rail timer, state:3
         1703829834.070  1086  1254 I ASH     : @ 704.879: tcs3701: stop power rail pending_off timer
         1703829834.070  1086  1254 D ASH     : @ 704.879: tcs3701: start power rail timer, state:3
         1703829834.112  1086  1254 I ASH     : @ 704.919: tcs3701: stop power rail pending_off timer
         1703829834.112  1086  1254 D ASH     : @ 704.919: tcs3701: start power rail timer, state:3
         1703829834.151  1086  1254 I ASH     : @ 704.959: tcs3701: stop power rail pending_off timer
         1703829834.152  1086  1254 D ASH     : @ 704.959: tcs3701: start power rail timer, state:3
         1703829834.191  1086  1254 I ASH     : @ 704.999: tcs3701: stop power rail pending_off timer
         1703829834.191  1086  1254 D ASH     : @ 704.999: tcs3701: start power rail timer, state:3
         1703829834.231  1086  1254 I ASH     : @ 705.039: tcs3701: stop power rail pending_off timer
         1703829834.231  1086  1254 D ASH     : @ 705.039: tcs3701: start power rail timer, state:3
         1703829834.270  1086  1254 I ASH     : @ 705.079: tcs3701: stop power rail pending_off timer
         1703829834.270  1086  1254 D ASH     : @ 705.079: tcs3701: start power rail timer, state:3
         1703829834.311  1086  1254 I ASH     : @ 705.119: tcs3701: stop power rail pending_off timer
         1703829834.312  1086  1254 D ASH     : @ 705.119: tcs3701: start power rail timer, state:3
         1703829834.351  1086  1254 I ASH     : @ 705.159: tcs3701: stop power rail pending_off timer
         1703829834.352  1086  1254 D ASH     : @ 705.159: tcs3701: start power rail timer, state:3
         1703829834.390  1086  1254 I ASH     : @ 705.199: tcs3701: stop power rail pending_off timer
         1703829834.390  1086  1254 D ASH     : @ 705.199: tcs3701: start power rail timer, state:3
         1703829834.431  1086  1254 I ASH     : @ 705.239: tcs3701: stop power rail pending_off timer
         1703829834.431  1086  1254 D ASH     : @ 705.239: tcs3701: start power rail timer, state:3
         1703829834.470  1086  1254 I ASH     : @ 705.279: tcs3701: stop power rail pending_off timer
         1703829834.470  1086  1254 D ASH     : @ 705.279: tcs3701: start power rail timer, state:3
         1703829834.510  1086  1254 I ASH     : @ 705.319: tcs3701: stop power rail pending_off timer
         1703829834.510  1086  1254 D ASH     : @ 705.319: tcs3701: start power rail timer, state:3
         1703829834.520  7737  7737 I dashscene-cpu: 7557 (.dashscene.demo) S 1041 1041 0 0 -1 1077936448 9695 0 25 0 820 68 0 0 10 -10 18 0 67947 15650451456 41519 18446744073709551615 1 1 0 0 0 0 4612 1 1073775864 0 0 0 17 6 0 0 0 0 0 0 0 0 0 0 0 0 0
         1703829834.550  1086  1254 I ASH     : @ 705.359: tcs3701: stop power rail pending_off timer
         1703829834.550  1086  1254 D ASH     : @ 705.359: tcs3701: start power rail timer, state:3
         1703829834.591  1086  1254 I ASH     : @ 705.399: tcs3701: stop power rail pending_off timer
         1703829834.591  1086  1254 D ASH     : @ 705.399: tcs3701: start power rail timer, state:3
         1703829834.630  1086  1254 I ASH     : @ 705.439: tcs3701: stop power rail pending_off timer
         1703829834.630  1086  1254 D ASH     : @ 705.439: tcs3701: start power rail timer, state:3
         1703829834.670  1086  1254 I ASH     : @ 705.479: tcs3701: stop power rail pending_off timer
         1703829834.670  1086  1254 D ASH     : @ 705.479: tcs3701: start power rail timer, state:3
         1703829834.710  1086  1254 I ASH     : @ 705.519: tcs3701: stop power rail pending_off timer
         1703829834.710  1086  1254 D ASH     : @ 705.519: tcs3701: start power rail timer, state:3
         1703829834.750  1086  1254 I ASH     : @ 705.559: tcs3701: stop power rail pending_off timer
         1703829834.750  1086  1254 D ASH     : @ 705.559: tcs3701: start power rail timer, state:3
         1703829834.790  1086  1254 I ASH     : @ 705.599: tcs3701: stop power rail pending_off timer
         1703829834.790  1086  1254 D ASH     : @ 705.599: tcs3701: start power rail timer, state:3
         1703829834.830  1086  1254 I ASH     : @ 705.639: tcs3701: stop power rail pending_off timer
         1703829834.830  1086  1254 D ASH     : @ 705.639: tcs3701: start power rail timer, state:3
         1703829834.870  1086  1254 I ASH     : @ 705.679: tcs3701: stop power rail pending_off timer
         1703829834.870  1086  1254 D ASH     : @ 705.679: tcs3701: start power rail timer, state:3
         1703829834.911  1086  1254 I ASH     : @ 705.719: tcs3701: stop power rail pending_off timer
         1703829834.911  1086  1254 D ASH     : @ 705.719: tcs3701: start power rail timer, state:3
         1703829834.950  1086  1254 I ASH     : @ 705.759: tcs3701: stop power rail pending_off timer
         1703829834.950  1086  1254 D ASH     : @ 705.759: tcs3701: start power rail timer, state:3
         1703829834.989  1086  1254 I ASH     : @ 705.799: tcs3701: stop power rail pending_off timer
         1703829834.989  1086  1254 D ASH     : @ 705.799: tcs3701: start power rail timer, state:3
         1703829835.030  1086  1254 I ASH     : @ 705.839: tcs3701: stop power rail pending_off timer
         1703829835.030  1086  1254 D ASH     : @ 705.839: tcs3701: start power rail timer, state:3
         1703829835.049  7740  7740 I dashscene-cpu: 7557 (.dashscene.demo) S 1041 1041 0 0 -1 1077936448 9737 0 25 0 849 72 0 0 10 -10 18 0 67947 15650451456 41519 18446744073709551615 1 1 0 0 0 0 4612 1 1073775864 0 0 0 17 6 0 0 0 0 0 0 0 0 0 0 0 0 0
         1703829835.069  1086  1254 I ASH     : @ 705.879: tcs3701: stop power rail pending_off timer
         1703829835.070  1086  1254 D ASH     : @ 705.879: tcs3701: start power rail timer, state:3
         1703829835.109  1086  1254 I ASH     : @ 705.919: tcs3701: stop power rail pending_off timer
         1703829835.110  1086  1254 D ASH     : @ 705.919: tcs3701: start power rail timer, state:3
         1703829835.150  1086  1254 I ASH     : @ 705.959: tcs3701: stop power rail pending_off timer
         1703829835.150  1086  1254 D ASH     : @ 705.959: tcs3701: start power rail timer, state:3
         1703829835.189  1086  1254 I ASH     : @ 705.999: tcs3701: stop power rail pending_off timer
         1703829835.190  1086  1254 D ASH     : @ 705.999: tcs3701: start power rail timer, state:3
         1703829835.230  1086  1254 I ASH     : @ 706.039: tcs3701: stop power rail pending_off timer
         1703829835.230  1086  1254 D ASH     : @ 706.039: tcs3701: start power rail timer, state:3
         1703829835.269  1086  1254 I ASH     : @ 706.079: tcs3701: stop power rail pending_off timer
         1703829835.269  1086  1254 D ASH     : @ 706.079: tcs3701: start power rail timer, state:3
         1703829835.310  1086  1254 I ASH     : @ 706.119: tcs3701: stop power rail pending_off timer
         1703829835.310  1086  1254 D ASH     : @ 706.119: tcs3701: start power rail timer, state:3
         1703829835.350  1086  1254 I ASH     : @ 706.159: tcs3701: stop power rail pending_off timer
         1703829835.350  1086  1254 D ASH     : @ 706.159: tcs3701: start power rail timer, state:3
         1703829835.389  1086  1254 I ASH     : @ 706.199: tcs3701: stop power rail pending_off timer
         1703829835.390  1086  1254 D ASH     : @ 706.199: tcs3701: start power rail timer, state:3
         1703829835.430  1086  1254 I ASH     : @ 706.239: tcs3701: stop power rail pending_off timer
         1703829835.430  1086  1254 D ASH     : @ 706.239: tcs3701: start power rail timer, state:3
         1703829835.469  1086  1254 I ASH     : @ 706.279: tcs3701: stop power rail pending_off timer
         1703829835.470  1086  1254 D ASH     : @ 706.279: tcs3701: start power rail timer, state:3
         1703829835.509  1086  1254 I ASH     : @ 706.319: tcs3701: stop power rail pending_off timer
         1703829835.510  1086  1254 D ASH     : @ 706.319: tcs3701: start power rail timer, state:3
         1703829835.550  1086  1254 I ASH     : @ 706.359: tcs3701: stop power rail pending_off timer
         1703829835.550  1086  1254 D ASH     : @ 706.359: tcs3701: start power rail timer, state:3
         1703829835.577  7743  7743 I dashscene-cpu: 7557 (.dashscene.demo) S 1041 1041 0 0 -1 1077936448 9802 0 25 0 884 75 0 0 10 -10 18 0 67947 15650451456 41520 18446744073709551615 1 1 0 0 0 0 4612 1 1073775864 0 0 0 17 6 0 0 0 0 0 0 0 0 0 0 0 0 0
         1703829835.590  1086  1254 I ASH     : @ 706.399: tcs3701: stop power rail pending_off timer
         1703829835.590  1086  1254 D ASH     : @ 706.399: tcs3701: start power rail timer, state:3
         1703829835.630  1086  1254 I ASH     : @ 706.439: tcs3701: stop power rail pending_off timer
         1703829835.630  1086  1254 D ASH     : @ 706.439: tcs3701: start power rail timer, state:3
         1703829835.669  1086  1254 I ASH     : @ 706.479: tcs3701: stop power rail pending_off timer
         1703829835.670  1086  1254 D ASH     : @ 706.479: tcs3701: start power rail timer, state:3
         1703829835.710  1086  1254 I ASH     : @ 706.519: tcs3701: stop power rail pending_off timer
         1703829835.710  1086  1254 D ASH     : @ 706.519: tcs3701: start power rail timer, state:3
         1703829835.750  1086  1254 I ASH     : @ 706.559: tcs3701: stop power rail pending_off timer
         1703829835.750  1086  1254 D ASH     : @ 706.559: tcs3701: start power rail timer, state:3
         1703829835.790  1086  1254 I ASH     : @ 706.599: tcs3701: stop power rail pending_off timer
         1703829835.790  1086  1254 D ASH     : @ 706.599: tcs3701: start power rail timer, state:3
         1703829835.829  1086  1254 I ASH     : @ 706.639: tcs3701: stop power rail pending_off timer
         1703829835.830  1086  1254 D ASH     : @ 706.639: tcs3701: start power rail timer, state:3
         1703829835.869  1086  1254 I ASH     : @ 706.679: tcs3701: stop power rail pending_off timer
         1703829835.869  1086  1254 D ASH     : @ 706.679: tcs3701: start power rail timer, state:3
         1703829835.910  1086  1254 I ASH     : @ 706.719: tcs3701: stop power rail pending_off timer
         1703829835.910  1086  1254 D ASH     : @ 706.719: tcs3701: start power rail timer, state:3
         1703829835.950  1086  1254 I ASH     : @ 706.759: tcs3701: stop power rail pending_off timer
         1703829835.950  1086  1254 D ASH     : @ 706.759: tcs3701: start power rail timer, state:3
         1703829835.990  1086  1254 I ASH     : @ 706.799: tcs3701: stop power rail pending_off timer
         1703829835.990  1086  1254 D ASH     : @ 706.799: tcs3701: start power rail timer, state:3
         1703829836.030  1086  1254 I ASH     : @ 706.839: tcs3701: stop power rail pending_off timer
         1703829836.030  1086  1254 D ASH     : @ 706.839: tcs3701: start power rail timer, state:3
         1703829836.070  1086  1254 I ASH     : @ 706.879: tcs3701: stop power rail pending_off timer
         1703829836.070  1086  1254 D ASH     : @ 706.879: tcs3701: start power rail timer, state:3
         1703829836.110  1086  1254 I ASH     : @ 706.919: tcs3701: stop power rail pending_off timer
         1703829836.110  7746  7746 I dashscene-cpu: 7557 (.dashscene.demo) S 1041 1041 0 0 -1 1077936448 9852 0 25 0 912 77 0 0 10 -10 18 0 67947 15650451456 41520 18446744073709551615 1 1 0 0 0 0 4612 1 1073775864 0 0 0 17 6 0 0 0 0 0 0 0 0 0 0 0 0 0
         1703829836.110  1086  1254 D ASH     : @ 706.919: tcs3701: start power rail timer, state:3
         1703829836.151  1086  1254 I ASH     : @ 706.959: tcs3701: stop power rail pending_off timer
         1703829836.151  1086  1254 D ASH     : @ 706.959: tcs3701: start power rail timer, state:3
         1703829836.190  1086  1254 I ASH     : @ 706.999: tcs3701: stop power rail pending_off timer
         1703829836.190  1086  1254 D ASH     : @ 706.999: tcs3701: start power rail timer, state:3
         1703829836.231  1086  1254 I ASH     : @ 707.039: tcs3701: stop power rail pending_off timer
         1703829836.231  1086  1254 D ASH     : @ 707.039: tcs3701: start power rail timer, state:3
         1703829836.271  1086  1254 I ASH     : @ 707.079: tcs3701: stop power rail pending_off timer
         1703829836.271  1086  1254 D ASH     : @ 707.079: tcs3701: start power rail timer, state:3
         1703829836.311  1086  1254 I ASH     : @ 707.119: tcs3701: stop power rail pending_off timer
         1703829836.311  1086  1254 D ASH     : @ 707.119: tcs3701: start power rail timer, state:3
         1703829836.351  1086  1254 I ASH     : @ 707.159: tcs3701: stop power rail pending_off timer
         1703829836.351  1086  1254 D ASH     : @ 707.159: tcs3701: start power rail timer, state:3
         1703829836.390  1086  1254 I ASH     : @ 707.199: tcs3701: stop power rail pending_off timer
         1703829836.391  1086  1254 D ASH     : @ 707.199: tcs3701: start power rail timer, state:3
         1703829836.431  1086  1254 I ASH     : @ 707.239: tcs3701: stop power rail pending_off timer
         1703829836.431  1086  1254 D ASH     : @ 707.239: tcs3701: start power rail timer, state:3
         1703829836.471  1086  1254 I ASH     : @ 707.279: tcs3701: stop power rail pending_off timer
         1703829836.471  1086  1254 D ASH     : @ 707.279: tcs3701: start power rail timer, state:3
         1703829836.511  1086  1254 I ASH     : @ 707.319: tcs3701: stop power rail pending_off timer
         1703829836.512  1086  1254 D ASH     : @ 707.319: tcs3701: start power rail timer, state:3
         1703829836.551  1086  1254 I ASH     : @ 707.359: tcs3701: stop power rail pending_off timer
         1703829836.551  1086  1254 D ASH     : @ 707.359: tcs3701: start power rail timer, state:3
         1703829836.590  1086  1254 I ASH     : @ 707.399: tcs3701: stop power rail pending_off timer
         1703829836.590  1086  1254 D ASH     : @ 707.399: tcs3701: start power rail timer, state:3
         1703829836.630  1086  1254 I ASH     : @ 707.439: tcs3701: stop power rail pending_off timer
         1703829836.630  1086  1254 D ASH     : @ 707.439: tcs3701: start power rail timer, state:3
         1703829836.642  7749  7749 I dashscene-cpu: 7557 (.dashscene.demo) S 1041 1041 0 0 -1 1077936448 9852 0 25 0 914 78 0 0 10 -10 18 0 67947 15650451456 41520 18446744073709551615 1 1 0 0 0 0 4612 1 1073775864 0 0 0 17 6 0 0 0 0 0 0 0 0 0 0 0 0 0
         1703829836.670  1086  1254 I ASH     : @ 707.479: tcs3701: stop power rail pending_off timer
         1703829836.670  1086  1254 D ASH     : @ 707.479: tcs3701: start power rail timer, state:3
         1703829836.711  1086  1254 I ASH     : @ 707.519: tcs3701: stop power rail pending_off timer
         1703829836.712  1086  1254 D ASH     : @ 707.519: tcs3701: start power rail timer, state:3
         1703829836.751  1086  1254 I ASH     : @ 707.559: tcs3701: stop power rail pending_off timer
         1703829836.751  1086  1254 D ASH     : @ 707.559: tcs3701: start power rail timer, state:3
         1703829836.790  1086  1254 I ASH     : @ 707.599: tcs3701: stop power rail pending_off timer
         1703829836.790  1086  1254 D ASH     : @ 707.599: tcs3701: start power rail timer, state:3
         1703829836.831  1086  1254 I ASH     : @ 707.639: tcs3701: stop power rail pending_off timer
         1703829836.831  1086  1254 D ASH     : @ 707.639: tcs3701: start power rail timer, state:3
         1703829836.871  1086  1254 I ASH     : @ 707.679: tcs3701: stop power rail pending_off timer
         1703829836.871  1086  1254 D ASH     : @ 707.679: tcs3701: start power rail timer, state:3
         1703829836.911  1086  1254 I ASH     : @ 707.719: tcs3701: stop power rail pending_off timer
         1703829836.911  1086  1254 D ASH     : @ 707.719: tcs3701: start power rail timer, state:3
         1703829836.950  1086  1254 I ASH     : @ 707.759: tcs3701: stop power rail pending_off timer
         1703829836.950  1086  1254 D ASH     : @ 707.759: tcs3701: start power rail timer, state:3
         1703829836.990  1086  1254 I ASH     : @ 707.799: tcs3701: stop power rail pending_off timer
         1703829836.990  1086  1254 D ASH     : @ 707.799: tcs3701: start power rail timer, state:3
         1703829837.031  1086  1254 I ASH     : @ 707.839: tcs3701: stop power rail pending_off timer
         1703829837.031  1086  1254 D ASH     : @ 707.839: tcs3701: start power rail timer, state:3
         1703829837.071  1086  1254 I ASH     : @ 707.879: tcs3701: stop power rail pending_off timer
         1703829837.071  1086  1254 D ASH     : @ 707.879: tcs3701: start power rail timer, state:3
         1703829837.106  7557  7579 I dashscene: 1440 frames over 1440 vsyncs
         1703829837.111  1086  1254 I ASH     : @ 707.919: tcs3701: stop power rail pending_off timer
         1703829837.112  1086  1254 D ASH     : @ 707.919: tcs3701: start power rail timer, state:3
         1703829837.150  1086  1254 I ASH     : @ 707.959: tcs3701: stop power rail pending_off timer
         1703829837.150  1086  1254 D ASH     : @ 707.959: tcs3701: start power rail timer, state:3
         1703829837.173  7755  7755 I dashscene-cpu: 7557 (.dashscene.demo) S 1041 1041 0 0 -1 1077936448 9852 0 25 0 919 78 0 0 10 -10 18 0 67947 15650451456 41520 18446744073709551615 1 1 0 0 0 0 4612 1 1073775864 0 0 0 17 6 0 0 0 0 0 0 0 0 0 0 0 0 0
         1703829837.189  1086  1254 I ASH     : @ 707.999: tcs3701: stop power rail pending_off timer
         1703829837.189  1086  1254 D ASH     : @ 707.999: tcs3701: start power rail timer, state:3
         1703829837.230  1086  1254 I ASH     : @ 708.039: tcs3701: stop power rail pending_off timer
         1703829837.230  1086  1254 D ASH     : @ 708.039: tcs3701: start power rail timer, state:3
         1703829837.270  1086  1254 I ASH     : @ 708.079: tcs3701: stop power rail pending_off timer
         1703829837.270  1086  1254 D ASH     : @ 708.079: tcs3701: start power rail timer, state:3
         1703829837.310  1086  1254 I ASH     : @ 708.119: tcs3701: stop power rail pending_off timer
         1703829837.310  1086  1254 D ASH     : @ 708.119: tcs3701: start power rail timer, state:3
         1703829837.350  1086  1254 I ASH     : @ 708.159: tcs3701: stop power rail pending_off timer
         1703829837.350  1086  1254 D ASH     : @ 708.159: tcs3701: start power rail timer, state:3
         1703829837.389  1086  1254 I ASH     : @ 708.199: tcs3701: stop power rail pending_off timer
         1703829837.390  1086  1254 D ASH     : @ 708.199: tcs3701: start power rail timer, state:3
         1703829837.430  1086  1254 I ASH     : @ 708.239: tcs3701: stop power rail pending_off timer
         1703829837.430  1086  1254 D ASH     : @ 708.239: tcs3701: start power rail timer, state:3
         1703829837.470  1086  1254 I ASH     : @ 708.279: tcs3701: stop power rail pending_off timer
         1703829837.470  1086  1254 D ASH     : @ 708.279: tcs3701: start power rail timer, state:3
         1703829837.509  1086  1254 I ASH     : @ 708.319: tcs3701: stop power rail pending_off timer
         1703829837.510  1086  1254 D ASH     : @ 708.319: tcs3701: start power rail timer, state:3
         1703829837.549  1086  1254 I ASH     : @ 708.359: tcs3701: stop power rail pending_off timer
         1703829837.550  1086  1254 D ASH     : @ 708.359: tcs3701: start power rail timer, state:3
         1703829837.589  1086  1254 I ASH     : @ 708.399: tcs3701: stop power rail pending_off timer
         1703829837.590  1086  1254 D ASH     : @ 708.399: tcs3701: start power rail timer, state:3
         1703829837.629  1086  1254 I ASH     : @ 708.439: tcs3701: stop power rail pending_off timer
         1703829837.630  1086  1254 D ASH     : @ 708.439: tcs3701: start power rail timer, state:3
         1703829837.669  1086  1254 I ASH     : @ 708.479: tcs3701: stop power rail pending_off timer
         1703829837.670  1086  1254 D ASH     : @ 708.479: tcs3701: start power rail timer, state:3
         1703829837.709  1086  1254 I ASH     : @ 708.519: tcs3701: stop power rail pending_off timer
         1703829837.709  1086  1254 D ASH     : @ 708.519: tcs3701: start power rail timer, state:3
         1703829837.712  7758  7758 I dashscene-cpu: 7557 (.dashscene.demo) S 1041 1041 0 0 -1 1077936448 9906 0 25 0 952 81 0 0 10 -10 18 0 67947 15650451456 41520 18446744073709551615 1 1 0 0 0 0 4612 1 1073775864 0 0 0 17 6 0 0 0 0 0 0 0 0 0 0 0 0 0
         1703829837.749  1086  1254 I ASH     : @ 708.559: tcs3701: stop power rail pending_off timer
         1703829837.750  1086  1254 D ASH     : @ 708.559: tcs3701: start power rail timer, state:3
         1703829837.790  1086  1254 I ASH     : @ 708.599: tcs3701: stop power rail pending_off timer
         1703829837.790  1086  1254 D ASH     : @ 708.599: tcs3701: start power rail timer, state:3
         1703829837.830  1086  1254 I ASH     : @ 708.639: tcs3701: stop power rail pending_off timer
         1703829837.830  1086  1254 D ASH     : @ 708.639: tcs3701: start power rail timer, state:3
         1703829837.869  1086  1254 I ASH     : @ 708.679: tcs3701: stop power rail pending_off timer
         1703829837.870  1086  1254 D ASH     : @ 708.679: tcs3701: start power rail timer, state:3
         1703829837.909  1086  1254 I ASH     : @ 708.719: tcs3701: stop power rail pending_off timer
         1703829837.909  1086  1254 D ASH     : @ 708.719: tcs3701: start power rail timer, state:3
         1703829837.950  1086  1254 I ASH     : @ 708.759: tcs3701: stop power rail pending_off timer
         1703829837.950  1086  1254 D ASH     : @ 708.759: tcs3701: start power rail timer, state:3
         1703829837.983  7557  7579 I dashscene: typography over 240 frames — tick 1.23 ms, draw mean 11.11 p50 10.29 p95 12.60 max 57.06 ms (81.0 fps if unpaced)
         1703829837.989  1086  1254 I ASH     : @ 708.799: tcs3701: stop power rail pending_off timer
         1703829837.990  1086  1254 D ASH     : @ 708.799: tcs3701: start power rail timer, state:3
         1703829838.030  1086  1254 I ASH     : @ 708.839: tcs3701: stop power rail pending_off timer
         1703829838.030  1086  1254 D ASH     : @ 708.839: tcs3701: start power rail timer, state:3
         1703829838.070  1086  1254 I ASH     : @ 708.879: tcs3701: stop power rail pending_off timer
         1703829838.070  1086  1254 D ASH     : @ 708.879: tcs3701: start power rail timer, state:3
         1703829838.109  1086  1254 I ASH     : @ 708.919: tcs3701: stop power rail pending_off timer
         1703829838.110  1086  1254 D ASH     : @ 708.919: tcs3701: start power rail timer, state:3
         1703829838.150  1086  1254 I ASH     : @ 708.959: tcs3701: stop power rail pending_off timer
         1703829838.150  1086  1254 D ASH     : @ 708.959: tcs3701: start power rail timer, state:3
         1703829838.190  1086  1254 I ASH     : @ 708.999: tcs3701: stop power rail pending_off timer
         1703829838.190  1086  1254 D ASH     : @ 708.999: tcs3701: start power rail timer, state:3
         1703829838.229  1086  1254 I ASH     : @ 709.039: tcs3701: stop power rail pending_off timer
         1703829838.230  1086  1254 D ASH     : @ 709.039: tcs3701: start power rail timer, state:3
         1703829838.239  7761  7761 I dashscene-cpu: 7557 (.dashscene.demo) S 1041 1041 0 0 -1 1077936448 9970 0 25 0 990 82 0 0 10 -10 18 0 67947 15650451456 41520 18446744073709551615 1 1 0 0 0 0 4612 1 1073775864 0 0 0 17 6 0 0 0 0 0 0 0 0 0 0 0 0 0
         1703829838.270  1086  1254 I ASH     : @ 709.079: tcs3701: stop power rail pending_off timer
         1703829838.270  1086  1254 D ASH     : @ 709.079: tcs3701: start power rail timer, state:3
         1703829838.311  1086  1254 I ASH     : @ 709.119: tcs3701: stop power rail pending_off timer
         1703829838.311  1086  1254 D ASH     : @ 709.119: tcs3701: start power rail timer, state:3
         1703829838.350  1086  1254 I ASH     : @ 709.159: tcs3701: stop power rail pending_off timer
         1703829838.350  1086  1254 D ASH     : @ 709.159: tcs3701: start power rail timer, state:3
         1703829838.389  1086  1254 I ASH     : @ 709.199: tcs3701: stop power rail pending_off timer
         1703829838.390  1086  1254 D ASH     : @ 709.199: tcs3701: start power rail timer, state:3
         1703829838.429  1086  1254 I ASH     : @ 709.239: tcs3701: stop power rail pending_off timer
         1703829838.430  1086  1254 D ASH     : @ 709.239: tcs3701: start power rail timer, state:3
         1703829838.470  1086  1254 I ASH     : @ 709.279: tcs3701: stop power rail pending_off timer
         1703829838.470  1086  1254 D ASH     : @ 709.279: tcs3701: start power rail timer, state:3
         1703829838.510  1086  1254 I ASH     : @ 709.319: tcs3701: stop power rail pending_off timer
         1703829838.510  1086  1254 D ASH     : @ 709.319: tcs3701: start power rail timer, state:3
         1703829838.550  1086  1254 I ASH     : @ 709.359: tcs3701: stop power rail pending_off timer
         1703829838.550  1086  1254 D ASH     : @ 709.359: tcs3701: start power rail timer, state:3
         1703829838.590  1086  1254 I ASH     : @ 709.399: tcs3701: stop power rail pending_off timer
         1703829838.590  1086  1254 D ASH     : @ 709.399: tcs3701: start power rail timer, state:3
         1703829838.630  1086  1254 I ASH     : @ 709.439: tcs3701: stop power rail pending_off timer
         1703829838.630  1086  1254 D ASH     : @ 709.439: tcs3701: start power rail timer, state:3
         1703829838.670  1086  1254 I ASH     : @ 709.479: tcs3701: stop power rail pending_off timer
         1703829838.670  1086  1254 D ASH     : @ 709.479: tcs3701: start power rail timer, state:3
         1703829838.711  1086  1254 I ASH     : @ 709.519: tcs3701: stop power rail pending_off timer
         1703829838.711  1086  1254 D ASH     : @ 709.519: tcs3701: start power rail timer, state:3
         1703829838.750  1086  1254 I ASH     : @ 709.559: tcs3701: stop power rail pending_off timer
         1703829838.750  1086  1254 D ASH     : @ 709.559: tcs3701: start power rail timer, state:3
         1703829838.772  7764  7764 I dashscene-cpu: 7557 (.dashscene.demo) S 1041 1041 0 0 -1 1077936448 9996 0 25 0 1004 83 0 0 10 -10 18 0 67947 15650451456 41520 18446744073709551615 1 1 0 0 0 0 4612 1 1073775864 0 0 0 17 6 0 0 0 0 0 0 0 0 0 0 0 0 0
         1703829838.789  1086  1254 I ASH     : @ 709.599: tcs3701: stop power rail pending_off timer
         1703829838.790  1086  1254 D ASH     : @ 709.599: tcs3701: start power rail timer, state:3
         1703829838.830  1086  1254 I ASH     : @ 709.639: tcs3701: stop power rail pending_off timer
         1703829838.830  1086  1254 D ASH     : @ 709.639: tcs3701: start power rail timer, state:3
         1703829838.871  1086  1254 I ASH     : @ 709.679: tcs3701: stop power rail pending_off timer
         1703829838.872  1086  1254 D ASH     : @ 709.679: tcs3701: start power rail timer, state:3
         1703829838.911  1086  1254 I ASH     : @ 709.719: tcs3701: stop power rail pending_off timer
         1703829838.912  1086  1254 D ASH     : @ 709.719: tcs3701: start power rail timer, state:3
         1703829838.951  1086  1254 I ASH     : @ 709.759: tcs3701: stop power rail pending_off timer
         1703829838.951  1086  1254 D ASH     : @ 709.759: tcs3701: start power rail timer, state:3
         1703829838.990  1086  1254 I ASH     : @ 709.799: tcs3701: stop power rail pending_off timer
         1703829838.990  1086  1254 D ASH     : @ 709.799: tcs3701: start power rail timer, state:3
         1703829839.031  1086  1254 I ASH     : @ 709.839: tcs3701: stop power rail pending_off timer
         1703829839.032  1086  1254 D ASH     : @ 709.839: tcs3701: start power rail timer, state:3
         1703829839.071  1086  1254 I ASH     : @ 709.879: tcs3701: stop power rail pending_off timer
         1703829839.071  1086  1254 D ASH     : @ 709.879: tcs3701: start power rail timer, state:3
         1703829839.112  1086  1254 I ASH     : @ 709.919: tcs3701: stop power rail pending_off timer
         1703829839.112  1086  1254 D ASH     : @ 709.919: tcs3701: start power rail timer, state:3
         1703829839.151  1086  1254 I ASH     : @ 709.959: tcs3701: stop power rail pending_off timer
         1703829839.151  1086  1254 D ASH     : @ 709.959: tcs3701: start power rail timer, state:3
         1703829839.190  1086  1254 I ASH     : @ 709.999: tcs3701: stop power rail pending_off timer
         1703829839.191  1086  1254 D ASH     : @ 709.999: tcs3701: start power rail timer, state:3
         1703829839.231  1086  1254 I ASH     : @ 710.039: tcs3701: stop power rail pending_off timer
         1703829839.232  1086  1254 D ASH     : @ 710.039: tcs3701: start power rail timer, state:3
         1703829839.271  1086  1254 I ASH     : @ 710.079: tcs3701: stop power rail pending_off timer
         1703829839.271  1086  1254 D ASH     : @ 710.079: tcs3701: start power rail timer, state:3
         1703829839.303  7767  7767 I dashscene-cpu: 7557 (.dashscene.demo) S 1041 1041 0 0 -1 1077936448 9996 0 25 0 1006 84 0 0 10 -10 18 0 67947 15650451456 41520 18446744073709551615 1 1 0 0 0 0 4612 1 1073775864 0 0 0 17 6 0 0 0 0 0 0 0 0 0 0 0 0 0
         1703829839.310  1086  1254 I ASH     : @ 710.119: tcs3701: stop power rail pending_off timer
         1703829839.310  1086  1254 D ASH     : @ 710.119: tcs3701: start power rail timer, state:3
         1703829839.350  1086  1254 I ASH     : @ 710.159: tcs3701: stop power rail pending_off timer
         1703829839.350  1086  1254 D ASH     : @ 710.159: tcs3701: start power rail timer, state:3
         1703829839.391  1086  1254 I ASH     : @ 710.199: tcs3701: stop power rail pending_off timer
         1703829839.391  1086  1254 D ASH     : @ 710.199: tcs3701: start power rail timer, state:3
         1703829839.431  1086  1254 I ASH     : @ 710.239: tcs3701: stop power rail pending_off timer
         1703829839.432  1086  1254 D ASH     : @ 710.239: tcs3701: start power rail timer, state:3
         1703829839.471  1086  1254 I ASH     : @ 710.279: tcs3701: stop power rail pending_off timer
         1703829839.471  1086  1254 D ASH     : @ 710.279: tcs3701: start power rail timer, state:3
         1703829839.510  1086  1254 I ASH     : @ 710.319: tcs3701: stop power rail pending_off timer
         1703829839.510  1086  1254 D ASH     : @ 710.319: tcs3701: start power rail timer, state:3
         1703829839.551  1086  1254 I ASH     : @ 710.359: tcs3701: stop power rail pending_off timer
         1703829839.551  1086  1254 D ASH     : @ 710.359: tcs3701: start power rail timer, state:3
         1703829839.591  1086  1254 I ASH     : @ 710.399: tcs3701: stop power rail pending_off timer
         1703829839.591  1086  1254 D ASH     : @ 710.399: tcs3701: start power rail timer, state:3
         1703829839.630  1086  1254 I ASH     : @ 710.439: tcs3701: stop power rail pending_off timer
         1703829839.630  1086  1254 D ASH     : @ 710.439: tcs3701: start power rail timer, state:3
         1703829839.670  1086  1254 I ASH     : @ 710.479: tcs3701: stop power rail pending_off timer
         1703829839.670  1086  1254 D ASH     : @ 710.479: tcs3701: start power rail timer, state:3
         1703829839.710  1086  1254 I ASH     : @ 710.519: tcs3701: stop power rail pending_off timer
         1703829839.710  1086  1254 D ASH     : @ 710.519: tcs3701: start power rail timer, state:3
         1703829839.749  1086  1254 I ASH     : @ 710.559: tcs3701: stop power rail pending_off timer
         1703829839.750  1086  1254 D ASH     : @ 710.559: tcs3701: start power rail timer, state:3
         1703829839.790  1086  1254 I ASH     : @ 710.599: tcs3701: stop power rail pending_off timer
         1703829839.790  1086  1254 D ASH     : @ 710.599: tcs3701: start power rail timer, state:3
         1703829839.830  1086  1254 I ASH     : @ 710.639: tcs3701: stop power rail pending_off timer
         1703829839.830  1086  1254 D ASH     : @ 710.639: tcs3701: start power rail timer, state:3
         1703829839.834  7770  7770 I dashscene-cpu: 7557 (.dashscene.demo) S 1041 1041 0 0 -1 1077936448 10010 0 25 0 1022 85 0 0 10 -10 18 0 67947 15650451456 41520 18446744073709551615 1 1 0 0 0 0 4612 1 1073775864 0 0 0 17 6 0 0 0 0 0 0 0 0 0 0 0 0 0
         1703829839.870  1086  1254 I ASH     : @ 710.679: tcs3701: stop power rail pending_off timer
         1703829839.870  1086  1254 D ASH     : @ 710.679: tcs3701: start power rail timer, state:3
         1703829839.909  1086  1254 I ASH     : @ 710.719: tcs3701: stop power rail pending_off timer
         1703829839.910  1086  1254 D ASH     : @ 710.719: tcs3701: start power rail timer, state:3
         1703829839.950  1086  1254 I ASH     : @ 710.759: tcs3701: stop power rail pending_off timer
         1703829839.950  1086  1254 D ASH     : @ 710.759: tcs3701: start power rail timer, state:3
         1703829839.990  1086  1254 I ASH     : @ 710.799: tcs3701: stop power rail pending_off timer
         1703829839.990  1086  1254 D ASH     : @ 710.799: tcs3701: start power rail timer, state:3
         1703829840.008  3591  3823 I AiAiEcho: Predicting[0]: 
         1703829840.009  3591  3823 I AiAiEcho: EchoTargets: 
         1703829840.009  3591  3823 I AiAiEcho: Filtered by AiAi flag check: 
         1703829840.009  3591  3823 I AiAiEcho: Ranked targets strategy: SORT, count: 0, ranking metadata: 
         1703829840.014  3591  3823 I AiAiEcho: #postPredictionTargets: Sending updates to UISurface lockscreen with targets# 0 (types=[])
         1703829840.030  1086  1254 I ASH     : @ 710.839: tcs3701: stop power rail pending_off timer
         1703829840.030  1086  1254 D ASH     : @ 710.839: tcs3701: start power rail timer, state:3
         1703829840.042  2565  2565 W PageIndicator: Total number of pages invalid: 0. Assuming 1 page.
         1703829840.070  1086  1254 I ASH     : @ 710.879: tcs3701: stop power rail pending_off timer
         1703829840.070  1086  1254 D ASH     : @ 710.879: tcs3701: start power rail timer, state:3
         1703829840.110  1086  1254 I ASH     : @ 710.919: tcs3701: stop power rail pending_off timer
         1703829840.110  1086  1254 D ASH     : @ 710.919: tcs3701: start power rail timer, state:3
         1703829840.150  1086  1254 I ASH     : @ 710.959: tcs3701: stop power rail pending_off timer
         1703829840.150  1086  1254 D ASH     : @ 710.959: tcs3701: start power rail timer, state:3
         1703829840.190  1086  1254 I ASH     : @ 710.999: tcs3701: stop power rail pending_off timer
         1703829840.190  1086  1254 D ASH     : @ 710.999: tcs3701: start power rail timer, state:3
         1703829840.230  1086  1254 I ASH     : @ 711.039: tcs3701: stop power rail pending_off timer
         1703829840.230  1086  1254 D ASH     : @ 711.039: tcs3701: start power rail timer, state:3
         1703829840.270  1086  1254 I ASH     : @ 711.079: tcs3701: stop power rail pending_off timer
         1703829840.270  1086  1254 D ASH     : @ 711.079: tcs3701: start power rail timer, state:3
         1703829840.310  1086  1254 I ASH     : @ 711.119: tcs3701: stop power rail pending_off timer
         1703829840.310  1086  1254 D ASH     : @ 711.119: tcs3701: start power rail timer, state:3
         1703829840.350  1086  1254 I ASH     : @ 711.159: tcs3701: stop power rail pending_off timer
         1703829840.350  1086  1254 D ASH     : @ 711.159: tcs3701: start power rail timer, state:3
         1703829840.361  7773  7773 I dashscene-cpu: 7557 (.dashscene.demo) S 1041 1041 0 0 -1 1077936448 10072 0 25 0 1057 87 0 0 10 -10 18 0 67947 15650451456 41520 18446744073709551615 1 1 0 0 0 0 4612 1 1073775864 0 0 0 17 6 0 0 0 0 0 0 0 0 0 0 0 0 0
         1703829840.390  1086  1254 I ASH     : @ 711.199: tcs3701: stop power rail pending_off timer
         1703829840.390  1086  1254 D ASH     : @ 711.199: tcs3701: start power rail timer, state:3
         1703829840.429  1086  1254 I ASH     : @ 711.239: tcs3701: stop power rail pending_off timer
         1703829840.430  1086  1254 D ASH     : @ 711.239: tcs3701: start power rail timer, state:3
         1703829840.470  1086  1254 I ASH     : @ 711.279: tcs3701: stop power rail pending_off timer
         1703829840.470  1086  1254 D ASH     : @ 711.279: tcs3701: start power rail timer, state:3
         1703829840.509  1086  1254 I ASH     : @ 711.319: tcs3701: stop power rail pending_off timer
         1703829840.509  1086  1254 D ASH     : @ 711.319: tcs3701: start power rail timer, state:3
         1703829840.550  1086  1254 I ASH     : @ 711.359: tcs3701: stop power rail pending_off timer
         1703829840.550  1086  1254 D ASH     : @ 711.359: tcs3701: start power rail timer, state:3
         1703829840.590  1086  1254 I ASH     : @ 711.399: tcs3701: stop power rail pending_off timer
         1703829840.590  1086  1254 D ASH     : @ 711.399: tcs3701: start power rail timer, state:3
         1703829840.630  1086  1254 I ASH     : @ 711.439: tcs3701: stop power rail pending_off timer
         1703829840.630  1086  1254 D ASH     : @ 711.439: tcs3701: start power rail timer, state:3
         1703829840.670  1086  1254 I ASH     : @ 711.479: tcs3701: stop power rail pending_off timer
         1703829840.670  1086  1254 D ASH     : @ 711.479: tcs3701: start power rail timer, state:3
         1703829840.709  1086  1254 I ASH     : @ 711.519: tcs3701: stop power rail pending_off timer
         1703829840.709  1086  1254 D ASH     : @ 711.519: tcs3701: start power rail timer, state:3
         1703829840.750  1086  1254 I ASH     : @ 711.559: tcs3701: stop power rail pending_off timer
         1703829840.750  1086  1254 D ASH     : @ 711.559: tcs3701: start power rail timer, state:3
         1703829840.789  1086  1254 I ASH     : @ 711.599: tcs3701: stop power rail pending_off timer
         1703829840.790  1086  1254 D ASH     : @ 711.599: tcs3701: start power rail timer, state:3
         1703829840.829  1086  1254 I ASH     : @ 711.639: tcs3701: stop power rail pending_off timer
         1703829840.829  1086  1254 D ASH     : @ 711.639: tcs3701: start power rail timer, state:3
         1703829840.869  1086  1254 I ASH     : @ 711.679: tcs3701: stop power rail pending_off timer
         1703829840.870  1086  1254 D ASH     : @ 711.679: tcs3701: start power rail timer, state:3
         1703829840.899  7776  7776 I dashscene-cpu: 7557 (.dashscene.demo) S 1041 1041 0 0 -1 1077936448 10134 0 25 0 1091 89 0 0 10 -10 18 0 67947 15650451456 41520 18446744073709551615 1 1 0 0 0 0 4612 1 1073775864 0 0 0 17 6 0 0 0 0 0 0 0 0 0 0 0 0 0
         1703829840.909  1086  1254 I ASH     : @ 711.719: tcs3701: stop power rail pending_off timer
         1703829840.909  1086  1254 D ASH     : @ 711.719: tcs3701: start power rail timer, state:3
         1703829840.950  1086  1254 I ASH     : @ 711.759: tcs3701: stop power rail pending_off timer
         1703829840.950  1086  1254 D ASH     : @ 711.759: tcs3701: start power rail timer, state:3
         1703829840.990  1086  1254 I ASH     : @ 711.799: tcs3701: stop power rail pending_off timer
         1703829840.990  1086  1254 D ASH     : @ 711.799: tcs3701: start power rail timer, state:3
         1703829841.030  1086  1254 I ASH     : @ 711.839: tcs3701: stop power rail pending_off timer
         1703829841.030  1086  1254 D ASH     : @ 711.839: tcs3701: start power rail timer, state:3
         1703829841.071  1086  1254 I ASH     : @ 711.879: tcs3701: stop power rail pending_off timer
         1703829841.071  1086  1254 D ASH     : @ 711.879: tcs3701: start power rail timer, state:3
         1703829841.110  1086  1254 I ASH     : @ 711.919: tcs3701: stop power rail pending_off timer
         1703829841.110  1086  1254 D ASH     : @ 711.919: tcs3701: start power rail timer, state:3
         1703829841.151  1086  1254 I ASH     : @ 711.959: tcs3701: stop power rail pending_off timer
         1703829841.151  1086  1254 D ASH     : @ 711.959: tcs3701: start power rail timer, state:3
         1703829841.191  1086  1254 I ASH     : @ 711.999: tcs3701: stop power rail pending_off timer
         1703829841.191  1086  1254 D ASH     : @ 711.999: tcs3701: start power rail timer, state:3
         1703829841.231  1086  1254 I ASH     : @ 712.039: tcs3701: stop power rail pending_off timer
         1703829841.231  1086  1254 D ASH     : @ 712.039: tcs3701: start power rail timer, state:3
         1703829841.271  1086  1254 I ASH     : @ 712.079: tcs3701: stop power rail pending_off timer
         1703829841.271  1086  1254 D ASH     : @ 712.079: tcs3701: start power rail timer, state:3
         1703829841.310  1086  1254 I ASH     : @ 712.119: tcs3701: stop power rail pending_off timer
         1703829841.310  1086  1254 D ASH     : @ 712.119: tcs3701: start power rail timer, state:3
         1703829841.326  7557  7579 I dashscene: 1680 frames over 1680 vsyncs
         1703829841.351  1086  1254 I ASH     : @ 712.159: tcs3701: stop power rail pending_off timer
         1703829841.351  1086  1254 D ASH     : @ 712.159: tcs3701: start power rail timer, state:3
         1703829841.391  1086  1254 I ASH     : @ 712.199: tcs3701: stop power rail pending_off timer
         1703829841.391  1086  1254 D ASH     : @ 712.199: tcs3701: start power rail timer, state:3
         1703829841.428  7779  7779 I dashscene-cpu: 7557 (.dashscene.demo) S 1041 1041 0 0 -1 1077936448 10138 0 25 0 1094 90 0 0 10 -10 18 0 67947 15650451456 41520 18446744073709551615 1 1 0 0 0 0 4612 1 1073775864 0 0 0 17 6 0 0 0 0 0 0 0 0 0 0 0 0 0
         1703829841.430  1086  1254 I ASH     : @ 712.239: tcs3701: stop power rail pending_off timer
         1703829841.430  1086  1254 D ASH     : @ 712.239: tcs3701: start power rail timer, state:3
         1703829841.470  1086  1254 I ASH     : @ 712.279: tcs3701: stop power rail pending_off timer
         1703829841.470  1086  1254 D ASH     : @ 712.279: tcs3701: start power rail timer, state:3
         1703829841.510  1086  1254 I ASH     : @ 712.319: tcs3701: stop power rail pending_off timer
         1703829841.510  1086  1254 D ASH     : @ 712.319: tcs3701: start power rail timer, state:3
         1703829841.551  1086  1254 I ASH     : @ 712.359: tcs3701: stop power rail pending_off timer
         1703829841.552  1086  1254 D ASH     : @ 712.359: tcs3701: start power rail timer, state:3
         1703829841.591  1086  1254 I ASH     : @ 712.399: tcs3701: stop power rail pending_off timer
         1703829841.591  1086  1254 D ASH     : @ 712.399: tcs3701: start power rail timer, state:3
         1703829841.631  1086  1254 I ASH     : @ 712.439: tcs3701: stop power rail pending_off timer
         1703829841.632  1086  1254 D ASH     : @ 712.439: tcs3701: start power rail timer, state:3
         1703829841.670  1086  1254 I ASH     : @ 712.479: tcs3701: stop power rail pending_off timer
         1703829841.670  1086  1254 D ASH     : @ 712.479: tcs3701: start power rail timer, state:3
         1703829841.710  1086  1254 I ASH     : @ 712.519: tcs3701: stop power rail pending_off timer
         1703829841.710  1086  1254 D ASH     : @ 712.519: tcs3701: start power rail timer, state:3
         1703829841.751  1086  1254 I ASH     : @ 712.559: tcs3701: stop power rail pending_off timer
         1703829841.752  1086  1254 D ASH     : @ 712.559: tcs3701: start power rail timer, state:3
         1703829841.791  1086  1254 I ASH     : @ 712.599: tcs3701: stop power rail pending_off timer
         1703829841.791  1086  1254 D ASH     : @ 712.599: tcs3701: start power rail timer, state:3
         1703829841.831  1086  1254 I ASH     : @ 712.639: tcs3701: stop power rail pending_off timer
         1703829841.831  1086  1254 D ASH     : @ 712.639: tcs3701: start power rail timer, state:3
         1703829841.871  1086  1254 I ASH     : @ 712.679: tcs3701: stop power rail pending_off timer
         1703829841.871  1086  1254 D ASH     : @ 712.679: tcs3701: start power rail timer, state:3
         1703829841.910  1086  1254 I ASH     : @ 712.719: tcs3701: stop power rail pending_off timer
         1703829841.910  1086  1254 D ASH     : @ 712.719: tcs3701: start power rail timer, state:3
         1703829841.951  1086  1254 I ASH     : @ 712.759: tcs3701: stop power rail pending_off timer
         1703829841.951  1086  1254 D ASH     : @ 712.759: tcs3701: start power rail timer, state:3
         1703829841.958  7782  7782 I dashscene-cpu: 7557 (.dashscene.demo) S 1041 1041 0 0 -1 1077936448 10138 0 25 0 1095 92 0 0 10 -10 18 0 67947 15650451456 41520 18446744073709551615 1 1 0 0 0 0 4612 1 1073775864 0 0 0 17 6 0 0 0 0 0 0 0 0 0 0 0 0 0
         1703829841.990  1086  1254 I ASH     : @ 712.799: tcs3701: stop power rail pending_off timer
         1703829841.990  1086  1254 D ASH     : @ 712.799: tcs3701: start power rail timer, state:3
         1703829842.029  1086  1254 I ASH     : @ 712.839: tcs3701: stop power rail pending_off timer
         1703829842.030  1086  1254 D ASH     : @ 712.839: tcs3701: start power rail timer, state:3
         1703829842.070  1086  1254 I ASH     : @ 712.879: tcs3701: stop power rail pending_off timer
         1703829842.071  1086  1254 D ASH     : @ 712.879: tcs3701: start power rail timer, state:3
