--------- beginning of main
01-09 11:35:41.105  1086  1254 I ASH     : @ 967411.907: tcs3701: stop power rail pending_off timer
01-09 11:35:41.105  1086  1254 D ASH     : @ 967411.907: tcs3701: start power rail timer, state:3
01-09 11:35:41.145  1086  1254 I ASH     : @ 967411.947: tcs3701: stop power rail pending_off timer
01-09 11:35:41.145  1086  1254 D ASH     : @ 967411.947: tcs3701: start power rail timer, state:3
01-09 11:35:41.185  1086  1254 I ASH     : @ 967411.987: tcs3701: stop power rail pending_off timer
01-09 11:35:41.185  1086  1254 D ASH     : @ 967411.987: tcs3701: start power rail timer, state:3
--------- beginning of system
01-09 11:35:41.213  1785  4032 D CompatibilityChangeReporter: Compat change id reported: 161252188; UID 10273; state: DISABLED
01-09 11:35:41.214  1785  4032 W ActivityTaskManager: callingPackage for (uid=2000, pid=26469) has no WPC
01-09 11:35:41.216  1785  4032 D CompatibilityChangeReporter: Compat change id reported: 265464455; UID 10273; state: DISABLED
01-09 11:35:41.216  1785  4032 D CompatibilityChangeReporter: Compat change id reported: 265452344; UID 10273; state: DISABLED
01-09 11:35:41.216  1785  4032 D CompatibilityChangeReporter: Compat change id reported: 266124927; UID 10273; state: DISABLED
01-09 11:35:41.217  1785  4032 D CompatibilityChangeReporter: Compat change id reported: 265451093; UID 10273; state: DISABLED
01-09 11:35:41.217  1785  4032 D CompatibilityChangeReporter: Compat change id reported: 265456536; UID 10273; state: DISABLED
01-09 11:35:41.217  1785  4032 D CompatibilityChangeReporter: Compat change id reported: 255940284; UID 10273; state: DISABLED
01-09 11:35:41.217  1785  4032 D CompatibilityChangeReporter: Compat change id reported: 236283604; UID 10273; state: DISABLED
01-09 11:35:41.218  1785  4032 D CompatibilityChangeReporter: Compat change id reported: 263959004; UID 10273; state: DISABLED
01-09 11:35:41.218  1785  4032 D CompatibilityChangeReporter: Compat change id reported: 264304459; UID 10273; state: DISABLED
01-09 11:35:41.218  1785  4032 D CompatibilityChangeReporter: Compat change id reported: 264301586; UID 10273; state: DISABLED
01-09 11:35:41.219  1785  4032 D CompatibilityChangeReporter: Compat change id reported: 254631730; UID 10273; state: DISABLED
01-09 11:35:41.219  1785  4032 D CompatibilityChangeReporter: Compat change id reported: 273509367; UID 10273; state: DISABLED
01-09 11:35:41.219  1785  4032 D CompatibilityChangeReporter: Compat change id reported: 263259275; UID 10273; state: DISABLED
01-09 11:35:41.219  1785  4032 D CompatibilityChangeReporter: Compat change id reported: 174042980; UID 10273; state: DISABLED
01-09 11:35:41.219  1785  4032 D CompatibilityChangeReporter: Compat change id reported: 174042936; UID 10273; state: DISABLED
01-09 11:35:41.220  1785  4032 D CompatibilityChangeReporter: Compat change id reported: 181136395; UID 10273; state: DISABLED
01-09 11:35:41.221  1785  4032 D CompatibilityChangeReporter: Compat change id reported: 194480991; UID 10273; state: ENABLED
01-09 11:35:41.223  1785  4032 D CompatibilityChangeReporter: Compat change id reported: 197654537; UID 10273; state: ENABLED
01-09 11:35:41.224  1086  1254 I ASH     : @ 967412.027: tcs3701: stop power rail pending_off timer
01-09 11:35:41.224  1086  1254 D ASH     : @ 967412.027: tcs3701: start power rail timer, state:3
01-09 11:35:41.229  1785  4032 D CompatibilityChangeReporter: Compat change id reported: 205907456; UID 10273; state: ENABLED
01-09 11:35:41.231  1785  4032 I ActivityTaskManager: START u0 {flg=0x10000000 cmp=com.driftsys.dashscene.showcase/com.unity3d.player.UnityPlayerActivity} with LAUNCH_SINGLE_TASK from uid 2000 (BAL_ALLOW_PERMISSION) result code=0
01-09 11:35:41.232  2565  2589 V WindowManagerShell: Transition requested: android.os.BinderProxy@910f2b5 TransitionRequestInfo { type = OPEN, triggerTask = TaskInfo{userId=0 taskId=86 displayId=0 isRunning=true baseIntent=Intent { flg=0x10000000 cmp=com.driftsys.dashscene.showcase/com.unity3d.player.UnityPlayerActivity } baseActivity=ComponentInfo{com.driftsys.dashscene.showcase/com.unity3d.player.UnityPlayerActivity} topActivity=ComponentInfo{com.driftsys.dashscene.showcase/com.unity3d.player.UnityPlayerActivity} origActivity=null realActivity=ComponentInfo{com.driftsys.dashscene.showcase/com.unity3d.player.UnityPlayerActivity} numActivities=1 lastActiveTime=967409177 supportsMultiWindow=true resizeMode=2 isResizeable=true minWidth=400 minHeight=300 defaultMinSize=220 token=WCT{android.window.IWindowContainerToken$Stub$Proxy@328ad4a} topActivityType=1 pictureInPictureParams=null shouldDockBigOverlays=false launchIntoPipHostTaskId=-1 lastParentTaskIdBeforePip=-1 displayCutoutSafeInsets=Rect(0, 136 - 0, 0) topActivityInfo=ActivityInfo{e5a84bb com.unity3d.player.UnityPlayerActivity} launchCookies=[] positionInParent=Point(0, 0) parentTaskId=-1 isFocused=false isVisible=false isVisibleRequested=false isSleeping=false topActivityInSizeCompat=false topActivityEligibleForLetterboxEducation= false topActivityLetterboxed= false isFromDoubleTap= false topActivityLetterboxVerticalPosition= -1 topActivityLetterboxHorizontalPosition= -1 topActivityLetterboxWidth=-1 topActivityLetterboxHeight=-1 locusId=null displayAreaFeatureId=1 cameraCompatControlState=hidden}, remoteTransition = null, displayChange = null }
01-09 11:35:41.234  2565  2602 W Parcel  : Expecting binder but got null!
01-09 11:35:41.240  1785  2761 D CompatibilityChangeReporter: Compat change id reported: 168419799; UID 10273; state: DISABLED
01-09 11:35:41.240  1785  2761 D CompatibilityChangeReporter: Compat change id reported: 273564678; UID 10273; state: DISABLED
01-09 11:35:41.242  1785  2098 D CompatibilityChangeReporter: Compat change id reported: 135634846; UID 10273; state: DISABLED
01-09 11:35:41.242  1785  2098 D CompatibilityChangeReporter: Compat change id reported: 177438394; UID 10273; state: DISABLED
01-09 11:35:41.242  1785  2098 D CompatibilityChangeReporter: Compat change id reported: 135772972; UID 10273; state: DISABLED
01-09 11:35:41.242  1785  2098 D CompatibilityChangeReporter: Compat change id reported: 135754954; UID 10273; state: ENABLED
01-09 11:35:41.242  1785  2125 D CompatibilityChangeReporter: Compat change id reported: 143937733; UID 10273; state: ENABLED
01-09 11:35:41.244  1785  2380 D CompatibilityChangeReporter: Compat change id reported: 265195908; UID 10273; state: ENABLED
01-09 11:35:41.247  1041  1041 D Zygote  : Forked child process 26472
01-09 11:35:41.247  1785  2125 I ActivityManager: Start proc 26472:com.driftsys.dashscene.showcase/u0a273 for next-top-activity {com.driftsys.dashscene.showcase/com.unity3d.player.UnityPlayerActivity}
01-09 11:35:41.251  2565  2599 E OpenGLRenderer: Unable to match the desired swap behavior.
01-09 11:35:41.256  1785  2095 V WindowManager: Sent Transition #141 createdAt=01-09 11:35:41.222 via request=TransitionRequestInfo { type = OPEN, triggerTask = TaskInfo{userId=0 taskId=86 displayId=0 isRunning=true baseIntent=Intent { flg=0x10000000 cmp=com.driftsys.dashscene.showcase/com.unity3d.player.UnityPlayerActivity } baseActivity=ComponentInfo{com.driftsys.dashscene.showcase/com.unity3d.player.UnityPlayerActivity} topActivity=ComponentInfo{com.driftsys.dashscene.showcase/com.unity3d.player.UnityPlayerActivity} origActivity=null realActivity=ComponentInfo{com.driftsys.dashscene.showcase/com.unity3d.player.UnityPlayerActivity} numActivities=1 lastActiveTime=967409177 supportsMultiWindow=true resizeMode=2 isResizeable=true minWidth=400 minHeight=300 defaultMinSize=220 token=WCT{RemoteToken{30f9b6a Task{d396647 #86 type=standard A=10273:com.driftsys.dashscene.showcase}}} topActivityType=1 pictureInPictureParams=null shouldDockBigOverlays=false launchIntoPipHostTaskId=-1 lastParentTaskIdBeforePip=-1 displayCutoutSafeInsets=Rect(0, 136 - 0, 0) topActivityInfo=ActivityInfo{cfba85b com.unity3d.player.UnityPlayerActivity} launchCookies=[] positionInParent=Point(0, 0) parentTaskId=-1 isFocused=false isVisible=false isVisibleRequested=false isSleeping=false topActivityInSizeCompat=false topActivityEligibleForLetterboxEducation= false topActivityLetterboxed= false isFromDoubleTap= false topActivityLetterboxVerticalPosition= -1 topActivityLetterboxHorizontalPosition= -1 topActivityLetterboxWidth=-1 topActivityLetterboxHeight=-1 locusId=null displayAreaFeatureId=1 cameraCompatControlState=hidden}, remoteTransition = null, displayChange = null }
01-09 11:35:41.256  1785  2095 V WindowManager:     startWCT=WindowContainerTransaction { changes = {} hops = [] errorCallbackToken=null taskFragmentOrganizer=null }
01-09 11:35:41.256  1785  2095 V WindowManager:     info={id=141 t=OPEN f=0x0 trk=0 r=[0@Point(0, 0)] c=[{WCT{RemoteToken{30f9b6a Task{d396647 #86 type=standard A=10273:com.driftsys.dashscene.showcase}}} m=OPEN f=NONE leash=Surface(name=Task=86)/@0x6a8675e sb=Rect(0, 0 - 1080, 2340) eb=Rect(0, 0 - 1080, 2340) d=0},{WCT{RemoteToken{b323a89 Task{bfe9da4 #1 type=home}}} m=TO_BACK f=SHOW_WALLPAPER leash=Surface(name=Task=1)/@0xbe01ecc sb=Rect(0, 0 - 1080, 2340) eb=Rect(0, 0 - 1080, 2340) d=0}]}
01-09 11:35:41.256  2565  2589 V WindowManagerShell: onTransitionReady android.os.BinderProxy@910f2b5: {id=141 t=OPEN f=0x0 trk=0 r=[0@Point(0, 0)] c=[{WCT{android.window.IWindowContainerToken$Stub$Proxy@ab1cfee} m=OPEN f=NONE leash=Surface(name=Task=86)/@0xad6d033 sb=Rect(0, 0 - 1080, 2340) eb=Rect(0, 0 - 1080, 2340) d=0},{WCT{android.window.IWindowContainerToken$Stub$Proxy@b243c8f} m=TO_BACK f=SHOW_WALLPAPER leash=Surface(name=Task=1)/@0xb585ff0 sb=Rect(0, 0 - 1080, 2340) eb=Rect(0, 0 - 1080, 2340) d=0}]}
01-09 11:35:41.256  2565  2589 V WindowManagerShell: Playing animation for (#141)android.os.BinderProxy@910f2b5@0
01-09 11:35:41.256  2565  2589 V WindowManagerShell:  try handler com.android.wm.shell.transition.DefaultMixedHandler@83c3803
01-09 11:35:41.257  2565  2589 V WindowManagerShell:  try handler com.android.wm.shell.keyguard.KeyguardTransitionHandler@6f380
01-09 11:35:41.257  2565  2589 V WindowManagerShell:  try handler com.android.wm.shell.activityembedding.ActivityEmbeddingController@626ddb9
01-09 11:35:41.257  2565  2589 V WindowManagerShell:  try handler com.android.wm.shell.recents.RecentsTransitionHandler@c30f5fe
01-09 11:35:41.257  2565  2589 V ShellRecents: RecentsTransitionHandler.startAnimation: no controller found
01-09 11:35:41.257  2565  2589 V WindowManagerShell:  try handler com.android.wm.shell.pip.PipTransition@c40515f
01-09 11:35:41.257  2565  2589 V WindowManagerShell:  try handler com.android.wm.shell.splitscreen.StageCoordinator@ea7c7ac
01-09 11:35:41.257  2565  2589 V WindowManagerShell:  try handler com.android.wm.shell.transition.RemoteTransitionHandler@74e9c75
01-09 11:35:41.257  2565  2589 V WindowManagerShell: Transition doesn't have explicit remote, search filters for match for {id=141 t=OPEN f=0x0 trk=0 r=[0@Point(0, 0)] c=[{WCT{android.window.IWindowContainerToken$Stub$Proxy@ab1cfee} m=OPEN f=NONE leash=Surface(name=Task=86)/@0xad6d033 sb=Rect(0, 0 - 1080, 2340) eb=Rect(0, 0 - 1080, 2340) d=0},{WCT{android.window.IWindowContainerToken$Stub$Proxy@b243c8f} m=TO_BACK f=SHOW_WALLPAPER leash=Surface(name=Task=1)/@0xb585ff0 sb=Rect(0, 0 - 1080, 2340) eb=Rect(0, 0 - 1080, 2340) d=0}]}
01-09 11:35:41.257  2565  2589 V WindowManagerShell:  Checking filter Pair{{types=[] flags=0x0] notFlags=0x0 checks=[{atype=dream independent=true modes=[OPEN,TO_FRONT] flags=NONE mustBeTask=false order=ANY topActivity=null},{atype=home independent=true modes=[CLOSE,TO_BACK] flags=NONE mustBeTask=false order=ANY topActivity=null}]} RemoteTransition { remoteTransition = android.window.IRemoteTransition$Stub$Proxy@7a2740a, appThread = android.app.IApplicationThread$Stub$Proxy@942a47b, debugName = LauncherToDream }}
01-09 11:35:41.257  2565  2589 V WindowManagerShell:  Checking filter Pair{{types=[] flags=0x0] notFlags=0x100 checks=[{atype=home independent=true modes=[OPEN,TO_FRONT] flags=NONE mustBeTask=false order=TOP topActivity=ComponentInfo{com.google.android.apps.nexuslauncher/com.google.android.apps.nexuslauncher.NexusLauncherActivity}},{atype=standard independent=true modes=[CLOSE,TO_BACK] flags=NONE mustBeTask=false order=ANY topActivity=null}]} RemoteTransition { remoteTransition = android.window.IRemoteTransition$Stub$Proxy@19fb298, appThread = android.app.IApplicationThread$Stub$Proxy@2f98af1, debugName = QuickstepLaunchHome }}
01-09 11:35:41.257  2565  2589 V WindowManagerShell:  Delegate animation for #141 to null
01-09 11:35:41.257  2565  2589 V WindowManagerShell:  try handler com.android.wm.shell.transition.DefaultTransitionHandler@3fbc6d6
01-09 11:35:41.257  2565  2589 V WindowManagerShell: start default transition animation, info = {id=141 t=OPEN f=0x0 trk=0 r=[0@Point(0, 0)] c=[{WCT{android.window.IWindowContainerToken$Stub$Proxy@ab1cfee} m=OPEN f=NONE leash=Surface(name=Task=86)/@0xad6d033 sb=Rect(0, 0 - 1080, 2340) eb=Rect(0, 0 - 1080, 2340) d=0},{WCT{android.window.IWindowContainerToken$Stub$Proxy@b243c8f} m=TO_BACK f=SHOW_WALLPAPER leash=Surface(name=Task=1)/@0xb585ff0 sb=Rect(0, 0 - 1080, 2340) eb=Rect(0, 0 - 1080, 2340) d=0}]}
01-09 11:35:41.257  2565  2589 V WindowManagerShell: loadAnimation: anim=android.view.animation.AnimationSet@2a4f325 animAttr=0x13 type=OPEN isEntrance=false
01-09 11:35:41.257  2565  2589 V WindowManagerShell: loadAnimation: anim=android.view.animation.AnimationSet@d69ca1 animAttr=0x12 type=OPEN isEntrance=true
01-09 11:35:41.258  2565  2589 V WindowManagerShell:  animated by com.android.wm.shell.transition.DefaultTransitionHandler@3fbc6d6
01-09 11:35:41.262 26472 26472 I hscene.showcase: Using CollectorTypeCC GC.
01-09 11:35:41.264  1086  1254 I ASH     : @ 967412.067: tcs3701: stop power rail pending_off timer
01-09 11:35:41.265  1086  1254 D ASH     : @ 967412.067: tcs3701: start power rail timer, state:3
01-09 11:35:41.265 26472 26472 E hscene.showcase: Not starting debugger since process cannot load the jdwp agent.
01-09 11:35:41.274 26472 26472 D CompatibilityChangeReporter: Compat change id reported: 171979766; UID 10273; state: ENABLED
01-09 11:35:41.274 26472 26472 D CompatibilityChangeReporter: Compat change id reported: 242716250; UID 10273; state: ENABLED
01-09 11:35:41.275  1785  2096 V GameManagerService: Game power mode ON (process state was changed to foreground)
01-09 11:35:41.275  1785  2761 D CompatibilityChangeReporter: Compat change id reported: 170503758; UID 10273; state: ENABLED
01-09 11:35:41.278 26472 26472 D nativeloader: Configuring clns-4 for other apk /data/app/~~oEU8viRz7TkF5ixV7iY-uA==/com.driftsys.dashscene.showcase-pX_QHPMS2-fHUMbXXhEXwA==/base.apk. target_sdk_version=36, uses_libraries=, library_path=/data/app/~~oEU8viRz7TkF5ixV7iY-uA==/com.driftsys.dashscene.showcase-pX_QHPMS2-fHUMbXXhEXwA==/lib/arm64:/data/app/~~oEU8viRz7TkF5ixV7iY-uA==/com.driftsys.dashscene.showcase-pX_QHPMS2-fHUMbXXhEXwA==/base.apk!/lib/arm64-v8a, permitted_path=/data:/mnt/expand:/data/user/0/com.driftsys.dashscene.showcase
01-09 11:35:41.282 26472 26472 V GraphicsEnvironment: Currently set values for:
01-09 11:35:41.282 26472 26472 V GraphicsEnvironment:   angle_gl_driver_selection_pkgs=[]
01-09 11:35:41.282 26472 26472 V GraphicsEnvironment:   angle_gl_driver_selection_values=[]
01-09 11:35:41.283 26472 26472 V GraphicsEnvironment: ANGLE GameManagerService for com.driftsys.dashscene.showcase: false
01-09 11:35:41.283 26472 26472 V GraphicsEnvironment: com.driftsys.dashscene.showcase is not listed in per-application setting
01-09 11:35:41.283 26472 26472 V GraphicsEnvironment: Updatable production driver is not supported on the device.
01-09 11:35:41.285  1785  6972 I ActivityManager: Flag disabled. Ignoring finishAttachApplication from uid: 10273. pid: 26472
01-09 11:35:41.304  1086  1254 I ASH     : @ 967412.107: tcs3701: stop power rail pending_off timer
01-09 11:35:41.305  1086  1254 D ASH     : @ 967412.107: tcs3701: start power rail timer, state:3
01-09 11:35:41.308 26472 26472 I IL2CPP  : JNI_OnLoad
01-09 11:35:41.308 26472 26472 V Unity   : Context Type: ActivityOrService
01-09 11:35:41.317 26472 26472 D CompatibilityChangeReporter: Compat change id reported: 237531167; UID 10273; state: DISABLED
01-09 11:35:41.318  1785  2761 W WindowManager: Failed looking up window session=Session{ab35e4b 26472:u0a10273} callers=com.android.server.wm.WindowManagerService.windowForClientLocked:6034 com.android.server.wm.Session.updateRequestedVisibleTypes:690 android.view.IWindowSession$Stub.onTransact:1034 
01-09 11:35:41.329  1785  6972 D CoreBackPreview: Window{f9ce141 u0 com.driftsys.dashscene.showcase/com.unity3d.player.UnityPlayerActivity}: Setting back callback OnBackInvokedCallbackInfo{mCallback=android.window.IOnBackInvokedCallback$Stub$Proxy@31826d4, mPriority=-1, mIsAnimationCallback=false}
01-09 11:35:41.329  1785  6972 D CoreBackPreview: Window{f9ce141 u0 com.driftsys.dashscene.showcase/com.unity3d.player.UnityPlayerActivity}: Setting back callback OnBackInvokedCallbackInfo{mCallback=android.window.IOnBackInvokedCallback$Stub$Proxy@915507d, mPriority=1, mIsAnimationCallback=false}
01-09 11:35:41.338   665   705 I BpBinder: onLastStrongRef automatically unlinking death recipients: 
01-09 11:35:41.344 26472 26490 I Unity   : MemoryManager: Using 'Dynamic Heap' Allocator.
01-09 11:35:41.344  1086  1254 I ASH     : @ 967412.147: tcs3701: stop power rail pending_off timer
01-09 11:35:41.345  1086  1254 D ASH     : @ 967412.147: tcs3701: start power rail timer, state:3
01-09 11:35:41.350 26472 26472 W AdrenoUtils: <ReadGpuID_from_sysfs:197>: Failed to open /sys/class/kgsl/kgsl-3d0/gpu_model
01-09 11:35:41.350 26472 26472 W AdrenoUtils: <ReadGpuID:221>: Failed to read chip ID from gpu_model. Fallback to use the GSL path
01-09 11:35:41.363 26472 26490 I Unity   : SystemInfo CPU = ARM64 FP ASIMD AES, Cores = 8, Memory = 7461mb
01-09 11:35:41.363 26472 26490 I Unity   : SystemInfo ARM big.LITTLE configuration: 2 big (mask: 0xc0), 6 little (mask: 0x3f)
01-09 11:35:41.364 26472 26490 I Unity   : ApplicationInfo 'com.driftsys.dashscene.showcase', Version '1.0', Min API Level '33', Target API Level '36'
01-09 11:35:41.364 26472 26490 I Unity   : Built from '6000.3/staging' branch, Version '6000.3.23f1 (09d2ecc7fb28)', Build type 'Release', Scripting Backend 'il2cpp', CPU 'arm64-v8a', Stripping 'Enabled'
01-09 11:35:41.364 26472 26490 I Unity   : Device Model 'Google Pixel 5', OS 'Android OS 14 (API 34)'
01-09 11:35:41.370  1785  2095 I ActivityTaskManager: Displayed com.driftsys.dashscene.showcase/com.unity3d.player.UnityPlayerActivity for user 0: +153ms
01-09 11:35:41.384  1086  1254 I ASH     : @ 967412.187: tcs3701: stop power rail pending_off timer
01-09 11:35:41.385  1086  1254 D ASH     : @ 967412.187: tcs3701: start power rail timer, state:3
01-09 11:35:41.396   665   665 I BpBinder: onLastStrongRef automatically unlinking death recipients: 
01-09 11:35:41.402  1785  6972 D CompatibilityChangeReporter: Compat change id reported: 214016041; UID 10273; state: ENABLED
01-09 11:35:41.402  1785  6972 I ImeTracker: com.driftsys.dashscene.showcase:51d70395: onRequestHide at ORIGIN_SERVER_HIDE_INPUT reason HIDE_UNSPECIFIED_WINDOW
01-09 11:35:41.402  1785  6972 I ImeTracker: com.driftsys.dashscene.showcase:51d70395: onCancelled at PHASE_SERVER_SHOULD_HIDE
01-09 11:35:41.405  3450  3450 I GoogleInputMethodService: GoogleInputMethodService.onFinishInput():3227 
01-09 11:35:41.406  3450  3450 I GoogleInputMethodService: GoogleInputMethodService.updateDeviceLockedStatus():2087 repeatCheckTimes = 0, unlocked = true
01-09 11:35:41.406  3450  3450 I GoogleInputMethodService: GoogleInputMethodService.onStartInput():1877 onStartInput(EditorInfo{inputType=0x0(NULL) imeOptions=0x0 privateImeOptions=null actionName=UNSPECIFIED actionLabel=null actionId=0 initialSelStart=-1 initialSelEnd=-1 initialCapsMode=0x0 hintText=null label=null packageName=com.driftsys.dashscene.showcase fieldId=0 fieldName=null extras=null}, false)
01-09 11:35:41.406  3450  3450 I GoogleInputMethodService: GoogleInputMethodService.shouldHideHeaderOnInitialState():4008 ShouldHideHeaderOnInitialState = false
01-09 11:35:41.406  3450  3450 I GoogleInputMethodService: GoogleInputMethodService.updateDeviceLockedStatus():2087 repeatCheckTimes = 2, unlocked = true
01-09 11:35:41.425  1086  1254 I ASH     : @ 967412.227: tcs3701: stop power rail pending_off timer
01-09 11:35:41.425  1086  1254 D ASH     : @ 967412.227: tcs3701: start power rail timer, state:3
01-09 11:35:41.455 26472 26490 I Unity   : Company Name: driftsys
01-09 11:35:41.455 26472 26490 I Unity   : Product Name: DashsceneShowcase
01-09 11:35:41.457 26472 26490 I AdrenoGLES-0: QUALCOMM build                   : 4783c89, I46ff5fc46f
01-09 11:35:41.457 26472 26490 I AdrenoGLES-0: Build Date                       : 11/30/20
01-09 11:35:41.457 26472 26490 I AdrenoGLES-0: OpenGL ES Shader Compiler Version: EV031.31.04.01
01-09 11:35:41.457 26472 26490 I AdrenoGLES-0: Local Branch                     : QPR2
01-09 11:35:41.457 26472 26490 I AdrenoGLES-0: Remote Branch                    : 
01-09 11:35:41.457 26472 26490 I AdrenoGLES-0: Remote Branch                    : 
01-09 11:35:41.457 26472 26490 I AdrenoGLES-0: Reconstruct Branch               : 
01-09 11:35:41.458 26472 26490 I AdrenoGLES-0: Build Config                     : S P 10.0.4 AArch64
01-09 11:35:41.458 26472 26490 I AdrenoGLES-0: Driver Path                      : /vendor/lib64/egl/libGLESv2_adreno.so
01-09 11:35:41.460 26472 26490 I AdrenoGLES-0: PFP: 0x016dd093, ME: 0x00000000
01-09 11:35:41.464  1086  1254 I ASH     : @ 967412.267: tcs3701: stop power rail pending_off timer
01-09 11:35:41.464  1086  1254 D ASH     : @ 967412.267: tcs3701: start power rail timer, state:3
01-09 11:35:41.505  1086  1254 I ASH     : @ 967412.307: tcs3701: stop power rail pending_off timer
01-09 11:35:41.505  1086  1254 D ASH     : @ 967412.307: tcs3701: start power rail timer, state:3
01-09 11:35:41.545  1086  1254 I ASH     : @ 967412.347: tcs3701: stop power rail pending_off timer
01-09 11:35:41.545  1086  1254 D ASH     : @ 967412.347: tcs3701: start power rail timer, state:3
01-09 11:35:41.548  2565  2589 V WindowManagerShell: Transition animation finished (aborted=false), notifying core (#141)android.os.BinderProxy@910f2b5@0
01-09 11:35:41.551  1785  2095 V WindowManager: Finish Transition #141: created at 01-09 11:35:41.222 collect-started=0.088ms request-sent=9.231ms started=17.486ms ready=32.275ms sent=33.735ms finished=328.81ms
01-09 11:35:41.553  2658  2658 I WallpaperService: engine paused
01-09 11:35:41.554  1086  1086 I sensors-hal: [hal]activate_physical_sensor:251, android.sensor.gyroscope/41 en=0
01-09 11:35:41.555  1086  1086 D Diag_Lib: diag: Diag_LSM_DeInit: invoked for pid: 1086
01-09 11:35:41.555  1086  1086 D Diag_Lib: diag: Diag_LSM_DeInit: done for pid: 1086
01-09 11:35:41.556  1086  1086 D Diag_Lib: diag: Diag_LSM_DeInit: invoked for pid: 1086
01-09 11:35:41.556  1086  1086 D Diag_Lib: diag: Diag_LSM_DeInit: done for pid: 1086
01-09 11:35:41.556  1086  1086 I sensors-hal: [hal]activate_physical_sensor:262, android.sensor.gyroscope/41 en=0 completed
01-09 11:35:41.556  2565  2589 V WindowManagerShell: Track 0 became idle
01-09 11:35:41.556  2565  2589 V WindowManagerShell: All active transition animations finished
01-09 11:35:41.573  2992  3053 I ImeTracker: com.google.android.apps.nexuslauncher:1dc958ac: onRequestHide at ORIGIN_CLIENT_HIDE_SOFT_INPUT reason HIDE_SOFT_INPUT
01-09 11:35:41.573  2992  3053 I ImeTracker: com.google.android.apps.nexuslauncher:1dc958ac: onFailed at PHASE_CLIENT_VIEW_SERVED
01-09 11:35:41.573  2992  3926 D OneSearchSuggestProvider: Shut down the binder channel
01-09 11:35:41.587  1086  1254 I ASH     : @ 967412.387: tcs3701: stop power rail pending_off timer
01-09 11:35:41.587  1086  1254 D ASH     : @ 967412.387: tcs3701: start power rail timer, state:3
01-09 11:35:41.610  1086  1086 I sensors-hal: [hal]batch_physical_sensor:314, android.sensor.accelerometer/11, period=200000000, max_latency=0
01-09 11:35:41.610  1086  1086 I sensors-hal: [sensor]set_config:64, sample_period_ns is adjusted to 200000000 based on min/max delay_ns
01-09 11:35:41.610  1086  1086 I sensors-hal: [hal]batch_physical_sensor:323, android.sensor.accelerometer/11, period=200000000, max_latency=0 request completed
01-09 11:35:41.611  1086  1086 I sensors-hal: [hal]flush_physical_sensor:355, android.sensor.accelerometer/11
01-09 11:35:41.611  1086  1086 I sensors-hal: [hal]flush_physical_sensor:361, android.sensor.accelerometer/11 completed
01-09 11:35:41.612  1086  1086 I sensors-hal: [hal]batch_physical_sensor:314, android.sensor.accelerometer/11, period=20000000, max_latency=0
01-09 11:35:41.612  1086  1086 I sensors-hal: [sensor]set_config:64, sample_period_ns is adjusted to 20000000 based on min/max delay_ns
01-09 11:35:41.612  1086  1086 I sensors-hal: [hal]batch_physical_sensor:323, android.sensor.accelerometer/11, period=20000000, max_latency=0 request completed
01-09 11:35:41.612  1086 24676 I sensors-hal: [ssc_sensor]ssc_conn_resp_cb:686, resp_value = 0
01-09 11:35:41.612  1086 24676 I sensors-hal: [ssc_sensor]ssc_conn_resp_cb:686, resp_value = 0
01-09 11:35:41.613  1086 24676 I sensors-hal: [ssc_sensor]ssc_conn_resp_cb:686, resp_value = 0
01-09 11:35:41.620  1785  4032 D CompatibilityChangeReporter: Compat change id reported: 161145287; UID 10273; state: ENABLED
01-09 11:35:41.622 26472 26490 V MediaRouter: Selecting route: RouteInfo{ name=Phone, description=null, status=null, category=RouteCategory{ name=System types=ROUTE_TYPE_LIVE_AUDIO ROUTE_TYPE_LIVE_VIDEO  groupable=false }, supportedTypes=ROUTE_TYPE_LIVE_AUDIO ROUTE_TYPE_LIVE_VIDEO , presentationDisplay=null }
01-09 11:35:41.623 26472 26490 I MediaRouter: Skip setBluetoothA2dpOn(): types=8388615, isPlaybackActive()=false, BT route=null
01-09 11:35:41.625  1086  1254 I ASH     : @ 967412.427: tcs3701: stop power rail pending_off timer
01-09 11:35:41.625  1086  1254 D ASH     : @ 967412.427: tcs3701: start power rail timer, state:3
01-09 11:35:41.665  1086  1254 I ASH     : @ 967412.467: tcs3701: stop power rail pending_off timer
01-09 11:35:41.665  1086  1254 D ASH     : @ 967412.467: tcs3701: start power rail timer, state:3
01-09 11:35:41.679  1785  2095 I ActivityTaskManager: Fully drawn com.driftsys.dashscene.showcase/com.unity3d.player.UnityPlayerActivity: +466ms
01-09 11:35:41.704  1086  1254 I ASH     : @ 967412.507: tcs3701: stop power rail pending_off timer
01-09 11:35:41.704  1086  1254 D ASH     : @ 967412.507: tcs3701: start power rail timer, state:3
01-09 11:35:41.740  1785  4032 W InputManager-JNI: Input channel object '89c1fe3 Splash Screen com.driftsys.dashscene.showcase (client)' was disposed without first being removed with the input manager!
01-09 11:35:41.744  1086  1254 I ASH     : @ 967412.547: tcs3701: stop power rail pending_off timer
01-09 11:35:41.744  1086  1254 D ASH     : @ 967412.547: tcs3701: start power rail timer, state:3
01-09 11:35:41.784  1086  1254 I ASH     : @ 967412.587: tcs3701: stop power rail pending_off timer
01-09 11:35:41.784  1086  1254 D ASH     : @ 967412.587: tcs3701: start power rail timer, state:3
01-09 11:35:41.824  1086  1254 I ASH     : @ 967412.627: tcs3701: stop power rail pending_off timer
01-09 11:35:41.824  1086  1254 D ASH     : @ 967412.627: tcs3701: start power rail timer, state:3
01-09 11:35:41.865  1086  1254 I ASH     : @ 967412.667: tcs3701: stop power rail pending_off timer
01-09 11:35:41.865  1086  1254 D ASH     : @ 967412.667: tcs3701: start power rail timer, state:3
01-09 11:35:41.905  1086  1254 I ASH     : @ 967412.707: tcs3701: stop power rail pending_off timer
01-09 11:35:41.905  1086  1254 D ASH     : @ 967412.707: tcs3701: start power rail timer, state:3
01-09 11:35:41.944  1086  1254 I ASH     : @ 967412.747: tcs3701: stop power rail pending_off timer
01-09 11:35:41.944  1086  1254 D ASH     : @ 967412.747: tcs3701: start power rail timer, state:3
01-09 11:35:41.984  1086  1254 I ASH     : @ 967412.787: tcs3701: stop power rail pending_off timer
01-09 11:35:41.985  1086  1254 D ASH     : @ 967412.787: tcs3701: start power rail timer, state:3
01-09 11:35:42.024  1086  1254 I ASH     : @ 967412.827: tcs3701: stop power rail pending_off timer
01-09 11:35:42.024  1086  1254 D ASH     : @ 967412.827: tcs3701: start power rail timer, state:3
01-09 11:35:42.064  1086  1254 I ASH     : @ 967412.867: tcs3701: stop power rail pending_off timer
01-09 11:35:42.065  1086  1254 D ASH     : @ 967412.867: tcs3701: start power rail timer, state:3
01-09 11:35:42.105  1086  1254 I ASH     : @ 967412.907: tcs3701: stop power rail pending_off timer
01-09 11:35:42.105  1086  1254 D ASH     : @ 967412.907: tcs3701: start power rail timer, state:3
01-09 11:35:42.145  1086  1254 I ASH     : @ 967412.947: tcs3701: stop power rail pending_off timer
01-09 11:35:42.145  1086  1254 D ASH     : @ 967412.947: tcs3701: start power rail timer, state:3
01-09 11:35:42.185  1086  1254 I ASH     : @ 967412.987: tcs3701: stop power rail pending_off timer
01-09 11:35:42.185  1086  1254 D ASH     : @ 967412.987: tcs3701: start power rail timer, state:3
01-09 11:35:42.225  1086  1254 I ASH     : @ 967413.027: tcs3701: stop power rail pending_off timer
01-09 11:35:42.225  1086  1254 D ASH     : @ 967413.027: tcs3701: start power rail timer, state:3
01-09 11:35:42.265  1086  1254 I ASH     : @ 967413.067: tcs3701: stop power rail pending_off timer
01-09 11:35:42.265  1086  1254 D ASH     : @ 967413.067: tcs3701: start power rail timer, state:3
01-09 11:35:42.305  1086  1254 I ASH     : @ 967413.107: tcs3701: stop power rail pending_off timer
01-09 11:35:42.305  1086  1254 D ASH     : @ 967413.107: tcs3701: start power rail timer, state:3
01-09 11:35:42.345  1086  1254 I ASH     : @ 967413.147: tcs3701: stop power rail pending_off timer
01-09 11:35:42.345  1086  1254 D ASH     : @ 967413.147: tcs3701: start power rail timer, state:3
01-09 11:35:42.384  1086  1254 I ASH     : @ 967413.187: tcs3701: stop power rail pending_off timer
01-09 11:35:42.384  1086  1254 D ASH     : @ 967413.187: tcs3701: start power rail timer, state:3
01-09 11:35:42.425  1086  1254 I ASH     : @ 967413.227: tcs3701: stop power rail pending_off timer
01-09 11:35:42.425  1086  1254 D ASH     : @ 967413.227: tcs3701: start power rail timer, state:3
01-09 11:35:42.465  1086  1254 I ASH     : @ 967413.267: tcs3701: stop power rail pending_off timer
01-09 11:35:42.465  1086  1254 D ASH     : @ 967413.267: tcs3701: start power rail timer, state:3
01-09 11:35:42.505  1086  1254 I ASH     : @ 967413.307: tcs3701: stop power rail pending_off timer
01-09 11:35:42.505  1086  1254 D ASH     : @ 967413.307: tcs3701: start power rail timer, state:3
01-09 11:35:42.544  1086  1254 I ASH     : @ 967413.347: tcs3701: stop power rail pending_off timer
01-09 11:35:42.544  1086  1254 D ASH     : @ 967413.347: tcs3701: start power rail timer, state:3
01-09 11:35:42.585  1086  1254 I ASH     : @ 967413.387: tcs3701: stop power rail pending_off timer
01-09 11:35:42.585  1086  1254 D ASH     : @ 967413.387: tcs3701: start power rail timer, state:3
01-09 11:35:42.625  1086  1254 I ASH     : @ 967413.427: tcs3701: stop power rail pending_off timer
01-09 11:35:42.625  1086  1254 D ASH     : @ 967413.427: tcs3701: start power rail timer, state:3
01-09 11:35:42.665  1086  1254 I ASH     : @ 967413.467: tcs3701: stop power rail pending_off timer
01-09 11:35:42.665  1086  1254 D ASH     : @ 967413.467: tcs3701: start power rail timer, state:3
01-09 11:35:42.705  1086  1254 I ASH     : @ 967413.507: tcs3701: stop power rail pending_off timer
01-09 11:35:42.705  1086  1254 D ASH     : @ 967413.507: tcs3701: start power rail timer, state:3
01-09 11:35:42.744  1086  1254 I ASH     : @ 967413.547: tcs3701: stop power rail pending_off timer
01-09 11:35:42.745  1086  1254 D ASH     : @ 967413.547: tcs3701: start power rail timer, state:3
01-09 11:35:42.784  1086  1254 I ASH     : @ 967413.587: tcs3701: stop power rail pending_off timer
01-09 11:35:42.785  1086  1254 D ASH     : @ 967413.587: tcs3701: start power rail timer, state:3
01-09 11:35:42.825  1086  1254 I ASH     : @ 967413.627: tcs3701: stop power rail pending_off timer
01-09 11:35:42.825  1086  1254 D ASH     : @ 967413.627: tcs3701: start power rail timer, state:3
01-09 11:35:42.865  1086  1254 I ASH     : @ 967413.667: tcs3701: stop power rail pending_off timer
01-09 11:35:42.865  1086  1254 D ASH     : @ 967413.667: tcs3701: start power rail timer, state:3
01-09 11:35:42.904  1086  1254 I ASH     : @ 967413.707: tcs3701: stop power rail pending_off timer
01-09 11:35:42.904  1086  1254 D ASH     : @ 967413.707: tcs3701: start power rail timer, state:3
01-09 11:35:42.945  1086  1254 I ASH     : @ 967413.747: tcs3701: stop power rail pending_off timer
01-09 11:35:42.945  1086  1254 D ASH     : @ 967413.747: tcs3701: start power rail timer, state:3
01-09 11:35:42.985  1086  1254 I ASH     : @ 967413.787: tcs3701: stop power rail pending_off timer
01-09 11:35:42.985  1086  1254 D ASH     : @ 967413.787: tcs3701: start power rail timer, state:3
01-09 11:35:43.025  1086  1254 I ASH     : @ 967413.827: tcs3701: stop power rail pending_off timer
01-09 11:35:43.025  1086  1254 D ASH     : @ 967413.827: tcs3701: start power rail timer, state:3
01-09 11:35:43.064  1086  1254 I ASH     : @ 967413.867: tcs3701: stop power rail pending_off timer
01-09 11:35:43.065  1086  1254 D ASH     : @ 967413.867: tcs3701: start power rail timer, state:3
01-09 11:35:43.104  1086  1254 I ASH     : @ 967413.907: tcs3701: stop power rail pending_off timer
01-09 11:35:43.104  1086  1254 D ASH     : @ 967413.907: tcs3701: start power rail timer, state:3
01-09 11:35:43.145  1086  1254 I ASH     : @ 967413.947: tcs3701: stop power rail pending_off timer
01-09 11:35:43.145  1086  1254 D ASH     : @ 967413.947: tcs3701: start power rail timer, state:3
01-09 11:35:43.185  1086  1254 I ASH     : @ 967413.987: tcs3701: stop power rail pending_off timer
01-09 11:35:43.185  1086  1254 D ASH     : @ 967413.987: tcs3701: start power rail timer, state:3
01-09 11:35:43.225  1086  1254 I ASH     : @ 967414.027: tcs3701: stop power rail pending_off timer
01-09 11:35:43.225  1086  1254 D ASH     : @ 967414.027: tcs3701: start power rail timer, state:3
01-09 11:35:43.265  1086  1254 I ASH     : @ 967414.067: tcs3701: stop power rail pending_off timer
01-09 11:35:43.265  1086  1254 D ASH     : @ 967414.067: tcs3701: start power rail timer, state:3
01-09 11:35:43.305  1086  1254 I ASH     : @ 967414.107: tcs3701: stop power rail pending_off timer
01-09 11:35:43.305  1086  1254 D ASH     : @ 967414.107: tcs3701: start power rail timer, state:3
01-09 11:35:43.345  1086  1254 I ASH     : @ 967414.147: tcs3701: stop power rail pending_off timer
01-09 11:35:43.345  1086  1254 D ASH     : @ 967414.147: tcs3701: start power rail timer, state:3
01-09 11:35:43.385  1086  1254 I ASH     : @ 967414.187: tcs3701: stop power rail pending_off timer
01-09 11:35:43.385  1086  1254 D ASH     : @ 967414.187: tcs3701: start power rail timer, state:3
01-09 11:35:43.424  1086  1254 I ASH     : @ 967414.227: tcs3701: stop power rail pending_off timer
01-09 11:35:43.425  1086  1254 D ASH     : @ 967414.227: tcs3701: start power rail timer, state:3
01-09 11:35:43.465  1086  1254 I ASH     : @ 967414.267: tcs3701: stop power rail pending_off timer
01-09 11:35:43.465  1086  1254 D ASH     : @ 967414.267: tcs3701: start power rail timer, state:3
01-09 11:35:43.505  1086  1254 I ASH     : @ 967414.307: tcs3701: stop power rail pending_off timer
01-09 11:35:43.505  1086  1254 D ASH     : @ 967414.307: tcs3701: start power rail timer, state:3
01-09 11:35:43.544  1086  1254 I ASH     : @ 967414.347: tcs3701: stop power rail pending_off timer
01-09 11:35:43.545  1086  1254 D ASH     : @ 967414.347: tcs3701: start power rail timer, state:3
01-09 11:35:43.585  1086  1254 I ASH     : @ 967414.387: tcs3701: stop power rail pending_off timer
01-09 11:35:43.585  1086  1254 D ASH     : @ 967414.387: tcs3701: start power rail timer, state:3
01-09 11:35:43.625  1086  1254 I ASH     : @ 967414.427: tcs3701: stop power rail pending_off timer
01-09 11:35:43.625  1086  1254 D ASH     : @ 967414.427: tcs3701: start power rail timer, state:3
01-09 11:35:43.665  1086  1254 I ASH     : @ 967414.467: tcs3701: stop power rail pending_off timer
01-09 11:35:43.665  1086  1254 D ASH     : @ 967414.467: tcs3701: start power rail timer, state:3
01-09 11:35:43.704  1086  1254 I ASH     : @ 967414.507: tcs3701: stop power rail pending_off timer
01-09 11:35:43.705  1086  1254 D ASH     : @ 967414.507: tcs3701: start power rail timer, state:3
01-09 11:35:43.734 26472 26490 I Unity   : [showcase] entries: 6 (3 scene(s), 3 document(s))
01-09 11:35:43.734 26472 26490 I Unity   : UnityEngine.DebugLogHandler:Internal_Log(LogType, LogOption, String, Object)
01-09 11:35:43.734 26472 26490 I Unity   : Driftsys.Dashscene.Samples.DashsceneShowcase:Awake()
01-09 11:35:43.734 26472 26490 I Unity   : 
01-09 11:35:43.734 26472 26490 I IL2CPP  : Locale en-US
01-09 11:35:43.735 26472 26490 I Unity   : [showcase] drawable: 1080x2340 px, document framing 400
01-09 11:35:43.735 26472 26490 I Unity   : UnityEngine.DebugLogHandler:Internal_Log(LogType, LogOption, String, Object)
01-09 11:35:43.735 26472 26490 I Unity   : Driftsys.Dashscene.Samples.DashsceneShowcase:Awake()
01-09 11:35:43.735 26472 26490 I Unity   : 
01-09 11:35:43.745  1086  1254 I ASH     : @ 967414.547: tcs3701: stop power rail pending_off timer
01-09 11:35:43.745  1086  1254 D ASH     : @ 967414.547: tcs3701: start power rail timer, state:3
01-09 11:35:43.772  1785  4032 W SensorService: sensor 0000000b already enabled in connection 0xb400007022a5c190 (ignoring)
01-09 11:35:43.773  1086  1086 I sensors-hal: [hal]batch_physical_sensor:314, android.sensor.accelerometer/11, period=200000000, max_latency=0
01-09 11:35:43.773  1086  1086 I sensors-hal: [sensor]set_config:64, sample_period_ns is adjusted to 200000000 based on min/max delay_ns
01-09 11:35:43.773  1086  1086 I sensors-hal: [hal]batch_physical_sensor:323, android.sensor.accelerometer/11, period=200000000, max_latency=0 request completed
01-09 11:35:43.773  1086  1086 I sensors-hal: [hal]flush_physical_sensor:355, android.sensor.accelerometer/11
01-09 11:35:43.773  1086  1086 I sensors-hal: [hal]flush_physical_sensor:361, android.sensor.accelerometer/11 completed
01-09 11:35:43.773  1086  1086 I sensors-hal: [hal]batch_physical_sensor:314, android.sensor.accelerometer/11, period=20000000, max_latency=0
01-09 11:35:43.773  1086  1086 I sensors-hal: [sensor]set_config:64, sample_period_ns is adjusted to 20000000 based on min/max delay_ns
01-09 11:35:43.774  1086  1086 I sensors-hal: [hal]batch_physical_sensor:323, android.sensor.accelerometer/11, period=20000000, max_latency=0 request completed
01-09 11:35:43.774  1086 24676 I sensors-hal: [ssc_sensor]ssc_conn_resp_cb:686, resp_value = 0
01-09 11:35:43.774  1086 24676 I sensors-hal: [ssc_sensor]ssc_conn_resp_cb:686, resp_value = 0
01-09 11:35:43.775  1086 24676 I sensors-hal: [ssc_sensor]ssc_conn_resp_cb:686, resp_value = 0
01-09 11:35:43.784  1086  1254 I ASH     : @ 967414.587: tcs3701: stop power rail pending_off timer
01-09 11:35:43.785  1086  1254 D ASH     : @ 967414.587: tcs3701: start power rail timer, state:3
01-09 11:35:43.805 26472 26490 W Unity   : [dashscene] shadows: not drawn — this painter emits no shadow instance.
01-09 11:35:43.805 26472 26490 W Unity   : UnityEngine.DebugLogHandler:Internal_Log(LogType, LogOption, String, Object)
01-09 11:35:43.805 26472 26490 W Unity   : Driftsys.Dashscene.BrgPainter:Draw(FrameLease)
01-09 11:35:43.805 26472 26490 W Unity   : Driftsys.Dashscene.Samples.DashsceneShowcase:Update()
01-09 11:35:43.805 26472 26490 W Unity   : 
01-09 11:35:43.805 26472 26490 W Unity   : [dashscene] backdrop blurs: not drawn, and not fixable by adding a pass — a backdrop reads what the painter itself composited, and this painter's target also holds the engine's scene.
01-09 11:35:43.805 26472 26490 W Unity   : UnityEngine.DebugLogHandler:Internal_Log(LogType, LogOption, String, Object)
01-09 11:35:43.805 26472 26490 W Unity   : Driftsys.Dashscene.BrgPainter:Draw(FrameLease)
01-09 11:35:43.805 26472 26490 W Unity   : Driftsys.Dashscene.Samples.DashsceneShowcase:Update()
01-09 11:35:43.805 26472 26490 W Unity   : 
01-09 11:35:43.805 26472 26490 W Unity   : [dashscene] image fills: not drawn — no texture is uploaded from the payload.
01-09 11:35:43.805 26472 26490 W Unity   : UnityEngine.DebugLogHandler:Internal_Log(LogType, LogOption, String, Object)
01-09 11:35:43.805 26472 26490 W Unity   : Driftsys.Dashscene.BrgPainter:Draw(FrameLease)
01-09 11:35:43.805 26472 26490 W Unity   : Driftsys.Dashscene.Samples.DashsceneShowcase:Update()
01-09 11:35:43.805 26472 26490 W Unity   : 
01-09 11:35:43.805 26472 26490 W Unity   : [dashscene] baked vector nodes: not drawn — their outline is a coverage field rather than the parametric rounded box shaded here.
01-09 11:35:43.805 26472 26490 W Unity   : UnityEngine.DebugLogHandler:Internal_Log(LogType, LogOption, String, Object)
01-09 11:35:43.805 26472 26490 W Unity   : Driftsys.Dashscene.BrgPainter:Draw(FrameLease)
01-09 11:35:43.805 26472 26490 W Unity   : Driftsys.Dashscene.Samples.DashsceneShowcase:Update()
01-09 11:35:43.805 26472 26490 W Unity   : 
01-09 11:35:43.805 26472 26490 W Unity   : [dashscene] render-target groups: not composited — a translucent group's overlapping children are drawn twice.
01-09 11:35:43.805 26472 26490 W Unity   : UnityEngine.DebugLogHandler:Internal_Log(LogType, LogOption, String, Object)
01-09 11:35:43.805 26472 26490 W Unity   : Driftsys.Dashscene.BrgPainter:Draw(FrameLease)
01-09 11:35:43.805 26472 26490 W Unity   : Driftsys.Dashscene.Samples.DashsceneShowcase:Update()
01-09 11:35:43.805 26472 26490 W Unity   : 
01-09 11:35:43.806 26472 26490 W Unity   : [dashscene] 9 rect(s) affected, first at index 2. The document asked for these and this painter did not draw them.
01-09 11:35:43.806 26472 26490 W Unity   : UnityEngine.DebugLogHandler:Internal_Log(LogType, LogOption, String, Object)
01-09 11:35:43.806 26472 26490 W Unity   : Driftsys.Dashscene.BrgPainter:Draw(FrameLease)
01-09 11:35:43.806 26472 26490 W Unity   : Driftsys.Dashscene.Samples.DashsceneShowcase:Update()
01-09 11:35:43.806 26472 26490 W Unity   : 
01-09 11:35:43.807 26472 26490 I Unity   : [showcase] drew scene surfaces: 56 instance(s), rung ConstantBuffer, refused shadows: not drawn — this painter emits no shadow instance. backdrop blurs: not drawn, and not fixable by adding a pass — a backdrop reads what the painter itself composited, and this painter's target also holds the engine's scene. image fills: not drawn — no texture is uploaded from the payload. baked vector nodes: not drawn — their outline is a coverage field rather than the parametric rounded box shaded here. render-target groups: not composited — a translucent group's overlapping children are drawn twice. 9 rect(s) affected, first at index 2. The document asked for these and this painter did not draw them.
01-09 11:35:43.807 26472 26490 I Unity   : UnityEngine.DebugLogHandler:Internal_Log(LogType, LogOption, String, Object)
01-09 11:35:43.807 26472 26490 I Unity   : Driftsys.Dashscene.Samples.DashsceneShowcase:Update()
01-09 11:35:43.807 26472 26490 I Unity   : 
01-09 11:35:43.824  1086  1254 I ASH     : @ 967414.627: tcs3701: stop power rail pending_off timer
01-09 11:35:43.824  1086  1254 D ASH     : @ 967414.627: tcs3701: start power rail timer, state:3
01-09 11:35:43.865  1086  1254 I ASH     : @ 967414.667: tcs3701: stop power rail pending_off timer
01-09 11:35:43.865  1086  1254 D ASH     : @ 967414.667: tcs3701: start power rail timer, state:3
01-09 11:35:43.905  1086  1254 I ASH     : @ 967414.707: tcs3701: stop power rail pending_off timer
01-09 11:35:43.905  1086  1254 D ASH     : @ 967414.707: tcs3701: start power rail timer, state:3
01-09 11:35:43.945  1086  1254 I ASH     : @ 967414.747: tcs3701: stop power rail pending_off timer
01-09 11:35:43.945  1086  1254 D ASH     : @ 967414.747: tcs3701: start power rail timer, state:3
01-09 11:35:43.985  1086  1254 I ASH     : @ 967414.787: tcs3701: stop power rail pending_off timer
01-09 11:35:43.985  1086  1254 D ASH     : @ 967414.787: tcs3701: start power rail timer, state:3
01-09 11:35:44.025  1086  1254 I ASH     : @ 967414.827: tcs3701: stop power rail pending_off timer
01-09 11:35:44.025  1086  1254 D ASH     : @ 967414.827: tcs3701: start power rail timer, state:3
01-09 11:35:44.065  1086  1254 I ASH     : @ 967414.867: tcs3701: stop power rail pending_off timer
01-09 11:35:44.065  1086  1254 D ASH     : @ 967414.867: tcs3701: start power rail timer, state:3
01-09 11:35:44.105  1086  1254 I ASH     : @ 967414.907: tcs3701: stop power rail pending_off timer
01-09 11:35:44.105  1086  1254 D ASH     : @ 967414.907: tcs3701: start power rail timer, state:3
01-09 11:35:44.145  1086  1254 I ASH     : @ 967414.947: tcs3701: stop power rail pending_off timer
01-09 11:35:44.145  1086  1254 D ASH     : @ 967414.947: tcs3701: start power rail timer, state:3
01-09 11:35:44.185  1086  1254 I ASH     : @ 967414.987: tcs3701: stop power rail pending_off timer
01-09 11:35:44.185  1086  1254 D ASH     : @ 967414.987: tcs3701: start power rail timer, state:3
01-09 11:35:44.225  1086  1254 I ASH     : @ 967415.027: tcs3701: stop power rail pending_off timer
01-09 11:35:44.225  1086  1254 D ASH     : @ 967415.027: tcs3701: start power rail timer, state:3
01-09 11:35:44.265  1086  1254 I ASH     : @ 967415.067: tcs3701: stop power rail pending_off timer
01-09 11:35:44.265  1086  1254 D ASH     : @ 967415.067: tcs3701: start power rail timer, state:3
01-09 11:35:44.305  1086  1254 I ASH     : @ 967415.107: tcs3701: stop power rail pending_off timer
01-09 11:35:44.305  1086  1254 D ASH     : @ 967415.107: tcs3701: start power rail timer, state:3
01-09 11:35:44.345  1086  1254 I ASH     : @ 967415.147: tcs3701: stop power rail pending_off timer
01-09 11:35:44.345  1086  1254 D ASH     : @ 967415.147: tcs3701: start power rail timer, state:3
01-09 11:35:44.385  1086  1254 I ASH     : @ 967415.187: tcs3701: stop power rail pending_off timer
01-09 11:35:44.385  1086  1254 D ASH     : @ 967415.187: tcs3701: start power rail timer, state:3
01-09 11:35:44.425  1086  1254 I ASH     : @ 967415.227: tcs3701: stop power rail pending_off timer
01-09 11:35:44.425  1086  1254 D ASH     : @ 967415.227: tcs3701: start power rail timer, state:3
01-09 11:35:44.465  1086  1254 I ASH     : @ 967415.267: tcs3701: stop power rail pending_off timer
01-09 11:35:44.465  1086  1254 D ASH     : @ 967415.267: tcs3701: start power rail timer, state:3
01-09 11:35:44.505  1086  1254 I ASH     : @ 967415.307: tcs3701: stop power rail pending_off timer
01-09 11:35:44.505  1086  1254 D ASH     : @ 967415.307: tcs3701: start power rail timer, state:3
01-09 11:35:44.545  1086  1254 I ASH     : @ 967415.347: tcs3701: stop power rail pending_off timer
01-09 11:35:44.545  1086  1254 D ASH     : @ 967415.347: tcs3701: start power rail timer, state:3
01-09 11:35:44.585  1086  1254 I ASH     : @ 967415.387: tcs3701: stop power rail pending_off timer
01-09 11:35:44.585  1086  1254 D ASH     : @ 967415.387: tcs3701: start power rail timer, state:3
01-09 11:35:44.624  1086  1254 I ASH     : @ 967415.427: tcs3701: stop power rail pending_off timer
01-09 11:35:44.625  1086  1254 D ASH     : @ 967415.427: tcs3701: start power rail timer, state:3
01-09 11:35:44.664  1086  1254 I ASH     : @ 967415.467: tcs3701: stop power rail pending_off timer
01-09 11:35:44.665  1086  1254 D ASH     : @ 967415.467: tcs3701: start power rail timer, state:3
01-09 11:35:44.705  1086  1254 I ASH     : @ 967415.507: tcs3701: stop power rail pending_off timer
01-09 11:35:44.705  1086  1254 D ASH     : @ 967415.507: tcs3701: start power rail timer, state:3
01-09 11:35:44.744  1086  1254 I ASH     : @ 967415.547: tcs3701: stop power rail pending_off timer
01-09 11:35:44.745  1086  1254 D ASH     : @ 967415.547: tcs3701: start power rail timer, state:3
01-09 11:35:44.785  1086  1254 I ASH     : @ 967415.587: tcs3701: stop power rail pending_off timer
01-09 11:35:44.785  1086  1254 D ASH     : @ 967415.587: tcs3701: start power rail timer, state:3
01-09 11:35:44.825  1086  1254 I ASH     : @ 967415.627: tcs3701: stop power rail pending_off timer
01-09 11:35:44.825  1086  1254 D ASH     : @ 967415.627: tcs3701: start power rail timer, state:3
01-09 11:35:44.865  1086  1254 I ASH     : @ 967415.667: tcs3701: stop power rail pending_off timer
01-09 11:35:44.865  1086  1254 D ASH     : @ 967415.667: tcs3701: start power rail timer, state:3
01-09 11:35:44.905  1086  1254 I ASH     : @ 967415.707: tcs3701: stop power rail pending_off timer
01-09 11:35:44.905  1086  1254 D ASH     : @ 967415.707: tcs3701: start power rail timer, state:3
01-09 11:35:44.945  1086  1254 I ASH     : @ 967415.747: tcs3701: stop power rail pending_off timer
01-09 11:35:44.945  1086  1254 D ASH     : @ 967415.747: tcs3701: start power rail timer, state:3
01-09 11:35:44.984  1086  1254 I ASH     : @ 967415.787: tcs3701: stop power rail pending_off timer
01-09 11:35:44.985  1086  1254 D ASH     : @ 967415.787: tcs3701: start power rail timer, state:3
01-09 11:35:45.025  1086  1254 I ASH     : @ 967415.827: tcs3701: stop power rail pending_off timer
01-09 11:35:45.025  1086  1254 D ASH     : @ 967415.827: tcs3701: start power rail timer, state:3
01-09 11:35:45.065  1086  1254 I ASH     : @ 967415.867: tcs3701: stop power rail pending_off timer
01-09 11:35:45.065  1086  1254 D ASH     : @ 967415.867: tcs3701: start power rail timer, state:3
01-09 11:35:45.105  1086  1254 I ASH     : @ 967415.907: tcs3701: stop power rail pending_off timer
01-09 11:35:45.105  1086  1254 D ASH     : @ 967415.907: tcs3701: start power rail timer, state:3
01-09 11:35:45.145  1086  1254 I ASH     : @ 967415.947: tcs3701: stop power rail pending_off timer
01-09 11:35:45.145  1086  1254 D ASH     : @ 967415.947: tcs3701: start power rail timer, state:3
01-09 11:35:45.185  1086  1254 I ASH     : @ 967415.987: tcs3701: stop power rail pending_off timer
01-09 11:35:45.185  1086  1254 D ASH     : @ 967415.987: tcs3701: start power rail timer, state:3
01-09 11:35:45.225  1086  1254 I ASH     : @ 967416.027: tcs3701: stop power rail pending_off timer
01-09 11:35:45.225  1086  1254 D ASH     : @ 967416.027: tcs3701: start power rail timer, state:3
01-09 11:35:45.265  1086  1254 I ASH     : @ 967416.067: tcs3701: stop power rail pending_off timer
01-09 11:35:45.265  1086  1254 D ASH     : @ 967416.067: tcs3701: start power rail timer, state:3
01-09 11:35:45.305  1086  1254 I ASH     : @ 967416.107: tcs3701: stop power rail pending_off timer
01-09 11:35:45.305  1086  1254 D ASH     : @ 967416.107: tcs3701: start power rail timer, state:3
01-09 11:35:45.345  1086  1254 I ASH     : @ 967416.147: tcs3701: stop power rail pending_off timer
01-09 11:35:45.345  1086  1254 D ASH     : @ 967416.147: tcs3701: start power rail timer, state:3
01-09 11:35:45.384  1086  1254 I ASH     : @ 967416.187: tcs3701: stop power rail pending_off timer
01-09 11:35:45.385  1086  1254 D ASH     : @ 967416.187: tcs3701: start power rail timer, state:3
01-09 11:35:45.425  1086  1254 I ASH     : @ 967416.227: tcs3701: stop power rail pending_off timer
01-09 11:35:45.425  1086  1254 D ASH     : @ 967416.227: tcs3701: start power rail timer, state:3
01-09 11:35:45.465  1086  1254 I ASH     : @ 967416.267: tcs3701: stop power rail pending_off timer
01-09 11:35:45.465  1086  1254 D ASH     : @ 967416.267: tcs3701: start power rail timer, state:3
01-09 11:35:45.504  1086  1254 I ASH     : @ 967416.307: tcs3701: stop power rail pending_off timer
01-09 11:35:45.504  1086  1254 D ASH     : @ 967416.307: tcs3701: start power rail timer, state:3
01-09 11:35:45.545  1086  1254 I ASH     : @ 967416.347: tcs3701: stop power rail pending_off timer
01-09 11:35:45.545  1086  1254 D ASH     : @ 967416.347: tcs3701: start power rail timer, state:3
01-09 11:35:45.584  1086  1254 I ASH     : @ 967416.387: tcs3701: stop power rail pending_off timer
01-09 11:35:45.585  1086  1254 D ASH     : @ 967416.387: tcs3701: start power rail timer, state:3
01-09 11:35:45.625  1086  1254 I ASH     : @ 967416.427: tcs3701: stop power rail pending_off timer
01-09 11:35:45.625  1086  1254 D ASH     : @ 967416.427: tcs3701: start power rail timer, state:3
01-09 11:35:45.665  1086  1254 I ASH     : @ 967416.467: tcs3701: stop power rail pending_off timer
01-09 11:35:45.665  1086  1254 D ASH     : @ 967416.467: tcs3701: start power rail timer, state:3
01-09 11:35:45.705  1086  1254 I ASH     : @ 967416.507: tcs3701: stop power rail pending_off timer
01-09 11:35:45.705  1086  1254 D ASH     : @ 967416.507: tcs3701: start power rail timer, state:3
01-09 11:35:45.745  1086  1254 I ASH     : @ 967416.547: tcs3701: stop power rail pending_off timer
01-09 11:35:45.745  1086  1254 D ASH     : @ 967416.547: tcs3701: start power rail timer, state:3
01-09 11:35:45.785  1086  1254 I ASH     : @ 967416.587: tcs3701: stop power rail pending_off timer
01-09 11:35:45.785  1086  1254 D ASH     : @ 967416.587: tcs3701: start power rail timer, state:3
01-09 11:35:45.825  1086  1254 I ASH     : @ 967416.627: tcs3701: stop power rail pending_off timer
01-09 11:35:45.825  1086  1254 D ASH     : @ 967416.627: tcs3701: start power rail timer, state:3
01-09 11:35:45.865  1086  1254 I ASH     : @ 967416.667: tcs3701: stop power rail pending_off timer
01-09 11:35:45.865  1086  1254 D ASH     : @ 967416.667: tcs3701: start power rail timer, state:3
01-09 11:35:45.905  1086  1254 I ASH     : @ 967416.707: tcs3701: stop power rail pending_off timer
01-09 11:35:45.905  1086  1254 D ASH     : @ 967416.707: tcs3701: start power rail timer, state:3
01-09 11:35:45.944  1086  1254 I ASH     : @ 967416.747: tcs3701: stop power rail pending_off timer
01-09 11:35:45.945  1086  1254 D ASH     : @ 967416.747: tcs3701: start power rail timer, state:3
01-09 11:35:45.985  1086  1254 I ASH     : @ 967416.787: tcs3701: stop power rail pending_off timer
01-09 11:35:45.985  1086  1254 D ASH     : @ 967416.787: tcs3701: start power rail timer, state:3
01-09 11:35:46.024  1086  1254 I ASH     : @ 967416.827: tcs3701: stop power rail pending_off timer
01-09 11:35:46.025  1086  1254 D ASH     : @ 967416.827: tcs3701: start power rail timer, state:3
01-09 11:35:46.065  1086  1254 I ASH     : @ 967416.867: tcs3701: stop power rail pending_off timer
01-09 11:35:46.065  1086  1254 D ASH     : @ 967416.867: tcs3701: start power rail timer, state:3
01-09 11:35:46.105  1086  1254 I ASH     : @ 967416.907: tcs3701: stop power rail pending_off timer
01-09 11:35:46.105  1086  1254 D ASH     : @ 967416.907: tcs3701: start power rail timer, state:3
01-09 11:35:46.145  1086  1254 I ASH     : @ 967416.947: tcs3701: stop power rail pending_off timer
01-09 11:35:46.145  1086  1254 D ASH     : @ 967416.947: tcs3701: start power rail timer, state:3
01-09 11:35:46.185  1086  1254 I ASH     : @ 967416.987: tcs3701: stop power rail pending_off timer
01-09 11:35:46.185  1086  1254 D ASH     : @ 967416.987: tcs3701: start power rail timer, state:3
01-09 11:35:46.225  1086  1254 I ASH     : @ 967417.027: tcs3701: stop power rail pending_off timer
01-09 11:35:46.225  1086  1254 D ASH     : @ 967417.027: tcs3701: start power rail timer, state:3
01-09 11:35:46.265  1086  1254 I ASH     : @ 967417.067: tcs3701: stop power rail pending_off timer
01-09 11:35:46.265  1086  1254 D ASH     : @ 967417.067: tcs3701: start power rail timer, state:3
01-09 11:35:46.305  1086  1254 I ASH     : @ 967417.107: tcs3701: stop power rail pending_off timer
01-09 11:35:46.305  1086  1254 D ASH     : @ 967417.107: tcs3701: start power rail timer, state:3
01-09 11:35:46.345  1086  1254 I ASH     : @ 967417.147: tcs3701: stop power rail pending_off timer
01-09 11:35:46.345  1086  1254 D ASH     : @ 967417.147: tcs3701: start power rail timer, state:3
01-09 11:35:46.385  1086  1254 I ASH     : @ 967417.187: tcs3701: stop power rail pending_off timer
01-09 11:35:46.385  1086  1254 D ASH     : @ 967417.187: tcs3701: start power rail timer, state:3
01-09 11:35:46.425  1086  1254 I ASH     : @ 967417.227: tcs3701: stop power rail pending_off timer
01-09 11:35:46.425  1086  1254 D ASH     : @ 967417.227: tcs3701: start power rail timer, state:3
01-09 11:35:46.465  1086  1254 I ASH     : @ 967417.267: tcs3701: stop power rail pending_off timer
01-09 11:35:46.465  1086  1254 D ASH     : @ 967417.267: tcs3701: start power rail timer, state:3
01-09 11:35:46.505  1086  1254 I ASH     : @ 967417.307: tcs3701: stop power rail pending_off timer
01-09 11:35:46.505  1086  1254 D ASH     : @ 967417.307: tcs3701: start power rail timer, state:3
01-09 11:35:46.545  1086  1254 I ASH     : @ 967417.347: tcs3701: stop power rail pending_off timer
01-09 11:35:46.545  1086  1254 D ASH     : @ 967417.347: tcs3701: start power rail timer, state:3
01-09 11:35:46.585  1086  1254 I ASH     : @ 967417.387: tcs3701: stop power rail pending_off timer
01-09 11:35:46.585  1086  1254 D ASH     : @ 967417.387: tcs3701: start power rail timer, state:3
01-09 11:35:46.625  1086  1254 I ASH     : @ 967417.427: tcs3701: stop power rail pending_off timer
01-09 11:35:46.625  1086  1254 D ASH     : @ 967417.427: tcs3701: start power rail timer, state:3
01-09 11:35:46.665  1086  1254 I ASH     : @ 967417.467: tcs3701: stop power rail pending_off timer
01-09 11:35:46.665  1086  1254 D ASH     : @ 967417.467: tcs3701: start power rail timer, state:3
01-09 11:35:46.705  1086  1254 I ASH     : @ 967417.507: tcs3701: stop power rail pending_off timer
01-09 11:35:46.705  1086  1254 D ASH     : @ 967417.507: tcs3701: start power rail timer, state:3
01-09 11:35:46.745  1086  1254 I ASH     : @ 967417.547: tcs3701: stop power rail pending_off timer
01-09 11:35:46.745  1086  1254 D ASH     : @ 967417.547: tcs3701: start power rail timer, state:3
01-09 11:35:46.784  1086  1254 I ASH     : @ 967417.587: tcs3701: stop power rail pending_off timer
01-09 11:35:46.785  1086  1254 D ASH     : @ 967417.587: tcs3701: start power rail timer, state:3
01-09 11:35:46.825  1086  1254 I ASH     : @ 967417.627: tcs3701: stop power rail pending_off timer
01-09 11:35:46.825  1086  1254 D ASH     : @ 967417.627: tcs3701: start power rail timer, state:3
01-09 11:35:46.864  1086  1254 I ASH     : @ 967417.667: tcs3701: stop power rail pending_off timer
01-09 11:35:46.865  1086  1254 D ASH     : @ 967417.667: tcs3701: start power rail timer, state:3
01-09 11:35:46.904  1086  1254 I ASH     : @ 967417.707: tcs3701: stop power rail pending_off timer
01-09 11:35:46.905  1086  1254 D ASH     : @ 967417.707: tcs3701: start power rail timer, state:3
01-09 11:35:46.945  1086  1254 I ASH     : @ 967417.747: tcs3701: stop power rail pending_off timer
01-09 11:35:46.945  1086  1254 D ASH     : @ 967417.747: tcs3701: start power rail timer, state:3
01-09 11:35:46.985  1086  1254 I ASH     : @ 967417.787: tcs3701: stop power rail pending_off timer
01-09 11:35:46.985  1086  1254 D ASH     : @ 967417.787: tcs3701: start power rail timer, state:3
01-09 11:35:47.025  1086  1254 I ASH     : @ 967417.827: tcs3701: stop power rail pending_off timer
01-09 11:35:47.025  1086  1254 D ASH     : @ 967417.827: tcs3701: start power rail timer, state:3
01-09 11:35:47.065  1086  1254 I ASH     : @ 967417.867: tcs3701: stop power rail pending_off timer
01-09 11:35:47.065  1086  1254 D ASH     : @ 967417.867: tcs3701: start power rail timer, state:3
01-09 11:35:47.105  1086  1254 I ASH     : @ 967417.907: tcs3701: stop power rail pending_off timer
01-09 11:35:47.105  1086  1254 D ASH     : @ 967417.907: tcs3701: start power rail timer, state:3
01-09 11:35:47.145  1086  1254 I ASH     : @ 967417.947: tcs3701: stop power rail pending_off timer
01-09 11:35:47.145  1086  1254 D ASH     : @ 967417.947: tcs3701: start power rail timer, state:3
01-09 11:35:47.184  1086  1254 I ASH     : @ 967417.987: tcs3701: stop power rail pending_off timer
01-09 11:35:47.185  1086  1254 D ASH     : @ 967417.987: tcs3701: start power rail timer, state:3
01-09 11:35:47.225  1086  1254 I ASH     : @ 967418.027: tcs3701: stop power rail pending_off timer
01-09 11:35:47.225  1086  1254 D ASH     : @ 967418.027: tcs3701: start power rail timer, state:3
01-09 11:35:47.265  1086  1254 I ASH     : @ 967418.067: tcs3701: stop power rail pending_off timer
01-09 11:35:47.265  1086  1254 D ASH     : @ 967418.067: tcs3701: start power rail timer, state:3
01-09 11:35:47.305  1086  1254 I ASH     : @ 967418.107: tcs3701: stop power rail pending_off timer
01-09 11:35:47.305  1086  1254 D ASH     : @ 967418.107: tcs3701: start power rail timer, state:3
01-09 11:35:47.345  1086  1254 I ASH     : @ 967418.147: tcs3701: stop power rail pending_off timer
01-09 11:35:47.345  1086  1254 D ASH     : @ 967418.147: tcs3701: start power rail timer, state:3
01-09 11:35:47.385  1086  1254 I ASH     : @ 967418.187: tcs3701: stop power rail pending_off timer
01-09 11:35:47.385  1086  1254 D ASH     : @ 967418.187: tcs3701: start power rail timer, state:3
01-09 11:35:47.425  1086  1254 I ASH     : @ 967418.227: tcs3701: stop power rail pending_off timer
01-09 11:35:47.425  1086  1254 D ASH     : @ 967418.227: tcs3701: start power rail timer, state:3
01-09 11:35:47.465  1086  1254 I ASH     : @ 967418.267: tcs3701: stop power rail pending_off timer
01-09 11:35:47.465  1086  1254 D ASH     : @ 967418.267: tcs3701: start power rail timer, state:3
01-09 11:35:47.505  1086  1254 I ASH     : @ 967418.307: tcs3701: stop power rail pending_off timer
01-09 11:35:47.505  1086  1254 D ASH     : @ 967418.307: tcs3701: start power rail timer, state:3
01-09 11:35:47.545  1086  1254 I ASH     : @ 967418.347: tcs3701: stop power rail pending_off timer
01-09 11:35:47.545  1086  1254 D ASH     : @ 967418.347: tcs3701: start power rail timer, state:3
01-09 11:35:47.584  1086  1254 I ASH     : @ 967418.387: tcs3701: stop power rail pending_off timer
01-09 11:35:47.584  1086  1254 D ASH     : @ 967418.387: tcs3701: start power rail timer, state:3
01-09 11:35:47.625  1086  1254 I ASH     : @ 967418.427: tcs3701: stop power rail pending_off timer
01-09 11:35:47.625  1086  1254 D ASH     : @ 967418.427: tcs3701: start power rail timer, state:3
01-09 11:35:47.665  1086  1254 I ASH     : @ 967418.467: tcs3701: stop power rail pending_off timer
01-09 11:35:47.665  1086  1254 D ASH     : @ 967418.467: tcs3701: start power rail timer, state:3
01-09 11:35:47.705  1086  1254 I ASH     : @ 967418.507: tcs3701: stop power rail pending_off timer
01-09 11:35:47.705  1086  1254 D ASH     : @ 967418.507: tcs3701: start power rail timer, state:3
01-09 11:35:47.744  1086  1254 I ASH     : @ 967418.547: tcs3701: stop power rail pending_off timer
01-09 11:35:47.745  1086  1254 D ASH     : @ 967418.547: tcs3701: start power rail timer, state:3
01-09 11:35:47.785  1086  1254 I ASH     : @ 967418.587: tcs3701: stop power rail pending_off timer
01-09 11:35:47.785  1086  1254 D ASH     : @ 967418.587: tcs3701: start power rail timer, state:3
01-09 11:35:47.825  1086  1254 I ASH     : @ 967418.627: tcs3701: stop power rail pending_off timer
01-09 11:35:47.825  1086  1254 D ASH     : @ 967418.627: tcs3701: start power rail timer, state:3
01-09 11:35:47.866  1086  1254 I ASH     : @ 967418.667: tcs3701: stop power rail pending_off timer
01-09 11:35:47.866  1086  1254 D ASH     : @ 967418.667: tcs3701: start power rail timer, state:3
01-09 11:35:47.904  1086  1254 I ASH     : @ 967418.707: tcs3701: stop power rail pending_off timer
01-09 11:35:47.905  1086  1254 D ASH     : @ 967418.707: tcs3701: start power rail timer, state:3
01-09 11:35:47.944  1086  1254 I ASH     : @ 967418.747: tcs3701: stop power rail pending_off timer
01-09 11:35:47.945  1086  1254 D ASH     : @ 967418.747: tcs3701: start power rail timer, state:3
01-09 11:35:47.985  1086  1254 I ASH     : @ 967418.787: tcs3701: stop power rail pending_off timer
01-09 11:35:47.985  1086  1254 D ASH     : @ 967418.787: tcs3701: start power rail timer, state:3
01-09 11:35:48.024  1086  1254 I ASH     : @ 967418.827: tcs3701: stop power rail pending_off timer
01-09 11:35:48.025  1086  1254 D ASH     : @ 967418.827: tcs3701: start power rail timer, state:3
01-09 11:35:48.065  1086  1254 I ASH     : @ 967418.867: tcs3701: stop power rail pending_off timer
01-09 11:35:48.065  1086  1254 D ASH     : @ 967418.867: tcs3701: start power rail timer, state:3
01-09 11:35:48.105  1086  1254 I ASH     : @ 967418.907: tcs3701: stop power rail pending_off timer
01-09 11:35:48.105  1086  1254 D ASH     : @ 967418.907: tcs3701: start power rail timer, state:3
01-09 11:35:48.144  1086  1254 I ASH     : @ 967418.947: tcs3701: stop power rail pending_off timer
01-09 11:35:48.145  1086  1254 D ASH     : @ 967418.947: tcs3701: start power rail timer, state:3
01-09 11:35:48.185  1086  1254 I ASH     : @ 967418.987: tcs3701: stop power rail pending_off timer
01-09 11:35:48.185  1086  1254 D ASH     : @ 967418.987: tcs3701: start power rail timer, state:3
01-09 11:35:48.225  1086  1254 I ASH     : @ 967419.027: tcs3701: stop power rail pending_off timer
01-09 11:35:48.225  1086  1254 D ASH     : @ 967419.027: tcs3701: start power rail timer, state:3
01-09 11:35:48.264  1086  1254 I ASH     : @ 967419.067: tcs3701: stop power rail pending_off timer
01-09 11:35:48.265  1086  1254 D ASH     : @ 967419.067: tcs3701: start power rail timer, state:3
01-09 11:35:48.305  1086  1254 I ASH     : @ 967419.107: tcs3701: stop power rail pending_off timer
01-09 11:35:48.305  1086  1254 D ASH     : @ 967419.107: tcs3701: start power rail timer, state:3
01-09 11:35:48.345  1086  1254 I ASH     : @ 967419.147: tcs3701: stop power rail pending_off timer
01-09 11:35:48.345  1086  1254 D ASH     : @ 967419.147: tcs3701: start power rail timer, state:3
01-09 11:35:48.385  1086  1254 I ASH     : @ 967419.187: tcs3701: stop power rail pending_off timer
01-09 11:35:48.385  1086  1254 D ASH     : @ 967419.187: tcs3701: start power rail timer, state:3
01-09 11:35:48.424  1086  1254 I ASH     : @ 967419.227: tcs3701: stop power rail pending_off timer
01-09 11:35:48.425  1086  1254 D ASH     : @ 967419.227: tcs3701: start power rail timer, state:3
01-09 11:35:48.465  1086  1254 I ASH     : @ 967419.267: tcs3701: stop power rail pending_off timer
01-09 11:35:48.465  1086  1254 D ASH     : @ 967419.267: tcs3701: start power rail timer, state:3
01-09 11:35:48.505  1086  1254 I ASH     : @ 967419.307: tcs3701: stop power rail pending_off timer
01-09 11:35:48.505  1086  1254 D ASH     : @ 967419.307: tcs3701: start power rail timer, state:3
01-09 11:35:48.545  1086  1254 I ASH     : @ 967419.347: tcs3701: stop power rail pending_off timer
01-09 11:35:48.545  1086  1254 D ASH     : @ 967419.347: tcs3701: start power rail timer, state:3
01-09 11:35:48.585  1086  1254 I ASH     : @ 967419.387: tcs3701: stop power rail pending_off timer
01-09 11:35:48.585  1086  1254 D ASH     : @ 967419.387: tcs3701: start power rail timer, state:3
01-09 11:35:48.624  1086  1254 I ASH     : @ 967419.427: tcs3701: stop power rail pending_off timer
01-09 11:35:48.625  1086  1254 D ASH     : @ 967419.427: tcs3701: start power rail timer, state:3
01-09 11:35:48.664  1086  1254 I ASH     : @ 967419.467: tcs3701: stop power rail pending_off timer
01-09 11:35:48.665  1086  1254 D ASH     : @ 967419.467: tcs3701: start power rail timer, state:3
01-09 11:35:48.704  1086  1254 I ASH     : @ 967419.507: tcs3701: stop power rail pending_off timer
01-09 11:35:48.705  1086  1254 D ASH     : @ 967419.507: tcs3701: start power rail timer, state:3
01-09 11:35:48.745  1086  1254 I ASH     : @ 967419.547: tcs3701: stop power rail pending_off timer
01-09 11:35:48.745  1086  1254 D ASH     : @ 967419.547: tcs3701: start power rail timer, state:3
01-09 11:35:48.785  1086  1254 I ASH     : @ 967419.587: tcs3701: stop power rail pending_off timer
01-09 11:35:48.785  1086  1254 D ASH     : @ 967419.587: tcs3701: start power rail timer, state:3
01-09 11:35:48.825  1086  1254 I ASH     : @ 967419.627: tcs3701: stop power rail pending_off timer
01-09 11:35:48.825  1086  1254 D ASH     : @ 967419.627: tcs3701: start power rail timer, state:3
01-09 11:35:48.865  1086  1254 I ASH     : @ 967419.667: tcs3701: stop power rail pending_off timer
01-09 11:35:48.865  1086  1254 D ASH     : @ 967419.667: tcs3701: start power rail timer, state:3
01-09 11:35:48.905  1086  1254 I ASH     : @ 967419.707: tcs3701: stop power rail pending_off timer
01-09 11:35:48.905  1086  1254 D ASH     : @ 967419.707: tcs3701: start power rail timer, state:3
01-09 11:35:48.945  1086  1254 I ASH     : @ 967419.747: tcs3701: stop power rail pending_off timer
01-09 11:35:48.945  1086  1254 D ASH     : @ 967419.747: tcs3701: start power rail timer, state:3
01-09 11:35:48.985  1086  1254 I ASH     : @ 967419.787: tcs3701: stop power rail pending_off timer
01-09 11:35:48.985  1086  1254 D ASH     : @ 967419.787: tcs3701: start power rail timer, state:3
01-09 11:35:49.024  1086  1254 I ASH     : @ 967419.827: tcs3701: stop power rail pending_off timer
01-09 11:35:49.025  1086  1254 D ASH     : @ 967419.827: tcs3701: start power rail timer, state:3
01-09 11:35:49.065  1086  1254 I ASH     : @ 967419.867: tcs3701: stop power rail pending_off timer
01-09 11:35:49.065  1086  1254 D ASH     : @ 967419.867: tcs3701: start power rail timer, state:3
01-09 11:35:49.105  1086  1254 I ASH     : @ 967419.907: tcs3701: stop power rail pending_off timer
01-09 11:35:49.105  1086  1254 D ASH     : @ 967419.907: tcs3701: start power rail timer, state:3
01-09 11:35:49.145  1086  1254 I ASH     : @ 967419.947: tcs3701: stop power rail pending_off timer
01-09 11:35:49.145  1086  1254 D ASH     : @ 967419.947: tcs3701: start power rail timer, state:3
01-09 11:35:49.185  1086  1254 I ASH     : @ 967419.987: tcs3701: stop power rail pending_off timer
01-09 11:35:49.185  1086  1254 D ASH     : @ 967419.987: tcs3701: start power rail timer, state:3
01-09 11:35:49.224  1086  1254 I ASH     : @ 967420.027: tcs3701: stop power rail pending_off timer
01-09 11:35:49.225  1086  1254 D ASH     : @ 967420.027: tcs3701: start power rail timer, state:3
01-09 11:35:49.265  1086  1254 I ASH     : @ 967420.067: tcs3701: stop power rail pending_off timer
01-09 11:35:49.265  1086  1254 D ASH     : @ 967420.067: tcs3701: start power rail timer, state:3
01-09 11:35:49.305  1086  1254 I ASH     : @ 967420.107: tcs3701: stop power rail pending_off timer
01-09 11:35:49.305  1086  1254 D ASH     : @ 967420.107: tcs3701: start power rail timer, state:3
01-09 11:35:49.345  1086  1254 I ASH     : @ 967420.147: tcs3701: stop power rail pending_off timer
01-09 11:35:49.345  1086  1254 D ASH     : @ 967420.147: tcs3701: start power rail timer, state:3
01-09 11:35:49.385  1086  1254 I ASH     : @ 967420.187: tcs3701: stop power rail pending_off timer
01-09 11:35:49.385  1086  1254 D ASH     : @ 967420.187: tcs3701: start power rail timer, state:3
01-09 11:35:49.424  1086  1254 I ASH     : @ 967420.227: tcs3701: stop power rail pending_off timer
01-09 11:35:49.425  1086  1254 D ASH     : @ 967420.227: tcs3701: start power rail timer, state:3
01-09 11:35:49.465  1086  1254 I ASH     : @ 967420.267: tcs3701: stop power rail pending_off timer
01-09 11:35:49.465  1086  1254 D ASH     : @ 967420.267: tcs3701: start power rail timer, state:3
01-09 11:35:49.505  1086  1254 I ASH     : @ 967420.307: tcs3701: stop power rail pending_off timer
01-09 11:35:49.505  1086  1254 D ASH     : @ 967420.307: tcs3701: start power rail timer, state:3
01-09 11:35:49.545  1086  1254 I ASH     : @ 967420.347: tcs3701: stop power rail pending_off timer
01-09 11:35:49.545  1086  1254 D ASH     : @ 967420.347: tcs3701: start power rail timer, state:3
01-09 11:35:49.585  1086  1254 I ASH     : @ 967420.387: tcs3701: stop power rail pending_off timer
01-09 11:35:49.585  1086  1254 D ASH     : @ 967420.387: tcs3701: start power rail timer, state:3
01-09 11:35:49.625  1086  1254 I ASH     : @ 967420.427: tcs3701: stop power rail pending_off timer
01-09 11:35:49.625  1086  1254 D ASH     : @ 967420.427: tcs3701: start power rail timer, state:3
01-09 11:35:49.664  1086  1254 I ASH     : @ 967420.467: tcs3701: stop power rail pending_off timer
01-09 11:35:49.665  1086  1254 D ASH     : @ 967420.467: tcs3701: start power rail timer, state:3
01-09 11:35:49.705  1086  1254 I ASH     : @ 967420.507: tcs3701: stop power rail pending_off timer
01-09 11:35:49.705  1086  1254 D ASH     : @ 967420.507: tcs3701: start power rail timer, state:3
01-09 11:35:49.745  1086  1254 I ASH     : @ 967420.547: tcs3701: stop power rail pending_off timer
01-09 11:35:49.745  1086  1254 D ASH     : @ 967420.547: tcs3701: start power rail timer, state:3
01-09 11:35:49.785  1086  1254 I ASH     : @ 967420.587: tcs3701: stop power rail pending_off timer
01-09 11:35:49.785  1086  1254 D ASH     : @ 967420.587: tcs3701: start power rail timer, state:3
01-09 11:35:49.825  1086  1254 I ASH     : @ 967420.627: tcs3701: stop power rail pending_off timer
01-09 11:35:49.825  1086  1254 D ASH     : @ 967420.627: tcs3701: start power rail timer, state:3
01-09 11:35:49.865  1086  1254 I ASH     : @ 967420.667: tcs3701: stop power rail pending_off timer
01-09 11:35:49.865  1086  1254 D ASH     : @ 967420.667: tcs3701: start power rail timer, state:3
01-09 11:35:49.905  1086  1254 I ASH     : @ 967420.707: tcs3701: stop power rail pending_off timer
01-09 11:35:49.905  1086  1254 D ASH     : @ 967420.707: tcs3701: start power rail timer, state:3
01-09 11:35:49.945  1086  1254 I ASH     : @ 967420.747: tcs3701: stop power rail pending_off timer
01-09 11:35:49.945  1086  1254 D ASH     : @ 967420.747: tcs3701: start power rail timer, state:3
01-09 11:35:49.985  1086  1254 I ASH     : @ 967420.787: tcs3701: stop power rail pending_off timer
01-09 11:35:49.985  1086  1254 D ASH     : @ 967420.787: tcs3701: start power rail timer, state:3
01-09 11:35:50.025  1086  1254 I ASH     : @ 967420.827: tcs3701: stop power rail pending_off timer
01-09 11:35:50.025  1086  1254 D ASH     : @ 967420.827: tcs3701: start power rail timer, state:3
01-09 11:35:50.064  1086  1254 I ASH     : @ 967420.867: tcs3701: stop power rail pending_off timer
01-09 11:35:50.065  1086  1254 D ASH     : @ 967420.867: tcs3701: start power rail timer, state:3
01-09 11:35:50.073  1122  1183 D rlsservice: MonitorDisplayStatus client num 0, display status 1, sensor status 0
01-09 11:35:50.105  1086  1254 I ASH     : @ 967420.907: tcs3701: stop power rail pending_off timer
01-09 11:35:50.105  1086  1254 D ASH     : @ 967420.907: tcs3701: start power rail timer, state:3
01-09 11:35:50.144  1086  1254 I ASH     : @ 967420.947: tcs3701: stop power rail pending_off timer
01-09 11:35:50.145  1086  1254 D ASH     : @ 967420.947: tcs3701: start power rail timer, state:3
01-09 11:35:50.185  1086  1254 I ASH     : @ 967420.987: tcs3701: stop power rail pending_off timer
01-09 11:35:50.185  1086  1254 D ASH     : @ 967420.987: tcs3701: start power rail timer, state:3
01-09 11:35:50.225  1086  1254 I ASH     : @ 967421.027: tcs3701: stop power rail pending_off timer
01-09 11:35:50.225  1086  1254 D ASH     : @ 967421.027: tcs3701: start power rail timer, state:3
01-09 11:35:50.265  1086  1254 I ASH     : @ 967421.067: tcs3701: stop power rail pending_off timer
01-09 11:35:50.265  1086  1254 D ASH     : @ 967421.067: tcs3701: start power rail timer, state:3
01-09 11:35:50.305  1086  1254 I ASH     : @ 967421.107: tcs3701: stop power rail pending_off timer
01-09 11:35:50.305  1086  1254 D ASH     : @ 967421.107: tcs3701: start power rail timer, state:3
01-09 11:35:50.345  1086  1254 I ASH     : @ 967421.147: tcs3701: stop power rail pending_off timer
01-09 11:35:50.345  1086  1254 D ASH     : @ 967421.147: tcs3701: start power rail timer, state:3
01-09 11:35:50.385  1086  1254 I ASH     : @ 967421.187: tcs3701: stop power rail pending_off timer
01-09 11:35:50.385  1086  1254 D ASH     : @ 967421.187: tcs3701: start power rail timer, state:3
01-09 11:35:50.425  1086  1254 I ASH     : @ 967421.227: tcs3701: stop power rail pending_off timer
01-09 11:35:50.425  1086  1254 D ASH     : @ 967421.227: tcs3701: start power rail timer, state:3
01-09 11:35:50.465  1086  1254 I ASH     : @ 967421.267: tcs3701: stop power rail pending_off timer
01-09 11:35:50.465  1086  1254 D ASH     : @ 967421.267: tcs3701: start power rail timer, state:3
01-09 11:35:50.504  1086  1254 I ASH     : @ 967421.307: tcs3701: stop power rail pending_off timer
01-09 11:35:50.505  1086  1254 D ASH     : @ 967421.307: tcs3701: start power rail timer, state:3
01-09 11:35:50.545  1086  1254 I ASH     : @ 967421.347: tcs3701: stop power rail pending_off timer
01-09 11:35:50.545  1086  1254 D ASH     : @ 967421.347: tcs3701: start power rail timer, state:3
01-09 11:35:50.582 22217 22326 I PlayCommon: [54] alst.j(32): Preparing logs for uploading
01-09 11:35:50.584 22217 22326 I PlayCommon: [54] alst.j(149): Connecting to server for timestamp: https://play.googleapis.com/play/log/timestamp
01-09 11:35:50.585  1086  1254 I ASH     : @ 967421.387: tcs3701: stop power rail pending_off timer
01-09 11:35:50.585  1086  1254 D ASH     : @ 967421.387: tcs3701: start power rail timer, state:3
01-09 11:35:50.587 22217 22326 E PlayCommon: [54] alst.j(150): Failed to connect to server for server timestamp: java.net.UnknownHostException: Unable to resolve host "play.googleapis.com": No address associated with hostname
01-09 11:35:50.588 22217 22326 W PlayCommon: [54] alst.l(1): No account for auth token provided
01-09 11:35:50.588 22217 22326 I PlayCommon: [54] alst.j(183): Connecting to server: https://play.googleapis.com/play/log?format=raw&proto_v2=true
01-09 11:35:50.589 22217 22326 E PlayCommon: [54] alst.j(189): Failed to connect to server for log upload.
01-09 11:35:50.625  1086  1254 I ASH     : @ 967421.427: tcs3701: stop power rail pending_off timer
01-09 11:35:50.625  1086  1254 D ASH     : @ 967421.427: tcs3701: start power rail timer, state:3
01-09 11:35:50.665  1086  1254 I ASH     : @ 967421.467: tcs3701: stop power rail pending_off timer
01-09 11:35:50.665  1086  1254 D ASH     : @ 967421.467: tcs3701: start power rail timer, state:3
01-09 11:35:50.705  1086  1254 I ASH     : @ 967421.507: tcs3701: stop power rail pending_off timer
01-09 11:35:50.705  1086  1254 D ASH     : @ 967421.507: tcs3701: start power rail timer, state:3
01-09 11:35:50.744  1086  1254 I ASH     : @ 967421.547: tcs3701: stop power rail pending_off timer
01-09 11:35:50.745  1086  1254 D ASH     : @ 967421.547: tcs3701: start power rail timer, state:3
01-09 11:35:50.784  1086  1254 I ASH     : @ 967421.587: tcs3701: stop power rail pending_off timer
01-09 11:35:50.785  1086  1254 D ASH     : @ 967421.587: tcs3701: start power rail timer, state:3
01-09 11:35:50.825  1086  1254 I ASH     : @ 967421.627: tcs3701: stop power rail pending_off timer
01-09 11:35:50.825  1086  1254 D ASH     : @ 967421.627: tcs3701: start power rail timer, state:3
01-09 11:35:50.864  1086  1254 I ASH     : @ 967421.667: tcs3701: stop power rail pending_off timer
01-09 11:35:50.865  1086  1254 D ASH     : @ 967421.667: tcs3701: start power rail timer, state:3
01-09 11:35:50.905  1086  1254 I ASH     : @ 967421.707: tcs3701: stop power rail pending_off timer
01-09 11:35:50.905  1086  1254 D ASH     : @ 967421.707: tcs3701: start power rail timer, state:3
01-09 11:35:50.945  1086  1254 I ASH     : @ 967421.747: tcs3701: stop power rail pending_off timer
01-09 11:35:50.945  1086  1254 D ASH     : @ 967421.747: tcs3701: start power rail timer, state:3
01-09 11:35:50.985  1086  1254 I ASH     : @ 967421.787: tcs3701: stop power rail pending_off timer
01-09 11:35:50.985  1086  1254 D ASH     : @ 967421.787: tcs3701: start power rail timer, state:3
01-09 11:35:51.025  1086  1254 I ASH     : @ 967421.827: tcs3701: stop power rail pending_off timer
01-09 11:35:51.025  1086  1254 D ASH     : @ 967421.827: tcs3701: start power rail timer, state:3
01-09 11:35:51.065  1086  1254 I ASH     : @ 967421.867: tcs3701: stop power rail pending_off timer
01-09 11:35:51.065  1086  1254 D ASH     : @ 967421.867: tcs3701: start power rail timer, state:3
01-09 11:35:51.104  1086  1254 I ASH     : @ 967421.907: tcs3701: stop power rail pending_off timer
01-09 11:35:51.105  1086  1254 D ASH     : @ 967421.907: tcs3701: start power rail timer, state:3
01-09 11:35:51.144  1086  1254 I ASH     : @ 967421.947: tcs3701: stop power rail pending_off timer
01-09 11:35:51.145  1086  1254 D ASH     : @ 967421.947: tcs3701: start power rail timer, state:3
01-09 11:35:51.185  1086  1254 I ASH     : @ 967421.987: tcs3701: stop power rail pending_off timer
01-09 11:35:51.185  1086  1254 D ASH     : @ 967421.987: tcs3701: start power rail timer, state:3
01-09 11:35:51.225  1086  1254 I ASH     : @ 967422.027: tcs3701: stop power rail pending_off timer
01-09 11:35:51.225  1086  1254 D ASH     : @ 967422.027: tcs3701: start power rail timer, state:3
01-09 11:35:51.265  1086  1254 I ASH     : @ 967422.067: tcs3701: stop power rail pending_off timer
01-09 11:35:51.265  1086  1254 D ASH     : @ 967422.067: tcs3701: start power rail timer, state:3
01-09 11:35:51.305  1086  1254 I ASH     : @ 967422.107: tcs3701: stop power rail pending_off timer
01-09 11:35:51.305  1086  1254 D ASH     : @ 967422.107: tcs3701: start power rail timer, state:3
01-09 11:35:51.344  1086  1254 I ASH     : @ 967422.147: tcs3701: stop power rail pending_off timer
01-09 11:35:51.345  1086  1254 D ASH     : @ 967422.147: tcs3701: start power rail timer, state:3
01-09 11:35:51.385  1086  1254 I ASH     : @ 967422.187: tcs3701: stop power rail pending_off timer
01-09 11:35:51.385  1086  1254 D ASH     : @ 967422.187: tcs3701: start power rail timer, state:3
01-09 11:35:51.425  1086  1254 I ASH     : @ 967422.227: tcs3701: stop power rail pending_off timer
01-09 11:35:51.425  1086  1254 D ASH     : @ 967422.227: tcs3701: start power rail timer, state:3
01-09 11:35:51.465  1086  1254 I ASH     : @ 967422.267: tcs3701: stop power rail pending_off timer
01-09 11:35:51.465  1086  1254 D ASH     : @ 967422.267: tcs3701: start power rail timer, state:3
01-09 11:35:51.505  1086  1254 I ASH     : @ 967422.307: tcs3701: stop power rail pending_off timer
01-09 11:35:51.505  1086  1254 D ASH     : @ 967422.307: tcs3701: start power rail timer, state:3
01-09 11:35:51.545  1086  1254 I ASH     : @ 967422.347: tcs3701: stop power rail pending_off timer
01-09 11:35:51.545  1086  1254 D ASH     : @ 967422.347: tcs3701: start power rail timer, state:3
01-09 11:35:51.585  1086  1254 I ASH     : @ 967422.387: tcs3701: stop power rail pending_off timer
01-09 11:35:51.585  1086  1254 D ASH     : @ 967422.387: tcs3701: start power rail timer, state:3
01-09 11:35:51.625  1086  1254 I ASH     : @ 967422.427: tcs3701: stop power rail pending_off timer
01-09 11:35:51.625  1086  1254 D ASH     : @ 967422.427: tcs3701: start power rail timer, state:3
01-09 11:35:51.665  1086  1254 I ASH     : @ 967422.467: tcs3701: stop power rail pending_off timer
01-09 11:35:51.665  1086  1254 D ASH     : @ 967422.467: tcs3701: start power rail timer, state:3
01-09 11:35:51.705  1086  1254 I ASH     : @ 967422.507: tcs3701: stop power rail pending_off timer
01-09 11:35:51.705  1086  1254 D ASH     : @ 967422.507: tcs3701: start power rail timer, state:3
01-09 11:35:51.744  1086  1254 I ASH     : @ 967422.547: tcs3701: stop power rail pending_off timer
01-09 11:35:51.745  1086  1254 D ASH     : @ 967422.547: tcs3701: start power rail timer, state:3
01-09 11:35:51.785  1086  1254 I ASH     : @ 967422.587: tcs3701: stop power rail pending_off timer
01-09 11:35:51.785  1086  1254 D ASH     : @ 967422.587: tcs3701: start power rail timer, state:3
01-09 11:35:51.825  1086  1254 I ASH     : @ 967422.627: tcs3701: stop power rail pending_off timer
01-09 11:35:51.825  1086  1254 D ASH     : @ 967422.627: tcs3701: start power rail timer, state:3
01-09 11:35:51.864  1086  1254 I ASH     : @ 967422.667: tcs3701: stop power rail pending_off timer
01-09 11:35:51.865  1086  1254 D ASH     : @ 967422.667: tcs3701: start power rail timer, state:3
01-09 11:35:51.905  1086  1254 I ASH     : @ 967422.707: tcs3701: stop power rail pending_off timer
01-09 11:35:51.905  1086  1254 D ASH     : @ 967422.707: tcs3701: start power rail timer, state:3
01-09 11:35:51.945  1086  1254 I ASH     : @ 967422.747: tcs3701: stop power rail pending_off timer
01-09 11:35:51.945  1086  1254 D ASH     : @ 967422.747: tcs3701: start power rail timer, state:3
01-09 11:35:51.984  1086  1254 I ASH     : @ 967422.787: tcs3701: stop power rail pending_off timer
01-09 11:35:51.985  1086  1254 D ASH     : @ 967422.787: tcs3701: start power rail timer, state:3
01-09 11:35:52.025  1086  1254 I ASH     : @ 967422.827: tcs3701: stop power rail pending_off timer
01-09 11:35:52.025  1086  1254 D ASH     : @ 967422.827: tcs3701: start power rail timer, state:3
01-09 11:35:52.065  1086  1254 I ASH     : @ 967422.867: tcs3701: stop power rail pending_off timer
01-09 11:35:52.065  1086  1254 D ASH     : @ 967422.867: tcs3701: start power rail timer, state:3
01-09 11:35:52.105  1086  1254 I ASH     : @ 967422.907: tcs3701: stop power rail pending_off timer
01-09 11:35:52.105  1086  1254 D ASH     : @ 967422.907: tcs3701: start power rail timer, state:3
01-09 11:35:52.145  1086  1254 I ASH     : @ 967422.947: tcs3701: stop power rail pending_off timer
01-09 11:35:52.145  1086  1254 D ASH     : @ 967422.947: tcs3701: start power rail timer, state:3
01-09 11:35:52.185  1086  1254 I ASH     : @ 967422.987: tcs3701: stop power rail pending_off timer
01-09 11:35:52.185  1086  1254 D ASH     : @ 967422.987: tcs3701: start power rail timer, state:3
01-09 11:35:52.225  1086  1254 I ASH     : @ 967423.027: tcs3701: stop power rail pending_off timer
01-09 11:35:52.225  1086  1254 D ASH     : @ 967423.027: tcs3701: start power rail timer, state:3
01-09 11:35:52.265  1086  1254 I ASH     : @ 967423.067: tcs3701: stop power rail pending_off timer
01-09 11:35:52.265  1086  1254 D ASH     : @ 967423.067: tcs3701: start power rail timer, state:3
01-09 11:35:52.305  1086  1254 I ASH     : @ 967423.107: tcs3701: stop power rail pending_off timer
01-09 11:35:52.305  1086  1254 D ASH     : @ 967423.107: tcs3701: start power rail timer, state:3
01-09 11:35:52.345  1086  1254 I ASH     : @ 967423.147: tcs3701: stop power rail pending_off timer
01-09 11:35:52.345  1086  1254 D ASH     : @ 967423.147: tcs3701: start power rail timer, state:3
01-09 11:35:52.349 26472 26490 I Unity   : [showcase] frame cost — scene surfaces at 1080x2340 over 240 frames — tick 0.11 ms, draw mean 0.22 p50 0.20 p95 0.26 max 4.04 ms (3035.1 fps if unpaced)
01-09 11:35:52.349 26472 26490 I Unity   : UnityEngine.DebugLogHandler:Internal_Log(LogType, LogOption, String, Object)
01-09 11:35:52.349 26472 26490 I Unity   : Driftsys.Dashscene.Samples.DashsceneShowcase:Update()
01-09 11:35:52.349 26472 26490 I Unity   : 
01-09 11:35:52.385  1086  1254 I ASH     : @ 967423.187: tcs3701: stop power rail pending_off timer
01-09 11:35:52.385  1086  1254 D ASH     : @ 967423.187: tcs3701: start power rail timer, state:3
01-09 11:35:52.425  1086  1254 I ASH     : @ 967423.227: tcs3701: stop power rail pending_off timer
01-09 11:35:52.425  1086  1254 D ASH     : @ 967423.227: tcs3701: start power rail timer, state:3
01-09 11:35:52.464  1086  1254 I ASH     : @ 967423.267: tcs3701: stop power rail pending_off timer
01-09 11:35:52.465  1086  1254 D ASH     : @ 967423.267: tcs3701: start power rail timer, state:3
01-09 11:35:52.505  1086  1254 I ASH     : @ 967423.307: tcs3701: stop power rail pending_off timer
01-09 11:35:52.505  1086  1254 D ASH     : @ 967423.307: tcs3701: start power rail timer, state:3
01-09 11:35:52.545  1086  1254 I ASH     : @ 967423.347: tcs3701: stop power rail pending_off timer
01-09 11:35:52.545  1086  1254 D ASH     : @ 967423.347: tcs3701: start power rail timer, state:3
01-09 11:35:52.585  1086  1254 I ASH     : @ 967423.387: tcs3701: stop power rail pending_off timer
01-09 11:35:52.585  1086  1254 D ASH     : @ 967423.387: tcs3701: start power rail timer, state:3
01-09 11:35:52.625  1086  1254 I ASH     : @ 967423.427: tcs3701: stop power rail pending_off timer
01-09 11:35:52.625  1086  1254 D ASH     : @ 967423.427: tcs3701: start power rail timer, state:3
01-09 11:35:52.664  1086  1254 I ASH     : @ 967423.467: tcs3701: stop power rail pending_off timer
01-09 11:35:52.665  1086  1254 D ASH     : @ 967423.467: tcs3701: start power rail timer, state:3
01-09 11:35:52.705  1086  1254 I ASH     : @ 967423.507: tcs3701: stop power rail pending_off timer
01-09 11:35:52.705  1086  1254 D ASH     : @ 967423.507: tcs3701: start power rail timer, state:3
01-09 11:35:52.745  1086  1254 I ASH     : @ 967423.547: tcs3701: stop power rail pending_off timer
01-09 11:35:52.745  1086  1254 D ASH     : @ 967423.547: tcs3701: start power rail timer, state:3
01-09 11:35:52.785  1086  1254 I ASH     : @ 967423.587: tcs3701: stop power rail pending_off timer
01-09 11:35:52.785  1086  1254 D ASH     : @ 967423.587: tcs3701: start power rail timer, state:3
01-09 11:35:52.825  1086  1254 I ASH     : @ 967423.627: tcs3701: stop power rail pending_off timer
01-09 11:35:52.825  1086  1254 D ASH     : @ 967423.627: tcs3701: start power rail timer, state:3
01-09 11:35:52.864  1086  1254 I ASH     : @ 967423.667: tcs3701: stop power rail pending_off timer
01-09 11:35:52.865  1086  1254 D ASH     : @ 967423.667: tcs3701: start power rail timer, state:3
01-09 11:35:52.905  1086  1254 I ASH     : @ 967423.707: tcs3701: stop power rail pending_off timer
01-09 11:35:52.905  1086  1254 D ASH     : @ 967423.707: tcs3701: start power rail timer, state:3
01-09 11:35:52.945  1086  1254 I ASH     : @ 967423.747: tcs3701: stop power rail pending_off timer
01-09 11:35:52.945  1086  1254 D ASH     : @ 967423.747: tcs3701: start power rail timer, state:3
01-09 11:35:52.985  1086  1254 I ASH     : @ 967423.787: tcs3701: stop power rail pending_off timer
01-09 11:35:52.985  1086  1254 D ASH     : @ 967423.787: tcs3701: start power rail timer, state:3
01-09 11:35:53.025  1086  1254 I ASH     : @ 967423.827: tcs3701: stop power rail pending_off timer
01-09 11:35:53.025  1086  1254 D ASH     : @ 967423.827: tcs3701: start power rail timer, state:3
01-09 11:35:53.065  1086  1254 I ASH     : @ 967423.867: tcs3701: stop power rail pending_off timer
01-09 11:35:53.065  1086  1254 D ASH     : @ 967423.867: tcs3701: start power rail timer, state:3
01-09 11:35:53.104  1086  1254 I ASH     : @ 967423.907: tcs3701: stop power rail pending_off timer
01-09 11:35:53.105  1086  1254 D ASH     : @ 967423.907: tcs3701: start power rail timer, state:3
01-09 11:35:53.145  1086  1254 I ASH     : @ 967423.947: tcs3701: stop power rail pending_off timer
01-09 11:35:53.145  1086  1254 D ASH     : @ 967423.947: tcs3701: start power rail timer, state:3
01-09 11:35:53.185  1086  1254 I ASH     : @ 967423.987: tcs3701: stop power rail pending_off timer
01-09 11:35:53.185  1086  1254 D ASH     : @ 967423.987: tcs3701: start power rail timer, state:3
01-09 11:35:53.225  1086  1254 I ASH     : @ 967424.027: tcs3701: stop power rail pending_off timer
01-09 11:35:53.225  1086  1254 D ASH     : @ 967424.027: tcs3701: start power rail timer, state:3
01-09 11:35:53.264  1086  1254 I ASH     : @ 967424.067: tcs3701: stop power rail pending_off timer
01-09 11:35:53.265  1086  1254 D ASH     : @ 967424.067: tcs3701: start power rail timer, state:3
01-09 11:35:53.304  1086  1254 I ASH     : @ 967424.107: tcs3701: stop power rail pending_off timer
01-09 11:35:53.305  1086  1254 D ASH     : @ 967424.107: tcs3701: start power rail timer, state:3
01-09 11:35:53.345  1086  1254 I ASH     : @ 967424.147: tcs3701: stop power rail pending_off timer
01-09 11:35:53.345  1086  1254 D ASH     : @ 967424.147: tcs3701: start power rail timer, state:3
01-09 11:35:53.385  1086  1254 I ASH     : @ 967424.187: tcs3701: stop power rail pending_off timer
01-09 11:35:53.385  1086  1254 D ASH     : @ 967424.187: tcs3701: start power rail timer, state:3
01-09 11:35:53.425  1086  1254 I ASH     : @ 967424.227: tcs3701: stop power rail pending_off timer
01-09 11:35:53.425  1086  1254 D ASH     : @ 967424.227: tcs3701: start power rail timer, state:3
01-09 11:35:53.465  1086  1254 I ASH     : @ 967424.267: tcs3701: stop power rail pending_off timer
01-09 11:35:53.465  1086  1254 D ASH     : @ 967424.267: tcs3701: start power rail timer, state:3
01-09 11:35:53.505  1086  1254 I ASH     : @ 967424.307: tcs3701: stop power rail pending_off timer
01-09 11:35:53.505  1086  1254 D ASH     : @ 967424.307: tcs3701: start power rail timer, state:3
01-09 11:35:53.545  1086  1254 I ASH     : @ 967424.347: tcs3701: stop power rail pending_off timer
01-09 11:35:53.545  1086  1254 D ASH     : @ 967424.347: tcs3701: start power rail timer, state:3
01-09 11:35:53.585  1086  1254 I ASH     : @ 967424.387: tcs3701: stop power rail pending_off timer
01-09 11:35:53.585  1086  1254 D ASH     : @ 967424.387: tcs3701: start power rail timer, state:3
01-09 11:35:53.625  1086  1254 I ASH     : @ 967424.427: tcs3701: stop power rail pending_off timer
01-09 11:35:53.625  1086  1254 D ASH     : @ 967424.427: tcs3701: start power rail timer, state:3
01-09 11:35:53.665  1086  1254 I ASH     : @ 967424.467: tcs3701: stop power rail pending_off timer
01-09 11:35:53.665  1086  1254 D ASH     : @ 967424.467: tcs3701: start power rail timer, state:3
01-09 11:35:53.705  1086  1254 I ASH     : @ 967424.507: tcs3701: stop power rail pending_off timer
01-09 11:35:53.705  1086  1254 D ASH     : @ 967424.507: tcs3701: start power rail timer, state:3
01-09 11:35:53.745  1086  1254 I ASH     : @ 967424.547: tcs3701: stop power rail pending_off timer
01-09 11:35:53.745  1086  1254 D ASH     : @ 967424.547: tcs3701: start power rail timer, state:3
01-09 11:35:53.784  1086  1254 I ASH     : @ 967424.587: tcs3701: stop power rail pending_off timer
01-09 11:35:53.785  1086  1254 D ASH     : @ 967424.587: tcs3701: start power rail timer, state:3
01-09 11:35:53.825  1086  1254 I ASH     : @ 967424.627: tcs3701: stop power rail pending_off timer
01-09 11:35:53.825  1086  1254 D ASH     : @ 967424.627: tcs3701: start power rail timer, state:3
01-09 11:35:53.864  1086  1254 I ASH     : @ 967424.667: tcs3701: stop power rail pending_off timer
01-09 11:35:53.864  1086  1254 D ASH     : @ 967424.667: tcs3701: start power rail timer, state:3
01-09 11:35:53.905  1086  1254 I ASH     : @ 967424.707: tcs3701: stop power rail pending_off timer
01-09 11:35:53.905  1086  1254 D ASH     : @ 967424.707: tcs3701: start power rail timer, state:3
01-09 11:35:53.944  1086  1254 I ASH     : @ 967424.747: tcs3701: stop power rail pending_off timer
01-09 11:35:53.945  1086  1254 D ASH     : @ 967424.747: tcs3701: start power rail timer, state:3
01-09 11:35:53.957 26472 26472 D CompatibilityChangeReporter: Compat change id reported: 150939131; UID 10273; state: ENABLED
01-09 11:35:53.985  1086  1254 I ASH     : @ 967424.787: tcs3701: stop power rail pending_off timer
01-09 11:35:53.985  1086  1254 D ASH     : @ 967424.787: tcs3701: start power rail timer, state:3
01-09 11:35:54.025  1086  1254 I ASH     : @ 967424.827: tcs3701: stop power rail pending_off timer
01-09 11:35:54.025  1086  1254 D ASH     : @ 967424.827: tcs3701: start power rail timer, state:3
01-09 11:35:54.065  1086  1254 I ASH     : @ 967424.867: tcs3701: stop power rail pending_off timer
01-09 11:35:54.065  1086  1254 D ASH     : @ 967424.867: tcs3701: start power rail timer, state:3
01-09 11:35:54.104  1086  1254 I ASH     : @ 967424.907: tcs3701: stop power rail pending_off timer
01-09 11:35:54.104  1086  1254 D ASH     : @ 967424.907: tcs3701: start power rail timer, state:3
01-09 11:35:54.144  1086  1254 I ASH     : @ 967424.947: tcs3701: stop power rail pending_off timer
01-09 11:35:54.144  1086  1254 D ASH     : @ 967424.947: tcs3701: start power rail timer, state:3
01-09 11:35:54.185  1086  1254 I ASH     : @ 967424.987: tcs3701: stop power rail pending_off timer
01-09 11:35:54.185  1086  1254 D ASH     : @ 967424.987: tcs3701: start power rail timer, state:3
01-09 11:35:54.225  1086  1254 I ASH     : @ 967425.027: tcs3701: stop power rail pending_off timer
01-09 11:35:54.225  1086  1254 D ASH     : @ 967425.027: tcs3701: start power rail timer, state:3
01-09 11:35:54.265  1086  1254 I ASH     : @ 967425.067: tcs3701: stop power rail pending_off timer
01-09 11:35:54.265  1086  1254 D ASH     : @ 967425.067: tcs3701: start power rail timer, state:3
01-09 11:35:54.304  1086  1254 I ASH     : @ 967425.107: tcs3701: stop power rail pending_off timer
01-09 11:35:54.305  1086  1254 D ASH     : @ 967425.107: tcs3701: start power rail timer, state:3
01-09 11:35:54.345  1086  1254 I ASH     : @ 967425.147: tcs3701: stop power rail pending_off timer
01-09 11:35:54.345  1086  1254 D ASH     : @ 967425.147: tcs3701: start power rail timer, state:3
01-09 11:35:54.385  1086  1254 I ASH     : @ 967425.187: tcs3701: stop power rail pending_off timer
01-09 11:35:54.385  1086  1254 D ASH     : @ 967425.187: tcs3701: start power rail timer, state:3
01-09 11:35:54.425  1086  1254 I ASH     : @ 967425.227: tcs3701: stop power rail pending_off timer
01-09 11:35:54.425  1086  1254 D ASH     : @ 967425.227: tcs3701: start power rail timer, state:3
01-09 11:35:54.465  1086  1254 I ASH     : @ 967425.267: tcs3701: stop power rail pending_off timer
01-09 11:35:54.465  1086  1254 D ASH     : @ 967425.267: tcs3701: start power rail timer, state:3
01-09 11:35:54.504  1086  1254 I ASH     : @ 967425.307: tcs3701: stop power rail pending_off timer
01-09 11:35:54.505  1086  1254 D ASH     : @ 967425.307: tcs3701: start power rail timer, state:3
01-09 11:35:54.545  1086  1254 I ASH     : @ 967425.347: tcs3701: stop power rail pending_off timer
01-09 11:35:54.545  1086  1254 D ASH     : @ 967425.347: tcs3701: start power rail timer, state:3
01-09 11:35:54.585  1086  1254 I ASH     : @ 967425.387: tcs3701: stop power rail pending_off timer
01-09 11:35:54.585  1086  1254 D ASH     : @ 967425.387: tcs3701: start power rail timer, state:3
01-09 11:35:54.625  1086  1254 I ASH     : @ 967425.427: tcs3701: stop power rail pending_off timer
01-09 11:35:54.625  1086  1254 D ASH     : @ 967425.427: tcs3701: start power rail timer, state:3
01-09 11:35:54.665  1086  1254 I ASH     : @ 967425.467: tcs3701: stop power rail pending_off timer
01-09 11:35:54.665  1086  1254 D ASH     : @ 967425.467: tcs3701: start power rail timer, state:3
01-09 11:35:54.705  1086  1254 I ASH     : @ 967425.507: tcs3701: stop power rail pending_off timer
01-09 11:35:54.705  1086  1254 D ASH     : @ 967425.507: tcs3701: start power rail timer, state:3
01-09 11:35:54.745  1086  1254 I ASH     : @ 967425.547: tcs3701: stop power rail pending_off timer
01-09 11:35:54.745  1086  1254 D ASH     : @ 967425.547: tcs3701: start power rail timer, state:3
01-09 11:35:54.785  1086  1254 I ASH     : @ 967425.587: tcs3701: stop power rail pending_off timer
01-09 11:35:54.785  1086  1254 D ASH     : @ 967425.587: tcs3701: start power rail timer, state:3
01-09 11:35:54.825  1086  1254 I ASH     : @ 967425.627: tcs3701: stop power rail pending_off timer
01-09 11:35:54.825  1086  1254 D ASH     : @ 967425.627: tcs3701: start power rail timer, state:3
01-09 11:35:54.865  1086  1254 I ASH     : @ 967425.667: tcs3701: stop power rail pending_off timer
01-09 11:35:54.865  1086  1254 D ASH     : @ 967425.667: tcs3701: start power rail timer, state:3
01-09 11:35:54.905  1086  1254 I ASH     : @ 967425.707: tcs3701: stop power rail pending_off timer
01-09 11:35:54.905  1086  1254 D ASH     : @ 967425.707: tcs3701: start power rail timer, state:3
01-09 11:35:54.945  1086  1254 I ASH     : @ 967425.747: tcs3701: stop power rail pending_off timer
01-09 11:35:54.945  1086  1254 D ASH     : @ 967425.747: tcs3701: start power rail timer, state:3
01-09 11:35:54.984  1086  1254 I ASH     : @ 967425.787: tcs3701: stop power rail pending_off timer
01-09 11:35:54.985  1086  1254 D ASH     : @ 967425.787: tcs3701: start power rail timer, state:3
01-09 11:35:55.025  1086  1254 I ASH     : @ 967425.827: tcs3701: stop power rail pending_off timer
01-09 11:35:55.025  1086  1254 D ASH     : @ 967425.827: tcs3701: start power rail timer, state:3
01-09 11:35:55.065  1086  1254 I ASH     : @ 967425.867: tcs3701: stop power rail pending_off timer
01-09 11:35:55.065  1086  1254 D ASH     : @ 967425.867: tcs3701: start power rail timer, state:3
01-09 11:35:55.105  1086  1254 I ASH     : @ 967425.907: tcs3701: stop power rail pending_off timer
01-09 11:35:55.105  1086  1254 D ASH     : @ 967425.907: tcs3701: start power rail timer, state:3
01-09 11:35:55.145  1086  1254 I ASH     : @ 967425.947: tcs3701: stop power rail pending_off timer
01-09 11:35:55.145  1086  1254 D ASH     : @ 967425.947: tcs3701: start power rail timer, state:3
01-09 11:35:55.184  1086  1254 I ASH     : @ 967425.987: tcs3701: stop power rail pending_off timer
01-09 11:35:55.185  1086  1254 D ASH     : @ 967425.987: tcs3701: start power rail timer, state:3
01-09 11:35:55.225  1086  1254 I ASH     : @ 967426.027: tcs3701: stop power rail pending_off timer
01-09 11:35:55.225  1086  1254 D ASH     : @ 967426.027: tcs3701: start power rail timer, state:3
01-09 11:35:55.265  1086  1254 I ASH     : @ 967426.067: tcs3701: stop power rail pending_off timer
01-09 11:35:55.265  1086  1254 D ASH     : @ 967426.067: tcs3701: start power rail timer, state:3
01-09 11:35:55.305  1086  1254 I ASH     : @ 967426.107: tcs3701: stop power rail pending_off timer
01-09 11:35:55.305  1086  1254 D ASH     : @ 967426.107: tcs3701: start power rail timer, state:3
01-09 11:35:55.345  1086  1254 I ASH     : @ 967426.147: tcs3701: stop power rail pending_off timer
01-09 11:35:55.345  1086  1254 D ASH     : @ 967426.147: tcs3701: start power rail timer, state:3
01-09 11:35:55.385  1086  1254 I ASH     : @ 967426.187: tcs3701: stop power rail pending_off timer
01-09 11:35:55.385  1086  1254 D ASH     : @ 967426.187: tcs3701: start power rail timer, state:3
01-09 11:35:55.425  1086  1254 I ASH     : @ 967426.227: tcs3701: stop power rail pending_off timer
01-09 11:35:55.425  1086  1254 D ASH     : @ 967426.227: tcs3701: start power rail timer, state:3
01-09 11:35:55.464  1086  1254 I ASH     : @ 967426.267: tcs3701: stop power rail pending_off timer
01-09 11:35:55.465  1086  1254 D ASH     : @ 967426.267: tcs3701: start power rail timer, state:3
01-09 11:35:55.504  1086  1254 I ASH     : @ 967426.307: tcs3701: stop power rail pending_off timer
01-09 11:35:55.505  1086  1254 D ASH     : @ 967426.307: tcs3701: start power rail timer, state:3
01-09 11:35:55.545  1086  1254 I ASH     : @ 967426.347: tcs3701: stop power rail pending_off timer
01-09 11:35:55.545  1086  1254 D ASH     : @ 967426.347: tcs3701: start power rail timer, state:3
01-09 11:35:55.584  1086  1254 I ASH     : @ 967426.387: tcs3701: stop power rail pending_off timer
01-09 11:35:55.585  1086  1254 D ASH     : @ 967426.387: tcs3701: start power rail timer, state:3
01-09 11:35:55.625  1086  1254 I ASH     : @ 967426.427: tcs3701: stop power rail pending_off timer
01-09 11:35:55.625  1086  1254 D ASH     : @ 967426.427: tcs3701: start power rail timer, state:3
01-09 11:35:55.665  1086  1254 I ASH     : @ 967426.467: tcs3701: stop power rail pending_off timer
01-09 11:35:55.665  1086  1254 D ASH     : @ 967426.467: tcs3701: start power rail timer, state:3
01-09 11:35:55.705  1086  1254 I ASH     : @ 967426.507: tcs3701: stop power rail pending_off timer
01-09 11:35:55.705  1086  1254 D ASH     : @ 967426.507: tcs3701: start power rail timer, state:3
01-09 11:35:55.745  1086  1254 I ASH     : @ 967426.547: tcs3701: stop power rail pending_off timer
01-09 11:35:55.745  1086  1254 D ASH     : @ 967426.547: tcs3701: start power rail timer, state:3
01-09 11:35:55.784  1086  1254 I ASH     : @ 967426.587: tcs3701: stop power rail pending_off timer
01-09 11:35:55.785  1086  1254 D ASH     : @ 967426.587: tcs3701: start power rail timer, state:3
01-09 11:35:55.825  1086  1254 I ASH     : @ 967426.627: tcs3701: stop power rail pending_off timer
01-09 11:35:55.825  1086  1254 D ASH     : @ 967426.627: tcs3701: start power rail timer, state:3
01-09 11:35:55.865  1086  1254 I ASH     : @ 967426.667: tcs3701: stop power rail pending_off timer
01-09 11:35:55.865  1086  1254 D ASH     : @ 967426.667: tcs3701: start power rail timer, state:3
01-09 11:35:55.904  1086  1254 I ASH     : @ 967426.707: tcs3701: stop power rail pending_off timer
01-09 11:35:55.905  1086  1254 D ASH     : @ 967426.707: tcs3701: start power rail timer, state:3
01-09 11:35:55.945  1086  1254 I ASH     : @ 967426.747: tcs3701: stop power rail pending_off timer
01-09 11:35:55.945  1086  1254 D ASH     : @ 967426.747: tcs3701: start power rail timer, state:3
01-09 11:35:55.985  1086  1254 I ASH     : @ 967426.787: tcs3701: stop power rail pending_off timer
01-09 11:35:55.985  1086  1254 D ASH     : @ 967426.787: tcs3701: start power rail timer, state:3
01-09 11:35:56.025  1086  1254 I ASH     : @ 967426.827: tcs3701: stop power rail pending_off timer
01-09 11:35:56.025  1086  1254 D ASH     : @ 967426.827: tcs3701: start power rail timer, state:3
01-09 11:35:56.065  1086  1254 I ASH     : @ 967426.867: tcs3701: stop power rail pending_off timer
01-09 11:35:56.065  1086  1254 D ASH     : @ 967426.867: tcs3701: start power rail timer, state:3
01-09 11:35:56.105  1086  1254 I ASH     : @ 967426.907: tcs3701: stop power rail pending_off timer
01-09 11:35:56.105  1086  1254 D ASH     : @ 967426.907: tcs3701: start power rail timer, state:3
01-09 11:35:56.145  1086  1254 I ASH     : @ 967426.947: tcs3701: stop power rail pending_off timer
01-09 11:35:56.145  1086  1254 D ASH     : @ 967426.947: tcs3701: start power rail timer, state:3
01-09 11:35:56.185  1086  1254 I ASH     : @ 967426.987: tcs3701: stop power rail pending_off timer
01-09 11:35:56.185  1086  1254 D ASH     : @ 967426.987: tcs3701: start power rail timer, state:3
01-09 11:35:56.224  1086  1254 I ASH     : @ 967427.027: tcs3701: stop power rail pending_off timer
01-09 11:35:56.225  1086  1254 D ASH     : @ 967427.027: tcs3701: start power rail timer, state:3
01-09 11:35:56.265  1086  1254 I ASH     : @ 967427.067: tcs3701: stop power rail pending_off timer
01-09 11:35:56.265  1086  1254 D ASH     : @ 967427.067: tcs3701: start power rail timer, state:3
01-09 11:35:56.304  1086  1254 I ASH     : @ 967427.107: tcs3701: stop power rail pending_off timer
01-09 11:35:56.305  1086  1254 D ASH     : @ 967427.107: tcs3701: start power rail timer, state:3
01-09 11:35:56.345  1086  1254 I ASH     : @ 967427.147: tcs3701: stop power rail pending_off timer
01-09 11:35:56.345  1086  1254 D ASH     : @ 967427.147: tcs3701: start power rail timer, state:3
01-09 11:35:56.385  1086  1254 I ASH     : @ 967427.187: tcs3701: stop power rail pending_off timer
01-09 11:35:56.385  1086  1254 D ASH     : @ 967427.187: tcs3701: start power rail timer, state:3
01-09 11:35:56.425  1086  1254 I ASH     : @ 967427.227: tcs3701: stop power rail pending_off timer
01-09 11:35:56.425  1086  1254 D ASH     : @ 967427.227: tcs3701: start power rail timer, state:3
01-09 11:35:56.465  1086  1254 I ASH     : @ 967427.267: tcs3701: stop power rail pending_off timer
01-09 11:35:56.465  1086  1254 D ASH     : @ 967427.267: tcs3701: start power rail timer, state:3
01-09 11:35:56.505  1086  1254 I ASH     : @ 967427.307: tcs3701: stop power rail pending_off timer
01-09 11:35:56.505  1086  1254 D ASH     : @ 967427.307: tcs3701: start power rail timer, state:3
01-09 11:35:56.545  1086  1254 I ASH     : @ 967427.347: tcs3701: stop power rail pending_off timer
01-09 11:35:56.545  1086  1254 D ASH     : @ 967427.347: tcs3701: start power rail timer, state:3
01-09 11:35:56.585  1086  1254 I ASH     : @ 967427.387: tcs3701: stop power rail pending_off timer
01-09 11:35:56.585  1086  1254 D ASH     : @ 967427.387: tcs3701: start power rail timer, state:3
01-09 11:35:56.625  1086  1254 I ASH     : @ 967427.427: tcs3701: stop power rail pending_off timer
01-09 11:35:56.625  1086  1254 D ASH     : @ 967427.427: tcs3701: start power rail timer, state:3
01-09 11:35:56.665  1086  1254 I ASH     : @ 967427.467: tcs3701: stop power rail pending_off timer
01-09 11:35:56.665  1086  1254 D ASH     : @ 967427.467: tcs3701: start power rail timer, state:3
01-09 11:35:56.705  1086  1254 I ASH     : @ 967427.507: tcs3701: stop power rail pending_off timer
01-09 11:35:56.705  1086  1254 D ASH     : @ 967427.507: tcs3701: start power rail timer, state:3
01-09 11:35:56.745  1086  1254 I ASH     : @ 967427.547: tcs3701: stop power rail pending_off timer
01-09 11:35:56.745  1086  1254 D ASH     : @ 967427.547: tcs3701: start power rail timer, state:3
01-09 11:35:56.785  1086  1254 I ASH     : @ 967427.587: tcs3701: stop power rail pending_off timer
01-09 11:35:56.785  1086  1254 D ASH     : @ 967427.587: tcs3701: start power rail timer, state:3
01-09 11:35:56.825  1086  1254 I ASH     : @ 967427.627: tcs3701: stop power rail pending_off timer
01-09 11:35:56.825  1086  1254 D ASH     : @ 967427.627: tcs3701: start power rail timer, state:3
01-09 11:35:56.864  1086  1254 I ASH     : @ 967427.667: tcs3701: stop power rail pending_off timer
01-09 11:35:56.865  1086  1254 D ASH     : @ 967427.667: tcs3701: start power rail timer, state:3
01-09 11:35:56.904  1086  1254 I ASH     : @ 967427.707: tcs3701: stop power rail pending_off timer
01-09 11:35:56.905  1086  1254 D ASH     : @ 967427.707: tcs3701: start power rail timer, state:3
01-09 11:35:56.945  1086  1254 I ASH     : @ 967427.747: tcs3701: stop power rail pending_off timer
01-09 11:35:56.945  1086  1254 D ASH     : @ 967427.747: tcs3701: start power rail timer, state:3
01-09 11:35:56.985  1086  1254 I ASH     : @ 967427.787: tcs3701: stop power rail pending_off timer
01-09 11:35:56.985  1086  1254 D ASH     : @ 967427.787: tcs3701: start power rail timer, state:3
01-09 11:35:57.025  1086  1254 I ASH     : @ 967427.827: tcs3701: stop power rail pending_off timer
01-09 11:35:57.025  1086  1254 D ASH     : @ 967427.827: tcs3701: start power rail timer, state:3
01-09 11:35:57.065  1086  1254 I ASH     : @ 967427.867: tcs3701: stop power rail pending_off timer
01-09 11:35:57.065  1086  1254 D ASH     : @ 967427.867: tcs3701: start power rail timer, state:3
01-09 11:35:57.105  1086  1254 I ASH     : @ 967427.907: tcs3701: stop power rail pending_off timer
01-09 11:35:57.105  1086  1254 D ASH     : @ 967427.907: tcs3701: start power rail timer, state:3
01-09 11:35:57.145  1086  1254 I ASH     : @ 967427.947: tcs3701: stop power rail pending_off timer
01-09 11:35:57.145  1086  1254 D ASH     : @ 967427.947: tcs3701: start power rail timer, state:3
01-09 11:35:57.185  1086  1254 I ASH     : @ 967427.987: tcs3701: stop power rail pending_off timer
01-09 11:35:57.185  1086  1254 D ASH     : @ 967427.987: tcs3701: start power rail timer, state:3
01-09 11:35:57.225  1086  1254 I ASH     : @ 967428.027: tcs3701: stop power rail pending_off timer
01-09 11:35:57.225  1086  1254 D ASH     : @ 967428.027: tcs3701: start power rail timer, state:3
01-09 11:35:57.265  1086  1254 I ASH     : @ 967428.067: tcs3701: stop power rail pending_off timer
01-09 11:35:57.265  1086  1254 D ASH     : @ 967428.067: tcs3701: start power rail timer, state:3
01-09 11:35:57.305  1086  1254 I ASH     : @ 967428.107: tcs3701: stop power rail pending_off timer
01-09 11:35:57.305  1086  1254 D ASH     : @ 967428.107: tcs3701: start power rail timer, state:3
01-09 11:35:57.345  1086  1254 I ASH     : @ 967428.147: tcs3701: stop power rail pending_off timer
01-09 11:35:57.345  1086  1254 D ASH     : @ 967428.147: tcs3701: start power rail timer, state:3
01-09 11:35:57.385  1086  1254 I ASH     : @ 967428.187: tcs3701: stop power rail pending_off timer
01-09 11:35:57.385  1086  1254 D ASH     : @ 967428.187: tcs3701: start power rail timer, state:3
01-09 11:35:57.425  1086  1254 I ASH     : @ 967428.227: tcs3701: stop power rail pending_off timer
01-09 11:35:57.425  1086  1254 D ASH     : @ 967428.227: tcs3701: start power rail timer, state:3
01-09 11:35:57.465  1086  1254 I ASH     : @ 967428.267: tcs3701: stop power rail pending_off timer
01-09 11:35:57.465  1086  1254 D ASH     : @ 967428.267: tcs3701: start power rail timer, state:3
01-09 11:35:57.505  1086  1254 I ASH     : @ 967428.307: tcs3701: stop power rail pending_off timer
01-09 11:35:57.505  1086  1254 D ASH     : @ 967428.307: tcs3701: start power rail timer, state:3
01-09 11:35:57.545  1086  1254 I ASH     : @ 967428.347: tcs3701: stop power rail pending_off timer
01-09 11:35:57.545  1086  1254 D ASH     : @ 967428.347: tcs3701: start power rail timer, state:3
01-09 11:35:57.585  1086  1254 I ASH     : @ 967428.387: tcs3701: stop power rail pending_off timer
01-09 11:35:57.585  1086  1254 D ASH     : @ 967428.387: tcs3701: start power rail timer, state:3
01-09 11:35:57.624  1086  1254 I ASH     : @ 967428.427: tcs3701: stop power rail pending_off timer
01-09 11:35:57.625  1086  1254 D ASH     : @ 967428.427: tcs3701: start power rail timer, state:3
01-09 11:35:57.665  1086  1254 I ASH     : @ 967428.467: tcs3701: stop power rail pending_off timer
01-09 11:35:57.665  1086  1254 D ASH     : @ 967428.467: tcs3701: start power rail timer, state:3
01-09 11:35:57.705  1086  1254 I ASH     : @ 967428.507: tcs3701: stop power rail pending_off timer
01-09 11:35:57.705  1086  1254 D ASH     : @ 967428.507: tcs3701: start power rail timer, state:3
01-09 11:35:57.744  1086  1254 I ASH     : @ 967428.547: tcs3701: stop power rail pending_off timer
01-09 11:35:57.745  1086  1254 D ASH     : @ 967428.547: tcs3701: start power rail timer, state:3
01-09 11:35:57.785  1086  1254 I ASH     : @ 967428.587: tcs3701: stop power rail pending_off timer
01-09 11:35:57.785  1086  1254 D ASH     : @ 967428.587: tcs3701: start power rail timer, state:3
01-09 11:35:57.824  1086  1254 I ASH     : @ 967428.627: tcs3701: stop power rail pending_off timer
01-09 11:35:57.825  1086  1254 D ASH     : @ 967428.627: tcs3701: start power rail timer, state:3
01-09 11:35:57.865  1086  1254 I ASH     : @ 967428.667: tcs3701: stop power rail pending_off timer
01-09 11:35:57.865  1086  1254 D ASH     : @ 967428.667: tcs3701: start power rail timer, state:3
01-09 11:35:57.905  1086  1254 I ASH     : @ 967428.707: tcs3701: stop power rail pending_off timer
01-09 11:35:57.905  1086  1254 D ASH     : @ 967428.707: tcs3701: start power rail timer, state:3
01-09 11:35:57.944  1086  1254 I ASH     : @ 967428.747: tcs3701: stop power rail pending_off timer
01-09 11:35:57.945  1086  1254 D ASH     : @ 967428.747: tcs3701: start power rail timer, state:3
01-09 11:35:57.984  1086  1254 I ASH     : @ 967428.787: tcs3701: stop power rail pending_off timer
01-09 11:35:57.985  1086  1254 D ASH     : @ 967428.787: tcs3701: start power rail timer, state:3
01-09 11:35:58.025  1086  1254 I ASH     : @ 967428.827: tcs3701: stop power rail pending_off timer
01-09 11:35:58.025  1086  1254 D ASH     : @ 967428.827: tcs3701: start power rail timer, state:3
01-09 11:35:58.065  1086  1254 I ASH     : @ 967428.867: tcs3701: stop power rail pending_off timer
01-09 11:35:58.065  1086  1254 D ASH     : @ 967428.867: tcs3701: start power rail timer, state:3
01-09 11:35:58.104  1086  1254 I ASH     : @ 967428.907: tcs3701: stop power rail pending_off timer
01-09 11:35:58.105  1086  1254 D ASH     : @ 967428.907: tcs3701: start power rail timer, state:3
01-09 11:35:58.145  1086  1254 I ASH     : @ 967428.947: tcs3701: stop power rail pending_off timer
01-09 11:35:58.145  1086  1254 D ASH     : @ 967428.947: tcs3701: start power rail timer, state:3
01-09 11:35:58.185  1086  1254 I ASH     : @ 967428.987: tcs3701: stop power rail pending_off timer
01-09 11:35:58.185  1086  1254 D ASH     : @ 967428.987: tcs3701: start power rail timer, state:3
01-09 11:35:58.225  1086  1254 I ASH     : @ 967429.027: tcs3701: stop power rail pending_off timer
01-09 11:35:58.225  1086  1254 D ASH     : @ 967429.027: tcs3701: start power rail timer, state:3
01-09 11:35:58.265  1086  1254 I ASH     : @ 967429.067: tcs3701: stop power rail pending_off timer
01-09 11:35:58.265  1086  1254 D ASH     : @ 967429.067: tcs3701: start power rail timer, state:3
01-09 11:35:58.305  1086  1254 I ASH     : @ 967429.107: tcs3701: stop power rail pending_off timer
01-09 11:35:58.305  1086  1254 D ASH     : @ 967429.107: tcs3701: start power rail timer, state:3
01-09 11:35:58.344  1086  1254 I ASH     : @ 967429.147: tcs3701: stop power rail pending_off timer
01-09 11:35:58.344  1086  1254 D ASH     : @ 967429.147: tcs3701: start power rail timer, state:3
01-09 11:35:58.385  1086  1254 I ASH     : @ 967429.187: tcs3701: stop power rail pending_off timer
01-09 11:35:58.385  1086  1254 D ASH     : @ 967429.187: tcs3701: start power rail timer, state:3
01-09 11:35:58.425  1086  1254 I ASH     : @ 967429.227: tcs3701: stop power rail pending_off timer
01-09 11:35:58.425  1086  1254 D ASH     : @ 967429.227: tcs3701: start power rail timer, state:3
01-09 11:35:58.465  1086  1254 I ASH     : @ 967429.267: tcs3701: stop power rail pending_off timer
01-09 11:35:58.465  1086  1254 D ASH     : @ 967429.267: tcs3701: start power rail timer, state:3
01-09 11:35:58.505  1086  1254 I ASH     : @ 967429.307: tcs3701: stop power rail pending_off timer
01-09 11:35:58.505  1086  1254 D ASH     : @ 967429.307: tcs3701: start power rail timer, state:3
01-09 11:35:58.544  1086  1254 I ASH     : @ 967429.347: tcs3701: stop power rail pending_off timer
01-09 11:35:58.545  1086  1254 D ASH     : @ 967429.347: tcs3701: start power rail timer, state:3
01-09 11:35:58.585  1086  1254 I ASH     : @ 967429.387: tcs3701: stop power rail pending_off timer
01-09 11:35:58.585  1086  1254 D ASH     : @ 967429.387: tcs3701: start power rail timer, state:3
01-09 11:35:58.625  1086  1254 I ASH     : @ 967429.427: tcs3701: stop power rail pending_off timer
01-09 11:35:58.625  1086  1254 D ASH     : @ 967429.427: tcs3701: start power rail timer, state:3
01-09 11:35:58.665  1086  1254 I ASH     : @ 967429.467: tcs3701: stop power rail pending_off timer
01-09 11:35:58.665  1086  1254 D ASH     : @ 967429.467: tcs3701: start power rail timer, state:3
01-09 11:35:58.704  1086  1254 I ASH     : @ 967429.507: tcs3701: stop power rail pending_off timer
01-09 11:35:58.705  1086  1254 D ASH     : @ 967429.507: tcs3701: start power rail timer, state:3
01-09 11:35:58.745  1086  1254 I ASH     : @ 967429.547: tcs3701: stop power rail pending_off timer
01-09 11:35:58.745  1086  1254 D ASH     : @ 967429.547: tcs3701: start power rail timer, state:3
01-09 11:35:58.785  1086  1254 I ASH     : @ 967429.587: tcs3701: stop power rail pending_off timer
01-09 11:35:58.785  1086  1254 D ASH     : @ 967429.587: tcs3701: start power rail timer, state:3
01-09 11:35:58.825  1086  1254 I ASH     : @ 967429.627: tcs3701: stop power rail pending_off timer
01-09 11:35:58.825  1086  1254 D ASH     : @ 967429.627: tcs3701: start power rail timer, state:3
01-09 11:35:58.865  1086  1254 I ASH     : @ 967429.667: tcs3701: stop power rail pending_off timer
01-09 11:35:58.865  1086  1254 D ASH     : @ 967429.667: tcs3701: start power rail timer, state:3
01-09 11:35:58.905  1086  1254 I ASH     : @ 967429.707: tcs3701: stop power rail pending_off timer
01-09 11:35:58.905  1086  1254 D ASH     : @ 967429.707: tcs3701: start power rail timer, state:3
01-09 11:35:58.945  1086  1254 I ASH     : @ 967429.747: tcs3701: stop power rail pending_off timer
01-09 11:35:58.945  1086  1254 D ASH     : @ 967429.747: tcs3701: start power rail timer, state:3
01-09 11:35:58.985  1086  1254 I ASH     : @ 967429.787: tcs3701: stop power rail pending_off timer
01-09 11:35:58.985  1086  1254 D ASH     : @ 967429.787: tcs3701: start power rail timer, state:3
01-09 11:35:59.025  1086  1254 I ASH     : @ 967429.827: tcs3701: stop power rail pending_off timer
01-09 11:35:59.025  1086  1254 D ASH     : @ 967429.827: tcs3701: start power rail timer, state:3
01-09 11:35:59.065  1086  1254 I ASH     : @ 967429.867: tcs3701: stop power rail pending_off timer
01-09 11:35:59.065  1086  1254 D ASH     : @ 967429.867: tcs3701: start power rail timer, state:3
01-09 11:35:59.105  1086  1254 I ASH     : @ 967429.907: tcs3701: stop power rail pending_off timer
01-09 11:35:59.105  1086  1254 D ASH     : @ 967429.907: tcs3701: start power rail timer, state:3
01-09 11:35:59.145  1086  1254 I ASH     : @ 967429.947: tcs3701: stop power rail pending_off timer
01-09 11:35:59.145  1086  1254 D ASH     : @ 967429.947: tcs3701: start power rail timer, state:3
01-09 11:35:59.185  1086  1254 I ASH     : @ 967429.987: tcs3701: stop power rail pending_off timer
01-09 11:35:59.185  1086  1254 D ASH     : @ 967429.987: tcs3701: start power rail timer, state:3
01-09 11:35:59.225  1086  1254 I ASH     : @ 967430.027: tcs3701: stop power rail pending_off timer
01-09 11:35:59.225  1086  1254 D ASH     : @ 967430.027: tcs3701: start power rail timer, state:3
01-09 11:35:59.265  1086  1254 I ASH     : @ 967430.067: tcs3701: stop power rail pending_off timer
01-09 11:35:59.265  1086  1254 D ASH     : @ 967430.067: tcs3701: start power rail timer, state:3
01-09 11:35:59.305  1086  1254 I ASH     : @ 967430.107: tcs3701: stop power rail pending_off timer
01-09 11:35:59.305  1086  1254 D ASH     : @ 967430.107: tcs3701: start power rail timer, state:3
01-09 11:35:59.345  1086  1254 I ASH     : @ 967430.147: tcs3701: stop power rail pending_off timer
01-09 11:35:59.345  1086  1254 D ASH     : @ 967430.147: tcs3701: start power rail timer, state:3
01-09 11:35:59.385  1086  1254 I ASH     : @ 967430.187: tcs3701: stop power rail pending_off timer
01-09 11:35:59.385  1086  1254 D ASH     : @ 967430.187: tcs3701: start power rail timer, state:3
01-09 11:35:59.425  1086  1254 I ASH     : @ 967430.227: tcs3701: stop power rail pending_off timer
01-09 11:35:59.425  1086  1254 D ASH     : @ 967430.227: tcs3701: start power rail timer, state:3
01-09 11:35:59.465  1086  1254 I ASH     : @ 967430.267: tcs3701: stop power rail pending_off timer
01-09 11:35:59.465  1086  1254 D ASH     : @ 967430.267: tcs3701: start power rail timer, state:3
01-09 11:35:59.505  1086  1254 I ASH     : @ 967430.307: tcs3701: stop power rail pending_off timer
01-09 11:35:59.505  1086  1254 D ASH     : @ 967430.307: tcs3701: start power rail timer, state:3
01-09 11:35:59.545  1086  1254 I ASH     : @ 967430.347: tcs3701: stop power rail pending_off timer
01-09 11:35:59.545  1086  1254 D ASH     : @ 967430.347: tcs3701: start power rail timer, state:3
01-09 11:35:59.585  1086  1254 I ASH     : @ 967430.387: tcs3701: stop power rail pending_off timer
01-09 11:35:59.585  1086  1254 D ASH     : @ 967430.387: tcs3701: start power rail timer, state:3
01-09 11:35:59.624  1086  1254 I ASH     : @ 967430.427: tcs3701: stop power rail pending_off timer
01-09 11:35:59.625  1086  1254 D ASH     : @ 967430.427: tcs3701: start power rail timer, state:3
01-09 11:35:59.665  1086  1254 I ASH     : @ 967430.467: tcs3701: stop power rail pending_off timer
01-09 11:35:59.665  1086  1254 D ASH     : @ 967430.467: tcs3701: start power rail timer, state:3
01-09 11:35:59.705  1086  1254 I ASH     : @ 967430.507: tcs3701: stop power rail pending_off timer
01-09 11:35:59.705  1086  1254 D ASH     : @ 967430.507: tcs3701: start power rail timer, state:3
01-09 11:35:59.745  1086  1254 I ASH     : @ 967430.547: tcs3701: stop power rail pending_off timer
01-09 11:35:59.745  1086  1254 D ASH     : @ 967430.547: tcs3701: start power rail timer, state:3
01-09 11:35:59.785  1086  1254 I ASH     : @ 967430.587: tcs3701: stop power rail pending_off timer
01-09 11:35:59.785  1086  1254 D ASH     : @ 967430.587: tcs3701: start power rail timer, state:3
01-09 11:35:59.825  1086  1254 I ASH     : @ 967430.627: tcs3701: stop power rail pending_off timer
01-09 11:35:59.825  1086  1254 D ASH     : @ 967430.627: tcs3701: start power rail timer, state:3
01-09 11:35:59.864  1086  1254 I ASH     : @ 967430.667: tcs3701: stop power rail pending_off timer
01-09 11:35:59.865  1086  1254 D ASH     : @ 967430.667: tcs3701: start power rail timer, state:3
01-09 11:35:59.905  1086  1254 I ASH     : @ 967430.707: tcs3701: stop power rail pending_off timer
01-09 11:35:59.905  1086  1254 D ASH     : @ 967430.707: tcs3701: start power rail timer, state:3
01-09 11:35:59.944  1086  1254 I ASH     : @ 967430.747: tcs3701: stop power rail pending_off timer
01-09 11:35:59.945  1086  1254 D ASH     : @ 967430.747: tcs3701: start power rail timer, state:3
01-09 11:35:59.985  1086  1254 I ASH     : @ 967430.787: tcs3701: stop power rail pending_off timer
01-09 11:35:59.985  1086  1254 D ASH     : @ 967430.787: tcs3701: start power rail timer, state:3
01-09 11:36:00.006  3591  3823 I AiAiEcho: Predicting[0]: 
01-09 11:36:00.007  3591  3823 I AiAiEcho: EchoTargets: 
01-09 11:36:00.007  3591  3823 I AiAiEcho: Filtered by AiAi flag check: 
01-09 11:36:00.007  3591  3823 I AiAiEcho: Ranked targets strategy: SORT, count: 0, ranking metadata: 
01-09 11:36:00.009  3591  3823 I AiAiEcho: #postPredictionTargets: Sending updates to UISurface lockscreen with targets# 0 (types=[])
01-09 11:36:00.025  1086  1254 I ASH     : @ 967430.827: tcs3701: stop power rail pending_off timer
01-09 11:36:00.025  1086  1254 D ASH     : @ 967430.827: tcs3701: start power rail timer, state:3
01-09 11:36:00.041  2565  2565 W PageIndicator: Total number of pages invalid: 0. Assuming 1 page.
01-09 11:36:00.065  1086  1254 I ASH     : @ 967430.867: tcs3701: stop power rail pending_off timer
01-09 11:36:00.065  1086  1254 D ASH     : @ 967430.867: tcs3701: start power rail timer, state:3
01-09 11:36:00.105  1086  1254 I ASH     : @ 967430.907: tcs3701: stop power rail pending_off timer
01-09 11:36:00.105  1086  1254 D ASH     : @ 967430.907: tcs3701: start power rail timer, state:3
01-09 11:36:00.145  1086  1254 I ASH     : @ 967430.947: tcs3701: stop power rail pending_off timer
01-09 11:36:00.145  1086  1254 D ASH     : @ 967430.947: tcs3701: start power rail timer, state:3
01-09 11:36:00.185  1086  1254 I ASH     : @ 967430.987: tcs3701: stop power rail pending_off timer
01-09 11:36:00.185  1086  1254 D ASH     : @ 967430.987: tcs3701: start power rail timer, state:3
01-09 11:36:00.224  1086  1254 I ASH     : @ 967431.027: tcs3701: stop power rail pending_off timer
01-09 11:36:00.225  1086  1254 D ASH     : @ 967431.027: tcs3701: start power rail timer, state:3
01-09 11:36:00.264  1086  1254 I ASH     : @ 967431.067: tcs3701: stop power rail pending_off timer
01-09 11:36:00.265  1086  1254 D ASH     : @ 967431.067: tcs3701: start power rail timer, state:3
01-09 11:36:00.305  1086  1254 I ASH     : @ 967431.107: tcs3701: stop power rail pending_off timer
01-09 11:36:00.305  1086  1254 D ASH     : @ 967431.107: tcs3701: start power rail timer, state:3
01-09 11:36:00.344  1086  1254 I ASH     : @ 967431.147: tcs3701: stop power rail pending_off timer
01-09 11:36:00.345  1086  1254 D ASH     : @ 967431.147: tcs3701: start power rail timer, state:3
01-09 11:36:00.359 26472 26490 I Unity   : [showcase] frame cost — scene surfaces at 1080x2340 over 240 frames — tick 0.16 ms, draw mean 0.20 p50 0.19 p95 0.25 max 0.36 ms (2842.7 fps if unpaced)
01-09 11:36:00.359 26472 26490 I Unity   : UnityEngine.DebugLogHandler:Internal_Log(LogType, LogOption, String, Object)
01-09 11:36:00.359 26472 26490 I Unity   : Driftsys.Dashscene.Samples.DashsceneShowcase:Update()
01-09 11:36:00.359 26472 26490 I Unity   : 
01-09 11:36:00.384  1086  1254 I ASH     : @ 967431.187: tcs3701: stop power rail pending_off timer
01-09 11:36:00.385  1086  1254 D ASH     : @ 967431.187: tcs3701: start power rail timer, state:3
01-09 11:36:00.425  1086  1254 I ASH     : @ 967431.227: tcs3701: stop power rail pending_off timer
01-09 11:36:00.425  1086  1254 D ASH     : @ 967431.227: tcs3701: start power rail timer, state:3
01-09 11:36:00.465  1086  1254 I ASH     : @ 967431.267: tcs3701: stop power rail pending_off timer
01-09 11:36:00.465  1086  1254 D ASH     : @ 967431.267: tcs3701: start power rail timer, state:3
01-09 11:36:00.505  1086  1254 I ASH     : @ 967431.307: tcs3701: stop power rail pending_off timer
01-09 11:36:00.505  1086  1254 D ASH     : @ 967431.307: tcs3701: start power rail timer, state:3
01-09 11:36:00.545  1086  1254 I ASH     : @ 967431.347: tcs3701: stop power rail pending_off timer
01-09 11:36:00.545  1086  1254 D ASH     : @ 967431.347: tcs3701: start power rail timer, state:3
01-09 11:36:00.585  1086  1254 I ASH     : @ 967431.387: tcs3701: stop power rail pending_off timer
01-09 11:36:00.585  1086  1254 D ASH     : @ 967431.387: tcs3701: start power rail timer, state:3
01-09 11:36:00.624  1086  1254 I ASH     : @ 967431.427: tcs3701: stop power rail pending_off timer
01-09 11:36:00.625  1086  1254 D ASH     : @ 967431.427: tcs3701: start power rail timer, state:3
01-09 11:36:00.665  1086  1254 I ASH     : @ 967431.467: tcs3701: stop power rail pending_off timer
01-09 11:36:00.665  1086  1254 D ASH     : @ 967431.467: tcs3701: start power rail timer, state:3
01-09 11:36:00.704  1086  1254 I ASH     : @ 967431.507: tcs3701: stop power rail pending_off timer
01-09 11:36:00.705  1086  1254 D ASH     : @ 967431.507: tcs3701: start power rail timer, state:3
01-09 11:36:00.744  1086  1254 I ASH     : @ 967431.547: tcs3701: stop power rail pending_off timer
01-09 11:36:00.744  1086  1254 D ASH     : @ 967431.547: tcs3701: start power rail timer, state:3
01-09 11:36:00.785  1086  1254 I ASH     : @ 967431.587: tcs3701: stop power rail pending_off timer
01-09 11:36:00.785  1086  1254 D ASH     : @ 967431.587: tcs3701: start power rail timer, state:3
01-09 11:36:00.825  1086  1254 I ASH     : @ 967431.627: tcs3701: stop power rail pending_off timer
01-09 11:36:00.825  1086  1254 D ASH     : @ 967431.627: tcs3701: start power rail timer, state:3
01-09 11:36:00.864  1086  1254 I ASH     : @ 967431.667: tcs3701: stop power rail pending_off timer
01-09 11:36:00.864  1086  1254 D ASH     : @ 967431.667: tcs3701: start power rail timer, state:3
01-09 11:36:00.905  1086  1254 I ASH     : @ 967431.707: tcs3701: stop power rail pending_off timer
01-09 11:36:00.905  1086  1254 D ASH     : @ 967431.707: tcs3701: start power rail timer, state:3
01-09 11:36:00.945  1086  1254 I ASH     : @ 967431.747: tcs3701: stop power rail pending_off timer
01-09 11:36:00.945  1086  1254 D ASH     : @ 967431.747: tcs3701: start power rail timer, state:3
01-09 11:36:00.985  1086  1254 I ASH     : @ 967431.787: tcs3701: stop power rail pending_off timer
01-09 11:36:00.985  1086  1254 D ASH     : @ 967431.787: tcs3701: start power rail timer, state:3
01-09 11:36:01.025  1086  1254 I ASH     : @ 967431.827: tcs3701: stop power rail pending_off timer
01-09 11:36:01.025  1086  1254 D ASH     : @ 967431.827: tcs3701: start power rail timer, state:3
01-09 11:36:01.065  1086  1254 I ASH     : @ 967431.867: tcs3701: stop power rail pending_off timer
01-09 11:36:01.065  1086  1254 D ASH     : @ 967431.867: tcs3701: start power rail timer, state:3
01-09 11:36:01.104  1086  1254 I ASH     : @ 967431.907: tcs3701: stop power rail pending_off timer
01-09 11:36:01.105  1086  1254 D ASH     : @ 967431.907: tcs3701: start power rail timer, state:3
01-09 11:36:01.144  1086  1254 I ASH     : @ 967431.947: tcs3701: stop power rail pending_off timer
01-09 11:36:01.145  1086  1254 D ASH     : @ 967431.947: tcs3701: start power rail timer, state:3
01-09 11:36:01.185  1086  1254 I ASH     : @ 967431.987: tcs3701: stop power rail pending_off timer
01-09 11:36:01.185  1086  1254 D ASH     : @ 967431.987: tcs3701: start power rail timer, state:3
01-09 11:36:01.225  1086  1254 I ASH     : @ 967432.027: tcs3701: stop power rail pending_off timer
01-09 11:36:01.225  1086  1254 D ASH     : @ 967432.027: tcs3701: start power rail timer, state:3
01-09 11:36:01.265  1086  1254 I ASH     : @ 967432.067: tcs3701: stop power rail pending_off timer
01-09 11:36:01.266  1086  1254 D ASH     : @ 967432.067: tcs3701: start power rail timer, state:3
01-09 11:36:01.305  1086  1254 I ASH     : @ 967432.107: tcs3701: stop power rail pending_off timer
01-09 11:36:01.305  1086  1254 D ASH     : @ 967432.107: tcs3701: start power rail timer, state:3
01-09 11:36:01.345  1086  1254 I ASH     : @ 967432.147: tcs3701: stop power rail pending_off timer
01-09 11:36:01.345  1086  1254 D ASH     : @ 967432.147: tcs3701: start power rail timer, state:3
01-09 11:36:01.385  1086  1254 I ASH     : @ 967432.187: tcs3701: stop power rail pending_off timer
01-09 11:36:01.385  1086  1254 D ASH     : @ 967432.187: tcs3701: start power rail timer, state:3
01-09 11:36:01.424  1086  1254 I ASH     : @ 967432.227: tcs3701: stop power rail pending_off timer
01-09 11:36:01.425  1086  1254 D ASH     : @ 967432.227: tcs3701: start power rail timer, state:3
01-09 11:36:01.464  1086  1254 I ASH     : @ 967432.267: tcs3701: stop power rail pending_off timer
01-09 11:36:01.465  1086  1254 D ASH     : @ 967432.267: tcs3701: start power rail timer, state:3
01-09 11:36:01.505  1086  1254 I ASH     : @ 967432.307: tcs3701: stop power rail pending_off timer
01-09 11:36:01.505  1086  1254 D ASH     : @ 967432.307: tcs3701: start power rail timer, state:3
01-09 11:36:01.545  1086  1254 I ASH     : @ 967432.347: tcs3701: stop power rail pending_off timer
01-09 11:36:01.545  1086  1254 D ASH     : @ 967432.347: tcs3701: start power rail timer, state:3
01-09 11:36:01.585  1086  1254 I ASH     : @ 967432.387: tcs3701: stop power rail pending_off timer
01-09 11:36:01.585  1086  1254 D ASH     : @ 967432.387: tcs3701: start power rail timer, state:3
01-09 11:36:01.625  1086  1254 I ASH     : @ 967432.427: tcs3701: stop power rail pending_off timer
01-09 11:36:01.625  1086  1254 D ASH     : @ 967432.427: tcs3701: start power rail timer, state:3
01-09 11:36:01.665  1086  1254 I ASH     : @ 967432.467: tcs3701: stop power rail pending_off timer
01-09 11:36:01.665  1086  1254 D ASH     : @ 967432.467: tcs3701: start power rail timer, state:3
01-09 11:36:01.705  1086  1254 I ASH     : @ 967432.507: tcs3701: stop power rail pending_off timer
01-09 11:36:01.705  1086  1254 D ASH     : @ 967432.507: tcs3701: start power rail timer, state:3
01-09 11:36:01.745  1086  1254 I ASH     : @ 967432.547: tcs3701: stop power rail pending_off timer
01-09 11:36:01.745  1086  1254 D ASH     : @ 967432.547: tcs3701: start power rail timer, state:3
01-09 11:36:01.785  1086  1254 I ASH     : @ 967432.587: tcs3701: stop power rail pending_off timer
01-09 11:36:01.785  1086  1254 D ASH     : @ 967432.587: tcs3701: start power rail timer, state:3
01-09 11:36:01.825  1086  1254 I ASH     : @ 967432.627: tcs3701: stop power rail pending_off timer
01-09 11:36:01.825  1086  1254 D ASH     : @ 967432.627: tcs3701: start power rail timer, state:3
01-09 11:36:01.865  1086  1254 I ASH     : @ 967432.667: tcs3701: stop power rail pending_off timer
01-09 11:36:01.865  1086  1254 D ASH     : @ 967432.667: tcs3701: start power rail timer, state:3
01-09 11:36:01.905  1086  1254 I ASH     : @ 967432.707: tcs3701: stop power rail pending_off timer
01-09 11:36:01.905  1086  1254 D ASH     : @ 967432.707: tcs3701: start power rail timer, state:3
01-09 11:36:01.945  1086  1254 I ASH     : @ 967432.747: tcs3701: stop power rail pending_off timer
01-09 11:36:01.945  1086  1254 D ASH     : @ 967432.747: tcs3701: start power rail timer, state:3
01-09 11:36:01.985  1086  1254 I ASH     : @ 967432.787: tcs3701: stop power rail pending_off timer
01-09 11:36:01.985  1086  1254 D ASH     : @ 967432.787: tcs3701: start power rail timer, state:3
01-09 11:36:02.025  1086  1254 I ASH     : @ 967432.827: tcs3701: stop power rail pending_off timer
01-09 11:36:02.025  1086  1254 D ASH     : @ 967432.827: tcs3701: start power rail timer, state:3
01-09 11:36:02.064  1086  1254 I ASH     : @ 967432.867: tcs3701: stop power rail pending_off timer
01-09 11:36:02.065  1086  1254 D ASH     : @ 967432.867: tcs3701: start power rail timer, state:3
01-09 11:36:02.105  1086  1254 I ASH     : @ 967432.907: tcs3701: stop power rail pending_off timer
01-09 11:36:02.105  1086  1254 D ASH     : @ 967432.907: tcs3701: start power rail timer, state:3
01-09 11:36:02.144  1086  1254 I ASH     : @ 967432.947: tcs3701: stop power rail pending_off timer
01-09 11:36:02.145  1086  1254 D ASH     : @ 967432.947: tcs3701: start power rail timer, state:3
01-09 11:36:02.185  1086  1254 I ASH     : @ 967432.987: tcs3701: stop power rail pending_off timer
01-09 11:36:02.185  1086  1254 D ASH     : @ 967432.987: tcs3701: start power rail timer, state:3
01-09 11:36:02.225  1086  1254 I ASH     : @ 967433.027: tcs3701: stop power rail pending_off timer
01-09 11:36:02.225  1086  1254 D ASH     : @ 967433.027: tcs3701: start power rail timer, state:3
01-09 11:36:02.265  1086  1254 I ASH     : @ 967433.067: tcs3701: stop power rail pending_off timer
01-09 11:36:02.265  1086  1254 D ASH     : @ 967433.067: tcs3701: start power rail timer, state:3
01-09 11:36:02.305  1086  1254 I ASH     : @ 967433.107: tcs3701: stop power rail pending_off timer
01-09 11:36:02.305  1086  1254 D ASH     : @ 967433.107: tcs3701: start power rail timer, state:3
01-09 11:36:02.345  1086  1254 I ASH     : @ 967433.147: tcs3701: stop power rail pending_off timer
01-09 11:36:02.345  1086  1254 D ASH     : @ 967433.147: tcs3701: start power rail timer, state:3
01-09 11:36:02.385  1086  1254 I ASH     : @ 967433.187: tcs3701: stop power rail pending_off timer
01-09 11:36:02.385  1086  1254 D ASH     : @ 967433.187: tcs3701: start power rail timer, state:3
01-09 11:36:02.424  1086  1254 I ASH     : @ 967433.227: tcs3701: stop power rail pending_off timer
01-09 11:36:02.425  1086  1254 D ASH     : @ 967433.227: tcs3701: start power rail timer, state:3
01-09 11:36:02.465  1086  1254 I ASH     : @ 967433.267: tcs3701: stop power rail pending_off timer
01-09 11:36:02.465  1086  1254 D ASH     : @ 967433.267: tcs3701: start power rail timer, state:3
01-09 11:36:02.505  1086  1254 I ASH     : @ 967433.307: tcs3701: stop power rail pending_off timer
01-09 11:36:02.505  1086  1254 D ASH     : @ 967433.307: tcs3701: start power rail timer, state:3
01-09 11:36:02.545  1086  1254 I ASH     : @ 967433.347: tcs3701: stop power rail pending_off timer
01-09 11:36:02.545  1086  1254 D ASH     : @ 967433.347: tcs3701: start power rail timer, state:3
01-09 11:36:02.585  1086  1254 I ASH     : @ 967433.387: tcs3701: stop power rail pending_off timer
01-09 11:36:02.585  1086  1254 D ASH     : @ 967433.387: tcs3701: start power rail timer, state:3
01-09 11:36:02.625  1086  1254 I ASH     : @ 967433.427: tcs3701: stop power rail pending_off timer
01-09 11:36:02.625  1086  1254 D ASH     : @ 967433.427: tcs3701: start power rail timer, state:3
01-09 11:36:02.664  1086  1254 I ASH     : @ 967433.467: tcs3701: stop power rail pending_off timer
01-09 11:36:02.665  1086  1254 D ASH     : @ 967433.467: tcs3701: start power rail timer, state:3
01-09 11:36:02.705  1086  1254 I ASH     : @ 967433.507: tcs3701: stop power rail pending_off timer
01-09 11:36:02.705  1086  1254 D ASH     : @ 967433.507: tcs3701: start power rail timer, state:3
01-09 11:36:02.745  1086  1254 I ASH     : @ 967433.547: tcs3701: stop power rail pending_off timer
01-09 11:36:02.745  1086  1254 D ASH     : @ 967433.547: tcs3701: start power rail timer, state:3
01-09 11:36:02.784  1086  1254 I ASH     : @ 967433.587: tcs3701: stop power rail pending_off timer
01-09 11:36:02.785  1086  1254 D ASH     : @ 967433.587: tcs3701: start power rail timer, state:3
01-09 11:36:02.825  1086  1254 I ASH     : @ 967433.627: tcs3701: stop power rail pending_off timer
01-09 11:36:02.825  1086  1254 D ASH     : @ 967433.627: tcs3701: start power rail timer, state:3
01-09 11:36:02.865  1086  1254 I ASH     : @ 967433.667: tcs3701: stop power rail pending_off timer
01-09 11:36:02.865  1086  1254 D ASH     : @ 967433.667: tcs3701: start power rail timer, state:3
01-09 11:36:02.904  1086  1254 I ASH     : @ 967433.707: tcs3701: stop power rail pending_off timer
01-09 11:36:02.904  1086  1254 D ASH     : @ 967433.707: tcs3701: start power rail timer, state:3
01-09 11:36:02.945  1086  1254 I ASH     : @ 967433.747: tcs3701: stop power rail pending_off timer
01-09 11:36:02.945  1086  1254 D ASH     : @ 967433.747: tcs3701: start power rail timer, state:3
01-09 11:36:02.985  1086  1254 I ASH     : @ 967433.787: tcs3701: stop power rail pending_off timer
01-09 11:36:02.985  1086  1254 D ASH     : @ 967433.787: tcs3701: start power rail timer, state:3
01-09 11:36:03.025  1086  1254 I ASH     : @ 967433.827: tcs3701: stop power rail pending_off timer
01-09 11:36:03.025  1086  1254 D ASH     : @ 967433.827: tcs3701: start power rail timer, state:3
01-09 11:36:03.065  1086  1254 I ASH     : @ 967433.867: tcs3701: stop power rail pending_off timer
01-09 11:36:03.065  1086  1254 D ASH     : @ 967433.867: tcs3701: start power rail timer, state:3
01-09 11:36:03.105  1086  1254 I ASH     : @ 967433.907: tcs3701: stop power rail pending_off timer
01-09 11:36:03.105  1086  1254 D ASH     : @ 967433.907: tcs3701: start power rail timer, state:3
01-09 11:36:03.145  1086  1254 I ASH     : @ 967433.947: tcs3701: stop power rail pending_off timer
01-09 11:36:03.145  1086  1254 D ASH     : @ 967433.947: tcs3701: start power rail timer, state:3
01-09 11:36:03.184  1086  1254 I ASH     : @ 967433.987: tcs3701: stop power rail pending_off timer
01-09 11:36:03.185  1086  1254 D ASH     : @ 967433.987: tcs3701: start power rail timer, state:3
01-09 11:36:03.225  1086  1254 I ASH     : @ 967434.027: tcs3701: stop power rail pending_off timer
01-09 11:36:03.225  1086  1254 D ASH     : @ 967434.027: tcs3701: start power rail timer, state:3
01-09 11:36:03.265  1086  1254 I ASH     : @ 967434.067: tcs3701: stop power rail pending_off timer
01-09 11:36:03.265  1086  1254 D ASH     : @ 967434.067: tcs3701: start power rail timer, state:3
01-09 11:36:03.305  1086  1254 I ASH     : @ 967434.107: tcs3701: stop power rail pending_off timer
01-09 11:36:03.305  1086  1254 D ASH     : @ 967434.107: tcs3701: start power rail timer, state:3
01-09 11:36:03.345  1086  1254 I ASH     : @ 967434.147: tcs3701: stop power rail pending_off timer
01-09 11:36:03.345  1086  1254 D ASH     : @ 967434.147: tcs3701: start power rail timer, state:3
01-09 11:36:03.384  1086  1254 I ASH     : @ 967434.187: tcs3701: stop power rail pending_off timer
01-09 11:36:03.385  1086  1254 D ASH     : @ 967434.187: tcs3701: start power rail timer, state:3
01-09 11:36:03.425  1086  1254 I ASH     : @ 967434.227: tcs3701: stop power rail pending_off timer
01-09 11:36:03.425  1086  1254 D ASH     : @ 967434.227: tcs3701: start power rail timer, state:3
01-09 11:36:03.465  1086  1254 I ASH     : @ 967434.267: tcs3701: stop power rail pending_off timer
01-09 11:36:03.465  1086  1254 D ASH     : @ 967434.267: tcs3701: start power rail timer, state:3
01-09 11:36:03.505  1086  1254 I ASH     : @ 967434.307: tcs3701: stop power rail pending_off timer
01-09 11:36:03.505  1086  1254 D ASH     : @ 967434.307: tcs3701: start power rail timer, state:3
01-09 11:36:03.545  1086  1254 I ASH     : @ 967434.347: tcs3701: stop power rail pending_off timer
01-09 11:36:03.545  1086  1254 D ASH     : @ 967434.347: tcs3701: start power rail timer, state:3
01-09 11:36:03.585  1086  1254 I ASH     : @ 967434.387: tcs3701: stop power rail pending_off timer
01-09 11:36:03.585  1086  1254 D ASH     : @ 967434.387: tcs3701: start power rail timer, state:3
01-09 11:36:03.625  1086  1254 I ASH     : @ 967434.427: tcs3701: stop power rail pending_off timer
01-09 11:36:03.625  1086  1254 D ASH     : @ 967434.427: tcs3701: start power rail timer, state:3
01-09 11:36:03.665  1086  1254 I ASH     : @ 967434.467: tcs3701: stop power rail pending_off timer
01-09 11:36:03.665  1086  1254 D ASH     : @ 967434.467: tcs3701: start power rail timer, state:3
01-09 11:36:03.705  1086  1254 I ASH     : @ 967434.507: tcs3701: stop power rail pending_off timer
01-09 11:36:03.705  1086  1254 D ASH     : @ 967434.507: tcs3701: start power rail timer, state:3
01-09 11:36:03.745  1086  1254 I ASH     : @ 967434.547: tcs3701: stop power rail pending_off timer
01-09 11:36:03.745  1086  1254 D ASH     : @ 967434.547: tcs3701: start power rail timer, state:3
01-09 11:36:03.785  1086  1254 I ASH     : @ 967434.587: tcs3701: stop power rail pending_off timer
01-09 11:36:03.785  1086  1254 D ASH     : @ 967434.587: tcs3701: start power rail timer, state:3
01-09 11:36:03.825  1086  1254 I ASH     : @ 967434.627: tcs3701: stop power rail pending_off timer
01-09 11:36:03.825  1086  1254 D ASH     : @ 967434.627: tcs3701: start power rail timer, state:3
01-09 11:36:03.865  1086  1254 I ASH     : @ 967434.667: tcs3701: stop power rail pending_off timer
01-09 11:36:03.865  1086  1254 D ASH     : @ 967434.667: tcs3701: start power rail timer, state:3
01-09 11:36:03.905  1086  1254 I ASH     : @ 967434.707: tcs3701: stop power rail pending_off timer
01-09 11:36:03.905  1086  1254 D ASH     : @ 967434.707: tcs3701: start power rail timer, state:3
01-09 11:36:03.945  1086  1254 I ASH     : @ 967434.747: tcs3701: stop power rail pending_off timer
01-09 11:36:03.945  1086  1254 D ASH     : @ 967434.747: tcs3701: start power rail timer, state:3
01-09 11:36:03.985  1086  1254 I ASH     : @ 967434.787: tcs3701: stop power rail pending_off timer
01-09 11:36:03.985  1086  1254 D ASH     : @ 967434.787: tcs3701: start power rail timer, state:3
01-09 11:36:04.025  1086  1254 I ASH     : @ 967434.827: tcs3701: stop power rail pending_off timer
01-09 11:36:04.025  1086  1254 D ASH     : @ 967434.827: tcs3701: start power rail timer, state:3
01-09 11:36:04.064  1086  1254 I ASH     : @ 967434.867: tcs3701: stop power rail pending_off timer
01-09 11:36:04.065  1086  1254 D ASH     : @ 967434.867: tcs3701: start power rail timer, state:3
01-09 11:36:04.105  1086  1254 I ASH     : @ 967434.907: tcs3701: stop power rail pending_off timer
01-09 11:36:04.105  1086  1254 D ASH     : @ 967434.907: tcs3701: start power rail timer, state:3
01-09 11:36:04.145  1086  1254 I ASH     : @ 967434.947: tcs3701: stop power rail pending_off timer
01-09 11:36:04.145  1086  1254 D ASH     : @ 967434.947: tcs3701: start power rail timer, state:3
01-09 11:36:04.184  1086  1254 I ASH     : @ 967434.987: tcs3701: stop power rail pending_off timer
01-09 11:36:04.185  1086  1254 D ASH     : @ 967434.987: tcs3701: start power rail timer, state:3
01-09 11:36:04.225  1086  1254 I ASH     : @ 967435.027: tcs3701: stop power rail pending_off timer
01-09 11:36:04.225  1086  1254 D ASH     : @ 967435.027: tcs3701: start power rail timer, state:3
01-09 11:36:04.265  1086  1254 I ASH     : @ 967435.067: tcs3701: stop power rail pending_off timer
01-09 11:36:04.265  1086  1254 D ASH     : @ 967435.067: tcs3701: start power rail timer, state:3
01-09 11:36:04.304  1086  1254 I ASH     : @ 967435.107: tcs3701: stop power rail pending_off timer
01-09 11:36:04.305  1086  1254 D ASH     : @ 967435.107: tcs3701: start power rail timer, state:3
01-09 11:36:04.345  1086  1254 I ASH     : @ 967435.147: tcs3701: stop power rail pending_off timer
01-09 11:36:04.345  1086  1254 D ASH     : @ 967435.147: tcs3701: start power rail timer, state:3
01-09 11:36:04.385  1086  1254 I ASH     : @ 967435.187: tcs3701: stop power rail pending_off timer
01-09 11:36:04.385  1086  1254 D ASH     : @ 967435.187: tcs3701: start power rail timer, state:3
01-09 11:36:04.425  1086  1254 I ASH     : @ 967435.227: tcs3701: stop power rail pending_off timer
01-09 11:36:04.425  1086  1254 D ASH     : @ 967435.227: tcs3701: start power rail timer, state:3
01-09 11:36:04.464  1086  1254 I ASH     : @ 967435.267: tcs3701: stop power rail pending_off timer
01-09 11:36:04.465  1086  1254 D ASH     : @ 967435.267: tcs3701: start power rail timer, state:3
01-09 11:36:04.505  1086  1254 I ASH     : @ 967435.307: tcs3701: stop power rail pending_off timer
01-09 11:36:04.505  1086  1254 D ASH     : @ 967435.307: tcs3701: start power rail timer, state:3
01-09 11:36:04.545  1086  1254 I ASH     : @ 967435.347: tcs3701: stop power rail pending_off timer
01-09 11:36:04.545  1086  1254 D ASH     : @ 967435.347: tcs3701: start power rail timer, state:3
01-09 11:36:04.584  1086  1254 I ASH     : @ 967435.387: tcs3701: stop power rail pending_off timer
01-09 11:36:04.585  1086  1254 D ASH     : @ 967435.387: tcs3701: start power rail timer, state:3
01-09 11:36:04.625  1086  1254 I ASH     : @ 967435.427: tcs3701: stop power rail pending_off timer
01-09 11:36:04.625  1086  1254 D ASH     : @ 967435.427: tcs3701: start power rail timer, state:3
01-09 11:36:04.665  1086  1254 I ASH     : @ 967435.467: tcs3701: stop power rail pending_off timer
01-09 11:36:04.665  1086  1254 D ASH     : @ 967435.467: tcs3701: start power rail timer, state:3
01-09 11:36:04.704  1086  1254 I ASH     : @ 967435.507: tcs3701: stop power rail pending_off timer
01-09 11:36:04.705  1086  1254 D ASH     : @ 967435.507: tcs3701: start power rail timer, state:3
01-09 11:36:04.745  1086  1254 I ASH     : @ 967435.547: tcs3701: stop power rail pending_off timer
01-09 11:36:04.745  1086  1254 D ASH     : @ 967435.547: tcs3701: start power rail timer, state:3
01-09 11:36:04.784  1086  1254 I ASH     : @ 967435.587: tcs3701: stop power rail pending_off timer
01-09 11:36:04.785  1086  1254 D ASH     : @ 967435.587: tcs3701: start power rail timer, state:3
01-09 11:36:04.825  1086  1254 I ASH     : @ 967435.627: tcs3701: stop power rail pending_off timer
01-09 11:36:04.825  1086  1254 D ASH     : @ 967435.627: tcs3701: start power rail timer, state:3
01-09 11:36:04.865  1086  1254 I ASH     : @ 967435.667: tcs3701: stop power rail pending_off timer
01-09 11:36:04.865  1086  1254 D ASH     : @ 967435.667: tcs3701: start power rail timer, state:3
01-09 11:36:04.905  1086  1254 I ASH     : @ 967435.707: tcs3701: stop power rail pending_off timer
01-09 11:36:04.905  1086  1254 D ASH     : @ 967435.707: tcs3701: start power rail timer, state:3
01-09 11:36:04.945  1086  1254 I ASH     : @ 967435.747: tcs3701: stop power rail pending_off timer
01-09 11:36:04.945  1086  1254 D ASH     : @ 967435.747: tcs3701: start power rail timer, state:3
01-09 11:36:04.985  1086  1254 I ASH     : @ 967435.787: tcs3701: stop power rail pending_off timer
01-09 11:36:04.985  1086  1254 D ASH     : @ 967435.787: tcs3701: start power rail timer, state:3
01-09 11:36:05.024  1086  1254 I ASH     : @ 967435.827: tcs3701: stop power rail pending_off timer
01-09 11:36:05.024  1086  1254 D ASH     : @ 967435.827: tcs3701: start power rail timer, state:3
01-09 11:36:05.064  1086  1254 I ASH     : @ 967435.867: tcs3701: stop power rail pending_off timer
01-09 11:36:05.064  1086  1254 D ASH     : @ 967435.867: tcs3701: start power rail timer, state:3
01-09 11:36:05.105  1086  1254 I ASH     : @ 967435.907: tcs3701: stop power rail pending_off timer
01-09 11:36:05.105  1086  1254 D ASH     : @ 967435.907: tcs3701: start power rail timer, state:3
01-09 11:36:05.144  1086  1254 I ASH     : @ 967435.947: tcs3701: stop power rail pending_off timer
01-09 11:36:05.145  1086  1254 D ASH     : @ 967435.947: tcs3701: start power rail timer, state:3
01-09 11:36:05.185  1086  1254 I ASH     : @ 967435.987: tcs3701: stop power rail pending_off timer
01-09 11:36:05.185  1086  1254 D ASH     : @ 967435.987: tcs3701: start power rail timer, state:3
01-09 11:36:05.225  1086  1254 I ASH     : @ 967436.027: tcs3701: stop power rail pending_off timer
01-09 11:36:05.225  1086  1254 D ASH     : @ 967436.027: tcs3701: start power rail timer, state:3
01-09 11:36:05.264  1086  1254 I ASH     : @ 967436.067: tcs3701: stop power rail pending_off timer
01-09 11:36:05.265  1086  1254 D ASH     : @ 967436.067: tcs3701: start power rail timer, state:3
01-09 11:36:05.305  1086  1254 I ASH     : @ 967436.107: tcs3701: stop power rail pending_off timer
01-09 11:36:05.305  1086  1254 D ASH     : @ 967436.107: tcs3701: start power rail timer, state:3
01-09 11:36:05.345  1086  1254 I ASH     : @ 967436.147: tcs3701: stop power rail pending_off timer
01-09 11:36:05.345  1086  1254 D ASH     : @ 967436.147: tcs3701: start power rail timer, state:3
01-09 11:36:05.384  1086  1254 I ASH     : @ 967436.187: tcs3701: stop power rail pending_off timer
01-09 11:36:05.385  1086  1254 D ASH     : @ 967436.187: tcs3701: start power rail timer, state:3
01-09 11:36:05.425  1086  1254 I ASH     : @ 967436.227: tcs3701: stop power rail pending_off timer
01-09 11:36:05.425  1086  1254 D ASH     : @ 967436.227: tcs3701: start power rail timer, state:3
01-09 11:36:05.465  1086  1254 I ASH     : @ 967436.267: tcs3701: stop power rail pending_off timer
01-09 11:36:05.465  1086  1254 D ASH     : @ 967436.267: tcs3701: start power rail timer, state:3
01-09 11:36:05.505  1086  1254 I ASH     : @ 967436.307: tcs3701: stop power rail pending_off timer
01-09 11:36:05.505  1086  1254 D ASH     : @ 967436.307: tcs3701: start power rail timer, state:3
01-09 11:36:05.545  1086  1254 I ASH     : @ 967436.347: tcs3701: stop power rail pending_off timer
01-09 11:36:05.545  1086  1254 D ASH     : @ 967436.347: tcs3701: start power rail timer, state:3
01-09 11:36:05.584  1086  1254 I ASH     : @ 967436.387: tcs3701: stop power rail pending_off timer
01-09 11:36:05.585  1086  1254 D ASH     : @ 967436.387: tcs3701: start power rail timer, state:3
01-09 11:36:05.625  1086  1254 I ASH     : @ 967436.427: tcs3701: stop power rail pending_off timer
01-09 11:36:05.625  1086  1254 D ASH     : @ 967436.427: tcs3701: start power rail timer, state:3
01-09 11:36:05.664  1086  1254 I ASH     : @ 967436.467: tcs3701: stop power rail pending_off timer
01-09 11:36:05.665  1086  1254 D ASH     : @ 967436.467: tcs3701: start power rail timer, state:3
01-09 11:36:05.705  1086  1254 I ASH     : @ 967436.507: tcs3701: stop power rail pending_off timer
01-09 11:36:05.705  1086  1254 D ASH     : @ 967436.507: tcs3701: start power rail timer, state:3
01-09 11:36:05.745  1086  1254 I ASH     : @ 967436.547: tcs3701: stop power rail pending_off timer
01-09 11:36:05.745  1086  1254 D ASH     : @ 967436.547: tcs3701: start power rail timer, state:3
01-09 11:36:05.784  1086  1254 I ASH     : @ 967436.587: tcs3701: stop power rail pending_off timer
01-09 11:36:05.785  1086  1254 D ASH     : @ 967436.587: tcs3701: start power rail timer, state:3
01-09 11:36:05.825  1086  1254 I ASH     : @ 967436.627: tcs3701: stop power rail pending_off timer
01-09 11:36:05.825  1086  1254 D ASH     : @ 967436.627: tcs3701: start power rail timer, state:3
01-09 11:36:05.864  1086  1254 I ASH     : @ 967436.667: tcs3701: stop power rail pending_off timer
01-09 11:36:05.865  1086  1254 D ASH     : @ 967436.667: tcs3701: start power rail timer, state:3
01-09 11:36:05.905  1086  1254 I ASH     : @ 967436.707: tcs3701: stop power rail pending_off timer
01-09 11:36:05.905  1086  1254 D ASH     : @ 967436.707: tcs3701: start power rail timer, state:3
01-09 11:36:05.945  1086  1254 I ASH     : @ 967436.747: tcs3701: stop power rail pending_off timer
01-09 11:36:05.945  1086  1254 D ASH     : @ 967436.747: tcs3701: start power rail timer, state:3
01-09 11:36:05.984  1086  1254 I ASH     : @ 967436.787: tcs3701: stop power rail pending_off timer
01-09 11:36:05.985  1086  1254 D ASH     : @ 967436.787: tcs3701: start power rail timer, state:3
01-09 11:36:06.025  1086  1254 I ASH     : @ 967436.827: tcs3701: stop power rail pending_off timer
01-09 11:36:06.025  1086  1254 D ASH     : @ 967436.827: tcs3701: start power rail timer, state:3
01-09 11:36:06.065  1086  1254 I ASH     : @ 967436.867: tcs3701: stop power rail pending_off timer
01-09 11:36:06.065  1086  1254 D ASH     : @ 967436.867: tcs3701: start power rail timer, state:3
01-09 11:36:06.105  1086  1254 I ASH     : @ 967436.907: tcs3701: stop power rail pending_off timer
01-09 11:36:06.105  1086  1254 D ASH     : @ 967436.907: tcs3701: start power rail timer, state:3
01-09 11:36:06.145  1086  1254 I ASH     : @ 967436.947: tcs3701: stop power rail pending_off timer
01-09 11:36:06.145  1086  1254 D ASH     : @ 967436.947: tcs3701: start power rail timer, state:3
01-09 11:36:06.184  1086  1254 I ASH     : @ 967436.987: tcs3701: stop power rail pending_off timer
01-09 11:36:06.185  1086  1254 D ASH     : @ 967436.987: tcs3701: start power rail timer, state:3
01-09 11:36:06.225  1086  1254 I ASH     : @ 967437.027: tcs3701: stop power rail pending_off timer
01-09 11:36:06.225  1086  1254 D ASH     : @ 967437.027: tcs3701: start power rail timer, state:3
01-09 11:36:06.264  1086  1254 I ASH     : @ 967437.067: tcs3701: stop power rail pending_off timer
01-09 11:36:06.265  1086  1254 D ASH     : @ 967437.067: tcs3701: start power rail timer, state:3
01-09 11:36:06.305  1086  1254 I ASH     : @ 967437.107: tcs3701: stop power rail pending_off timer
01-09 11:36:06.305  1086  1254 D ASH     : @ 967437.107: tcs3701: start power rail timer, state:3
01-09 11:36:06.344  1086  1254 I ASH     : @ 967437.147: tcs3701: stop power rail pending_off timer
01-09 11:36:06.345  1086  1254 D ASH     : @ 967437.147: tcs3701: start power rail timer, state:3
01-09 11:36:06.385  1086  1254 I ASH     : @ 967437.187: tcs3701: stop power rail pending_off timer
01-09 11:36:06.385  1086  1254 D ASH     : @ 967437.187: tcs3701: start power rail timer, state:3
01-09 11:36:06.425  1086  1254 I ASH     : @ 967437.227: tcs3701: stop power rail pending_off timer
01-09 11:36:06.425  1086  1254 D ASH     : @ 967437.227: tcs3701: start power rail timer, state:3
01-09 11:36:06.465  1086  1254 I ASH     : @ 967437.267: tcs3701: stop power rail pending_off timer
01-09 11:36:06.465  1086  1254 D ASH     : @ 967437.267: tcs3701: start power rail timer, state:3
01-09 11:36:06.505  1086  1254 I ASH     : @ 967437.307: tcs3701: stop power rail pending_off timer
01-09 11:36:06.505  1086  1254 D ASH     : @ 967437.307: tcs3701: start power rail timer, state:3
01-09 11:36:06.544  1086  1254 I ASH     : @ 967437.347: tcs3701: stop power rail pending_off timer
01-09 11:36:06.545  1086  1254 D ASH     : @ 967437.347: tcs3701: start power rail timer, state:3
01-09 11:36:06.585  1086  1254 I ASH     : @ 967437.387: tcs3701: stop power rail pending_off timer
01-09 11:36:06.585  1086  1254 D ASH     : @ 967437.387: tcs3701: start power rail timer, state:3
01-09 11:36:06.625  1086  1254 I ASH     : @ 967437.427: tcs3701: stop power rail pending_off timer
01-09 11:36:06.625  1086  1254 D ASH     : @ 967437.427: tcs3701: start power rail timer, state:3
01-09 11:36:06.665  1086  1254 I ASH     : @ 967437.467: tcs3701: stop power rail pending_off timer
01-09 11:36:06.665  1086  1254 D ASH     : @ 967437.467: tcs3701: start power rail timer, state:3
01-09 11:36:06.705  1086  1254 I ASH     : @ 967437.507: tcs3701: stop power rail pending_off timer
01-09 11:36:06.705  1086  1254 D ASH     : @ 967437.507: tcs3701: start power rail timer, state:3
01-09 11:36:06.745  1086  1254 I ASH     : @ 967437.547: tcs3701: stop power rail pending_off timer
01-09 11:36:06.745  1086  1254 D ASH     : @ 967437.547: tcs3701: start power rail timer, state:3
01-09 11:36:06.785  1086  1254 I ASH     : @ 967437.587: tcs3701: stop power rail pending_off timer
01-09 11:36:06.785  1086  1254 D ASH     : @ 967437.587: tcs3701: start power rail timer, state:3
01-09 11:36:06.825  1086  1254 I ASH     : @ 967437.627: tcs3701: stop power rail pending_off timer
01-09 11:36:06.825  1086  1254 D ASH     : @ 967437.627: tcs3701: start power rail timer, state:3
01-09 11:36:06.865  1086  1254 I ASH     : @ 967437.667: tcs3701: stop power rail pending_off timer
01-09 11:36:06.865  1086  1254 D ASH     : @ 967437.667: tcs3701: start power rail timer, state:3
01-09 11:36:06.904  1086  1254 I ASH     : @ 967437.707: tcs3701: stop power rail pending_off timer
01-09 11:36:06.905  1086  1254 D ASH     : @ 967437.707: tcs3701: start power rail timer, state:3
01-09 11:36:06.945  1086  1254 I ASH     : @ 967437.747: tcs3701: stop power rail pending_off timer
01-09 11:36:06.945  1086  1254 D ASH     : @ 967437.747: tcs3701: start power rail timer, state:3
01-09 11:36:06.984  1086  1254 I ASH     : @ 967437.787: tcs3701: stop power rail pending_off timer
01-09 11:36:06.985  1086  1254 D ASH     : @ 967437.787: tcs3701: start power rail timer, state:3
01-09 11:36:07.024  1086  1254 I ASH     : @ 967437.827: tcs3701: stop power rail pending_off timer
01-09 11:36:07.025  1086  1254 D ASH     : @ 967437.827: tcs3701: start power rail timer, state:3
01-09 11:36:07.065  1086  1254 I ASH     : @ 967437.867: tcs3701: stop power rail pending_off timer
01-09 11:36:07.065  1086  1254 D ASH     : @ 967437.867: tcs3701: start power rail timer, state:3
01-09 11:36:07.105  1086  1254 I ASH     : @ 967437.907: tcs3701: stop power rail pending_off timer
01-09 11:36:07.105  1086  1254 D ASH     : @ 967437.907: tcs3701: start power rail timer, state:3
01-09 11:36:07.145  1086  1254 I ASH     : @ 967437.947: tcs3701: stop power rail pending_off timer
01-09 11:36:07.145  1086  1254 D ASH     : @ 967437.947: tcs3701: start power rail timer, state:3
01-09 11:36:07.185  1086  1254 I ASH     : @ 967437.987: tcs3701: stop power rail pending_off timer
01-09 11:36:07.185  1086  1254 D ASH     : @ 967437.987: tcs3701: start power rail timer, state:3
01-09 11:36:07.225  1086  1254 I ASH     : @ 967438.027: tcs3701: stop power rail pending_off timer
01-09 11:36:07.225  1086  1254 D ASH     : @ 967438.027: tcs3701: start power rail timer, state:3
01-09 11:36:07.265  1086  1254 I ASH     : @ 967438.067: tcs3701: stop power rail pending_off timer
01-09 11:36:07.265  1086  1254 D ASH     : @ 967438.067: tcs3701: start power rail timer, state:3
01-09 11:36:07.305  1086  1254 I ASH     : @ 967438.107: tcs3701: stop power rail pending_off timer
01-09 11:36:07.305  1086  1254 D ASH     : @ 967438.107: tcs3701: start power rail timer, state:3
01-09 11:36:07.345  1086  1254 I ASH     : @ 967438.147: tcs3701: stop power rail pending_off timer
01-09 11:36:07.345  1086  1254 D ASH     : @ 967438.147: tcs3701: start power rail timer, state:3
01-09 11:36:07.385  1086  1254 I ASH     : @ 967438.187: tcs3701: stop power rail pending_off timer
01-09 11:36:07.385  1086  1254 D ASH     : @ 967438.187: tcs3701: start power rail timer, state:3
01-09 11:36:07.425  1086  1254 I ASH     : @ 967438.227: tcs3701: stop power rail pending_off timer
01-09 11:36:07.425  1086  1254 D ASH     : @ 967438.227: tcs3701: start power rail timer, state:3
01-09 11:36:07.465  1086  1254 I ASH     : @ 967438.267: tcs3701: stop power rail pending_off timer
01-09 11:36:07.465  1086  1254 D ASH     : @ 967438.267: tcs3701: start power rail timer, state:3
01-09 11:36:07.505  1086  1254 I ASH     : @ 967438.307: tcs3701: stop power rail pending_off timer
01-09 11:36:07.505  1086  1254 D ASH     : @ 967438.307: tcs3701: start power rail timer, state:3
01-09 11:36:07.545  1086  1254 I ASH     : @ 967438.347: tcs3701: stop power rail pending_off timer
01-09 11:36:07.545  1086  1254 D ASH     : @ 967438.347: tcs3701: start power rail timer, state:3
01-09 11:36:07.585  1086  1254 I ASH     : @ 967438.387: tcs3701: stop power rail pending_off timer
01-09 11:36:07.585  1086  1254 D ASH     : @ 967438.387: tcs3701: start power rail timer, state:3
01-09 11:36:07.625  1086  1254 I ASH     : @ 967438.427: tcs3701: stop power rail pending_off timer
01-09 11:36:07.625  1086  1254 D ASH     : @ 967438.427: tcs3701: start power rail timer, state:3
01-09 11:36:07.665  1086  1254 I ASH     : @ 967438.467: tcs3701: stop power rail pending_off timer
01-09 11:36:07.665  1086  1254 D ASH     : @ 967438.467: tcs3701: start power rail timer, state:3
01-09 11:36:07.705  1086  1254 I ASH     : @ 967438.507: tcs3701: stop power rail pending_off timer
01-09 11:36:07.705  1086  1254 D ASH     : @ 967438.507: tcs3701: start power rail timer, state:3
01-09 11:36:07.745  1086  1254 I ASH     : @ 967438.547: tcs3701: stop power rail pending_off timer
01-09 11:36:07.745  1086  1254 D ASH     : @ 967438.547: tcs3701: start power rail timer, state:3
01-09 11:36:07.784  1086  1254 I ASH     : @ 967438.587: tcs3701: stop power rail pending_off timer
01-09 11:36:07.785  1086  1254 D ASH     : @ 967438.587: tcs3701: start power rail timer, state:3
01-09 11:36:07.825  1086  1254 I ASH     : @ 967438.627: tcs3701: stop power rail pending_off timer
01-09 11:36:07.825  1086  1254 D ASH     : @ 967438.627: tcs3701: start power rail timer, state:3
01-09 11:36:07.865  1086  1254 I ASH     : @ 967438.667: tcs3701: stop power rail pending_off timer
01-09 11:36:07.865  1086  1254 D ASH     : @ 967438.667: tcs3701: start power rail timer, state:3
01-09 11:36:07.905  1086  1254 I ASH     : @ 967438.707: tcs3701: stop power rail pending_off timer
01-09 11:36:07.905  1086  1254 D ASH     : @ 967438.707: tcs3701: start power rail timer, state:3
01-09 11:36:07.945  1086  1254 I ASH     : @ 967438.747: tcs3701: stop power rail pending_off timer
01-09 11:36:07.945  1086  1254 D ASH     : @ 967438.747: tcs3701: start power rail timer, state:3
01-09 11:36:07.985  1086  1254 I ASH     : @ 967438.787: tcs3701: stop power rail pending_off timer
01-09 11:36:07.985  1086  1254 D ASH     : @ 967438.787: tcs3701: start power rail timer, state:3
01-09 11:36:08.025  1086  1254 I ASH     : @ 967438.827: tcs3701: stop power rail pending_off timer
01-09 11:36:08.025  1086  1254 D ASH     : @ 967438.827: tcs3701: start power rail timer, state:3
01-09 11:36:08.065  1086  1254 I ASH     : @ 967438.867: tcs3701: stop power rail pending_off timer
01-09 11:36:08.065  1086  1254 D ASH     : @ 967438.867: tcs3701: start power rail timer, state:3
01-09 11:36:08.105  1086  1254 I ASH     : @ 967438.907: tcs3701: stop power rail pending_off timer
01-09 11:36:08.105  1086  1254 D ASH     : @ 967438.907: tcs3701: start power rail timer, state:3
01-09 11:36:08.145  1086  1254 I ASH     : @ 967438.947: tcs3701: stop power rail pending_off timer
01-09 11:36:08.145  1086  1254 D ASH     : @ 967438.947: tcs3701: start power rail timer, state:3
01-09 11:36:08.184  1086  1254 I ASH     : @ 967438.987: tcs3701: stop power rail pending_off timer
01-09 11:36:08.185  1086  1254 D ASH     : @ 967438.987: tcs3701: start power rail timer, state:3
01-09 11:36:08.225  1086  1254 I ASH     : @ 967439.027: tcs3701: stop power rail pending_off timer
01-09 11:36:08.225  1086  1254 D ASH     : @ 967439.027: tcs3701: start power rail timer, state:3
01-09 11:36:08.265  1086  1254 I ASH     : @ 967439.067: tcs3701: stop power rail pending_off timer
01-09 11:36:08.265  1086  1254 D ASH     : @ 967439.067: tcs3701: start power rail timer, state:3
01-09 11:36:08.305  1086  1254 I ASH     : @ 967439.107: tcs3701: stop power rail pending_off timer
01-09 11:36:08.305  1086  1254 D ASH     : @ 967439.107: tcs3701: start power rail timer, state:3
01-09 11:36:08.345  1086  1254 I ASH     : @ 967439.147: tcs3701: stop power rail pending_off timer
01-09 11:36:08.345  1086  1254 D ASH     : @ 967439.147: tcs3701: start power rail timer, state:3
01-09 11:36:08.370 26472 26490 I Unity   : [showcase] frame cost — scene surfaces at 1080x2340 over 240 frames — tick 0.15 ms, draw mean 0.19 p50 0.19 p95 0.25 max 0.30 ms (2916.8 fps if unpaced)
01-09 11:36:08.370 26472 26490 I Unity   : UnityEngine.DebugLogHandler:Internal_Log(LogType, LogOption, String, Object)
01-09 11:36:08.370 26472 26490 I Unity   : Driftsys.Dashscene.Samples.DashsceneShowcase:Update()
01-09 11:36:08.370 26472 26490 I Unity   : 
01-09 11:36:08.384  1086  1254 I ASH     : @ 967439.187: tcs3701: stop power rail pending_off timer
01-09 11:36:08.384  1086  1254 D ASH     : @ 967439.187: tcs3701: start power rail timer, state:3
01-09 11:36:08.425  1086  1254 I ASH     : @ 967439.227: tcs3701: stop power rail pending_off timer
01-09 11:36:08.425  1086  1254 D ASH     : @ 967439.227: tcs3701: start power rail timer, state:3
01-09 11:36:08.465  1086  1254 I ASH     : @ 967439.267: tcs3701: stop power rail pending_off timer
01-09 11:36:08.465  1086  1254 D ASH     : @ 967439.267: tcs3701: start power rail timer, state:3
01-09 11:36:08.504  1086  1254 I ASH     : @ 967439.307: tcs3701: stop power rail pending_off timer
01-09 11:36:08.505  1086  1254 D ASH     : @ 967439.307: tcs3701: start power rail timer, state:3
01-09 11:36:08.545  1086  1254 I ASH     : @ 967439.347: tcs3701: stop power rail pending_off timer
01-09 11:36:08.545  1086  1254 D ASH     : @ 967439.347: tcs3701: start power rail timer, state:3
01-09 11:36:08.585  1086  1254 I ASH     : @ 967439.387: tcs3701: stop power rail pending_off timer
01-09 11:36:08.585  1086  1254 D ASH     : @ 967439.387: tcs3701: start power rail timer, state:3
01-09 11:36:08.625  1086  1254 I ASH     : @ 967439.427: tcs3701: stop power rail pending_off timer
01-09 11:36:08.625  1086  1254 D ASH     : @ 967439.427: tcs3701: start power rail timer, state:3
01-09 11:36:08.665  1086  1254 I ASH     : @ 967439.467: tcs3701: stop power rail pending_off timer
01-09 11:36:08.665  1086  1254 D ASH     : @ 967439.467: tcs3701: start power rail timer, state:3
01-09 11:36:08.705  1086  1254 I ASH     : @ 967439.507: tcs3701: stop power rail pending_off timer
01-09 11:36:08.705  1086  1254 D ASH     : @ 967439.507: tcs3701: start power rail timer, state:3
01-09 11:36:08.745  1086  1254 I ASH     : @ 967439.547: tcs3701: stop power rail pending_off timer
01-09 11:36:08.745  1086  1254 D ASH     : @ 967439.547: tcs3701: start power rail timer, state:3
01-09 11:36:08.785  1086  1254 I ASH     : @ 967439.587: tcs3701: stop power rail pending_off timer
01-09 11:36:08.785  1086  1254 D ASH     : @ 967439.587: tcs3701: start power rail timer, state:3
01-09 11:36:08.825  1086  1254 I ASH     : @ 967439.627: tcs3701: stop power rail pending_off timer
01-09 11:36:08.825  1086  1254 D ASH     : @ 967439.627: tcs3701: start power rail timer, state:3
01-09 11:36:08.865  1086  1254 I ASH     : @ 967439.667: tcs3701: stop power rail pending_off timer
01-09 11:36:08.865  1086  1254 D ASH     : @ 967439.667: tcs3701: start power rail timer, state:3
01-09 11:36:08.905  1086  1254 I ASH     : @ 967439.707: tcs3701: stop power rail pending_off timer
01-09 11:36:08.905  1086  1254 D ASH     : @ 967439.707: tcs3701: start power rail timer, state:3
01-09 11:36:08.945  1086  1254 I ASH     : @ 967439.747: tcs3701: stop power rail pending_off timer
01-09 11:36:08.945  1086  1254 D ASH     : @ 967439.747: tcs3701: start power rail timer, state:3
01-09 11:36:08.984  1086  1254 I ASH     : @ 967439.787: tcs3701: stop power rail pending_off timer
01-09 11:36:08.985  1086  1254 D ASH     : @ 967439.787: tcs3701: start power rail timer, state:3
01-09 11:36:09.025  1086  1254 I ASH     : @ 967439.827: tcs3701: stop power rail pending_off timer
01-09 11:36:09.025  1086  1254 D ASH     : @ 967439.827: tcs3701: start power rail timer, state:3
01-09 11:36:09.065  1086  1254 I ASH     : @ 967439.867: tcs3701: stop power rail pending_off timer
01-09 11:36:09.065  1086  1254 D ASH     : @ 967439.867: tcs3701: start power rail timer, state:3
01-09 11:36:09.105  1086  1254 I ASH     : @ 967439.907: tcs3701: stop power rail pending_off timer
01-09 11:36:09.105  1086  1254 D ASH     : @ 967439.907: tcs3701: start power rail timer, state:3
01-09 11:36:09.144  1086  1254 I ASH     : @ 967439.947: tcs3701: stop power rail pending_off timer
01-09 11:36:09.144  1086  1254 D ASH     : @ 967439.947: tcs3701: start power rail timer, state:3
01-09 11:36:09.185  1086  1254 I ASH     : @ 967439.987: tcs3701: stop power rail pending_off timer
01-09 11:36:09.185  1086  1254 D ASH     : @ 967439.987: tcs3701: start power rail timer, state:3
01-09 11:36:09.225  1086  1254 I ASH     : @ 967440.027: tcs3701: stop power rail pending_off timer
01-09 11:36:09.225  1086  1254 D ASH     : @ 967440.027: tcs3701: start power rail timer, state:3
01-09 11:36:09.265  1086  1254 I ASH     : @ 967440.067: tcs3701: stop power rail pending_off timer
01-09 11:36:09.265  1086  1254 D ASH     : @ 967440.067: tcs3701: start power rail timer, state:3
01-09 11:36:09.305  1086  1254 I ASH     : @ 967440.107: tcs3701: stop power rail pending_off timer
01-09 11:36:09.305  1086  1254 D ASH     : @ 967440.107: tcs3701: start power rail timer, state:3
01-09 11:36:09.344  1086  1254 I ASH     : @ 967440.147: tcs3701: stop power rail pending_off timer
01-09 11:36:09.344  1086  1254 D ASH     : @ 967440.147: tcs3701: start power rail timer, state:3
01-09 11:36:09.384  1086  1254 I ASH     : @ 967440.187: tcs3701: stop power rail pending_off timer
01-09 11:36:09.385  1086  1254 D ASH     : @ 967440.187: tcs3701: start power rail timer, state:3
01-09 11:36:09.425  1086  1254 I ASH     : @ 967440.227: tcs3701: stop power rail pending_off timer
01-09 11:36:09.425  1086  1254 D ASH     : @ 967440.227: tcs3701: start power rail timer, state:3
01-09 11:36:09.465  1086  1254 I ASH     : @ 967440.267: tcs3701: stop power rail pending_off timer
01-09 11:36:09.465  1086  1254 D ASH     : @ 967440.267: tcs3701: start power rail timer, state:3
01-09 11:36:09.505  1086  1254 I ASH     : @ 967440.307: tcs3701: stop power rail pending_off timer
01-09 11:36:09.505  1086  1254 D ASH     : @ 967440.307: tcs3701: start power rail timer, state:3
01-09 11:36:09.539  2565  2565 I vol.VolumeDialogImpl: mDialog.dismiss() reason: volume_controller from: com.android.systemui.volume.VolumeDialogImpl$7.onDismissRequested:3
01-09 11:36:09.545  1086  1254 I ASH     : @ 967440.347: tcs3701: stop power rail pending_off timer
01-09 11:36:09.545  1086  1254 D ASH     : @ 967440.347: tcs3701: start power rail timer, state:3
01-09 11:36:09.547  1785  2096 D CompatibilityChangeReporter: Compat change id reported: 197654537; UID 10273; state: ENABLED
01-09 11:36:09.547  2565  2589 V WindowManagerShell: Transition requested: android.os.BinderProxy@6301aae TransitionRequestInfo { type = OPEN, triggerTask = TaskInfo{userId=0 taskId=49 displayId=0 isRunning=true baseIntent=Intent { act=android.intent.action.MAIN cat=[android.intent.category.HOME] flg=0x10000100 cmp=com.google.android.apps.nexuslauncher/.NexusLauncherActivity } baseActivity=ComponentInfo{com.google.android.apps.nexuslauncher/com.google.android.apps.nexuslauncher.NexusLauncherActivity} topActivity=ComponentInfo{com.google.android.apps.nexuslauncher/com.google.android.apps.nexuslauncher.NexusLauncherActivity} origActivity=null realActivity=ComponentInfo{com.google.android.apps.nexuslauncher/com.google.android.apps.nexuslauncher.NexusLauncherActivity} numActivities=1 lastActiveTime=967437492 supportsMultiWindow=true resizeMode=2 isResizeable=true minWidth=-1 minHeight=-1 defaultMinSize=220 token=WCT{android.window.IWindowContainerToken$Stub$Proxy@b30904f} topActivityType=2 pictureInPictureParams=null shouldDockBigOverlays=false launchIntoPipHostTaskId=-1 lastParentTaskIdBeforePip=-1 displayCutoutSafeInsets=null topActivityInfo=ActivityInfo{bbfb3dc com.google.android.apps.nexuslauncher.NexusLauncherActivity} launchCookies=[] positionInParent=Point(0, 0) parentTaskId=-1 isFocused=true isVisible=false isVisibleRequested=true isSleeping=false topActivityInSizeCompat=false topActivityEligibleForLetterboxEducation= false topActivityLetterboxed= false isFromDoubleTap= false topActivityLetterboxVerticalPosition= -1 topActivityLetterboxHorizontalPosition= -1 topActivityLetterboxWidth=-1 topActivityLetterboxHeight=-1 locusId=LocusId[17_chars] displayAreaFeatureId=1 cameraCompatControlState=hidden}, remoteTransition = null, displayChange = null }
01-09 11:36:09.548  1785  2096 I ActivityTaskManager: START u0 {act=android.intent.action.MAIN cat=[android.intent.category.HOME] flg=0x10000100 cmp=com.google.android.apps.nexuslauncher/.NexusLauncherActivity (has extras)} with LAUNCH_SINGLE_TASK from uid 0 (BAL_ALLOW_ALLOWLISTED_UID) result code=2
01-09 11:36:09.548  1785  4032 W ActivityManager: Unable to start service Intent { act=com.android.launcher3.WINDOW_OVERLAY dat=app://com.google.android.apps.nexuslauncher:10227/... pkg=com.google.android.googlequicksearchbox } U=0: not found
01-09 11:36:09.550  2565  2589 D WindowManagerShell: onActivityRestartAttempt: ComponentInfo{com.google.android.apps.nexuslauncher/com.google.android.apps.nexuslauncher.NexusLauncherActivity}
01-09 11:36:09.551   665   665 I BpBinder: onLastStrongRef automatically unlinking death recipients: 
01-09 11:36:09.555  2565  2565 I vol.VolumeDialogImpl: mDialog.dismiss() reason: volume_controller from: com.android.systemui.volume.VolumeDialogImpl$7.onDismissRequested:3
01-09 11:36:09.555  2565  2565 D vol.VolumeDialogImpl: dismissH: skipping dismiss because isAnimatingDismiss is true and showingStateInconsistent is false
01-09 11:36:09.559  2992  3795 E OpenGLRenderer: Unable to match the desired swap behavior.
01-09 11:36:09.565  2658  2658 I WallpaperService: engine resumed
01-09 11:36:09.565  1785  3646 W AppSearchIcing: icing-search-engine.cc:283: Error: 5, Message: Document (com.google.android.googlequicksearchbox$OneSearchZeroStateGoogleSuggestions/default, zp) not found.
01-09 11:36:09.566  1086  1086 I sensors-hal: [hal]batch_physical_sensor:314, android.sensor.gyroscope/41, period=20000000, max_latency=0
01-09 11:36:09.566  1086  1086 I sensors-hal: [sensor]set_config:64, sample_period_ns is adjusted to 20000000 based on min/max delay_ns
01-09 11:36:09.566  1086  1086 I sensors-hal: [hal]batch_physical_sensor:323, android.sensor.gyroscope/41, period=20000000, max_latency=0 request completed
01-09 11:36:09.566  2992  3926 E OneSearchSuggestProvider: Failed to fetch suggestions from AppSearch, fallback to AGA
01-09 11:36:09.566  2992  3926 E OneSearchSuggestProvider: java.util.concurrent.CompletionException: java.util.NoSuchElementException: No value present
01-09 11:36:09.566  2992  3926 E OneSearchSuggestProvider: 	at java.util.concurrent.CompletableFuture.encodeThrowable(CompletableFuture.java:308)
01-09 11:36:09.566  2992  3926 E OneSearchSuggestProvider: 	at java.util.concurrent.CompletableFuture.completeThrowable(CompletableFuture.java:323)
01-09 11:36:09.566  2992  3926 E OneSearchSuggestProvider: 	at java.util.concurrent.CompletableFuture$UniAccept.tryFire(CompletableFuture.java:684)
01-09 11:36:09.566  2992  3926 E OneSearchSuggestProvider: 	at java.util.concurrent.CompletableFuture.postComplete(CompletableFuture.java:486)
01-09 11:36:09.566  2992  3926 E OneSearchSuggestProvider: 	at java.util.concurrent.CompletableFuture.completeExceptionally(CompletableFuture.java:2138)
01-09 11:36:09.566  2992  3926 E OneSearchSuggestProvider: 	at com.google.android.apps.nexuslauncher.allapps.H0.onResult(Unknown Source:59)
01-09 11:36:09.566  2992  3926 E OneSearchSuggestProvider: 	at android.app.appsearch.SearchSessionUtil$1.lambda$onResult$0(SearchSessionUtil.java:129)
01-09 11:36:09.566  2992  3926 E OneSearchSuggestProvider: 	at android.app.appsearch.SearchSessionUtil$1.$r8$lambda$_nlk9WiPjSfaAsqKYmp0aPvSRC0(SearchSessionUtil.java:1)
01-09 11:36:09.566  2992  3926 E OneSearchSuggestProvider: 	at android.app.appsearch.SearchSessionUtil$1$$ExternalSyntheticLambda0.run(R8$$SyntheticClass:13)
01-09 11:36:09.566  2992  3926 E OneSearchSuggestProvider: 	at android.os.Handler.handleCallback(Handler.java:958)
01-09 11:36:09.566  2992  3926 E OneSearchSuggestProvider: 	at android.os.Handler.dispatchMessage(Handler.java:99)
01-09 11:36:09.566  2992  3926 E OneSearchSuggestProvider: 	at android.os.Looper.loopOnce(Looper.java:205)
01-09 11:36:09.566  2992  3926 E OneSearchSuggestProvider: 	at android.os.Looper.loop(Looper.java:294)
01-09 11:36:09.566  2992  3926 E OneSearchSuggestProvider: 	at android.os.HandlerThread.run(HandlerThread.java:67)
01-09 11:36:09.566  2992  3926 E OneSearchSuggestProvider: Caused by: java.util.NoSuchElementException: No value present
01-09 11:36:09.566  2992  3926 E OneSearchSuggestProvider: 	at java.util.Optional.get(Optional.java:144)
01-09 11:36:09.566  2992  3926 E OneSearchSuggestProvider: 	at com.google.android.apps.nexuslauncher.allapps.H0.onResult(Unknown Source:16)
01-09 11:36:09.566  2992  3926 E OneSearchSuggestProvider: 	... 8 more
01-09 11:36:09.569  2992  3926 D OneSearchSuggestProvider: Created the binder channel successfully for end point service =com.google.android.apps.search.googleapp.search.suggest.plugins.onesearch.server.OneSearchSuggestService , mChannel=z1{delegate=s1{logId=406, target=directaddress:///AndroidComponentAddress%5BIntent%20%7B%20act=grpc.io.action.BIND%20cmp=com.google.android.googlequicksearchbox/com.google.android.apps.search.googleapp.search.suggest.plugins.onesearch.server.OneSearchSuggestService%20%7D%5D}} , mOneSearchConnection=X1.T@391a3a9
01-09 11:36:09.569  2992  3054 D QuickstepModelDelegate: notifyAppTargetEvent action=1 launchLocation=workspace/0/[-1,-1]/[1,1]
01-09 11:36:09.570  1086  1086 I sensors-hal: [hal]activate_physical_sensor:251, android.sensor.gyroscope/41 en=1
01-09 11:36:09.571  1086  1086 I sensors-hal: [ssc_utils]get_qmi_debug_flag:243, support_qmi_debug : false
01-09 11:36:09.572  1785  6972 W ActivityManager: Unable to start service Intent { act=grpc.io.action.BIND cmp=com.google.android.googlequicksearchbox/com.google.android.apps.search.googleapp.search.suggest.plugins.onesearch.server.OneSearchSuggestService } U=0: not found
01-09 11:36:09.574  2992 26659 E OneSearchSuggestProvider: Unable to get suggestions from AGA
01-09 11:36:09.574  2992 26659 E OneSearchSuggestProvider: io.grpc.StatusRuntimeException: UNIMPLEMENTED: bindService(Intent { act=grpc.io.action.BIND cmp=com.google.android.googlequicksearchbox/com.google.android.apps.search.googleapp.search.suggest.plugins.onesearch.server.OneSearchSuggestService }) returned false
01-09 11:36:09.574  2992 26659 E OneSearchSuggestProvider: 	at S2.d.a(Unknown Source:68)
01-09 11:36:09.574  2992 26659 E OneSearchSuggestProvider: 	at io.grpc.internal.p.b(Unknown Source:32)
01-09 11:36:09.574  2992 26659 E OneSearchSuggestProvider: 	at io.grpc.internal.p.a(Unknown Source:14)
01-09 11:36:09.574  2992 26659 E OneSearchSuggestProvider: 	at io.grpc.internal.C.run(Unknown Source:6)
01-09 11:36:09.574  2992 26659 E OneSearchSuggestProvider: 	at io.grpc.internal.y2.run(Unknown Source:18)
01-09 11:36:09.574  2992 26659 E OneSearchSuggestProvider: 	at java.util.concurrent.ThreadPoolExecutor.runWorker(ThreadPoolExecutor.java:1145)
01-09 11:36:09.574  2992 26659 E OneSearchSuggestProvider: 	at java.util.concurrent.ThreadPoolExecutor$Worker.run(ThreadPoolExecutor.java:644)
01-09 11:36:09.574  2992 26659 E OneSearchSuggestProvider: 	at java.lang.Thread.run(Thread.java:1012)
01-09 11:36:09.575  1086  1086 D Diag_Lib:  Diag_LSM_Init: Failed to open handle to diag driver, error = 13
01-09 11:36:09.573  1086  1086 W sensors@2.0-ser: type=1400 audit(0.0:3142): avc:  denied  { read write } for  name="diag" dev="tmpfs" ino=11419 scontext=u:r:hal_sensors_default:s0 tcontext=u:object_r:diag_device:s0 tclass=chr_file permissive=0
01-09 11:36:09.576  2992  2992 D SearchTargetUtil:  query= size=0
01-09 11:36:09.577  2565  2589 V WindowManagerShell: onTransitionReady android.os.BinderProxy@6301aae: {id=142 t=OPEN f=0x0 trk=0 r=[0@Point(0, 0)] c=[{WCT{android.window.IWindowContainerToken$Stub$Proxy@ac4d186} m=TO_FRONT f=SHOW_WALLPAPER|MOVE_TO_TOP leash=Surface(name=Task=1)/@0xe733ba sb=Rect(0, 0 - 1080, 2340) eb=Rect(0, 0 - 1080, 2340) d=0},{WCT{android.window.IWindowContainerToken$Stub$Proxy@1483a47} m=TO_BACK f=NONE leash=Surface(name=Task=86)/@0xfe26b sb=Rect(0, 0 - 1080, 2340) eb=Rect(0, 0 - 1080, 2340) d=0},{null m=TO_FRONT f=IS_WALLPAPER leash=Surface(name=WallpaperWindowToken{a967929 token=android.os.Binder@38f29f3})/@0x78231c8 sb=Rect(0, 0 - 1080, 2340) eb=Rect(0, 0 - 1080, 2340) d=0}]}
01-09 11:36:09.577  2565  2589 V WindowManagerShell: Playing animation for (#142)android.os.BinderProxy@6301aae@0
01-09 11:36:09.577  2565  2589 V WindowManagerShell:  try handler com.android.wm.shell.transition.DefaultMixedHandler@83c3803
01-09 11:36:09.577  2565  2589 V WindowManagerShell:  try handler com.android.wm.shell.keyguard.KeyguardTransitionHandler@6f380
01-09 11:36:09.577  3591  3823 I AiAiEcho: Predicting[0]: 
01-09 11:36:09.577  2565  2589 V WindowManagerShell:  try handler com.android.wm.shell.activityembedding.ActivityEmbeddingController@626ddb9
01-09 11:36:09.577  2565  2589 V WindowManagerShell:  try handler com.android.wm.shell.recents.RecentsTransitionHandler@c30f5fe
01-09 11:36:09.577  2565  2589 V ShellRecents: RecentsTransitionHandler.startAnimation: no controller found
01-09 11:36:09.577  2565  2589 V WindowManagerShell:  try handler com.android.wm.shell.pip.PipTransition@c40515f
01-09 11:36:09.577  3591  3823 I AiAiEcho: EchoTargets: 
01-09 11:36:09.577  3591  3823 I AiAiEcho: Filtered by AiAi flag check: 
01-09 11:36:09.577  2565  2589 V WindowManagerShell:  try handler com.android.wm.shell.splitscreen.StageCoordinator@ea7c7ac
01-09 11:36:09.577  2565  2589 V WindowManagerShell:  try handler com.android.wm.shell.transition.RemoteTransitionHandler@74e9c75
01-09 11:36:09.578  2565  2589 V WindowManagerShell: Transition doesn't have explicit remote, search filters for match for {id=142 t=OPEN f=0x0 trk=0 r=[0@Point(0, 0)] c=[{WCT{android.window.IWindowContainerToken$Stub$Proxy@ac4d186} m=TO_FRONT f=SHOW_WALLPAPER|MOVE_TO_TOP leash=Surface(name=Task=1)/@0xe733ba sb=Rect(0, 0 - 1080, 2340) eb=Rect(0, 0 - 1080, 2340) d=0},{WCT{android.window.IWindowContainerToken$Stub$Proxy@1483a47} m=TO_BACK f=NONE leash=Surface(name=Task=86)/@0xfe26b sb=Rect(0, 0 - 1080, 2340) eb=Rect(0, 0 - 1080, 2340) d=0},{null m=TO_FRONT f=IS_WALLPAPER leash=Surface(name=WallpaperWindowToken{a967929 token=android.os.Binder@38f29f3})/@0x78231c8 sb=Rect(0, 0 - 1080, 2340) eb=Rect(0, 0 - 1080, 2340) d=0}]}
01-09 11:36:09.578  3591  3823 I AiAiEcho: Ranked targets strategy: SORT, count: 0, ranking metadata: 
01-09 11:36:09.578  2565  2589 V WindowManagerShell:  Checking filter Pair{{types=[] flags=0x0] notFlags=0x0 checks=[{atype=dream independent=true modes=[OPEN,TO_FRONT] flags=NONE mustBeTask=false order=ANY topActivity=null},{atype=home independent=true modes=[CLOSE,TO_BACK] flags=NONE mustBeTask=false order=ANY topActivity=null}]} RemoteTransition { remoteTransition = android.window.IRemoteTransition$Stub$Proxy@7a2740a, appThread = android.app.IApplicationThread$Stub$Proxy@942a47b, debugName = LauncherToDream }}
01-09 11:36:09.578  2565  2589 V WindowManagerShell:  Checking filter Pair{{types=[] flags=0x0] notFlags=0x100 checks=[{atype=home independent=true modes=[OPEN,TO_FRONT] flags=NONE mustBeTask=false order=TOP topActivity=ComponentInfo{com.google.android.apps.nexuslauncher/com.google.android.apps.nexuslauncher.NexusLauncherActivity}},{atype=standard independent=true modes=[CLOSE,TO_BACK] flags=NONE mustBeTask=false order=ANY topActivity=null}]} RemoteTransition { remoteTransition = android.window.IRemoteTransition$Stub$Proxy@19fb298, appThread = android.app.IApplicationThread$Stub$Proxy@2f98af1, debugName = QuickstepLaunchHome }}
01-09 11:36:09.578  2565  2589 D RemoteTransitionHandler: Found filterPair{{types=[] flags=0x0] notFlags=0x100 checks=[{atype=home independent=true modes=[OPEN,TO_FRONT] flags=NONE mustBeTask=false order=TOP topActivity=ComponentInfo{com.google.android.apps.nexuslauncher/com.google.android.apps.nexuslauncher.NexusLauncherActivity}},{atype=standard independent=true modes=[CLOSE,TO_BACK] flags=NONE mustBeTask=false order=ANY topActivity=null}]} RemoteTransition { remoteTransition = android.window.IRemoteTransition$Stub$Proxy@19fb298, appThread = android.app.IApplicationThread$Stub$Proxy@2f98af1, debugName = QuickstepLaunchHome }}
01-09 11:36:09.578  2565  2589 V WindowManagerShell:  Delegate animation for #142 to RemoteTransition { remoteTransition = android.window.IRemoteTransition$Stub$Proxy@19fb298, appThread = android.app.IApplicationThread$Stub$Proxy@2f98af1, debugName = QuickstepLaunchHome }
01-09 11:36:09.576  1086  1086 W sensors@2.0-ser: type=1400 audit(0.0:3143): avc:  denied  { read write } for  name="diag" dev="tmpfs" ino=11419 scontext=u:r:hal_sensors_default:s0 tcontext=u:object_r:diag_device:s0 tclass=chr_file permissive=0
01-09 11:36:09.578  1086  1086 D Diag_Lib:  Diag_LSM_Init: Failed to open handle to diag driver, error = 13
01-09 11:36:09.579  1086  1086 I sensors-hal: [ssc_sensor]update_handle:560, handle=331, type=33, wakeup=0, hwid=0, base=331
01-09 11:36:09.579  1086  1086 I sensors-hal: [sensor]set_config:64, sample_period_ns is adjusted to 1000000000 based on min/max delay_ns
01-09 11:36:09.579  1086  1086 I sensors-hal: [ssc_utils]get_qmi_debug_flag:243, support_qmi_debug : false
01-09 11:36:09.582  2565  2589 V WindowManagerShell:  animated by com.android.wm.shell.transition.RemoteTransitionHandler@74e9c75
01-09 11:36:09.583  3591  3823 I AiAiEcho: #postPredictionTargets: Sending updates to UISurface home with targets# 0 (types=[])
01-09 11:36:09.583  1785  2095 V WindowManager: Sent Transition #142 createdAt=01-09 11:36:09.543 via request=TransitionRequestInfo { type = OPEN, triggerTask = TaskInfo{userId=0 taskId=49 displayId=0 isRunning=true baseIntent=Intent { act=android.intent.action.MAIN cat=[android.intent.category.HOME] flg=0x10000100 cmp=com.google.android.apps.nexuslauncher/.NexusLauncherActivity } baseActivity=ComponentInfo{com.google.android.apps.nexuslauncher/com.google.android.apps.nexuslauncher.NexusLauncherActivity} topActivity=ComponentInfo{com.google.android.apps.nexuslauncher/com.google.android.apps.nexuslauncher.NexusLauncherActivity} origActivity=null realActivity=ComponentInfo{com.google.android.apps.nexuslauncher/com.google.android.apps.nexuslauncher.NexusLauncherActivity} numActivities=1 lastActiveTime=967437492 supportsMultiWindow=true resizeMode=2 isResizeable=true minWidth=-1 minHeight=-1 defaultMinSize=220 token=WCT{RemoteToken{314b6f3 Task{fab1248 #49 type=home I=com.google.android.apps.nexuslauncher/.NexusLauncherActivity}}} topActivityType=2 pictureInPictureParams=null shouldDockBigOverlays=false launchIntoPipHostTaskId=-1 lastParentTaskIdBeforePip=-1 displayCutoutSafeInsets=null topActivityInfo=ActivityInfo{42938e1 com.google.android.apps.nexuslauncher.NexusLauncherActivity} launchCookies=[] positionInParent=Point(0, 0) parentTaskId=-1 isFocused=true isVisible=false isVisibleRequested=true isSleeping=false topActivityInSizeCompat=false topActivityEligibleForLetterboxEducation= false topActivityLetterboxed= false isFromDoubleTap= false topActivityLetterboxVerticalPosition= -1 topActivityLetterboxHorizontalPosition= -1 topActivityLetterboxWidth=-1 topActivityLetterboxHeight=-1 locusId=LocusId[17_chars] displayAreaFeatureId=1 cameraCompatControlState=hidden}, remoteTransition = null, displayChange = null }
01-09 11:36:09.583  1785  2095 V WindowManager:     startWCT=WindowContainerTransaction { changes = {} hops = [] errorCallbackToken=null taskFragmentOrganizer=null }
01-09 11:36:09.584  1785  2095 V WindowManager:     info={id=142 t=OPEN f=0x0 trk=0 r=[0@Point(0, 0)] c=[{WCT{RemoteToken{b323a89 Task{bfe9da4 #1 type=home}}} m=TO_FRONT f=SHOW_WALLPAPER|MOVE_TO_TOP leash=Surface(name=Task=1)/@0xbe01ecc sb=Rect(0, 0 - 1080, 2340) eb=Rect(0, 0 - 1080, 2340) d=0},{WCT{RemoteToken{30f9b6a Task{d396647 #86 type=standard A=10273:com.driftsys.dashscene.showcase}}} m=TO_BACK f=NONE leash=Surface(name=Task=86)/@0x6a8675e sb=Rect(0, 0 - 1080, 2340) eb=Rect(0, 0 - 1080, 2340) d=0},{null m=TO_FRONT f=IS_WALLPAPER leash=Surface(name=WallpaperWindowToken{a967929 token=android.os.Binder@38f29f3})/@0xd28701e sb=Rect(0, 0 - 1080, 2340) eb=Rect(0, 0 - 1080, 2340) d=0}]}
01-09 11:36:09.584  1086  1254 I ASH     : @ 967440.387: tcs3701: stop power rail pending_off timer
01-09 11:36:09.584  1086  1254 D ASH     : @ 967440.387: tcs3701: start power rail timer, state:3
01-09 11:36:09.588  1086  1086 I sensors-hal: [ssc_utils]get_qmi_debug_flag:243, support_qmi_debug : false
01-09 11:36:09.589  1086 26662 I sensors-hal: [ssc_sensor]ssc_conn_resp_cb:686, resp_value = 0
01-09 11:36:09.592  1086  1086 I sensors-hal: [hal]activate_physical_sensor:262, android.sensor.gyroscope/41 en=1 completed
01-09 11:36:09.593  1086 26664 I sensors-hal: [ssc_sensor]ssc_conn_resp_cb:686, resp_value = 0
01-09 11:36:09.622  1785  2761 I ImeTracker: com.google.android.apps.nexuslauncher:3b0ec197: onRequestHide at ORIGIN_SERVER_HIDE_INPUT reason HIDE_UNSPECIFIED_WINDOW
01-09 11:36:09.622  1785  2761 I ImeTracker: com.google.android.apps.nexuslauncher:3b0ec197: onCancelled at PHASE_SERVER_SHOULD_HIDE
01-09 11:36:09.625  1086  1254 I ASH     : @ 967440.427: tcs3701: stop power rail pending_off timer
01-09 11:36:09.625  1086  1254 D ASH     : @ 967440.427: tcs3701: start power rail timer, state:3
01-09 11:36:09.626  3450  3450 I GoogleInputMethodService: GoogleInputMethodService.onFinishInput():3227 
01-09 11:36:09.628  3450  3450 I GoogleInputMethodService: GoogleInputMethodService.updateDeviceLockedStatus():2087 repeatCheckTimes = 0, unlocked = true
01-09 11:36:09.628  3450  3450 I GoogleInputMethodService: GoogleInputMethodService.onStartInput():1877 onStartInput(EditorInfo{inputType=0x0(NULL) imeOptions=0x0 privateImeOptions=null actionName=UNSPECIFIED actionLabel=null actionId=0 initialSelStart=-1 initialSelEnd=-1 initialCapsMode=0x0 hintText=null label=null packageName=com.google.android.apps.nexuslauncher fieldId=0 fieldName=null extras=null}, false)
01-09 11:36:09.628  3450  3450 I GoogleInputMethodService: GoogleInputMethodService.shouldHideHeaderOnInitialState():4008 ShouldHideHeaderOnInitialState = false
01-09 11:36:09.628  3450  3450 I GoogleInputMethodService: GoogleInputMethodService.updateDeviceLockedStatus():2087 repeatCheckTimes = 2, unlocked = true
01-09 11:36:09.665  1086  1254 I ASH     : @ 967440.467: tcs3701: stop power rail pending_off timer
01-09 11:36:09.665  1086  1254 D ASH     : @ 967440.467: tcs3701: start power rail timer, state:3
01-09 11:36:09.705  1086  1254 I ASH     : @ 967440.507: tcs3701: stop power rail pending_off timer
01-09 11:36:09.705  1086  1254 D ASH     : @ 967440.507: tcs3701: start power rail timer, state:3
01-09 11:36:09.744  1086  1254 I ASH     : @ 967440.547: tcs3701: stop power rail pending_off timer
01-09 11:36:09.744  1086  1254 D ASH     : @ 967440.547: tcs3701: start power rail timer, state:3
01-09 11:36:09.784  1086  1254 I ASH     : @ 967440.587: tcs3701: stop power rail pending_off timer
01-09 11:36:09.785  1086  1254 D ASH     : @ 967440.587: tcs3701: start power rail timer, state:3
01-09 11:36:09.825  1086  1254 I ASH     : @ 967440.627: tcs3701: stop power rail pending_off timer
01-09 11:36:09.825  1086  1254 D ASH     : @ 967440.627: tcs3701: start power rail timer, state:3
01-09 11:36:09.865  1086  1254 I ASH     : @ 967440.667: tcs3701: stop power rail pending_off timer
01-09 11:36:09.865  1086  1254 D ASH     : @ 967440.667: tcs3701: start power rail timer, state:3
01-09 11:36:09.904  1086  1254 I ASH     : @ 967440.707: tcs3701: stop power rail pending_off timer
01-09 11:36:09.905  1086  1254 D ASH     : @ 967440.707: tcs3701: start power rail timer, state:3
01-09 11:36:09.944  1086  1254 I ASH     : @ 967440.747: tcs3701: stop power rail pending_off timer
01-09 11:36:09.944  1086  1254 D ASH     : @ 967440.747: tcs3701: start power rail timer, state:3
01-09 11:36:09.986  1086  1254 I ASH     : @ 967440.787: tcs3701: stop power rail pending_off timer
01-09 11:36:09.986  1086  1254 D ASH     : @ 967440.787: tcs3701: start power rail timer, state:3
01-09 11:36:10.025  1086  1254 I ASH     : @ 967440.827: tcs3701: stop power rail pending_off timer
01-09 11:36:10.025  1086  1254 D ASH     : @ 967440.827: tcs3701: start power rail timer, state:3
01-09 11:36:10.065  1086  1254 I ASH     : @ 967440.867: tcs3701: stop power rail pending_off timer
01-09 11:36:10.065  1086  1254 D ASH     : @ 967440.867: tcs3701: start power rail timer, state:3
01-09 11:36:10.106  1086  1254 I ASH     : @ 967440.907: tcs3701: stop power rail pending_off timer
01-09 11:36:10.106  1086  1254 D ASH     : @ 967440.907: tcs3701: start power rail timer, state:3
01-09 11:36:10.144  1086  1254 I ASH     : @ 967440.947: tcs3701: stop power rail pending_off timer
01-09 11:36:10.144  1086  1254 D ASH     : @ 967440.947: tcs3701: start power rail timer, state:3
01-09 11:36:10.185  1086  1254 I ASH     : @ 967440.987: tcs3701: stop power rail pending_off timer
01-09 11:36:10.185  1086  1254 D ASH     : @ 967440.987: tcs3701: start power rail timer, state:3
01-09 11:36:10.203  2565  2589 V WindowManagerShell: Transition animation finished (aborted=false), notifying core (#142)android.os.BinderProxy@6301aae@0
01-09 11:36:10.205  1785  2095 V WindowManager: Finish Transition #142: created at 01-09 11:36:09.543 collect-started=0.043ms request-sent=3.114ms started=5.037ms ready=4.994ms sent=31.431ms finished=661.502ms
01-09 11:36:10.209  2565  2589 V WindowManagerShell: Track 0 became idle
01-09 11:36:10.209  2565  2589 V WindowManagerShell: All active transition animations finished
01-09 11:36:10.212  1785  2096 V GameManagerService: Game power mode OFF (process remomved or state changed to background)
01-09 11:36:10.213  1785  2380 D CompatibilityChangeReporter: Compat change id reported: 265195908; UID 10273; state: ENABLED
01-09 11:36:10.225  1086  1254 I ASH     : @ 967441.027: tcs3701: stop power rail pending_off timer
01-09 11:36:10.225  1086  1254 D ASH     : @ 967441.027: tcs3701: start power rail timer, state:3
01-09 11:36:10.264  1086  1254 I ASH     : @ 967441.067: tcs3701: stop power rail pending_off timer
01-09 11:36:10.264  1086  1254 D ASH     : @ 967441.067: tcs3701: start power rail timer, state:3
01-09 11:36:10.304  1086  1254 I ASH     : @ 967441.107: tcs3701: stop power rail pending_off timer
01-09 11:36:10.304  1086  1254 D ASH     : @ 967441.107: tcs3701: start power rail timer, state:3
01-09 11:36:10.311 26472 26472 W WindowOnBackDispatcher: sendCancelIfRunning: isInProgress=falsecallback=com.unity3d.player.a.e@a922a1e
01-09 11:36:10.312  1785  2761 D CoreBackPreview: Window{f9ce141 u0 com.driftsys.dashscene.showcase/com.unity3d.player.UnityPlayerActivity}: Setting back callback OnBackInvokedCallbackInfo{mCallback=android.window.IOnBackInvokedCallback$Stub$Proxy@19e7230, mPriority=-1, mIsAnimationCallback=false}
01-09 11:36:10.344  1086  1086 I sensors-hal: [hal]batch_physical_sensor:314, android.sensor.accelerometer/11, period=200000000, max_latency=2000000000
01-09 11:36:10.344  1086  1086 I sensors-hal: [sensor]set_config:64, sample_period_ns is adjusted to 200000000 based on min/max delay_ns
01-09 11:36:10.344  1086  1086 I sensors-hal: [hal]batch_physical_sensor:323, android.sensor.accelerometer/11, period=200000000, max_latency=2000000000 request completed
01-09 11:36:10.344  1086  1254 I ASH     : @ 967441.147: tcs3701: stop power rail pending_off timer
01-09 11:36:10.344  1086  1254 D ASH     : @ 967441.147: tcs3701: start power rail timer, state:3
01-09 11:36:10.345  1086 24676 I sensors-hal: [ssc_sensor]ssc_conn_resp_cb:686, resp_value = 0
01-09 11:36:10.385  1086  1254 I ASH     : @ 967441.187: tcs3701: stop power rail pending_off timer
01-09 11:36:10.385  1086  1254 D ASH     : @ 967441.187: tcs3701: start power rail timer, state:3
01-09 11:36:10.425  1086  1254 I ASH     : @ 967441.227: tcs3701: stop power rail pending_off timer
01-09 11:36:10.425  1086  1254 D ASH     : @ 967441.227: tcs3701: start power rail timer, state:3
01-09 11:36:10.465  1086  1254 I ASH     : @ 967441.267: tcs3701: stop power rail pending_off timer
01-09 11:36:10.465  1086  1254 D ASH     : @ 967441.267: tcs3701: start power rail timer, state:3
01-09 11:36:10.505  1086  1254 I ASH     : @ 967441.307: tcs3701: stop power rail pending_off timer
01-09 11:36:10.505  1086  1254 D ASH     : @ 967441.307: tcs3701: start power rail timer, state:3
01-09 11:36:10.547  1086  1254 I ASH     : @ 967441.347: tcs3701: stop power rail pending_off timer
01-09 11:36:10.547  1086  1254 D ASH     : @ 967441.347: tcs3701: start power rail timer, state:3
01-09 11:36:10.587  1086  1254 I ASH     : @ 967441.387: tcs3701: stop power rail pending_off timer
01-09 11:36:10.587  1086  1254 D ASH     : @ 967441.387: tcs3701: start power rail timer, state:3
01-09 11:36:10.591  1785  2761 W ActivityManager: Unable to start service Intent { act=grpc.io.action.BIND cmp=com.google.android.googlequicksearchbox/com.google.android.apps.search.googleapp.search.suggest.plugins.onesearch.server.OneSearchSuggestService } U=0: not found
01-09 11:36:10.625  1086  1254 I ASH     : @ 967441.427: tcs3701: stop power rail pending_off timer
01-09 11:36:10.625  1086  1254 D ASH     : @ 967441.427: tcs3701: start power rail timer, state:3
01-09 11:36:10.665  1086  1254 I ASH     : @ 967441.467: tcs3701: stop power rail pending_off timer
01-09 11:36:10.665  1086  1254 D ASH     : @ 967441.467: tcs3701: start power rail timer, state:3
01-09 11:36:10.705  1086  1254 I ASH     : @ 967441.507: tcs3701: stop power rail pending_off timer
01-09 11:36:10.705  1086  1254 D ASH     : @ 967441.507: tcs3701: start power rail timer, state:3
01-09 11:36:10.746  1086  1254 I ASH     : @ 967441.547: tcs3701: stop power rail pending_off timer
01-09 11:36:10.746  1086  1254 D ASH     : @ 967441.547: tcs3701: start power rail timer, state:3
01-09 11:36:10.786  1086  1254 I ASH     : @ 967441.587: tcs3701: stop power rail pending_off timer
01-09 11:36:10.786  1086  1254 D ASH     : @ 967441.587: tcs3701: start power rail timer, state:3
01-09 11:36:10.827  1086  1254 I ASH     : @ 967441.627: tcs3701: stop power rail pending_off timer
01-09 11:36:10.827  1086  1254 D ASH     : @ 967441.627: tcs3701: start power rail timer, state:3
01-09 11:36:10.866  1086  1254 I ASH     : @ 967441.667: tcs3701: stop power rail pending_off timer
01-09 11:36:10.866  1086  1254 D ASH     : @ 967441.667: tcs3701: start power rail timer, state:3
01-09 11:36:10.905  1086  1254 I ASH     : @ 967441.707: tcs3701: stop power rail pending_off timer
01-09 11:36:10.906  1086  1254 D ASH     : @ 967441.707: tcs3701: start power rail timer, state:3
01-09 11:36:10.947  1086  1254 I ASH     : @ 967441.747: tcs3701: stop power rail pending_off timer
01-09 11:36:10.947  1086  1254 D ASH     : @ 967441.747: tcs3701: start power rail timer, state:3
01-09 11:36:10.985  1086  1254 I ASH     : @ 967441.787: tcs3701: stop power rail pending_off timer
01-09 11:36:10.986  1086  1254 D ASH     : @ 967441.787: tcs3701: start power rail timer, state:3
01-09 11:36:11.025  1086  1254 I ASH     : @ 967441.827: tcs3701: stop power rail pending_off timer
01-09 11:36:11.025  1086  1254 D ASH     : @ 967441.827: tcs3701: start power rail timer, state:3
01-09 11:36:11.066  1086  1254 I ASH     : @ 967441.867: tcs3701: stop power rail pending_off timer
01-09 11:36:11.066  1086  1254 D ASH     : @ 967441.867: tcs3701: start power rail timer, state:3
01-09 11:36:11.105  1086  1254 I ASH     : @ 967441.907: tcs3701: stop power rail pending_off timer
01-09 11:36:11.105  1086  1254 D ASH     : @ 967441.907: tcs3701: start power rail timer, state:3
01-09 11:36:11.147  1086  1254 I ASH     : @ 967441.947: tcs3701: stop power rail pending_off timer
01-09 11:36:11.147  1086  1254 D ASH     : @ 967441.947: tcs3701: start power rail timer, state:3
01-09 11:36:11.187  1086  1254 I ASH     : @ 967441.987: tcs3701: stop power rail pending_off timer
01-09 11:36:11.187  1086  1254 D ASH     : @ 967441.987: tcs3701: start power rail timer, state:3
01-09 11:36:11.225  1086  1254 I ASH     : @ 967442.027: tcs3701: stop power rail pending_off timer
01-09 11:36:11.225  1086  1254 D ASH     : @ 967442.027: tcs3701: start power rail timer, state:3
01-09 11:36:11.265  1086  1254 I ASH     : @ 967442.067: tcs3701: stop power rail pending_off timer
01-09 11:36:11.265  1086  1254 D ASH     : @ 967442.067: tcs3701: start power rail timer, state:3
01-09 11:36:11.305  1086  1254 I ASH     : @ 967442.107: tcs3701: stop power rail pending_off timer
01-09 11:36:11.305  1086  1254 D ASH     : @ 967442.107: tcs3701: start power rail timer, state:3
01-09 11:36:11.346  1086  1254 I ASH     : @ 967442.147: tcs3701: stop power rail pending_off timer
01-09 11:36:11.346  1086  1254 D ASH     : @ 967442.147: tcs3701: start power rail timer, state:3
01-09 11:36:11.385  1086  1254 I ASH     : @ 967442.187: tcs3701: stop power rail pending_off timer
01-09 11:36:11.385  1086  1254 D ASH     : @ 967442.187: tcs3701: start power rail timer, state:3
01-09 11:36:11.425  1086  1254 I ASH     : @ 967442.227: tcs3701: stop power rail pending_off timer
01-09 11:36:11.425  1086  1254 D ASH     : @ 967442.227: tcs3701: start power rail timer, state:3
01-09 11:36:11.466  1086  1254 I ASH     : @ 967442.267: tcs3701: stop power rail pending_off timer
01-09 11:36:11.467  1086  1254 D ASH     : @ 967442.267: tcs3701: start power rail timer, state:3
01-09 11:36:11.505  1086  1254 I ASH     : @ 967442.307: tcs3701: stop power rail pending_off timer
01-09 11:36:11.505  1086  1254 D ASH     : @ 967442.307: tcs3701: start power rail timer, state:3
01-09 11:36:11.546  1086  1254 I ASH     : @ 967442.347: tcs3701: stop power rail pending_off timer
01-09 11:36:11.547  1086  1254 D ASH     : @ 967442.347: tcs3701: start power rail timer, state:3
01-09 11:36:11.586  1086  1254 I ASH     : @ 967442.387: tcs3701: stop power rail pending_off timer
01-09 11:36:11.587  1086  1254 D ASH     : @ 967442.387: tcs3701: start power rail timer, state:3
01-09 11:36:11.625  1086  1254 I ASH     : @ 967442.427: tcs3701: stop power rail pending_off timer
01-09 11:36:11.625  1086  1254 D ASH     : @ 967442.427: tcs3701: start power rail timer, state:3
01-09 11:36:11.667  1086  1254 I ASH     : @ 967442.467: tcs3701: stop power rail pending_off timer
01-09 11:36:11.667  1086  1254 D ASH     : @ 967442.467: tcs3701: start power rail timer, state:3
01-09 11:36:11.706  1086  1254 I ASH     : @ 967442.507: tcs3701: stop power rail pending_off timer
01-09 11:36:11.706  1086  1254 D ASH     : @ 967442.507: tcs3701: start power rail timer, state:3
01-09 11:36:11.745  1086  1254 I ASH     : @ 967442.547: tcs3701: stop power rail pending_off timer
01-09 11:36:11.745  1086  1254 D ASH     : @ 967442.547: tcs3701: start power rail timer, state:3
01-09 11:36:11.785  1086  1254 I ASH     : @ 967442.587: tcs3701: stop power rail pending_off timer
01-09 11:36:11.785  1086  1254 D ASH     : @ 967442.587: tcs3701: start power rail timer, state:3
01-09 11:36:11.826  1086  1254 I ASH     : @ 967442.627: tcs3701: stop power rail pending_off timer
01-09 11:36:11.827  1086  1254 D ASH     : @ 967442.627: tcs3701: start power rail timer, state:3
01-09 11:36:11.866  1086  1254 I ASH     : @ 967442.667: tcs3701: stop power rail pending_off timer
01-09 11:36:11.867  1086  1254 D ASH     : @ 967442.667: tcs3701: start power rail timer, state:3
01-09 11:36:11.906  1086  1254 I ASH     : @ 967442.707: tcs3701: stop power rail pending_off timer
01-09 11:36:11.906  1086  1254 D ASH     : @ 967442.707: tcs3701: start power rail timer, state:3
01-09 11:36:11.946  1086  1254 I ASH     : @ 967442.747: tcs3701: stop power rail pending_off timer
01-09 11:36:11.947  1086  1254 D ASH     : @ 967442.747: tcs3701: start power rail timer, state:3
01-09 11:36:11.986  1086  1254 I ASH     : @ 967442.787: tcs3701: stop power rail pending_off timer
01-09 11:36:11.986  1086  1254 D ASH     : @ 967442.787: tcs3701: start power rail timer, state:3
01-09 11:36:12.025  1086  1254 I ASH     : @ 967442.827: tcs3701: stop power rail pending_off timer
01-09 11:36:12.025  1086  1254 D ASH     : @ 967442.827: tcs3701: start power rail timer, state:3
01-09 11:36:12.067  1086  1254 I ASH     : @ 967442.867: tcs3701: stop power rail pending_off timer
01-09 11:36:12.067  1086  1254 D ASH     : @ 967442.867: tcs3701: start power rail timer, state:3
01-09 11:36:12.106  1086  1254 I ASH     : @ 967442.907: tcs3701: stop power rail pending_off timer
01-09 11:36:12.106  1086  1254 D ASH     : @ 967442.907: tcs3701: start power rail timer, state:3
01-09 11:36:12.145  1086  1254 I ASH     : @ 967442.947: tcs3701: stop power rail pending_off timer
01-09 11:36:12.145  1086  1254 D ASH     : @ 967442.947: tcs3701: start power rail timer, state:3
01-09 11:36:12.185  1086  1254 I ASH     : @ 967442.987: tcs3701: stop power rail pending_off timer
01-09 11:36:12.185  1086  1254 D ASH     : @ 967442.987: tcs3701: start power rail timer, state:3
01-09 11:36:12.224  1086  1254 I ASH     : @ 967443.027: tcs3701: stop power rail pending_off timer
01-09 11:36:12.225  1086  1254 D ASH     : @ 967443.027: tcs3701: start power rail timer, state:3
01-09 11:36:12.265  1086  1254 I ASH     : @ 967443.067: tcs3701: stop power rail pending_off timer
01-09 11:36:12.265  1086  1254 D ASH     : @ 967443.067: tcs3701: start power rail timer, state:3
01-09 11:36:12.305  1086  1254 I ASH     : @ 967443.107: tcs3701: stop power rail pending_off timer
01-09 11:36:12.305  1086  1254 D ASH     : @ 967443.107: tcs3701: start power rail timer, state:3
01-09 11:36:12.345  1086  1254 I ASH     : @ 967443.147: tcs3701: stop power rail pending_off timer
01-09 11:36:12.345  1086  1254 D ASH     : @ 967443.147: tcs3701: start power rail timer, state:3
01-09 11:36:12.386  1086  1254 I ASH     : @ 967443.187: tcs3701: stop power rail pending_off timer
01-09 11:36:12.387  1086  1254 D ASH     : @ 967443.187: tcs3701: start power rail timer, state:3
01-09 11:36:12.425  1086  1254 I ASH     : @ 967443.227: tcs3701: stop power rail pending_off timer
01-09 11:36:12.425  1086  1254 D ASH     : @ 967443.227: tcs3701: start power rail timer, state:3
01-09 11:36:12.467  1086  1254 I ASH     : @ 967443.267: tcs3701: stop power rail pending_off timer
01-09 11:36:12.467  1086  1254 D ASH     : @ 967443.267: tcs3701: start power rail timer, state:3
01-09 11:36:12.480  1785  2761 W ActivityManager: Unable to start service Intent { act=grpc.io.action.BIND cmp=com.google.android.googlequicksearchbox/com.google.android.apps.search.googleapp.search.suggest.plugins.onesearch.server.OneSearchSuggestService } U=0: not found
01-09 11:36:12.505  1086  1254 I ASH     : @ 967443.307: tcs3701: stop power rail pending_off timer
01-09 11:36:12.505  1086  1254 D ASH     : @ 967443.307: tcs3701: start power rail timer, state:3
01-09 11:36:12.546  1086  1254 I ASH     : @ 967443.347: tcs3701: stop power rail pending_off timer
01-09 11:36:12.547  1086  1254 D ASH     : @ 967443.347: tcs3701: start power rail timer, state:3
01-09 11:36:12.586  1086  1254 I ASH     : @ 967443.387: tcs3701: stop power rail pending_off timer
01-09 11:36:12.587  1086  1254 D ASH     : @ 967443.387: tcs3701: start power rail timer, state:3
01-09 11:36:12.625  1086  1254 I ASH     : @ 967443.427: tcs3701: stop power rail pending_off timer
01-09 11:36:12.625  1086  1254 D ASH     : @ 967443.427: tcs3701: start power rail timer, state:3
01-09 11:36:12.666  1086  1254 I ASH     : @ 967443.467: tcs3701: stop power rail pending_off timer
01-09 11:36:12.666  1086  1254 D ASH     : @ 967443.467: tcs3701: start power rail timer, state:3
01-09 11:36:12.706  1086  1254 I ASH     : @ 967443.507: tcs3701: stop power rail pending_off timer
01-09 11:36:12.707  1086  1254 D ASH     : @ 967443.507: tcs3701: start power rail timer, state:3
01-09 11:36:12.747  1086  1254 I ASH     : @ 967443.547: tcs3701: stop power rail pending_off timer
01-09 11:36:12.747  1086  1254 D ASH     : @ 967443.547: tcs3701: start power rail timer, state:3
01-09 11:36:12.786  1086  1254 I ASH     : @ 967443.587: tcs3701: stop power rail pending_off timer
01-09 11:36:12.787  1086  1254 D ASH     : @ 967443.587: tcs3701: start power rail timer, state:3
01-09 11:36:12.825  1086  1254 I ASH     : @ 967443.627: tcs3701: stop power rail pending_off timer
01-09 11:36:12.825  1086  1254 D ASH     : @ 967443.627: tcs3701: start power rail timer, state:3
01-09 11:36:12.865  1086  1254 I ASH     : @ 967443.667: tcs3701: stop power rail pending_off timer
01-09 11:36:12.865  1086  1254 D ASH     : @ 967443.667: tcs3701: start power rail timer, state:3
01-09 11:36:12.905  1086  1254 I ASH     : @ 967443.707: tcs3701: stop power rail pending_off timer
01-09 11:36:12.905  1086  1254 D ASH     : @ 967443.707: tcs3701: start power rail timer, state:3
01-09 11:36:12.947  1086  1254 I ASH     : @ 967443.747: tcs3701: stop power rail pending_off timer
01-09 11:36:12.947  1086  1254 D ASH     : @ 967443.747: tcs3701: start power rail timer, state:3
01-09 11:36:12.986  1086  1254 I ASH     : @ 967443.787: tcs3701: stop power rail pending_off timer
01-09 11:36:12.987  1086  1254 D ASH     : @ 967443.787: tcs3701: start power rail timer, state:3
01-09 11:36:13.025  1086  1254 I ASH     : @ 967443.827: tcs3701: stop power rail pending_off timer
01-09 11:36:13.025  1086  1254 D ASH     : @ 967443.827: tcs3701: start power rail timer, state:3
01-09 11:36:13.066  1086  1254 I ASH     : @ 967443.867: tcs3701: stop power rail pending_off timer
01-09 11:36:13.067  1086  1254 D ASH     : @ 967443.867: tcs3701: start power rail timer, state:3
01-09 11:36:13.107  1086  1254 I ASH     : @ 967443.907: tcs3701: stop power rail pending_off timer
01-09 11:36:13.107  1086  1254 D ASH     : @ 967443.907: tcs3701: start power rail timer, state:3
01-09 11:36:13.146  1086  1254 I ASH     : @ 967443.947: tcs3701: stop power rail pending_off timer
01-09 11:36:13.147  1086  1254 D ASH     : @ 967443.947: tcs3701: start power rail timer, state:3
01-09 11:36:13.187  1086  1254 I ASH     : @ 967443.987: tcs3701: stop power rail pending_off timer
01-09 11:36:13.187  1086  1254 D ASH     : @ 967443.987: tcs3701: start power rail timer, state:3
01-09 11:36:13.225  1086  1254 I ASH     : @ 967444.027: tcs3701: stop power rail pending_off timer
01-09 11:36:13.225  1086  1254 D ASH     : @ 967444.027: tcs3701: start power rail timer, state:3
01-09 11:36:13.265  1086  1254 I ASH     : @ 967444.067: tcs3701: stop power rail pending_off timer
01-09 11:36:13.265  1086  1254 D ASH     : @ 967444.067: tcs3701: start power rail timer, state:3
01-09 11:36:13.305  1086  1254 I ASH     : @ 967444.107: tcs3701: stop power rail pending_off timer
01-09 11:36:13.305  1086  1254 D ASH     : @ 967444.107: tcs3701: start power rail timer, state:3
01-09 11:36:13.345  1086  1254 I ASH     : @ 967444.147: tcs3701: stop power rail pending_off timer
01-09 11:36:13.345  1086  1254 D ASH     : @ 967444.147: tcs3701: start power rail timer, state:3
01-09 11:36:13.386  1086  1254 I ASH     : @ 967444.187: tcs3701: stop power rail pending_off timer
01-09 11:36:13.387  1086  1254 D ASH     : @ 967444.187: tcs3701: start power rail timer, state:3
01-09 11:36:13.425  1086  1254 I ASH     : @ 967444.227: tcs3701: stop power rail pending_off timer
01-09 11:36:13.425  1086  1254 D ASH     : @ 967444.227: tcs3701: start power rail timer, state:3
01-09 11:36:13.466  1086  1254 I ASH     : @ 967444.267: tcs3701: stop power rail pending_off timer
01-09 11:36:13.467  1086  1254 D ASH     : @ 967444.267: tcs3701: start power rail timer, state:3
01-09 11:36:13.507  1086  1254 I ASH     : @ 967444.307: tcs3701: stop power rail pending_off timer
01-09 11:36:13.507  1086  1254 D ASH     : @ 967444.307: tcs3701: start power rail timer, state:3
01-09 11:36:13.547  1086  1254 I ASH     : @ 967444.347: tcs3701: stop power rail pending_off timer
01-09 11:36:13.547  1086  1254 D ASH     : @ 967444.347: tcs3701: start power rail timer, state:3
01-09 11:36:13.587  1086  1254 I ASH     : @ 967444.387: tcs3701: stop power rail pending_off timer
01-09 11:36:13.587  1086  1254 D ASH     : @ 967444.387: tcs3701: start power rail timer, state:3
01-09 11:36:13.625  1086  1254 I ASH     : @ 967444.427: tcs3701: stop power rail pending_off timer
01-09 11:36:13.625  1086  1254 D ASH     : @ 967444.427: tcs3701: start power rail timer, state:3
01-09 11:36:13.667  1086  1254 I ASH     : @ 967444.467: tcs3701: stop power rail pending_off timer
01-09 11:36:13.667  1086  1254 D ASH     : @ 967444.467: tcs3701: start power rail timer, state:3
01-09 11:36:13.703  1785  2464 E WifiScoringParams: Invalid frequency(-1), using 5G as default rssi array
01-09 11:36:13.705  1086  1254 I ASH     : @ 967444.507: tcs3701: stop power rail pending_off timer
01-09 11:36:13.705  1086  1254 D ASH     : @ 967444.507: tcs3701: start power rail timer, state:3
01-09 11:36:13.745  1086  1254 I ASH     : @ 967444.547: tcs3701: stop power rail pending_off timer
01-09 11:36:13.745  1086  1254 D ASH     : @ 967444.547: tcs3701: start power rail timer, state:3
01-09 11:36:13.785  1086  1254 I ASH     : @ 967444.587: tcs3701: stop power rail pending_off timer
01-09 11:36:13.785  1086  1254 D ASH     : @ 967444.587: tcs3701: start power rail timer, state:3
01-09 11:36:13.825  1086  1254 I ASH     : @ 967444.627: tcs3701: stop power rail pending_off timer
01-09 11:36:13.825  1086  1254 D ASH     : @ 967444.627: tcs3701: start power rail timer, state:3
01-09 11:36:13.865  1086  1254 I ASH     : @ 967444.667: tcs3701: stop power rail pending_off timer
01-09 11:36:13.865  1086  1254 D ASH     : @ 967444.667: tcs3701: start power rail timer, state:3
01-09 11:36:13.906  1086  1254 I ASH     : @ 967444.707: tcs3701: stop power rail pending_off timer
01-09 11:36:13.906  1086  1254 D ASH     : @ 967444.707: tcs3701: start power rail timer, state:3
01-09 11:36:13.947  1086  1254 I ASH     : @ 967444.747: tcs3701: stop power rail pending_off timer
01-09 11:36:13.947  1086  1254 D ASH     : @ 967444.747: tcs3701: start power rail timer, state:3
01-09 11:36:13.985  1086  1254 I ASH     : @ 967444.787: tcs3701: stop power rail pending_off timer
01-09 11:36:13.985  1086  1254 D ASH     : @ 967444.787: tcs3701: start power rail timer, state:3
01-09 11:36:14.025  1086  1254 I ASH     : @ 967444.827: tcs3701: stop power rail pending_off timer
01-09 11:36:14.025  1086  1254 D ASH     : @ 967444.827: tcs3701: start power rail timer, state:3
01-09 11:36:14.067  1086  1254 I ASH     : @ 967444.867: tcs3701: stop power rail pending_off timer
01-09 11:36:14.067  1086  1254 D ASH     : @ 967444.867: tcs3701: start power rail timer, state:3
01-09 11:36:14.106  1086  1254 I ASH     : @ 967444.907: tcs3701: stop power rail pending_off timer
01-09 11:36:14.106  1086  1254 D ASH     : @ 967444.907: tcs3701: start power rail timer, state:3
01-09 11:36:14.146  1086  1254 I ASH     : @ 967444.947: tcs3701: stop power rail pending_off timer
01-09 11:36:14.146  1086  1254 D ASH     : @ 967444.947: tcs3701: start power rail timer, state:3
01-09 11:36:14.186  1086  1254 I ASH     : @ 967444.987: tcs3701: stop power rail pending_off timer
01-09 11:36:14.186  1086  1254 D ASH     : @ 967444.987: tcs3701: start power rail timer, state:3
01-09 11:36:14.225  1086  1254 I ASH     : @ 967445.027: tcs3701: stop power rail pending_off timer
01-09 11:36:14.225  1086  1254 D ASH     : @ 967445.027: tcs3701: start power rail timer, state:3
01-09 11:36:14.265  1086  1254 I ASH     : @ 967445.067: tcs3701: stop power rail pending_off timer
01-09 11:36:14.265  1086  1254 D ASH     : @ 967445.067: tcs3701: start power rail timer, state:3
01-09 11:36:14.305  1086  1254 I ASH     : @ 967445.107: tcs3701: stop power rail pending_off timer
01-09 11:36:14.305  1086  1254 D ASH     : @ 967445.107: tcs3701: start power rail timer, state:3
01-09 11:36:14.345  1086  1254 I ASH     : @ 967445.147: tcs3701: stop power rail pending_off timer
01-09 11:36:14.345  1086  1254 D ASH     : @ 967445.147: tcs3701: start power rail timer, state:3
01-09 11:36:14.385  1086  1254 I ASH     : @ 967445.187: tcs3701: stop power rail pending_off timer
01-09 11:36:14.385  1086  1254 D ASH     : @ 967445.187: tcs3701: start power rail timer, state:3
01-09 11:36:14.425  1086  1254 I ASH     : @ 967445.227: tcs3701: stop power rail pending_off timer
01-09 11:36:14.425  1086  1254 D ASH     : @ 967445.227: tcs3701: start power rail timer, state:3
01-09 11:36:14.466  1086  1254 I ASH     : @ 967445.267: tcs3701: stop power rail pending_off timer
01-09 11:36:14.466  1086  1254 D ASH     : @ 967445.267: tcs3701: start power rail timer, state:3
01-09 11:36:14.505  1086  1254 I ASH     : @ 967445.307: tcs3701: stop power rail pending_off timer
01-09 11:36:14.505  1086  1254 D ASH     : @ 967445.307: tcs3701: start power rail timer, state:3
01-09 11:36:14.547  1086  1254 I ASH     : @ 967445.347: tcs3701: stop power rail pending_off timer
01-09 11:36:14.547  1086  1254 D ASH     : @ 967445.347: tcs3701: start power rail timer, state:3
01-09 11:36:14.585  1086  1254 I ASH     : @ 967445.387: tcs3701: stop power rail pending_off timer
01-09 11:36:14.585  1086  1254 D ASH     : @ 967445.387: tcs3701: start power rail timer, state:3
01-09 11:36:14.603  1785  2761 D CompatibilityChangeReporter: Compat change id reported: 161252188; UID 10273; state: DISABLED
01-09 11:36:14.603  1785  2761 W ActivityTaskManager: callingPackage for (uid=2000, pid=26673) has no WPC
01-09 11:36:14.604  1785  2761 D CompatibilityChangeReporter: Compat change id reported: 265464455; UID 10273; state: DISABLED
01-09 11:36:14.605  1785  2761 D CompatibilityChangeReporter: Compat change id reported: 265452344; UID 10273; state: DISABLED
01-09 11:36:14.605  1785  2761 D CompatibilityChangeReporter: Compat change id reported: 266124927; UID 10273; state: DISABLED
01-09 11:36:14.605  1785  2761 D CompatibilityChangeReporter: Compat change id reported: 265451093; UID 10273; state: DISABLED
01-09 11:36:14.605  1785  2761 D CompatibilityChangeReporter: Compat change id reported: 265456536; UID 10273; state: DISABLED
01-09 11:36:14.606  1785  2761 D CompatibilityChangeReporter: Compat change id reported: 255940284; UID 10273; state: DISABLED
01-09 11:36:14.606  1785  2761 D CompatibilityChangeReporter: Compat change id reported: 236283604; UID 10273; state: DISABLED
01-09 11:36:14.606  1785  2761 D CompatibilityChangeReporter: Compat change id reported: 263959004; UID 10273; state: DISABLED
01-09 11:36:14.606  1785  2761 D CompatibilityChangeReporter: Compat change id reported: 264304459; UID 10273; state: DISABLED
01-09 11:36:14.607  1785  2761 D CompatibilityChangeReporter: Compat change id reported: 264301586; UID 10273; state: DISABLED
01-09 11:36:14.607  1785  2761 D CompatibilityChangeReporter: Compat change id reported: 254631730; UID 10273; state: DISABLED
01-09 11:36:14.607  1785  2761 D CompatibilityChangeReporter: Compat change id reported: 273509367; UID 10273; state: DISABLED
01-09 11:36:14.607  1785  2761 D CompatibilityChangeReporter: Compat change id reported: 263259275; UID 10273; state: DISABLED
01-09 11:36:14.607  1785  2761 D CompatibilityChangeReporter: Compat change id reported: 174042980; UID 10273; state: DISABLED
01-09 11:36:14.608  1785  2761 D CompatibilityChangeReporter: Compat change id reported: 174042936; UID 10273; state: DISABLED
01-09 11:36:14.608  1785  2761 D CompatibilityChangeReporter: Compat change id reported: 181136395; UID 10273; state: DISABLED
01-09 11:36:14.609  1785  2761 D CompatibilityChangeReporter: Compat change id reported: 194480991; UID 10273; state: ENABLED
01-09 11:36:14.615  1785  2761 I ActivityTaskManager: START u0 {flg=0x10000000 cmp=com.driftsys.dashscene.showcase/com.unity3d.player.UnityPlayerActivity} with LAUNCH_SINGLE_TASK from uid 2000 (BAL_ALLOW_PERMISSION) result code=2
01-09 11:36:14.615  2565  2589 V WindowManagerShell: Transition requested: android.os.BinderProxy@c78b39d TransitionRequestInfo { type = OPEN, triggerTask = TaskInfo{userId=0 taskId=86 displayId=0 isRunning=true baseIntent=Intent { flg=0x10000000 cmp=com.driftsys.dashscene.showcase/com.unity3d.player.UnityPlayerActivity } baseActivity=ComponentInfo{com.driftsys.dashscene.showcase/com.unity3d.player.UnityPlayerActivity} topActivity=ComponentInfo{com.driftsys.dashscene.showcase/com.unity3d.player.UnityPlayerActivity} origActivity=null realActivity=ComponentInfo{com.driftsys.dashscene.showcase/com.unity3d.player.UnityPlayerActivity} numActivities=1 lastActiveTime=967437491 supportsMultiWindow=true resizeMode=2 isResizeable=true minWidth=400 minHeight=300 defaultMinSize=220 token=WCT{android.window.IWindowContainerToken$Stub$Proxy@e8c8012} topActivityType=1 pictureInPictureParams=null shouldDockBigOverlays=false launchIntoPipHostTaskId=-1 lastParentTaskIdBeforePip=-1 displayCutoutSafeInsets=Rect(0, 136 - 0, 0) topActivityInfo=ActivityInfo{c433e3 com.unity3d.player.UnityPlayerActivity} launchCookies=[] positionInParent=Point(0, 0) parentTaskId=-1 isFocused=true isVisible=false isVisibleRequested=false isSleeping=false topActivityInSizeCompat=false topActivityEligibleForLetterboxEducation= false topActivityLetterboxed= false isFromDoubleTap= false topActivityLetterboxVerticalPosition= -1 topActivityLetterboxHorizontalPosition= -1 topActivityLetterboxWidth=-1 topActivityLetterboxHeight=-1 locusId=null displayAreaFeatureId=1 cameraCompatControlState=hidden}, remoteTransition = null, displayChange = null }
01-09 11:36:14.616  1785  4032 D CompatibilityChangeReporter: Compat change id reported: 168419799; UID 10273; state: DISABLED
01-09 11:36:14.616  1785  4032 D CompatibilityChangeReporter: Compat change id reported: 273564678; UID 10273; state: DISABLED
01-09 11:36:14.619  2565  2589 D WindowManagerShell: onActivityRestartAttempt: ComponentInfo{com.driftsys.dashscene.showcase/com.unity3d.player.UnityPlayerActivity}
01-09 11:36:14.619  1785  3042 E Transition: Trying to add a ready-group twice: Display{#0 state=ON size=1080x2340 ROTATION_0}
01-09 11:36:14.621  1785  2096 V GameManagerService: Game power mode ON (process state was changed to foreground)
01-09 11:36:14.624  1086  1254 I ASH     : @ 967445.427: tcs3701: stop power rail pending_off timer
01-09 11:36:14.624  1086  1254 D ASH     : @ 967445.427: tcs3701: start power rail timer, state:3
01-09 11:36:14.629  2565  2595 V SnapshotDrawerUtils: Drawing snapshot surface sizeMismatch=true
01-09 11:36:14.632   665  2212 I BpBinder: onLastStrongRef automatically unlinking death recipients: 
01-09 11:36:14.640  1785  2095 V WindowManager: Sent Transition #143 createdAt=01-09 11:36:14.609 via request=TransitionRequestInfo { type = OPEN, triggerTask = TaskInfo{userId=0 taskId=86 displayId=0 isRunning=true baseIntent=Intent { flg=0x10000000 cmp=com.driftsys.dashscene.showcase/com.unity3d.player.UnityPlayerActivity } baseActivity=ComponentInfo{com.driftsys.dashscene.showcase/com.unity3d.player.UnityPlayerActivity} topActivity=ComponentInfo{com.driftsys.dashscene.showcase/com.unity3d.player.UnityPlayerActivity} origActivity=null realActivity=ComponentInfo{com.driftsys.dashscene.showcase/com.unity3d.player.UnityPlayerActivity} numActivities=1 lastActiveTime=967437491 supportsMultiWindow=true resizeMode=2 isResizeable=true minWidth=400 minHeight=300 defaultMinSize=220 token=WCT{RemoteToken{30f9b6a Task{d396647 #86 type=standard A=10273:com.driftsys.dashscene.showcase}}} topActivityType=1 pictureInPictureParams=null shouldDockBigOverlays=false launchIntoPipHostTaskId=-1 lastParentTaskIdBeforePip=-1 displayCutoutSafeInsets=Rect(0, 136 - 0, 0) topActivityInfo=ActivityInfo{cfba85b com.unity3d.player.UnityPlayerActivity} launchCookies=[] positionInParent=Point(0, 0) parentTaskId=-1 isFocused=true isVisible=false isVisibleRequested=false isSleeping=false topActivityInSizeCompat=false topActivityEligibleForLetterboxEducation= false topActivityLetterboxed= false isFromDoubleTap= false topActivityLetterboxVerticalPosition= -1 topActivityLetterboxHorizontalPosition= -1 topActivityLetterboxWidth=-1 topActivityLetterboxHeight=-1 locusId=null displayAreaFeatureId=1 cameraCompatControlState=hidden}, remoteTransition = null, displayChange = null }
01-09 11:36:14.640  1785  2095 V WindowManager:     startWCT=WindowContainerTransaction { changes = {} hops = [] errorCallbackToken=null taskFragmentOrganizer=null }
01-09 11:36:14.640  1785  2095 V WindowManager:     info={id=143 t=OPEN f=0x0 trk=0 r=[0@Point(0, 0)] c=[{WCT{RemoteToken{30f9b6a Task{d396647 #86 type=standard A=10273:com.driftsys.dashscene.showcase}}} m=TO_FRONT f=MOVE_TO_TOP leash=Surface(name=Task=86)/@0x6a8675e sb=Rect(0, 0 - 1080, 2340) eb=Rect(0, 0 - 1080, 2340) d=0},{WCT{RemoteToken{b323a89 Task{bfe9da4 #1 type=home}}} m=TO_BACK f=SHOW_WALLPAPER leash=Surface(name=Task=1)/@0xbe01ecc sb=Rect(0, 0 - 1080, 2340) eb=Rect(0, 0 - 1080, 2340) d=0}]}
01-09 11:36:14.642   665   665 I BpBinder: onLastStrongRef automatically unlinking death recipients: 
01-09 11:36:14.644  2565  2589 V WindowManagerShell: onTransitionReady android.os.BinderProxy@c78b39d: {id=143 t=OPEN f=0x0 trk=0 r=[0@Point(0, 0)] c=[{WCT{android.window.IWindowContainerToken$Stub$Proxy@e53ff6a} m=TO_FRONT f=MOVE_TO_TOP leash=Surface(name=Task=86)/@0xa7c2b3f sb=Rect(0, 0 - 1080, 2340) eb=Rect(0, 0 - 1080, 2340) d=0},{WCT{android.window.IWindowContainerToken$Stub$Proxy@7923c5b} m=TO_BACK f=SHOW_WALLPAPER leash=Surface(name=Task=1)/@0xdc5cc0c sb=Rect(0, 0 - 1080, 2340) eb=Rect(0, 0 - 1080, 2340) d=0}]}
01-09 11:36:14.644  2565  2589 V WindowManagerShell: Playing animation for (#143)android.os.BinderProxy@c78b39d@0
01-09 11:36:14.644  2565  2589 V WindowManagerShell:  try handler com.android.wm.shell.transition.DefaultMixedHandler@83c3803
01-09 11:36:14.644  2565  2589 V WindowManagerShell:  try handler com.android.wm.shell.keyguard.KeyguardTransitionHandler@6f380
01-09 11:36:14.644  2565  2589 V WindowManagerShell:  try handler com.android.wm.shell.activityembedding.ActivityEmbeddingController@626ddb9
01-09 11:36:14.644  2565  2589 V WindowManagerShell:  try handler com.android.wm.shell.recents.RecentsTransitionHandler@c30f5fe
01-09 11:36:14.644  2565  2589 V ShellRecents: RecentsTransitionHandler.startAnimation: no controller found
01-09 11:36:14.644  2565  2589 V WindowManagerShell:  try handler com.android.wm.shell.pip.PipTransition@c40515f
01-09 11:36:14.644  2565  2589 V WindowManagerShell:  try handler com.android.wm.shell.splitscreen.StageCoordinator@ea7c7ac
01-09 11:36:14.644  2565  2589 V WindowManagerShell:  try handler com.android.wm.shell.transition.RemoteTransitionHandler@74e9c75
01-09 11:36:14.644  2565  2589 V WindowManagerShell: Transition doesn't have explicit remote, search filters for match for {id=143 t=OPEN f=0x0 trk=0 r=[0@Point(0, 0)] c=[{WCT{android.window.IWindowContainerToken$Stub$Proxy@e53ff6a} m=TO_FRONT f=MOVE_TO_TOP leash=Surface(name=Task=86)/@0xa7c2b3f sb=Rect(0, 0 - 1080, 2340) eb=Rect(0, 0 - 1080, 2340) d=0},{WCT{android.window.IWindowContainerToken$Stub$Proxy@7923c5b} m=TO_BACK f=SHOW_WALLPAPER leash=Surface(name=Task=1)/@0xdc5cc0c sb=Rect(0, 0 - 1080, 2340) eb=Rect(0, 0 - 1080, 2340) d=0}]}
01-09 11:36:14.644  2565  2589 V WindowManagerShell:  Checking filter Pair{{types=[] flags=0x0] notFlags=0x0 checks=[{atype=dream independent=true modes=[OPEN,TO_FRONT] flags=NONE mustBeTask=false order=ANY topActivity=null},{atype=home independent=true modes=[CLOSE,TO_BACK] flags=NONE mustBeTask=false order=ANY topActivity=null}]} RemoteTransition { remoteTransition = android.window.IRemoteTransition$Stub$Proxy@7a2740a, appThread = android.app.IApplicationThread$Stub$Proxy@942a47b, debugName = LauncherToDream }}
01-09 11:36:14.644  2565  2589 V WindowManagerShell:  Checking filter Pair{{types=[] flags=0x0] notFlags=0x100 checks=[{atype=home independent=true modes=[OPEN,TO_FRONT] flags=NONE mustBeTask=false order=TOP topActivity=ComponentInfo{com.google.android.apps.nexuslauncher/com.google.android.apps.nexuslauncher.NexusLauncherActivity}},{atype=standard independent=true modes=[CLOSE,TO_BACK] flags=NONE mustBeTask=false order=ANY topActivity=null}]} RemoteTransition { remoteTransition = android.window.IRemoteTransition$Stub$Proxy@19fb298, appThread = android.app.IApplicationThread$Stub$Proxy@2f98af1, debugName = QuickstepLaunchHome }}
01-09 11:36:14.644  2565  2589 V WindowManagerShell:  Delegate animation for #143 to null
01-09 11:36:14.644  2565  2589 V WindowManagerShell:  try handler com.android.wm.shell.transition.DefaultTransitionHandler@3fbc6d6
01-09 11:36:14.645  2565  2589 V WindowManagerShell: start default transition animation, info = {id=143 t=OPEN f=0x0 trk=0 r=[0@Point(0, 0)] c=[{WCT{android.window.IWindowContainerToken$Stub$Proxy@e53ff6a} m=TO_FRONT f=MOVE_TO_TOP leash=Surface(name=Task=86)/@0xa7c2b3f sb=Rect(0, 0 - 1080, 2340) eb=Rect(0, 0 - 1080, 2340) d=0},{WCT{android.window.IWindowContainerToken$Stub$Proxy@7923c5b} m=TO_BACK f=SHOW_WALLPAPER leash=Surface(name=Task=1)/@0xdc5cc0c sb=Rect(0, 0 - 1080, 2340) eb=Rect(0, 0 - 1080, 2340) d=0}]}
01-09 11:36:14.645  2565  2589 V WindowManagerShell: loadAnimation: anim=android.view.animation.AnimationSet@ebb95d1 animAttr=0x13 type=OPEN isEntrance=false
01-09 11:36:14.646  2565  2589 V WindowManagerShell: loadAnimation: anim=android.view.animation.AnimationSet@112be0d animAttr=0x12 type=OPEN isEntrance=true
01-09 11:36:14.647  2565  2589 V WindowManagerShell:  animated by com.android.wm.shell.transition.DefaultTransitionHandler@3fbc6d6
01-09 11:36:14.650  1086  1086 I sensors-hal: [hal]batch_physical_sensor:314, android.sensor.accelerometer/11, period=200000000, max_latency=0
01-09 11:36:14.650  1086  1086 I sensors-hal: [sensor]set_config:64, sample_period_ns is adjusted to 200000000 based on min/max delay_ns
01-09 11:36:14.650  1086  1086 I sensors-hal: [hal]batch_physical_sensor:323, android.sensor.accelerometer/11, period=200000000, max_latency=0 request completed
01-09 11:36:14.651  1086  1086 I sensors-hal: [hal]flush_physical_sensor:355, android.sensor.accelerometer/11
01-09 11:36:14.651  1086  1086 I sensors-hal: [hal]flush_physical_sensor:361, android.sensor.accelerometer/11 completed
01-09 11:36:14.651  1086  1086 I sensors-hal: [hal]batch_physical_sensor:314, android.sensor.accelerometer/11, period=20000000, max_latency=0
01-09 11:36:14.651  1086  1086 I sensors-hal: [sensor]set_config:64, sample_period_ns is adjusted to 20000000 based on min/max delay_ns
01-09 11:36:14.651  1086  1086 I sensors-hal: [hal]batch_physical_sensor:323, android.sensor.accelerometer/11, period=20000000, max_latency=0 request completed
01-09 11:36:14.651  1086 24676 I sensors-hal: [ssc_sensor]ssc_conn_resp_cb:686, resp_value = 0
01-09 11:36:14.652  1086 24676 I sensors-hal: [ssc_sensor]ssc_conn_resp_cb:686, resp_value = 0
01-09 11:36:14.652  1086 24676 I sensors-hal: [ssc_sensor]ssc_conn_resp_cb:686, resp_value = 0
01-09 11:36:14.664  1086  1254 I ASH     : @ 967445.467: tcs3701: stop power rail pending_off timer
01-09 11:36:14.664  1086  1254 D ASH     : @ 967445.467: tcs3701: start power rail timer, state:3
01-09 11:36:14.694  1785  4032 I ImeTracker: com.driftsys.dashscene.showcase:949d0029: onRequestHide at ORIGIN_SERVER_HIDE_INPUT reason HIDE_UNSPECIFIED_WINDOW
01-09 11:36:14.694  1785  4032 I ImeTracker: com.driftsys.dashscene.showcase:949d0029: onCancelled at PHASE_SERVER_SHOULD_HIDE
01-09 11:36:14.695  3450  3450 I GoogleInputMethodService: GoogleInputMethodService.onFinishInput():3227 
01-09 11:36:14.696  3450  3450 I GoogleInputMethodService: GoogleInputMethodService.updateDeviceLockedStatus():2087 repeatCheckTimes = 0, unlocked = true
01-09 11:36:14.696  3450  3450 I GoogleInputMethodService: GoogleInputMethodService.onStartInput():1877 onStartInput(EditorInfo{inputType=0x0(NULL) imeOptions=0x0 privateImeOptions=null actionName=UNSPECIFIED actionLabel=null actionId=0 initialSelStart=-1 initialSelEnd=-1 initialCapsMode=0x0 hintText=null label=null packageName=com.driftsys.dashscene.showcase fieldId=0 fieldName=null extras=null}, false)
01-09 11:36:14.696  3450  3450 I GoogleInputMethodService: GoogleInputMethodService.shouldHideHeaderOnInitialState():4008 ShouldHideHeaderOnInitialState = false
01-09 11:36:14.696  3450  3450 I GoogleInputMethodService: GoogleInputMethodService.updateDeviceLockedStatus():2087 repeatCheckTimes = 2, unlocked = true
01-09 11:36:14.705  1086  1254 I ASH     : @ 967445.507: tcs3701: stop power rail pending_off timer
01-09 11:36:14.705  1086  1254 D ASH     : @ 967445.507: tcs3701: start power rail timer, state:3
01-09 11:36:14.744  1086  1254 I ASH     : @ 967445.547: tcs3701: stop power rail pending_off timer
01-09 11:36:14.745  1086  1254 D ASH     : @ 967445.547: tcs3701: start power rail timer, state:3
01-09 11:36:14.784  1086  1254 I ASH     : @ 967445.587: tcs3701: stop power rail pending_off timer
01-09 11:36:14.784  1086  1254 D ASH     : @ 967445.587: tcs3701: start power rail timer, state:3
01-09 11:36:14.824  1086  1254 I ASH     : @ 967445.627: tcs3701: stop power rail pending_off timer
01-09 11:36:14.825  1086  1254 D ASH     : @ 967445.627: tcs3701: start power rail timer, state:3
01-09 11:36:14.864  1086  1254 I ASH     : @ 967445.667: tcs3701: stop power rail pending_off timer
01-09 11:36:14.865  1086  1254 D ASH     : @ 967445.667: tcs3701: start power rail timer, state:3
01-09 11:36:14.904  1086  1254 I ASH     : @ 967445.707: tcs3701: stop power rail pending_off timer
01-09 11:36:14.905  1086  1254 D ASH     : @ 967445.707: tcs3701: start power rail timer, state:3
01-09 11:36:14.945  2565  2589 V WindowManagerShell: Transition animation finished (aborted=false), notifying core (#143)android.os.BinderProxy@c78b39d@0
01-09 11:36:14.945  1086  1254 I ASH     : @ 967445.747: tcs3701: stop power rail pending_off timer
01-09 11:36:14.946  1086  1254 D ASH     : @ 967445.747: tcs3701: start power rail timer, state:3
01-09 11:36:14.947  1785  2095 V WindowManager: Finish Transition #143: created at 01-09 11:36:14.609 collect-started=0.09ms request-sent=5.537ms started=9.389ms ready=12.408ms sent=29.266ms finished=337.738ms
01-09 11:36:14.949  2658  2658 I WallpaperService: engine paused
01-09 11:36:14.950  1086  1086 I sensors-hal: [hal]activate_physical_sensor:251, android.sensor.gyroscope/41 en=0
01-09 11:36:14.952  1086  1086 D Diag_Lib: diag: Diag_LSM_DeInit: invoked for pid: 1086
01-09 11:36:14.952  1086  1086 D Diag_Lib: diag: Diag_LSM_DeInit: done for pid: 1086
01-09 11:36:14.952  1086  1086 D Diag_Lib: diag: Diag_LSM_DeInit: invoked for pid: 1086
01-09 11:36:14.952  1086  1086 D Diag_Lib: diag: Diag_LSM_DeInit: done for pid: 1086
01-09 11:36:14.953  1086  1086 I sensors-hal: [hal]activate_physical_sensor:262, android.sensor.gyroscope/41 en=0 completed
01-09 11:36:14.954  2565  2589 V WindowManagerShell: Track 0 became idle
01-09 11:36:14.954  2565  2589 V WindowManagerShell: All active transition animations finished
01-09 11:36:14.967  2992  3053 I ImeTracker: com.google.android.apps.nexuslauncher:991ff33d: onRequestHide at ORIGIN_CLIENT_HIDE_SOFT_INPUT reason HIDE_SOFT_INPUT
01-09 11:36:14.967  2992  3053 I ImeTracker: com.google.android.apps.nexuslauncher:991ff33d: onFailed at PHASE_CLIENT_VIEW_SERVED
01-09 11:36:14.968  2992  3926 D OneSearchSuggestProvider: Shut down the binder channel
01-09 11:36:14.985  1086  1254 I ASH     : @ 967445.787: tcs3701: stop power rail pending_off timer
01-09 11:36:14.985  1086  1254 D ASH     : @ 967445.787: tcs3701: start power rail timer, state:3
01-09 11:36:15.024  1086  1254 I ASH     : @ 967445.827: tcs3701: stop power rail pending_off timer
01-09 11:36:15.024  1086  1254 D ASH     : @ 967445.827: tcs3701: start power rail timer, state:3
01-09 11:36:15.065  1086  1254 I ASH     : @ 967445.867: tcs3701: stop power rail pending_off timer
01-09 11:36:15.065  1086  1254 D ASH     : @ 967445.867: tcs3701: start power rail timer, state:3
01-09 11:36:15.104  1086  1254 I ASH     : @ 967445.907: tcs3701: stop power rail pending_off timer
01-09 11:36:15.105  1086  1254 D ASH     : @ 967445.907: tcs3701: start power rail timer, state:3
01-09 11:36:15.145  1086  1254 I ASH     : @ 967445.947: tcs3701: stop power rail pending_off timer
01-09 11:36:15.145  1086  1254 D ASH     : @ 967445.947: tcs3701: start power rail timer, state:3
01-09 11:36:15.185  1086  1254 I ASH     : @ 967445.987: tcs3701: stop power rail pending_off timer
01-09 11:36:15.185  1086  1254 D ASH     : @ 967445.987: tcs3701: start power rail timer, state:3
01-09 11:36:15.224  1086  1254 I ASH     : @ 967446.027: tcs3701: stop power rail pending_off timer
01-09 11:36:15.225  1086  1254 D ASH     : @ 967446.027: tcs3701: start power rail timer, state:3
01-09 11:36:15.264  1086  1254 I ASH     : @ 967446.067: tcs3701: stop power rail pending_off timer
01-09 11:36:15.264  1086  1254 D ASH     : @ 967446.067: tcs3701: start power rail timer, state:3
01-09 11:36:15.305  1086  1254 I ASH     : @ 967446.107: tcs3701: stop power rail pending_off timer
01-09 11:36:15.305  1086  1254 D ASH     : @ 967446.107: tcs3701: start power rail timer, state:3
01-09 11:36:15.344  1086  1254 I ASH     : @ 967446.147: tcs3701: stop power rail pending_off timer
01-09 11:36:15.345  1086  1254 D ASH     : @ 967446.147: tcs3701: start power rail timer, state:3
01-09 11:36:15.385  1086  1254 I ASH     : @ 967446.187: tcs3701: stop power rail pending_off timer
01-09 11:36:15.385  1086  1254 D ASH     : @ 967446.187: tcs3701: start power rail timer, state:3
01-09 11:36:15.425  1086  1254 I ASH     : @ 967446.227: tcs3701: stop power rail pending_off timer
01-09 11:36:15.425  1086  1254 D ASH     : @ 967446.227: tcs3701: start power rail timer, state:3
01-09 11:36:15.464  1086  1254 I ASH     : @ 967446.267: tcs3701: stop power rail pending_off timer
01-09 11:36:15.465  1086  1254 D ASH     : @ 967446.267: tcs3701: start power rail timer, state:3
01-09 11:36:15.504  1086  1254 I ASH     : @ 967446.307: tcs3701: stop power rail pending_off timer
01-09 11:36:15.505  1086  1254 D ASH     : @ 967446.307: tcs3701: start power rail timer, state:3
01-09 11:36:15.544  1086  1254 I ASH     : @ 967446.347: tcs3701: stop power rail pending_off timer
01-09 11:36:15.545  1086  1254 D ASH     : @ 967446.347: tcs3701: start power rail timer, state:3
01-09 11:36:15.584  1086  1254 I ASH     : @ 967446.387: tcs3701: stop power rail pending_off timer
01-09 11:36:15.584  1086  1254 D ASH     : @ 967446.387: tcs3701: start power rail timer, state:3
01-09 11:36:15.624  1086  1254 I ASH     : @ 967446.427: tcs3701: stop power rail pending_off timer
01-09 11:36:15.624  1086  1254 D ASH     : @ 967446.427: tcs3701: start power rail timer, state:3
01-09 11:36:15.664  1086  1254 I ASH     : @ 967446.467: tcs3701: stop power rail pending_off timer
01-09 11:36:15.665  1086  1254 D ASH     : @ 967446.467: tcs3701: start power rail timer, state:3
01-09 11:36:15.704  1086  1254 I ASH     : @ 967446.507: tcs3701: stop power rail pending_off timer
01-09 11:36:15.704  1086  1254 D ASH     : @ 967446.507: tcs3701: start power rail timer, state:3
01-09 11:36:15.744  1086  1254 I ASH     : @ 967446.547: tcs3701: stop power rail pending_off timer
01-09 11:36:15.745  1086  1254 D ASH     : @ 967446.547: tcs3701: start power rail timer, state:3
01-09 11:36:15.785  1086  1254 I ASH     : @ 967446.587: tcs3701: stop power rail pending_off timer
01-09 11:36:15.785  1086  1254 D ASH     : @ 967446.587: tcs3701: start power rail timer, state:3
01-09 11:36:15.825  1086  1254 I ASH     : @ 967446.627: tcs3701: stop power rail pending_off timer
01-09 11:36:15.825  1086  1254 D ASH     : @ 967446.627: tcs3701: start power rail timer, state:3
01-09 11:36:15.864  1086  1254 I ASH     : @ 967446.667: tcs3701: stop power rail pending_off timer
01-09 11:36:15.865  1086  1254 D ASH     : @ 967446.667: tcs3701: start power rail timer, state:3
01-09 11:36:15.905  1086  1254 I ASH     : @ 967446.707: tcs3701: stop power rail pending_off timer
01-09 11:36:15.905  1086  1254 D ASH     : @ 967446.707: tcs3701: start power rail timer, state:3
01-09 11:36:15.945  1086  1254 I ASH     : @ 967446.747: tcs3701: stop power rail pending_off timer
01-09 11:36:15.945  1086  1254 D ASH     : @ 967446.747: tcs3701: start power rail timer, state:3
01-09 11:36:15.985  1086  1254 I ASH     : @ 967446.787: tcs3701: stop power rail pending_off timer
01-09 11:36:15.985  1086  1254 D ASH     : @ 967446.787: tcs3701: start power rail timer, state:3
01-09 11:36:16.025  1086  1254 I ASH     : @ 967446.827: tcs3701: stop power rail pending_off timer
01-09 11:36:16.025  1086  1254 D ASH     : @ 967446.827: tcs3701: start power rail timer, state:3
01-09 11:36:16.065  1086  1254 I ASH     : @ 967446.867: tcs3701: stop power rail pending_off timer
01-09 11:36:16.065  1086  1254 D ASH     : @ 967446.867: tcs3701: start power rail timer, state:3
01-09 11:36:16.105  1086  1254 I ASH     : @ 967446.907: tcs3701: stop power rail pending_off timer
01-09 11:36:16.105  1086  1254 D ASH     : @ 967446.907: tcs3701: start power rail timer, state:3
01-09 11:36:16.144  1086  1254 I ASH     : @ 967446.947: tcs3701: stop power rail pending_off timer
01-09 11:36:16.145  1086  1254 D ASH     : @ 967446.947: tcs3701: start power rail timer, state:3
01-09 11:36:16.186  1086  1254 I ASH     : @ 967446.987: tcs3701: stop power rail pending_off timer
01-09 11:36:16.186  1086  1254 D ASH     : @ 967446.987: tcs3701: start power rail timer, state:3
01-09 11:36:16.224  1086  1254 I ASH     : @ 967447.027: tcs3701: stop power rail pending_off timer
01-09 11:36:16.225  1086  1254 D ASH     : @ 967447.027: tcs3701: start power rail timer, state:3
01-09 11:36:16.264  1086  1254 I ASH     : @ 967447.067: tcs3701: stop power rail pending_off timer
01-09 11:36:16.264  1086  1254 D ASH     : @ 967447.067: tcs3701: start power rail timer, state:3
01-09 11:36:16.305  1086  1254 I ASH     : @ 967447.107: tcs3701: stop power rail pending_off timer
01-09 11:36:16.305  1086  1254 D ASH     : @ 967447.107: tcs3701: start power rail timer, state:3
01-09 11:36:16.344  1086  1254 I ASH     : @ 967447.147: tcs3701: stop power rail pending_off timer
01-09 11:36:16.345  1086  1254 D ASH     : @ 967447.147: tcs3701: start power rail timer, state:3
01-09 11:36:16.385  1086  1254 I ASH     : @ 967447.187: tcs3701: stop power rail pending_off timer
01-09 11:36:16.385  1086  1254 D ASH     : @ 967447.187: tcs3701: start power rail timer, state:3
01-09 11:36:16.425  1086  1254 I ASH     : @ 967447.227: tcs3701: stop power rail pending_off timer
01-09 11:36:16.425  1086  1254 D ASH     : @ 967447.227: tcs3701: start power rail timer, state:3
01-09 11:36:16.465  1086  1254 I ASH     : @ 967447.267: tcs3701: stop power rail pending_off timer
01-09 11:36:16.465  1086  1254 D ASH     : @ 967447.267: tcs3701: start power rail timer, state:3
01-09 11:36:16.505  1086  1254 I ASH     : @ 967447.307: tcs3701: stop power rail pending_off timer
01-09 11:36:16.505  1086  1254 D ASH     : @ 967447.307: tcs3701: start power rail timer, state:3
01-09 11:36:16.545  1086  1254 I ASH     : @ 967447.347: tcs3701: stop power rail pending_off timer
01-09 11:36:16.545  1086  1254 D ASH     : @ 967447.347: tcs3701: start power rail timer, state:3
01-09 11:36:16.585  1086  1254 I ASH     : @ 967447.387: tcs3701: stop power rail pending_off timer
01-09 11:36:16.585  1086  1254 D ASH     : @ 967447.387: tcs3701: start power rail timer, state:3
01-09 11:36:16.625  1086  1254 I ASH     : @ 967447.427: tcs3701: stop power rail pending_off timer
01-09 11:36:16.625  1086  1254 D ASH     : @ 967447.427: tcs3701: start power rail timer, state:3
01-09 11:36:16.665  1086  1254 I ASH     : @ 967447.467: tcs3701: stop power rail pending_off timer
01-09 11:36:16.665  1086  1254 D ASH     : @ 967447.467: tcs3701: start power rail timer, state:3
01-09 11:36:16.705  1086  1254 I ASH     : @ 967447.507: tcs3701: stop power rail pending_off timer
01-09 11:36:16.705  1086  1254 D ASH     : @ 967447.507: tcs3701: start power rail timer, state:3
01-09 11:36:16.713  1785  2761 D WifiNl80211Manager: Scan result ready event
01-09 11:36:16.713  1785  2761 D WifiNative: Scan result ready event
01-09 11:36:16.715  1465  2557 I LOWI-9.0.0.89.f: [LOWI-Scan] lowi_close_record:Scan done in 967431127ms, 18 APs in scan results
01-09 11:36:16.745  1086  1254 I ASH     : @ 967447.547: tcs3701: stop power rail pending_off timer
01-09 11:36:16.745  1086  1254 D ASH     : @ 967447.547: tcs3701: start power rail timer, state:3
01-09 11:36:16.749  1785  2464 D PasspointManager: ANQP entry not found for: a2:19:21:f2:ee:0d:<>
01-09 11:36:16.750  1785  2464 D PasspointManager: ANQP entry not found for: a2:19:21:f2:ee:0e:<Villeneuve>
01-09 11:36:16.751  1785  2464 D PasspointManager: ANQP entry not found for: ba:19:21:f3:26:d3:<>
01-09 11:36:16.752  1785  2464 D PasspointManager: ANQP entry not found for: ba:19:21:f3:26:d4:<Villeneuve>
01-09 11:36:16.784  1086  1254 I ASH     : @ 967447.587: tcs3701: stop power rail pending_off timer
01-09 11:36:16.784  1086  1254 D ASH     : @ 967447.587: tcs3701: start power rail timer, state:3
01-09 11:36:16.825  1086  1254 I ASH     : @ 967447.627: tcs3701: stop power rail pending_off timer
01-09 11:36:16.825  1086  1254 D ASH     : @ 967447.627: tcs3701: start power rail timer, state:3
01-09 11:36:16.865  1086  1254 I ASH     : @ 967447.667: tcs3701: stop power rail pending_off timer
01-09 11:36:16.865  1086  1254 D ASH     : @ 967447.667: tcs3701: start power rail timer, state:3
01-09 11:36:16.905  1086  1254 I ASH     : @ 967447.707: tcs3701: stop power rail pending_off timer
01-09 11:36:16.905  1086  1254 D ASH     : @ 967447.707: tcs3701: start power rail timer, state:3
01-09 11:36:16.945  1086  1254 I ASH     : @ 967447.747: tcs3701: stop power rail pending_off timer
01-09 11:36:16.945  1086  1254 D ASH     : @ 967447.747: tcs3701: start power rail timer, state:3
01-09 11:36:16.984  1086  1254 I ASH     : @ 967447.787: tcs3701: stop power rail pending_off timer
01-09 11:36:16.985  1086  1254 D ASH     : @ 967447.787: tcs3701: start power rail timer, state:3
01-09 11:36:17.025  1086  1254 I ASH     : @ 967447.827: tcs3701: stop power rail pending_off timer
01-09 11:36:17.025  1086  1254 D ASH     : @ 967447.827: tcs3701: start power rail timer, state:3
01-09 11:36:17.065  1086  1254 I ASH     : @ 967447.867: tcs3701: stop power rail pending_off timer
01-09 11:36:17.065  1086  1254 D ASH     : @ 967447.867: tcs3701: start power rail timer, state:3
01-09 11:36:17.105  1086  1254 I ASH     : @ 967447.907: tcs3701: stop power rail pending_off timer
01-09 11:36:17.105  1086  1254 D ASH     : @ 967447.907: tcs3701: start power rail timer, state:3
01-09 11:36:17.145  1086  1254 I ASH     : @ 967447.947: tcs3701: stop power rail pending_off timer
01-09 11:36:17.145  1086  1254 D ASH     : @ 967447.947: tcs3701: start power rail timer, state:3
01-09 11:36:17.185  1086  1254 I ASH     : @ 967447.987: tcs3701: stop power rail pending_off timer
01-09 11:36:17.185  1086  1254 D ASH     : @ 967447.987: tcs3701: start power rail timer, state:3
01-09 11:36:17.225  1086  1254 I ASH     : @ 967448.027: tcs3701: stop power rail pending_off timer
01-09 11:36:17.225  1086  1254 D ASH     : @ 967448.027: tcs3701: start power rail timer, state:3
01-09 11:36:17.265  1086  1254 I ASH     : @ 967448.067: tcs3701: stop power rail pending_off timer
01-09 11:36:17.265  1086  1254 D ASH     : @ 967448.067: tcs3701: start power rail timer, state:3
01-09 11:36:17.305  1086  1254 I ASH     : @ 967448.107: tcs3701: stop power rail pending_off timer
01-09 11:36:17.305  1086  1254 D ASH     : @ 967448.107: tcs3701: start power rail timer, state:3
01-09 11:36:17.344  1086  1254 I ASH     : @ 967448.147: tcs3701: stop power rail pending_off timer
01-09 11:36:17.345  1086  1254 D ASH     : @ 967448.147: tcs3701: start power rail timer, state:3
01-09 11:36:17.386  1086  1254 I ASH     : @ 967448.187: tcs3701: stop power rail pending_off timer
01-09 11:36:17.386  1086  1254 D ASH     : @ 967448.187: tcs3701: start power rail timer, state:3
01-09 11:36:17.425  1086  1254 I ASH     : @ 967448.227: tcs3701: stop power rail pending_off timer
01-09 11:36:17.425  1086  1254 D ASH     : @ 967448.227: tcs3701: start power rail timer, state:3
01-09 11:36:17.464  1086  1254 I ASH     : @ 967448.267: tcs3701: stop power rail pending_off timer
01-09 11:36:17.465  1086  1254 D ASH     : @ 967448.267: tcs3701: start power rail timer, state:3
01-09 11:36:17.505  1086  1254 I ASH     : @ 967448.307: tcs3701: stop power rail pending_off timer
01-09 11:36:17.505  1086  1254 D ASH     : @ 967448.307: tcs3701: start power rail timer, state:3
01-09 11:36:17.545  1086  1254 I ASH     : @ 967448.347: tcs3701: stop power rail pending_off timer
01-09 11:36:17.545  1086  1254 D ASH     : @ 967448.347: tcs3701: start power rail timer, state:3
01-09 11:36:17.584  1086  1254 I ASH     : @ 967448.387: tcs3701: stop power rail pending_off timer
01-09 11:36:17.585  1086  1254 D ASH     : @ 967448.387: tcs3701: start power rail timer, state:3
01-09 11:36:17.625  1086  1254 I ASH     : @ 967448.427: tcs3701: stop power rail pending_off timer
01-09 11:36:17.625  1086  1254 D ASH     : @ 967448.427: tcs3701: start power rail timer, state:3
01-09 11:36:17.665  1086  1254 I ASH     : @ 967448.467: tcs3701: stop power rail pending_off timer
01-09 11:36:17.665  1086  1254 D ASH     : @ 967448.467: tcs3701: start power rail timer, state:3
01-09 11:36:17.705  1086  1254 I ASH     : @ 967448.507: tcs3701: stop power rail pending_off timer
01-09 11:36:17.705  1086  1254 D ASH     : @ 967448.507: tcs3701: start power rail timer, state:3
01-09 11:36:17.745  1086  1254 I ASH     : @ 967448.547: tcs3701: stop power rail pending_off timer
01-09 11:36:17.745  1086  1254 D ASH     : @ 967448.547: tcs3701: start power rail timer, state:3
01-09 11:36:17.785  1086  1254 I ASH     : @ 967448.587: tcs3701: stop power rail pending_off timer
01-09 11:36:17.785  1086  1254 D ASH     : @ 967448.587: tcs3701: start power rail timer, state:3
01-09 11:36:17.824  1086  1254 I ASH     : @ 967448.627: tcs3701: stop power rail pending_off timer
01-09 11:36:17.825  1086  1254 D ASH     : @ 967448.627: tcs3701: start power rail timer, state:3
01-09 11:36:17.865  1086  1254 I ASH     : @ 967448.667: tcs3701: stop power rail pending_off timer
01-09 11:36:17.865  1086  1254 D ASH     : @ 967448.667: tcs3701: start power rail timer, state:3
01-09 11:36:17.905  1086  1254 I ASH     : @ 967448.707: tcs3701: stop power rail pending_off timer
01-09 11:36:17.905  1086  1254 D ASH     : @ 967448.707: tcs3701: start power rail timer, state:3
01-09 11:36:17.945  1086  1254 I ASH     : @ 967448.747: tcs3701: stop power rail pending_off timer
01-09 11:36:17.945  1086  1254 D ASH     : @ 967448.747: tcs3701: start power rail timer, state:3
01-09 11:36:17.985  1086  1254 I ASH     : @ 967448.787: tcs3701: stop power rail pending_off timer
01-09 11:36:17.985  1086  1254 D ASH     : @ 967448.787: tcs3701: start power rail timer, state:3
01-09 11:36:18.025  1086  1254 I ASH     : @ 967448.827: tcs3701: stop power rail pending_off timer
01-09 11:36:18.025  1086  1254 D ASH     : @ 967448.827: tcs3701: start power rail timer, state:3
01-09 11:36:18.065  1086  1254 I ASH     : @ 967448.867: tcs3701: stop power rail pending_off timer
01-09 11:36:18.065  1086  1254 D ASH     : @ 967448.867: tcs3701: start power rail timer, state:3
01-09 11:36:18.105  1086  1254 I ASH     : @ 967448.907: tcs3701: stop power rail pending_off timer
01-09 11:36:18.105  1086  1254 D ASH     : @ 967448.907: tcs3701: start power rail timer, state:3
01-09 11:36:18.145  1086  1254 I ASH     : @ 967448.947: tcs3701: stop power rail pending_off timer
01-09 11:36:18.145  1086  1254 D ASH     : @ 967448.947: tcs3701: start power rail timer, state:3
01-09 11:36:18.185  1086  1254 I ASH     : @ 967448.987: tcs3701: stop power rail pending_off timer
01-09 11:36:18.185  1086  1254 D ASH     : @ 967448.987: tcs3701: start power rail timer, state:3
01-09 11:36:18.225  1086  1254 I ASH     : @ 967449.027: tcs3701: stop power rail pending_off timer
01-09 11:36:18.225  1086  1254 D ASH     : @ 967449.027: tcs3701: start power rail timer, state:3
01-09 11:36:18.265  1086  1254 I ASH     : @ 967449.067: tcs3701: stop power rail pending_off timer
01-09 11:36:18.265  1086  1254 D ASH     : @ 967449.067: tcs3701: start power rail timer, state:3
01-09 11:36:18.304  1086  1254 I ASH     : @ 967449.107: tcs3701: stop power rail pending_off timer
01-09 11:36:18.305  1086  1254 D ASH     : @ 967449.107: tcs3701: start power rail timer, state:3
01-09 11:36:18.345  1086  1254 I ASH     : @ 967449.147: tcs3701: stop power rail pending_off timer
01-09 11:36:18.345  1086  1254 D ASH     : @ 967449.147: tcs3701: start power rail timer, state:3
01-09 11:36:18.386  1086  1254 I ASH     : @ 967449.187: tcs3701: stop power rail pending_off timer
01-09 11:36:18.387  1086  1254 D ASH     : @ 967449.187: tcs3701: start power rail timer, state:3
01-09 11:36:18.425  1086  1254 I ASH     : @ 967449.227: tcs3701: stop power rail pending_off timer
01-09 11:36:18.425  1086  1254 D ASH     : @ 967449.227: tcs3701: start power rail timer, state:3
01-09 11:36:18.464  1086  1254 I ASH     : @ 967449.267: tcs3701: stop power rail pending_off timer
01-09 11:36:18.465  1086  1254 D ASH     : @ 967449.267: tcs3701: start power rail timer, state:3
01-09 11:36:18.505  1086  1254 I ASH     : @ 967449.307: tcs3701: stop power rail pending_off timer
01-09 11:36:18.505  1086  1254 D ASH     : @ 967449.307: tcs3701: start power rail timer, state:3
01-09 11:36:18.545  1086  1254 I ASH     : @ 967449.347: tcs3701: stop power rail pending_off timer
01-09 11:36:18.545  1086  1254 D ASH     : @ 967449.347: tcs3701: start power rail timer, state:3
01-09 11:36:18.585  1086  1254 I ASH     : @ 967449.387: tcs3701: stop power rail pending_off timer
01-09 11:36:18.585  1086  1254 D ASH     : @ 967449.387: tcs3701: start power rail timer, state:3
01-09 11:36:18.625  1086  1254 I ASH     : @ 967449.427: tcs3701: stop power rail pending_off timer
01-09 11:36:18.625  1086  1254 D ASH     : @ 967449.427: tcs3701: start power rail timer, state:3
01-09 11:36:18.664  1086  1254 I ASH     : @ 967449.467: tcs3701: stop power rail pending_off timer
01-09 11:36:18.665  1086  1254 D ASH     : @ 967449.467: tcs3701: start power rail timer, state:3
01-09 11:36:18.704  1086  1254 I ASH     : @ 967449.507: tcs3701: stop power rail pending_off timer
01-09 11:36:18.705  1086  1254 D ASH     : @ 967449.507: tcs3701: start power rail timer, state:3
01-09 11:36:18.745  1086  1254 I ASH     : @ 967449.547: tcs3701: stop power rail pending_off timer
01-09 11:36:18.745  1086  1254 D ASH     : @ 967449.547: tcs3701: start power rail timer, state:3
01-09 11:36:18.785  1086  1254 I ASH     : @ 967449.587: tcs3701: stop power rail pending_off timer
01-09 11:36:18.785  1086  1254 D ASH     : @ 967449.587: tcs3701: start power rail timer, state:3
01-09 11:36:18.824  1086  1254 I ASH     : @ 967449.627: tcs3701: stop power rail pending_off timer
01-09 11:36:18.825  1086  1254 D ASH     : @ 967449.627: tcs3701: start power rail timer, state:3
01-09 11:36:18.864  1086  1254 I ASH     : @ 967449.667: tcs3701: stop power rail pending_off timer
01-09 11:36:18.865  1086  1254 D ASH     : @ 967449.667: tcs3701: start power rail timer, state:3
01-09 11:36:18.904  1086  1254 I ASH     : @ 967449.707: tcs3701: stop power rail pending_off timer
01-09 11:36:18.904  1086  1254 D ASH     : @ 967449.707: tcs3701: start power rail timer, state:3
01-09 11:36:18.945  1086  1254 I ASH     : @ 967449.747: tcs3701: stop power rail pending_off timer
01-09 11:36:18.945  1086  1254 D ASH     : @ 967449.747: tcs3701: start power rail timer, state:3
01-09 11:36:18.985  1086  1254 I ASH     : @ 967449.787: tcs3701: stop power rail pending_off timer
01-09 11:36:18.985  1086  1254 D ASH     : @ 967449.787: tcs3701: start power rail timer, state:3
01-09 11:36:19.025  1086  1254 I ASH     : @ 967449.827: tcs3701: stop power rail pending_off timer
01-09 11:36:19.025  1086  1254 D ASH     : @ 967449.827: tcs3701: start power rail timer, state:3
01-09 11:36:19.065  1086  1254 I ASH     : @ 967449.867: tcs3701: stop power rail pending_off timer
01-09 11:36:19.065  1086  1254 D ASH     : @ 967449.867: tcs3701: start power rail timer, state:3
01-09 11:36:19.105  1086  1254 I ASH     : @ 967449.907: tcs3701: stop power rail pending_off timer
01-09 11:36:19.105  1086  1254 D ASH     : @ 967449.907: tcs3701: start power rail timer, state:3
01-09 11:36:19.145  1086  1254 I ASH     : @ 967449.947: tcs3701: stop power rail pending_off timer
01-09 11:36:19.145  1086  1254 D ASH     : @ 967449.947: tcs3701: start power rail timer, state:3
01-09 11:36:19.185  1086  1254 I ASH     : @ 967449.987: tcs3701: stop power rail pending_off timer
01-09 11:36:19.185  1086  1254 D ASH     : @ 967449.987: tcs3701: start power rail timer, state:3
01-09 11:36:19.224  1086  1254 I ASH     : @ 967450.027: tcs3701: stop power rail pending_off timer
01-09 11:36:19.225  1086  1254 D ASH     : @ 967450.027: tcs3701: start power rail timer, state:3
01-09 11:36:19.265  1086  1254 I ASH     : @ 967450.067: tcs3701: stop power rail pending_off timer
01-09 11:36:19.265  1086  1254 D ASH     : @ 967450.067: tcs3701: start power rail timer, state:3
01-09 11:36:19.305  1086  1254 I ASH     : @ 967450.107: tcs3701: stop power rail pending_off timer
01-09 11:36:19.305  1086  1254 D ASH     : @ 967450.107: tcs3701: start power rail timer, state:3
01-09 11:36:19.345  1086  1254 I ASH     : @ 967450.147: tcs3701: stop power rail pending_off timer
01-09 11:36:19.345  1086  1254 D ASH     : @ 967450.147: tcs3701: start power rail timer, state:3
01-09 11:36:19.385  1086  1254 I ASH     : @ 967450.187: tcs3701: stop power rail pending_off timer
01-09 11:36:19.385  1086  1254 D ASH     : @ 967450.187: tcs3701: start power rail timer, state:3
01-09 11:36:19.425  1086  1254 I ASH     : @ 967450.227: tcs3701: stop power rail pending_off timer
01-09 11:36:19.425  1086  1254 D ASH     : @ 967450.227: tcs3701: start power rail timer, state:3
01-09 11:36:19.465  1086  1254 I ASH     : @ 967450.267: tcs3701: stop power rail pending_off timer
01-09 11:36:19.465  1086  1254 D ASH     : @ 967450.267: tcs3701: start power rail timer, state:3
01-09 11:36:19.505  1086  1254 I ASH     : @ 967450.307: tcs3701: stop power rail pending_off timer
01-09 11:36:19.505  1086  1254 D ASH     : @ 967450.307: tcs3701: start power rail timer, state:3
01-09 11:36:19.545  1086  1254 I ASH     : @ 967450.347: tcs3701: stop power rail pending_off timer
01-09 11:36:19.545  1086  1254 D ASH     : @ 967450.347: tcs3701: start power rail timer, state:3
01-09 11:36:19.585  1086  1254 I ASH     : @ 967450.387: tcs3701: stop power rail pending_off timer
01-09 11:36:19.585  1086  1254 D ASH     : @ 967450.387: tcs3701: start power rail timer, state:3
01-09 11:36:19.625  1086  1254 I ASH     : @ 967450.427: tcs3701: stop power rail pending_off timer
01-09 11:36:19.625  1086  1254 D ASH     : @ 967450.427: tcs3701: start power rail timer, state:3
01-09 11:36:19.626  2565  2565 D DLObserver: onReceive(); android.intent.action.BATTERY_CHANGED
01-09 11:36:19.626  2565  2565 D DLObserver: plugged=1
01-09 11:36:19.629  2565  2565 I ReverseChargingControl: handleIntentForReverseCharging(): rtx=0 wlc=0 plgac=1 ac=1 acrtx=0 extra=1 this=com.google.android.systemui.reversecharging.ReverseChargingController@6510945
01-09 11:36:19.630  2565  2565 D PowerNotificationWarningsGoogleImpl: onReceive: android.intent.action.BATTERY_CHANGED
01-09 11:36:19.630  2565  2565 D BatteryDefenderNotification: isPlugged: true | isBatteryDefender: false | defenderEnabled: false | isCharged: true | isPluggedInDock: false
01-09 11:36:19.630  2565  2565 D IncompatibleChargerNotification: dispatchIntent: android.intent.action.BATTERY_CHANGED
01-09 11:36:19.634  2837  2837 V DeviceStatisticsService: chargerType=1 batteryLevel=100 totalBatteryCapacity=4129000
01-09 11:36:19.637  2565  6716 D PowerUI : can't show warning due to - plugged: true status unknown: false
01-09 11:36:19.665  1086  1254 I ASH     : @ 967450.467: tcs3701: stop power rail pending_off timer
01-09 11:36:19.665  1086  1254 D ASH     : @ 967450.467: tcs3701: start power rail timer, state:3
01-09 11:36:19.705  1086  1254 I ASH     : @ 967450.507: tcs3701: stop power rail pending_off timer
01-09 11:36:19.705  1086  1254 D ASH     : @ 967450.507: tcs3701: start power rail timer, state:3
01-09 11:36:19.745  1086  1254 I ASH     : @ 967450.547: tcs3701: stop power rail pending_off timer
01-09 11:36:19.745  1086  1254 D ASH     : @ 967450.547: tcs3701: start power rail timer, state:3
01-09 11:36:19.785  1086  1254 I ASH     : @ 967450.587: tcs3701: stop power rail pending_off timer
01-09 11:36:19.785  1086  1254 D ASH     : @ 967450.587: tcs3701: start power rail timer, state:3
01-09 11:36:19.825  1086  1254 I ASH     : @ 967450.627: tcs3701: stop power rail pending_off timer
01-09 11:36:19.825  1086  1254 D ASH     : @ 967450.627: tcs3701: start power rail timer, state:3
01-09 11:36:19.864  1086  1254 I ASH     : @ 967450.667: tcs3701: stop power rail pending_off timer
01-09 11:36:19.865  1086  1254 D ASH     : @ 967450.667: tcs3701: start power rail timer, state:3
01-09 11:36:19.905  1086  1254 I ASH     : @ 967450.707: tcs3701: stop power rail pending_off timer
01-09 11:36:19.905  1086  1254 D ASH     : @ 967450.707: tcs3701: start power rail timer, state:3
01-09 11:36:19.945  1086  1254 I ASH     : @ 967450.747: tcs3701: stop power rail pending_off timer
01-09 11:36:19.945  1086  1254 D ASH     : @ 967450.747: tcs3701: start power rail timer, state:3
01-09 11:36:19.984  1086  1254 I ASH     : @ 967450.787: tcs3701: stop power rail pending_off timer
01-09 11:36:19.985  1086  1254 D ASH     : @ 967450.787: tcs3701: start power rail timer, state:3
01-09 11:36:20.025  1086  1254 I ASH     : @ 967450.827: tcs3701: stop power rail pending_off timer
01-09 11:36:20.025  1086  1254 D ASH     : @ 967450.827: tcs3701: start power rail timer, state:3
01-09 11:36:20.064  1086  1254 I ASH     : @ 967450.867: tcs3701: stop power rail pending_off timer
01-09 11:36:20.065  1086  1254 D ASH     : @ 967450.867: tcs3701: start power rail timer, state:3
01-09 11:36:20.073  1122  1183 D rlsservice: MonitorDisplayStatus client num 0, display status 1, sensor status 0
01-09 11:36:20.104  1086  1254 I ASH     : @ 967450.907: tcs3701: stop power rail pending_off timer
01-09 11:36:20.105  1086  1254 D ASH     : @ 967450.907: tcs3701: start power rail timer, state:3
01-09 11:36:20.145  1086  1254 I ASH     : @ 967450.947: tcs3701: stop power rail pending_off timer
01-09 11:36:20.145  1086  1254 D ASH     : @ 967450.947: tcs3701: start power rail timer, state:3
01-09 11:36:20.185  1086  1254 I ASH     : @ 967450.987: tcs3701: stop power rail pending_off timer
01-09 11:36:20.185  1086  1254 D ASH     : @ 967450.987: tcs3701: start power rail timer, state:3
01-09 11:36:20.225  1086  1254 I ASH     : @ 967451.027: tcs3701: stop power rail pending_off timer
01-09 11:36:20.225  1086  1254 D ASH     : @ 967451.027: tcs3701: start power rail timer, state:3
01-09 11:36:20.265  1086  1254 I ASH     : @ 967451.067: tcs3701: stop power rail pending_off timer
01-09 11:36:20.265  1086  1254 D ASH     : @ 967451.067: tcs3701: start power rail timer, state:3
01-09 11:36:20.305  1086  1254 I ASH     : @ 967451.107: tcs3701: stop power rail pending_off timer
01-09 11:36:20.305  1086  1254 D ASH     : @ 967451.107: tcs3701: start power rail timer, state:3
01-09 11:36:20.345  1086  1254 I ASH     : @ 967451.147: tcs3701: stop power rail pending_off timer
01-09 11:36:20.345  1086  1254 D ASH     : @ 967451.147: tcs3701: start power rail timer, state:3
01-09 11:36:20.385  1086  1254 I ASH     : @ 967451.187: tcs3701: stop power rail pending_off timer
01-09 11:36:20.385  1086  1254 D ASH     : @ 967451.187: tcs3701: start power rail timer, state:3
01-09 11:36:20.425  1086  1254 I ASH     : @ 967451.227: tcs3701: stop power rail pending_off timer
01-09 11:36:20.425  1086  1254 D ASH     : @ 967451.227: tcs3701: start power rail timer, state:3
01-09 11:36:20.465  1086  1254 I ASH     : @ 967451.267: tcs3701: stop power rail pending_off timer
01-09 11:36:20.465  1086  1254 D ASH     : @ 967451.267: tcs3701: start power rail timer, state:3
01-09 11:36:20.504  1086  1254 I ASH     : @ 967451.307: tcs3701: stop power rail pending_off timer
01-09 11:36:20.505  1086  1254 D ASH     : @ 967451.307: tcs3701: start power rail timer, state:3
01-09 11:36:20.545  1086  1254 I ASH     : @ 967451.347: tcs3701: stop power rail pending_off timer
01-09 11:36:20.545  1086  1254 D ASH     : @ 967451.347: tcs3701: start power rail timer, state:3
01-09 11:36:20.585  1086  1254 I ASH     : @ 967451.387: tcs3701: stop power rail pending_off timer
01-09 11:36:20.585  1086  1254 D ASH     : @ 967451.387: tcs3701: start power rail timer, state:3
01-09 11:36:20.625  1086  1254 I ASH     : @ 967451.427: tcs3701: stop power rail pending_off timer
01-09 11:36:20.625  1086  1254 D ASH     : @ 967451.427: tcs3701: start power rail timer, state:3
01-09 11:36:20.665  1086  1254 I ASH     : @ 967451.467: tcs3701: stop power rail pending_off timer
01-09 11:36:20.665  1086  1254 D ASH     : @ 967451.467: tcs3701: start power rail timer, state:3
01-09 11:36:20.686 26472 26490 I Unity   : [showcase] frame cost — scene surfaces at 1080x2340 over 240 frames — tick 0.14 ms, draw mean 0.19 p50 0.18 p95 0.27 max 1.44 ms (3001.0 fps if unpaced)
01-09 11:36:20.686 26472 26490 I Unity   : UnityEngine.DebugLogHandler:Internal_Log(LogType, LogOption, String, Object)
01-09 11:36:20.686 26472 26490 I Unity   : Driftsys.Dashscene.Samples.DashsceneShowcase:Update()
01-09 11:36:20.686 26472 26490 I Unity   : 
01-09 11:36:20.704  1086  1254 I ASH     : @ 967451.507: tcs3701: stop power rail pending_off timer
01-09 11:36:20.705  1086  1254 D ASH     : @ 967451.507: tcs3701: start power rail timer, state:3
01-09 11:36:20.745  1086  1254 I ASH     : @ 967451.547: tcs3701: stop power rail pending_off timer
01-09 11:36:20.745  1086  1254 D ASH     : @ 967451.547: tcs3701: start power rail timer, state:3
01-09 11:36:20.785  1086  1254 I ASH     : @ 967451.587: tcs3701: stop power rail pending_off timer
01-09 11:36:20.785  1086  1254 D ASH     : @ 967451.587: tcs3701: start power rail timer, state:3
01-09 11:36:20.824  1086  1254 I ASH     : @ 967451.627: tcs3701: stop power rail pending_off timer
01-09 11:36:20.825  1086  1254 D ASH     : @ 967451.627: tcs3701: start power rail timer, state:3
01-09 11:36:20.865  1086  1254 I ASH     : @ 967451.667: tcs3701: stop power rail pending_off timer
01-09 11:36:20.865  1086  1254 D ASH     : @ 967451.667: tcs3701: start power rail timer, state:3
01-09 11:36:20.905  1086  1254 I ASH     : @ 967451.707: tcs3701: stop power rail pending_off timer
01-09 11:36:20.905  1086  1254 D ASH     : @ 967451.707: tcs3701: start power rail timer, state:3
01-09 11:36:20.945  1086  1254 I ASH     : @ 967451.747: tcs3701: stop power rail pending_off timer
01-09 11:36:20.945  1086  1254 D ASH     : @ 967451.747: tcs3701: start power rail timer, state:3
01-09 11:36:20.985  1086  1254 I ASH     : @ 967451.787: tcs3701: stop power rail pending_off timer
01-09 11:36:20.985  1086  1254 D ASH     : @ 967451.787: tcs3701: start power rail timer, state:3
01-09 11:36:21.025  1086  1254 I ASH     : @ 967451.827: tcs3701: stop power rail pending_off timer
01-09 11:36:21.025  1086  1254 D ASH     : @ 967451.827: tcs3701: start power rail timer, state:3
01-09 11:36:21.064  1086  1254 I ASH     : @ 967451.867: tcs3701: stop power rail pending_off timer
01-09 11:36:21.065  1086  1254 D ASH     : @ 967451.867: tcs3701: start power rail timer, state:3
01-09 11:36:21.105  1086  1254 I ASH     : @ 967451.907: tcs3701: stop power rail pending_off timer
01-09 11:36:21.105  1086  1254 D ASH     : @ 967451.907: tcs3701: start power rail timer, state:3
01-09 11:36:21.145  1086  1254 I ASH     : @ 967451.947: tcs3701: stop power rail pending_off timer
01-09 11:36:21.145  1086  1254 D ASH     : @ 967451.947: tcs3701: start power rail timer, state:3
01-09 11:36:21.185  1086  1254 I ASH     : @ 967451.987: tcs3701: stop power rail pending_off timer
01-09 11:36:21.185  1086  1254 D ASH     : @ 967451.987: tcs3701: start power rail timer, state:3
01-09 11:36:21.225  1086  1254 I ASH     : @ 967452.027: tcs3701: stop power rail pending_off timer
01-09 11:36:21.225  1086  1254 D ASH     : @ 967452.027: tcs3701: start power rail timer, state:3
01-09 11:36:21.265  1086  1254 I ASH     : @ 967452.067: tcs3701: stop power rail pending_off timer
01-09 11:36:21.265  1086  1254 D ASH     : @ 967452.067: tcs3701: start power rail timer, state:3
01-09 11:36:21.293  1785  6972 I ActivityManager: Force stopping com.driftsys.dashscene.showcase appid=10273 user=0: from pid 26713
01-09 11:36:21.295  1785  6972 I ActivityManager: Killing 26472:com.driftsys.dashscene.showcase/u0a273 (adj 0): stop com.driftsys.dashscene.showcase due to from pid 26713
01-09 11:36:21.295  1785  2096 D DisplayManagerService: Drop pending events for gone uid 10273
01-09 11:36:21.296  1785  6972 W ActivityTaskManager: Force removing ActivityRecord{4f2d86 u0 com.driftsys.dashscene.showcase/com.unity3d.player.UnityPlayerActivity t86 f}}: app died, no saved state
01-09 11:36:21.296  1086  1086 I sensors-hal: [hal]batch_physical_sensor:314, android.sensor.accelerometer/11, period=200000000, max_latency=2000000000
01-09 11:36:21.296  1086  1086 I sensors-hal: [sensor]set_config:64, sample_period_ns is adjusted to 200000000 based on min/max delay_ns
01-09 11:36:21.296  1086  1086 I sensors-hal: [hal]batch_physical_sensor:323, android.sensor.accelerometer/11, period=200000000, max_latency=2000000000 request completed
01-09 11:36:21.297  1785  2096 V GameManagerService: Game power mode OFF (process remomved or state changed to background)
01-09 11:36:21.297  2565  2589 V WindowManagerShell: Transition requested: android.os.BinderProxy@f3a2e09 TransitionRequestInfo { type = CLOSE, triggerTask = TaskInfo{userId=0 taskId=86 displayId=0 isRunning=false baseIntent=Intent { flg=0x10000000 cmp=com.driftsys.dashscene.showcase/com.unity3d.player.UnityPlayerActivity } baseActivity=null topActivity=null origActivity=null realActivity=ComponentInfo{com.driftsys.dashscene.showcase/com.unity3d.player.UnityPlayerActivity} numActivities=0 lastActiveTime=967442566 supportsMultiWindow=true resizeMode=2 isResizeable=true minWidth=400 minHeight=300 defaultMinSize=220 token=WCT{android.window.IWindowContainerToken$Stub$Proxy@9c2880e} topActivityType=1 pictureInPictureParams=null shouldDockBigOverlays=false launchIntoPipHostTaskId=-1 lastParentTaskIdBeforePip=-1 displayCutoutSafeInsets=null topActivityInfo=null launchCookies=[] positionInParent=Point(0, 0) parentTaskId=-1 isFocused=true isVisible=true isVisibleRequested=true isSleeping=false topActivityInSizeCompat=false topActivityEligibleForLetterboxEducation= false topActivityLetterboxed= false isFromDoubleTap= false topActivityLetterboxVerticalPosition= -1 topActivityLetterboxHorizontalPosition= -1 topActivityLetterboxWidth=-1 topActivityLetterboxHeight=-1 locusId=null displayAreaFeatureId=1 cameraCompatControlState=hidden}, remoteTransition = null, displayChange = null }
01-09 11:36:21.298  1086 24676 I sensors-hal: [ssc_sensor]ssc_conn_resp_cb:686, resp_value = 0
01-09 11:36:21.304  1086  1254 I ASH     : @ 967452.107: tcs3701: stop power rail pending_off timer
01-09 11:36:21.304  1086  1254 D ASH     : @ 967452.107: tcs3701: start power rail timer, state:3
01-09 11:36:21.306  1785  6972 I AppsFilter: interaction: PackageSetting{3c5ccbf com.unity3d.renderservice/10259} -> PackageSetting{d3caba7 com.driftsys.dashscene.showcase/10273} BLOCKED
01-09 11:36:21.306  1785  6972 I AppsFilter: interaction: PackageSetting{c05f6d5 com.renault.immersive.app/10260} -> PackageSetting{d3caba7 com.driftsys.dashscene.showcase/10273} BLOCKED
01-09 11:36:21.306  1785  6972 I AppsFilter: interaction: PackageSetting{d7d2eea com.driftsys.dashscene.androidprobe/10272} -> PackageSetting{d3caba7 com.driftsys.dashscene.showcase/10273} BLOCKED
01-09 11:36:21.307  1785  3646 W AppSearchIcing: icing-search-engine.cc:283: Error: 5, Message: Document (com.google.android.googlequicksearchbox$OneSearchZeroStateGoogleSuggestions/default, zp) not found.
01-09 11:36:21.308  2992  3926 E OneSearchSuggestProvider: Failed to fetch suggestions from AppSearch, fallback to AGA
01-09 11:36:21.308  2992  3926 E OneSearchSuggestProvider: java.util.concurrent.CompletionException: java.util.NoSuchElementException: No value present
01-09 11:36:21.308  2992  3926 E OneSearchSuggestProvider: 	at java.util.concurrent.CompletableFuture.encodeThrowable(CompletableFuture.java:308)
01-09 11:36:21.308  2992  3926 E OneSearchSuggestProvider: 	at java.util.concurrent.CompletableFuture.completeThrowable(CompletableFuture.java:323)
01-09 11:36:21.308  2992  3926 E OneSearchSuggestProvider: 	at java.util.concurrent.CompletableFuture$UniAccept.tryFire(CompletableFuture.java:684)
01-09 11:36:21.308  2992  3926 E OneSearchSuggestProvider: 	at java.util.concurrent.CompletableFuture.postComplete(CompletableFuture.java:486)
01-09 11:36:21.308  2992  3926 E OneSearchSuggestProvider: 	at java.util.concurrent.CompletableFuture.completeExceptionally(CompletableFuture.java:2138)
01-09 11:36:21.308  2992  3926 E OneSearchSuggestProvider: 	at com.google.android.apps.nexuslauncher.allapps.H0.onResult(Unknown Source:59)
01-09 11:36:21.308  2992  3926 E OneSearchSuggestProvider: 	at android.app.appsearch.SearchSessionUtil$1.lambda$onResult$0(SearchSessionUtil.java:129)
01-09 11:36:21.308  2992  3926 E OneSearchSuggestProvider: 	at android.app.appsearch.SearchSessionUtil$1.$r8$lambda$_nlk9WiPjSfaAsqKYmp0aPvSRC0(SearchSessionUtil.java:1)
01-09 11:36:21.308  2992  3926 E OneSearchSuggestProvider: 	at android.app.appsearch.SearchSessionUtil$1$$ExternalSyntheticLambda0.run(R8$$SyntheticClass:13)
01-09 11:36:21.308  2992  3926 E OneSearchSuggestProvider: 	at android.os.Handler.handleCallback(Handler.java:958)
01-09 11:36:21.308  2992  3926 E OneSearchSuggestProvider: 	at android.os.Handler.dispatchMessage(Handler.java:99)
01-09 11:36:21.308  2992  3926 E OneSearchSuggestProvider: 	at android.os.Looper.loopOnce(Looper.java:205)
01-09 11:36:21.308  2992  3926 E OneSearchSuggestProvider: 	at android.os.Looper.loop(Looper.java:294)
01-09 11:36:21.308  2992  3926 E OneSearchSuggestProvider: 	at android.os.HandlerThread.run(HandlerThread.java:67)
01-09 11:36:21.308  2992  3926 E OneSearchSuggestProvider: Caused by: java.util.NoSuchElementException: No value present
01-09 11:36:21.308  2992  3926 E OneSearchSuggestProvider: 	at java.util.Optional.get(Optional.java:144)
01-09 11:36:21.308  2992  3926 E OneSearchSuggestProvider: 	at com.google.android.apps.nexuslauncher.allapps.H0.onResult(Unknown Source:16)
01-09 11:36:21.308  2992  3926 E OneSearchSuggestProvider: 	... 8 more
01-09 11:36:21.309  1785  3042 W ActivityManager: Unable to start service Intent { act=com.android.launcher3.WINDOW_OVERLAY dat=app://com.google.android.apps.nexuslauncher:10227/... pkg=com.google.android.googlequicksearchbox } U=0: not found
01-09 11:36:21.310  2992  3054 D QuickstepModelDelegate: notifyAppTargetEvent action=1 launchLocation=workspace/0/[-1,-1]/[1,1]
01-09 11:36:21.310  2992  3926 D OneSearchSuggestProvider: Created the binder channel successfully for end point service =com.google.android.apps.search.googleapp.search.suggest.plugins.onesearch.server.OneSearchSuggestService , mChannel=z1{delegate=s1{logId=412, target=directaddress:///AndroidComponentAddress%5BIntent%20%7B%20act=grpc.io.action.BIND%20cmp=com.google.android.googlequicksearchbox/com.google.android.apps.search.googleapp.search.suggest.plugins.onesearch.server.OneSearchSuggestService%20%7D%5D}} , mOneSearchConnection=X1.T@e22f9b4
01-09 11:36:21.317   665   665 I BpBinder: onLastStrongRef automatically unlinking death recipients: 
01-09 11:36:21.319  2909  2909 D CarrierSvcBindHelper: onHandleForceStop: [com.driftsys.dashscene.showcase]
01-09 11:36:21.320  2909  3101 D EuiccConnector: handleMessage: E msg.what=1
01-09 11:36:21.320  2909  3101 D EuiccConnector: processMsg: ConnectedState
01-09 11:36:21.320  2909  3101 D EuiccConnector: processMsg: DisconnectedState
01-09 11:36:21.320  1785  3042 W ActivityManager: Unable to start service Intent { act=grpc.io.action.BIND cmp=com.google.android.googlequicksearchbox/com.google.android.apps.search.googleapp.search.suggest.plugins.onesearch.server.OneSearchSuggestService } U=0: not found
01-09 11:36:21.320  2909  2909 D CarrierSvcBindHelper: No carrier app for: 0
01-09 11:36:21.320  2909  3101 D EuiccConnector: handleMessage: X
01-09 11:36:21.323  3591  3823 I AiAiEcho: Predicting[0]: 
01-09 11:36:21.323  3591  3823 I AiAiEcho: EchoTargets: 
01-09 11:36:21.323  3591  3823 I AiAiEcho: Filtered by AiAi flag check: 
01-09 11:36:21.323  3591  3823 I AiAiEcho: Ranked targets strategy: SORT, count: 0, ranking metadata: 
01-09 11:36:21.325  3591  3823 I AiAiEcho: #postPredictionTargets: Sending updates to UISurface home with targets# 0 (types=[])
01-09 11:36:21.325  1785  3860 V ActivityManager: Got obituary of 26472:com.driftsys.dashscene.showcase
01-09 11:36:21.326  1785  3755 I ImeTracker: com.driftsys.dashscene.showcase:ff27b526: onRequestHide at ORIGIN_SERVER_HIDE_INPUT reason HIDE_REMOVE_CLIENT
01-09 11:36:21.326  1785  3755 I ImeTracker: com.driftsys.dashscene.showcase:ff27b526: onCancelled at PHASE_SERVER_SHOULD_HIDE
01-09 11:36:21.326  1041  1041 I Zygote  : Process 26472 exited due to signal 9 (Killed)
01-09 11:36:21.326  1086  1086 I sensors-hal: [hal]batch_physical_sensor:314, android.sensor.accelerometer/11, period=200000000, max_latency=2000000000
01-09 11:36:21.326  1086  1086 I sensors-hal: [sensor]set_config:64, sample_period_ns is adjusted to 200000000 based on min/max delay_ns
01-09 11:36:21.326  1086  1086 I sensors-hal: [hal]batch_physical_sensor:323, android.sensor.accelerometer/11, period=200000000, max_latency=2000000000 request completed
01-09 11:36:21.336  1785  2100 W WindowManager: Failed to deliver inset control state change to w=Window{f9ce141 u0 com.driftsys.dashscene.showcase/com.unity3d.player.UnityPlayerActivity}
01-09 11:36:21.336  1785  2100 W WindowManager: android.os.DeadObjectException
01-09 11:36:21.336  1785  2100 W WindowManager: 	at android.os.BinderProxy.transactNative(Native Method)
01-09 11:36:21.336  1785  2100 W WindowManager: 	at android.os.BinderProxy.transact(BinderProxy.java:584)
01-09 11:36:21.336  1785  2100 W WindowManager: 	at android.view.IWindow$Stub$Proxy.insetsControlChanged(IWindow.java:479)
01-09 11:36:21.336  1785  2100 W WindowManager: 	at com.android.server.wm.WindowState.notifyInsetsControlChanged(WindowState.java:3802)
01-09 11:36:21.336  1785  2100 W WindowManager: 	at com.android.server.wm.InsetsStateController.lambda$notifyPendingInsetsControlChanged$3(InsetsStateController.java:343)
01-09 11:36:21.336  1785  2100 W WindowManager: 	at com.android.server.wm.InsetsStateController.$r8$lambda$8yykPRG1GyNq_J17QvL9d5xANMc(InsetsStateController.java:0)
01-09 11:36:21.336  1785  2100 W WindowManager: 	at com.android.server.wm.InsetsStateController$$ExternalSyntheticLambda2.run(R8$$SyntheticClass:0)
01-09 11:36:21.336  1785  2100 W WindowManager: 	at com.android.server.wm.WindowAnimator.executeAfterPrepareSurfacesRunnables(WindowAnimator.java:294)
01-09 11:36:21.336  1785  2100 W WindowManager: 	at com.android.server.wm.WindowAnimator.animate(WindowAnimator.java:202)
01-09 11:36:21.336  1785  2100 W WindowManager: 	at com.android.server.wm.WindowAnimator.lambda$new$1(WindowAnimator.java:99)
01-09 11:36:21.336  1785  2100 W WindowManager: 	at com.android.server.wm.WindowAnimator.$r8$lambda$aHNu1uhcqxihX5NZc4McDDQPAyw(WindowAnimator.java:0)
01-09 11:36:21.336  1785  2100 W WindowManager: 	at com.android.server.wm.WindowAnimator$$ExternalSyntheticLambda1.doFrame(R8$$SyntheticClass:0)
01-09 11:36:21.336  1785  2100 W WindowManager: 	at android.view.Choreographer$CallbackRecord.run(Choreographer.java:1337)
01-09 11:36:21.336  1785  2100 W WindowManager: 	at android.view.Choreographer$CallbackRecord.run(Choreographer.java:1348)
01-09 11:36:21.336  1785  2100 W WindowManager: 	at android.view.Choreographer.doCallbacks(Choreographer.java:952)
01-09 11:36:21.336  1785  2100 W WindowManager: 	at android.view.Choreographer.doFrame(Choreographer.java:878)
01-09 11:36:21.336  1785  2100 W WindowManager: 	at android.view.Choreographer$FrameDisplayEventReceiver.run(Choreographer.java:1322)
01-09 11:36:21.336  1785  2100 W WindowManager: 	at android.os.Handler.handleCallback(Handler.java:958)
01-09 11:36:21.336  1785  2100 W WindowManager: 	at android.os.Handler.dispatchMessage(Handler.java:99)
01-09 11:36:21.336  1785  2100 W WindowManager: 	at android.os.Looper.loopOnce(Looper.java:205)
01-09 11:36:21.336  1785  2100 W WindowManager: 	at android.os.Looper.loop(Looper.java:294)
01-09 11:36:21.336  1785  2100 W WindowManager: 	at android.os.HandlerThread.run(HandlerThread.java:67)
01-09 11:36:21.336  1785  2100 W WindowManager: 	at com.android.server.ServiceThread.run(ServiceThread.java:46)
01-09 11:36:21.337  1785  2542 I WindowManager: WIN DEATH: Window{f9ce141 u0 com.driftsys.dashscene.showcase/com.unity3d.player.UnityPlayerActivity}
01-09 11:36:21.337  1785  2542 W InputManager-JNI: Input channel object 'f9ce141 com.driftsys.dashscene.showcase/com.unity3d.player.UnityPlayerActivity (client)' was disposed without first being removed with the input manager!
01-09 11:36:21.342  3685  3685 D RegisteredNfcFServicesCache: Service unchanged, not updating
01-09 11:36:21.343  2830  2889 D SecureElementService: getReaders() for com.android.nfc
01-09 11:36:21.344  2992  3795 E OpenGLRenderer: Unable to match the desired swap behavior.
01-09 11:36:21.345  1086  1254 I ASH     : @ 967452.147: tcs3701: stop power rail pending_off timer
01-09 11:36:21.345  1086  1254 D ASH     : @ 967452.147: tcs3701: start power rail timer, state:3
01-09 11:36:21.352  2658  2658 I WallpaperService: engine resumed
01-09 11:36:21.354  1086  1086 I sensors-hal: [hal]batch_physical_sensor:314, android.sensor.gyroscope/41, period=20000000, max_latency=0
01-09 11:36:21.354  1086  1086 I sensors-hal: [sensor]set_config:64, sample_period_ns is adjusted to 20000000 based on min/max delay_ns
01-09 11:36:21.354  1086  1086 I sensors-hal: [hal]batch_physical_sensor:323, android.sensor.gyroscope/41, period=20000000, max_latency=0 request completed
01-09 11:36:21.355  2992 26722 E OneSearchSuggestProvider: Unable to get suggestions from AGA
01-09 11:36:21.355  2992 26722 E OneSearchSuggestProvider: io.grpc.StatusRuntimeException: UNIMPLEMENTED: bindService(Intent { act=grpc.io.action.BIND cmp=com.google.android.googlequicksearchbox/com.google.android.apps.search.googleapp.search.suggest.plugins.onesearch.server.OneSearchSuggestService }) returned false
01-09 11:36:21.355  2992 26722 E OneSearchSuggestProvider: 	at S2.d.a(Unknown Source:68)
01-09 11:36:21.355  2992 26722 E OneSearchSuggestProvider: 	at io.grpc.internal.p.b(Unknown Source:32)
01-09 11:36:21.355  2992 26722 E OneSearchSuggestProvider: 	at io.grpc.internal.p.a(Unknown Source:14)
01-09 11:36:21.355  2992 26722 E OneSearchSuggestProvider: 	at io.grpc.internal.C.run(Unknown Source:6)
01-09 11:36:21.355  2992 26722 E OneSearchSuggestProvider: 	at io.grpc.internal.y2.run(Unknown Source:18)
01-09 11:36:21.355  2992 26722 E OneSearchSuggestProvider: 	at java.util.concurrent.ThreadPoolExecutor.runWorker(ThreadPoolExecutor.java:1145)
01-09 11:36:21.355  2992 26722 E OneSearchSuggestProvider: 	at java.util.concurrent.ThreadPoolExecutor$Worker.run(ThreadPoolExecutor.java:644)
01-09 11:36:21.355  2992 26722 E OneSearchSuggestProvider: 	at java.lang.Thread.run(Thread.java:1012)
01-09 11:36:21.355  1086  1086 I sensors-hal: [hal]activate_physical_sensor:251, android.sensor.gyroscope/41 en=1
01-09 11:36:21.356  1086  1086 I sensors-hal: [ssc_utils]get_qmi_debug_flag:243, support_qmi_debug : false
01-09 11:36:21.357  2992  2992 D SearchTargetUtil:  query= size=0
01-09 11:36:21.359  1086  1086 D Diag_Lib:  Diag_LSM_Init: Failed to open handle to diag driver, error = 13
01-09 11:36:21.359  1785  2095 V WindowManager: Sent Transition #144 createdAt=01-09 11:36:21.296 via request=TransitionRequestInfo { type = CLOSE, triggerTask = TaskInfo{userId=0 taskId=86 displayId=0 isRunning=false baseIntent=Intent { flg=0x10000000 cmp=com.driftsys.dashscene.showcase/com.unity3d.player.UnityPlayerActivity } baseActivity=null topActivity=null origActivity=null realActivity=ComponentInfo{com.driftsys.dashscene.showcase/com.unity3d.player.UnityPlayerActivity} numActivities=0 lastActiveTime=967442566 supportsMultiWindow=true resizeMode=2 isResizeable=true minWidth=400 minHeight=300 defaultMinSize=220 token=WCT{RemoteToken{30f9b6a Task{d396647 #86 type=standard A=10273:com.driftsys.dashscene.showcase}}} topActivityType=1 pictureInPictureParams=null shouldDockBigOverlays=false launchIntoPipHostTaskId=-1 lastParentTaskIdBeforePip=-1 displayCutoutSafeInsets=null topActivityInfo=null launchCookies=[] positionInParent=Point(0, 0) parentTaskId=-1 isFocused=true isVisible=true isVisibleRequested=true isSleeping=false topActivityInSizeCompat=false topActivityEligibleForLetterboxEducation= false topActivityLetterboxed= false isFromDoubleTap= false topActivityLetterboxVerticalPosition= -1 topActivityLetterboxHorizontalPosition= -1 topActivityLetterboxWidth=-1 topActivityLetterboxHeight=-1 locusId=null displayAreaFeatureId=1 cameraCompatControlState=hidden}, remoteTransition = null, displayChange = null }
01-09 11:36:21.356  1086  1086 W sensors@2.0-ser: type=1400 audit(0.0:3144): avc:  denied  { read write } for  name="diag" dev="tmpfs" ino=11419 scontext=u:r:hal_sensors_default:s0 tcontext=u:object_r:diag_device:s0 tclass=chr_file permissive=0
01-09 11:36:21.359  1785  2095 V WindowManager:     startWCT=WindowContainerTransaction { changes = {} hops = [] errorCallbackToken=null taskFragmentOrganizer=null }
01-09 11:36:21.360  1785  2095 V WindowManager:     info={id=144 t=CLOSE f=0x0 trk=0 r=[0@Point(0, 0)] c=[{WCT{RemoteToken{30f9b6a Task{d396647 #86 type=standard A=10273:com.driftsys.dashscene.showcase}}} m=CLOSE f=NONE leash=Surface(name=Task=86)/@0x6a8675e sb=Rect(0, 0 - 1080, 2340) eb=Rect(0, 0 - 1080, 2340) d=0},{WCT{RemoteToken{b323a89 Task{bfe9da4 #1 type=home}}} m=TO_FRONT f=SHOW_WALLPAPER leash=Surface(name=Task=1)/@0xbe01ecc sb=Rect(0, 0 - 1080, 2340) eb=Rect(0, 0 - 1080, 2340) d=0},{null m=TO_FRONT f=IS_WALLPAPER leash=Surface(name=WallpaperWindowToken{a967929 token=android.os.Binder@38f29f3})/@0xd28701e sb=Rect(0, 0 - 1080, 2340) eb=Rect(0, 0 - 1080, 2340) d=0}]}
01-09 11:36:21.360  1086  1086 D Diag_Lib:  Diag_LSM_Init: Failed to open handle to diag driver, error = 13
01-09 11:36:21.360  1086  1086 I sensors-hal: [ssc_sensor]update_handle:560, handle=331, type=33, wakeup=0, hwid=0, base=331
01-09 11:36:21.360  1086  1086 I sensors-hal: [sensor]set_config:64, sample_period_ns is adjusted to 1000000000 based on min/max delay_ns
01-09 11:36:21.360  1086  1086 I sensors-hal: [ssc_utils]get_qmi_debug_flag:243, support_qmi_debug : false
01-09 11:36:21.360  2565  2589 V WindowManagerShell: onTransitionReady android.os.BinderProxy@f3a2e09: {id=144 t=CLOSE f=0x0 trk=0 r=[0@Point(0, 0)] c=[{WCT{android.window.IWindowContainerToken$Stub$Proxy@29a3428} m=CLOSE f=NONE leash=Surface(name=Task=86)/@0xf5a503c sb=Rect(0, 0 - 1080, 2340) eb=Rect(0, 0 - 1080, 2340) d=0},{WCT{android.window.IWindowContainerToken$Stub$Proxy@67c9541} m=TO_FRONT f=SHOW_WALLPAPER leash=Surface(name=Task=1)/@0x84ea1c5 sb=Rect(0, 0 - 1080, 2340) eb=Rect(0, 0 - 1080, 2340) d=0},{null m=TO_FRONT f=IS_WALLPAPER leash=Surface(name=WallpaperWindowToken{a967929 token=android.os.Binder@38f29f3})/@0x223171a sb=Rect(0, 0 - 1080, 2340) eb=Rect(0, 0 - 1080, 2340) d=0}]}
01-09 11:36:21.360  2565  2589 V WindowManagerShell: Playing animation for (#144)android.os.BinderProxy@f3a2e09@0
01-09 11:36:21.356  1086  1086 W sensors@2.0-ser: type=1400 audit(0.0:3145): avc:  denied  { read write } for  name="diag" dev="tmpfs" ino=11419 scontext=u:r:hal_sensors_default:s0 tcontext=u:object_r:diag_device:s0 tclass=chr_file permissive=0
01-09 11:36:21.360  2565  2589 V WindowManagerShell:  try handler com.android.wm.shell.transition.DefaultMixedHandler@83c3803
01-09 11:36:21.360  2565  2589 V WindowManagerShell:  try handler com.android.wm.shell.keyguard.KeyguardTransitionHandler@6f380
01-09 11:36:21.360  2565  2589 V WindowManagerShell:  try handler com.android.wm.shell.activityembedding.ActivityEmbeddingController@626ddb9
01-09 11:36:21.360  2565  2589 V WindowManagerShell:  try handler com.android.wm.shell.recents.RecentsTransitionHandler@c30f5fe
01-09 11:36:21.360  2565  2589 V ShellRecents: RecentsTransitionHandler.startAnimation: no controller found
01-09 11:36:21.360  2565  2589 V WindowManagerShell:  try handler com.android.wm.shell.pip.PipTransition@c40515f
01-09 11:36:21.360  2565  2589 V WindowManagerShell:  try handler com.android.wm.shell.splitscreen.StageCoordinator@ea7c7ac
01-09 11:36:21.360  2565  2589 V WindowManagerShell:  try handler com.android.wm.shell.transition.RemoteTransitionHandler@74e9c75
01-09 11:36:21.361  2565  2589 V WindowManagerShell: Transition doesn't have explicit remote, search filters for match for {id=144 t=CLOSE f=0x0 trk=0 r=[0@Point(0, 0)] c=[{WCT{android.window.IWindowContainerToken$Stub$Proxy@29a3428} m=CLOSE f=NONE leash=Surface(name=Task=86)/@0xf5a503c sb=Rect(0, 0 - 1080, 2340) eb=Rect(0, 0 - 1080, 2340) d=0},{WCT{android.window.IWindowContainerToken$Stub$Proxy@67c9541} m=TO_FRONT f=SHOW_WALLPAPER leash=Surface(name=Task=1)/@0x84ea1c5 sb=Rect(0, 0 - 1080, 2340) eb=Rect(0, 0 - 1080, 2340) d=0},{null m=TO_FRONT f=IS_WALLPAPER leash=Surface(name=WallpaperWindowToken{a967929 token=android.os.Binder@38f29f3})/@0x223171a sb=Rect(0, 0 - 1080, 2340) eb=Rect(0, 0 - 1080, 2340) d=0}]}
01-09 11:36:21.361  2565  2589 V WindowManagerShell:  Checking filter Pair{{types=[] flags=0x0] notFlags=0x0 checks=[{atype=dream independent=true modes=[OPEN,TO_FRONT] flags=NONE mustBeTask=false order=ANY topActivity=null},{atype=home independent=true modes=[CLOSE,TO_BACK] flags=NONE mustBeTask=false order=ANY topActivity=null}]} RemoteTransition { remoteTransition = android.window.IRemoteTransition$Stub$Proxy@7a2740a, appThread = android.app.IApplicationThread$Stub$Proxy@942a47b, debugName = LauncherToDream }}
01-09 11:36:21.361  2565  2589 V WindowManagerShell:  Checking filter Pair{{types=[] flags=0x0] notFlags=0x100 checks=[{atype=home independent=true modes=[OPEN,TO_FRONT] flags=NONE mustBeTask=false order=TOP topActivity=ComponentInfo{com.google.android.apps.nexuslauncher/com.google.android.apps.nexuslauncher.NexusLauncherActivity}},{atype=standard independent=true modes=[CLOSE,TO_BACK] flags=NONE mustBeTask=false order=ANY topActivity=null}]} RemoteTransition { remoteTransition = android.window.IRemoteTransition$Stub$Proxy@19fb298, appThread = android.app.IApplicationThread$Stub$Proxy@2f98af1, debugName = QuickstepLaunchHome }}
01-09 11:36:21.361  2565  2589 V WindowManagerShell:  Delegate animation for #144 to null
01-09 11:36:21.361  2565  2589 V WindowManagerShell:  try handler com.android.wm.shell.transition.DefaultTransitionHandler@3fbc6d6
01-09 11:36:21.361  2565  2589 V WindowManagerShell: start default transition animation, info = {id=144 t=CLOSE f=0x0 trk=0 r=[0@Point(0, 0)] c=[{WCT{android.window.IWindowContainerToken$Stub$Proxy@29a3428} m=CLOSE f=NONE leash=Surface(name=Task=86)/@0xf5a503c sb=Rect(0, 0 - 1080, 2340) eb=Rect(0, 0 - 1080, 2340) d=0},{WCT{android.window.IWindowContainerToken$Stub$Proxy@67c9541} m=TO_FRONT f=SHOW_WALLPAPER leash=Surface(name=Task=1)/@0x84ea1c5 sb=Rect(0, 0 - 1080, 2340) eb=Rect(0, 0 - 1080, 2340) d=0},{null m=TO_FRONT f=IS_WALLPAPER leash=Surface(name=WallpaperWindowToken{a967929 token=android.os.Binder@38f29f3})/@0x223171a sb=Rect(0, 0 - 1080, 2340) eb=Rect(0, 0 - 1080, 2340) d=0}]}
01-09 11:36:21.361  2565  2589 V WindowManagerShell: loadAnimation: anim=android.view.animation.AnimationSet@3e06827 animAttr=0x10 type=CLOSE isEntrance=true
01-09 11:36:21.362  2565  2589 V WindowManagerShell: loadAnimation: anim=android.view.animation.AnimationSet@c356f72 animAttr=0x11 type=CLOSE isEntrance=false
01-09 11:36:21.362  1086  1086 I sensors-hal: [ssc_utils]get_qmi_debug_flag:243, support_qmi_debug : false
01-09 11:36:21.363  1086 26728 I sensors-hal: [ssc_sensor]ssc_conn_resp_cb:686, resp_value = 0
01-09 11:36:21.363  2565  2589 V WindowManagerShell:  animated by com.android.wm.shell.transition.DefaultTransitionHandler@3fbc6d6
01-09 11:36:21.368  1086  1086 I sensors-hal: [hal]activate_physical_sensor:262, android.sensor.gyroscope/41 en=1 completed
01-09 11:36:21.368  1086 26730 I sensors-hal: [ssc_sensor]ssc_conn_resp_cb:686, resp_value = 0
01-09 11:36:21.371  1785  6894 W ActivityTaskManager: callingPackage for (uid=2000, pid=26725) has no WPC
01-09 11:36:21.371  1785  2542 I ImeTracker: com.google.android.apps.nexuslauncher:42702f2c: onRequestHide at ORIGIN_SERVER_HIDE_INPUT reason HIDE_UNSPECIFIED_WINDOW
01-09 11:36:21.371  1785  2542 I ImeTracker: com.google.android.apps.nexuslauncher:42702f2c: onCancelled at PHASE_SERVER_SHOULD_HIDE
01-09 11:36:21.377  1785  6894 D CompatibilityChangeReporter: Compat change id reported: 184838306; UID 10273; state: DISABLED
01-09 11:36:21.377  1785  6894 D CompatibilityChangeReporter: Compat change id reported: 185004937; UID 10273; state: DISABLED
01-09 11:36:21.379  1785  6894 D CompatibilityChangeReporter: Compat change id reported: 205907456; UID 10273; state: ENABLED
01-09 11:36:21.382  2565  2589 V WindowManagerShell: Transition requested: android.os.BinderProxy@a70351f TransitionRequestInfo { type = OPEN, triggerTask = TaskInfo{userId=0 taskId=87 displayId=0 isRunning=true baseIntent=Intent { flg=0x10000000 cmp=com.driftsys.dashscene.showcase/com.unity3d.player.UnityPlayerActivity } baseActivity=ComponentInfo{com.driftsys.dashscene.showcase/com.unity3d.player.UnityPlayerActivity} topActivity=ComponentInfo{com.driftsys.dashscene.showcase/com.unity3d.player.UnityPlayerActivity} origActivity=null realActivity=ComponentInfo{com.driftsys.dashscene.showcase/com.unity3d.player.UnityPlayerActivity} numActivities=1 lastActiveTime=967449327 supportsMultiWindow=true resizeMode=2 isResizeable=true minWidth=400 minHeight=300 defaultMinSize=220 token=WCT{android.window.IWindowContainerToken$Stub$Proxy@6f0406c} topActivityType=1 pictureInPictureParams=null shouldDockBigOverlays=false launchIntoPipHostTaskId=-1 lastParentTaskIdBeforePip=-1 displayCutoutSafeInsets=Rect(0, 136 - 0, 0) topActivityInfo=ActivityInfo{7748635 com.unity3d.player.UnityPlayerActivity} launchCookies=[] positionInParent=Point(0, 0) parentTaskId=-1 isFocused=false isVisible=false isVisibleRequested=false isSleeping=false topActivityInSizeCompat=false topActivityEligibleForLetterboxEducation= false topActivityLetterboxed= false isFromDoubleTap= false topActivityLetterboxVerticalPosition= -1 topActivityLetterboxHorizontalPosition= -1 topActivityLetterboxWidth=-1 topActivityLetterboxHeight=-1 locusId=null displayAreaFeatureId=1 cameraCompatControlState=hidden}, remoteTransition = null, displayChange = null }
01-09 11:36:21.382  2565  2602 W Parcel  : Expecting binder but got null!
01-09 11:36:21.384  1785  6894 I ActivityTaskManager: START u0 {flg=0x10000000 cmp=com.driftsys.dashscene.showcase/com.unity3d.player.UnityPlayerActivity} with LAUNCH_SINGLE_TASK from uid 2000 (BAL_ALLOW_PERMISSION) result code=0
01-09 11:36:21.385  1086  1254 I ASH     : @ 967452.187: tcs3701: stop power rail pending_off timer
01-09 11:36:21.385  1086  1254 D ASH     : @ 967452.187: tcs3701: start power rail timer, state:3
01-09 11:36:21.386  3450  3450 I GoogleInputMethodService: GoogleInputMethodService.onFinishInput():3227 
01-09 11:36:21.387  3450  3450 I GoogleInputMethodService: GoogleInputMethodService.updateDeviceLockedStatus():2087 repeatCheckTimes = 0, unlocked = true
01-09 11:36:21.387  3450  3450 I GoogleInputMethodService: GoogleInputMethodService.onStartInput():1877 onStartInput(EditorInfo{inputType=0x0(NULL) imeOptions=0x0 privateImeOptions=null actionName=UNSPECIFIED actionLabel=null actionId=0 initialSelStart=-1 initialSelEnd=-1 initialCapsMode=0x0 hintText=null label=null packageName=com.google.android.apps.nexuslauncher fieldId=0 fieldName=null extras=null}, false)
01-09 11:36:21.387  3450  3450 I GoogleInputMethodService: GoogleInputMethodService.shouldHideHeaderOnInitialState():4008 ShouldHideHeaderOnInitialState = false
01-09 11:36:21.387  3450  3450 I GoogleInputMethodService: GoogleInputMethodService.updateDeviceLockedStatus():2087 repeatCheckTimes = 2, unlocked = true
01-09 11:36:21.391  1785  2100 W WindowManager: Failed to deliver inset control state change to w=Window{f9ce141 u0 com.driftsys.dashscene.showcase/com.unity3d.player.UnityPlayerActivity EXITING}
01-09 11:36:21.391  1785  2100 W WindowManager: android.os.DeadObjectException
01-09 11:36:21.391  1785  2100 W WindowManager: 	at android.os.BinderProxy.transactNative(Native Method)
01-09 11:36:21.391  1785  2100 W WindowManager: 	at android.os.BinderProxy.transact(BinderProxy.java:584)
01-09 11:36:21.391  1785  2100 W WindowManager: 	at android.view.IWindow$Stub$Proxy.insetsControlChanged(IWindow.java:479)
01-09 11:36:21.391  1785  2100 W WindowManager: 	at com.android.server.wm.WindowState.notifyInsetsControlChanged(WindowState.java:3802)
01-09 11:36:21.391  1785  2100 W WindowManager: 	at com.android.server.wm.InsetsStateController.lambda$notifyPendingInsetsControlChanged$3(InsetsStateController.java:343)
01-09 11:36:21.391  1785  2100 W WindowManager: 	at com.android.server.wm.InsetsStateController.$r8$lambda$8yykPRG1GyNq_J17QvL9d5xANMc(InsetsStateController.java:0)
01-09 11:36:21.391  1785  2100 W WindowManager: 	at com.android.server.wm.InsetsStateController$$ExternalSyntheticLambda2.run(R8$$SyntheticClass:0)
01-09 11:36:21.391  1785  2100 W WindowManager: 	at com.android.server.wm.WindowAnimator.executeAfterPrepareSurfacesRunnables(WindowAnimator.java:294)
01-09 11:36:21.391  1785  2100 W WindowManager: 	at com.android.server.wm.RootWindowContainer.performSurfacePlacementNoTrace(RootWindowContainer.java:811)
01-09 11:36:21.391  1785  2100 W WindowManager: 	at com.android.server.wm.RootWindowContainer.performSurfacePlacement(RootWindowContainer.java:756)
01-09 11:36:21.391  1785  2100 W WindowManager: 	at com.android.server.wm.WindowSurfacePlacer.performSurfacePlacementLoop(WindowSurfacePlacer.java:177)
01-09 11:36:21.391  1785  2100 W WindowManager: 	at com.android.server.wm.WindowSurfacePlacer.performSurfacePlacement(WindowSurfacePlacer.java:126)
01-09 11:36:21.391  1785  2100 W WindowManager: 	at com.android.server.wm.WindowSurfacePlacer.performSurfacePlacement(WindowSurfacePlacer.java:115)
01-09 11:36:21.391  1785  2100 W WindowManager: 	at com.android.server.wm.WindowSurfacePlacer$Traverser.run(WindowSurfacePlacer.java:57)
01-09 11:36:21.391  1785  2100 W WindowManager: 	at android.os.Handler.handleCallback(Handler.java:958)
01-09 11:36:21.391  1785  2100 W WindowManager: 	at android.os.Handler.dispatchMessage(Handler.java:99)
01-09 11:36:21.391  1785  2100 W WindowManager: 	at android.os.Looper.loopOnce(Looper.java:205)
01-09 11:36:21.391  1785  2100 W WindowManager: 	at android.os.Looper.loop(Looper.java:294)
01-09 11:36:21.391  1785  2100 W WindowManager: 	at android.os.HandlerThread.run(HandlerThread.java:67)
01-09 11:36:21.391  1785  2100 W WindowManager: 	at com.android.server.ServiceThread.run(ServiceThread.java:46)
01-09 11:36:21.392  1785  2098 D CompatibilityChangeReporter: Compat change id reported: 135634846; UID 10273; state: DISABLED
01-09 11:36:21.392  1785  2098 D CompatibilityChangeReporter: Compat change id reported: 177438394; UID 10273; state: DISABLED
01-09 11:36:21.392  1785  2098 D CompatibilityChangeReporter: Compat change id reported: 135772972; UID 10273; state: DISABLED
01-09 11:36:21.392  1785  2098 D CompatibilityChangeReporter: Compat change id reported: 135754954; UID 10273; state: ENABLED
01-09 11:36:21.393  1785  2125 D CompatibilityChangeReporter: Compat change id reported: 143937733; UID 10273; state: ENABLED
01-09 11:36:21.403  1041  1041 D Zygote  : Forked child process 26733
01-09 11:36:21.403  1785  2125 I ActivityManager: Start proc 26733:com.driftsys.dashscene.showcase/u0a273 for next-top-activity {com.driftsys.dashscene.showcase/com.unity3d.player.UnityPlayerActivity}
01-09 11:36:21.408 26733 26733 I hscene.showcase: Using CollectorTypeCC GC.
01-09 11:36:21.411 26733 26733 E hscene.showcase: Not starting debugger since process cannot load the jdwp agent.
01-09 11:36:21.414   665   704 I BpBinder: onLastStrongRef automatically unlinking death recipients: 
01-09 11:36:21.415  2565  2599 E OpenGLRenderer: Unable to match the desired swap behavior.
01-09 11:36:21.415  1785  2100 W WindowManager: Failed to deliver inset control state change to w=Window{f9ce141 u0 com.driftsys.dashscene.showcase/com.unity3d.player.UnityPlayerActivity EXITING}
01-09 11:36:21.415  1785  2100 W WindowManager: android.os.DeadObjectException
01-09 11:36:21.415  1785  2100 W WindowManager: 	at android.os.BinderProxy.transactNative(Native Method)
01-09 11:36:21.415  1785  2100 W WindowManager: 	at android.os.BinderProxy.transact(BinderProxy.java:584)
01-09 11:36:21.415  1785  2100 W WindowManager: 	at android.view.IWindow$Stub$Proxy.insetsControlChanged(IWindow.java:479)
01-09 11:36:21.415  1785  2100 W WindowManager: 	at com.android.server.wm.WindowState.notifyInsetsControlChanged(WindowState.java:3802)
01-09 11:36:21.415  1785  2100 W WindowManager: 	at com.android.server.wm.InsetsStateController.lambda$notifyPendingInsetsControlChanged$3(InsetsStateController.java:343)
01-09 11:36:21.415  1785  2100 W WindowManager: 	at com.android.server.wm.InsetsStateController.$r8$lambda$8yykPRG1GyNq_J17QvL9d5xANMc(InsetsStateController.java:0)
01-09 11:36:21.415  1785  2100 W WindowManager: 	at com.android.server.wm.InsetsStateController$$ExternalSyntheticLambda2.run(R8$$SyntheticClass:0)
01-09 11:36:21.415  1785  2100 W WindowManager: 	at com.android.server.wm.WindowAnimator.executeAfterPrepareSurfacesRunnables(WindowAnimator.java:294)
01-09 11:36:21.415  1785  2100 W WindowManager: 	at com.android.server.wm.WindowAnimator.animate(WindowAnimator.java:202)
01-09 11:36:21.415  1785  2100 W WindowManager: 	at com.android.server.wm.WindowAnimator.lambda$new$1(WindowAnimator.java:99)
01-09 11:36:21.415  1785  2100 W WindowManager: 	at com.android.server.wm.WindowAnimator.$r8$lambda$aHNu1uhcqxihX5NZc4McDDQPAyw(WindowAnimator.java:0)
01-09 11:36:21.415  1785  2100 W WindowManager: 	at com.android.server.wm.WindowAnimator$$ExternalSyntheticLambda1.doFrame(R8$$SyntheticClass:0)
01-09 11:36:21.415  1785  2100 W WindowManager: 	at android.view.Choreographer$CallbackRecord.run(Choreographer.java:1337)
01-09 11:36:21.415  1785  2100 W WindowManager: 	at android.view.Choreographer$CallbackRecord.run(Choreographer.java:1348)
01-09 11:36:21.415  1785  2100 W WindowManager: 	at android.view.Choreographer.doCallbacks(Choreographer.java:952)
01-09 11:36:21.415  1785  2100 W WindowManager: 	at android.view.Choreographer.doFrame(Choreographer.java:878)
01-09 11:36:21.415  1785  2100 W WindowManager: 	at android.view.Choreographer$FrameDisplayEventReceiver.run(Choreographer.java:1322)
01-09 11:36:21.415  1785  2100 W WindowManager: 	at android.os.Handler.handleCallback(Handler.java:958)
01-09 11:36:21.415  1785  2100 W WindowManager: 	at android.os.Handler.dispatchMessage(Handler.java:99)
01-09 11:36:21.415  1785  2100 W WindowManager: 	at android.os.Looper.loopOnce(Looper.java:205)
01-09 11:36:21.415  1785  2100 W WindowManager: 	at android.os.Looper.loop(Looper.java:294)
01-09 11:36:21.415  1785  2100 W WindowManager: 	at android.os.HandlerThread.run(HandlerThread.java:67)
01-09 11:36:21.415  1785  2100 W WindowManager: 	at com.android.server.ServiceThread.run(ServiceThread.java:46)
01-09 11:36:21.424  1086  1254 I ASH     : @ 967452.227: tcs3701: stop power rail pending_off timer
01-09 11:36:21.424  1086  1254 D ASH     : @ 967452.227: tcs3701: start power rail timer, state:3
01-09 11:36:21.426 26733 26733 D CompatibilityChangeReporter: Compat change id reported: 171979766; UID 10273; state: ENABLED
01-09 11:36:21.426 26733 26733 D CompatibilityChangeReporter: Compat change id reported: 242716250; UID 10273; state: ENABLED
01-09 11:36:21.427  1785  2096 V GameManagerService: Game power mode ON (process state was changed to foreground)
01-09 11:36:21.427  1785  3042 D CompatibilityChangeReporter: Compat change id reported: 170503758; UID 10273; state: ENABLED
01-09 11:36:21.430 26733 26733 D nativeloader: Configuring clns-4 for other apk /data/app/~~oEU8viRz7TkF5ixV7iY-uA==/com.driftsys.dashscene.showcase-pX_QHPMS2-fHUMbXXhEXwA==/base.apk. target_sdk_version=36, uses_libraries=, library_path=/data/app/~~oEU8viRz7TkF5ixV7iY-uA==/com.driftsys.dashscene.showcase-pX_QHPMS2-fHUMbXXhEXwA==/lib/arm64:/data/app/~~oEU8viRz7TkF5ixV7iY-uA==/com.driftsys.dashscene.showcase-pX_QHPMS2-fHUMbXXhEXwA==/base.apk!/lib/arm64-v8a, permitted_path=/data:/mnt/expand:/data/user/0/com.driftsys.dashscene.showcase
01-09 11:36:21.435 26733 26733 V GraphicsEnvironment: Currently set values for:
01-09 11:36:21.435 26733 26733 V GraphicsEnvironment:   angle_gl_driver_selection_pkgs=[]
01-09 11:36:21.435 26733 26733 V GraphicsEnvironment:   angle_gl_driver_selection_values=[]
01-09 11:36:21.435 26733 26733 V GraphicsEnvironment: ANGLE GameManagerService for com.driftsys.dashscene.showcase: false
01-09 11:36:21.435 26733 26733 V GraphicsEnvironment: com.driftsys.dashscene.showcase is not listed in per-application setting
01-09 11:36:21.435 26733 26733 V GraphicsEnvironment: Updatable production driver is not supported on the device.
01-09 11:36:21.437  1785  2095 V WindowManager: Sent Transition #145 createdAt=01-09 11:36:21.373 via request=TransitionRequestInfo { type = OPEN, triggerTask = TaskInfo{userId=0 taskId=87 displayId=0 isRunning=true baseIntent=Intent { flg=0x10000000 cmp=com.driftsys.dashscene.showcase/com.unity3d.player.UnityPlayerActivity } baseActivity=ComponentInfo{com.driftsys.dashscene.showcase/com.unity3d.player.UnityPlayerActivity} topActivity=ComponentInfo{com.driftsys.dashscene.showcase/com.unity3d.player.UnityPlayerActivity} origActivity=null realActivity=ComponentInfo{com.driftsys.dashscene.showcase/com.unity3d.player.UnityPlayerActivity} numActivities=1 lastActiveTime=967449327 supportsMultiWindow=true resizeMode=2 isResizeable=true minWidth=400 minHeight=300 defaultMinSize=220 token=WCT{RemoteToken{d84579e Task{dd3b2a2 #87 type=standard A=10273:com.driftsys.dashscene.showcase}}} topActivityType=1 pictureInPictureParams=null shouldDockBigOverlays=false launchIntoPipHostTaskId=-1 lastParentTaskIdBeforePip=-1 displayCutoutSafeInsets=Rect(0, 136 - 0, 0) topActivityInfo=ActivityInfo{63fa27f com.unity3d.player.UnityPlayerActivity} launchCookies=[] positionInParent=Point(0, 0) parentTaskId=-1 isFocused=false isVisible=false isVisibleRequested=false isSleeping=false topActivityInSizeCompat=false topActivityEligibleForLetterboxEducation= false topActivityLetterboxed= false isFromDoubleTap= false topActivityLetterboxVerticalPosition= -1 topActivityLetterboxHorizontalPosition= -1 topActivityLetterboxWidth=-1 topActivityLetterboxHeight=-1 locusId=null displayAreaFeatureId=1 cameraCompatControlState=hidden}, remoteTransition = null, displayChange = null }
01-09 11:36:21.437  1785  3970 I ActivityManager: Flag disabled. Ignoring finishAttachApplication from uid: 10273. pid: 26733
01-09 11:36:21.437  2565  2589 V WindowManagerShell: onTransitionReady android.os.BinderProxy@a70351f: {id=145 t=OPEN f=0x0 trk=0 r=[0@Point(0, 0)] c=[{WCT{android.window.IWindowContainerToken$Stub$Proxy@e57256e} m=OPEN f=NONE leash=Surface(name=Task=87)/@0x49bfb3 sb=Rect(0, 0 - 1080, 2340) eb=Rect(0, 0 - 1080, 2340) d=0},{WCT{android.window.IWindowContainerToken$Stub$Proxy@996a40f} m=TO_BACK f=SHOW_WALLPAPER leash=Surface(name=Task=1)/@0xf415970 sb=Rect(0, 0 - 1080, 2340) eb=Rect(0, 0 - 1080, 2340) d=0}]}
01-09 11:36:21.437  1785  2095 V WindowManager:     startWCT=WindowContainerTransaction { changes = {} hops = [] errorCallbackToken=null taskFragmentOrganizer=null }
01-09 11:36:21.437  1785  2095 V WindowManager:     info={id=145 t=OPEN f=0x0 trk=0 r=[0@Point(0, 0)] c=[{WCT{RemoteToken{d84579e Task{dd3b2a2 #87 type=standard A=10273:com.driftsys.dashscene.showcase}}} m=OPEN f=NONE leash=Surface(name=Task=87)/@0x202b723 sb=Rect(0, 0 - 1080, 2340) eb=Rect(0, 0 - 1080, 2340) d=0},{WCT{RemoteToken{b323a89 Task{bfe9da4 #1 type=home}}} m=TO_BACK f=SHOW_WALLPAPER leash=Surface(name=Task=1)/@0xbe01ecc sb=Rect(0, 0 - 1080, 2340) eb=Rect(0, 0 - 1080, 2340) d=0}]}
01-09 11:36:21.438  2565  2589 V WindowManagerShell: Transition (#145)android.os.BinderProxy@a70351f@0 ready while (#144)android.os.BinderProxy@f3a2e09@0 is still animating. Notify the animating transition in case they can be merged
01-09 11:36:21.439  2565  2589 V WindowManagerShell: Transition animation finished (aborted=false), notifying core (#144)android.os.BinderProxy@f3a2e09@0
01-09 11:36:21.440  1785  2095 V WindowManager: Finish Transition #144: created at 01-09 11:36:21.296 collect-started=0.09ms request-sent=0.24ms started=6.982ms ready=6.934ms sent=62.384ms finished=143.923ms
01-09 11:36:21.441  1785  3970 W WindowManager: Exception thrown during dispatchAppVisibility Window{f9ce141 u0 com.driftsys.dashscene.showcase/com.unity3d.player.UnityPlayerActivity EXITING}
01-09 11:36:21.441  1785  3970 W WindowManager: android.os.DeadObjectException
01-09 11:36:21.441  1785  3970 W WindowManager: 	at android.os.BinderProxy.transactNative(Native Method)
01-09 11:36:21.441  1785  3970 W WindowManager: 	at android.os.BinderProxy.transact(BinderProxy.java:584)
01-09 11:36:21.441  1785  3970 W WindowManager: 	at android.view.IWindow$Stub$Proxy.dispatchAppVisibility(IWindow.java:546)
01-09 11:36:21.441  1785  3970 W WindowManager: 	at com.android.server.wm.WindowState.sendAppVisibilityToClients(WindowState.java:3271)
01-09 11:36:21.441  1785  3970 W WindowManager: 	at com.android.server.wm.WindowContainer.sendAppVisibilityToClients(WindowContainer.java:1221)
01-09 11:36:21.441  1785  3970 W WindowManager: 	at com.android.server.wm.WindowToken.setClientVisible(WindowToken.java:409)
01-09 11:36:21.441  1785  3970 W WindowManager: 	at com.android.server.wm.ActivityRecord.setClientVisible(ActivityRecord.java:6946)
01-09 11:36:21.441  1785  3970 W WindowManager: 	at com.android.server.wm.ActivityRecord.postApplyAnimation(ActivityRecord.java:5637)
01-09 11:36:21.441  1785  3970 W WindowManager: 	at com.android.server.wm.ActivityRecord.commitVisibility(ActivityRecord.java:5580)
01-09 11:36:21.441  1785  3970 W WindowManager: 	at com.android.server.wm.Transition.finishTransition(Transition.java:1151)
01-09 11:36:21.441  1785  3970 W WindowManager: 	at com.android.server.wm.TransitionController.finishTransition(TransitionController.java:875)
01-09 11:36:21.441  1785  3970 W WindowManager: 	at com.android.server.wm.WindowOrganizerController.finishTransition(WindowOrganizerController.java:396)
01-09 11:36:21.441  1785  3970 W WindowManager: 	at android.window.IWindowOrganizerController$Stub.onTransact(IWindowOrganizerController.java:286)
01-09 11:36:21.441  1785  3970 W WindowManager: 	at com.android.server.wm.WindowOrganizerController.onTransact(WindowOrganizerController.java:181)
01-09 11:36:21.441  1785  3970 W WindowManager: 	at android.os.Binder.execTransactInternal(Binder.java:1339)
01-09 11:36:21.441  1785  3970 W WindowManager: 	at android.os.Binder.execTransact(Binder.java:1275)
01-09 11:36:21.441  1785  3970 I Process : Sending signal. PID: 26472 SIG: 9
01-09 11:36:21.447  1785  3970 W WindowManager: Failed to deliver inset control state change to w=Window{f9ce141 u0 com.driftsys.dashscene.showcase/com.unity3d.player.UnityPlayerActivity EXITING}
01-09 11:36:21.447  1785  3970 W WindowManager: android.os.DeadObjectException
01-09 11:36:21.447  1785  3970 W WindowManager: 	at android.os.BinderProxy.transactNative(Native Method)
01-09 11:36:21.447  1785  3970 W WindowManager: 	at android.os.BinderProxy.transact(BinderProxy.java:584)
01-09 11:36:21.447  1785  3970 W WindowManager: 	at android.view.IWindow$Stub$Proxy.insetsControlChanged(IWindow.java:479)
01-09 11:36:21.447  1785  3970 W WindowManager: 	at com.android.server.wm.WindowState.notifyInsetsControlChanged(WindowState.java:3802)
01-09 11:36:21.447  1785  3970 W WindowManager: 	at com.android.server.wm.InsetsStateController.lambda$notifyPendingInsetsControlChanged$3(InsetsStateController.java:343)
01-09 11:36:21.447  1785  3970 W WindowManager: 	at com.android.server.wm.InsetsStateController.$r8$lambda$8yykPRG1GyNq_J17QvL9d5xANMc(InsetsStateController.java:0)
01-09 11:36:21.447  1785  3970 W WindowManager: 	at com.android.server.wm.InsetsStateController$$ExternalSyntheticLambda2.run(R8$$SyntheticClass:0)
01-09 11:36:21.447  1785  3970 W WindowManager: 	at com.android.server.wm.WindowAnimator.executeAfterPrepareSurfacesRunnables(WindowAnimator.java:294)
01-09 11:36:21.447  1785  3970 W WindowManager: 	at com.android.server.wm.RootWindowContainer.performSurfacePlacementNoTrace(RootWindowContainer.java:811)
01-09 11:36:21.447  1785  3970 W WindowManager: 	at com.android.server.wm.RootWindowContainer.performSurfacePlacement(RootWindowContainer.java:756)
01-09 11:36:21.447  1785  3970 W WindowManager: 	at com.android.server.wm.WindowSurfacePlacer.performSurfacePlacementLoop(WindowSurfacePlacer.java:177)
01-09 11:36:21.447  1785  3970 W WindowManager: 	at com.android.server.wm.WindowSurfacePlacer.performSurfacePlacement(WindowSurfacePlacer.java:126)
01-09 11:36:21.447  1785  3970 W WindowManager: 	at com.android.server.wm.WindowSurfacePlacer.performSurfacePlacement(WindowSurfacePlacer.java:115)
01-09 11:36:21.447  1785  3970 W WindowManager: 	at com.android.server.wm.WindowState.setupWindowForRemoveOnExit(WindowState.java:2538)
01-09 11:36:21.447  1785  3970 W WindowManager: 	at com.android.server.wm.WindowState.removeIfPossible(WindowState.java:2498)
01-09 11:36:21.447  1785  3970 W WindowManager: 	at com.android.server.wm.WindowToken.removeAllWindowsIfPossible(WindowToken.java:249)
01-09 11:36:21.447  1785  3970 W WindowManager: 	at com.android.server.wm.ActivityRecord.removeIfPossible(ActivityRecord.java:4259)
01-09 11:36:21.447  1785  3970 W WindowManager: 	at com.android.server.wm.ActivityRecord.handleCompleteDeferredRemoval(ActivityRecord.java:4266)
01-09 11:36:21.447  1785  3970 W WindowManager: 	at com.android.server.wm.WindowContainer.handleCompleteDeferredRemoval(WindowContainer.java:1396)
01-09 11:36:21.447  1785  3970 W WindowManager: 	at com.android.server.wm.TaskFragment.handleCompleteDeferredRemoval(TaskFragment.java:2844)
01-09 11:36:21.447  1785  3970 W WindowManager: 	at com.android.server.wm.WindowContainer.handleCompleteDeferredRemoval(WindowContainer.java:1396)
01-09 11:36:21.447  1785  3970 W WindowManager: 	at com.android.server.wm.WindowContainer.handleCompleteDeferredRemoval(WindowContainer.java:1396)
01-09 11:36:21.447  1785  3970 W WindowManager: 	at com.android.server.wm.WindowContainer.handleCompleteDeferredRemoval(WindowContainer.java:1396)
01-09 11:36:21.447  1785  3970 W WindowManager: 	at com.android.server.wm.WindowContainer.handleCompleteDeferredRemoval(WindowContainer.java:1396)
01-09 11:36:21.447  1785  3970 W WindowManager: 	at com.android.server.wm.WindowContainer.handleCompleteDeferredRemoval(WindowContainer.java:1396)
01-09 11:36:21.447  1785  3970 W WindowManager: 	at com.android.server.wm.WindowContainer.handleCompleteDeferredRemoval(WindowContainer.java:1396)
01-09 11:36:21.447  1785  3970 W WindowManager: 	at com.android.server.wm.DisplayContent.handleCompleteDeferredRemoval(DisplayContent.java:3382)
01-09 11:36:21.447  1785  3970 W WindowManager: 	at com.android.server.wm.Transition.finishTransition(Transition.java:1322)
01-09 11:36:21.447  1785  3970 W WindowManager: 	at com.android.server.wm.TransitionController.finishTransition(TransitionController.java:875)
01-09 11:36:21.447  1785  3970 W WindowManager: 	at com.android.server.wm.WindowOrganizerController.finishTransition(WindowOrganizerController.java:396)
01-09 11:36:21.447  1785  3970 W WindowManager: 	at android.window.IWindowOrganizerController$Stub.onTransact(IWindowOrganizerController.java:286)
01-09 11:36:21.447  1785  3970 W WindowManager: 	at com.android.server.wm.WindowOrganizerController.onTransact(WindowOrganizerController.java:181)
01-09 11:36:21.447  1785  3970 W WindowManager: 	at android.os.Binder.execTransactInternal(Binder.java:1339)
01-09 11:36:21.447  1785  3970 W WindowManager: 	at android.os.Binder.execTransact(Binder.java:1275)
01-09 11:36:21.455  2565  2589 V WindowManagerShell: Playing animation for (#145)android.os.BinderProxy@a70351f@0
01-09 11:36:21.455  2565  2589 V WindowManagerShell:  try handler com.android.wm.shell.transition.DefaultMixedHandler@83c3803
01-09 11:36:21.455  2565  2589 V WindowManagerShell:  try handler com.android.wm.shell.keyguard.KeyguardTransitionHandler@6f380
01-09 11:36:21.455  2565  2589 V WindowManagerShell:  try handler com.android.wm.shell.activityembedding.ActivityEmbeddingController@626ddb9
01-09 11:36:21.455  2565  2589 V WindowManagerShell:  try handler com.android.wm.shell.recents.RecentsTransitionHandler@c30f5fe
01-09 11:36:21.455  2565  2589 V ShellRecents: RecentsTransitionHandler.startAnimation: no controller found
01-09 11:36:21.455  2565  2589 V WindowManagerShell:  try handler com.android.wm.shell.pip.PipTransition@c40515f
01-09 11:36:21.455  2565  2589 V WindowManagerShell:  try handler com.android.wm.shell.splitscreen.StageCoordinator@ea7c7ac
01-09 11:36:21.455  2565  2589 V WindowManagerShell:  try handler com.android.wm.shell.transition.RemoteTransitionHandler@74e9c75
01-09 11:36:21.455  2565  2589 V WindowManagerShell: Transition doesn't have explicit remote, search filters for match for {id=145 t=OPEN f=0x0 trk=0 r=[0@Point(0, 0)] c=[{WCT{android.window.IWindowContainerToken$Stub$Proxy@e57256e} m=OPEN f=NONE leash=Surface(name=Task=87)/@0x49bfb3 sb=Rect(0, 0 - 1080, 2340) eb=Rect(0, 0 - 1080, 2340) d=0},{WCT{android.window.IWindowContainerToken$Stub$Proxy@996a40f} m=TO_BACK f=SHOW_WALLPAPER leash=Surface(name=Task=1)/@0xf415970 sb=Rect(0, 0 - 1080, 2340) eb=Rect(0, 0 - 1080, 2340) d=0}]}
01-09 11:36:21.455  2565  2589 V WindowManagerShell:  Checking filter Pair{{types=[] flags=0x0] notFlags=0x0 checks=[{atype=dream independent=true modes=[OPEN,TO_FRONT] flags=NONE mustBeTask=false order=ANY topActivity=null},{atype=home independent=true modes=[CLOSE,TO_BACK] flags=NONE mustBeTask=false order=ANY topActivity=null}]} RemoteTransition { remoteTransition = android.window.IRemoteTransition$Stub$Proxy@7a2740a, appThread = android.app.IApplicationThread$Stub$Proxy@942a47b, debugName = LauncherToDream }}
01-09 11:36:21.455  2565  2589 V WindowManagerShell:  Checking filter Pair{{types=[] flags=0x0] notFlags=0x100 checks=[{atype=home independent=true modes=[OPEN,TO_FRONT] flags=NONE mustBeTask=false order=TOP topActivity=ComponentInfo{com.google.android.apps.nexuslauncher/com.google.android.apps.nexuslauncher.NexusLauncherActivity}},{atype=standard independent=true modes=[CLOSE,TO_BACK] flags=NONE mustBeTask=false order=ANY topActivity=null}]} RemoteTransition { remoteTransition = android.window.IRemoteTransition$Stub$Proxy@19fb298, appThread = android.app.IApplicationThread$Stub$Proxy@2f98af1, debugName = QuickstepLaunchHome }}
01-09 11:36:21.455  2565  2589 V WindowManagerShell:  Delegate animation for #145 to null
01-09 11:36:21.455  2565  2589 V WindowManagerShell:  try handler com.android.wm.shell.transition.DefaultTransitionHandler@3fbc6d6
01-09 11:36:21.455  2565  2589 V WindowManagerShell: start default transition animation, info = {id=145 t=OPEN f=0x0 trk=0 r=[0@Point(0, 0)] c=[{WCT{android.window.IWindowContainerToken$Stub$Proxy@e57256e} m=OPEN f=NONE leash=Surface(name=Task=87)/@0x49bfb3 sb=Rect(0, 0 - 1080, 2340) eb=Rect(0, 0 - 1080, 2340) d=0},{WCT{android.window.IWindowContainerToken$Stub$Proxy@996a40f} m=TO_BACK f=SHOW_WALLPAPER leash=Surface(name=Task=1)/@0xf415970 sb=Rect(0, 0 - 1080, 2340) eb=Rect(0, 0 - 1080, 2340) d=0}]}
01-09 11:36:21.456  2565  2589 V WindowManagerShell: loadAnimation: anim=android.view.animation.AnimationSet@743e334 animAttr=0x13 type=OPEN isEntrance=false
01-09 11:36:21.456  2565  2589 V WindowManagerShell: loadAnimation: anim=android.view.animation.AnimationSet@ad5fea0 animAttr=0x12 type=OPEN isEntrance=true
01-09 11:36:21.456  2565  2589 V WindowManagerShell:  animated by com.android.wm.shell.transition.DefaultTransitionHandler@3fbc6d6
01-09 11:36:21.459  1785  2098 W ActivityManager: setHasOverlayUi called on unknown pid: 26472
01-09 11:36:21.464  1086  1254 I ASH     : @ 967452.267: tcs3701: stop power rail pending_off timer
01-09 11:36:21.464  1086  1254 D ASH     : @ 967452.267: tcs3701: start power rail timer, state:3
01-09 11:36:21.479 26733 26733 I IL2CPP  : JNI_OnLoad
01-09 11:36:21.479 26733 26733 V Unity   : Context Type: ActivityOrService
01-09 11:36:21.483   665   665 E BpTransactionCompletedListener: Failed to transact (-32)
01-09 11:36:21.483   665   665 E BpTransactionCompletedListener: Failed to transact (-32)
01-09 11:36:21.487 26733 26733 D CompatibilityChangeReporter: Compat change id reported: 237531167; UID 10273; state: DISABLED
01-09 11:36:21.488  1785  3970 W WindowManager: Failed looking up window session=Session{c9bed8b 26733:u0a10273} callers=com.android.server.wm.WindowManagerService.windowForClientLocked:6034 com.android.server.wm.Session.updateRequestedVisibleTypes:690 android.view.IWindowSession$Stub.onTransact:1034 
01-09 11:36:21.500  1785  6894 D CoreBackPreview: Window{4ac2281 u0 com.driftsys.dashscene.showcase/com.unity3d.player.UnityPlayerActivity}: Setting back callback OnBackInvokedCallbackInfo{mCallback=android.window.IOnBackInvokedCallback$Stub$Proxy@70c4914, mPriority=-1, mIsAnimationCallback=false}
01-09 11:36:21.501  1785  6894 D CoreBackPreview: Window{4ac2281 u0 com.driftsys.dashscene.showcase/com.unity3d.player.UnityPlayerActivity}: Setting back callback OnBackInvokedCallbackInfo{mCallback=android.window.IOnBackInvokedCallback$Stub$Proxy@7f765bd, mPriority=1, mIsAnimationCallback=false}
01-09 11:36:21.505  1086  1254 I ASH     : @ 967452.307: tcs3701: stop power rail pending_off timer
01-09 11:36:21.505  1086  1254 D ASH     : @ 967452.307: tcs3701: start power rail timer, state:3
01-09 11:36:21.508   665  3309 I BpBinder: onLastStrongRef automatically unlinking death recipients: 
01-09 11:36:21.515 26733 26733 W AdrenoUtils: <ReadGpuID_from_sysfs:197>: Failed to open /sys/class/kgsl/kgsl-3d0/gpu_model
01-09 11:36:21.515 26733 26733 W AdrenoUtils: <ReadGpuID:221>: Failed to read chip ID from gpu_model. Fallback to use the GSL path
01-09 11:36:21.515 26733 26754 I Unity   : MemoryManager: Using 'Dynamic Heap' Allocator.
01-09 11:36:21.532 26733 26754 I Unity   : SystemInfo CPU = ARM64 FP ASIMD AES, Cores = 8, Memory = 7461mb
01-09 11:36:21.532 26733 26754 I Unity   : SystemInfo ARM big.LITTLE configuration: 2 big (mask: 0xc0), 6 little (mask: 0x3f)
01-09 11:36:21.532 26733 26754 I Unity   : ApplicationInfo 'com.driftsys.dashscene.showcase', Version '1.0', Min API Level '33', Target API Level '36'
01-09 11:36:21.532 26733 26754 I Unity   : Built from '6000.3/staging' branch, Version '6000.3.23f1 (09d2ecc7fb28)', Build type 'Release', Scripting Backend 'il2cpp', CPU 'arm64-v8a', Stripping 'Enabled'
01-09 11:36:21.532 26733 26754 I Unity   : Device Model 'Google Pixel 5', OS 'Android OS 14 (API 34)'
01-09 11:36:21.540  1785  2095 I ActivityTaskManager: Displayed com.driftsys.dashscene.showcase/com.unity3d.player.UnityPlayerActivity for user 0: +160ms
01-09 11:36:21.545  1086  1254 I ASH     : @ 967452.347: tcs3701: stop power rail pending_off timer
01-09 11:36:21.545  1086  1254 D ASH     : @ 967452.347: tcs3701: start power rail timer, state:3
01-09 11:36:21.549  1785  6894 D CompatibilityChangeReporter: Compat change id reported: 214016041; UID 10273; state: ENABLED
01-09 11:36:21.549  1785  6894 I ImeTracker: com.driftsys.dashscene.showcase:eab77f12: onRequestHide at ORIGIN_SERVER_HIDE_INPUT reason HIDE_UNSPECIFIED_WINDOW
01-09 11:36:21.549  1785  6894 I ImeTracker: com.driftsys.dashscene.showcase:eab77f12: onCancelled at PHASE_SERVER_SHOULD_HIDE
01-09 11:36:21.558  3450  3450 I GoogleInputMethodService: GoogleInputMethodService.onFinishInput():3227 
01-09 11:36:21.560  3450  3450 I GoogleInputMethodService: GoogleInputMethodService.updateDeviceLockedStatus():2087 repeatCheckTimes = 0, unlocked = true
01-09 11:36:21.561  3450  3450 I GoogleInputMethodService: GoogleInputMethodService.onStartInput():1877 onStartInput(EditorInfo{inputType=0x0(NULL) imeOptions=0x0 privateImeOptions=null actionName=UNSPECIFIED actionLabel=null actionId=0 initialSelStart=-1 initialSelEnd=-1 initialCapsMode=0x0 hintText=null label=null packageName=com.driftsys.dashscene.showcase fieldId=0 fieldName=null extras=null}, false)
01-09 11:36:21.561  3450  3450 I GoogleInputMethodService: GoogleInputMethodService.shouldHideHeaderOnInitialState():4008 ShouldHideHeaderOnInitialState = false
01-09 11:36:21.562  3450  3450 I GoogleInputMethodService: GoogleInputMethodService.updateDeviceLockedStatus():2087 repeatCheckTimes = 2, unlocked = true
01-09 11:36:21.584  1086  1254 I ASH     : @ 967452.387: tcs3701: stop power rail pending_off timer
01-09 11:36:21.585  1086  1254 D ASH     : @ 967452.387: tcs3701: start power rail timer, state:3
01-09 11:36:21.625  1086  1254 I ASH     : @ 967452.427: tcs3701: stop power rail pending_off timer
01-09 11:36:21.625  1086  1254 D ASH     : @ 967452.427: tcs3701: start power rail timer, state:3
01-09 11:36:21.626 26733 26754 I Unity   : Company Name: driftsys
01-09 11:36:21.626 26733 26754 I Unity   : Product Name: DashsceneShowcase
01-09 11:36:21.628 26733 26754 I AdrenoGLES-0: QUALCOMM build                   : 4783c89, I46ff5fc46f
01-09 11:36:21.628 26733 26754 I AdrenoGLES-0: Build Date                       : 11/30/20
01-09 11:36:21.628 26733 26754 I AdrenoGLES-0: OpenGL ES Shader Compiler Version: EV031.31.04.01
01-09 11:36:21.628 26733 26754 I AdrenoGLES-0: Local Branch                     : QPR2
01-09 11:36:21.628 26733 26754 I AdrenoGLES-0: Remote Branch                    : 
01-09 11:36:21.628 26733 26754 I AdrenoGLES-0: Remote Branch                    : 
01-09 11:36:21.628 26733 26754 I AdrenoGLES-0: Reconstruct Branch               : 
01-09 11:36:21.628 26733 26754 I AdrenoGLES-0: Build Config                     : S P 10.0.4 AArch64
01-09 11:36:21.628 26733 26754 I AdrenoGLES-0: Driver Path                      : /vendor/lib64/egl/libGLESv2_adreno.so
01-09 11:36:21.631 26733 26754 I AdrenoGLES-0: PFP: 0x016dd093, ME: 0x00000000
01-09 11:36:21.665  1086  1254 I ASH     : @ 967452.467: tcs3701: stop power rail pending_off timer
01-09 11:36:21.665  1086  1254 D ASH     : @ 967452.467: tcs3701: start power rail timer, state:3
01-09 11:36:21.706  1086  1254 I ASH     : @ 967452.507: tcs3701: stop power rail pending_off timer
01-09 11:36:21.706  1086  1254 D ASH     : @ 967452.507: tcs3701: start power rail timer, state:3
01-09 11:36:21.745  1086  1254 I ASH     : @ 967452.547: tcs3701: stop power rail pending_off timer
01-09 11:36:21.745  1086  1254 D ASH     : @ 967452.547: tcs3701: start power rail timer, state:3
01-09 11:36:21.753  2565  2589 V WindowManagerShell: Transition animation finished (aborted=false), notifying core (#145)android.os.BinderProxy@a70351f@0
01-09 11:36:21.756  1785  2095 V WindowManager: Finish Transition #145: created at 01-09 11:36:21.373 collect-started=0.083ms request-sent=8.311ms started=12.223ms ready=52.167ms sent=60.305ms finished=382.692ms
01-09 11:36:21.757  2658  2658 I WallpaperService: engine paused
01-09 11:36:21.758  1086  1086 I sensors-hal: [hal]activate_physical_sensor:251, android.sensor.gyroscope/41 en=0
01-09 11:36:21.759  2565  2589 V WindowManagerShell: Track 0 became idle
01-09 11:36:21.759  2565  2589 V WindowManagerShell: All active transition animations finished
01-09 11:36:21.759  1086  1086 D Diag_Lib: diag: Diag_LSM_DeInit: invoked for pid: 1086
01-09 11:36:21.759  1086  1086 D Diag_Lib: diag: Diag_LSM_DeInit: done for pid: 1086
01-09 11:36:21.760  1086  1086 D Diag_Lib: diag: Diag_LSM_DeInit: invoked for pid: 1086
01-09 11:36:21.760  1086  1086 D Diag_Lib: diag: Diag_LSM_DeInit: done for pid: 1086
01-09 11:36:21.760  1086  1086 I sensors-hal: [hal]activate_physical_sensor:262, android.sensor.gyroscope/41 en=0 completed
01-09 11:36:21.780  2992  3053 I ImeTracker: com.google.android.apps.nexuslauncher:cd17f523: onRequestHide at ORIGIN_CLIENT_HIDE_SOFT_INPUT reason HIDE_SOFT_INPUT
01-09 11:36:21.780  2992  3053 I ImeTracker: com.google.android.apps.nexuslauncher:cd17f523: onFailed at PHASE_CLIENT_VIEW_SERVED
01-09 11:36:21.780  2992  3926 D OneSearchSuggestProvider: Shut down the binder channel
01-09 11:36:21.785  1086  1254 I ASH     : @ 967452.587: tcs3701: stop power rail pending_off timer
01-09 11:36:21.785  1086  1254 D ASH     : @ 967452.587: tcs3701: start power rail timer, state:3
01-09 11:36:21.790  1086  1086 I sensors-hal: [hal]batch_physical_sensor:314, android.sensor.accelerometer/11, period=200000000, max_latency=0
01-09 11:36:21.790  1086  1086 I sensors-hal: [sensor]set_config:64, sample_period_ns is adjusted to 200000000 based on min/max delay_ns
01-09 11:36:21.790  1086  1086 I sensors-hal: [hal]batch_physical_sensor:323, android.sensor.accelerometer/11, period=200000000, max_latency=0 request completed
01-09 11:36:21.790  1086  1086 I sensors-hal: [hal]flush_physical_sensor:355, android.sensor.accelerometer/11
01-09 11:36:21.790  1086  1086 I sensors-hal: [hal]flush_physical_sensor:361, android.sensor.accelerometer/11 completed
01-09 11:36:21.790  1086  1086 I sensors-hal: [hal]batch_physical_sensor:314, android.sensor.accelerometer/11, period=20000000, max_latency=0
01-09 11:36:21.791  1086  1086 I sensors-hal: [sensor]set_config:64, sample_period_ns is adjusted to 20000000 based on min/max delay_ns
01-09 11:36:21.791  1086  1086 I sensors-hal: [hal]batch_physical_sensor:323, android.sensor.accelerometer/11, period=20000000, max_latency=0 request completed
01-09 11:36:21.792  1086 24676 I sensors-hal: [ssc_sensor]ssc_conn_resp_cb:686, resp_value = 0
01-09 11:36:21.792  1086 24676 I sensors-hal: [ssc_sensor]ssc_conn_resp_cb:686, resp_value = 0
01-09 11:36:21.792  1086 24676 I sensors-hal: [ssc_sensor]ssc_conn_resp_cb:686, resp_value = 0
01-09 11:36:21.799  1785  6894 D CompatibilityChangeReporter: Compat change id reported: 161145287; UID 10273; state: ENABLED
01-09 11:36:21.801 26733 26754 V MediaRouter: Selecting route: RouteInfo{ name=Phone, description=null, status=null, category=RouteCategory{ name=System types=ROUTE_TYPE_LIVE_AUDIO ROUTE_TYPE_LIVE_VIDEO  groupable=false }, supportedTypes=ROUTE_TYPE_LIVE_AUDIO ROUTE_TYPE_LIVE_VIDEO , presentationDisplay=null }
01-09 11:36:21.801 26733 26754 I MediaRouter: Skip setBluetoothA2dpOn(): types=8388615, isPlaybackActive()=false, BT route=null
01-09 11:36:21.824  1086  1254 I ASH     : @ 967452.627: tcs3701: stop power rail pending_off timer
01-09 11:36:21.824  1086  1254 D ASH     : @ 967452.627: tcs3701: start power rail timer, state:3
01-09 11:36:21.861  1785  2095 I ActivityTaskManager: Fully drawn com.driftsys.dashscene.showcase/com.unity3d.player.UnityPlayerActivity: +491ms
01-09 11:36:21.864  1086  1254 I ASH     : @ 967452.667: tcs3701: stop power rail pending_off timer
01-09 11:36:21.864  1086  1254 D ASH     : @ 967452.667: tcs3701: start power rail timer, state:3
01-09 11:36:21.905  1086  1254 I ASH     : @ 967452.707: tcs3701: stop power rail pending_off timer
01-09 11:36:21.905  1086  1254 D ASH     : @ 967452.707: tcs3701: start power rail timer, state:3
01-09 11:36:21.912  1785  3042 W InputManager-JNI: Input channel object 'dfa6c69 Splash Screen com.driftsys.dashscene.showcase (client)' was disposed without first being removed with the input manager!
01-09 11:36:21.944  1086  1254 I ASH     : @ 967452.747: tcs3701: stop power rail pending_off timer
01-09 11:36:21.945  1086  1254 D ASH     : @ 967452.747: tcs3701: start power rail timer, state:3
01-09 11:36:21.985  1086  1254 I ASH     : @ 967452.787: tcs3701: stop power rail pending_off timer
01-09 11:36:21.985  1086  1254 D ASH     : @ 967452.787: tcs3701: start power rail timer, state:3
01-09 11:36:22.025  1086  1254 I ASH     : @ 967452.827: tcs3701: stop power rail pending_off timer
01-09 11:36:22.025  1086  1254 D ASH     : @ 967452.827: tcs3701: start power rail timer, state:3
01-09 11:36:22.065  1086  1254 I ASH     : @ 967452.867: tcs3701: stop power rail pending_off timer
01-09 11:36:22.065  1086  1254 D ASH     : @ 967452.867: tcs3701: start power rail timer, state:3
01-09 11:36:22.105  1086  1254 I ASH     : @ 967452.907: tcs3701: stop power rail pending_off timer
01-09 11:36:22.105  1086  1254 D ASH     : @ 967452.907: tcs3701: start power rail timer, state:3
01-09 11:36:22.145  1086  1254 I ASH     : @ 967452.947: tcs3701: stop power rail pending_off timer
01-09 11:36:22.145  1086  1254 D ASH     : @ 967452.947: tcs3701: start power rail timer, state:3
01-09 11:36:22.184  1086  1254 I ASH     : @ 967452.987: tcs3701: stop power rail pending_off timer
01-09 11:36:22.185  1086  1254 D ASH     : @ 967452.987: tcs3701: start power rail timer, state:3
01-09 11:36:22.225  1086  1254 I ASH     : @ 967453.027: tcs3701: stop power rail pending_off timer
01-09 11:36:22.225  1086  1254 D ASH     : @ 967453.027: tcs3701: start power rail timer, state:3
01-09 11:36:22.265  1086  1254 I ASH     : @ 967453.067: tcs3701: stop power rail pending_off timer
01-09 11:36:22.265  1086  1254 D ASH     : @ 967453.067: tcs3701: start power rail timer, state:3
01-09 11:36:22.305  1086  1254 I ASH     : @ 967453.107: tcs3701: stop power rail pending_off timer
01-09 11:36:22.305  1086  1254 D ASH     : @ 967453.107: tcs3701: start power rail timer, state:3
01-09 11:36:22.345  1086  1254 I ASH     : @ 967453.147: tcs3701: stop power rail pending_off timer
01-09 11:36:22.345  1086  1254 D ASH     : @ 967453.147: tcs3701: start power rail timer, state:3
01-09 11:36:22.385  1086  1254 I ASH     : @ 967453.187: tcs3701: stop power rail pending_off timer
01-09 11:36:22.385  1086  1254 D ASH     : @ 967453.187: tcs3701: start power rail timer, state:3
01-09 11:36:22.424  1086  1254 I ASH     : @ 967453.227: tcs3701: stop power rail pending_off timer
01-09 11:36:22.424  1086  1254 D ASH     : @ 967453.227: tcs3701: start power rail timer, state:3
01-09 11:36:22.464  1086  1254 I ASH     : @ 967453.267: tcs3701: stop power rail pending_off timer
01-09 11:36:22.465  1086  1254 D ASH     : @ 967453.267: tcs3701: start power rail timer, state:3
01-09 11:36:22.505  1086  1254 I ASH     : @ 967453.307: tcs3701: stop power rail pending_off timer
01-09 11:36:22.505  1086  1254 D ASH     : @ 967453.307: tcs3701: start power rail timer, state:3
01-09 11:36:22.545  1086  1254 I ASH     : @ 967453.347: tcs3701: stop power rail pending_off timer
01-09 11:36:22.545  1086  1254 D ASH     : @ 967453.347: tcs3701: start power rail timer, state:3
01-09 11:36:22.584  1086  1254 I ASH     : @ 967453.387: tcs3701: stop power rail pending_off timer
01-09 11:36:22.585  1086  1254 D ASH     : @ 967453.387: tcs3701: start power rail timer, state:3
01-09 11:36:22.625  1086  1254 I ASH     : @ 967453.427: tcs3701: stop power rail pending_off timer
01-09 11:36:22.625  1086  1254 D ASH     : @ 967453.427: tcs3701: start power rail timer, state:3
01-09 11:36:22.665  1086  1254 I ASH     : @ 967453.467: tcs3701: stop power rail pending_off timer
01-09 11:36:22.665  1086  1254 D ASH     : @ 967453.467: tcs3701: start power rail timer, state:3
01-09 11:36:22.705  1086  1254 I ASH     : @ 967453.507: tcs3701: stop power rail pending_off timer
01-09 11:36:22.705  1086  1254 D ASH     : @ 967453.507: tcs3701: start power rail timer, state:3
01-09 11:36:22.744  1086  1254 I ASH     : @ 967453.547: tcs3701: stop power rail pending_off timer
01-09 11:36:22.744  1086  1254 D ASH     : @ 967453.547: tcs3701: start power rail timer, state:3
01-09 11:36:22.784  1086  1254 I ASH     : @ 967453.587: tcs3701: stop power rail pending_off timer
01-09 11:36:22.785  1086  1254 D ASH     : @ 967453.587: tcs3701: start power rail timer, state:3
01-09 11:36:22.824  1086  1254 I ASH     : @ 967453.627: tcs3701: stop power rail pending_off timer
01-09 11:36:22.825  1086  1254 D ASH     : @ 967453.627: tcs3701: start power rail timer, state:3
01-09 11:36:22.865  1086  1254 I ASH     : @ 967453.667: tcs3701: stop power rail pending_off timer
01-09 11:36:22.865  1086  1254 D ASH     : @ 967453.667: tcs3701: start power rail timer, state:3
01-09 11:36:22.905  1086  1254 I ASH     : @ 967453.707: tcs3701: stop power rail pending_off timer
01-09 11:36:22.905  1086  1254 D ASH     : @ 967453.707: tcs3701: start power rail timer, state:3
01-09 11:36:22.944  1086  1254 I ASH     : @ 967453.747: tcs3701: stop power rail pending_off timer
01-09 11:36:22.944  1086  1254 D ASH     : @ 967453.747: tcs3701: start power rail timer, state:3
01-09 11:36:22.984  1086  1254 I ASH     : @ 967453.787: tcs3701: stop power rail pending_off timer
01-09 11:36:22.985  1086  1254 D ASH     : @ 967453.787: tcs3701: start power rail timer, state:3
01-09 11:36:23.025  1086  1254 I ASH     : @ 967453.827: tcs3701: stop power rail pending_off timer
01-09 11:36:23.025  1086  1254 D ASH     : @ 967453.827: tcs3701: start power rail timer, state:3
01-09 11:36:23.065  1086  1254 I ASH     : @ 967453.867: tcs3701: stop power rail pending_off timer
01-09 11:36:23.065  1086  1254 D ASH     : @ 967453.867: tcs3701: start power rail timer, state:3
01-09 11:36:23.105  1086  1254 I ASH     : @ 967453.907: tcs3701: stop power rail pending_off timer
01-09 11:36:23.105  1086  1254 D ASH     : @ 967453.907: tcs3701: start power rail timer, state:3
01-09 11:36:23.144  1086  1254 I ASH     : @ 967453.947: tcs3701: stop power rail pending_off timer
01-09 11:36:23.145  1086  1254 D ASH     : @ 967453.947: tcs3701: start power rail timer, state:3
01-09 11:36:23.185  1086  1254 I ASH     : @ 967453.987: tcs3701: stop power rail pending_off timer
01-09 11:36:23.185  1086  1254 D ASH     : @ 967453.987: tcs3701: start power rail timer, state:3
01-09 11:36:23.225  1086  1254 I ASH     : @ 967454.027: tcs3701: stop power rail pending_off timer
01-09 11:36:23.225  1086  1254 D ASH     : @ 967454.027: tcs3701: start power rail timer, state:3
01-09 11:36:23.265  1086  1254 I ASH     : @ 967454.067: tcs3701: stop power rail pending_off timer
01-09 11:36:23.265  1086  1254 D ASH     : @ 967454.067: tcs3701: start power rail timer, state:3
01-09 11:36:23.305  1086  1254 I ASH     : @ 967454.107: tcs3701: stop power rail pending_off timer
01-09 11:36:23.305  1086  1254 D ASH     : @ 967454.107: tcs3701: start power rail timer, state:3
01-09 11:36:23.345  1086  1254 I ASH     : @ 967454.147: tcs3701: stop power rail pending_off timer
01-09 11:36:23.345  1086  1254 D ASH     : @ 967454.147: tcs3701: start power rail timer, state:3
01-09 11:36:23.385  1086  1254 I ASH     : @ 967454.187: tcs3701: stop power rail pending_off timer
01-09 11:36:23.385  1086  1254 D ASH     : @ 967454.187: tcs3701: start power rail timer, state:3
01-09 11:36:23.425  1086  1254 I ASH     : @ 967454.227: tcs3701: stop power rail pending_off timer
01-09 11:36:23.425  1086  1254 D ASH     : @ 967454.227: tcs3701: start power rail timer, state:3
01-09 11:36:23.465  1086  1254 I ASH     : @ 967454.267: tcs3701: stop power rail pending_off timer
01-09 11:36:23.465  1086  1254 D ASH     : @ 967454.267: tcs3701: start power rail timer, state:3
01-09 11:36:23.505  1086  1254 I ASH     : @ 967454.307: tcs3701: stop power rail pending_off timer
01-09 11:36:23.505  1086  1254 D ASH     : @ 967454.307: tcs3701: start power rail timer, state:3
01-09 11:36:23.545  1086  1254 I ASH     : @ 967454.347: tcs3701: stop power rail pending_off timer
01-09 11:36:23.545  1086  1254 D ASH     : @ 967454.347: tcs3701: start power rail timer, state:3
01-09 11:36:23.585  1086  1254 I ASH     : @ 967454.387: tcs3701: stop power rail pending_off timer
01-09 11:36:23.585  1086  1254 D ASH     : @ 967454.387: tcs3701: start power rail timer, state:3
01-09 11:36:23.625  1086  1254 I ASH     : @ 967454.427: tcs3701: stop power rail pending_off timer
01-09 11:36:23.625  1086  1254 D ASH     : @ 967454.427: tcs3701: start power rail timer, state:3
01-09 11:36:23.651  1086  1254 I CHRE    : @ 967454.454: [GYRO_RPS] (s0, c0) Offset | Temp [C] | Quality: -0.001693, 0.001039, 0.001666 | 32.94 | 4
01-09 11:36:23.651  1086  1254 I CHRE    : @ 967454.454: [GYRO_RPS] (s0) Temp Sensitivity: 0.000020, -0.000029, 0.000038
01-09 11:36:23.651  1086  1254 I CHRE    : @ 967454.454: [GYRO_RPS] (s0) Temp Intercept: -0.002388, 0.002066, 0.000398
01-09 11:36:23.664  1086  1254 I ASH     : @ 967454.467: tcs3701: stop power rail pending_off timer
01-09 11:36:23.665  1086  1254 D ASH     : @ 967454.467: tcs3701: start power rail timer, state:3
01-09 11:36:23.704  1086  1254 I ASH     : @ 967454.507: tcs3701: stop power rail pending_off timer
01-09 11:36:23.705  1086  1254 D ASH     : @ 967454.507: tcs3701: start power rail timer, state:3
01-09 11:36:23.746  1086  1254 I ASH     : @ 967454.547: tcs3701: stop power rail pending_off timer
01-09 11:36:23.746  1086  1254 D ASH     : @ 967454.547: tcs3701: start power rail timer, state:3
01-09 11:36:23.785  1086  1254 I ASH     : @ 967454.587: tcs3701: stop power rail pending_off timer
01-09 11:36:23.785  1086  1254 D ASH     : @ 967454.587: tcs3701: start power rail timer, state:3
01-09 11:36:23.825  1086  1254 I ASH     : @ 967454.627: tcs3701: stop power rail pending_off timer
01-09 11:36:23.825  1086  1254 D ASH     : @ 967454.627: tcs3701: start power rail timer, state:3
01-09 11:36:23.865  1086  1254 I ASH     : @ 967454.667: tcs3701: stop power rail pending_off timer
01-09 11:36:23.865  1086  1254 D ASH     : @ 967454.667: tcs3701: start power rail timer, state:3
01-09 11:36:23.905  1086  1254 I ASH     : @ 967454.707: tcs3701: stop power rail pending_off timer
01-09 11:36:23.905  1086  1254 D ASH     : @ 967454.707: tcs3701: start power rail timer, state:3
01-09 11:36:23.930 26733 26754 I Unity   : [showcase] entries: 6 (3 scene(s), 3 document(s))
01-09 11:36:23.930 26733 26754 I Unity   : UnityEngine.DebugLogHandler:Internal_Log(LogType, LogOption, String, Object)
01-09 11:36:23.930 26733 26754 I Unity   : Driftsys.Dashscene.Samples.DashsceneShowcase:Awake()
01-09 11:36:23.930 26733 26754 I Unity   : 
01-09 11:36:23.930 26733 26754 I IL2CPP  : Locale en-US
01-09 11:36:23.931 26733 26754 I Unity   : [showcase] drawable: 1080x2340 px, document framing 400
01-09 11:36:23.931 26733 26754 I Unity   : UnityEngine.DebugLogHandler:Internal_Log(LogType, LogOption, String, Object)
01-09 11:36:23.931 26733 26754 I Unity   : Driftsys.Dashscene.Samples.DashsceneShowcase:Awake()
01-09 11:36:23.931 26733 26754 I Unity   : 
01-09 11:36:23.945  1086  1254 I ASH     : @ 967454.747: tcs3701: stop power rail pending_off timer
01-09 11:36:23.945  1086  1254 D ASH     : @ 967454.747: tcs3701: start power rail timer, state:3
01-09 11:36:23.974  1785  3042 W SensorService: sensor 0000000b already enabled in connection 0xb4000070229d8710 (ignoring)
01-09 11:36:23.975  1086  1086 I sensors-hal: [hal]batch_physical_sensor:314, android.sensor.accelerometer/11, period=200000000, max_latency=0
01-09 11:36:23.975  1086  1086 I sensors-hal: [sensor]set_config:64, sample_period_ns is adjusted to 200000000 based on min/max delay_ns
01-09 11:36:23.975  1086  1086 I sensors-hal: [hal]batch_physical_sensor:323, android.sensor.accelerometer/11, period=200000000, max_latency=0 request completed
01-09 11:36:23.975  1086  1086 I sensors-hal: [hal]flush_physical_sensor:355, android.sensor.accelerometer/11
01-09 11:36:23.975  1086  1086 I sensors-hal: [hal]flush_physical_sensor:361, android.sensor.accelerometer/11 completed
01-09 11:36:23.976  1086  1086 I sensors-hal: [hal]batch_physical_sensor:314, android.sensor.accelerometer/11, period=20000000, max_latency=0
01-09 11:36:23.976  1086  1086 I sensors-hal: [sensor]set_config:64, sample_period_ns is adjusted to 20000000 based on min/max delay_ns
01-09 11:36:23.976  1086  1086 I sensors-hal: [hal]batch_physical_sensor:323, android.sensor.accelerometer/11, period=20000000, max_latency=0 request completed
01-09 11:36:23.976  1086 24676 I sensors-hal: [ssc_sensor]ssc_conn_resp_cb:686, resp_value = 0
01-09 11:36:23.977  1086 24676 I sensors-hal: [ssc_sensor]ssc_conn_resp_cb:686, resp_value = 0
01-09 11:36:23.977  1086 24676 I sensors-hal: [ssc_sensor]ssc_conn_resp_cb:686, resp_value = 0
01-09 11:36:23.985  1086  1254 I ASH     : @ 967454.787: tcs3701: stop power rail pending_off timer
01-09 11:36:23.985  1086  1254 D ASH     : @ 967454.787: tcs3701: start power rail timer, state:3
01-09 11:36:24.013 26733 26754 W Unity   : [dashscene] shadows: not drawn — this painter emits no shadow instance.
01-09 11:36:24.013 26733 26754 W Unity   : UnityEngine.DebugLogHandler:Internal_Log(LogType, LogOption, String, Object)
01-09 11:36:24.013 26733 26754 W Unity   : Driftsys.Dashscene.BrgPainter:Draw(FrameLease)
01-09 11:36:24.013 26733 26754 W Unity   : Driftsys.Dashscene.Samples.DashsceneShowcase:Update()
01-09 11:36:24.013 26733 26754 W Unity   : 
01-09 11:36:24.013 26733 26754 W Unity   : [dashscene] backdrop blurs: not drawn, and not fixable by adding a pass — a backdrop reads what the painter itself composited, and this painter's target also holds the engine's scene.
01-09 11:36:24.013 26733 26754 W Unity   : UnityEngine.DebugLogHandler:Internal_Log(LogType, LogOption, String, Object)
01-09 11:36:24.013 26733 26754 W Unity   : Driftsys.Dashscene.BrgPainter:Draw(FrameLease)
01-09 11:36:24.013 26733 26754 W Unity   : Driftsys.Dashscene.Samples.DashsceneShowcase:Update()
01-09 11:36:24.013 26733 26754 W Unity   : 
01-09 11:36:24.013 26733 26754 W Unity   : [dashscene] image fills: not drawn — no texture is uploaded from the payload.
01-09 11:36:24.013 26733 26754 W Unity   : UnityEngine.DebugLogHandler:Internal_Log(LogType, LogOption, String, Object)
01-09 11:36:24.013 26733 26754 W Unity   : Driftsys.Dashscene.BrgPainter:Draw(FrameLease)
01-09 11:36:24.013 26733 26754 W Unity   : Driftsys.Dashscene.Samples.DashsceneShowcase:Update()
01-09 11:36:24.013 26733 26754 W Unity   : 
01-09 11:36:24.013 26733 26754 W Unity   : [dashscene] baked vector nodes: not drawn — their outline is a coverage field rather than the parametric rounded box shaded here.
01-09 11:36:24.013 26733 26754 W Unity   : UnityEngine.DebugLogHandler:Internal_Log(LogType, LogOption, String, Object)
01-09 11:36:24.013 26733 26754 W Unity   : Driftsys.Dashscene.BrgPainter:Draw(FrameLease)
01-09 11:36:24.013 26733 26754 W Unity   : Driftsys.Dashscene.Samples.DashsceneShowcase:Update()
01-09 11:36:24.013 26733 26754 W Unity   : 
01-09 11:36:24.014 26733 26754 W Unity   : [dashscene] render-target groups: not composited — a translucent group's overlapping children are drawn twice.
01-09 11:36:24.014 26733 26754 W Unity   : UnityEngine.DebugLogHandler:Internal_Log(LogType, LogOption, String, Object)
01-09 11:36:24.014 26733 26754 W Unity   : Driftsys.Dashscene.BrgPainter:Draw(FrameLease)
01-09 11:36:24.014 26733 26754 W Unity   : Driftsys.Dashscene.Samples.DashsceneShowcase:Update()
01-09 11:36:24.014 26733 26754 W Unity   : 
01-09 11:36:24.014 26733 26754 W Unity   : [dashscene] 9 rect(s) affected, first at index 2. The document asked for these and this painter did not draw them.
01-09 11:36:24.014 26733 26754 W Unity   : UnityEngine.DebugLogHandler:Internal_Log(LogType, LogOption, String, Object)
01-09 11:36:24.014 26733 26754 W Unity   : Driftsys.Dashscene.BrgPainter:Draw(FrameLease)
01-09 11:36:24.014 26733 26754 W Unity   : Driftsys.Dashscene.Samples.DashsceneShowcase:Update()
01-09 11:36:24.014 26733 26754 W Unity   : 
01-09 11:36:24.016 26733 26754 I Unity   : [showcase] drew scene surfaces: 56 instance(s), rung ConstantBuffer, refused shadows: not drawn — this painter emits no shadow instance. backdrop blurs: not drawn, and not fixable by adding a pass — a backdrop reads what the painter itself composited, and this painter's target also holds the engine's scene. image fills: not drawn — no texture is uploaded from the payload. baked vector nodes: not drawn — their outline is a coverage field rather than the parametric rounded box shaded here. render-target groups: not composited — a translucent group's overlapping children are drawn twice. 9 rect(s) affected, first at index 2. The document asked for these and this painter did not draw them.
01-09 11:36:24.016 26733 26754 I Unity   : UnityEngine.DebugLogHandler:Internal_Log(LogType, LogOption, String, Object)
01-09 11:36:24.016 26733 26754 I Unity   : Driftsys.Dashscene.Samples.DashsceneShowcase:Update()
01-09 11:36:24.016 26733 26754 I Unity   : 
01-09 11:36:24.025  1086  1254 I ASH     : @ 967454.827: tcs3701: stop power rail pending_off timer
01-09 11:36:24.025  1086  1254 D ASH     : @ 967454.827: tcs3701: start power rail timer, state:3
01-09 11:36:24.064  1086  1254 I ASH     : @ 967454.867: tcs3701: stop power rail pending_off timer
01-09 11:36:24.065  1086  1254 D ASH     : @ 967454.867: tcs3701: start power rail timer, state:3
01-09 11:36:24.104  1086  1254 I ASH     : @ 967454.907: tcs3701: stop power rail pending_off timer
01-09 11:36:24.105  1086  1254 D ASH     : @ 967454.907: tcs3701: start power rail timer, state:3
01-09 11:36:24.145  1086  1254 I ASH     : @ 967454.947: tcs3701: stop power rail pending_off timer
01-09 11:36:24.145  1086  1254 D ASH     : @ 967454.947: tcs3701: start power rail timer, state:3
01-09 11:36:24.185  1086  1254 I ASH     : @ 967454.987: tcs3701: stop power rail pending_off timer
01-09 11:36:24.185  1086  1254 D ASH     : @ 967454.987: tcs3701: start power rail timer, state:3
01-09 11:36:24.225  1086  1254 I ASH     : @ 967455.027: tcs3701: stop power rail pending_off timer
01-09 11:36:24.225  1086  1254 D ASH     : @ 967455.027: tcs3701: start power rail timer, state:3
01-09 11:36:24.265  1086  1254 I ASH     : @ 967455.067: tcs3701: stop power rail pending_off timer
01-09 11:36:24.265  1086  1254 D ASH     : @ 967455.067: tcs3701: start power rail timer, state:3
01-09 11:36:24.305  1086  1254 I ASH     : @ 967455.107: tcs3701: stop power rail pending_off timer
01-09 11:36:24.305  1086  1254 D ASH     : @ 967455.107: tcs3701: start power rail timer, state:3
01-09 11:36:24.345  1086  1254 I ASH     : @ 967455.147: tcs3701: stop power rail pending_off timer
01-09 11:36:24.345  1086  1254 D ASH     : @ 967455.147: tcs3701: start power rail timer, state:3
01-09 11:36:24.385  1086  1254 I ASH     : @ 967455.187: tcs3701: stop power rail pending_off timer
01-09 11:36:24.385  1086  1254 D ASH     : @ 967455.187: tcs3701: start power rail timer, state:3
01-09 11:36:24.425  1086  1254 I ASH     : @ 967455.227: tcs3701: stop power rail pending_off timer
01-09 11:36:24.425  1086  1254 D ASH     : @ 967455.227: tcs3701: start power rail timer, state:3
01-09 11:36:24.465  1086  1254 I ASH     : @ 967455.267: tcs3701: stop power rail pending_off timer
01-09 11:36:24.465  1086  1254 D ASH     : @ 967455.267: tcs3701: start power rail timer, state:3
01-09 11:36:24.505  1086  1254 I ASH     : @ 967455.307: tcs3701: stop power rail pending_off timer
01-09 11:36:24.505  1086  1254 D ASH     : @ 967455.307: tcs3701: start power rail timer, state:3
01-09 11:36:24.545  1086  1254 I ASH     : @ 967455.347: tcs3701: stop power rail pending_off timer
01-09 11:36:24.545  1086  1254 D ASH     : @ 967455.347: tcs3701: start power rail timer, state:3
01-09 11:36:24.585  1086  1254 I ASH     : @ 967455.387: tcs3701: stop power rail pending_off timer
01-09 11:36:24.585  1086  1254 D ASH     : @ 967455.387: tcs3701: start power rail timer, state:3
01-09 11:36:24.624  1086  1254 I ASH     : @ 967455.427: tcs3701: stop power rail pending_off timer
01-09 11:36:24.625  1086  1254 D ASH     : @ 967455.427: tcs3701: start power rail timer, state:3
01-09 11:36:24.665  1086  1254 I ASH     : @ 967455.467: tcs3701: stop power rail pending_off timer
01-09 11:36:24.665  1086  1254 D ASH     : @ 967455.467: tcs3701: start power rail timer, state:3
01-09 11:36:24.705  1086  1254 I ASH     : @ 967455.507: tcs3701: stop power rail pending_off timer
01-09 11:36:24.705  1086  1254 D ASH     : @ 967455.507: tcs3701: start power rail timer, state:3
01-09 11:36:24.745  1086  1254 I ASH     : @ 967455.547: tcs3701: stop power rail pending_off timer
01-09 11:36:24.745  1086  1254 D ASH     : @ 967455.547: tcs3701: start power rail timer, state:3
01-09 11:36:24.785  1086  1254 I ASH     : @ 967455.587: tcs3701: stop power rail pending_off timer
01-09 11:36:24.785  1086  1254 D ASH     : @ 967455.587: tcs3701: start power rail timer, state:3
01-09 11:36:24.825  1086  1254 I ASH     : @ 967455.627: tcs3701: stop power rail pending_off timer
01-09 11:36:24.825  1086  1254 D ASH     : @ 967455.627: tcs3701: start power rail timer, state:3
01-09 11:36:24.864  1086  1254 I ASH     : @ 967455.667: tcs3701: stop power rail pending_off timer
01-09 11:36:24.865  1086  1254 D ASH     : @ 967455.667: tcs3701: start power rail timer, state:3
01-09 11:36:24.904  1086  1254 I ASH     : @ 967455.707: tcs3701: stop power rail pending_off timer
01-09 11:36:24.905  1086  1254 D ASH     : @ 967455.707: tcs3701: start power rail timer, state:3
01-09 11:36:24.945  1086  1254 I ASH     : @ 967455.747: tcs3701: stop power rail pending_off timer
01-09 11:36:24.945  1086  1254 D ASH     : @ 967455.747: tcs3701: start power rail timer, state:3
01-09 11:36:24.985  1086  1254 I ASH     : @ 967455.787: tcs3701: stop power rail pending_off timer
01-09 11:36:24.985  1086  1254 D ASH     : @ 967455.787: tcs3701: start power rail timer, state:3
01-09 11:36:25.025  1086  1254 I ASH     : @ 967455.827: tcs3701: stop power rail pending_off timer
01-09 11:36:25.025  1086  1254 D ASH     : @ 967455.827: tcs3701: start power rail timer, state:3
01-09 11:36:25.065  1086  1254 I ASH     : @ 967455.867: tcs3701: stop power rail pending_off timer
01-09 11:36:25.065  1086  1254 D ASH     : @ 967455.867: tcs3701: start power rail timer, state:3
01-09 11:36:25.104  1086  1254 I ASH     : @ 967455.907: tcs3701: stop power rail pending_off timer
01-09 11:36:25.105  1086  1254 D ASH     : @ 967455.907: tcs3701: start power rail timer, state:3
01-09 11:36:25.145  1086  1254 I ASH     : @ 967455.947: tcs3701: stop power rail pending_off timer
01-09 11:36:25.145  1086  1254 D ASH     : @ 967455.947: tcs3701: start power rail timer, state:3
01-09 11:36:25.185  1086  1254 I ASH     : @ 967455.987: tcs3701: stop power rail pending_off timer
01-09 11:36:25.185  1086  1254 D ASH     : @ 967455.987: tcs3701: start power rail timer, state:3
01-09 11:36:25.225  1086  1254 I ASH     : @ 967456.027: tcs3701: stop power rail pending_off timer
01-09 11:36:25.225  1086  1254 D ASH     : @ 967456.027: tcs3701: start power rail timer, state:3
01-09 11:36:25.265  1086  1254 I ASH     : @ 967456.067: tcs3701: stop power rail pending_off timer
01-09 11:36:25.265  1086  1254 D ASH     : @ 967456.067: tcs3701: start power rail timer, state:3
01-09 11:36:25.304  1086  1254 I ASH     : @ 967456.107: tcs3701: stop power rail pending_off timer
01-09 11:36:25.305  1086  1254 D ASH     : @ 967456.107: tcs3701: start power rail timer, state:3
01-09 11:36:25.344  1086  1254 I ASH     : @ 967456.147: tcs3701: stop power rail pending_off timer
01-09 11:36:25.345  1086  1254 D ASH     : @ 967456.147: tcs3701: start power rail timer, state:3
01-09 11:36:25.385  1086  1254 I ASH     : @ 967456.187: tcs3701: stop power rail pending_off timer
01-09 11:36:25.385  1086  1254 D ASH     : @ 967456.187: tcs3701: start power rail timer, state:3
01-09 11:36:25.425  1086  1254 I ASH     : @ 967456.227: tcs3701: stop power rail pending_off timer
01-09 11:36:25.425  1086  1254 D ASH     : @ 967456.227: tcs3701: start power rail timer, state:3
01-09 11:36:25.465  1086  1254 I ASH     : @ 967456.267: tcs3701: stop power rail pending_off timer
01-09 11:36:25.465  1086  1254 D ASH     : @ 967456.267: tcs3701: start power rail timer, state:3
01-09 11:36:25.505  1086  1254 I ASH     : @ 967456.307: tcs3701: stop power rail pending_off timer
01-09 11:36:25.505  1086  1254 D ASH     : @ 967456.307: tcs3701: start power rail timer, state:3
01-09 11:36:25.545  1086  1254 I ASH     : @ 967456.347: tcs3701: stop power rail pending_off timer
01-09 11:36:25.545  1086  1254 D ASH     : @ 967456.347: tcs3701: start power rail timer, state:3
01-09 11:36:25.585  1086  1254 I ASH     : @ 967456.387: tcs3701: stop power rail pending_off timer
01-09 11:36:25.585  1086  1254 D ASH     : @ 967456.387: tcs3701: start power rail timer, state:3
01-09 11:36:25.625  1086  1254 I ASH     : @ 967456.427: tcs3701: stop power rail pending_off timer
01-09 11:36:25.625  1086  1254 D ASH     : @ 967456.427: tcs3701: start power rail timer, state:3
01-09 11:36:25.664  1086  1254 I ASH     : @ 967456.467: tcs3701: stop power rail pending_off timer
01-09 11:36:25.665  1086  1254 D ASH     : @ 967456.467: tcs3701: start power rail timer, state:3
01-09 11:36:25.705  1086  1254 I ASH     : @ 967456.507: tcs3701: stop power rail pending_off timer
01-09 11:36:25.705  1086  1254 D ASH     : @ 967456.507: tcs3701: start power rail timer, state:3
01-09 11:36:25.745  1086  1254 I ASH     : @ 967456.547: tcs3701: stop power rail pending_off timer
01-09 11:36:25.745  1086  1254 D ASH     : @ 967456.547: tcs3701: start power rail timer, state:3
01-09 11:36:25.784  1086  1254 I ASH     : @ 967456.587: tcs3701: stop power rail pending_off timer
01-09 11:36:25.785  1086  1254 D ASH     : @ 967456.587: tcs3701: start power rail timer, state:3
01-09 11:36:25.824  1086  1254 I ASH     : @ 967456.627: tcs3701: stop power rail pending_off timer
01-09 11:36:25.825  1086  1254 D ASH     : @ 967456.627: tcs3701: start power rail timer, state:3
01-09 11:36:25.865  1086  1254 I ASH     : @ 967456.667: tcs3701: stop power rail pending_off timer
01-09 11:36:25.865  1086  1254 D ASH     : @ 967456.667: tcs3701: start power rail timer, state:3
01-09 11:36:25.905  1086  1254 I ASH     : @ 967456.707: tcs3701: stop power rail pending_off timer
01-09 11:36:25.905  1086  1254 D ASH     : @ 967456.707: tcs3701: start power rail timer, state:3
01-09 11:36:25.944  1086  1254 I ASH     : @ 967456.747: tcs3701: stop power rail pending_off timer
01-09 11:36:25.945  1086  1254 D ASH     : @ 967456.747: tcs3701: start power rail timer, state:3
01-09 11:36:25.985  1086  1254 I ASH     : @ 967456.787: tcs3701: stop power rail pending_off timer
01-09 11:36:25.985  1086  1254 D ASH     : @ 967456.787: tcs3701: start power rail timer, state:3
01-09 11:36:26.025  1086  1254 I ASH     : @ 967456.827: tcs3701: stop power rail pending_off timer
01-09 11:36:26.025  1086  1254 D ASH     : @ 967456.827: tcs3701: start power rail timer, state:3
01-09 11:36:26.064  1086  1254 I ASH     : @ 967456.867: tcs3701: stop power rail pending_off timer
01-09 11:36:26.065  1086  1254 D ASH     : @ 967456.867: tcs3701: start power rail timer, state:3
01-09 11:36:26.105  1086  1254 I ASH     : @ 967456.907: tcs3701: stop power rail pending_off timer
01-09 11:36:26.105  1086  1254 D ASH     : @ 967456.907: tcs3701: start power rail timer, state:3
01-09 11:36:26.145  1086  1254 I ASH     : @ 967456.947: tcs3701: stop power rail pending_off timer
01-09 11:36:26.145  1086  1254 D ASH     : @ 967456.947: tcs3701: start power rail timer, state:3
01-09 11:36:26.185  1086  1254 I ASH     : @ 967456.987: tcs3701: stop power rail pending_off timer
01-09 11:36:26.185  1086  1254 D ASH     : @ 967456.987: tcs3701: start power rail timer, state:3
01-09 11:36:26.225  1086  1254 I ASH     : @ 967457.027: tcs3701: stop power rail pending_off timer
01-09 11:36:26.225  1086  1254 D ASH     : @ 967457.027: tcs3701: start power rail timer, state:3
01-09 11:36:26.265  1086  1254 I ASH     : @ 967457.067: tcs3701: stop power rail pending_off timer
01-09 11:36:26.265  1086  1254 D ASH     : @ 967457.067: tcs3701: start power rail timer, state:3
01-09 11:36:26.305  1086  1254 I ASH     : @ 967457.107: tcs3701: stop power rail pending_off timer
01-09 11:36:26.305  1086  1254 D ASH     : @ 967457.107: tcs3701: start power rail timer, state:3
01-09 11:36:26.345  1086  1254 I ASH     : @ 967457.147: tcs3701: stop power rail pending_off timer
01-09 11:36:26.345  1086  1254 D ASH     : @ 967457.147: tcs3701: start power rail timer, state:3
01-09 11:36:26.384  1086  1254 I ASH     : @ 967457.187: tcs3701: stop power rail pending_off timer
01-09 11:36:26.385  1086  1254 D ASH     : @ 967457.187: tcs3701: start power rail timer, state:3
01-09 11:36:26.425  1086  1254 I ASH     : @ 967457.227: tcs3701: stop power rail pending_off timer
01-09 11:36:26.425  1086  1254 D ASH     : @ 967457.227: tcs3701: start power rail timer, state:3
01-09 11:36:26.464  1086  1254 I ASH     : @ 967457.267: tcs3701: stop power rail pending_off timer
01-09 11:36:26.465  1086  1254 D ASH     : @ 967457.267: tcs3701: start power rail timer, state:3
01-09 11:36:26.505  1086  1254 I ASH     : @ 967457.307: tcs3701: stop power rail pending_off timer
01-09 11:36:26.505  1086  1254 D ASH     : @ 967457.307: tcs3701: start power rail timer, state:3
01-09 11:36:26.545  1086  1254 I ASH     : @ 967457.347: tcs3701: stop power rail pending_off timer
01-09 11:36:26.545  1086  1254 D ASH     : @ 967457.347: tcs3701: start power rail timer, state:3
01-09 11:36:26.585  1086  1254 I ASH     : @ 967457.387: tcs3701: stop power rail pending_off timer
01-09 11:36:26.585  1086  1254 D ASH     : @ 967457.387: tcs3701: start power rail timer, state:3
01-09 11:36:26.625  1086  1254 I ASH     : @ 967457.427: tcs3701: stop power rail pending_off timer
01-09 11:36:26.625  1086  1254 D ASH     : @ 967457.427: tcs3701: start power rail timer, state:3
01-09 11:36:26.664  1086  1254 I ASH     : @ 967457.467: tcs3701: stop power rail pending_off timer
01-09 11:36:26.665  1086  1254 D ASH     : @ 967457.467: tcs3701: start power rail timer, state:3
01-09 11:36:26.705  1086  1254 I ASH     : @ 967457.507: tcs3701: stop power rail pending_off timer
01-09 11:36:26.705  1086  1254 D ASH     : @ 967457.507: tcs3701: start power rail timer, state:3
01-09 11:36:26.745  1086  1254 I ASH     : @ 967457.547: tcs3701: stop power rail pending_off timer
01-09 11:36:26.745  1086  1254 D ASH     : @ 967457.547: tcs3701: start power rail timer, state:3
01-09 11:36:26.785  1086  1254 I ASH     : @ 967457.587: tcs3701: stop power rail pending_off timer
01-09 11:36:26.785  1086  1254 D ASH     : @ 967457.587: tcs3701: start power rail timer, state:3
01-09 11:36:26.824  1086  1254 I ASH     : @ 967457.627: tcs3701: stop power rail pending_off timer
01-09 11:36:26.825  1086  1254 D ASH     : @ 967457.627: tcs3701: start power rail timer, state:3
01-09 11:36:26.865  1086  1254 I ASH     : @ 967457.667: tcs3701: stop power rail pending_off timer
01-09 11:36:26.865  1086  1254 D ASH     : @ 967457.667: tcs3701: start power rail timer, state:3
01-09 11:36:26.905  1086  1254 I ASH     : @ 967457.707: tcs3701: stop power rail pending_off timer
01-09 11:36:26.905  1086  1254 D ASH     : @ 967457.707: tcs3701: start power rail timer, state:3
01-09 11:36:26.945  1086  1254 I ASH     : @ 967457.747: tcs3701: stop power rail pending_off timer
01-09 11:36:26.945  1086  1254 D ASH     : @ 967457.747: tcs3701: start power rail timer, state:3
01-09 11:36:26.985  1086  1254 I ASH     : @ 967457.787: tcs3701: stop power rail pending_off timer
01-09 11:36:26.985  1086  1254 D ASH     : @ 967457.787: tcs3701: start power rail timer, state:3
01-09 11:36:27.024  1086  1254 I ASH     : @ 967457.827: tcs3701: stop power rail pending_off timer
01-09 11:36:27.024  1086  1254 D ASH     : @ 967457.827: tcs3701: start power rail timer, state:3
01-09 11:36:27.064  1086  1254 I ASH     : @ 967457.867: tcs3701: stop power rail pending_off timer
01-09 11:36:27.065  1086  1254 D ASH     : @ 967457.867: tcs3701: start power rail timer, state:3
01-09 11:36:27.105  1086  1254 I ASH     : @ 967457.907: tcs3701: stop power rail pending_off timer
01-09 11:36:27.105  1086  1254 D ASH     : @ 967457.907: tcs3701: start power rail timer, state:3
01-09 11:36:27.144  1086  1254 I ASH     : @ 967457.947: tcs3701: stop power rail pending_off timer
01-09 11:36:27.145  1086  1254 D ASH     : @ 967457.947: tcs3701: start power rail timer, state:3
01-09 11:36:27.185  1086  1254 I ASH     : @ 967457.987: tcs3701: stop power rail pending_off timer
01-09 11:36:27.185  1086  1254 D ASH     : @ 967457.987: tcs3701: start power rail timer, state:3
01-09 11:36:27.225  1086  1254 I ASH     : @ 967458.027: tcs3701: stop power rail pending_off timer
01-09 11:36:27.225  1086  1254 D ASH     : @ 967458.027: tcs3701: start power rail timer, state:3
01-09 11:36:27.264  1086  1254 I ASH     : @ 967458.067: tcs3701: stop power rail pending_off timer
01-09 11:36:27.265  1086  1254 D ASH     : @ 967458.067: tcs3701: start power rail timer, state:3
01-09 11:36:27.305  1086  1254 I ASH     : @ 967458.107: tcs3701: stop power rail pending_off timer
01-09 11:36:27.305  1086  1254 D ASH     : @ 967458.107: tcs3701: start power rail timer, state:3
01-09 11:36:27.345  1086  1254 I ASH     : @ 967458.147: tcs3701: stop power rail pending_off timer
01-09 11:36:27.345  1086  1254 D ASH     : @ 967458.147: tcs3701: start power rail timer, state:3
01-09 11:36:27.385  1086  1254 I ASH     : @ 967458.187: tcs3701: stop power rail pending_off timer
01-09 11:36:27.385  1086  1254 D ASH     : @ 967458.187: tcs3701: start power rail timer, state:3
01-09 11:36:27.425  1086  1254 I ASH     : @ 967458.227: tcs3701: stop power rail pending_off timer
01-09 11:36:27.425  1086  1254 D ASH     : @ 967458.227: tcs3701: start power rail timer, state:3
01-09 11:36:27.464  1086  1254 I ASH     : @ 967458.267: tcs3701: stop power rail pending_off timer
01-09 11:36:27.465  1086  1254 D ASH     : @ 967458.267: tcs3701: start power rail timer, state:3
01-09 11:36:27.505  1086  1254 I ASH     : @ 967458.307: tcs3701: stop power rail pending_off timer
01-09 11:36:27.505  1086  1254 D ASH     : @ 967458.307: tcs3701: start power rail timer, state:3
01-09 11:36:27.544  1086  1254 I ASH     : @ 967458.347: tcs3701: stop power rail pending_off timer
01-09 11:36:27.545  1086  1254 D ASH     : @ 967458.347: tcs3701: start power rail timer, state:3
01-09 11:36:27.585  1086  1254 I ASH     : @ 967458.387: tcs3701: stop power rail pending_off timer
01-09 11:36:27.585  1086  1254 D ASH     : @ 967458.387: tcs3701: start power rail timer, state:3
01-09 11:36:27.624  1086  1254 I ASH     : @ 967458.427: tcs3701: stop power rail pending_off timer
01-09 11:36:27.625  1086  1254 D ASH     : @ 967458.427: tcs3701: start power rail timer, state:3
01-09 11:36:27.665  1086  1254 I ASH     : @ 967458.467: tcs3701: stop power rail pending_off timer
01-09 11:36:27.665  1086  1254 D ASH     : @ 967458.467: tcs3701: start power rail timer, state:3
01-09 11:36:27.705  1086  1254 I ASH     : @ 967458.507: tcs3701: stop power rail pending_off timer
01-09 11:36:27.705  1086  1254 D ASH     : @ 967458.507: tcs3701: start power rail timer, state:3
01-09 11:36:27.745  1086  1254 I ASH     : @ 967458.547: tcs3701: stop power rail pending_off timer
01-09 11:36:27.745  1086  1254 D ASH     : @ 967458.547: tcs3701: start power rail timer, state:3
01-09 11:36:27.785  1086  1254 I ASH     : @ 967458.587: tcs3701: stop power rail pending_off timer
01-09 11:36:27.785  1086  1254 D ASH     : @ 967458.587: tcs3701: start power rail timer, state:3
01-09 11:36:27.824  1086  1254 I ASH     : @ 967458.627: tcs3701: stop power rail pending_off timer
01-09 11:36:27.825  1086  1254 D ASH     : @ 967458.627: tcs3701: start power rail timer, state:3
01-09 11:36:27.865  1086  1254 I ASH     : @ 967458.667: tcs3701: stop power rail pending_off timer
01-09 11:36:27.865  1086  1254 D ASH     : @ 967458.667: tcs3701: start power rail timer, state:3
01-09 11:36:27.904  1086  1254 I ASH     : @ 967458.707: tcs3701: stop power rail pending_off timer
01-09 11:36:27.904  1086  1254 D ASH     : @ 967458.707: tcs3701: start power rail timer, state:3
01-09 11:36:27.945  1086  1254 I ASH     : @ 967458.747: tcs3701: stop power rail pending_off timer
01-09 11:36:27.945  1086  1254 D ASH     : @ 967458.747: tcs3701: start power rail timer, state:3
01-09 11:36:27.985  1086  1254 I ASH     : @ 967458.787: tcs3701: stop power rail pending_off timer
01-09 11:36:27.985  1086  1254 D ASH     : @ 967458.787: tcs3701: start power rail timer, state:3
01-09 11:36:28.025  1086  1254 I ASH     : @ 967458.827: tcs3701: stop power rail pending_off timer
01-09 11:36:28.025  1086  1254 D ASH     : @ 967458.827: tcs3701: start power rail timer, state:3
01-09 11:36:28.065  1086  1254 I ASH     : @ 967458.867: tcs3701: stop power rail pending_off timer
01-09 11:36:28.065  1086  1254 D ASH     : @ 967458.867: tcs3701: start power rail timer, state:3
01-09 11:36:28.105  1086  1254 I ASH     : @ 967458.907: tcs3701: stop power rail pending_off timer
01-09 11:36:28.105  1086  1254 D ASH     : @ 967458.907: tcs3701: start power rail timer, state:3
01-09 11:36:28.144  1086  1254 I ASH     : @ 967458.947: tcs3701: stop power rail pending_off timer
01-09 11:36:28.145  1086  1254 D ASH     : @ 967458.947: tcs3701: start power rail timer, state:3
01-09 11:36:28.185  1086  1254 I ASH     : @ 967458.987: tcs3701: stop power rail pending_off timer
01-09 11:36:28.185  1086  1254 D ASH     : @ 967458.987: tcs3701: start power rail timer, state:3
01-09 11:36:28.225  1086  1254 I ASH     : @ 967459.027: tcs3701: stop power rail pending_off timer
01-09 11:36:28.225  1086  1254 D ASH     : @ 967459.027: tcs3701: start power rail timer, state:3
01-09 11:36:28.265  1086  1254 I ASH     : @ 967459.067: tcs3701: stop power rail pending_off timer
01-09 11:36:28.265  1086  1254 D ASH     : @ 967459.067: tcs3701: start power rail timer, state:3
01-09 11:36:28.305  1086  1254 I ASH     : @ 967459.107: tcs3701: stop power rail pending_off timer
01-09 11:36:28.305  1086  1254 D ASH     : @ 967459.107: tcs3701: start power rail timer, state:3
01-09 11:36:28.345  1086  1254 I ASH     : @ 967459.147: tcs3701: stop power rail pending_off timer
01-09 11:36:28.345  1086  1254 D ASH     : @ 967459.147: tcs3701: start power rail timer, state:3
01-09 11:36:28.385  1086  1254 I ASH     : @ 967459.187: tcs3701: stop power rail pending_off timer
01-09 11:36:28.385  1086  1254 D ASH     : @ 967459.187: tcs3701: start power rail timer, state:3
01-09 11:36:28.425  1086  1254 I ASH     : @ 967459.227: tcs3701: stop power rail pending_off timer
01-09 11:36:28.425  1086  1254 D ASH     : @ 967459.227: tcs3701: start power rail timer, state:3
01-09 11:36:28.465  1086  1254 I ASH     : @ 967459.267: tcs3701: stop power rail pending_off timer
01-09 11:36:28.465  1086  1254 D ASH     : @ 967459.267: tcs3701: start power rail timer, state:3
01-09 11:36:28.504  1086  1254 I ASH     : @ 967459.307: tcs3701: stop power rail pending_off timer
01-09 11:36:28.505  1086  1254 D ASH     : @ 967459.307: tcs3701: start power rail timer, state:3
01-09 11:36:28.544  1086  1254 I ASH     : @ 967459.347: tcs3701: stop power rail pending_off timer
01-09 11:36:28.545  1086  1254 D ASH     : @ 967459.347: tcs3701: start power rail timer, state:3
01-09 11:36:28.585  1086  1254 I ASH     : @ 967459.387: tcs3701: stop power rail pending_off timer
01-09 11:36:28.585  1086  1254 D ASH     : @ 967459.387: tcs3701: start power rail timer, state:3
01-09 11:36:28.625  1086  1254 I ASH     : @ 967459.427: tcs3701: stop power rail pending_off timer
01-09 11:36:28.625  1086  1254 D ASH     : @ 967459.427: tcs3701: start power rail timer, state:3
01-09 11:36:28.665  1086  1254 I ASH     : @ 967459.467: tcs3701: stop power rail pending_off timer
01-09 11:36:28.665  1086  1254 D ASH     : @ 967459.467: tcs3701: start power rail timer, state:3
01-09 11:36:28.705  1086  1254 I ASH     : @ 967459.507: tcs3701: stop power rail pending_off timer
01-09 11:36:28.705  1086  1254 D ASH     : @ 967459.507: tcs3701: start power rail timer, state:3
01-09 11:36:28.745  1086  1254 I ASH     : @ 967459.547: tcs3701: stop power rail pending_off timer
01-09 11:36:28.745  1086  1254 D ASH     : @ 967459.547: tcs3701: start power rail timer, state:3
01-09 11:36:28.785  1086  1254 I ASH     : @ 967459.587: tcs3701: stop power rail pending_off timer
01-09 11:36:28.785  1086  1254 D ASH     : @ 967459.587: tcs3701: start power rail timer, state:3
01-09 11:36:28.825  1086  1254 I ASH     : @ 967459.627: tcs3701: stop power rail pending_off timer
01-09 11:36:28.825  1086  1254 D ASH     : @ 967459.627: tcs3701: start power rail timer, state:3
01-09 11:36:28.865  1086  1254 I ASH     : @ 967459.667: tcs3701: stop power rail pending_off timer
01-09 11:36:28.865  1086  1254 D ASH     : @ 967459.667: tcs3701: start power rail timer, state:3
01-09 11:36:28.905  1086  1254 I ASH     : @ 967459.707: tcs3701: stop power rail pending_off timer
01-09 11:36:28.905  1086  1254 D ASH     : @ 967459.707: tcs3701: start power rail timer, state:3
01-09 11:36:28.945  1086  1254 I ASH     : @ 967459.747: tcs3701: stop power rail pending_off timer
01-09 11:36:28.945  1086  1254 D ASH     : @ 967459.747: tcs3701: start power rail timer, state:3
01-09 11:36:28.986  1086  1254 I ASH     : @ 967459.787: tcs3701: stop power rail pending_off timer
01-09 11:36:28.986  1086  1254 D ASH     : @ 967459.787: tcs3701: start power rail timer, state:3
01-09 11:36:29.025  1086  1254 I ASH     : @ 967459.827: tcs3701: stop power rail pending_off timer
01-09 11:36:29.025  1086  1254 D ASH     : @ 967459.827: tcs3701: start power rail timer, state:3
01-09 11:36:29.065  1086  1254 I ASH     : @ 967459.867: tcs3701: stop power rail pending_off timer
01-09 11:36:29.065  1086  1254 D ASH     : @ 967459.867: tcs3701: start power rail timer, state:3
01-09 11:36:29.105  1086  1254 I ASH     : @ 967459.907: tcs3701: stop power rail pending_off timer
01-09 11:36:29.105  1086  1254 D ASH     : @ 967459.907: tcs3701: start power rail timer, state:3
01-09 11:36:29.145  1086  1254 I ASH     : @ 967459.947: tcs3701: stop power rail pending_off timer
01-09 11:36:29.145  1086  1254 D ASH     : @ 967459.947: tcs3701: start power rail timer, state:3
01-09 11:36:29.185  1086  1254 I ASH     : @ 967459.987: tcs3701: stop power rail pending_off timer
01-09 11:36:29.185  1086  1254 D ASH     : @ 967459.987: tcs3701: start power rail timer, state:3
01-09 11:36:29.225  1086  1254 I ASH     : @ 967460.027: tcs3701: stop power rail pending_off timer
01-09 11:36:29.225  1086  1254 D ASH     : @ 967460.027: tcs3701: start power rail timer, state:3
01-09 11:36:29.264  1086  1254 I ASH     : @ 967460.067: tcs3701: stop power rail pending_off timer
01-09 11:36:29.265  1086  1254 D ASH     : @ 967460.067: tcs3701: start power rail timer, state:3
01-09 11:36:29.305  1086  1254 I ASH     : @ 967460.107: tcs3701: stop power rail pending_off timer
01-09 11:36:29.305  1086  1254 D ASH     : @ 967460.107: tcs3701: start power rail timer, state:3
01-09 11:36:29.345  1086  1254 I ASH     : @ 967460.147: tcs3701: stop power rail pending_off timer
01-09 11:36:29.345  1086  1254 D ASH     : @ 967460.147: tcs3701: start power rail timer, state:3
01-09 11:36:29.384  1086  1254 I ASH     : @ 967460.187: tcs3701: stop power rail pending_off timer
01-09 11:36:29.385  1086  1254 D ASH     : @ 967460.187: tcs3701: start power rail timer, state:3
01-09 11:36:29.425  1086  1254 I ASH     : @ 967460.227: tcs3701: stop power rail pending_off timer
01-09 11:36:29.425  1086  1254 D ASH     : @ 967460.227: tcs3701: start power rail timer, state:3
01-09 11:36:29.465  1086  1254 I ASH     : @ 967460.267: tcs3701: stop power rail pending_off timer
01-09 11:36:29.465  1086  1254 D ASH     : @ 967460.267: tcs3701: start power rail timer, state:3
01-09 11:36:29.505  1086  1254 I ASH     : @ 967460.307: tcs3701: stop power rail pending_off timer
01-09 11:36:29.505  1086  1254 D ASH     : @ 967460.307: tcs3701: start power rail timer, state:3
01-09 11:36:29.545  1086  1254 I ASH     : @ 967460.347: tcs3701: stop power rail pending_off timer
01-09 11:36:29.545  1086  1254 D ASH     : @ 967460.347: tcs3701: start power rail timer, state:3
01-09 11:36:29.585  1086  1254 I ASH     : @ 967460.387: tcs3701: stop power rail pending_off timer
01-09 11:36:29.585  1086  1254 D ASH     : @ 967460.387: tcs3701: start power rail timer, state:3
01-09 11:36:29.625  1086  1254 I ASH     : @ 967460.427: tcs3701: stop power rail pending_off timer
01-09 11:36:29.625  1086  1254 D ASH     : @ 967460.427: tcs3701: start power rail timer, state:3
01-09 11:36:29.664  1086  1254 I ASH     : @ 967460.467: tcs3701: stop power rail pending_off timer
01-09 11:36:29.665  1086  1254 D ASH     : @ 967460.467: tcs3701: start power rail timer, state:3
01-09 11:36:29.705  1086  1254 I ASH     : @ 967460.507: tcs3701: stop power rail pending_off timer
01-09 11:36:29.705  1086  1254 D ASH     : @ 967460.507: tcs3701: start power rail timer, state:3
01-09 11:36:29.745  1086  1254 I ASH     : @ 967460.547: tcs3701: stop power rail pending_off timer
01-09 11:36:29.745  1086  1254 D ASH     : @ 967460.547: tcs3701: start power rail timer, state:3
01-09 11:36:29.785  1086  1254 I ASH     : @ 967460.587: tcs3701: stop power rail pending_off timer
01-09 11:36:29.785  1086  1254 D ASH     : @ 967460.587: tcs3701: start power rail timer, state:3
01-09 11:36:29.825  1086  1254 I ASH     : @ 967460.627: tcs3701: stop power rail pending_off timer
01-09 11:36:29.825  1086  1254 D ASH     : @ 967460.627: tcs3701: start power rail timer, state:3
01-09 11:36:29.865  1086  1254 I ASH     : @ 967460.667: tcs3701: stop power rail pending_off timer
01-09 11:36:29.865  1086  1254 D ASH     : @ 967460.667: tcs3701: start power rail timer, state:3
01-09 11:36:29.905  1086  1254 I ASH     : @ 967460.707: tcs3701: stop power rail pending_off timer
01-09 11:36:29.905  1086  1254 D ASH     : @ 967460.707: tcs3701: start power rail timer, state:3
01-09 11:36:29.945  1086  1254 I ASH     : @ 967460.747: tcs3701: stop power rail pending_off timer
01-09 11:36:29.945  1086  1254 D ASH     : @ 967460.747: tcs3701: start power rail timer, state:3
01-09 11:36:29.985  1086  1254 I ASH     : @ 967460.787: tcs3701: stop power rail pending_off timer
01-09 11:36:29.985  1086  1254 D ASH     : @ 967460.787: tcs3701: start power rail timer, state:3
01-09 11:36:30.024  1086  1254 I ASH     : @ 967460.827: tcs3701: stop power rail pending_off timer
01-09 11:36:30.025  1086  1254 D ASH     : @ 967460.827: tcs3701: start power rail timer, state:3
01-09 11:36:30.064  1086  1254 I ASH     : @ 967460.867: tcs3701: stop power rail pending_off timer
01-09 11:36:30.065  1086  1254 D ASH     : @ 967460.867: tcs3701: start power rail timer, state:3
01-09 11:36:30.104  1086  1254 I ASH     : @ 967460.907: tcs3701: stop power rail pending_off timer
01-09 11:36:30.105  1086  1254 D ASH     : @ 967460.907: tcs3701: start power rail timer, state:3
01-09 11:36:30.145  1086  1254 I ASH     : @ 967460.947: tcs3701: stop power rail pending_off timer
01-09 11:36:30.145  1086  1254 D ASH     : @ 967460.947: tcs3701: start power rail timer, state:3
01-09 11:36:30.184  1086  1254 I ASH     : @ 967460.987: tcs3701: stop power rail pending_off timer
01-09 11:36:30.185  1086  1254 D ASH     : @ 967460.987: tcs3701: start power rail timer, state:3
01-09 11:36:30.225  1086  1254 I ASH     : @ 967461.027: tcs3701: stop power rail pending_off timer
01-09 11:36:30.225  1086  1254 D ASH     : @ 967461.027: tcs3701: start power rail timer, state:3
01-09 11:36:30.265  1086  1254 I ASH     : @ 967461.067: tcs3701: stop power rail pending_off timer
01-09 11:36:30.265  1086  1254 D ASH     : @ 967461.067: tcs3701: start power rail timer, state:3
01-09 11:36:30.305  1086  1254 I ASH     : @ 967461.107: tcs3701: stop power rail pending_off timer
01-09 11:36:30.305  1086  1254 D ASH     : @ 967461.107: tcs3701: start power rail timer, state:3
01-09 11:36:30.345  1086  1254 I ASH     : @ 967461.147: tcs3701: stop power rail pending_off timer
01-09 11:36:30.345  1086  1254 D ASH     : @ 967461.147: tcs3701: start power rail timer, state:3
01-09 11:36:30.385  1086  1254 I ASH     : @ 967461.187: tcs3701: stop power rail pending_off timer
01-09 11:36:30.385  1086  1254 D ASH     : @ 967461.187: tcs3701: start power rail timer, state:3
01-09 11:36:30.425  1086  1254 I ASH     : @ 967461.227: tcs3701: stop power rail pending_off timer
01-09 11:36:30.425  1086  1254 D ASH     : @ 967461.227: tcs3701: start power rail timer, state:3
01-09 11:36:30.464  1086  1254 I ASH     : @ 967461.267: tcs3701: stop power rail pending_off timer
01-09 11:36:30.465  1086  1254 D ASH     : @ 967461.267: tcs3701: start power rail timer, state:3
01-09 11:36:30.505  1086  1254 I ASH     : @ 967461.307: tcs3701: stop power rail pending_off timer
01-09 11:36:30.505  1086  1254 D ASH     : @ 967461.307: tcs3701: start power rail timer, state:3
01-09 11:36:30.545  1086  1254 I ASH     : @ 967461.347: tcs3701: stop power rail pending_off timer
01-09 11:36:30.545  1086  1254 D ASH     : @ 967461.347: tcs3701: start power rail timer, state:3
01-09 11:36:30.585  1086  1254 I ASH     : @ 967461.387: tcs3701: stop power rail pending_off timer
01-09 11:36:30.585  1086  1254 D ASH     : @ 967461.387: tcs3701: start power rail timer, state:3
01-09 11:36:30.625  1086  1254 I ASH     : @ 967461.427: tcs3701: stop power rail pending_off timer
01-09 11:36:30.625  1086  1254 D ASH     : @ 967461.427: tcs3701: start power rail timer, state:3
01-09 11:36:30.664  1086  1254 I ASH     : @ 967461.467: tcs3701: stop power rail pending_off timer
01-09 11:36:30.665  1086  1254 D ASH     : @ 967461.467: tcs3701: start power rail timer, state:3
01-09 11:36:30.705  1086  1254 I ASH     : @ 967461.507: tcs3701: stop power rail pending_off timer
01-09 11:36:30.705  1086  1254 D ASH     : @ 967461.507: tcs3701: start power rail timer, state:3
01-09 11:36:30.744  1086  1254 I ASH     : @ 967461.547: tcs3701: stop power rail pending_off timer
01-09 11:36:30.745  1086  1254 D ASH     : @ 967461.547: tcs3701: start power rail timer, state:3
01-09 11:36:30.785  1086  1254 I ASH     : @ 967461.587: tcs3701: stop power rail pending_off timer
01-09 11:36:30.785  1086  1254 D ASH     : @ 967461.587: tcs3701: start power rail timer, state:3
01-09 11:36:30.824  1086  1254 I ASH     : @ 967461.627: tcs3701: stop power rail pending_off timer
01-09 11:36:30.825  1086  1254 D ASH     : @ 967461.627: tcs3701: start power rail timer, state:3
01-09 11:36:30.865  1086  1254 I ASH     : @ 967461.667: tcs3701: stop power rail pending_off timer
01-09 11:36:30.865  1086  1254 D ASH     : @ 967461.667: tcs3701: start power rail timer, state:3
01-09 11:36:30.905  1086  1254 I ASH     : @ 967461.707: tcs3701: stop power rail pending_off timer
01-09 11:36:30.905  1086  1254 D ASH     : @ 967461.707: tcs3701: start power rail timer, state:3
01-09 11:36:30.945  1086  1254 I ASH     : @ 967461.747: tcs3701: stop power rail pending_off timer
01-09 11:36:30.945  1086  1254 D ASH     : @ 967461.747: tcs3701: start power rail timer, state:3
01-09 11:36:30.985  1086  1254 I ASH     : @ 967461.787: tcs3701: stop power rail pending_off timer
01-09 11:36:30.985  1086  1254 D ASH     : @ 967461.787: tcs3701: start power rail timer, state:3
01-09 11:36:31.025  1086  1254 I ASH     : @ 967461.827: tcs3701: stop power rail pending_off timer
01-09 11:36:31.025  1086  1254 D ASH     : @ 967461.827: tcs3701: start power rail timer, state:3
01-09 11:36:31.065  1086  1254 I ASH     : @ 967461.867: tcs3701: stop power rail pending_off timer
01-09 11:36:31.065  1086  1254 D ASH     : @ 967461.867: tcs3701: start power rail timer, state:3
01-09 11:36:31.105  1086  1254 I ASH     : @ 967461.907: tcs3701: stop power rail pending_off timer
01-09 11:36:31.105  1086  1254 D ASH     : @ 967461.907: tcs3701: start power rail timer, state:3
01-09 11:36:31.145  1086  1254 I ASH     : @ 967461.947: tcs3701: stop power rail pending_off timer
01-09 11:36:31.145  1086  1254 D ASH     : @ 967461.947: tcs3701: start power rail timer, state:3
01-09 11:36:31.184  1086  1254 I ASH     : @ 967461.987: tcs3701: stop power rail pending_off timer
01-09 11:36:31.185  1086  1254 D ASH     : @ 967461.987: tcs3701: start power rail timer, state:3
01-09 11:36:31.225  1086  1254 I ASH     : @ 967462.027: tcs3701: stop power rail pending_off timer
01-09 11:36:31.225  1086  1254 D ASH     : @ 967462.027: tcs3701: start power rail timer, state:3
01-09 11:36:31.264  1086  1254 I ASH     : @ 967462.067: tcs3701: stop power rail pending_off timer
01-09 11:36:31.265  1086  1254 D ASH     : @ 967462.067: tcs3701: start power rail timer, state:3
01-09 11:36:31.304  1086  1254 I ASH     : @ 967462.107: tcs3701: stop power rail pending_off timer
01-09 11:36:31.305  1086  1254 D ASH     : @ 967462.107: tcs3701: start power rail timer, state:3
01-09 11:36:31.345  1086  1254 I ASH     : @ 967462.147: tcs3701: stop power rail pending_off timer
01-09 11:36:31.345  1086  1254 D ASH     : @ 967462.147: tcs3701: start power rail timer, state:3
01-09 11:36:31.385  1086  1254 I ASH     : @ 967462.187: tcs3701: stop power rail pending_off timer
01-09 11:36:31.385  1086  1254 D ASH     : @ 967462.187: tcs3701: start power rail timer, state:3
01-09 11:36:31.425  1086  1254 I ASH     : @ 967462.227: tcs3701: stop power rail pending_off timer
01-09 11:36:31.425  1086  1254 D ASH     : @ 967462.227: tcs3701: start power rail timer, state:3
01-09 11:36:31.465  1086  1254 I ASH     : @ 967462.267: tcs3701: stop power rail pending_off timer
01-09 11:36:31.465  1086  1254 D ASH     : @ 967462.267: tcs3701: start power rail timer, state:3
01-09 11:36:31.504  1086  1254 I ASH     : @ 967462.307: tcs3701: stop power rail pending_off timer
01-09 11:36:31.505  1086  1254 D ASH     : @ 967462.307: tcs3701: start power rail timer, state:3
01-09 11:36:31.545  1086  1254 I ASH     : @ 967462.347: tcs3701: stop power rail pending_off timer
01-09 11:36:31.545  1086  1254 D ASH     : @ 967462.347: tcs3701: start power rail timer, state:3
01-09 11:36:31.585  1086  1254 I ASH     : @ 967462.387: tcs3701: stop power rail pending_off timer
01-09 11:36:31.585  1086  1254 D ASH     : @ 967462.387: tcs3701: start power rail timer, state:3
01-09 11:36:31.625  1086  1254 I ASH     : @ 967462.427: tcs3701: stop power rail pending_off timer
01-09 11:36:31.625  1086  1254 D ASH     : @ 967462.427: tcs3701: start power rail timer, state:3
01-09 11:36:31.665  1086  1254 I ASH     : @ 967462.467: tcs3701: stop power rail pending_off timer
01-09 11:36:31.665  1086  1254 D ASH     : @ 967462.467: tcs3701: start power rail timer, state:3
01-09 11:36:31.705  1086  1254 I ASH     : @ 967462.507: tcs3701: stop power rail pending_off timer
01-09 11:36:31.705  1086  1254 D ASH     : @ 967462.507: tcs3701: start power rail timer, state:3
01-09 11:36:31.745  1086  1254 I ASH     : @ 967462.547: tcs3701: stop power rail pending_off timer
01-09 11:36:31.745  1086  1254 D ASH     : @ 967462.547: tcs3701: start power rail timer, state:3
01-09 11:36:31.784  1086  1254 I ASH     : @ 967462.587: tcs3701: stop power rail pending_off timer
01-09 11:36:31.785  1086  1254 D ASH     : @ 967462.587: tcs3701: start power rail timer, state:3
01-09 11:36:31.825  1086  1254 I ASH     : @ 967462.627: tcs3701: stop power rail pending_off timer
01-09 11:36:31.825  1086  1254 D ASH     : @ 967462.627: tcs3701: start power rail timer, state:3
01-09 11:36:31.865  1086  1254 I ASH     : @ 967462.667: tcs3701: stop power rail pending_off timer
01-09 11:36:31.865  1086  1254 D ASH     : @ 967462.667: tcs3701: start power rail timer, state:3
01-09 11:36:31.905  1086  1254 I ASH     : @ 967462.707: tcs3701: stop power rail pending_off timer
01-09 11:36:31.905  1086  1254 D ASH     : @ 967462.707: tcs3701: start power rail timer, state:3
01-09 11:36:31.945  1086  1254 I ASH     : @ 967462.747: tcs3701: stop power rail pending_off timer
01-09 11:36:31.945  1086  1254 D ASH     : @ 967462.747: tcs3701: start power rail timer, state:3
01-09 11:36:31.984  1086  1254 I ASH     : @ 967462.787: tcs3701: stop power rail pending_off timer
01-09 11:36:31.985  1086  1254 D ASH     : @ 967462.787: tcs3701: start power rail timer, state:3
01-09 11:36:32.025  1086  1254 I ASH     : @ 967462.827: tcs3701: stop power rail pending_off timer
01-09 11:36:32.025  1086  1254 D ASH     : @ 967462.827: tcs3701: start power rail timer, state:3
01-09 11:36:32.065  1086  1254 I ASH     : @ 967462.867: tcs3701: stop power rail pending_off timer
01-09 11:36:32.065  1086  1254 D ASH     : @ 967462.867: tcs3701: start power rail timer, state:3
01-09 11:36:32.105  1086  1254 I ASH     : @ 967462.907: tcs3701: stop power rail pending_off timer
01-09 11:36:32.105  1086  1254 D ASH     : @ 967462.907: tcs3701: start power rail timer, state:3
01-09 11:36:32.145  1086  1254 I ASH     : @ 967462.947: tcs3701: stop power rail pending_off timer
01-09 11:36:32.145  1086  1254 D ASH     : @ 967462.947: tcs3701: start power rail timer, state:3
01-09 11:36:32.185  1086  1254 I ASH     : @ 967462.987: tcs3701: stop power rail pending_off timer
01-09 11:36:32.185  1086  1254 D ASH     : @ 967462.987: tcs3701: start power rail timer, state:3
01-09 11:36:32.225  1086  1254 I ASH     : @ 967463.027: tcs3701: stop power rail pending_off timer
01-09 11:36:32.225  1086  1254 D ASH     : @ 967463.027: tcs3701: start power rail timer, state:3
01-09 11:36:32.264  1086  1254 I ASH     : @ 967463.067: tcs3701: stop power rail pending_off timer
01-09 11:36:32.264  1086  1254 D ASH     : @ 967463.067: tcs3701: start power rail timer, state:3
01-09 11:36:32.305  1086  1254 I ASH     : @ 967463.107: tcs3701: stop power rail pending_off timer
01-09 11:36:32.305  1086  1254 D ASH     : @ 967463.107: tcs3701: start power rail timer, state:3
01-09 11:36:32.345  1086  1254 I ASH     : @ 967463.147: tcs3701: stop power rail pending_off timer
01-09 11:36:32.345  1086  1254 D ASH     : @ 967463.147: tcs3701: start power rail timer, state:3
01-09 11:36:32.384  1086  1254 I ASH     : @ 967463.187: tcs3701: stop power rail pending_off timer
01-09 11:36:32.385  1086  1254 D ASH     : @ 967463.187: tcs3701: start power rail timer, state:3
01-09 11:36:32.425  1086  1254 I ASH     : @ 967463.227: tcs3701: stop power rail pending_off timer
01-09 11:36:32.425  1086  1254 D ASH     : @ 967463.227: tcs3701: start power rail timer, state:3
01-09 11:36:32.464  1086  1254 I ASH     : @ 967463.267: tcs3701: stop power rail pending_off timer
01-09 11:36:32.465  1086  1254 D ASH     : @ 967463.267: tcs3701: start power rail timer, state:3
01-09 11:36:32.505  1086  1254 I ASH     : @ 967463.307: tcs3701: stop power rail pending_off timer
01-09 11:36:32.505  1086  1254 D ASH     : @ 967463.307: tcs3701: start power rail timer, state:3
01-09 11:36:32.545  1086  1254 I ASH     : @ 967463.347: tcs3701: stop power rail pending_off timer
01-09 11:36:32.545  1086  1254 D ASH     : @ 967463.347: tcs3701: start power rail timer, state:3
01-09 11:36:32.555 26733 26754 I Unity   : [showcase] frame cost — scene surfaces at 1080x2340 over 240 frames — tick 0.11 ms, draw mean 0.23 p50 0.21 p95 0.27 max 5.85 ms (2950.2 fps if unpaced)
01-09 11:36:32.555 26733 26754 I Unity   : UnityEngine.DebugLogHandler:Internal_Log(LogType, LogOption, String, Object)
01-09 11:36:32.555 26733 26754 I Unity   : Driftsys.Dashscene.Samples.DashsceneShowcase:Update()
01-09 11:36:32.555 26733 26754 I Unity   : 
01-09 11:36:32.585  1086  1254 I ASH     : @ 967463.387: tcs3701: stop power rail pending_off timer
01-09 11:36:32.585  1086  1254 D ASH     : @ 967463.387: tcs3701: start power rail timer, state:3
01-09 11:36:32.625  1086  1254 I ASH     : @ 967463.427: tcs3701: stop power rail pending_off timer
01-09 11:36:32.625  1086  1254 D ASH     : @ 967463.427: tcs3701: start power rail timer, state:3
01-09 11:36:32.665  1086  1254 I ASH     : @ 967463.467: tcs3701: stop power rail pending_off timer
01-09 11:36:32.665  1086  1254 D ASH     : @ 967463.467: tcs3701: start power rail timer, state:3
01-09 11:36:32.705  1086  1254 I ASH     : @ 967463.507: tcs3701: stop power rail pending_off timer
01-09 11:36:32.705  1086  1254 D ASH     : @ 967463.507: tcs3701: start power rail timer, state:3
01-09 11:36:32.745  1086  1254 I ASH     : @ 967463.547: tcs3701: stop power rail pending_off timer
01-09 11:36:32.745  1086  1254 D ASH     : @ 967463.547: tcs3701: start power rail timer, state:3
01-09 11:36:32.785  1086  1254 I ASH     : @ 967463.587: tcs3701: stop power rail pending_off timer
01-09 11:36:32.785  1086  1254 D ASH     : @ 967463.587: tcs3701: start power rail timer, state:3
01-09 11:36:32.825  1086  1254 I ASH     : @ 967463.627: tcs3701: stop power rail pending_off timer
01-09 11:36:32.825  1086  1254 D ASH     : @ 967463.627: tcs3701: start power rail timer, state:3
01-09 11:36:32.865  1086  1254 I ASH     : @ 967463.667: tcs3701: stop power rail pending_off timer
01-09 11:36:32.865  1086  1254 D ASH     : @ 967463.667: tcs3701: start power rail timer, state:3
01-09 11:36:32.905  1086  1254 I ASH     : @ 967463.707: tcs3701: stop power rail pending_off timer
01-09 11:36:32.905  1086  1254 D ASH     : @ 967463.707: tcs3701: start power rail timer, state:3
01-09 11:36:32.945  1086  1254 I ASH     : @ 967463.747: tcs3701: stop power rail pending_off timer
01-09 11:36:32.945  1086  1254 D ASH     : @ 967463.747: tcs3701: start power rail timer, state:3
01-09 11:36:32.985  1086  1254 I ASH     : @ 967463.787: tcs3701: stop power rail pending_off timer
01-09 11:36:32.985  1086  1254 D ASH     : @ 967463.787: tcs3701: start power rail timer, state:3
01-09 11:36:33.025  1086  1254 I ASH     : @ 967463.827: tcs3701: stop power rail pending_off timer
01-09 11:36:33.025  1086  1254 D ASH     : @ 967463.827: tcs3701: start power rail timer, state:3
01-09 11:36:33.065  1086  1254 I ASH     : @ 967463.867: tcs3701: stop power rail pending_off timer
01-09 11:36:33.065  1086  1254 D ASH     : @ 967463.867: tcs3701: start power rail timer, state:3
01-09 11:36:33.105  1086  1254 I ASH     : @ 967463.907: tcs3701: stop power rail pending_off timer
01-09 11:36:33.105  1086  1254 D ASH     : @ 967463.907: tcs3701: start power rail timer, state:3
01-09 11:36:33.145  1086  1254 I ASH     : @ 967463.947: tcs3701: stop power rail pending_off timer
01-09 11:36:33.145  1086  1254 D ASH     : @ 967463.947: tcs3701: start power rail timer, state:3
01-09 11:36:33.185  1086  1254 I ASH     : @ 967463.987: tcs3701: stop power rail pending_off timer
01-09 11:36:33.185  1086  1254 D ASH     : @ 967463.987: tcs3701: start power rail timer, state:3
01-09 11:36:33.225  1086  1254 I ASH     : @ 967464.027: tcs3701: stop power rail pending_off timer
01-09 11:36:33.225  1086  1254 D ASH     : @ 967464.027: tcs3701: start power rail timer, state:3
01-09 11:36:33.265  1086  1254 I ASH     : @ 967464.067: tcs3701: stop power rail pending_off timer
01-09 11:36:33.265  1086  1254 D ASH     : @ 967464.067: tcs3701: start power rail timer, state:3
01-09 11:36:33.305  1086  1254 I ASH     : @ 967464.107: tcs3701: stop power rail pending_off timer
01-09 11:36:33.305  1086  1254 D ASH     : @ 967464.107: tcs3701: start power rail timer, state:3
01-09 11:36:33.345  1086  1254 I ASH     : @ 967464.147: tcs3701: stop power rail pending_off timer
01-09 11:36:33.345  1086  1254 D ASH     : @ 967464.147: tcs3701: start power rail timer, state:3
01-09 11:36:33.384  1086  1254 I ASH     : @ 967464.187: tcs3701: stop power rail pending_off timer
01-09 11:36:33.385  1086  1254 D ASH     : @ 967464.187: tcs3701: start power rail timer, state:3
01-09 11:36:33.425  1086  1254 I ASH     : @ 967464.227: tcs3701: stop power rail pending_off timer
01-09 11:36:33.425  1086  1254 D ASH     : @ 967464.227: tcs3701: start power rail timer, state:3
01-09 11:36:33.465  1086  1254 I ASH     : @ 967464.267: tcs3701: stop power rail pending_off timer
01-09 11:36:33.465  1086  1254 D ASH     : @ 967464.267: tcs3701: start power rail timer, state:3
01-09 11:36:33.505  1086  1254 I ASH     : @ 967464.307: tcs3701: stop power rail pending_off timer
01-09 11:36:33.505  1086  1254 D ASH     : @ 967464.307: tcs3701: start power rail timer, state:3
01-09 11:36:33.545  1086  1254 I ASH     : @ 967464.347: tcs3701: stop power rail pending_off timer
01-09 11:36:33.545  1086  1254 D ASH     : @ 967464.347: tcs3701: start power rail timer, state:3
01-09 11:36:33.585  1086  1254 I ASH     : @ 967464.387: tcs3701: stop power rail pending_off timer
01-09 11:36:33.585  1086  1254 D ASH     : @ 967464.387: tcs3701: start power rail timer, state:3
01-09 11:36:33.626  1086  1254 I ASH     : @ 967464.427: tcs3701: stop power rail pending_off timer
01-09 11:36:33.626  1086  1254 D ASH     : @ 967464.427: tcs3701: start power rail timer, state:3
01-09 11:36:33.665  1086  1254 I ASH     : @ 967464.467: tcs3701: stop power rail pending_off timer
01-09 11:36:33.665  1086  1254 D ASH     : @ 967464.467: tcs3701: start power rail timer, state:3
01-09 11:36:33.705  1086  1254 I ASH     : @ 967464.507: tcs3701: stop power rail pending_off timer
01-09 11:36:33.705  1086  1254 D ASH     : @ 967464.507: tcs3701: start power rail timer, state:3
01-09 11:36:33.745  1086  1254 I ASH     : @ 967464.547: tcs3701: stop power rail pending_off timer
01-09 11:36:33.745  1086  1254 D ASH     : @ 967464.547: tcs3701: start power rail timer, state:3
01-09 11:36:33.785  1086  1254 I ASH     : @ 967464.587: tcs3701: stop power rail pending_off timer
01-09 11:36:33.785  1086  1254 D ASH     : @ 967464.587: tcs3701: start power rail timer, state:3
01-09 11:36:33.825  1086  1254 I ASH     : @ 967464.627: tcs3701: stop power rail pending_off timer
01-09 11:36:33.825  1086  1254 D ASH     : @ 967464.627: tcs3701: start power rail timer, state:3
01-09 11:36:33.865  1086  1254 I ASH     : @ 967464.667: tcs3701: stop power rail pending_off timer
01-09 11:36:33.865  1086  1254 D ASH     : @ 967464.667: tcs3701: start power rail timer, state:3
01-09 11:36:33.904  1086  1254 I ASH     : @ 967464.707: tcs3701: stop power rail pending_off timer
01-09 11:36:33.905  1086  1254 D ASH     : @ 967464.707: tcs3701: start power rail timer, state:3
01-09 11:36:33.945  1086  1254 I ASH     : @ 967464.747: tcs3701: stop power rail pending_off timer
01-09 11:36:33.945  1086  1254 D ASH     : @ 967464.747: tcs3701: start power rail timer, state:3
01-09 11:36:33.985  1086  1254 I ASH     : @ 967464.787: tcs3701: stop power rail pending_off timer
01-09 11:36:33.985  1086  1254 D ASH     : @ 967464.787: tcs3701: start power rail timer, state:3
01-09 11:36:34.025  1086  1254 I ASH     : @ 967464.827: tcs3701: stop power rail pending_off timer
01-09 11:36:34.025  1086  1254 D ASH     : @ 967464.827: tcs3701: start power rail timer, state:3
01-09 11:36:34.065  1086  1254 I ASH     : @ 967464.867: tcs3701: stop power rail pending_off timer
01-09 11:36:34.065  1086  1254 D ASH     : @ 967464.867: tcs3701: start power rail timer, state:3
01-09 11:36:34.105  1086  1254 I ASH     : @ 967464.907: tcs3701: stop power rail pending_off timer
01-09 11:36:34.105  1086  1254 D ASH     : @ 967464.907: tcs3701: start power rail timer, state:3
01-09 11:36:34.145  1086  1254 I ASH     : @ 967464.947: tcs3701: stop power rail pending_off timer
01-09 11:36:34.145  1086  1254 D ASH     : @ 967464.947: tcs3701: start power rail timer, state:3
01-09 11:36:34.185  1086  1254 I ASH     : @ 967464.987: tcs3701: stop power rail pending_off timer
01-09 11:36:34.185  1086  1254 D ASH     : @ 967464.987: tcs3701: start power rail timer, state:3
01-09 11:36:34.225  1086  1254 I ASH     : @ 967465.027: tcs3701: stop power rail pending_off timer
01-09 11:36:34.225  1086  1254 D ASH     : @ 967465.027: tcs3701: start power rail timer, state:3
01-09 11:36:34.265  1086  1254 I ASH     : @ 967465.067: tcs3701: stop power rail pending_off timer
01-09 11:36:34.265  1086  1254 D ASH     : @ 967465.067: tcs3701: start power rail timer, state:3
01-09 11:36:34.305  1086  1254 I ASH     : @ 967465.107: tcs3701: stop power rail pending_off timer
01-09 11:36:34.305  1086  1254 D ASH     : @ 967465.107: tcs3701: start power rail timer, state:3
01-09 11:36:34.344  1086  1254 I ASH     : @ 967465.147: tcs3701: stop power rail pending_off timer
01-09 11:36:34.345  1086  1254 D ASH     : @ 967465.147: tcs3701: start power rail timer, state:3
01-09 11:36:34.384  1086  1254 I ASH     : @ 967465.187: tcs3701: stop power rail pending_off timer
01-09 11:36:34.385  1086  1254 D ASH     : @ 967465.187: tcs3701: start power rail timer, state:3
01-09 11:36:34.425  1086  1254 I ASH     : @ 967465.227: tcs3701: stop power rail pending_off timer
01-09 11:36:34.425  1086  1254 D ASH     : @ 967465.227: tcs3701: start power rail timer, state:3
01-09 11:36:34.464  1086  1254 I ASH     : @ 967465.267: tcs3701: stop power rail pending_off timer
01-09 11:36:34.465  1086  1254 D ASH     : @ 967465.267: tcs3701: start power rail timer, state:3
01-09 11:36:34.505  1086  1254 I ASH     : @ 967465.307: tcs3701: stop power rail pending_off timer
01-09 11:36:34.505  1086  1254 D ASH     : @ 967465.307: tcs3701: start power rail timer, state:3
01-09 11:36:34.544  1086  1254 I ASH     : @ 967465.347: tcs3701: stop power rail pending_off timer
01-09 11:36:34.544  1086  1254 D ASH     : @ 967465.347: tcs3701: start power rail timer, state:3
01-09 11:36:34.585  1086  1254 I ASH     : @ 967465.387: tcs3701: stop power rail pending_off timer
01-09 11:36:34.586  1086  1254 D ASH     : @ 967465.387: tcs3701: start power rail timer, state:3
01-09 11:36:34.599  1785  3042 I ActivityManager: Force stopping com.driftsys.dashscene.showcase appid=10273 user=0: from pid 26840
01-09 11:36:34.601  1785  3042 I ActivityManager: Killing 26733:com.driftsys.dashscene.showcase/u0a273 (adj 0): stop com.driftsys.dashscene.showcase due to from pid 26840
01-09 11:36:34.602  1785  2096 D DisplayManagerService: Drop pending events for gone uid 10273
01-09 11:36:34.603  1086  1086 I sensors-hal: [hal]batch_physical_sensor:314, android.sensor.accelerometer/11, period=200000000, max_latency=2000000000
01-09 11:36:34.603  1086  1086 I sensors-hal: [sensor]set_config:64, sample_period_ns is adjusted to 200000000 based on min/max delay_ns
01-09 11:36:34.603  1086  1086 I sensors-hal: [hal]batch_physical_sensor:323, android.sensor.accelerometer/11, period=200000000, max_latency=2000000000 request completed
01-09 11:36:34.603  1785  3042 W ActivityTaskManager: Force removing ActivityRecord{909d66d u0 com.driftsys.dashscene.showcase/com.unity3d.player.UnityPlayerActivity t87 f}}: app died, no saved state
01-09 11:36:34.603  1785  2096 V GameManagerService: Game power mode OFF (process remomved or state changed to background)
01-09 11:36:34.604  1086 24676 I sensors-hal: [ssc_sensor]ssc_conn_resp_cb:686, resp_value = 0
01-09 11:36:34.604  2565  2589 V WindowManagerShell: Transition requested: android.os.BinderProxy@d893c1b TransitionRequestInfo { type = CLOSE, triggerTask = TaskInfo{userId=0 taskId=87 displayId=0 isRunning=false baseIntent=Intent { flg=0x10000000 cmp=com.driftsys.dashscene.showcase/com.unity3d.player.UnityPlayerActivity } baseActivity=null topActivity=null origActivity=null realActivity=ComponentInfo{com.driftsys.dashscene.showcase/com.unity3d.player.UnityPlayerActivity} numActivities=0 lastActiveTime=967449370 supportsMultiWindow=true resizeMode=2 isResizeable=true minWidth=400 minHeight=300 defaultMinSize=220 token=WCT{android.window.IWindowContainerToken$Stub$Proxy@ba101b8} topActivityType=1 pictureInPictureParams=null shouldDockBigOverlays=false launchIntoPipHostTaskId=-1 lastParentTaskIdBeforePip=-1 displayCutoutSafeInsets=null topActivityInfo=null launchCookies=[] positionInParent=Point(0, 0) parentTaskId=-1 isFocused=true isVisible=true isVisibleRequested=true isSleeping=false topActivityInSizeCompat=false topActivityEligibleForLetterboxEducation= false topActivityLetterboxed= false isFromDoubleTap= false topActivityLetterboxVerticalPosition= -1 topActivityLetterboxHorizontalPosition= -1 topActivityLetterboxWidth=-1 topActivityLetterboxHeight=-1 locusId=null displayAreaFeatureId=1 cameraCompatControlState=hidden}, remoteTransition = null, displayChange = null }
01-09 11:36:34.614  1785  3646 W AppSearchIcing: icing-search-engine.cc:283: Error: 5, Message: Document (com.google.android.googlequicksearchbox$OneSearchZeroStateGoogleSuggestions/default, zp) not found.
01-09 11:36:34.615  1785  3042 I AppsFilter: interaction: PackageSetting{3c5ccbf com.unity3d.renderservice/10259} -> PackageSetting{67cf36 com.driftsys.dashscene.showcase/10273} BLOCKED
01-09 11:36:34.616  2992  3926 E OneSearchSuggestProvider: Failed to fetch suggestions from AppSearch, fallback to AGA
01-09 11:36:34.616  2992  3926 E OneSearchSuggestProvider: java.util.concurrent.CompletionException: java.util.NoSuchElementException: No value present
01-09 11:36:34.616  2992  3926 E OneSearchSuggestProvider: 	at java.util.concurrent.CompletableFuture.encodeThrowable(CompletableFuture.java:308)
01-09 11:36:34.616  2992  3926 E OneSearchSuggestProvider: 	at java.util.concurrent.CompletableFuture.completeThrowable(CompletableFuture.java:323)
01-09 11:36:34.616  2992  3926 E OneSearchSuggestProvider: 	at java.util.concurrent.CompletableFuture$UniAccept.tryFire(CompletableFuture.java:684)
01-09 11:36:34.616  2992  3926 E OneSearchSuggestProvider: 	at java.util.concurrent.CompletableFuture.postComplete(CompletableFuture.java:486)
01-09 11:36:34.616  2992  3926 E OneSearchSuggestProvider: 	at java.util.concurrent.CompletableFuture.completeExceptionally(CompletableFuture.java:2138)
01-09 11:36:34.616  2992  3926 E OneSearchSuggestProvider: 	at com.google.android.apps.nexuslauncher.allapps.H0.onResult(Unknown Source:59)
01-09 11:36:34.616  2992  3926 E OneSearchSuggestProvider: 	at android.app.appsearch.SearchSessionUtil$1.lambda$onResult$0(SearchSessionUtil.java:129)
01-09 11:36:34.616  2992  3926 E OneSearchSuggestProvider: 	at android.app.appsearch.SearchSessionUtil$1.$r8$lambda$_nlk9WiPjSfaAsqKYmp0aPvSRC0(SearchSessionUtil.java:1)
01-09 11:36:34.616  2992  3926 E OneSearchSuggestProvider: 	at android.app.appsearch.SearchSessionUtil$1$$ExternalSyntheticLambda0.run(R8$$SyntheticClass:13)
01-09 11:36:34.616  2992  3926 E OneSearchSuggestProvider: 	at android.os.Handler.handleCallback(Handler.java:958)
01-09 11:36:34.616  2992  3926 E OneSearchSuggestProvider: 	at android.os.Handler.dispatchMessage(Handler.java:99)
01-09 11:36:34.616  2992  3926 E OneSearchSuggestProvider: 	at android.os.Looper.loopOnce(Looper.java:205)
01-09 11:36:34.616  2992  3926 E OneSearchSuggestProvider: 	at android.os.Looper.loop(Looper.java:294)
01-09 11:36:34.616  2992  3926 E OneSearchSuggestProvider: 	at android.os.HandlerThread.run(HandlerThread.java:67)
01-09 11:36:34.616  2992  3926 E OneSearchSuggestProvider: Caused by: java.util.NoSuchElementException: No value present
01-09 11:36:34.616  2992  3926 E OneSearchSuggestProvider: 	at java.util.Optional.get(Optional.java:144)
01-09 11:36:34.616  2992  3926 E OneSearchSuggestProvider: 	at com.google.android.apps.nexuslauncher.allapps.H0.onResult(Unknown Source:16)
01-09 11:36:34.616  2992  3926 E OneSearchSuggestProvider: 	... 8 more
01-09 11:36:34.616  1785  3042 I AppsFilter: interaction: PackageSetting{c05f6d5 com.renault.immersive.app/10260} -> PackageSetting{67cf36 com.driftsys.dashscene.showcase/10273} BLOCKED
01-09 11:36:34.616  1785  3042 I AppsFilter: interaction: PackageSetting{d7d2eea com.driftsys.dashscene.androidprobe/10272} -> PackageSetting{67cf36 com.driftsys.dashscene.showcase/10273} BLOCKED
01-09 11:36:34.618  2992  3926 D OneSearchSuggestProvider: Created the binder channel successfully for end point service =com.google.android.apps.search.googleapp.search.suggest.plugins.onesearch.server.OneSearchSuggestService , mChannel=z1{delegate=s1{logId=416, target=directaddress:///AndroidComponentAddress%5BIntent%20%7B%20act=grpc.io.action.BIND%20cmp=com.google.android.googlequicksearchbox/com.google.android.apps.search.googleapp.search.suggest.plugins.onesearch.server.OneSearchSuggestService%20%7D%5D}} , mOneSearchConnection=X1.T@d804dfe
01-09 11:36:34.618  2992  3054 D QuickstepModelDelegate: notifyAppTargetEvent action=1 launchLocation=workspace/0/[-1,-1]/[1,1]
01-09 11:36:34.619  1785  2542 W ActivityManager: Unable to start service Intent { act=com.android.launcher3.WINDOW_OVERLAY dat=app://com.google.android.apps.nexuslauncher:10227/... pkg=com.google.android.googlequicksearchbox } U=0: not found
01-09 11:36:34.620   665   665 I BpBinder: onLastStrongRef automatically unlinking death recipients: 
01-09 11:36:34.624  1086  1254 I ASH     : @ 967465.427: tcs3701: stop power rail pending_off timer
01-09 11:36:34.624  1086  1254 D ASH     : @ 967465.427: tcs3701: start power rail timer, state:3
01-09 11:36:34.630  1785  3762 I ImeTracker: com.driftsys.dashscene.showcase:4ee1e51c: onRequestHide at ORIGIN_SERVER_HIDE_INPUT reason HIDE_REMOVE_CLIENT
01-09 11:36:34.630  1785  3762 I ImeTracker: com.driftsys.dashscene.showcase:4ee1e51c: onCancelled at PHASE_SERVER_SHOULD_HIDE
01-09 11:36:34.630  1041  1041 I Zygote  : Process 26733 exited due to signal 9 (Killed)
01-09 11:36:34.631  3591  3823 I AiAiEcho: Predicting[0]: 
01-09 11:36:34.631  3591  3823 I AiAiEcho: EchoTargets: 
01-09 11:36:34.631  3591  3823 I AiAiEcho: Filtered by AiAi flag check: 
01-09 11:36:34.631  3591  3823 I AiAiEcho: Ranked targets strategy: SORT, count: 0, ranking metadata: 
01-09 11:36:34.632  1785  2100 W WindowManager: Failed to deliver inset control state change to w=Window{4ac2281 u0 com.driftsys.dashscene.showcase/com.unity3d.player.UnityPlayerActivity}
01-09 11:36:34.632  1785  2100 W WindowManager: android.os.DeadObjectException
01-09 11:36:34.632  1785  2100 W WindowManager: 	at android.os.BinderProxy.transactNative(Native Method)
01-09 11:36:34.632  1785  2100 W WindowManager: 	at android.os.BinderProxy.transact(BinderProxy.java:584)
01-09 11:36:34.632  1785  2100 W WindowManager: 	at android.view.IWindow$Stub$Proxy.insetsControlChanged(IWindow.java:479)
01-09 11:36:34.632  1785  2100 W WindowManager: 	at com.android.server.wm.WindowState.notifyInsetsControlChanged(WindowState.java:3802)
01-09 11:36:34.632  1785  2100 W WindowManager: 	at com.android.server.wm.InsetsStateController.lambda$notifyPendingInsetsControlChanged$3(InsetsStateController.java:343)
01-09 11:36:34.632  1785  2100 W WindowManager: 	at com.android.server.wm.InsetsStateController.$r8$lambda$8yykPRG1GyNq_J17QvL9d5xANMc(InsetsStateController.java:0)
01-09 11:36:34.632  1785  2100 W WindowManager: 	at com.android.server.wm.InsetsStateController$$ExternalSyntheticLambda2.run(R8$$SyntheticClass:0)
01-09 11:36:34.632  1785  2100 W WindowManager: 	at com.android.server.wm.WindowAnimator.executeAfterPrepareSurfacesRunnables(WindowAnimator.java:294)
01-09 11:36:34.632  1785  2100 W WindowManager: 	at com.android.server.wm.WindowAnimator.animate(WindowAnimator.java:202)
01-09 11:36:34.632  1785  2100 W WindowManager: 	at com.android.server.wm.WindowAnimator.lambda$new$1(WindowAnimator.java:99)
01-09 11:36:34.632  1785  2100 W WindowManager: 	at com.android.server.wm.WindowAnimator.$r8$lambda$aHNu1uhcqxihX5NZc4McDDQPAyw(WindowAnimator.java:0)
01-09 11:36:34.632  1785  2100 W WindowManager: 	at com.android.server.wm.WindowAnimator$$ExternalSyntheticLambda1.doFrame(R8$$SyntheticClass:0)
01-09 11:36:34.632  1785  2100 W WindowManager: 	at android.view.Choreographer$CallbackRecord.run(Choreographer.java:1337)
01-09 11:36:34.632  1785  2100 W WindowManager: 	at android.view.Choreographer$CallbackRecord.run(Choreographer.java:1348)
01-09 11:36:34.632  1785  2100 W WindowManager: 	at android.view.Choreographer.doCallbacks(Choreographer.java:952)
01-09 11:36:34.632  1785  2100 W WindowManager: 	at android.view.Choreographer.doFrame(Choreographer.java:878)
01-09 11:36:34.632  1785  2100 W WindowManager: 	at android.view.Choreographer$FrameDisplayEventReceiver.run(Choreographer.java:1322)
01-09 11:36:34.632  1785  2100 W WindowManager: 	at android.os.Handler.handleCallback(Handler.java:958)
01-09 11:36:34.632  1785  2100 W WindowManager: 	at android.os.Handler.dispatchMessage(Handler.java:99)
01-09 11:36:34.632  1785  2100 W WindowManager: 	at android.os.Looper.loopOnce(Looper.java:205)
01-09 11:36:34.632  1785  2100 W WindowManager: 	at android.os.Looper.loop(Looper.java:294)
01-09 11:36:34.632  1785  2100 W WindowManager: 	at android.os.HandlerThread.run(HandlerThread.java:67)
01-09 11:36:34.632  1785  2100 W WindowManager: 	at com.android.server.ServiceThread.run(ServiceThread.java:46)
01-09 11:36:34.633  3591  3823 I AiAiEcho: #postPredictionTargets: Sending updates to UISurface home with targets# 0 (types=[])
01-09 11:36:34.633  2909  3101 D EuiccConnector: handleMessage: E msg.what=1
01-09 11:36:34.633  2909  3101 D EuiccConnector: processMsg: ConnectedState
01-09 11:36:34.633  2909  3101 D EuiccConnector: processMsg: DisconnectedState
01-09 11:36:34.634  1785  2974 V ActivityManager: Got obituary of 26733:com.driftsys.dashscene.showcase
01-09 11:36:34.634  2909  3101 D EuiccConnector: handleMessage: X
01-09 11:36:34.634  1086  1086 I sensors-hal: [hal]batch_physical_sensor:314, android.sensor.accelerometer/11, period=200000000, max_latency=2000000000
01-09 11:36:34.634  1086  1086 I sensors-hal: [sensor]set_config:64, sample_period_ns is adjusted to 200000000 based on min/max delay_ns
01-09 11:36:34.634  1086  1086 I sensors-hal: [hal]batch_physical_sensor:323, android.sensor.accelerometer/11, period=200000000, max_latency=2000000000 request completed
01-09 11:36:34.635  2909  2909 D CarrierSvcBindHelper: onHandleForceStop: [com.driftsys.dashscene.showcase]
01-09 11:36:34.636  2909  2909 D CarrierSvcBindHelper: No carrier app for: 0
01-09 11:36:34.639  1785  4031 I WindowManager: WIN DEATH: Window{4ac2281 u0 com.driftsys.dashscene.showcase/com.unity3d.player.UnityPlayerActivity}
01-09 11:36:34.639  1785  4031 W InputManager-JNI: Input channel object '4ac2281 com.driftsys.dashscene.showcase/com.unity3d.player.UnityPlayerActivity (client)' was disposed without first being removed with the input manager!
01-09 11:36:34.639  1785  4033 W ActivityManager: Unable to start service Intent { act=grpc.io.action.BIND cmp=com.google.android.googlequicksearchbox/com.google.android.apps.search.googleapp.search.suggest.plugins.onesearch.server.OneSearchSuggestService } U=0: not found
01-09 11:36:34.643  1785  2098 V WindowManager: Unknown focus tokens, dropping reportFocusChanged
01-09 11:36:34.647  2992  3795 E OpenGLRenderer: Unable to match the desired swap behavior.
01-09 11:36:34.648  3685  3685 D RegisteredNfcFServicesCache: Service unchanged, not updating
01-09 11:36:34.649  2830  2889 D SecureElementService: getReaders() for com.android.nfc
01-09 11:36:34.657  2658  2658 I WallpaperService: engine resumed
01-09 11:36:34.660  1086  1086 W sensors@2.0-ser: type=1400 audit(0.0:3146): avc:  denied  { read write } for  name="diag" dev="tmpfs" ino=11419 scontext=u:r:hal_sensors_default:s0 tcontext=u:object_r:diag_device:s0 tclass=chr_file permissive=0
01-09 11:36:34.660  1086  1086 W sensors@2.0-ser: type=1400 audit(0.0:3147): avc:  denied  { read write } for  name="diag" dev="tmpfs" ino=11419 scontext=u:r:hal_sensors_default:s0 tcontext=u:object_r:diag_device:s0 tclass=chr_file permissive=0
01-09 11:36:34.659  1086  1086 I sensors-hal: [hal]batch_physical_sensor:314, android.sensor.gyroscope/41, period=20000000, max_latency=0
01-09 11:36:34.659  1086  1086 I sensors-hal: [sensor]set_config:64, sample_period_ns is adjusted to 20000000 based on min/max delay_ns
01-09 11:36:34.659  1086  1086 I sensors-hal: [hal]batch_physical_sensor:323, android.sensor.gyroscope/41, period=20000000, max_latency=0 request completed
01-09 11:36:34.659  1086  1086 I sensors-hal: [hal]activate_physical_sensor:251, android.sensor.gyroscope/41 en=1
01-09 11:36:34.659  1086  1086 I sensors-hal: [ssc_utils]get_qmi_debug_flag:243, support_qmi_debug : false
01-09 11:36:34.659  2992 26850 E OneSearchSuggestProvider: Unable to get suggestions from AGA
01-09 11:36:34.659  2992 26850 E OneSearchSuggestProvider: io.grpc.StatusRuntimeException: UNIMPLEMENTED: bindService(Intent { act=grpc.io.action.BIND cmp=com.google.android.googlequicksearchbox/com.google.android.apps.search.googleapp.search.suggest.plugins.onesearch.server.OneSearchSuggestService }) returned false
01-09 11:36:34.659  2992 26850 E OneSearchSuggestProvider: 	at S2.d.a(Unknown Source:68)
01-09 11:36:34.659  2992 26850 E OneSearchSuggestProvider: 	at io.grpc.internal.p.b(Unknown Source:32)
01-09 11:36:34.659  2992 26850 E OneSearchSuggestProvider: 	at io.grpc.internal.p.a(Unknown Source:14)
01-09 11:36:34.659  2992 26850 E OneSearchSuggestProvider: 	at io.grpc.internal.C.run(Unknown Source:6)
01-09 11:36:34.659  2992 26850 E OneSearchSuggestProvider: 	at io.grpc.internal.y2.run(Unknown Source:18)
01-09 11:36:34.659  2992 26850 E OneSearchSuggestProvider: 	at java.util.concurrent.ThreadPoolExecutor.runWorker(ThreadPoolExecutor.java:1145)
01-09 11:36:34.659  2992 26850 E OneSearchSuggestProvider: 	at java.util.concurrent.ThreadPoolExecutor$Worker.run(ThreadPoolExecutor.java:644)
01-09 11:36:34.659  2992 26850 E OneSearchSuggestProvider: 	at java.lang.Thread.run(Thread.java:1012)
01-09 11:36:34.662  2992  2992 D SearchTargetUtil:  query= size=0
01-09 11:36:34.664  1086  1086 D Diag_Lib:  Diag_LSM_Init: Failed to open handle to diag driver, error = 13
01-09 11:36:34.664  1086  1086 D Diag_Lib:  Diag_LSM_Init: Failed to open handle to diag driver, error = 13
01-09 11:36:34.664  1086  1086 I sensors-hal: [ssc_sensor]update_handle:560, handle=331, type=33, wakeup=0, hwid=0, base=331
01-09 11:36:34.664  1086  1086 I sensors-hal: [sensor]set_config:64, sample_period_ns is adjusted to 1000000000 based on min/max delay_ns
01-09 11:36:34.664  1086  1086 I sensors-hal: [ssc_utils]get_qmi_debug_flag:243, support_qmi_debug : false
01-09 11:36:34.664  1086  1254 I ASH     : @ 967465.467: tcs3701: stop power rail pending_off timer
01-09 11:36:34.664  1086  1254 D ASH     : @ 967465.467: tcs3701: start power rail timer, state:3
01-09 11:36:34.665  1785  2095 V WindowManager: Sent Transition #146 createdAt=01-09 11:36:34.603 via request=TransitionRequestInfo { type = CLOSE, triggerTask = TaskInfo{userId=0 taskId=87 displayId=0 isRunning=false baseIntent=Intent { flg=0x10000000 cmp=com.driftsys.dashscene.showcase/com.unity3d.player.UnityPlayerActivity } baseActivity=null topActivity=null origActivity=null realActivity=ComponentInfo{com.driftsys.dashscene.showcase/com.unity3d.player.UnityPlayerActivity} numActivities=0 lastActiveTime=967449370 supportsMultiWindow=true resizeMode=2 isResizeable=true minWidth=400 minHeight=300 defaultMinSize=220 token=WCT{RemoteToken{d84579e Task{dd3b2a2 #87 type=standard A=10273:com.driftsys.dashscene.showcase}}} topActivityType=1 pictureInPictureParams=null shouldDockBigOverlays=false launchIntoPipHostTaskId=-1 lastParentTaskIdBeforePip=-1 displayCutoutSafeInsets=null topActivityInfo=null launchCookies=[] positionInParent=Point(0, 0) parentTaskId=-1 isFocused=true isVisible=true isVisibleRequested=true isSleeping=false topActivityInSizeCompat=false topActivityEligibleForLetterboxEducation= false topActivityLetterboxed= false isFromDoubleTap= false topActivityLetterboxVerticalPosition= -1 topActivityLetterboxHorizontalPosition= -1 topActivityLetterboxWidth=-1 topActivityLetterboxHeight=-1 locusId=null displayAreaFeatureId=1 cameraCompatControlState=hidden}, remoteTransition = null, displayChange = null }
01-09 11:36:34.665  1785  2095 V WindowManager:     startWCT=WindowContainerTransaction { changes = {} hops = [] errorCallbackToken=null taskFragmentOrganizer=null }
01-09 11:36:34.665  1785  2095 V WindowManager:     info={id=146 t=CLOSE f=0x0 trk=0 r=[0@Point(0, 0)] c=[{WCT{RemoteToken{d84579e Task{dd3b2a2 #87 type=standard A=10273:com.driftsys.dashscene.showcase}}} m=CLOSE f=NONE leash=Surface(name=Task=87)/@0x202b723 sb=Rect(0, 0 - 1080, 2340) eb=Rect(0, 0 - 1080, 2340) d=0},{WCT{RemoteToken{b323a89 Task{bfe9da4 #1 type=home}}} m=TO_FRONT f=SHOW_WALLPAPER leash=Surface(name=Task=1)/@0xbe01ecc sb=Rect(0, 0 - 1080, 2340) eb=Rect(0, 0 - 1080, 2340) d=0},{null m=TO_FRONT f=IS_WALLPAPER leash=Surface(name=WallpaperWindowToken{a967929 token=android.os.Binder@38f29f3})/@0xd28701e sb=Rect(0, 0 - 1080, 2340) eb=Rect(0, 0 - 1080, 2340) d=0}]}
01-09 11:36:34.665  2565  2589 V WindowManagerShell: onTransitionReady android.os.BinderProxy@d893c1b: {id=146 t=CLOSE f=0x0 trk=0 r=[0@Point(0, 0)] c=[{WCT{android.window.IWindowContainerToken$Stub$Proxy@b6f5082} m=CLOSE f=NONE leash=Surface(name=Task=87)/@0xa5e7af6 sb=Rect(0, 0 - 1080, 2340) eb=Rect(0, 0 - 1080, 2340) d=0},{WCT{android.window.IWindowContainerToken$Stub$Proxy@f791393} m=TO_FRONT f=SHOW_WALLPAPER leash=Surface(name=Task=1)/@0x3f57ef7 sb=Rect(0, 0 - 1080, 2340) eb=Rect(0, 0 - 1080, 2340) d=0},{null m=TO_FRONT f=IS_WALLPAPER leash=Surface(name=WallpaperWindowToken{a967929 token=android.os.Binder@38f29f3})/@0x6408164 sb=Rect(0, 0 - 1080, 2340) eb=Rect(0, 0 - 1080, 2340) d=0}]}
01-09 11:36:34.665  2565  2589 V WindowManagerShell: Playing animation for (#146)android.os.BinderProxy@d893c1b@0
01-09 11:36:34.665  2565  2589 V WindowManagerShell:  try handler com.android.wm.shell.transition.DefaultMixedHandler@83c3803
01-09 11:36:34.665  2565  2589 V WindowManagerShell:  try handler com.android.wm.shell.keyguard.KeyguardTransitionHandler@6f380
01-09 11:36:34.665  2565  2589 V WindowManagerShell:  try handler com.android.wm.shell.activityembedding.ActivityEmbeddingController@626ddb9
01-09 11:36:34.665  2565  2589 V WindowManagerShell:  try handler com.android.wm.shell.recents.RecentsTransitionHandler@c30f5fe
01-09 11:36:34.665  2565  2589 V ShellRecents: RecentsTransitionHandler.startAnimation: no controller found
01-09 11:36:34.665  2565  2589 V WindowManagerShell:  try handler com.android.wm.shell.pip.PipTransition@c40515f
01-09 11:36:34.665  2565  2589 V WindowManagerShell:  try handler com.android.wm.shell.splitscreen.StageCoordinator@ea7c7ac
01-09 11:36:34.665  2565  2589 V WindowManagerShell:  try handler com.android.wm.shell.transition.RemoteTransitionHandler@74e9c75
01-09 11:36:34.666  2565  2589 V WindowManagerShell: Transition doesn't have explicit remote, search filters for match for {id=146 t=CLOSE f=0x0 trk=0 r=[0@Point(0, 0)] c=[{WCT{android.window.IWindowContainerToken$Stub$Proxy@b6f5082} m=CLOSE f=NONE leash=Surface(name=Task=87)/@0xa5e7af6 sb=Rect(0, 0 - 1080, 2340) eb=Rect(0, 0 - 1080, 2340) d=0},{WCT{android.window.IWindowContainerToken$Stub$Proxy@f791393} m=TO_FRONT f=SHOW_WALLPAPER leash=Surface(name=Task=1)/@0x3f57ef7 sb=Rect(0, 0 - 1080, 2340) eb=Rect(0, 0 - 1080, 2340) d=0},{null m=TO_FRONT f=IS_WALLPAPER leash=Surface(name=WallpaperWindowToken{a967929 token=android.os.Binder@38f29f3})/@0x6408164 sb=Rect(0, 0 - 1080, 2340) eb=Rect(0, 0 - 1080, 2340) d=0}]}
01-09 11:36:34.666  2565  2589 V WindowManagerShell:  Checking filter Pair{{types=[] flags=0x0] notFlags=0x0 checks=[{atype=dream independent=true modes=[OPEN,TO_FRONT] flags=NONE mustBeTask=false order=ANY topActivity=null},{atype=home independent=true modes=[CLOSE,TO_BACK] flags=NONE mustBeTask=false order=ANY topActivity=null}]} RemoteTransition { remoteTransition = android.window.IRemoteTransition$Stub$Proxy@7a2740a, appThread = android.app.IApplicationThread$Stub$Proxy@942a47b, debugName = LauncherToDream }}
01-09 11:36:34.666  2565  2589 V WindowManagerShell:  Checking filter Pair{{types=[] flags=0x0] notFlags=0x100 checks=[{atype=home independent=true modes=[OPEN,TO_FRONT] flags=NONE mustBeTask=false order=TOP topActivity=ComponentInfo{com.google.android.apps.nexuslauncher/com.google.android.apps.nexuslauncher.NexusLauncherActivity}},{atype=standard independent=true modes=[CLOSE,TO_BACK] flags=NONE mustBeTask=false order=ANY topActivity=null}]} RemoteTransition { remoteTransition = android.window.IRemoteTransition$Stub$Proxy@19fb298, appThread = android.app.IApplicationThread$Stub$Proxy@2f98af1, debugName = QuickstepLaunchHome }}
01-09 11:36:34.666  2565  2589 V WindowManagerShell:  Delegate animation for #146 to null
01-09 11:36:34.666  2565  2589 V WindowManagerShell:  try handler com.android.wm.shell.transition.DefaultTransitionHandler@3fbc6d6
01-09 11:36:34.666  2565  2589 V WindowManagerShell: start default transition animation, info = {id=146 t=CLOSE f=0x0 trk=0 r=[0@Point(0, 0)] c=[{WCT{android.window.IWindowContainerToken$Stub$Proxy@b6f5082} m=CLOSE f=NONE leash=Surface(name=Task=87)/@0xa5e7af6 sb=Rect(0, 0 - 1080, 2340) eb=Rect(0, 0 - 1080, 2340) d=0},{WCT{android.window.IWindowContainerToken$Stub$Proxy@f791393} m=TO_FRONT f=SHOW_WALLPAPER leash=Surface(name=Task=1)/@0x3f57ef7 sb=Rect(0, 0 - 1080, 2340) eb=Rect(0, 0 - 1080, 2340) d=0},{null m=TO_FRONT f=IS_WALLPAPER leash=Surface(name=WallpaperWindowToken{a967929 token=android.os.Binder@38f29f3})/@0x6408164 sb=Rect(0, 0 - 1080, 2340) eb=Rect(0, 0 - 1080, 2340) d=0}]}
01-09 11:36:34.667  2565  2589 V WindowManagerShell: loadAnimation: anim=android.view.animation.AnimationSet@b518bc9 animAttr=0x10 type=CLOSE isEntrance=true
01-09 11:36:34.667  2565  2589 V WindowManagerShell: loadAnimation: anim=android.view.animation.AnimationSet@b7898fc animAttr=0x11 type=CLOSE isEntrance=false
01-09 11:36:34.669  2565  2589 V WindowManagerShell:  animated by com.android.wm.shell.transition.DefaultTransitionHandler@3fbc6d6
01-09 11:36:34.672  1086  1086 I sensors-hal: [ssc_utils]get_qmi_debug_flag:243, support_qmi_debug : false
01-09 11:36:34.672  1785  4031 I ImeTracker: com.google.android.apps.nexuslauncher:e98d495b: onRequestHide at ORIGIN_SERVER_HIDE_INPUT reason HIDE_UNSPECIFIED_WINDOW
01-09 11:36:34.673  1785  4031 I ImeTracker: com.google.android.apps.nexuslauncher:e98d495b: onCancelled at PHASE_SERVER_SHOULD_HIDE
01-09 11:36:34.674  3450  3450 I GoogleInputMethodService: GoogleInputMethodService.onFinishInput():3227 
01-09 11:36:34.675  3450  3450 I GoogleInputMethodService: GoogleInputMethodService.updateDeviceLockedStatus():2087 repeatCheckTimes = 0, unlocked = true
01-09 11:36:34.675  3450  3450 I GoogleInputMethodService: GoogleInputMethodService.onStartInput():1877 onStartInput(EditorInfo{inputType=0x0(NULL) imeOptions=0x0 privateImeOptions=null actionName=UNSPECIFIED actionLabel=null actionId=0 initialSelStart=-1 initialSelEnd=-1 initialCapsMode=0x0 hintText=null label=null packageName=com.google.android.apps.nexuslauncher fieldId=0 fieldName=null extras=null}, false)
01-09 11:36:34.675  3450  3450 I GoogleInputMethodService: GoogleInputMethodService.shouldHideHeaderOnInitialState():4008 ShouldHideHeaderOnInitialState = false
01-09 11:36:34.675  3450  3450 I GoogleInputMethodService: GoogleInputMethodService.updateDeviceLockedStatus():2087 repeatCheckTimes = 2, unlocked = true
01-09 11:36:34.677  1086  1086 I sensors-hal: [hal]activate_physical_sensor:262, android.sensor.gyroscope/41 en=1 completed
01-09 11:36:34.678  1086 26857 I sensors-hal: [ssc_sensor]ssc_conn_resp_cb:686, resp_value = 0
01-09 11:36:34.680  1086 26859 I sensors-hal: [ssc_sensor]ssc_conn_resp_cb:686, resp_value = 0
01-09 11:36:34.704  1086  1254 I ASH     : @ 967465.507: tcs3701: stop power rail pending_off timer
01-09 11:36:34.705  1086  1254 D ASH     : @ 967465.507: tcs3701: start power rail timer, state:3
01-09 11:36:34.744  1086  1254 I ASH     : @ 967465.547: tcs3701: stop power rail pending_off timer
01-09 11:36:34.745  1086  1254 D ASH     : @ 967465.547: tcs3701: start power rail timer, state:3
